index,cluster,label
0,7,5
1,4,0
2,9,4
3,6,1
4,2,9
5,1,2
6,1,1
7,3,3
8,1,1
9,2,4
10,1,3
11,5,5
12,7,3
13,0,6
14,1,1
15,2,7
16,3,2
17,1,8
18,5,6
19,1,9
20,9,4
21,5,0
22,2,9
23,6,1
24,5,1
25,3,2
26,2,4
27,7,3
28,1,2
29,1,7
30,5,3
31,1,8
32,0,6
33,1,9
34,4,0
35,5,5
36,5,6
37,4,0
38,9,7
39,0,6
40,1,1
41,1,8
42,2,7
43,1,9
44,1,3
45,1,9
46,7,8
47,8,5
48,1,9
49,7,3
50,3,3
51,4,0
52,4,7
53,6,4
54,2,9
55,1,8
56,4,0
57,2,9
58,2,4
59,6,1
60,4,4
61,6,4
62,5,6
63,7,0
64,4,4
65,8,5
66,5,6
67,6,1
68,4,0
69,7,0
70,1,1
71,1,7
72,1,1
73,5,6
74,1,3
75,7,0
76,3,2
77,6,1
78,1,1
79,1,7
80,4,9
81,4,0
82,3,2
83,5,6
84,1,7
85,7,8
86,7,3
87,2,9
88,4,0
89,2,4
90,0,6
91,1,7
92,4,4
93,5,6
94,1,8
95,4,0
96,1,7
97,1,8
98,7,3
99,6,1
100,8,5
101,2,7
102,1,1
103,2,7
104,1,1
105,6,1
106,5,6
107,3,3
108,4,0
109,5,2
110,4,9
111,7,3
112,1,1
113,6,1
114,4,0
115,2,4
116,4,9
117,3,2
118,4,0
119,4,0
120,1,2
121,4,0
122,3,2
123,1,7
124,6,1
125,7,8
126,5,6
127,2,4
128,1,1
129,5,6
130,3,3
131,2,4
132,1,5
133,1,9
134,1,1
135,3,3
136,7,3
137,1,8
138,5,5
139,2,4
140,1,7
141,1,7
142,2,4
143,5,2
144,7,8
145,8,5
146,1,8
147,0,6
148,1,7
149,7,3
150,0,4
151,0,6
152,1,1
153,1,9
154,8,9
155,0,6
156,4,0
157,3,3
158,4,7
159,3,2
160,1,8
161,3,2
162,1,9
163,6,4
164,0,4
165,5,6
166,2,4
167,1,9
168,1,7
169,7,0
170,1,9
171,3,2
172,2,9
173,5,5
174,1,1
175,7,5
176,8,9
177,1,1
178,3,2
179,3,3
180,1,2
181,3,3
182,7,5
183,1,9
184,1,1
185,1,7
186,5,6
187,5,2
188,1,8
189,5,2
190,5,2
191,7,5
192,4,0
193,2,7
194,4,4
195,1,9
196,4,7
197,1,8
198,1,3
199,3,2
200,1,1
201,6,1
202,1,8
203,3,3
204,0,6
205,6,1
206,4,0
207,3,3
208,1,1
209,4,0
210,4,0
211,1,1
212,1,7
213,9,2
214,1,7
215,3,3
216,7,0
217,2,4
218,5,6
219,7,5
220,3,2
221,5,6
222,4,4
223,1,7
224,1,1
225,3,8
226,1,9
227,1,9
228,7,3
229,4,0
230,2,7
231,1,1
232,4,0
233,3,2
234,4,0
235,3,3
236,7,5
237,2,4
238,0,6
239,7,5
240,1,8
241,0,6
242,3,3
243,2,7
244,7,5
245,1,8
246,4,0
247,2,9
248,1,1
249,4,0
250,3,3
251,1,1
252,3,2
253,3,2
254,7,3
255,3,3
256,8,6
257,2,4
258,1,7
259,5,5
260,4,0
261,0,6
262,5,2
263,2,7
264,4,9
265,1,8
266,7,5
267,1,9
268,1,2
269,6,1
270,6,1
271,2,4
272,2,4
273,7,5
274,5,6
275,2,4
276,6,1
277,3,2
278,5,5
279,7,3
280,2,9
281,3,3
282,4,9
283,4,0
284,7,5
285,1,9
286,5,6
287,5,5
288,1,7
289,2,4
290,6,1
291,1,3
292,0,4
293,4,0
294,9,4
295,1,8
296,4,0
297,2,4
298,7,3
299,0,6
300,1,8
301,2,7
302,5,6
303,4,0
304,8,9
305,2,7
306,7,5
307,1,7
308,9,2
309,6,1
310,1,1
311,0,6
312,1,8
313,1,9
314,4,4
315,6,1
316,7,5
317,3,2
318,6,2
319,2,9
320,4,0
321,3,3
322,4,9
323,0,6
324,1,7
325,3,2
326,4,0
327,7,3
328,8,5
329,2,4
330,1,3
331,0,6
332,7,5
333,7,8
334,4,9
335,5,5
336,2,4
337,2,7
338,2,4
339,9,2
340,4,7
341,3,3
342,8,4
343,1,8
344,4,9
345,6,1
346,7,9
347,3,2
348,1,8
349,2,7
350,2,9
351,1,1
352,7,8
353,1,7
354,8,4
355,6,1
356,1,3
357,1,1
358,1,1
359,4,0
360,3,2
361,7,3
362,2,9
363,2,4
364,2,9
365,9,2
366,1,1
367,0,6
368,1,8
369,2,4
370,1,7
371,1,7
372,2,4
373,2,4
374,1,9
375,9,2
376,8,5
377,2,7
378,3,2
379,2,4
380,9,4
381,9,2
382,1,1
383,2,9
384,2,7
385,3,2
386,7,8
387,1,7
388,0,6
389,2,9
390,1,2
391,3,2
392,3,3
393,1,8
394,1,1
395,0,6
396,7,5
397,6,1
398,1,1
399,4,0
400,3,2
401,0,6
402,2,4
403,5,5
404,7,8
405,3,3
406,1,1
407,5,5
408,6,1
409,2,9
410,1,2
411,2,7
412,8,4
413,2,4
414,0,4
415,1,8
416,1,1
417,5,5
418,1,8
419,1,9
420,8,5
421,0,6
422,1,7
423,2,9
424,8,9
425,3,3
426,1,7
427,5,0
428,1,9
429,4,0
430,5,6
431,0,6
432,3,2
433,7,3
434,9,9
435,4,0
436,4,7
437,5,5
438,2,4
439,1,8
440,4,0
441,1,9
442,2,4
443,6,1
444,1,2
445,1,8
446,4,7
447,6,1
448,6,2
449,0,6
450,1,1
451,5,0
452,3,3
453,4,0
454,1,1
455,6,1
456,1,8
457,1,2
458,4,0
459,1,3
460,4,9
461,2,4
462,4,0
463,5,5
464,4,0
465,5,6
466,6,1
467,1,7
468,4,7
469,1,8
470,8,1
471,1,9
472,6,2
473,4,0
474,7,5
475,6,1
476,9,2
477,3,2
478,1,7
479,7,3
480,8,5
481,2,4
482,2,9
483,1,7
484,1,1
485,1,8
486,7,3
487,1,9
488,4,6
489,4,0
490,7,3
491,6,1
492,1,1
493,9,2
494,4,6
495,3,3
496,7,5
497,1,7
498,0,6
499,1,8
500,1,3
501,1,9
502,8,5
503,1,8
504,7,5
505,2,7
506,0,6
507,6,1
508,6,1
509,7,3
510,6,1
511,1,7
512,7,5
513,5,5
514,5,5
515,9,2
516,7,5
517,4,8
518,1,7
519,4,0
520,4,9
521,2,7
522,1,7
523,5,5
524,4,0
525,1,9
526,4,0
527,4,0
528,5,8
529,1,9
530,3,2
531,0,4
532,7,8
533,6,1
534,5,6
535,6,1
536,0,6
537,5,5
538,6,1
539,7,8
540,7,3
541,2,4
542,4,0
543,8,5
544,7,5
545,1,8
546,3,3
547,0,6
548,3,2
549,3,3
550,4,9
551,3,2
552,1,1
553,6,1
554,7,5
555,1,2
556,1,1
557,3,3
558,5,2
559,7,8
560,1,7
561,3,3
562,1,7
563,1,2
564,2,4
565,5,6
566,8,9
567,1,7
568,1,2
569,2,4
570,3,2
571,1,8
572,1,1
573,6,1
574,7,3
575,1,8
576,8,4
577,4,0
578,8,6
579,8,5
580,8,9
581,3,3
582,4,0
583,1,9
584,3,2
585,8,4
586,1,7
587,6,1
588,1,2
589,2,9
590,8,4
591,3,2
592,0,6
593,6,1
594,7,8
595,1,9
596,4,0
597,5,6
598,5,6
599,1,7
600,1,9
601,1,9
602,7,8
603,4,0
604,6,1
605,6,4
606,9,4
607,5,6
608,4,7
609,6,1
610,8,5
611,6,7
612,4,0
613,7,3
614,5,5
615,1,8
616,4,4
617,1,7
618,1,1
619,1,2
620,7,5
621,1,9
622,7,5
623,0,6
624,1,7
625,8,5
626,4,9
627,5,8
628,7,8
629,7,3
630,8,6
631,1,9
632,4,7
633,7,0
634,1,7
635,3,5
636,1,7
637,6,1
638,1,1
639,4,0
640,4,7
641,1,9
642,3,2
643,7,3
644,1,7
645,7,3
646,1,2
647,6,4
648,6,1
649,0,6
650,3,2
651,1,7
652,8,5
653,8,5
654,1,7
655,2,4
656,4,0
657,6,2
658,5,6
659,1,3
660,5,6
661,6,4
662,4,0
663,0,4
664,9,2
665,5,6
666,4,0
667,5,0
668,4,0
669,4,0
670,5,3
671,1,1
672,5,6
673,3,2
674,6,2
675,7,3
676,1,1
677,2,4
678,1,1
679,7,5
680,2,4
681,0,6
682,4,4
683,1,7
684,3,2
685,1,8
686,1,7
687,8,9
688,1,2
689,7,0
690,7,5
691,1,1
692,8,4
693,5,2
694,1,8
695,7,3
696,3,2
697,2,4
698,6,1
699,7,5
700,2,4
701,0,6
702,4,0
703,2,7
704,9,9
705,1,8
706,4,4
707,2,9
708,1,8
709,3,0
710,1,1
711,6,1
712,1,0
713,3,2
714,5,2
715,7,3
716,3,2
717,2,4
718,8,4
719,7,5
720,1,8
721,0,6
722,7,5
723,1,7
724,1,7
725,1,8
726,7,8
727,8,9
728,1,7
729,2,4
730,1,7
731,7,3
732,3,2
733,4,0
734,1,8
735,0,6
736,7,8
737,0,6
738,1,1
739,0,6
740,7,8
741,2,9
742,4,4
743,4,0
744,1,9
745,7,0
746,1,4
747,6,1
748,7,5
749,8,4
750,2,7
751,7,5
752,7,3
753,1,7
754,8,4
755,2,9
756,1,8
757,5,5
758,7,8
759,0,6
760,7,3
761,1,8
762,0,6
763,2,9
764,4,9
765,6,1
766,1,8
767,7,3
768,7,5
769,1,8
770,9,6
771,7,5
772,2,9
773,1,7
774,3,2
775,5,5
776,4,0
777,1,8
778,5,5
779,6,1
780,1,1
781,4,0
782,4,9
783,6,1
784,1,8
785,0,6
786,2,7
787,4,0
788,4,9
789,7,3
790,4,0
791,1,8
792,7,8
793,2,9
794,5,6
795,1,7
796,1,8
797,2,4
798,1,7
799,7,5
800,2,9
801,9,2
802,0,6
803,1,7
804,9,4
805,7,5
806,2,9
807,9,2
808,1,3
809,6,1
810,5,6
811,7,3
812,2,9
813,9,2
814,3,2
815,7,5
816,0,6
817,1,8
818,4,0
819,1,7
820,4,7
821,6,1
822,1,9
823,1,8
824,1,7
825,4,0
826,4,9
827,2,9
828,4,4
829,0,6
830,3,2
831,1,8
832,7,5
833,6,1
834,2,4
835,6,1
836,7,5
837,7,5
838,1,1
839,1,7
840,7,3
841,0,6
842,8,4
843,7,3
844,3,2
845,7,5
846,8,6
847,2,4
848,9,4
849,7,0
850,0,4
851,2,4
852,0,6
853,1,7
854,2,2
855,2,4
856,1,3
857,7,3
858,1,8
859,7,0
860,4,0
861,7,3
862,1,2
863,5,2
864,1,9
865,1,8
866,3,2
867,7,3
868,1,7
869,4,0
870,1,1
871,6,1
872,4,0
873,3,2
874,7,3
875,7,3
876,1,8
877,2,4
878,7,3
879,5,5
880,1,7
881,0,6
882,4,4
883,4,7
884,1,7
885,1,8
886,5,5
887,2,9
888,1,7
889,4,0
890,7,3
891,6,1
892,5,6
893,3,2
894,1,4
895,7,3
896,8,4
897,4,4
898,1,7
899,5,5
900,8,9
901,0,6
902,4,9
903,1,0
904,1,7
905,6,1
906,0,4
907,3,2
908,4,7
909,7,3
910,5,6
911,1,7
912,8,5
913,1,8
914,4,4
915,5,5
916,5,5
917,3,2
918,1,7
919,6,1
920,1,1
921,5,5
922,8,6
923,1,8
924,7,5
925,1,8
926,0,4
927,4,0
928,1,7
929,2,9
930,2,9
931,3,2
932,4,9
933,1,7
934,1,7
935,1,8
936,1,7
937,2,4
938,1,2
939,0,6
940,4,9
941,6,1
942,1,7
943,1,0
944,5,6
945,2,4
946,1,2
947,5,5
948,1,7
949,4,0
950,1,7
951,6,1
952,4,0
953,7,3
954,1,7
955,0,6
956,7,5
957,4,0
958,5,6
959,1,1
960,7,5
961,6,1
962,1,7
963,1,8
964,7,5
965,4,0
966,5,3
967,4,4
968,1,7
969,1,7
970,7,5
971,1,7
972,1,8
973,0,6
974,5,9
975,7,3
976,1,8
977,0,6
978,1,1
979,4,0
980,1,9
981,2,7
982,1,1
983,7,3
984,4,0
985,5,5
986,0,6
987,2,4
988,0,4
989,3,2
990,4,4
991,8,4
992,5,3
993,6,1
994,4,7
995,8,7
996,8,6
997,4,0
998,7,3
999,0,6
1000,4,0
1001,2,7
1002,1,1
1003,6,1
1004,8,4
1005,2,9
1006,2,4
1007,7,3
1008,2,4
1009,1,8
1010,3,2
1011,3,2
1012,1,1
1013,1,8
1014,2,7
1015,7,0
1016,7,8
1017,6,1
1018,4,0
1019,2,7
1020,5,6
1021,7,3
1022,1,7
1023,1,7
1024,4,5
1025,1,8
1026,1,8
1027,1,9
1028,4,0
1029,7,0
1030,0,4
1031,6,1
1032,7,5
1033,3,2
1034,3,2
1035,7,3
1036,1,9
1037,2,4
1038,4,9
1039,7,5
1040,4,0
1041,5,6
1042,1,7
1043,2,7
1044,1,1
1045,7,8
1046,4,0
1047,1,2
1048,9,2
1049,3,0
1050,0,4
1051,6,1
1052,1,1
1053,3,2
1054,4,7
1055,3,3
1056,2,9
1057,1,7
1058,3,2
1059,7,8
1060,1,1
1061,1,9
1062,7,5
1063,1,8
1064,7,8
1065,6,1
1066,1,9
1067,1,8
1068,1,3
1069,6,1
1070,8,6
1071,7,5
1072,2,7
1073,2,4
1074,3,2
1075,5,7
1076,4,0
1077,7,3
1078,4,0
1079,6,4
1080,6,1
1081,6,1
1082,1,7
1083,4,9
1084,1,1
1085,6,1
1086,7,8
1087,5,5
1088,1,7
1089,5,5
1090,4,0
1091,5,6
1092,0,6
1093,4,0
1094,2,4
1095,6,1
1096,3,2
1097,3,3
1098,2,4
1099,2,4
1100,8,6
1101,1,8
1102,4,0
1103,1,9
1104,7,5
1105,7,8
1106,6,7
1107,4,0
1108,7,3
1109,5,5
1110,8,4
1111,5,5
1112,2,9
1113,0,6
1114,1,7
1115,6,1
1116,2,9
1117,5,6
1118,1,1
1119,3,3
1120,5,8
1121,5,3
1122,1,9
1123,6,1
1124,3,2
1125,1,7
1126,1,7
1127,4,7
1128,4,0
1129,9,2
1130,7,3
1131,6,1
1132,6,1
1133,2,4
1134,3,2
1135,5,5
1136,5,6
1137,7,0
1138,1,9
1139,5,6
1140,5,2
1141,7,8
1142,2,9
1143,3,2
1144,7,3
1145,7,3
1146,5,6
1147,2,9
1148,8,1
1149,8,4
1150,7,3
1151,7,3
1152,4,0
1153,2,7
1154,1,7
1155,6,1
1156,1,7
1157,1,7
1158,7,3
1159,5,6
1160,9,4
1161,2,9
1162,7,5
1163,2,4
1164,2,4
1165,9,2
1166,1,7
1167,2,9
1168,4,0
1169,1,9
1170,3,8
1171,2,4
1172,4,4
1173,1,9
1174,1,1
1175,9,2
1176,0,4
1177,2,9
1178,7,3
1179,4,0
1180,2,4
1181,1,1
1182,8,6
1183,5,2
1184,5,6
1185,3,3
1186,1,7
1187,2,4
1188,9,2
1189,0,6
1190,0,6
1191,1,7
1192,1,1
1193,1,8
1194,4,9
1195,4,0
1196,9,4
1197,1,1
1198,0,4
1199,5,2
1200,1,1
1201,1,3
1202,0,6
1203,2,4
1204,0,6
1205,1,7
1206,7,5
1207,1,8
1208,1,7
1209,4,0
1210,7,5
1211,1,1
1212,2,4
1213,5,2
1214,1,8
1215,0,4
1216,2,7
1217,1,7
1218,7,3
1219,1,8
1220,0,4
1221,1,9
1222,5,5
1223,1,8
1224,5,6
1225,1,7
1226,7,3
1227,6,4
1228,8,6
1229,1,7
1230,1,1
1231,1,7
1232,0,4
1233,3,3
1234,1,3
1235,1,9
1236,7,8
1237,1,8
1238,1,1
1239,2,8
1240,0,6
1241,3,3
1242,1,1
1243,1,1
1244,1,3
1245,7,5
1246,3,2
1247,1,8
1248,9,4
1249,5,2
1250,1,9
1251,1,7
1252,1,1
1253,2,4
1254,7,8
1255,5,2
1256,2,9
1257,5,6
1258,4,4
1259,1,1
1260,7,3
1261,2,4
1262,5,2
1263,7,5
1264,9,2
1265,7,5
1266,5,6
1267,1,8
1268,4,0
1269,5,6
1270,1,2
1271,1,4
1272,4,9
1273,2,4
1274,1,9
1275,2,4
1276,5,5
1277,1,1
1278,5,5
1279,1,8
1280,2,4
1281,1,7
1282,1,9
1283,5,5
1284,1,9
1285,7,5
1286,1,9
1287,1,1
1288,7,5
1289,1,8
1290,1,3
1291,1,9
1292,1,9
1293,1,1
1294,1,8
1295,3,3
1296,7,8
1297,0,6
1298,7,5
1299,9,2
1300,1,7
1301,3,2
1302,1,7
1303,5,6
1304,3,0
1305,2,9
1306,4,7
1307,1,9
1308,4,4
1309,5,6
1310,7,0
1311,1,5
1312,7,3
1313,7,5
1314,4,7
1315,3,3
1316,2,9
1317,3,3
1318,5,6
1319,1,8
1320,7,3
1321,1,1
1322,1,7
1323,5,6
1324,7,5
1325,5,5
1326,1,7
1327,5,6
1328,8,5
1329,1,8
1330,3,2
1331,1,1
1332,1,7
1333,1,9
1334,1,2
1335,1,7
1336,7,3
1337,5,6
1338,1,7
1339,1,8
1340,7,5
1341,1,3
1342,1,7
1343,1,7
1344,7,8
1345,0,4
1346,4,0
1347,1,7
1348,1,3
1349,5,0
1350,8,6
1351,3,3
1352,7,9
1353,1,7
1354,1,1
1355,1,9
1356,7,5
1357,1,3
1358,5,6
1359,4,0
1360,4,9
1361,5,2
1362,1,8
1363,4,0
1364,7,9
1365,1,1
1366,5,6
1367,5,0
1368,4,0
1369,1,1
1370,7,9
1371,5,0
1372,4,0
1373,2,4
1374,5,2
1375,1,1
1376,4,7
1377,5,0
1378,7,3
1379,2,4
1380,9,4
1381,1,7
1382,7,5
1383,1,9
1384,1,8
1385,9,2
1386,4,0
1387,5,0
1388,1,8
1389,5,6
1390,3,2
1391,3,2
1392,1,7
1393,5,6
1394,1,1
1395,5,2
1396,2,9
1397,5,2
1398,5,6
1399,1,9
1400,1,7
1401,1,9
1402,7,5
1403,3,0
1404,5,8
1405,1,1
1406,7,5
1407,9,2
1408,4,4
1409,7,3
1410,2,9
1411,6,4
1412,2,7
1413,5,5
1414,0,6
1415,5,6
1416,4,7
1417,2,7
1418,5,6
1419,1,8
1420,7,5
1421,1,9
1422,1,7
1423,5,0
1424,0,6
1425,6,1
1426,1,9
1427,3,2
1428,7,3
1429,7,3
1430,8,5
1431,2,4
1432,3,3
1433,5,5
1434,1,8
1435,5,6
1436,1,3
1437,1,7
1438,3,2
1439,1,8
1440,9,4
1441,1,9
1442,8,5
1443,7,0
1444,3,2
1445,1,1
1446,2,4
1447,9,2
1448,0,4
1449,7,3
1450,1,1
1451,1,7
1452,1,1
1453,1,8
1454,4,0
1455,1,9
1456,0,6
1457,1,8
1458,1,1
1459,1,9
1460,9,4
1461,6,4
1462,4,9
1463,6,1
1464,1,8
1465,1,9
1466,0,6
1467,5,5
1468,7,5
1469,3,3
1470,3,3
1471,4,0
1472,1,1
1473,6,4
1474,7,3
1475,1,8
1476,1,3
1477,6,4
1478,3,2
1479,7,0
1480,1,7
1481,5,5
1482,7,5
1483,6,1
1484,1,8
1485,5,5
1486,3,3
1487,2,4
1488,5,6
1489,4,0
1490,7,5
1491,2,7
1492,1,2
1493,0,6
1494,5,6
1495,7,0
1496,6,1
1497,1,1
1498,8,4
1499,1,7
1500,8,9
1501,4,0
1502,4,0
1503,5,6
1504,5,6
1505,1,8
1506,8,6
1507,2,9
1508,4,4
1509,5,5
1510,3,2
1511,6,4
1512,1,0
1513,2,7
1514,8,5
1515,0,6
1516,7,5
1517,5,0
1518,5,9
1519,1,8
1520,5,6
1521,6,1
1522,4,9
1523,2,7
1524,8,5
1525,2,7
1526,7,5
1527,6,1
1528,1,1
1529,3,3
1530,4,0
1531,9,2
1532,4,0
1533,3,3
1534,7,8
1535,6,1
1536,5,6
1537,6,4
1538,5,6
1539,9,2
1540,0,6
1541,6,4
1542,1,8
1543,1,8
1544,1,1
1545,6,4
1546,4,4
1547,1,7
1548,1,1
1549,3,2
1550,3,2
1551,3,3
1552,8,9
1553,0,6
1554,1,4
1555,1,9
1556,7,5
1557,0,6
1558,3,2
1559,3,3
1560,4,9
1561,9,2
1562,5,6
1563,9,2
1564,1,7
1565,0,4
1566,7,3
1567,5,6
1568,4,4
1569,1,9
1570,1,7
1571,4,0
1572,1,2
1573,9,2
1574,2,9
1575,7,5
1576,8,4
1577,5,5
1578,4,0
1579,1,1
1580,4,4
1581,7,3
1582,0,6
1583,3,3
1584,9,2
1585,1,9
1586,1,7
1587,5,5
1588,7,3
1589,1,7
1590,4,0
1591,1,9
1592,7,5
1593,1,8
1594,1,3
1595,9,2
1596,4,0
1597,6,1
1598,1,8
1599,7,3
1600,4,0
1601,6,1
1602,3,2
1603,7,3
1604,4,4
1605,4,0
1606,4,0
1607,1,1
1608,4,7
1609,3,2
1610,1,9
1611,7,3
1612,8,9
1613,2,4
1614,1,2
1615,7,5
1616,4,8
1617,0,6
1618,1,7
1619,2,7
1620,4,9
1621,1,8
1622,4,9
1623,1,9
1624,3,2
1625,4,0
1626,4,0
1627,6,1
1628,2,4
1629,3,2
1630,4,4
1631,7,3
1632,4,9
1633,0,4
1634,1,3
1635,7,5
1636,1,7
1637,5,6
1638,8,5
1639,1,7
1640,1,1
1641,1,8
1642,5,6
1643,2,9
1644,7,3
1645,4,0
1646,0,4
1647,6,1
1648,1,2
1649,9,2
1650,7,5
1651,3,3
1652,7,7
1653,2,4
1654,1,1
1655,1,7
1656,1,7
1657,1,8
1658,6,1
1659,2,9
1660,3,2
1661,3,3
1662,3,2
1663,2,4
1664,4,0
1665,6,1
1666,7,8
1667,2,4
1668,7,3
1669,0,6
1670,7,5
1671,0,6
1672,4,4
1673,1,7
1674,7,9
1675,7,3
1676,1,1
1677,3,3
1678,4,0
1679,9,2
1680,1,1
1681,1,1
1682,7,0
1683,4,9
1684,4,9
1685,2,4
1686,8,6
1687,1,7
1688,5,6
1689,3,3
1690,7,5
1691,7,5
1692,2,4
1693,2,4
1694,5,6
1695,2,9
1696,1,1
1697,6,1
1698,7,3
1699,6,1
1700,1,1
1701,4,0
1702,7,5
1703,6,1
1704,2,4
1705,2,4
1706,0,6
1707,5,6
1708,5,6
1709,4,0
1710,1,1
1711,5,2
1712,4,0
1713,1,8
1714,1,2
1715,9,2
1716,8,1
1717,6,1
1718,7,3
1719,4,7
1720,4,9
1721,7,5
1722,3,3
1723,4,0
1724,3,2
1725,4,0
1726,0,6
1727,3,2
1728,1,9
1729,4,0
1730,1,7
1731,5,6
1732,4,9
1733,2,9
1734,6,1
1735,1,2
1736,8,9
1737,7,3
1738,2,4
1739,1,7
1740,4,9
1741,0,6
1742,4,0
1743,4,9
1744,2,4
1745,1,8
1746,2,7
1747,2,7
1748,4,9
1749,1,8
1750,8,6
1751,2,9
1752,7,5
1753,3,2
1754,9,2
1755,3,2
1756,7,3
1757,4,9
1758,1,8
1759,1,8
1760,1,8
1761,0,6
1762,0,4
1763,2,4
1764,4,4
1765,2,4
1766,3,2
1767,2,4
1768,5,6
1769,4,0
1770,1,7
1771,4,0
1772,1,7
1773,1,8
1774,3,2
1775,4,0
1776,7,8
1777,1,8
1778,3,3
1779,0,6
1780,1,8
1781,0,6
1782,4,6
1783,7,8
1784,8,6
1785,7,5
1786,1,1
1787,6,1
1788,1,8
1789,1,7
1790,7,8
1791,7,3
1792,0,6
1793,1,8
1794,4,9
1795,8,5
1796,4,0
1797,4,0
1798,4,0
1799,7,3
1800,1,2
1801,5,6
1802,0,6
1803,1,7
1804,7,8
1805,3,3
1806,8,5
1807,6,1
1808,0,4
1809,7,3
1810,8,5
1811,2,9
1812,1,4
1813,7,5
1814,9,4
1815,6,1
1816,1,1
1817,8,5
1818,2,4
1819,4,0
1820,4,9
1821,1,7
1822,1,1
1823,9,2
1824,7,5
1825,4,7
1826,1,9
1827,0,4
1828,4,0
1829,3,3
1830,0,6
1831,6,1
1832,1,7
1833,1,7
1834,7,5
1835,5,6
1836,1,3
1837,4,0
1838,1,1
1839,1,1
1840,4,4
1841,5,2
1842,2,4
1843,7,3
1844,5,6
1845,0,4
1846,1,7
1847,7,5
1848,1,7
1849,0,6
1850,8,9
1851,4,7
1852,5,2
1853,1,8
1854,2,4
1855,4,9
1856,7,8
1857,4,0
1858,4,7
1859,1,1
1860,6,1
1861,5,2
1862,7,3
1863,1,3
1864,7,5
1865,2,4
1866,0,6
1867,8,5
1868,4,0
1869,5,6
1870,1,3
1871,1,7
1872,7,3
1873,1,8
1874,5,2
1875,6,9
1876,4,0
1877,4,0
1878,1,9
1879,1,1
1880,5,2
1881,9,2
1882,2,9
1883,7,3
1884,4,9
1885,2,4
1886,0,6
1887,7,5
1888,9,2
1889,8,6
1890,5,6
1891,1,7
1892,5,6
1893,1,8
1894,9,2
1895,1,9
1896,9,2
1897,4,0
1898,5,6
1899,1,7
1900,3,2
1901,1,8
1902,5,6
1903,1,9
1904,4,0
1905,1,9
1906,8,6
1907,4,0
1908,7,3
1909,1,1
1910,1,1
1911,2,4
1912,4,9
1913,7,5
1914,7,8
1915,6,1
1916,5,0
1917,5,6
1918,5,6
1919,1,7
1920,1,2
1921,7,3
1922,2,4
1923,9,2
1924,7,3
1925,2,9
1926,4,0
1927,4,0
1928,1,4
1929,7,5
1930,5,0
1931,8,6
1932,8,4
1933,1,7
1934,4,4
1935,3,3
1936,6,1
1937,1,9
1938,1,3
1939,1,9
1940,8,9
1941,3,3
1942,1,1
1943,1,8
1944,1,7
1945,1,1
1946,4,7
1947,3,2
1948,1,8
1949,1,9
1950,8,9
1951,5,6
1952,3,2
1953,1,7
1954,1,2
1955,5,5
1956,4,0
1957,0,6
1958,1,7
1959,7,3
1960,4,9
1961,7,5
1962,4,9
1963,5,0
1964,7,8
1965,8,5
1966,7,8
1967,2,4
1968,2,9
1969,5,0
1970,8,5
1971,3,3
1972,1,2
1973,2,4
1974,7,8
1975,2,7
1976,4,4
1977,1,1
1978,7,5
1979,0,4
1980,5,6
1981,5,3
1982,4,7
1983,1,7
1984,8,9
1985,0,6
1986,5,6
1987,5,2
1988,3,2
1989,1,1
1990,5,6
1991,7,5
1992,2,4
1993,7,5
1994,1,3
1995,5,0
1996,7,5
1997,7,5
1998,1,2
1999,5,0
2000,8,5
2001,8,8
2002,1,8
2003,2,4
2004,9,2
2005,5,6
2006,2,9
2007,1,7
2008,1,1
2009,4,0
2010,1,2
2011,7,3
2012,1,1
2013,1,8
2014,4,7
2015,1,1
2016,1,8
2017,1,2
2018,6,7
2019,5,2
2020,5,6
2021,1,3
2022,9,2
2023,3,3
2024,1,7
2025,5,6
2026,7,8
2027,1,7
2028,8,5
2029,1,3
2030,1,8
2031,2,4
2032,0,4
2033,2,9
2034,9,4
2035,5,6
2036,9,4
2037,7,5
2038,7,5
2039,1,1
2040,1,1
2041,2,9
2042,1,3
2043,1,8
2044,1,6
2045,1,1
2046,2,4
2047,6,1
2048,1,7
2049,8,5
2050,2,4
2051,5,0
2052,2,4
2053,3,2
2054,1,7
2055,1,7
2056,7,5
2057,7,8
2058,4,0
2059,5,6
2060,4,9
2061,8,6
2062,5,6
2063,1,8
2064,9,7
2065,1,2
2066,4,0
2067,1,8
2068,7,8
2069,2,4
2070,1,8
2071,0,4
2072,1,4
2073,5,2
2074,7,3
2075,1,2
2076,1,3
2077,1,8
2078,3,2
2079,5,0
2080,7,5
2081,4,0
2082,4,0
2083,6,1
2084,4,0
2085,1,2
2086,6,1
2087,1,3
2088,7,3
2089,2,4
2090,1,7
2091,7,5
2092,7,3
2093,5,6
2094,1,1
2095,1,7
2096,0,6
2097,1,8
2098,1,3
2099,2,9
2100,4,0
2101,7,0
2102,1,7
2103,1,1
2104,1,2
2105,3,2
2106,2,4
2107,1,3
2108,1,7
2109,4,4
2110,6,1
2111,5,5
2112,4,0
2113,5,6
2114,7,3
2115,1,7
2116,2,9
2117,7,8
2118,4,7
2119,2,9
2120,8,5
2121,7,0
2122,6,1
2123,6,1
2124,1,8
2125,9,2
2126,0,6
2127,7,3
2128,1,3
2129,2,4
2130,7,3
2131,7,5
2132,1,3
2133,1,7
2134,1,1
2135,7,8
2136,1,1
2137,2,9
2138,8,6
2139,1,8
2140,1,9
2141,1,9
2142,1,7
2143,7,5
2144,4,0
2145,1,7
2146,7,3
2147,3,0
2148,0,6
2149,7,3
2150,1,8
2151,1,1
2152,5,6
2153,5,6
2154,1,1
2155,7,8
2156,5,6
2157,2,4
2158,0,6
2159,6,1
2160,3,0
2161,4,7
2162,1,1
2163,5,6
2164,4,4
2165,7,5
2166,1,1
2167,5,6
2168,1,7
2169,2,4
2170,7,8
2171,3,2
2172,7,5
2173,1,7
2174,7,3
2175,7,8
2176,4,4
2177,6,1
2178,5,6
2179,7,3
2180,3,3
2181,2,4
2182,7,5
2183,7,3
2184,5,2
2185,2,4
2186,7,5
2187,1,7
2188,6,1
2189,3,2
2190,4,4
2191,4,0
2192,4,0
2193,7,5
2194,1,8
2195,5,0
2196,5,6
2197,1,1
2198,1,1
2199,2,9
2200,7,3
2201,1,2
2202,1,1
2203,3,3
2204,4,4
2205,3,2
2206,2,4
2207,7,3
2208,2,4
2209,5,5
2210,7,8
2211,5,5
2212,5,6
2213,1,7
2214,5,6
2215,1,8
2216,1,9
2217,2,4
2218,4,0
2219,2,9
2220,0,4
2221,1,9
2222,2,4
2223,1,7
2224,2,4
2225,1,1
2226,0,6
2227,1,1
2228,7,3
2229,1,7
2230,7,3
2231,1,8
2232,7,3
2233,3,3
2234,5,2
2235,2,4
2236,4,4
2237,1,8
2238,1,7
2239,0,6
2240,2,4
2241,7,3
2242,0,6
2243,7,8
2244,2,7
2245,4,0
2246,1,7
2247,2,9
2248,7,5
2249,5,6
2250,8,5
2251,3,2
2252,1,3
2253,4,0
2254,2,4
2255,1,1
2256,4,4
2257,4,0
2258,7,5
2259,5,6
2260,1,1
2261,9,2
2262,5,6
2263,7,3
2264,0,4
2265,7,8
2266,8,5
2267,1,9
2268,8,5
2269,3,0
2270,3,2
2271,1,7
2272,7,5
2273,3,2
2274,8,9
2275,7,3
2276,1,4
2277,2,4
2278,4,0
2279,7,5
2280,3,2
2281,7,5
2282,7,5
2283,9,2
2284,1,9
2285,7,8
2286,1,3
2287,7,5
2288,9,2
2289,2,4
2290,8,4
2291,0,6
2292,4,7
2293,5,6
2294,2,4
2295,0,6
2296,5,6
2297,1,7
2298,4,0
2299,2,9
2300,0,6
2301,1,1
2302,5,8
2303,7,8
2304,7,5
2305,3,2
2306,1,1
2307,1,1
2308,8,5
2309,3,2
2310,4,0
2311,5,6
2312,4,9
2313,7,5
2314,9,2
2315,3,3
2316,1,1
2317,2,4
2318,6,1
2319,1,7
2320,5,6
2321,2,9
2322,9,2
2323,2,4
2324,5,6
2325,4,0
2326,1,1
2327,4,0
2328,7,5
2329,7,5
2330,8,5
2331,1,9
2332,9,2
2333,4,0
2334,2,4
2335,6,1
2336,1,1
2337,3,2
2338,8,4
2339,3,3
2340,4,0
2341,2,4
2342,3,2
2343,8,5
2344,2,7
2345,5,6
2346,9,2
2347,1,7
2348,1,7
2349,1,8
2350,7,3
2351,1,9
2352,5,0
2353,4,0
2354,3,2
2355,6,1
2356,6,1
2357,3,2
2358,1,8
2359,3,3
2360,4,4
2361,2,4
2362,1,1
2363,8,5
2364,1,9
2365,5,6
2366,1,1
2367,2,7
2368,7,5
2369,1,8
2370,2,9
2371,1,9
2372,8,6
2373,4,0
2374,1,1
2375,6,1
2376,1,7
2377,3,2
2378,7,8
2379,3,3
2380,4,7
2381,1,7
2382,7,8
2383,1,8
2384,1,8
2385,1,9
2386,4,7
2387,0,6
2388,1,8
2389,3,2
2390,9,4
2391,2,7
2392,2,4
2393,6,1
2394,7,8
2395,7,5
2396,4,0
2397,0,6
2398,4,9
2399,3,2
2400,1,8
2401,8,5
2402,1,2
2403,4,0
2404,4,0
2405,7,5
2406,0,4
2407,8,4
2408,7,3
2409,9,2
2410,1,1
2411,4,0
2412,7,5
2413,1,8
2414,7,5
2415,6,1
2416,2,4
2417,1,7
2418,3,2
2419,6,1
2420,8,4
2421,1,8
2422,5,6
2423,3,3
2424,4,4
2425,1,8
2426,1,1
2427,1,7
2428,8,5
2429,6,1
2430,7,3
2431,1,7
2432,1,1
2433,1,7
2434,8,9
2435,4,0
2436,4,0
2437,6,1
2438,2,9
2439,2,4
2440,4,0
2441,8,4
2442,1,8
2443,8,4
2444,1,8
2445,7,5
2446,8,1
2447,2,7
2448,1,1
2449,2,4
2450,5,2
2451,2,4
2452,4,4
2453,2,9
2454,3,2
2455,1,7
2456,7,3
2457,3,2
2458,2,4
2459,0,6
2460,2,9
2461,8,5
2462,6,1
2463,7,3
2464,3,2
2465,1,9
2466,0,4
2467,2,4
2468,1,3
2469,1,3
2470,5,6
2471,1,9
2472,1,2
2473,4,0
2474,5,6
2475,1,8
2476,1,8
2477,1,7
2478,7,5
2479,0,6
2480,5,6
2481,7,3
2482,1,8
2483,4,0
2484,8,4
2485,2,4
2486,5,6
2487,0,6
2488,1,7
2489,3,3
2490,2,4
2491,2,7
2492,1,7
2493,4,0
2494,5,6
2495,6,1
2496,5,6
2497,6,1
2498,0,6
2499,3,2
2500,4,0
2501,1,9
2502,1,7
2503,3,3
2504,5,6
2505,6,1
2506,7,3
2507,1,8
2508,5,2
2509,2,9
2510,9,2
2511,1,8
2512,1,7
2513,9,2
2514,1,9
2515,8,5
2516,0,6
2517,3,2
2518,3,2
2519,5,6
2520,0,4
2521,1,9
2522,1,7
2523,5,6
2524,7,3
2525,4,0
2526,4,0
2527,7,5
2528,5,0
2529,3,3
2530,6,1
2531,3,3
2532,4,0
2533,0,6
2534,3,2
2535,3,3
2536,3,3
2537,7,5
2538,4,0
2539,5,0
2540,2,7
2541,3,3
2542,1,4
2543,1,7
2544,7,5
2545,5,6
2546,1,4
2547,6,1
2548,9,4
2549,5,5
2550,1,2
2551,8,5
2552,6,1
2553,1,9
2554,7,5
2555,1,8
2556,8,6
2557,4,0
2558,4,7
2559,1,9
2560,2,4
2561,4,0
2562,1,9
2563,1,1
2564,7,3
2565,9,2
2566,7,5
2567,3,3
2568,7,3
2569,0,4
2570,5,6
2571,7,5
2572,1,1
2573,5,6
2574,1,7
2575,2,7
2576,1,7
2577,7,8
2578,1,4
2579,1,9
2580,1,3
2581,4,0
2582,7,0
2583,6,1
2584,4,0
2585,3,2
2586,4,0
2587,3,3
2588,0,6
2589,2,4
2590,5,6
2591,1,7
2592,7,5
2593,1,8
2594,1,1
2595,2,9
2596,4,4
2597,4,0
2598,1,8
2599,6,1
2600,1,9
2601,9,2
2602,0,6
2603,7,3
2604,6,1
2605,7,5
2606,4,0
2607,0,6
2608,4,4
2609,1,7
2610,1,8
2611,7,8
2612,4,7
2613,1,9
2614,5,6
2615,4,0
2616,1,1
2617,4,0
2618,1,7
2619,6,1
2620,7,5
2621,4,0
2622,5,5
2623,1,1
2624,4,0
2625,9,2
2626,1,2
2627,7,3
2628,1,8
2629,4,0
2630,1,1
2631,5,6
2632,7,3
2633,2,9
2634,1,7
2635,0,6
2636,5,8
2637,5,6
2638,0,6
2639,5,5
2640,8,9
2641,9,2
2642,4,0
2643,1,9
2644,5,6
2645,1,1
2646,7,5
2647,2,4
2648,3,2
2649,1,9
2650,4,7
2651,7,5
2652,7,3
2653,1,7
2654,1,1
2655,7,5
2656,5,6
2657,5,6
2658,1,7
2659,4,7
2660,7,3
2661,7,3
2662,5,6
2663,6,1
2664,9,2
2665,0,4
2666,1,7
2667,6,1
2668,1,8
2669,7,3
2670,3,2
2671,7,3
2672,7,8
2673,1,7
2674,7,5
2675,3,3
2676,3,7
2677,1,9
2678,7,8
2679,7,8
2680,0,6
2681,3,8
2682,5,8
2683,7,8
2684,9,2
2685,7,8
2686,2,4
2687,1,8
2688,1,1
2689,2,4
2690,7,5
2691,1,7
2692,6,1
2693,9,2
2694,1,2
2695,6,1
2696,4,9
2697,2,9
2698,7,5
2699,1,8
2700,9,2
2701,1,7
2702,4,9
2703,2,9
2704,2,7
2705,7,3
2706,2,7
2707,3,3
2708,1,1
2709,4,0
2710,5,6
2711,1,7
2712,8,9
2713,5,5
2714,1,2
2715,0,4
2716,1,1
2717,6,1
2718,4,0
2719,6,1
2720,1,3
2721,9,2
2722,1,9
2723,0,6
2724,0,4
2725,6,1
2726,3,3
2727,7,5
2728,2,9
2729,5,0
2730,1,1
2731,1,1
2732,9,4
2733,3,2
2734,7,3
2735,3,3
2736,4,0
2737,4,4
2738,5,2
2739,8,5
2740,1,3
2741,5,6
2742,2,4
2743,4,7
2744,7,5
2745,4,0
2746,4,0
2747,1,1
2748,3,2
2749,3,2
2750,1,7
2751,7,3
2752,1,7
2753,2,4
2754,2,7
2755,8,5
2756,5,6
2757,5,6
2758,7,5
2759,4,7
2760,7,3
2761,3,8
2762,1,1
2763,4,9
2764,2,9
2765,5,0
2766,1,7
2767,1,1
2768,6,8
2769,1,2
2770,4,0
2771,3,3
2772,0,4
2773,4,4
2774,7,3
2775,7,5
2776,1,1
2777,5,6
2778,1,7
2779,1,9
2780,7,5
2781,7,8
2782,5,0
2783,3,2
2784,6,1
2785,5,6
2786,7,3
2787,4,9
2788,3,3
2789,5,6
2790,6,2
2791,6,1
2792,1,2
2793,2,9
2794,1,1
2795,4,9
2796,3,3
2797,1,9
2798,9,9
2799,2,4
2800,8,4
2801,4,4
2802,1,2
2803,5,3
2804,4,9
2805,7,8
2806,4,0
2807,1,1
2808,1,4
2809,2,4
2810,1,8
2811,6,1
2812,1,2
2813,9,2
2814,1,7
2815,4,9
2816,7,3
2817,4,0
2818,1,3
2819,4,4
2820,7,3
2821,4,9
2822,0,6
2823,1,1
2824,3,2
2825,1,7
2826,4,0
2827,2,4
2828,0,6
2829,2,4
2830,8,1
2831,1,1
2832,2,4
2833,7,8
2834,1,3
2835,4,7
2836,5,6
2837,5,6
2838,1,2
2839,3,0
2840,1,2
2841,1,8
2842,1,8
2843,1,1
2844,6,7
2845,3,8
2846,3,2
2847,9,2
2848,1,7
2849,5,6
2850,0,6
2851,1,2
2852,1,7
2853,6,1
2854,4,0
2855,3,2
2856,8,4
2857,7,5
2858,1,1
2859,0,4
2860,8,9
2861,8,5
2862,5,6
2863,5,6
2864,4,0
2865,1,7
2866,3,2
2867,1,7
2868,7,5
2869,8,5
2870,6,1
2871,7,3
2872,1,1
2873,5,0
2874,8,4
2875,9,2
2876,1,1
2877,3,2
2878,1,1
2879,9,2
2880,9,6
2881,1,7
2882,4,0
2883,7,3
2884,8,6
2885,8,5
2886,7,3
2887,3,2
2888,0,4
2889,1,1
2890,4,0
2891,2,4
2892,9,2
2893,2,4
2894,1,1
2895,7,3
2896,2,4
2897,5,0
2898,0,6
2899,5,0
2900,7,5
2901,7,8
2902,2,4
2903,1,7
2904,1,0
2905,7,3
2906,1,1
2907,1,1
2908,3,2
2909,1,7
2910,5,6
2911,1,9
2912,8,5
2913,0,6
2914,7,0
2915,7,3
2916,8,5
2917,1,3
2918,1,1
2919,4,0
2920,1,1
2921,7,5
2922,4,4
2923,5,6
2924,2,9
2925,5,6
2926,7,3
2927,7,8
2928,5,5
2929,1,7
2930,0,6
2931,7,3
2932,6,1
2933,7,5
2934,9,9
2935,4,0
2936,3,2
2937,1,1
2938,6,1
2939,3,2
2940,7,8
2941,7,3
2942,3,8
2943,2,4
2944,4,0
2945,5,5
2946,8,5
2947,0,6
2948,8,5
2949,1,7
2950,1,7
2951,1,8
2952,5,0
2953,2,9
2954,8,6
2955,4,0
2956,1,9
2957,6,1
2958,7,8
2959,3,2
2960,3,3
2961,7,3
2962,4,4
2963,2,4
2964,7,3
2965,5,5
2966,7,5
2967,0,6
2968,7,5
2969,1,7
2970,1,1
2971,1,8
2972,7,8
2973,2,9
2974,4,0
2975,4,0
2976,5,2
2977,6,1
2978,5,6
2979,9,2
2980,1,7
2981,7,3
2982,1,7
2983,2,4
2984,4,7
2985,2,7
2986,1,7
2987,1,8
2988,6,1
2989,2,9
2990,0,4
2991,1,8
2992,5,6
2993,7,5
2994,6,1
2995,2,7
2996,4,0
2997,6,9
2998,1,1
2999,5,5
3000,4,9
3001,4,0
3002,1,8
3003,1,8
3004,1,1
3005,7,3
3006,9,2
3007,5,5
3008,1,7
3009,2,4
3010,1,7
3011,1,8
3012,4,0
3013,7,3
3014,1,8
3015,4,0
3016,4,0
3017,9,2
3018,2,4
3019,6,1
3020,1,9
3021,4,0
3022,1,9
3023,9,2
3024,4,0
3025,7,5
3026,7,8
3027,7,8
3028,1,8
3029,1,8
3030,4,9
3031,7,5
3032,7,8
3033,7,3
3034,7,3
3035,4,0
3036,5,6
3037,2,4
3038,8,4
3039,2,4
3040,1,8
3041,6,1
3042,3,2
3043,0,6
3044,8,9
3045,6,1
3046,8,6
3047,7,3
3048,7,3
3049,4,0
3050,5,6
3051,1,3
3052,2,4
3053,0,6
3054,3,2
3055,2,9
3056,4,4
3057,3,3
3058,5,6
3059,1,7
3060,1,7
3061,2,4
3062,7,5
3063,2,9
3064,9,2
3065,6,7
3066,1,8
3067,4,0
3068,1,1
3069,2,9
3070,8,1
3071,2,4
3072,1,4
3073,1,8
3074,2,4
3075,3,3
3076,4,9
3077,3,2
3078,3,2
3079,1,7
3080,1,1
3081,1,7
3082,7,8
3083,2,9
3084,2,9
3085,5,5
3086,7,8
3087,1,7
3088,2,4
3089,5,6
3090,4,9
3091,2,4
3092,4,4
3093,3,8
3094,5,8
3095,1,9
3096,4,6
3097,0,6
3098,5,6
3099,2,9
3100,2,4
3101,2,4
3102,3,2
3103,6,1
3104,4,9
3105,1,2
3106,5,0
3107,4,0
3108,7,3
3109,0,6
3110,8,4
3111,6,1
3112,3,2
3113,6,1
3114,1,8
3115,0,6
3116,1,7
3117,2,4
3118,5,5
3119,7,8
3120,1,1
3121,8,9
3122,1,1
3123,0,6
3124,7,3
3125,0,4
3126,7,5
3127,0,6
3128,4,0
3129,5,5
3130,8,1
3131,4,0
3132,1,1
3133,9,2
3134,1,2
3135,4,0
3136,8,6
3137,7,5
3138,2,4
3139,0,6
3140,1,7
3141,5,5
3142,3,2
3143,4,0
3144,1,8
3145,6,1
3146,1,9
3147,9,2
3148,7,8
3149,6,1
3150,1,3
3151,1,7
3152,7,8
3153,1,8
3154,1,8
3155,6,1
3156,3,2
3157,2,4
3158,1,8
3159,7,3
3160,4,0
3161,1,2
3162,2,7
3163,1,8
3164,9,9
3165,3,2
3166,9,2
3167,1,7
3168,2,8
3169,8,9
3170,8,5
3171,3,3
3172,5,6
3173,1,9
3174,1,3
3175,4,0
3176,1,2
3177,1,1
3178,1,3
3179,9,2
3180,7,5
3181,7,3
3182,2,4
3183,2,4
3184,8,4
3185,7,5
3186,4,9
3187,0,6
3188,7,5
3189,1,7
3190,8,9
3191,1,8
3192,1,3
3193,1,9
3194,9,4
3195,4,0
3196,8,8
3197,6,1
3198,4,0
3199,1,2
3200,3,2
3201,3,3
3202,1,9
3203,2,4
3204,7,5
3205,7,5
3206,1,7
3207,0,6
3208,3,2
3209,1,7
3210,1,7
3211,1,8
3212,6,1
3213,4,0
3214,1,7
3215,3,3
3216,7,5
3217,2,4
3218,4,4
3219,8,5
3220,3,3
3221,0,6
3222,4,4
3223,1,7
3224,5,2
3225,1,8
3226,6,1
3227,1,9
3228,1,7
3229,0,6
3230,1,1
3231,4,0
3232,2,9
3233,7,3
3234,1,1
3235,2,4
3236,1,7
3237,1,1
3238,4,9
3239,2,4
3240,2,4
3241,7,0
3242,9,2
3243,1,8
3244,3,2
3245,0,6
3246,4,7
3247,4,0
3248,4,0
3249,1,7
3250,4,7
3251,1,8
3252,1,7
3253,1,7
3254,7,8
3255,1,7
3256,4,9
3257,1,9
3258,7,3
3259,7,0
3260,2,4
3261,2,4
3262,4,0
3263,2,9
3264,7,3
3265,1,9
3266,7,5
3267,2,7
3268,8,6
3269,7,0
3270,1,7
3271,8,5
3272,1,1
3273,1,8
3274,9,2
3275,8,5
3276,1,7
3277,1,9
3278,2,4
3279,1,8
3280,2,4
3281,1,8
3282,1,7
3283,1,7
3284,4,9
3285,8,5
3286,4,0
3287,0,6
3288,5,6
3289,8,5
3290,2,4
3291,3,3
3292,1,9
3293,1,8
3294,5,6
3295,6,1
3296,1,9
3297,0,6
3298,1,7
3299,1,8
3300,9,2
3301,7,5
3302,4,9
3303,2,9
3304,1,2
3305,1,2
3306,1,1
3307,9,2
3308,6,2
3309,4,0
3310,8,9
3311,1,9
3312,9,4
3313,1,2
3314,3,3
3315,2,4
3316,1,9
3317,1,7
3318,3,3
3319,1,3
3320,7,3
3321,1,1
3322,4,9
3323,1,3
3324,1,7
3325,0,6
3326,8,5
3327,8,6
3328,4,0
3329,9,2
3330,5,6
3331,1,1
3332,3,3
3333,9,2
3334,0,4
3335,5,6
3336,7,3
3337,4,0
3338,7,8
3339,3,2
3340,2,4
3341,9,2
3342,3,2
3343,1,7
3344,1,1
3345,1,1
3346,4,9
3347,3,3
3348,8,9
3349,1,7
3350,6,4
3351,2,4
3352,8,4
3353,1,8
3354,7,8
3355,1,9
3356,1,5
3357,1,2
3358,1,3
3359,1,9
3360,2,4
3361,8,5
3362,5,2
3363,8,6
3364,8,6
3365,1,8
3366,5,6
3367,7,0
3368,1,7
3369,4,0
3370,9,4
3371,2,9
3372,1,7
3373,6,1
3374,7,9
3375,6,1
3376,4,0
3377,4,0
3378,7,5
3379,6,1
3380,6,1
3381,1,2
3382,9,9
3383,3,3
3384,7,5
3385,7,5
3386,3,3
3387,0,6
3388,8,4
3389,2,9
3390,3,2
3391,4,0
3392,5,6
3393,6,1
3394,1,1
3395,9,2
3396,4,0
3397,3,3
3398,8,9
3399,2,4
3400,3,3
3401,8,5
3402,7,3
3403,0,6
3404,7,3
3405,1,7
3406,1,1
3407,1,8
3408,1,7
3409,4,0
3410,4,0
3411,6,1
3412,1,1
3413,3,2
3414,2,9
3415,7,3
3416,7,5
3417,2,4
3418,1,1
3419,8,5
3420,1,8
3421,0,6
3422,1,3
3423,1,7
3424,3,3
3425,1,8
3426,4,7
3427,6,1
3428,1,7
3429,4,0
3430,1,1
3431,6,1
3432,1,8
3433,7,5
3434,4,0
3435,1,3
3436,5,4
3437,2,4
3438,1,8
3439,2,4
3440,1,1
3441,4,0
3442,4,7
3443,4,0
3444,9,2
3445,5,6
3446,1,8
3447,8,9
3448,1,7
3449,5,6
3450,4,4
3451,5,6
3452,3,3
3453,8,5
3454,5,6
3455,6,4
3456,1,1
3457,6,4
3458,2,4
3459,2,4
3460,3,3
3461,4,0
3462,1,3
3463,1,7
3464,1,1
3465,1,9
3466,7,3
3467,7,5
3468,1,1
3469,1,7
3470,9,2
3471,3,3
3472,3,3
3473,6,1
3474,8,6
3475,2,4
3476,7,8
3477,2,4
3478,1,1
3479,4,0
3480,7,8
3481,2,9
3482,3,8
3483,1,9
3484,1,4
3485,0,6
3486,6,2
3487,6,1
3488,6,1
3489,1,8
3490,5,0
3491,1,3
3492,5,0
3493,1,8
3494,1,7
3495,1,8
3496,4,4
3497,1,8
3498,1,7
3499,1,8
3500,7,5
3501,8,8
3502,8,8
3503,2,4
3504,2,4
3505,1,7
3506,4,9
3507,1,7
3508,1,9
3509,6,1
3510,1,9
3511,1,9
3512,7,8
3513,1,8
3514,4,0
3515,1,7
3516,4,0
3517,1,8
3518,1,7
3519,1,9
3520,8,6
3521,3,3
3522,1,7
3523,1,3
3524,5,6
3525,8,5
3526,1,8
3527,7,5
3528,2,9
3529,4,0
3530,5,6
3531,1,7
3532,1,1
3533,2,9
3534,4,0
3535,8,5
3536,3,2
3537,8,6
3538,1,7
3539,7,5
3540,1,1
3541,5,0
3542,3,3
3543,5,6
3544,4,9
3545,6,1
3546,1,1
3547,2,4
3548,8,4
3549,6,1
3550,7,3
3551,6,1
3552,7,3
3553,1,2
3554,7,8
3555,1,8
3556,1,7
3557,3,2
3558,7,5
3559,0,6
3560,1,1
3561,6,1
3562,4,0
3563,7,5
3564,5,2
3565,5,0
3566,4,9
3567,1,1
3568,4,0
3569,9,2
3570,2,8
3571,7,3
3572,5,6
3573,4,4
3574,9,2
3575,7,5
3576,7,3
3577,5,6
3578,9,2
3579,4,7
3580,5,5
3581,7,8
3582,5,2
3583,4,9
3584,7,8
3585,4,0
3586,0,6
3587,1,1
3588,4,9
3589,9,2
3590,4,0
3591,3,3
3592,6,1
3593,1,1
3594,4,9
3595,7,5
3596,7,3
3597,5,6
3598,1,9
3599,4,7
3600,7,8
3601,7,8
3602,6,1
3603,5,0
3604,1,1
3605,1,1
3606,7,3
3607,9,2
3608,4,4
3609,7,3
3610,4,0
3611,4,4
3612,4,0
3613,7,5
3614,1,3
3615,5,6
3616,7,8
3617,1,7
3618,1,7
3619,3,8
3620,4,7
3621,1,9
3622,4,0
3623,5,6
3624,4,4
3625,2,4
3626,1,3
3627,3,2
3628,1,1
3629,5,6
3630,1,8
3631,4,4
3632,4,0
3633,4,7
3634,8,5
3635,7,5
3636,8,9
3637,8,5
3638,7,5
3639,2,4
3640,1,7
3641,4,7
3642,1,2
3643,7,8
3644,1,1
3645,4,9
3646,5,6
3647,3,2
3648,5,5
3649,2,9
3650,0,6
3651,3,3
3652,8,4
3653,4,9
3654,5,6
3655,7,3
3656,7,3
3657,1,8
3658,7,8
3659,9,2
3660,3,2
3661,4,0
3662,1,9
3663,1,9
3664,7,8
3665,7,8
3666,2,4
3667,4,0
3668,8,4
3669,7,5
3670,7,3
3671,5,6
3672,1,2
3673,7,0
3674,1,3
3675,6,1
3676,5,2
3677,4,0
3678,1,9
3679,3,2
3680,3,2
3681,8,5
3682,7,5
3683,7,3
3684,7,3
3685,7,5
3686,2,4
3687,7,3
3688,3,8
3689,7,8
3690,1,8
3691,7,0
3692,1,7
3693,7,0
3694,4,4
3695,7,5
3696,1,9
3697,2,4
3698,4,0
3699,3,3
3700,0,6
3701,4,4
3702,4,0
3703,1,1
3704,4,9
3705,7,5
3706,0,6
3707,3,3
3708,2,4
3709,5,0
3710,1,2
3711,7,8
3712,9,2
3713,3,3
3714,1,1
3715,7,0
3716,0,4
3717,5,6
3718,1,7
3719,3,2
3720,7,0
3721,4,7
3722,9,2
3723,6,1
3724,4,4
3725,6,1
3726,5,6
3727,7,8
3728,1,7
3729,6,1
3730,5,8
3731,4,7
3732,2,4
3733,6,1
3734,4,0
3735,7,3
3736,0,6
3737,7,8
3738,4,4
3739,4,4
3740,7,3
3741,3,2
3742,7,9
3743,4,0
3744,7,8
3745,2,9
3746,4,9
3747,4,7
3748,1,2
3749,5,6
3750,1,7
3751,4,7
3752,7,5
3753,4,4
3754,3,3
3755,1,1
3756,7,3
3757,0,6
3758,1,1
3759,7,8
3760,4,9
3761,4,4
3762,4,8
3763,6,1
3764,0,6
3765,9,2
3766,1,8
3767,5,6
3768,7,5
3769,1,7
3770,8,9
3771,6,1
3772,5,6
3773,2,9
3774,0,6
3775,7,8
3776,4,0
3777,4,0
3778,5,0
3779,5,6
3780,1,7
3781,2,9
3782,9,7
3783,2,4
3784,4,9
3785,4,9
3786,1,9
3787,1,9
3788,1,7
3789,5,6
3790,2,7
3791,3,2
3792,1,8
3793,3,3
3794,0,6
3795,7,7
3796,4,9
3797,6,1
3798,6,7
3799,9,2
3800,1,1
3801,7,5
3802,1,1
3803,3,3
3804,1,7
3805,1,7
3806,4,0
3807,7,8
3808,0,6
3809,4,0
3810,3,3
3811,1,1
3812,3,3
3813,3,2
3814,0,6
3815,7,3
3816,1,8
3817,2,4
3818,4,9
3819,7,5
3820,0,6
3821,5,6
3822,1,1
3823,1,7
3824,3,3
3825,1,8
3826,9,2
3827,1,9
3828,8,4
3829,4,0
3830,3,2
3831,6,1
3832,8,5
3833,6,2
3834,2,9
3835,7,3
3836,3,2
3837,2,4
3838,8,4
3839,7,5
3840,1,7
3841,5,6
3842,3,8
3843,1,7
3844,1,3
3845,1,8
3846,1,7
3847,1,9
3848,3,2
3849,4,0
3850,1,1
3851,6,1
3852,1,9
3853,9,2
3854,1,7
3855,7,3
3856,5,6
3857,2,4
3858,0,6
3859,7,5
3860,7,5
3861,0,6
3862,4,4
3863,1,7
3864,1,5
3865,1,8
3866,7,8
3867,2,9
3868,1,7
3869,5,6
3870,7,5
3871,1,2
3872,7,8
3873,5,6
3874,1,9
3875,5,5
3876,4,0
3877,2,4
3878,6,1
3879,3,2
3880,9,2
3881,4,0
3882,3,0
3883,1,8
3884,4,0
3885,6,1
3886,3,2
3887,1,7
3888,4,0
3889,6,1
3890,3,2
3891,1,8
3892,1,8
3893,3,3
3894,4,7
3895,1,7
3896,4,0
3897,6,1
3898,6,1
3899,1,7
3900,1,1
3901,6,1
3902,1,2
3903,2,4
3904,9,9
3905,2,4
3906,3,0
3907,5,5
3908,0,6
3909,1,7
3910,5,6
3911,2,4
3912,1,9
3913,1,9
3914,2,7
3915,1,7
3916,1,7
3917,3,2
3918,5,8
3919,5,6
3920,7,3
3921,7,5
3922,7,5
3923,7,3
3924,3,2
3925,1,9
3926,1,1
3927,1,9
3928,1,8
3929,3,0
3930,3,2
3931,1,8
3932,5,6
3933,1,7
3934,9,2
3935,1,9
3936,5,6
3937,4,0
3938,7,3
3939,5,6
3940,1,7
3941,3,3
3942,1,7
3943,4,0
3944,8,5
3945,2,4
3946,0,4
3947,5,6
3948,1,7
3949,3,3
3950,5,6
3951,1,7
3952,8,6
3953,4,0
3954,1,1
3955,1,1
3956,1,1
3957,0,4
3958,1,8
3959,1,8
3960,5,6
3961,1,8
3962,1,1
3963,1,1
3964,4,0
3965,3,2
3966,6,1
3967,2,9
3968,1,8
3969,3,3
3970,1,9
3971,6,1
3972,8,5
3973,2,4
3974,7,5
3975,3,2
3976,1,8
3977,8,9
3978,4,4
3979,1,8
3980,5,2
3981,3,2
3982,1,9
3983,1,8
3984,4,4
3985,5,6
3986,7,8
3987,1,9
3988,7,5
3989,1,2
3990,9,4
3991,2,9
3992,4,7
3993,5,6
3994,0,6
3995,7,3
3996,1,1
3997,7,3
3998,4,9
3999,0,6
4000,1,7
4001,7,3
4002,4,0
4003,6,1
4004,7,5
4005,5,2
4006,1,8
4007,7,5
4008,4,0
4009,4,0
4010,6,1
4011,7,3
4012,1,1
4013,6,1
4014,1,1
4015,5,5
4016,3,2
4017,7,5
4018,5,6
4019,1,9
4020,4,7
4021,1,8
4022,3,3
4023,4,0
4024,1,7
4025,2,9
4026,4,9
4027,4,0
4028,1,2
4029,6,1
4030,5,6
4031,9,2
4032,4,9
4033,7,3
4034,2,7
4035,2,4
4036,1,8
4037,8,5
4038,9,4
4039,5,6
4040,3,8
4041,4,7
4042,1,7
4043,1,8
4044,4,0
4045,1,9
4046,4,7
4047,7,0
4048,7,5
4049,6,1
4050,4,9
4051,3,2
4052,7,8
4053,7,3
4054,0,6
4055,2,4
4056,4,9
4057,8,5
4058,4,8
4059,5,6
4060,4,9
4061,4,7
4062,7,5
4063,1,8
4064,6,1
4065,1,9
4066,5,1
4067,4,0
4068,1,3
4069,6,1
4070,1,1
4071,3,2
4072,5,6
4073,3,3
4074,1,7
4075,2,4
4076,7,5
4077,5,5
4078,4,6
4079,0,6
4080,1,2
4081,4,7
4082,4,0
4083,1,8
4084,1,8
4085,1,9
4086,9,2
4087,0,6
4088,2,4
4089,6,1
4090,8,6
4091,2,9
4092,1,9
4093,4,9
4094,1,3
4095,2,9
4096,1,2
4097,4,4
4098,4,9
4099,2,4
4100,1,8
4101,7,3
4102,4,4
4103,3,8
4104,7,5
4105,6,1
4106,4,0
4107,4,4
4108,4,0
4109,6,1
4110,8,6
4111,5,2
4112,0,6
4113,8,5
4114,4,4
4115,5,0
4116,1,7
4117,1,9
4118,1,9
4119,7,5
4120,6,1
4121,7,3
4122,1,9
4123,4,0
4124,4,9
4125,2,4
4126,7,5
4127,1,9
4128,1,1
4129,6,1
4130,2,7
4131,1,7
4132,4,4
4133,4,4
4134,7,5
4135,2,4
4136,7,3
4137,1,1
4138,3,3
4139,1,8
4140,1,1
4141,2,7
4142,1,0
4143,5,6
4144,6,2
4145,1,0
4146,2,4
4147,1,8
4148,8,8
4149,6,1
4150,8,6
4151,1,8
4152,6,1
4153,1,2
4154,1,3
4155,5,6
4156,7,3
4157,3,2
4158,1,9
4159,4,0
4160,1,1
4161,1,9
4162,1,1
4163,6,1
4164,2,7
4165,1,2
4166,1,1
4167,7,5
4168,7,5
4169,2,4
4170,0,6
4171,8,5
4172,4,4
4173,4,7
4174,4,4
4175,2,7
4176,7,8
4177,7,5
4178,2,4
4179,3,3
4180,8,4
4181,4,0
4182,6,2
4183,9,2
4184,4,5
4185,6,2
4186,6,1
4187,9,2
4188,5,6
4189,2,7
4190,6,1
4191,3,3
4192,8,5
4193,1,1
4194,7,5
4195,2,4
4196,7,3
4197,2,4
4198,5,6
4199,3,3
4200,2,7
4201,5,0
4202,1,1
4203,4,0
4204,1,2
4205,6,4
4206,4,9
4207,1,7
4208,5,2
4209,1,9
4210,5,6
4211,2,7
4212,1,2
4213,1,8
4214,5,6
4215,1,8
4216,4,0
4217,2,7
4218,4,0
4219,8,9
4220,4,0
4221,0,6
4222,2,9
4223,3,3
4224,2,4
4225,6,1
4226,4,7
4227,4,7
4228,4,4
4229,2,9
4230,3,2
4231,5,6
4232,5,6
4233,7,3
4234,7,3
4235,3,3
4236,7,3
4237,6,1
4238,7,3
4239,3,0
4240,0,4
4241,5,2
4242,2,7
4243,5,6
4244,4,9
4245,4,0
4246,3,3
4247,7,5
4248,1,1
4249,0,6
4250,7,3
4251,5,6
4252,2,4
4253,1,8
4254,1,7
4255,1,7
4256,7,3
4257,1,3
4258,1,8
4259,8,5
4260,4,9
4261,1,8
4262,1,3
4263,3,3
4264,8,4
4265,4,0
4266,1,7
4267,6,1
4268,8,6
4269,3,2
4270,4,0
4271,3,3
4272,3,8
4273,2,7
4274,0,4
4275,1,8
4276,1,3
4277,2,9
4278,1,2
4279,4,0
4280,2,7
4281,7,3
4282,7,8
4283,2,4
4284,4,0
4285,2,7
4286,6,1
4287,1,8
4288,4,0
4289,7,0
4290,8,5
4291,6,1
4292,4,4
4293,9,2
4294,1,1
4295,7,3
4296,1,7
4297,2,4
4298,1,7
4299,7,5
4300,1,1
4301,0,6
4302,7,5
4303,2,7
4304,7,5
4305,1,8
4306,2,9
4307,2,9
4308,1,8
4309,7,5
4310,4,0
4311,6,1
4312,7,5
4313,2,9
4314,0,6
4315,4,9
4316,5,0
4317,2,7
4318,4,4
4319,6,1
4320,1,9
4321,4,0
4322,1,2
4323,2,9
4324,1,8
4325,5,0
4326,1,7
4327,8,5
4328,1,3
4329,2,9
4330,1,7
4331,2,7
4332,1,7
4333,6,1
4334,4,7
4335,3,3
4336,9,4
4337,0,6
4338,1,7
4339,1,3
4340,4,0
4341,9,2
4342,7,3
4343,4,0
4344,4,0
4345,1,9
4346,0,4
4347,4,0
4348,7,8
4349,0,6
4350,4,9
4351,6,1
4352,3,3
4353,2,7
4354,1,7
4355,3,2
4356,4,0
4357,1,8
4358,1,7
4359,7,3
4360,5,6
4361,2,4
4362,9,9
4363,2,7
4364,0,6
4365,0,6
4366,1,7
4367,0,6
4368,4,9
4369,7,3
4370,1,8
4371,9,2
4372,1,7
4373,1,3
4374,4,0
4375,1,8
4376,7,5
4377,2,9
4378,1,9
4379,8,4
4380,9,2
4381,1,8
4382,2,4
4383,1,8
4384,1,8
4385,2,7
4386,8,4
4387,6,1
4388,7,8
4389,4,0
4390,6,1
4391,1,8
4392,5,6
4393,2,7
4394,1,7
4395,2,7
4396,2,7
4397,7,5
4398,9,2
4399,2,9
4400,1,3
4401,9,2
4402,8,6
4403,3,3
4404,5,6
4405,6,1
4406,0,4
4407,6,1
4408,8,6
4409,2,4
4410,4,4
4411,7,5
4412,6,1
4413,8,5
4414,1,2
4415,4,0
4416,8,5
4417,2,4
4418,7,3
4419,1,8
4420,6,1
4421,2,7
4422,1,7
4423,2,4
4424,7,5
4425,2,9
4426,5,6
4427,3,2
4428,3,2
4429,1,3
4430,0,6
4431,0,6
4432,1,7
4433,2,4
4434,7,8
4435,6,1
4436,4,4
4437,3,2
4438,2,4
4439,2,4
4440,1,8
4441,6,1
4442,5,2
4443,8,5
4444,4,0
4445,6,1
4446,1,2
4447,2,9
4448,1,8
4449,1,3
4450,8,5
4451,9,2
4452,1,7
4453,4,0
4454,2,4
4455,4,0
4456,4,9
4457,1,2
4458,9,7
4459,0,9
4460,1,4
4461,7,3
4462,7,5
4463,0,6
4464,2,4
4465,4,0
4466,4,9
4467,1,1
4468,1,8
4469,5,2
4470,1,1
4471,5,3
4472,1,7
4473,9,4
4474,3,2
4475,7,5
4476,1,2
4477,5,6
4478,4,7
4479,1,7
4480,8,5
4481,1,8
4482,7,8
4483,1,9
4484,6,1
4485,4,0
4486,1,1
4487,1,1
4488,5,0
4489,5,2
4490,7,3
4491,7,3
4492,1,1
4493,2,4
4494,2,4
4495,5,5
4496,4,0
4497,0,6
4498,2,4
4499,2,7
4500,5,0
4501,1,8
4502,3,1
4503,1,9
4504,1,1
4505,4,0
4506,1,3
4507,1,1
4508,7,3
4509,5,2
4510,1,3
4511,7,3
4512,3,3
4513,2,4
4514,3,2
4515,7,5
4516,2,7
4517,5,6
4518,3,2
4519,1,7
4520,0,6
4521,1,8
4522,4,4
4523,1,9
4524,6,1
4525,1,8
4526,5,6
4527,4,0
4528,2,7
4529,7,5
4530,1,7
4531,5,6
4532,4,0
4533,0,6
4534,1,1
4535,4,0
4536,8,6
4537,1,8
4538,9,4
4539,4,0
4540,4,4
4541,9,2
4542,3,2
4543,7,3
4544,8,9
4545,4,7
4546,0,6
4547,2,9
4548,1,7
4549,2,4
4550,3,2
4551,1,7
4552,7,3
4553,6,1
4554,6,1
4555,1,9
4556,4,0
4557,1,1
4558,7,5
4559,1,7
4560,8,6
4561,6,1
4562,5,5
4563,4,0
4564,0,4
4565,4,0
4566,6,1
4567,2,4
4568,4,9
4569,6,1
4570,7,3
4571,2,7
4572,0,6
4573,7,5
4574,9,2
4575,1,7
4576,3,2
4577,6,1
4578,1,8
4579,7,3
4580,1,8
4581,7,3
4582,7,8
4583,7,3
4584,7,3
4585,6,1
4586,0,6
4587,5,6
4588,4,0
4589,1,9
4590,7,5
4591,1,7
4592,4,7
4593,2,4
4594,4,9
4595,7,3
4596,8,5
4597,4,0
4598,1,8
4599,9,2
4600,7,5
4601,7,5
4602,1,1
4603,9,2
4604,1,7
4605,5,6
4606,4,9
4607,4,0
4608,4,0
4609,1,8
4610,1,2
4611,4,9
4612,8,6
4613,9,4
4614,8,5
4615,7,3
4616,4,4
4617,5,5
4618,1,7
4619,6,4
4620,0,6
4621,1,8
4622,5,5
4623,1,1
4624,4,0
4625,7,5
4626,9,4
4627,1,9
4628,7,3
4629,4,0
4630,4,9
4631,5,6
4632,7,3
4633,0,4
4634,8,8
4635,5,6
4636,2,4
4637,1,8
4638,1,3
4639,1,1
4640,8,6
4641,0,4
4642,4,0
4643,1,7
4644,1,1
4645,7,5
4646,5,2
4647,2,7
4648,9,2
4649,5,2
4650,3,2
4651,9,2
4652,1,8
4653,4,0
4654,1,1
4655,4,0
4656,4,0
4657,1,1
4658,7,3
4659,1,7
4660,5,6
4661,1,7
4662,3,2
4663,1,9
4664,5,2
4665,7,5
4666,5,5
4667,1,9
4668,4,9
4669,1,8
4670,7,5
4671,1,9
4672,1,7
4673,5,6
4674,7,3
4675,1,8
4676,6,1
4677,1,8
4678,4,9
4679,5,2
4680,2,7
4681,3,3
4682,4,0
4683,0,6
4684,7,8
4685,1,1
4686,4,0
4687,5,2
4688,4,0
4689,1,9
4690,1,9
4691,1,8
4692,5,8
4693,1,9
4694,5,3
4695,5,5
4696,1,1
4697,9,2
4698,1,8
4699,0,6
4700,1,8
4701,5,2
4702,8,6
4703,0,4
4704,7,5
4705,1,8
4706,1,2
4707,2,4
4708,1,1
4709,5,6
4710,1,1
4711,8,5
4712,8,6
4713,4,0
4714,1,2
4715,1,1
4716,1,2
4717,9,2
4718,4,0
4719,3,3
4720,1,9
4721,9,4
4722,1,2
4723,5,5
4724,5,6
4725,4,7
4726,4,7
4727,3,8
4728,8,5
4729,7,0
4730,4,4
4731,1,1
4732,0,6
4733,3,2
4734,1,7
4735,3,3
4736,7,3
4737,0,4
4738,5,0
4739,7,5
4740,7,3
4741,5,6
4742,1,3
4743,4,7
4744,4,0
4745,3,8
4746,2,4
4747,2,9
4748,4,0
4749,3,0
4750,1,1
4751,1,1
4752,8,5
4753,5,2
4754,2,9
4755,3,3
4756,4,0
4757,9,4
4758,4,4
4759,4,7
4760,7,5
4761,4,8
4762,1,3
4763,1,1
4764,1,1
4765,0,6
4766,1,1
4767,3,8
4768,8,4
4769,4,9
4770,5,6
4771,4,9
4772,1,1
4773,7,0
4774,2,7
4775,1,1
4776,4,0
4777,3,2
4778,5,6
4779,2,4
4780,2,4
4781,4,4
4782,2,4
4783,3,3
4784,9,7
4785,4,7
4786,7,5
4787,4,4
4788,4,9
4789,2,4
4790,1,1
4791,4,4
4792,3,3
4793,7,0
4794,4,7
4795,3,3
4796,0,4
4797,3,8
4798,2,4
4799,4,7
4800,5,6
4801,7,5
4802,8,4
4803,1,8
4804,4,0
4805,5,2
4806,1,7
4807,1,1
4808,7,3
4809,1,7
4810,1,1
4811,4,9
4812,2,4
4813,1,1
4814,7,8
4815,1,1
4816,1,9
4817,0,6
4818,8,6
4819,3,2
4820,7,5
4821,1,1
4822,8,4
4823,3,3
4824,4,9
4825,1,8
4826,1,9
4827,5,6
4828,5,6
4829,9,4
4830,1,9
4831,4,9
4832,1,7
4833,2,4
4834,5,8
4835,9,2
4836,5,3
4837,9,4
4838,4,4
4839,0,4
4840,1,7
4841,5,6
4842,1,7
4843,3,2
4844,7,5
4845,7,5
4846,9,2
4847,7,5
4848,1,8
4849,4,0
4850,3,3
4851,9,2
4852,4,0
4853,3,8
4854,4,0
4855,4,0
4856,5,2
4857,5,6
4858,1,7
4859,3,8
4860,7,8
4861,1,1
4862,8,8
4863,4,7
4864,1,3
4865,1,1
4866,1,3
4867,5,6
4868,7,3
4869,2,7
4870,4,0
4871,5,6
4872,1,1
4873,4,8
4874,2,4
4875,4,7
4876,1,7
4877,4,4
4878,3,3
4879,4,9
4880,9,2
4881,3,3
4882,0,6
4883,3,3
4884,1,1
4885,7,5
4886,0,6
4887,1,8
4888,2,7
4889,4,0
4890,2,4
4891,3,3
4892,4,0
4893,4,7
4894,8,9
4895,4,9
4896,0,4
4897,2,7
4898,3,3
4899,2,7
4900,1,1
4901,4,9
4902,4,9
4903,1,1
4904,2,7
4905,5,6
4906,4,0
4907,4,7
4908,1,5
4909,4,8
4910,5,6
4911,4,0
4912,8,9
4913,1,1
4914,5,2
4915,1,2
4916,4,9
4917,3,3
4918,4,0
4919,4,4
4920,6,1
4921,7,5
4922,0,6
4923,5,6
4924,1,1
4925,1,7
4926,4,0
4927,1,8
4928,4,7
4929,2,9
4930,0,6
4931,4,0
4932,2,9
4933,6,1
4934,5,6
4935,1,2
4936,1,9
4937,3,3
4938,3,2
4939,2,4
4940,7,5
4941,5,5
4942,1,1
4943,5,6
4944,1,1
4945,1,7
4946,1,7
4947,7,8
4948,7,5
4949,2,9
4950,1,1
4951,7,0
4952,9,4
4953,1,1
4954,2,4
4955,7,2
4956,7,3
4957,3,3
4958,5,1
4959,2,4
4960,1,1
4961,5,5
4962,4,0
4963,5,6
4964,1,7
4965,1,7
4966,1,3
4967,3,8
4968,7,9
4969,7,5
4970,1,1
4971,1,1
4972,6,1
4973,2,9
4974,7,5
4975,2,9
4976,1,1
4977,2,7
4978,1,1
4979,1,1
4980,0,6
4981,4,0
4982,7,8
4983,2,9
4984,1,7
4985,4,0
4986,5,2
4987,7,5
4988,3,3
4989,2,9
4990,5,6
4991,1,7
4992,1,8
4993,6,1
4994,4,0
4995,2,7
4996,3,3
4997,3,2
4998,6,1
4999,9,2
5000,9,7
5001,7,3
5002,8,4
5003,0,6
5004,6,1
5005,7,8
5006,1,1
5007,4,0
5008,4,9
5009,1,8
5010,4,0
5011,3,3
5012,1,1
5013,1,2
5014,1,7
5015,4,0
5016,9,2
5017,4,9
5018,5,6
5019,3,0
5020,1,1
5021,0,6
5022,1,7
5023,6,1
5024,1,9
5025,1,7
5026,0,6
5027,7,5
5028,7,5
5029,7,8
5030,1,8
5031,3,3
5032,1,4
5033,2,4
5034,1,8
5035,1,7
5036,1,3
5037,8,6
5038,8,4
5039,0,6
5040,5,6
5041,3,3
5042,7,8
5043,7,8
5044,1,9
5045,4,9
5046,4,4
5047,2,4
5048,4,0
5049,1,7
5050,1,8
5051,6,1
5052,7,0
5053,4,0
5054,1,1
5055,7,8
5056,7,5
5057,1,7
5058,1,1
5059,1,7
5060,7,5
5061,8,5
5062,4,9
5063,2,9
5064,4,4
5065,3,2
5066,7,5
5067,3,3
5068,4,7
5069,8,4
5070,0,6
5071,5,6
5072,5,0
5073,1,1
5074,4,0
5075,6,1
5076,3,2
5077,8,4
5078,7,8
5079,5,5
5080,7,3
5081,5,5
5082,1,0
5083,4,0
5084,5,6
5085,4,4
5086,7,3
5087,1,8
5088,1,3
5089,1,7
5090,1,1
5091,4,4
5092,7,3
5093,4,9
5094,3,2
5095,3,2
5096,4,0
5097,7,3
5098,8,6
5099,5,6
5100,1,7
5101,8,4
5102,7,3
5103,3,2
5104,3,2
5105,2,4
5106,4,9
5107,6,1
5108,4,0
5109,7,5
5110,1,2
5111,8,4
5112,7,8
5113,1,2
5114,1,1
5115,4,0
5116,1,8
5117,4,4
5118,2,4
5119,1,8
5120,4,0
5121,0,6
5122,2,4
5123,6,1
5124,1,4
5125,4,9
5126,5,6
5127,3,3
5128,1,1
5129,3,2
5130,4,9
5131,4,0
5132,6,1
5133,4,0
5134,0,4
5135,3,2
5136,7,9
5137,4,9
5138,0,4
5139,3,3
5140,7,8
5141,0,6
5142,1,9
5143,7,3
5144,4,0
5145,5,6
5146,1,7
5147,4,0
5148,1,3
5149,6,1
5150,2,4
5151,9,2
5152,5,3
5153,3,3
5154,4,0
5155,0,4
5156,3,2
5157,5,5
5158,8,5
5159,5,6
5160,7,3
5161,1,7
5162,3,2
5163,7,8
5164,7,5
5165,2,9
5166,3,2
5167,7,0
5168,6,1
5169,6,1
5170,7,8
5171,9,2
5172,2,9
5173,3,3
5174,2,1
5175,0,4
5176,6,1
5177,5,5
5178,1,7
5179,5,6
5180,4,4
5181,1,7
5182,2,7
5183,1,8
5184,7,3
5185,1,9
5186,7,3
5187,4,0
5188,8,5
5189,6,1
5190,3,3
5191,9,2
5192,4,0
5193,3,3
5194,5,0
5195,2,4
5196,4,0
5197,1,7
5198,4,4
5199,7,8
5200,1,8
5201,1,9
5202,4,0
5203,7,0
5204,1,1
5205,1,8
5206,1,7
5207,3,3
5208,8,9
5209,1,9
5210,7,5
5211,5,5
5212,2,9
5213,5,6
5214,1,7
5215,1,8
5216,1,2
5217,6,4
5218,5,6
5219,1,9
5220,1,8
5221,6,1
5222,5,6
5223,1,7
5224,8,9
5225,6,1
5226,5,6
5227,9,2
5228,4,0
5229,1,9
5230,5,6
5231,5,6
5232,6,2
5233,1,9
5234,1,1
5235,6,1
5236,1,2
5237,6,1
5238,7,3
5239,6,1
5240,7,5
5241,3,2
5242,1,7
5243,1,8
5244,4,0
5245,6,1
5246,4,0
5247,9,2
5248,1,8
5249,4,0
5250,3,2
5251,1,7
5252,1,3
5253,1,7
5254,8,5
5255,5,5
5256,1,1
5257,1,8
5258,3,2
5259,9,2
5260,5,6
5261,1,9
5262,1,1
5263,1,8
5264,4,7
5265,6,4
5266,4,0
5267,0,6
5268,4,0
5269,1,7
5270,7,3
5271,6,1
5272,4,0
5273,0,6
5274,5,6
5275,4,0
5276,2,9
5277,3,3
5278,4,4
5279,0,6
5280,2,7
5281,1,8
5282,4,9
5283,1,7
5284,1,3
5285,4,0
5286,4,0
5287,6,4
5288,4,0
5289,9,2
5290,5,6
5291,1,7
5292,8,5
5293,6,4
5294,8,6
5295,0,4
5296,1,8
5297,9,2
5298,0,0
5299,1,8
5300,1,7
5301,6,1
5302,4,7
5303,5,5
5304,1,1
5305,6,1
5306,3,2
5307,5,2
5308,1,7
5309,5,5
5310,5,6
5311,5,6
5312,2,7
5313,2,4
5314,3,2
5315,5,3
5316,4,9
5317,4,0
5318,9,2
5319,7,0
5320,4,9
5321,4,0
5322,2,4
5323,3,3
5324,2,4
5325,1,7
5326,1,7
5327,4,0
5328,1,3
5329,5,6
5330,4,0
5331,2,4
5332,5,3
5333,7,8
5334,0,6
5335,1,8
5336,1,1
5337,3,3
5338,1,8
5339,1,9
5340,5,0
5341,1,9
5342,4,0
5343,1,8
5344,4,0
5345,9,2
5346,1,8
5347,1,7
5348,5,8
5349,1,7
5350,4,9
5351,6,1
5352,1,7
5353,4,0
5354,1,3
5355,1,1
5356,2,4
5357,3,2
5358,7,3
5359,3,3
5360,7,8
5361,2,4
5362,4,9
5363,5,5
5364,5,6
5365,0,6
5366,4,4
5367,1,7
5368,4,0
5369,1,8
5370,1,3
5371,8,9
5372,1,8
5373,4,0
5374,5,6
5375,1,1
5376,7,8
5377,3,2
5378,7,5
5379,3,3
5380,3,2
5381,6,4
5382,7,5
5383,7,5
5384,4,6
5385,0,6
5386,4,9
5387,4,7
5388,7,3
5389,1,8
5390,1,9
5391,2,9
5392,3,3
5393,4,0
5394,1,8
5395,1,1
5396,3,3
5397,3,2
5398,4,0
5399,7,3
5400,3,2
5401,2,4
5402,4,9
5403,5,5
5404,2,9
5405,0,6
5406,4,4
5407,2,7
5408,5,3
5409,1,8
5410,0,4
5411,1,9
5412,1,3
5413,0,6
5414,5,5
5415,3,2
5416,4,7
5417,8,5
5418,7,8
5419,0,6
5420,9,2
5421,3,2
5422,1,7
5423,7,5
5424,7,5
5425,6,1
5426,1,9
5427,1,7
5428,6,1
5429,1,1
5430,4,8
5431,1,8
5432,7,3
5433,7,3
5434,7,3
5435,1,8
5436,3,2
5437,2,7
5438,5,2
5439,6,1
5440,8,5
5441,1,7
5442,3,3
5443,1,1
5444,2,4
5445,6,4
5446,1,7
5447,1,7
5448,1,7
5449,3,2
5450,6,4
5451,0,6
5452,7,5
5453,7,5
5454,1,9
5455,3,3
5456,7,5
5457,2,9
5458,3,3
5459,2,9
5460,1,8
5461,4,0
5462,4,0
5463,1,8
5464,4,0
5465,1,7
5466,8,6
5467,3,3
5468,4,0
5469,4,0
5470,3,0
5471,7,3
5472,1,7
5473,2,7
5474,1,8
5475,4,0
5476,1,8
5477,1,1
5478,4,9
5479,6,1
5480,3,2
5481,3,2
5482,2,4
5483,6,1
5484,1,1
5485,0,6
5486,5,6
5487,4,0
5488,4,0
5489,7,5
5490,2,4
5491,7,3
5492,4,9
5493,7,3
5494,1,1
5495,0,6
5496,4,7
5497,7,3
5498,4,0
5499,5,5
5500,1,1
5501,2,9
5502,4,0
5503,2,9
5504,1,7
5505,4,0
5506,7,5
5507,1,1
5508,9,2
5509,9,2
5510,7,3
5511,7,3
5512,4,0
5513,2,4
5514,4,0
5515,5,5
5516,1,1
5517,5,6
5518,8,9
5519,2,7
5520,1,1
5521,3,8
5522,4,9
5523,2,9
5524,5,6
5525,7,0
5526,8,5
5527,1,1
5528,3,2
5529,9,2
5530,1,1
5531,7,3
5532,4,9
5533,2,4
5534,7,8
5535,2,7
5536,5,8
5537,7,8
5538,1,9
5539,2,9
5540,1,7
5541,7,0
5542,7,3
5543,6,1
5544,2,9
5545,5,2
5546,2,7
5547,3,3
5548,7,8
5549,2,4
5550,7,5
5551,5,5
5552,1,1
5553,5,6
5554,5,6
5555,1,7
5556,5,6
5557,1,8
5558,1,9
5559,2,9
5560,4,0
5561,5,6
5562,7,3
5563,4,0
5564,1,7
5565,2,7
5566,5,6
5567,7,3
5568,1,7
5569,2,7
5570,1,1
5571,1,1
5572,4,9
5573,3,3
5574,1,8
5575,2,7
5576,5,6
5577,1,9
5578,1,3
5579,1,7
5580,4,4
5581,8,4
5582,1,1
5583,4,0
5584,1,7
5585,4,0
5586,5,6
5587,5,6
5588,1,3
5589,2,9
5590,2,4
5591,5,5
5592,2,9
5593,0,6
5594,1,8
5595,1,9
5596,1,7
5597,1,8
5598,7,5
5599,7,5
5600,0,6
5601,6,1
5602,1,2
5603,5,5
5604,4,0
5605,3,3
5606,7,5
5607,2,9
5608,4,0
5609,1,8
5610,1,1
5611,3,3
5612,4,0
5613,2,4
5614,1,9
5615,5,0
5616,1,3
5617,5,5
5618,3,2
5619,0,6
5620,8,5
5621,3,3
5622,4,0
5623,2,4
5624,6,2
5625,1,8
5626,1,7
5627,4,0
5628,1,8
5629,5,6
5630,1,1
5631,8,4
5632,7,6
5633,3,8
5634,0,6
5635,6,1
5636,2,4
5637,3,3
5638,1,2
5639,2,4
5640,3,3
5641,7,0
5642,7,3
5643,1,1
5644,6,1
5645,1,9
5646,4,0
5647,3,2
5648,1,1
5649,7,3
5650,6,7
5651,1,7
5652,4,7
5653,7,5
5654,0,6
5655,1,1
5656,3,2
5657,2,7
5658,4,9
5659,3,2
5660,3,3
5661,1,8
5662,4,0
5663,2,7
5664,1,9
5665,7,0
5666,8,5
5667,1,1
5668,7,5
5669,2,9
5670,1,8
5671,5,6
5672,4,9
5673,0,4
5674,4,0
5675,6,1
5676,1,7
5677,9,2
5678,7,5
5679,7,3
5680,7,8
5681,6,1
5682,5,6
5683,3,3
5684,9,6
5685,5,5
5686,5,6
5687,3,3
5688,7,5
5689,0,4
5690,4,0
5691,1,1
5692,4,0
5693,5,6
5694,4,0
5695,1,8
5696,7,8
5697,7,0
5698,4,0
5699,3,8
5700,1,2
5701,2,9
5702,7,3
5703,2,4
5704,2,9
5705,8,9
5706,6,2
5707,9,2
5708,1,1
5709,5,6
5710,1,3
5711,4,0
5712,7,5
5713,1,1
5714,6,1
5715,9,2
5716,1,7
5717,3,3
5718,2,9
5719,7,5
5720,0,4
5721,0,6
5722,1,2
5723,2,7
5724,3,2
5725,1,8
5726,4,9
5727,1,9
5728,5,3
5729,4,0
5730,5,0
5731,6,1
5732,1,1
5733,9,2
5734,2,4
5735,6,4
5736,1,3
5737,7,5
5738,7,3
5739,5,6
5740,5,9
5741,2,7
5742,8,5
5743,1,8
5744,1,2
5745,1,9
5746,8,9
5747,4,0
5748,5,3
5749,6,1
5750,5,6
5751,9,2
5752,8,5
5753,7,3
5754,1,7
5755,2,4
5756,1,1
5757,7,5
5758,1,2
5759,5,6
5760,6,1
5761,2,7
5762,9,2
5763,1,8
5764,2,4
5765,1,9
5766,0,6
5767,4,0
5768,1,7
5769,2,7
5770,7,3
5771,7,5
5772,0,6
5773,1,0
5774,5,6
5775,1,8
5776,7,5
5777,2,4
5778,2,7
5779,1,1
5780,8,6
5781,1,8
5782,5,6
5783,1,8
5784,1,7
5785,6,1
5786,1,7
5787,7,3
5788,7,3
5789,6,1
5790,5,2
5791,1,8
5792,4,4
5793,7,3
5794,4,9
5795,2,7
5796,4,4
5797,1,9
5798,7,3
5799,3,3
5800,1,8
5801,4,0
5802,9,6
5803,1,9
5804,5,6
5805,0,4
5806,1,9
5807,2,4
5808,4,0
5809,1,0
5810,5,6
5811,2,7
5812,7,3
5813,2,4
5814,1,1
5815,1,2
5816,1,2
5817,1,9
5818,1,7
5819,1,8
5820,1,3
5821,1,7
5822,4,4
5823,3,2
5824,1,1
5825,2,7
5826,5,6
5827,1,8
5828,7,5
5829,2,9
5830,4,0
5831,7,3
5832,0,6
5833,6,1
5834,1,1
5835,0,4
5836,4,9
5837,0,6
5838,7,3
5839,7,5
5840,1,1
5841,3,2
5842,3,1
5843,3,2
5844,4,0
5845,3,2
5846,5,6
5847,5,5
5848,8,6
5849,5,6
5850,1,1
5851,2,7
5852,3,3
5853,1,8
5854,8,4
5855,2,7
5856,7,5
5857,7,5
5858,7,3
5859,6,1
5860,8,9
5861,5,6
5862,1,1
5863,2,4
5864,1,1
5865,1,9
5866,7,5
5867,9,2
5868,4,9
5869,2,9
5870,7,3
5871,7,3
5872,7,5
5873,8,5
5874,2,9
5875,7,3
5876,1,1
5877,0,6
5878,2,9
5879,0,6
5880,2,4
5881,4,0
5882,1,1
5883,4,0
5884,4,0
5885,9,2
5886,4,0
5887,7,5
5888,4,0
5889,0,6
5890,9,2
5891,2,4
5892,4,9
5893,1,9
5894,7,8
5895,9,2
5896,1,8
5897,2,7
5898,8,9
5899,2,4
5900,3,2
5901,1,9
5902,5,2
5903,6,1
5904,8,5
5905,7,0
5906,1,7
5907,9,2
5908,3,2
5909,9,2
5910,5,6
5911,3,3
5912,1,7
5913,0,6
5914,1,2
5915,6,1
5916,7,8
5917,1,8
5918,4,9
5919,7,3
5920,0,6
5921,7,0
5922,3,3
5923,7,3
5924,1,9
5925,7,5
5926,7,3
5927,7,0
5928,1,2
5929,4,0
5930,1,1
5931,0,6
5932,4,0
5933,6,1
5934,7,5
5935,5,6
5936,1,4
5937,1,9
5938,4,0
5939,7,5
5940,1,9
5941,3,3
5942,7,3
5943,2,9
5944,2,4
5945,0,4
5946,4,7
5947,7,5
5948,5,6
5949,7,8
5950,6,1
5951,0,6
5952,1,2
5953,2,7
5954,8,4
5955,6,1
5956,8,6
5957,6,1
5958,7,3
5959,2,7
5960,2,4
5961,5,0
5962,5,6
5963,1,1
5964,8,9
5965,3,2
5966,1,1
5967,3,3
5968,7,7
5969,2,4
5970,1,3
5971,5,5
5972,5,8
5973,5,6
5974,1,3
5975,1,7
5976,1,7
5977,1,8
5978,4,0
5979,1,9
5980,7,3
5981,5,0
5982,9,4
5983,1,1
5984,7,5
5985,3,2
5986,1,7
5987,3,3
5988,5,2
5989,2,4
5990,0,6
5991,5,5
5992,2,9
5993,5,6
5994,1,1
5995,1,7
5996,5,6
5997,1,8
5998,5,6
5999,1,9
6000,5,6
6001,5,0
6002,1,1
6003,1,1
6004,7,5
6005,3,2
6006,1,8
6007,3,3
6008,4,0
6009,2,4
6010,1,9
6011,7,5
6012,1,2
6013,5,6
6014,1,7
6015,1,7
6016,7,3
6017,1,8
6018,8,5
6019,1,9
6020,1,1
6021,1,1
6022,7,8
6023,5,0
6024,0,6
6025,4,4
6026,8,5
6027,5,5
6028,0,4
6029,5,6
6030,1,8
6031,5,6
6032,7,3
6033,3,3
6034,4,0
6035,2,4
6036,8,9
6037,2,4
6038,3,2
6039,3,2
6040,7,3
6041,1,8
6042,4,9
6043,1,1
6044,9,2
6045,5,0
6046,1,7
6047,5,6
6048,7,3
6049,2,4
6050,1,7
6051,1,9
6052,1,1
6053,1,7
6054,1,7
6055,9,2
6056,3,2
6057,3,3
6058,2,4
6059,3,3
6060,3,2
6061,1,9
6062,1,1
6063,3,2
6064,2,7
6065,4,0
6066,7,8
6067,2,9
6068,7,5
6069,3,3
6070,6,1
6071,7,3
6072,1,8
6073,1,9
6074,1,9
6075,1,1
6076,4,0
6077,7,5
6078,2,9
6079,3,2
6080,9,2
6081,7,3
6082,6,1
6083,1,1
6084,4,9
6085,0,6
6086,7,5
6087,1,7
6088,4,7
6089,3,3
6090,0,6
6091,1,7
6092,4,9
6093,1,8
6094,1,0
6095,2,4
6096,7,5
6097,5,0
6098,1,3
6099,9,2
6100,1,9
6101,2,4
6102,7,6
6103,5,0
6104,1,1
6105,1,2
6106,7,3
6107,2,4
6108,6,1
6109,1,7
6110,6,1
6111,1,8
6112,7,5
6113,5,0
6114,1,2
6115,1,7
6116,1,1
6117,4,0
6118,7,3
6119,5,6
6120,0,4
6121,1,9
6122,1,1
6123,3,3
6124,1,2
6125,5,2
6126,9,2
6127,2,4
6128,0,4
6129,1,8
6130,6,7
6131,5,6
6132,1,7
6133,4,0
6134,1,7
6135,6,1
6136,1,8
6137,5,0
6138,3,2
6139,5,6
6140,1,7
6141,1,7
6142,1,1
6143,3,2
6144,1,2
6145,1,9
6146,4,0
6147,1,7
6148,7,3
6149,1,9
6150,5,6
6151,7,5
6152,5,8
6153,1,8
6154,8,4
6155,1,9
6156,4,9
6157,5,6
6158,1,8
6159,5,6
6160,2,4
6161,3,2
6162,4,9
6163,1,8
6164,1,9
6165,6,1
6166,2,9
6167,1,7
6168,1,2
6169,5,5
6170,7,3
6171,5,5
6172,3,2
6173,1,7
6174,8,9
6175,3,3
6176,1,7
6177,5,5
6178,5,6
6179,3,0
6180,7,5
6181,1,1
6182,7,3
6183,1,1
6184,4,4
6185,3,3
6186,1,1
6187,1,8
6188,8,5
6189,2,4
6190,3,2
6191,2,9
6192,6,1
6193,2,4
6194,5,6
6195,7,5
6196,7,8
6197,1,1
6198,7,5
6199,1,8
6200,7,5
6201,5,6
6202,2,7
6203,1,8
6204,3,2
6205,2,9
6206,1,1
6207,4,0
6208,1,1
6209,6,1
6210,4,4
6211,5,2
6212,3,2
6213,7,3
6214,7,8
6215,0,4
6216,7,3
6217,7,5
6218,8,4
6219,0,6
6220,2,4
6221,2,7
6222,9,2
6223,1,8
6224,1,7
6225,2,9
6226,8,1
6227,4,0
6228,4,0
6229,6,1
6230,7,3
6231,5,2
6232,1,1
6233,7,3
6234,4,9
6235,0,4
6236,8,6
6237,7,5
6238,4,9
6239,5,6
6240,7,8
6241,2,7
6242,7,8
6243,1,8
6244,1,1
6245,4,0
6246,5,6
6247,1,1
6248,1,7
6249,5,2
6250,1,7
6251,7,3
6252,3,2
6253,0,4
6254,2,1
6255,5,5
6256,4,4
6257,0,6
6258,4,4
6259,2,7
6260,2,4
6261,1,8
6262,6,1
6263,1,9
6264,8,5
6265,0,6
6266,5,6
6267,0,6
6268,2,4
6269,5,3
6270,1,2
6271,2,4
6272,1,9
6273,3,2
6274,7,5
6275,1,8
6276,7,5
6277,1,1
6278,2,7
6279,4,0
6280,4,7
6281,0,6
6282,7,3
6283,0,4
6284,1,8
6285,4,9
6286,3,3
6287,2,7
6288,7,8
6289,5,2
6290,5,5
6291,7,3
6292,4,0
6293,7,3
6294,2,9
6295,8,9
6296,3,0
6297,7,3
6298,7,3
6299,1,3
6300,7,5
6301,4,9
6302,4,0
6303,1,1
6304,1,7
6305,5,5
6306,4,9
6307,5,2
6308,4,4
6309,7,3
6310,2,9
6311,1,1
6312,0,4
6313,0,6
6314,4,4
6315,2,7
6316,4,0
6317,7,3
6318,1,1
6319,2,7
6320,4,0
6321,7,8
6322,7,8
6323,0,4
6324,8,5
6325,4,0
6326,4,0
6327,5,2
6328,1,1
6329,0,4
6330,4,0
6331,1,0
6332,4,0
6333,4,7
6334,1,9
6335,1,8
6336,9,4
6337,4,0
6338,5,6
6339,2,7
6340,7,3
6341,4,0
6342,1,3
6343,5,6
6344,3,2
6345,9,9
6346,7,5
6347,5,3
6348,5,2
6349,3,2
6350,7,3
6351,0,4
6352,8,5
6353,1,8
6354,7,8
6355,0,6
6356,1,1
6357,4,0
6358,1,7
6359,7,5
6360,1,2
6361,1,7
6362,1,3
6363,7,5
6364,7,8
6365,1,1
6366,1,1
6367,4,0
6368,7,9
6369,1,8
6370,8,5
6371,1,1
6372,6,1
6373,0,6
6374,7,5
6375,4,7
6376,4,9
6377,5,2
6378,1,7
6379,2,9
6380,6,1
6381,2,7
6382,8,9
6383,4,9
6384,6,1
6385,8,5
6386,5,2
6387,1,6
6388,5,6
6389,5,5
6390,1,8
6391,5,2
6392,5,6
6393,0,6
6394,4,0
6395,1,1
6396,5,6
6397,2,7
6398,7,3
6399,5,5
6400,4,0
6401,5,5
6402,5,6
6403,2,7
6404,1,8
6405,7,3
6406,3,0
6407,5,5
6408,1,1
6409,4,0
6410,3,3
6411,1,1
6412,7,5
6413,1,1
6414,1,2
6415,7,3
6416,1,3
6417,1,8
6418,0,5
6419,1,1
6420,3,3
6421,3,0
6422,4,0
6423,6,1
6424,9,4
6425,3,2
6426,5,5
6427,7,3
6428,5,3
6429,2,4
6430,7,3
6431,5,5
6432,6,7
6433,5,6
6434,8,5
6435,1,7
6436,1,1
6437,1,8
6438,8,9
6439,8,9
6440,7,3
6441,4,0
6442,1,2
6443,6,1
6444,4,0
6445,9,2
6446,4,0
6447,7,3
6448,5,4
6449,2,4
6450,7,3
6451,5,5
6452,0,6
6453,5,6
6454,2,4
6455,1,7
6456,0,6
6457,1,8
6458,1,1
6459,2,9
6460,1,9
6461,7,0
6462,9,4
6463,6,1
6464,8,6
6465,3,2
6466,3,2
6467,7,3
6468,4,0
6469,2,4
6470,1,8
6471,5,5
6472,8,5
6473,5,6
6474,5,6
6475,1,7
6476,4,7
6477,1,8
6478,3,2
6479,1,9
6480,9,2
6481,2,7
6482,0,6
6483,2,4
6484,4,4
6485,1,7
6486,8,6
6487,1,7
6488,1,1
6489,7,3
6490,2,4
6491,8,9
6492,1,2
6493,7,8
6494,1,2
6495,1,8
6496,5,0
6497,7,3
6498,7,8
6499,1,1
6500,7,3
6501,8,5
6502,4,0
6503,1,8
6504,7,5
6505,3,2
6506,1,8
6507,1,7
6508,7,8
6509,0,6
6510,2,7
6511,1,1
6512,7,8
6513,7,5
6514,4,9
6515,5,2
6516,7,3
6517,0,6
6518,4,9
6519,0,4
6520,4,9
6521,6,1
6522,7,3
6523,1,8
6524,7,5
6525,1,7
6526,0,6
6527,8,5
6528,1,7
6529,7,5
6530,1,1
6531,1,1
6532,4,4
6533,1,8
6534,1,8
6535,2,9
6536,0,4
6537,6,1
6538,4,0
6539,1,3
6540,3,2
6541,0,6
6542,1,9
6543,1,3
6544,1,8
6545,7,3
6546,2,4
6547,9,2
6548,8,6
6549,3,2
6550,1,7
6551,5,6
6552,2,4
6553,0,6
6554,6,1
6555,7,5
6556,0,4
6557,7,5
6558,1,1
6559,7,3
6560,1,4
6561,3,3
6562,5,6
6563,1,8
6564,4,9
6565,6,1
6566,9,7
6567,0,6
6568,6,1
6569,7,5
6570,1,1
6571,5,6
6572,5,6
6573,1,8
6574,5,6
6575,1,1
6576,5,3
6577,8,9
6578,5,6
6579,1,7
6580,7,8
6581,0,6
6582,5,8
6583,1,8
6584,7,3
6585,7,3
6586,1,1
6587,1,7
6588,4,9
6589,8,9
6590,1,7
6591,4,0
6592,3,3
6593,4,0
6594,7,3
6595,7,3
6596,0,4
6597,1,7
6598,9,4
6599,2,9
6600,2,7
6601,7,3
6602,0,6
6603,4,0
6604,5,8
6605,3,2
6606,7,8
6607,4,0
6608,8,4
6609,1,1
6610,7,5
6611,4,0
6612,7,3
6613,1,1
6614,4,0
6615,4,0
6616,1,7
6617,1,1
6618,1,8
6619,4,0
6620,1,8
6621,2,4
6622,7,8
6623,1,7
6624,3,2
6625,8,9
6626,3,2
6627,9,2
6628,3,2
6629,4,0
6630,4,0
6631,5,6
6632,7,3
6633,5,2
6634,1,9
6635,0,6
6636,7,5
6637,3,2
6638,5,6
6639,3,2
6640,6,1
6641,2,9
6642,1,2
6643,2,9
6644,5,5
6645,4,0
6646,7,5
6647,1,1
6648,4,0
6649,9,2
6650,1,7
6651,7,3
6652,2,4
6653,0,4
6654,1,1
6655,7,5
6656,4,4
6657,0,6
6658,4,3
6659,7,8
6660,7,5
6661,2,9
6662,7,3
6663,4,0
6664,7,5
6665,1,1
6666,4,7
6667,7,3
6668,7,9
6669,2,4
6670,5,6
6671,7,5
6672,9,4
6673,0,6
6674,2,4
6675,2,7
6676,4,0
6677,7,8
6678,1,1
6679,2,9
6680,7,5
6681,4,0
6682,1,1
6683,1,1
6684,4,0
6685,9,2
6686,1,7
6687,7,3
6688,1,7
6689,0,4
6690,5,6
6691,7,5
6692,5,6
6693,0,6
6694,0,9
6695,2,7
6696,1,7
6697,7,8
6698,1,1
6699,2,9
6700,4,0
6701,6,1
6702,1,1
6703,1,8
6704,4,0
6705,0,6
6706,7,3
6707,2,7
6708,0,0
6709,6,1
6710,7,3
6711,7,3
6712,8,5
6713,2,7
6714,8,4
6715,2,7
6716,4,4
6717,2,9
6718,1,1
6719,7,3
6720,5,6
6721,0,6
6722,4,7
6723,4,0
6724,4,4
6725,3,2
6726,0,6
6727,0,6
6728,7,8
6729,0,4
6730,4,0
6731,1,8
6732,5,6
6733,0,4
6734,4,9
6735,5,5
6736,6,1
6737,4,0
6738,4,0
6739,7,3
6740,1,7
6741,2,9
6742,0,6
6743,3,2
6744,1,8
6745,6,1
6746,3,8
6747,6,1
6748,1,1
6749,8,5
6750,3,3
6751,2,9
6752,1,7
6753,9,4
6754,7,3
6755,9,2
6756,1,7
6757,4,0
6758,4,0
6759,2,4
6760,1,8
6761,2,4
6762,7,3
6763,4,0
6764,3,2
6765,2,9
6766,7,3
6767,0,6
6768,4,0
6769,1,9
6770,1,7
6771,9,2
6772,7,5
6773,3,2
6774,1,8
6775,1,1
6776,7,5
6777,2,7
6778,2,4
6779,2,9
6780,3,2
6781,8,5
6782,7,5
6783,6,1
6784,7,3
6785,6,1
6786,7,5
6787,2,9
6788,7,8
6789,8,6
6790,8,9
6791,7,0
6792,7,8
6793,6,1
6794,4,4
6795,1,8
6796,5,6
6797,2,4
6798,0,4
6799,0,6
6800,5,6
6801,8,8
6802,4,0
6803,1,8
6804,2,4
6805,9,2
6806,1,8
6807,0,6
6808,2,8
6809,1,3
6810,8,4
6811,9,2
6812,2,4
6813,2,9
6814,7,8
6815,3,2
6816,1,8
6817,6,4
6818,2,7
6819,7,0
6820,2,9
6821,2,9
6822,1,1
6823,4,0
6824,4,7
6825,7,3
6826,3,3
6827,7,3
6828,8,6
6829,7,5
6830,8,5
6831,1,8
6832,4,0
6833,2,4
6834,1,1
6835,2,7
6836,7,5
6837,0,6
6838,8,9
6839,1,2
6840,7,5
6841,3,2
6842,4,9
6843,2,7
6844,7,3
6845,2,7
6846,6,2
6847,4,0
6848,4,5
6849,7,5
6850,1,9
6851,6,1
6852,7,5
6853,7,5
6854,0,6
6855,7,3
6856,1,3
6857,4,0
6858,3,3
6859,1,1
6860,3,2
6861,9,2
6862,1,7
6863,3,3
6864,1,1
6865,0,4
6866,4,7
6867,5,5
6868,7,5
6869,5,6
6870,1,1
6871,1,7
6872,4,9
6873,1,8
6874,8,6
6875,4,0
6876,8,6
6877,1,1
6878,4,7
6879,1,4
6880,1,1
6881,1,7
6882,1,7
6883,4,0
6884,7,5
6885,1,1
6886,2,9
6887,2,4
6888,7,5
6889,2,7
6890,4,4
6891,1,8
6892,7,3
6893,1,9
6894,7,3
6895,0,6
6896,4,8
6897,1,8
6898,3,3
6899,3,2
6900,6,1
6901,2,4
6902,1,7
6903,5,6
6904,1,3
6905,1,8
6906,7,3
6907,0,6
6908,1,7
6909,0,6
6910,1,2
6911,2,7
6912,7,3
6913,1,1
6914,2,7
6915,2,7
6916,1,8
6917,4,0
6918,4,9
6919,3,2
6920,5,3
6921,5,2
6922,2,9
6923,4,0
6924,1,8
6925,1,1
6926,1,1
6927,5,6
6928,4,0
6929,5,5
6930,5,6
6931,1,1
6932,2,7
6933,5,2
6934,4,9
6935,4,0
6936,8,5
6937,1,2
6938,7,8
6939,3,3
6940,7,8
6941,4,4
6942,3,8
6943,1,8
6944,5,2
6945,3,3
6946,6,1
6947,2,7
6948,1,2
6949,2,4
6950,2,9
6951,1,1
6952,1,8
6953,1,7
6954,5,6
6955,2,4
6956,1,7
6957,1,8
6958,4,0
6959,3,3
6960,4,0
6961,2,9
6962,4,8
6963,0,6
6964,1,9
6965,4,7
6966,3,3
6967,4,0
6968,4,0
6969,2,9
6970,5,0
6971,0,6
6972,4,0
6973,4,0
6974,1,2
6975,0,6
6976,7,8
6977,1,1
6978,7,5
6979,4,0
6980,7,5
6981,7,5
6982,5,6
6983,1,5
6984,7,5
6985,6,1
6986,1,7
6987,4,0
6988,7,5
6989,6,1
6990,2,4
6991,7,0
6992,3,2
6993,2,9
6994,1,8
6995,2,4
6996,8,4
6997,7,5
6998,1,1
6999,1,9
7000,1,8
7001,2,7
7002,4,4
7003,4,0
7004,4,0
7005,1,2
7006,1,9
7007,6,1
7008,5,6
7009,2,4
7010,9,7
7011,2,4
7012,4,0
7013,4,9
7014,3,2
7015,8,6
7016,1,9
7017,1,7
7018,4,0
7019,4,4
7020,1,1
7021,1,8
7022,1,1
7023,2,9
7024,7,5
7025,4,0
7026,1,8
7027,6,1
7028,1,7
7029,3,2
7030,1,3
7031,3,3
7032,7,5
7033,4,7
7034,7,8
7035,1,8
7036,2,4
7037,4,0
7038,4,0
7039,6,1
7040,1,1
7041,3,2
7042,7,8
7043,3,3
7044,5,5
7045,2,4
7046,7,3
7047,5,5
7048,1,8
7049,8,6
7050,4,0
7051,1,8
7052,3,0
7053,1,9
7054,1,7
7055,4,0
7056,1,9
7057,6,1
7058,3,3
7059,2,7
7060,1,1
7061,1,9
7062,4,0
7063,0,6
7064,5,6
7065,7,3
7066,4,0
7067,3,3
7068,8,5
7069,1,9
7070,4,9
7071,1,9
7072,3,2
7073,7,5
7074,1,1
7075,6,1
7076,7,8
7077,2,4
7078,1,1
7079,3,2
7080,7,3
7081,7,5
7082,1,2
7083,2,4
7084,1,1
7085,4,7
7086,5,6
7087,1,9
7088,5,2
7089,6,1
7090,4,4
7091,5,5
7092,1,7
7093,3,2
7094,8,9
7095,0,6
7096,5,6
7097,3,3
7098,4,9
7099,1,7
7100,2,4
7101,1,8
7102,0,6
7103,7,5
7104,5,6
7105,6,1
7106,1,3
7107,3,2
7108,4,9
7109,0,6
7110,1,9
7111,0,6
7112,7,5
7113,4,7
7114,8,5
7115,1,8
7116,1,1
7117,1,8
7118,1,9
7119,1,1
7120,0,4
7121,1,8
7122,1,8
7123,3,3
7124,0,4
7125,1,7
7126,0,6
7127,4,0
7128,4,0
7129,4,0
7130,4,0
7131,6,1
7132,7,3
7133,8,5
7134,7,3
7135,4,0
7136,3,8
7137,7,5
7138,1,1
7139,9,2
7140,3,2
7141,1,8
7142,7,8
7143,4,0
7144,8,5
7145,2,4
7146,1,2
7147,7,3
7148,1,9
7149,6,1
7150,7,3
7151,7,8
7152,4,4
7153,3,2
7154,7,5
7155,1,9
7156,7,3
7157,1,9
7158,4,0
7159,7,5
7160,1,1
7161,3,2
7162,7,3
7163,0,6
7164,4,0
7165,8,5
7166,0,4
7167,2,7
7168,5,8
7169,6,1
7170,1,2
7171,1,9
7172,5,5
7173,6,7
7174,1,7
7175,6,1
7176,6,1
7177,3,2
7178,0,4
7179,5,6
7180,2,9
7181,4,0
7182,1,8
7183,4,0
7184,7,8
7185,6,1
7186,4,4
7187,3,2
7188,1,1
7189,1,3
7190,1,8
7191,2,4
7192,1,3
7193,8,5
7194,2,9
7195,0,6
7196,1,2
7197,2,7
7198,4,9
7199,1,8
7200,1,9
7201,2,9
7202,0,6
7203,4,0
7204,0,4
7205,6,1
7206,5,6
7207,1,2
7208,4,9
7209,7,3
7210,2,7
7211,2,4
7212,5,6
7213,1,7
7214,1,3
7215,1,8
7216,7,5
7217,1,9
7218,7,8
7219,7,0
7220,5,6
7221,6,1
7222,1,1
7223,9,2
7224,5,6
7225,7,3
7226,6,7
7227,6,4
7228,7,8
7229,2,7
7230,5,6
7231,6,8
7232,8,5
7233,6,9
7234,1,1
7235,7,5
7236,1,7
7237,6,1
7238,7,5
7239,2,9
7240,1,1
7241,2,9
7242,3,2
7243,1,0
7244,7,5
7245,2,9
7246,7,5
7247,4,0
7248,2,4
7249,7,5
7250,1,3
7251,2,9
7252,2,9
7253,6,1
7254,4,0
7255,2,7
7256,1,9
7257,3,2
7258,1,9
7259,3,2
7260,8,5
7261,3,3
7262,1,2
7263,7,3
7264,1,9
7265,9,2
7266,1,2
7267,4,0
7268,5,6
7269,2,9
7270,8,5
7271,7,0
7272,4,0
7273,0,6
7274,4,9
7275,6,1
7276,5,5
7277,2,7
7278,6,7
7279,7,5
7280,4,4
7281,4,0
7282,2,4
7283,7,3
7284,1,7
7285,0,4
7286,4,0
7287,2,7
7288,7,3
7289,8,6
7290,1,8
7291,0,6
7292,1,2
7293,7,3
7294,5,6
7295,7,3
7296,2,4
7297,1,8
7298,8,6
7299,6,4
7300,1,8
7301,2,7
7302,7,5
7303,6,1
7304,1,7
7305,4,0
7306,2,7
7307,7,8
7308,1,8
7309,2,7
7310,2,9
7311,5,5
7312,8,9
7313,9,2
7314,1,7
7315,6,1
7316,3,8
7317,6,1
7318,4,0
7319,6,4
7320,1,8
7321,7,5
7322,7,3
7323,7,5
7324,1,1
7325,4,0
7326,1,2
7327,2,4
7328,1,8
7329,1,8
7330,6,1
7331,2,7
7332,7,3
7333,6,4
7334,1,7
7335,2,9
7336,1,3
7337,3,2
7338,4,0
7339,7,3
7340,2,7
7341,0,6
7342,5,6
7343,0,4
7344,1,2
7345,6,1
7346,8,5
7347,6,2
7348,1,7
7349,6,1
7350,2,4
7351,5,5
7352,4,7
7353,3,2
7354,5,5
7355,4,0
7356,1,8
7357,2,4
7358,4,0
7359,8,8
7360,3,2
7361,0,6
7362,1,7
7363,6,1
7364,4,0
7365,8,9
7366,2,4
7367,7,3
7368,8,5
7369,3,2
7370,1,2
7371,4,0
7372,4,0
7373,4,0
7374,7,5
7375,3,2
7376,7,8
7377,7,5
7378,4,0
7379,5,6
7380,1,7
7381,2,9
7382,8,5
7383,1,3
7384,1,7
7385,5,6
7386,2,7
7387,3,3
7388,1,7
7389,8,6
7390,8,5
7391,4,0
7392,9,2
7393,1,1
7394,5,2
7395,3,2
7396,3,3
7397,7,3
7398,5,6
7399,2,4
7400,1,8
7401,5,6
7402,1,1
7403,2,7
7404,6,1
7405,1,8
7406,1,1
7407,2,9
7408,9,2
7409,4,0
7410,1,1
7411,1,1
7412,7,3
7413,3,2
7414,3,2
7415,7,3
7416,4,9
7417,2,4
7418,4,7
7419,7,5
7420,1,7
7421,6,1
7422,7,3
7423,2,7
7424,1,1
7425,1,8
7426,0,4
7427,4,0
7428,3,2
7429,6,1
7430,4,9
7431,3,2
7432,1,2
7433,7,3
7434,0,6
7435,1,1
7436,7,8
7437,4,7
7438,3,7
7439,1,8
7440,1,1
7441,1,8
7442,2,4
7443,7,5
7444,7,5
7445,2,7
7446,1,7
7447,1,9
7448,8,5
7449,7,5
7450,7,8
7451,4,0
7452,8,6
7453,1,8
7454,6,1
7455,7,3
7456,5,6
7457,7,5
7458,4,0
7459,6,4
7460,8,6
7461,1,8
7462,4,0
7463,7,3
7464,2,4
7465,4,0
7466,1,0
7467,3,2
7468,2,9
7469,6,1
7470,1,7
7471,4,0
7472,6,1
7473,3,2
7474,4,9
7475,7,5
7476,1,2
7477,7,8
7478,1,9
7479,1,8
7480,7,5
7481,7,5
7482,7,5
7483,3,3
7484,3,2
7485,4,0
7486,1,2
7487,8,4
7488,7,8
7489,2,4
7490,5,6
7491,6,1
7492,4,9
7493,5,6
7494,1,7
7495,1,1
7496,6,1
7497,7,3
7498,8,5
7499,4,0
7500,3,2
7501,7,3
7502,2,4
7503,5,6
7504,5,6
7505,2,9
7506,4,0
7507,7,3
7508,7,8
7509,2,7
7510,3,2
7511,1,9
7512,3,8
7513,2,7
7514,1,8
7515,4,0
7516,5,6
7517,2,4
7518,1,9
7519,1,8
7520,9,2
7521,7,3
7522,5,6
7523,3,2
7524,1,1
7525,2,7
7526,1,4
7527,2,7
7528,1,2
7529,1,9
7530,6,7
7531,7,5
7532,1,1
7533,1,1
7534,2,7
7535,7,5
7536,1,1
7537,3,2
7538,4,9
7539,1,8
7540,7,8
7541,1,9
7542,1,1
7543,5,6
7544,8,6
7545,2,9
7546,7,5
7547,4,7
7548,4,0
7549,5,6
7550,7,8
7551,6,4
7552,4,0
7553,6,1
7554,3,2
7555,1,2
7556,7,3
7557,4,0
7558,1,1
7559,5,6
7560,0,4
7561,1,1
7562,0,6
7563,1,1
7564,5,6
7565,2,7
7566,4,0
7567,3,2
7568,1,7
7569,3,3
7570,8,8
7571,5,6
7572,1,1
7573,2,4
7574,1,1
7575,1,8
7576,9,2
7577,5,6
7578,8,4
7579,2,4
7580,5,6
7581,5,6
7582,1,3
7583,7,5
7584,7,3
7585,4,0
7586,7,8
7587,3,2
7588,1,1
7589,7,0
7590,3,3
7591,7,5
7592,7,5
7593,5,6
7594,3,2
7595,7,5
7596,0,4
7597,5,0
7598,0,6
7599,8,1
7600,3,3
7601,3,2
7602,1,9
7603,6,1
7604,7,8
7605,4,7
7606,1,8
7607,1,8
7608,1,7
7609,6,1
7610,2,7
7611,2,4
7612,1,2
7613,7,3
7614,3,2
7615,3,2
7616,2,7
7617,1,8
7618,7,3
7619,3,2
7620,1,9
7621,4,7
7622,1,1
7623,1,9
7624,3,2
7625,7,3
7626,7,3
7627,1,9
7628,1,2
7629,4,0
7630,1,1
7631,6,1
7632,1,1
7633,9,2
7634,3,3
7635,7,3
7636,8,8
7637,2,4
7638,1,8
7639,5,5
7640,7,5
7641,5,6
7642,1,8
7643,2,7
7644,1,7
7645,1,8
7646,9,2
7647,2,9
7648,4,0
7649,5,0
7650,1,1
7651,6,1
7652,2,4
7653,5,2
7654,3,2
7655,3,3
7656,6,1
7657,2,4
7658,1,1
7659,7,5
7660,1,3
7661,5,6
7662,0,6
7663,1,7
7664,4,0
7665,1,8
7666,7,3
7667,2,9
7668,6,1
7669,5,0
7670,7,5
7671,6,1
7672,7,3
7673,9,2
7674,7,8
7675,3,3
7676,4,9
7677,2,4
7678,7,3
7679,1,7
7680,1,9
7681,7,8
7682,7,8
7683,1,9
7684,5,6
7685,4,0
7686,1,7
7687,5,0
7688,1,2
7689,6,1
7690,1,9
7691,4,0
7692,1,3
7693,6,1
7694,1,7
7695,3,2
7696,1,1
7697,1,7
7698,7,3
7699,5,5
7700,5,6
7701,7,3
7702,2,9
7703,2,4
7704,1,8
7705,2,4
7706,3,2
7707,5,0
7708,4,0
7709,4,0
7710,4,0
7711,0,6
7712,1,8
7713,2,9
7714,2,9
7715,5,6
7716,6,1
7717,0,6
7718,8,6
7719,3,2
7720,1,1
7721,3,3
7722,8,4
7723,2,4
7724,5,6
7725,2,4
7726,2,4
7727,1,9
7728,4,0
7729,6,1
7730,4,7
7731,2,7
7732,1,2
7733,2,9
7734,2,4
7735,5,5
7736,5,2
7737,1,7
7738,7,5
7739,5,5
7740,7,5
7741,5,6
7742,1,9
7743,3,2
7744,5,6
7745,7,3
7746,6,1
7747,6,1
7748,1,1
7749,2,4
7750,1,8
7751,0,4
7752,6,1
7753,4,0
7754,2,7
7755,8,9
7756,8,9
7757,1,9
7758,1,2
7759,5,6
7760,1,2
7761,6,1
7762,5,3
7763,1,8
7764,6,1
7765,7,3
7766,7,3
7767,5,3
7768,5,8
7769,1,7
7770,1,7
7771,7,3
7772,1,2
7773,8,9
7774,1,9
7775,1,8
7776,3,2
7777,1,8
7778,3,3
7779,2,4
7780,3,2
7781,1,7
7782,3,2
7783,1,7
7784,1,3
7785,5,6
7786,7,0
7787,3,2
7788,1,1
7789,6,1
7790,5,2
7791,2,9
7792,3,2
7793,7,8
7794,3,3
7795,1,7
7796,1,2
7797,1,8
7798,1,9
7799,1,8
7800,3,3
7801,3,2
7802,8,5
7803,3,3
7804,4,4
7805,8,9
7806,1,1
7807,7,0
7808,1,7
7809,1,7
7810,1,8
7811,2,9
7812,2,9
7813,3,0
7814,1,8
7815,0,6
7816,4,0
7817,2,4
7818,9,2
7819,6,1
7820,7,5
7821,6,1
7822,1,9
7823,9,2
7824,7,8
7825,1,8
7826,2,4
7827,3,2
7828,1,1
7829,5,6
7830,4,0
7831,6,1
7832,1,3
7833,5,5
7834,1,1
7835,3,0
7836,1,8
7837,1,1
7838,1,1
7839,9,2
7840,7,5
7841,3,3
7842,7,5
7843,4,4
7844,1,8
7845,8,5
7846,4,0
7847,5,6
7848,8,5
7849,4,7
7850,1,1
7851,4,8
7852,1,7
7853,1,9
7854,0,4
7855,5,0
7856,7,8
7857,1,1
7858,4,0
7859,9,2
7860,5,1
7861,3,3
7862,7,3
7863,4,4
7864,4,4
7865,5,5
7866,1,7
7867,0,6
7868,5,6
7869,1,7
7870,5,2
7871,1,8
7872,1,8
7873,1,9
7874,4,0
7875,5,0
7876,1,1
7877,1,1
7878,3,3
7879,5,2
7880,0,6
7881,3,3
7882,4,0
7883,2,4
7884,7,5
7885,5,5
7886,7,9
7887,5,6
7888,7,5
7889,2,7
7890,1,9
7891,1,8
7892,4,0
7893,1,9
7894,4,0
7895,9,2
7896,1,1
7897,9,2
7898,1,1
7899,1,7
7900,7,5
7901,5,6
7902,7,5
7903,2,4
7904,4,9
7905,4,0
7906,1,7
7907,5,5
7908,1,8
7909,2,8
7910,1,1
7911,9,0
7912,6,1
7913,1,7
7914,2,4
7915,1,3
7916,3,2
7917,5,5
7918,1,8
7919,2,4
7920,3,2
7921,1,1
7922,8,9
7923,1,8
7924,4,8
7925,4,0
7926,5,6
7927,5,5
7928,1,8
7929,3,2
7930,3,0
7931,1,7
7932,4,0
7933,5,2
7934,4,0
7935,3,3
7936,1,9
7937,0,6
7938,6,1
7939,9,2
7940,1,9
7941,1,1
7942,9,2
7943,2,7
7944,1,0
7945,1,7
7946,4,9
7947,2,9
7948,4,0
7949,4,9
7950,1,7
7951,1,1
7952,1,9
7953,9,2
7954,4,0
7955,2,4
7956,1,8
7957,0,6
7958,4,4
7959,2,7
7960,1,2
7961,1,7
7962,5,5
7963,5,5
7964,7,5
7965,4,4
7966,1,3
7967,5,5
7968,5,6
7969,4,0
7970,5,6
7971,1,1
7972,8,6
7973,1,1
7974,2,4
7975,1,9
7976,7,3
7977,4,9
7978,4,0
7979,1,8
7980,7,3
7981,4,0
7982,7,3
7983,9,2
7984,1,4
7985,4,0
7986,3,2
7987,3,3
7988,8,5
7989,5,5
7990,5,6
7991,5,6
7992,1,7
7993,1,1
7994,1,7
7995,1,8
7996,6,1
7997,0,6
7998,7,5
7999,4,4
8000,5,0
8001,5,6
8002,9,2
8003,4,0
8004,5,6
8005,4,9
8006,4,4
8007,3,2
8008,1,8
8009,5,6
8010,7,5
8011,2,4
8012,1,3
8013,3,3
8014,7,3
8015,2,9
8016,4,0
8017,3,3
8018,7,3
8019,5,0
8020,1,7
8021,5,0
8022,5,5
8023,5,5
8024,9,2
8025,9,2
8026,8,4
8027,7,5
8028,4,0
8029,1,8
8030,2,9
8031,1,8
8032,1,1
8033,1,8
8034,8,6
8035,8,9
8036,2,9
8037,2,4
8038,1,7
8039,3,3
8040,1,1
8041,2,4
8042,5,6
8043,9,2
8044,1,7
8045,1,8
8046,4,0
8047,1,8
8048,3,3
8049,1,7
8050,4,0
8051,1,1
8052,1,3
8053,1,1
8054,7,3
8055,1,3
8056,8,5
8057,0,6
8058,3,2
8059,4,9
8060,4,9
8061,2,4
8062,8,5
8063,1,1
8064,5,6
8065,3,3
8066,8,9
8067,1,8
8068,1,7
8069,1,7
8070,1,1
8071,5,6
8072,0,6
8073,8,9
8074,5,6
8075,3,3
8076,5,6
8077,3,3
8078,1,2
8079,1,7
8080,6,1
8081,2,4
8082,3,2
8083,6,1
8084,4,7
8085,4,9
8086,2,4
8087,1,1
8088,4,0
8089,5,0
8090,1,7
8091,0,6
8092,1,1
8093,7,0
8094,3,3
8095,6,1
8096,4,0
8097,5,2
8098,4,0
8099,3,3
8100,0,6
8101,2,4
8102,9,2
8103,7,5
8104,1,5
8105,0,6
8106,1,1
8107,1,7
8108,4,0
8109,1,8
8110,1,0
8111,2,9
8112,1,1
8113,7,0
8114,1,7
8115,3,3
8116,4,0
8117,2,4
8118,3,8
8119,8,5
8120,3,3
8121,0,6
8122,3,3
8123,1,7
8124,1,1
8125,1,8
8126,8,5
8127,2,9
8128,7,5
8129,4,0
8130,1,7
8131,6,1
8132,7,8
8133,3,2
8134,4,0
8135,3,3
8136,3,8
8137,1,7
8138,2,7
8139,1,8
8140,5,6
8141,2,9
8142,1,7
8143,1,7
8144,1,7
8145,0,6
8146,0,6
8147,4,0
8148,7,8
8149,0,6
8150,0,6
8151,0,6
8152,1,2
8153,0,6
8154,3,2
8155,1,9
8156,1,1
8157,4,0
8158,4,0
8159,4,0
8160,1,1
8161,6,1
8162,6,1
8163,7,3
8164,3,3
8165,2,9
8166,1,1
8167,2,7
8168,1,7
8169,3,3
8170,1,7
8171,1,8
8172,4,0
8173,7,5
8174,8,4
8175,1,8
8176,6,1
8177,6,1
8178,7,5
8179,2,4
8180,1,1
8181,1,8
8182,1,7
8183,8,5
8184,7,3
8185,6,1
8186,2,7
8187,4,0
8188,3,3
8189,6,1
8190,8,5
8191,0,6
8192,3,3
8193,4,0
8194,1,1
8195,3,3
8196,2,7
8197,1,8
8198,2,7
8199,2,9
8200,5,3
8201,3,2
8202,1,2
8203,6,1
8204,1,2
8205,1,7
8206,5,6
8207,9,4
8208,8,4
8209,5,5
8210,1,8
8211,3,2
8212,1,2
8213,1,8
8214,1,7
8215,2,4
8216,9,9
8217,2,7
8218,1,1
8219,6,1
8220,2,9
8221,3,8
8222,1,1
8223,1,0
8224,5,6
8225,0,6
8226,3,2
8227,7,3
8228,1,3
8229,9,2
8230,1,3
8231,2,9
8232,1,7
8233,7,0
8234,7,8
8235,0,4
8236,7,3
8237,1,7
8238,1,9
8239,2,4
8240,4,4
8241,3,3
8242,1,8
8243,2,4
8244,2,9
8245,7,5
8246,7,3
8247,4,0
8248,1,7
8249,4,0
8250,4,0
8251,9,2
8252,8,5
8253,7,0
8254,1,3
8255,1,1
8256,1,7
8257,5,2
8258,1,1
8259,7,3
8260,7,5
8261,2,4
8262,1,0
8263,5,5
8264,7,3
8265,5,6
8266,0,4
8267,2,7
8268,4,7
8269,1,8
8270,0,4
8271,1,9
8272,4,0
8273,3,0
8274,4,0
8275,1,1
8276,4,9
8277,3,2
8278,4,4
8279,3,3
8280,4,7
8281,6,4
8282,5,6
8283,1,7
8284,4,0
8285,1,8
8286,1,7
8287,1,9
8288,4,0
8289,5,0
8290,0,6
8291,6,1
8292,3,2
8293,3,2
8294,4,0
8295,3,3
8296,1,1
8297,6,7
8298,1,4
8299,1,8
8300,4,8
8301,1,9
8302,1,7
8303,1,8
8304,4,0
8305,0,6
8306,1,8
8307,5,5
8308,4,9
8309,4,0
8310,1,8
8311,5,6
8312,5,6
8313,1,8
8314,5,6
8315,1,9
8316,8,9
8317,2,4
8318,4,9
8319,6,1
8320,7,5
8321,1,9
8322,4,9
8323,5,0
8324,7,8
8325,2,4
8326,0,6
8327,1,8
8328,0,6
8329,1,9
8330,6,1
8331,6,1
8332,1,1
8333,2,4
8334,3,2
8335,5,0
8336,5,6
8337,5,5
8338,3,3
8339,5,5
8340,7,8
8341,2,4
8342,5,2
8343,7,0
8344,0,4
8345,2,7
8346,0,4
8347,5,6
8348,1,1
8349,7,0
8350,7,3
8351,6,1
8352,5,6
8353,2,7
8354,4,0
8355,3,0
8356,4,9
8357,0,6
8358,4,9
8359,1,8
8360,7,3
8361,2,7
8362,1,7
8363,1,9
8364,4,7
8365,1,8
8366,1,8
8367,5,6
8368,4,0
8369,4,0
8370,8,4
8371,1,8
8372,1,2
8373,6,1
8374,9,2
8375,2,7
8376,0,6
8377,2,7
8378,7,8
8379,6,1
8380,4,4
8381,3,3
8382,1,1
8383,6,1
8384,0,6
8385,5,0
8386,1,8
8387,4,0
8388,1,1
8389,2,7
8390,1,2
8391,1,8
8392,7,5
8393,1,9
8394,6,1
8395,7,3
8396,1,7
8397,1,8
8398,0,6
8399,2,4
8400,2,4
8401,1,7
8402,6,1
8403,9,2
8404,2,9
8405,3,3
8406,1,3
8407,5,6
8408,8,9
8409,1,9
8410,5,6
8411,9,2
8412,4,4
8413,9,2
8414,5,5
8415,6,4
8416,1,9
8417,0,6
8418,6,1
8419,5,5
8420,5,6
8421,7,5
8422,1,1
8423,6,1
8424,4,9
8425,3,3
8426,7,5
8427,3,3
8428,6,2
8429,2,7
8430,6,1
8431,1,8
8432,1,8
8433,9,2
8434,7,5
8435,5,5
8436,1,7
8437,1,7
8438,2,4
8439,2,9
8440,4,9
8441,1,8
8442,4,9
8443,9,2
8444,2,7
8445,6,1
8446,9,2
8447,5,3
8448,4,9
8449,1,0
8450,1,3
8451,1,1
8452,1,1
8453,5,2
8454,0,6
8455,3,3
8456,1,1
8457,2,4
8458,1,4
8459,7,5
8460,9,2
8461,0,6
8462,5,6
8463,2,7
8464,1,1
8465,1,8
8466,4,4
8467,1,9
8468,8,9
8469,5,0
8470,1,2
8471,1,1
8472,4,0
8473,3,2
8474,3,2
8475,3,3
8476,1,7
8477,4,4
8478,5,6
8479,7,5
8480,1,2
8481,5,6
8482,1,8
8483,2,7
8484,1,9
8485,8,8
8486,1,1
8487,1,9
8488,8,6
8489,5,0
8490,3,2
8491,1,1
8492,1,9
8493,3,2
8494,7,3
8495,2,4
8496,1,8
8497,5,6
8498,7,3
8499,2,7
8500,5,6
8501,1,8
8502,1,7
8503,1,9
8504,7,5
8505,3,3
8506,1,1
8507,1,8
8508,0,4
8509,5,0
8510,4,9
8511,2,7
8512,1,1
8513,1,1
8514,2,9
8515,5,0
8516,4,7
8517,2,7
8518,8,9
8519,8,5
8520,7,8
8521,7,5
8522,7,8
8523,5,6
8524,3,3
8525,1,9
8526,5,6
8527,5,0
8528,7,3
8529,1,1
8530,6,1
8531,4,0
8532,4,6
8533,4,0
8534,1,4
8535,8,8
8536,1,8
8537,7,3
8538,1,1
8539,4,4
8540,1,0
8541,3,3
8542,1,1
8543,1,1
8544,7,3
8545,5,0
8546,5,6
8547,1,9
8548,7,5
8549,8,5
8550,1,1
8551,3,3
8552,5,2
8553,2,4
8554,7,3
8555,1,9
8556,1,7
8557,7,3
8558,2,9
8559,2,7
8560,8,4
8561,0,6
8562,1,7
8563,1,9
8564,3,2
8565,3,2
8566,1,7
8567,2,4
8568,7,3
8569,8,5
8570,2,4
8571,2,7
8572,4,7
8573,3,2
8574,1,1
8575,1,1
8576,1,7
8577,0,6
8578,6,1
8579,2,4
8580,4,4
8581,1,9
8582,1,2
8583,2,4
8584,7,8
8585,1,9
8586,9,9
8587,2,4
8588,6,1
8589,1,1
8590,0,6
8591,3,2
8592,4,9
8593,3,2
8594,1,7
8595,1,1
8596,4,7
8597,7,3
8598,3,2
8599,3,2
8600,2,4
8601,1,9
8602,1,1
8603,2,4
8604,1,7
8605,3,3
8606,7,3
8607,1,8
8608,4,9
8609,3,2
8610,6,1
8611,3,2
8612,4,0
8613,3,2
8614,5,2
8615,1,1
8616,1,7
8617,3,2
8618,1,8
8619,1,8
8620,2,9
8621,0,6
8622,2,4
8623,7,5
8624,7,5
8625,1,1
8626,1,9
8627,5,6
8628,0,6
8629,4,7
8630,2,9
8631,5,2
8632,1,2
8633,1,1
8634,4,4
8635,7,3
8636,5,6
8637,1,7
8638,9,6
8639,7,5
8640,3,2
8641,1,9
8642,7,5
8643,7,3
8644,2,4
8645,2,8
8646,5,5
8647,2,7
8648,1,1
8649,8,5
8650,0,4
8651,2,7
8652,6,1
8653,3,0
8654,2,9
8655,2,7
8656,7,5
8657,2,4
8658,5,6
8659,1,8
8660,1,1
8661,8,8
8662,7,8
8663,3,3
8664,6,1
8665,2,7
8666,7,8
8667,5,6
8668,8,5
8669,1,9
8670,1,2
8671,1,9
8672,7,3
8673,2,4
8674,9,9
8675,1,8
8676,7,5
8677,2,4
8678,8,1
8679,6,1
8680,5,8
8681,4,0
8682,4,0
8683,0,6
8684,3,3
8685,5,6
8686,1,8
8687,4,0
8688,5,6
8689,1,1
8690,1,8
8691,1,2
8692,0,6
8693,1,3
8694,1,8
8695,4,4
8696,1,4
8697,0,6
8698,1,7
8699,2,7
8700,5,3
8701,6,8
8702,4,9
8703,7,0
8704,1,1
8705,1,1
8706,2,4
8707,3,2
8708,7,3
8709,1,3
8710,7,3
8711,2,4
8712,5,5
8713,7,5
8714,7,9
8715,5,6
8716,7,3
8717,2,7
8718,1,7
8719,1,8
8720,5,6
8721,8,9
8722,1,8
8723,7,0
8724,4,0
8725,6,1
8726,8,6
8727,3,2
8728,7,5
8729,2,3
8730,1,8
8731,7,5
8732,1,8
8733,5,6
8734,5,5
8735,1,7
8736,7,9
8737,0,4
8738,6,1
8739,4,0
8740,1,2
8741,2,7
8742,9,2
8743,9,2
8744,7,5
8745,1,9
8746,1,8
8747,1,4
8748,7,5
8749,5,2
8750,4,9
8751,1,9
8752,3,2
8753,1,8
8754,4,0
8755,8,4
8756,3,3
8757,7,5
8758,2,7
8759,1,8
8760,6,1
8761,6,8
8762,7,3
8763,9,0
8764,1,8
8765,1,3
8766,7,5
8767,8,5
8768,4,4
8769,8,4
8770,8,6
8771,1,3
8772,2,1
8773,1,3
8774,5,6
8775,8,4
8776,8,9
8777,0,6
8778,1,1
8779,8,5
8780,7,8
8781,6,1
8782,7,8
8783,1,7
8784,9,2
8785,6,8
8786,7,3
8787,8,4
8788,4,0
8789,7,5
8790,1,3
8791,1,7
8792,5,6
8793,6,2
8794,1,3
8795,1,3
8796,2,4
8797,8,6
8798,1,7
8799,5,6
8800,3,3
8801,1,7
8802,2,9
8803,2,7
8804,1,7
8805,1,7
8806,6,1
8807,0,6
8808,7,3
8809,4,0
8810,5,2
8811,6,1
8812,4,0
8813,4,0
8814,8,6
8815,1,1
8816,5,3
8817,0,6
8818,1,3
8819,8,5
8820,0,6
8821,1,3
8822,5,6
8823,1,1
8824,7,3
8825,2,4
8826,5,6
8827,1,7
8828,1,7
8829,0,6
8830,7,3
8831,3,2
8832,2,4
8833,5,2
8834,9,2
8835,8,5
8836,1,1
8837,1,9
8838,4,0
8839,6,1
8840,2,4
8841,1,2
8842,8,4
8843,5,2
8844,5,2
8845,2,7
8846,8,6
8847,8,9
8848,9,6
8849,1,7
8850,5,6
8851,2,9
8852,3,2
8853,1,2
8854,2,4
8855,3,0
8856,7,5
8857,1,4
8858,3,2
8859,1,8
8860,8,6
8861,2,7
8862,0,6
8863,1,0
8864,1,2
8865,1,3
8866,1,7
8867,6,8
8868,0,6
8869,2,4
8870,0,6
8871,5,6
8872,0,4
8873,6,1
8874,2,4
8875,2,4
8876,8,5
8877,4,0
8878,1,2
8879,1,3
8880,7,3
8881,0,6
8882,7,3
8883,1,2
8884,3,3
8885,4,0
8886,9,2
8887,8,4
8888,7,3
8889,1,8
8890,1,4
8891,6,1
8892,1,8
8893,1,3
8894,4,0
8895,6,1
8896,5,0
8897,4,0
8898,8,6
8899,1,9
8900,8,5
8901,4,0
8902,4,9
8903,1,1
8904,3,1
8905,1,2
8906,4,4
8907,7,3
8908,8,6
8909,7,5
8910,2,7
8911,0,6
8912,4,0
8913,1,7
8914,8,4
8915,1,8
8916,1,1
8917,4,0
8918,1,8
8919,6,1
8920,1,8
8921,9,2
8922,1,2
8923,7,3
8924,5,2
8925,2,4
8926,4,0
8927,8,5
8928,1,8
8929,0,6
8930,2,4
8931,1,7
8932,5,0
8933,1,8
8934,1,1
8935,4,0
8936,7,3
8937,6,1
8938,7,5
8939,1,2
8940,7,6
8941,7,3
8942,5,6
8943,2,4
8944,2,4
8945,7,5
8946,3,3
8947,0,6
8948,7,3
8949,1,7
8950,0,4
8951,1,8
8952,3,2
8953,8,9
8954,4,7
8955,1,8
8956,2,4
8957,1,3
8958,7,3
8959,1,7
8960,1,2
8961,4,0
8962,0,4
8963,1,1
8964,4,4
8965,1,7
8966,1,2
8967,7,3
8968,4,9
8969,4,0
8970,6,1
8971,1,9
8972,1,2
8973,2,4
8974,8,6
8975,8,5
8976,7,3
8977,3,2
8978,4,2
8979,4,0
8980,1,7
8981,5,6
8982,4,0
8983,1,2
8984,1,1
8985,1,1
8986,7,5
8987,1,1
8988,7,5
8989,1,1
8990,4,7
8991,1,7
8992,1,1
8993,1,2
8994,5,6
8995,2,4
8996,2,4
8997,3,2
8998,1,9
8999,8,9
9000,5,6
9001,1,7
9002,1,9
9003,4,0
9004,5,3
9005,4,0
9006,3,3
9007,1,7
9008,3,8
9009,7,5
9010,5,6
9011,6,1
9012,1,1
9013,6,1
9014,3,8
9015,0,6
9016,5,6
9017,1,1
9018,4,0
9019,1,8
9020,7,8
9021,3,2
9022,1,7
9023,1,7
9024,0,6
9025,2,4
9026,4,4
9027,4,0
9028,5,5
9029,6,4
9030,2,4
9031,5,2
9032,4,0
9033,7,5
9034,4,0
9035,4,0
9036,3,2
9037,7,3
9038,4,0
9039,1,1
9040,4,4
9041,1,9
9042,5,6
9043,1,1
9044,7,5
9045,1,1
9046,4,4
9047,4,0
9048,4,0
9049,5,6
9050,1,8
9051,1,9
9052,1,7
9053,7,3
9054,1,2
9055,4,0
9056,4,0
9057,1,8
9058,5,6
9059,7,3
9060,1,7
9061,1,9
9062,7,5
9063,5,6
9064,7,5
9065,3,3
9066,4,9
9067,4,0
9068,5,6
9069,1,1
9070,4,9
9071,2,4
9072,1,1
9073,7,5
9074,7,3
9075,0,6
9076,1,8
9077,2,7
9078,1,3
9079,1,8
9080,7,3
9081,1,9
9082,1,7
9083,4,0
9084,7,5
9085,1,1
9086,1,7
9087,3,2
9088,7,8
9089,7,3
9090,5,6
9091,2,4
9092,3,2
9093,7,5
9094,0,6
9095,0,6
9096,5,5
9097,1,7
9098,3,2
9099,1,8
9100,0,4
9101,4,0
9102,2,7
9103,1,1
9104,6,2
9105,9,2
9106,6,1
9107,7,3
9108,2,4
9109,2,4
9110,6,1
9111,7,5
9112,1,8
9113,0,6
9114,1,9
9115,2,7
9116,4,4
9117,1,8
9118,9,9
9119,8,9
9120,5,6
9121,6,1
9122,1,9
9123,0,6
9124,5,5
9125,1,8
9126,8,6
9127,8,9
9128,4,9
9129,1,9
9130,8,1
9131,4,0
9132,2,9
9133,6,1
9134,1,8
9135,3,2
9136,1,1
9137,2,4
9138,8,5
9139,2,4
9140,7,3
9141,1,3
9142,4,0
9143,1,7
9144,5,6
9145,2,4
9146,7,3
9147,0,4
9148,4,4
9149,2,4
9150,8,9
9151,4,0
9152,7,8
9153,7,3
9154,1,8
9155,1,8
9156,5,6
9157,2,7
9158,9,0
9159,8,5
9160,8,5
9161,1,1
9162,1,7
9163,7,5
9164,8,8
9165,1,8
9166,4,0
9167,1,9
9168,3,3
9169,3,2
9170,5,5
9171,7,5
9172,0,4
9173,1,1
9174,5,6
9175,6,1
9176,4,9
9177,5,6
9178,7,8
9179,3,2
9180,7,3
9181,1,1
9182,7,3
9183,7,3
9184,1,3
9185,1,8
9186,1,2
9187,0,6
9188,1,7
9189,2,4
9190,2,4
9191,4,9
9192,3,3
9193,3,2
9194,4,0
9195,4,0
9196,4,0
9197,3,0
9198,1,7
9199,1,1
9200,1,7
9201,0,6
9202,0,6
9203,3,2
9204,4,0
9205,7,5
9206,5,6
9207,7,5
9208,7,8
9209,4,0
9210,5,6
9211,5,2
9212,3,2
9213,1,8
9214,1,7
9215,4,0
9216,2,4
9217,0,6
9218,5,2
9219,1,8
9220,4,8
9221,6,1
9222,4,0
9223,2,7
9224,1,7
9225,8,9
9226,7,3
9227,1,1
9228,8,5
9229,4,9
9230,1,3
9231,9,2
9232,7,5
9233,0,6
9234,1,8
9235,2,7
9236,8,5
9237,0,6
9238,1,9
9239,0,6
9240,1,1
9241,1,8
9242,9,2
9243,2,7
9244,4,6
9245,2,4
9246,3,2
9247,8,9
9248,3,2
9249,3,2
9250,7,8
9251,1,1
9252,3,2
9253,7,3
9254,5,6
9255,1,3
9256,1,1
9257,4,0
9258,9,2
9259,7,5
9260,1,1
9261,7,5
9262,0,6
9263,2,7
9264,1,1
9265,4,9
9266,1,2
9267,2,7
9268,1,3
9269,4,0
9270,1,7
9271,3,2
9272,1,3
9273,2,7
9274,1,7
9275,2,9
9276,2,7
9277,6,1
9278,7,3
9279,7,3
9280,5,6
9281,5,6
9282,1,4
9283,2,7
9284,3,2
9285,1,8
9286,2,7
9287,4,0
9288,1,1
9289,7,3
9290,4,9
9291,8,5
9292,6,1
9293,3,3
9294,1,3
9295,0,6
9296,4,0
9297,5,0
9298,6,1
9299,1,1
9300,3,3
9301,9,2
9302,3,3
9303,7,3
9304,8,9
9305,5,6
9306,4,9
9307,1,7
9308,4,9
9309,1,8
9310,4,0
9311,1,9
9312,1,1
9313,5,0
9314,1,8
9315,1,1
9316,0,6
9317,3,2
9318,3,2
9319,7,3
9320,8,5
9321,0,4
9322,4,0
9323,7,5
9324,7,3
9325,5,6
9326,7,5
9327,1,7
9328,8,5
9329,5,0
9330,8,5
9331,1,1
9332,6,1
9333,9,2
9334,1,8
9335,7,3
9336,7,5
9337,4,4
9338,0,6
9339,7,5
9340,7,5
9341,5,6
9342,4,0
9343,1,7
9344,5,5
9345,1,8
9346,4,9
9347,2,9
9348,0,4
9349,1,8
9350,6,1
9351,1,7
9352,7,5
9353,2,4
9354,1,1
9355,7,3
9356,2,7
9357,4,9
9358,1,8
9359,1,8
9360,9,2
9361,1,8
9362,2,4
9363,7,3
9364,7,8
9365,6,1
9366,7,5
9367,5,5
9368,7,5
9369,7,8
9370,0,4
9371,3,2
9372,1,9
9373,1,7
9374,1,2
9375,0,4
9376,8,5
9377,9,2
9378,8,1
9379,0,6
9380,5,3
9381,7,5
9382,1,7
9383,9,2
9384,8,5
9385,4,4
9386,3,3
9387,7,5
9388,2,4
9389,5,6
9390,9,9
9391,2,4
9392,4,4
9393,6,1
9394,2,9
9395,1,7
9396,3,2
9397,7,5
9398,1,2
9399,1,1
9400,7,3
9401,7,3
9402,4,0
9403,7,3
9404,6,1
9405,0,6
9406,4,0
9407,2,9
9408,3,8
9409,5,6
9410,4,4
9411,3,3
9412,7,3
9413,3,3
9414,5,5
9415,1,1
9416,4,7
9417,0,6
9418,7,3
9419,7,5
9420,1,3
9421,5,6
9422,4,0
9423,1,1
9424,7,3
9425,2,9
9426,4,7
9427,3,3
9428,7,9
9429,1,7
9430,6,1
9431,2,4
9432,1,7
9433,4,7
9434,2,7
9435,5,0
9436,4,4
9437,2,9
9438,5,6
9439,4,0
9440,4,0
9441,4,0
9442,2,4
9443,7,3
9444,1,7
9445,1,7
9446,0,6
9447,2,9
9448,1,9
9449,9,2
9450,7,5
9451,4,0
9452,4,0
9453,1,1
9454,2,7
9455,5,0
9456,4,0
9457,6,1
9458,4,0
9459,4,0
9460,5,6
9461,2,4
9462,7,5
9463,4,0
9464,8,5
9465,2,4
9466,7,3
9467,1,7
9468,5,6
9469,2,9
9470,1,7
9471,9,2
9472,6,2
9473,4,0
9474,1,1
9475,5,6
9476,4,0
9477,9,2
9478,4,0
9479,9,2
9480,1,1
9481,1,9
9482,1,3
9483,1,9
9484,3,2
9485,4,0
9486,0,6
9487,1,1
9488,3,2
9489,3,2
9490,7,8
9491,1,3
9492,1,1
9493,0,4
9494,4,7
9495,8,5
9496,9,4
9497,5,6
9498,1,7
9499,4,7
9500,5,6
9501,8,8
9502,4,7
9503,1,9
9504,1,9
9505,5,0
9506,4,0
9507,1,1
9508,3,2
9509,3,2
9510,1,7
9511,3,3
9512,0,6
9513,1,4
9514,7,5
9515,8,5
9516,1,3
9517,5,6
9518,3,2
9519,1,7
9520,7,3
9521,1,8
9522,4,7
9523,7,0
9524,4,0
9525,1,1
9526,8,6
9527,9,2
9528,7,8
9529,7,3
9530,4,0
9531,8,5
9532,4,9
9533,0,6
9534,8,6
9535,4,7
9536,4,4
9537,1,8
9538,1,7
9539,7,5
9540,6,1
9541,2,4
9542,1,2
9543,1,8
9544,4,0
9545,1,7
9546,3,2
9547,2,4
9548,1,7
9549,4,7
9550,1,1
9551,1,7
9552,4,0
9553,7,3
9554,1,8
9555,1,9
9556,5,6
9557,8,8
9558,4,4
9559,1,8
9560,1,7
9561,1,3
9562,1,1
9563,1,1
9564,7,8
9565,7,5
9566,4,4
9567,6,8
9568,8,5
9569,3,2
9570,1,1
9571,1,7
9572,1,2
9573,2,4
9574,9,6
9575,5,2
9576,5,6
9577,0,6
9578,8,5
9579,1,1
9580,0,6
9581,5,5
9582,1,7
9583,3,2
9584,1,1
9585,2,4
9586,4,4
9587,8,5
9588,1,7
9589,8,5
9590,1,1
9591,9,8
9592,7,3
9593,0,6
9594,1,8
9595,2,4
9596,5,6
9597,2,4
9598,2,7
9599,1,1
9600,1,2
9601,8,8
9602,1,3
9603,4,7
9604,3,2
9605,8,5
9606,1,7
9607,8,5
9608,1,8
9609,1,1
9610,7,3
9611,6,8
9612,3,3
9613,4,9
9614,1,9
9615,1,1
9616,1,1
9617,7,3
9618,1,1
9619,0,6
9620,7,3
9621,7,3
9622,6,1
9623,1,3
9624,7,3
9625,3,2
9626,0,4
9627,3,2
9628,1,1
9629,0,6
9630,1,9
9631,1,9
9632,2,4
9633,1,9
9634,4,4
9635,0,6
9636,3,3
9637,1,3
9638,7,3
9639,7,3
9640,1,8
9641,6,8
9642,8,9
9643,1,1
9644,2,7
9645,5,6
9646,7,5
9647,8,5
9648,3,3
9649,5,6
9650,7,8
9651,6,8
9652,7,5
9653,1,1
9654,4,9
9655,1,9
9656,2,7
9657,1,7
9658,9,2
9659,5,6
9660,4,7
9661,4,8
9662,5,6
9663,7,3
9664,5,3
9665,4,7
9666,4,0
9667,2,4
9668,9,2
9669,4,7
9670,7,3
9671,4,0
9672,5,2
9673,1,9
9674,6,1
9675,4,0
9676,1,7
9677,4,0
9678,1,1
9679,7,3
9680,1,3
9681,4,7
9682,9,2
9683,1,9
9684,8,5
9685,3,3
9686,7,8
9687,5,0
9688,4,0
9689,3,2
9690,7,5
9691,4,0
9692,5,6
9693,1,1
9694,7,8
9695,4,0
9696,3,3
9697,1,1
9698,4,0
9699,4,0
9700,0,6
9701,4,4
9702,5,6
9703,4,0
9704,4,4
9705,1,1
9706,7,3
9707,4,0
9708,1,9
9709,4,4
9710,4,0
9711,1,7
9712,3,2
9713,1,9
9714,4,4
9715,3,2
9716,1,7
9717,7,0
9718,8,4
9719,5,6
9720,4,0
9721,3,2
9722,1,2
9723,0,6
9724,1,7
9725,3,2
9726,1,8
9727,3,2
9728,8,9
9729,1,9
9730,3,3
9731,1,9
9732,7,8
9733,4,0
9734,1,1
9735,1,1
9736,1,2
9737,3,2
9738,7,5
9739,7,3
9740,2,7
9741,2,4
9742,4,0
9743,7,5
9744,4,0
9745,5,6
9746,2,4
9747,1,7
9748,1,2
9749,7,8
9750,4,0
9751,1,9
9752,8,9
9753,4,0
9754,1,9
9755,6,1
9756,3,2
9757,3,2
9758,1,9
9759,7,3
9760,0,6
9761,2,4
9762,1,8
9763,7,5
9764,1,8
9765,0,6
9766,3,3
9767,2,7
9768,1,7
9769,3,8
9770,7,5
9771,1,9
9772,1,2
9773,4,0
9774,1,7
9775,6,1
9776,1,2
9777,9,2
9778,7,3
9779,7,3
9780,9,2
9781,2,4
9782,8,8
9783,7,5
9784,1,9
9785,5,6
9786,7,3
9787,1,7
9788,1,7
9789,3,8
9790,4,0
9791,1,9
9792,1,8
9793,1,7
9794,7,8
9795,6,4
9796,1,1
9797,7,3
9798,5,6
9799,7,8
9800,7,5
9801,7,5
9802,5,6
9803,6,1
9804,1,1
9805,7,8
9806,4,0
9807,8,5
9808,0,6
9809,9,2
9810,4,9
9811,1,8
9812,7,3
9813,0,6
9814,5,5
9815,1,1
9816,8,6
9817,1,9
9818,0,6
9819,9,2
9820,4,0
9821,2,4
9822,4,0
9823,4,0
9824,8,5
9825,2,9
9826,9,2
9827,1,9
9828,0,6
9829,7,3
9830,9,2
9831,1,7
9832,1,8
9833,1,7
9834,4,0
9835,2,9
9836,1,2
9837,6,1
9838,2,9
9839,7,8
9840,4,0
9841,9,2
9842,1,1
9843,1,7
9844,7,8
9845,7,5
9846,8,9
9847,7,8
9848,7,3
9849,5,5
9850,9,2
9851,3,3
9852,7,8
9853,3,2
9854,1,7
9855,3,2
9856,1,1
9857,4,0
9858,7,5
9859,7,5
9860,0,6
9861,1,8
9862,5,2
9863,5,6
9864,3,3
9865,4,0
9866,1,8
9867,6,4
9868,1,3
9869,4,0
9870,1,9
9871,7,3
9872,0,6
9873,7,8
9874,4,0
9875,6,1
9876,9,9
9877,4,0
9878,1,7
9879,7,3
9880,9,4
9881,4,0
9882,1,7
9883,2,4
9884,1,1
9885,1,7
9886,1,7
9887,2,4
9888,1,7
9889,2,9
9890,4,0
9891,9,2
9892,0,6
9893,1,9
9894,5,2
9895,6,1
9896,4,9
9897,9,2
9898,7,5
9899,7,5
9900,1,8
9901,1,7
9902,1,1
9903,1,1
9904,7,3
9905,1,7
9906,1,1
9907,6,1
9908,1,7
9909,0,6
9910,1,1
9911,1,7
9912,3,2
9913,3,3
9914,4,0
9915,7,3
9916,7,3
9917,5,6
9918,1,8
9919,5,5
9920,0,4
9921,5,6
9922,4,0
9923,9,2
9924,1,8
9925,1,8
9926,5,6
9927,1,7
9928,0,6
9929,5,6
9930,1,1
9931,2,4
9932,7,3
9933,1,9
9934,4,0
9935,1,8
9936,7,8
9937,7,8
9938,2,9
9939,9,2
9940,2,4
9941,1,9
9942,1,1
9943,5,6
9944,1,8
9945,7,5
9946,0,6
9947,5,5
9948,9,8
9949,2,9
9950,4,9
9951,7,5
9952,7,8
9953,3,3
9954,1,7
9955,1,7
9956,7,8
9957,2,4
9958,7,5
9959,3,3
9960,6,1
9961,5,6
9962,3,2
9963,4,0
9964,1,2
9965,4,0
9966,7,0
9967,5,6
9968,4,9
9969,1,9
9970,1,8
9971,4,0
9972,1,2
9973,6,1
9974,7,3
9975,6,1
9976,2,4
9977,3,3
9978,1,0
9979,9,2
9980,0,4
9981,6,1
9982,1,8
9983,4,0
9984,4,4
9985,7,0
9986,4,0
9987,6,1
9988,1,7
9989,9,2
9990,1,7
9991,1,3
9992,1,7
9993,2,4
9994,4,0
9995,7,5
9996,7,8
9997,0,6
9998,8,9
9999,1,7
10000,7,3
10001,1,8
10002,1,7
10003,8,9
10004,4,9
10005,5,0
10006,6,1
10007,6,1
10008,7,5
10009,1,2
10010,5,0
10011,7,3
10012,7,8
10013,2,4
10014,2,7
10015,8,5
10016,1,2
10017,0,6
10018,2,4
10019,2,7
10020,1,1
10021,1,8
10022,4,0
10023,8,9
10024,3,2
10025,5,0
10026,4,0
10027,1,1
10028,9,9
10029,9,2
10030,8,5
10031,7,3
10032,9,6
10033,2,4
10034,3,3
10035,7,5
10036,0,6
10037,0,6
10038,5,9
10039,2,7
10040,1,1
10041,1,8
10042,3,3
10043,1,9
10044,5,6
10045,5,0
10046,1,7
10047,8,9
10048,6,1
10049,7,5
10050,4,7
10051,7,5
10052,7,3
10053,0,6
10054,7,8
10055,1,9
10056,5,5
10057,1,8
10058,1,1
10059,2,9
10060,2,4
10061,1,8
10062,7,5
10063,2,7
10064,8,8
10065,8,5
10066,1,8
10067,6,1
10068,1,1
10069,5,0
10070,7,9
10071,7,0
10072,9,2
10073,3,2
10074,3,3
10075,1,2
10076,0,6
10077,1,7
10078,1,2
10079,1,8
10080,4,0
10081,9,2
10082,3,2
10083,7,0
10084,3,2
10085,1,1
10086,4,7
10087,3,2
10088,1,9
10089,8,6
10090,3,2
10091,7,3
10092,7,5
10093,7,3
10094,4,9
10095,2,7
10096,1,7
10097,7,3
10098,1,1
10099,3,3
10100,1,2
10101,0,6
10102,1,9
10103,6,4
10104,4,4
10105,2,9
10106,1,2
10107,4,0
10108,5,6
10109,1,9
10110,1,1
10111,7,5
10112,4,9
10113,9,2
10114,1,4
10115,1,8
10116,1,3
10117,9,2
10118,1,1
10119,4,0
10120,4,0
10121,7,0
10122,6,2
10123,6,1
10124,7,8
10125,7,3
10126,1,8
10127,9,2
10128,5,0
10129,6,1
10130,3,2
10131,2,7
10132,1,9
10133,2,4
10134,1,1
10135,0,6
10136,1,1
10137,7,3
10138,3,2
10139,6,1
10140,4,0
10141,7,3
10142,1,9
10143,2,9
10144,7,3
10145,6,1
10146,7,5
10147,2,7
10148,1,7
10149,0,6
10150,2,4
10151,1,8
10152,1,1
10153,2,4
10154,2,7
10155,7,3
10156,1,1
10157,6,1
10158,9,2
10159,6,4
10160,1,7
10161,7,3
10162,7,5
10163,0,6
10164,0,6
10165,8,9
10166,4,9
10167,7,0
10168,4,0
10169,6,1
10170,2,7
10171,1,7
10172,6,4
10173,8,5
10174,8,6
10175,2,4
10176,4,0
10177,2,4
10178,4,7
10179,2,7
10180,1,1
10181,2,7
10182,7,5
10183,8,9
10184,4,9
10185,7,5
10186,4,9
10187,1,8
10188,4,0
10189,1,8
10190,5,6
10191,6,4
10192,7,5
10193,1,9
10194,3,2
10195,1,0
10196,4,4
10197,1,8
10198,8,9
10199,2,9
10200,9,2
10201,1,8
10202,4,7
10203,5,0
10204,4,0
10205,1,1
10206,7,3
10207,5,2
10208,2,9
10209,1,4
10210,1,3
10211,5,5
10212,9,4
10213,5,6
10214,1,3
10215,1,7
10216,4,4
10217,1,8
10218,5,6
10219,1,9
10220,1,1
10221,5,0
10222,1,8
10223,1,1
10224,8,6
10225,2,4
10226,7,5
10227,5,5
10228,1,2
10229,5,6
10230,4,0
10231,1,7
10232,1,9
10233,1,8
10234,5,6
10235,1,9
10236,4,4
10237,5,0
10238,7,3
10239,1,1
10240,4,0
10241,1,4
10242,4,0
10243,1,7
10244,5,5
10245,5,0
10246,0,6
10247,1,9
10248,1,1
10249,1,9
10250,7,8
10251,1,7
10252,2,4
10253,1,7
10254,4,0
10255,5,5
10256,3,2
10257,1,1
10258,7,5
10259,5,0
10260,7,3
10261,5,0
10262,8,4
10263,1,7
10264,3,2
10265,5,0
10266,1,1
10267,1,1
10268,6,1
10269,2,4
10270,5,6
10271,5,6
10272,4,0
10273,5,6
10274,1,8
10275,5,6
10276,4,0
10277,7,5
10278,3,3
10279,3,2
10280,7,5
10281,1,8
10282,3,3
10283,5,0
10284,2,9
10285,1,1
10286,7,5
10287,1,7
10288,7,5
10289,5,6
10290,1,1
10291,5,2
10292,4,9
10293,1,1
10294,0,6
10295,1,7
10296,1,7
10297,1,7
10298,8,6
10299,5,6
10300,1,2
10301,1,1
10302,1,7
10303,4,4
10304,5,6
10305,1,9
10306,8,9
10307,5,6
10308,1,2
10309,1,7
10310,0,4
10311,2,4
10312,3,2
10313,1,4
10314,7,3
10315,1,7
10316,7,5
10317,5,2
10318,1,1
10319,1,8
10320,2,4
10321,1,2
10322,3,3
10323,4,0
10324,1,7
10325,1,1
10326,4,0
10327,9,2
10328,1,3
10329,7,3
10330,7,3
10331,8,4
10332,5,6
10333,7,5
10334,4,0
10335,5,6
10336,4,9
10337,1,7
10338,4,4
10339,1,8
10340,4,0
10341,8,9
10342,6,1
10343,4,0
10344,5,6
10345,6,1
10346,1,1
10347,3,2
10348,4,0
10349,7,3
10350,9,4
10351,2,4
10352,4,0
10353,7,5
10354,5,2
10355,5,6
10356,5,6
10357,1,7
10358,8,8
10359,7,8
10360,7,3
10361,2,9
10362,1,1
10363,4,0
10364,1,1
10365,6,1
10366,4,0
10367,3,2
10368,1,2
10369,7,3
10370,7,5
10371,4,4
10372,4,0
10373,5,5
10374,1,9
10375,5,6
10376,6,1
10377,1,7
10378,1,1
10379,1,8
10380,4,0
10381,2,9
10382,8,9
10383,5,6
10384,4,0
10385,7,5
10386,8,5
10387,2,9
10388,1,7
10389,7,3
10390,5,3
10391,2,4
10392,1,7
10393,3,3
10394,2,7
10395,1,8
10396,8,4
10397,7,5
10398,1,8
10399,1,1
10400,7,5
10401,7,5
10402,3,3
10403,3,2
10404,1,1
10405,7,3
10406,5,2
10407,3,0
10408,2,7
10409,1,1
10410,2,9
10411,9,2
10412,5,5
10413,6,1
10414,4,9
10415,7,3
10416,1,1
10417,3,2
10418,0,6
10419,5,6
10420,1,1
10421,7,5
10422,1,8
10423,7,3
10424,7,3
10425,4,0
10426,1,8
10427,1,7
10428,8,9
10429,3,2
10430,7,3
10431,1,7
10432,8,5
10433,2,4
10434,7,5
10435,5,6
10436,1,2
10437,0,4
10438,7,9
10439,4,0
10440,5,6
10441,7,5
10442,5,6
10443,4,9
10444,1,8
10445,2,9
10446,5,8
10447,7,8
10448,6,1
10449,1,9
10450,1,3
10451,7,5
10452,0,6
10453,3,3
10454,3,3
10455,1,1
10456,5,0
10457,1,7
10458,1,1
10459,2,4
10460,2,4
10461,2,7
10462,1,4
10463,5,6
10464,3,2
10465,7,5
10466,7,3
10467,2,4
10468,1,1
10469,4,0
10470,7,3
10471,4,0
10472,9,2
10473,5,6
10474,1,7
10475,5,6
10476,3,2
10477,9,2
10478,1,9
10479,4,0
10480,4,9
10481,5,6
10482,1,8
10483,3,3
10484,8,6
10485,1,7
10486,7,8
10487,1,7
10488,4,0
10489,0,4
10490,7,8
10491,8,4
10492,7,5
10493,7,3
10494,4,4
10495,2,9
10496,1,7
10497,3,2
10498,5,5
10499,7,8
10500,1,1
10501,2,9
10502,1,2
10503,5,6
10504,8,4
10505,4,0
10506,8,5
10507,2,9
10508,6,1
10509,5,5
10510,1,7
10511,3,3
10512,0,6
10513,7,8
10514,1,2
10515,1,8
10516,1,9
10517,1,7
10518,1,3
10519,1,1
10520,7,3
10521,2,4
10522,4,7
10523,4,0
10524,4,9
10525,2,4
10526,3,2
10527,7,3
10528,9,2
10529,2,9
10530,4,0
10531,4,0
10532,5,6
10533,1,7
10534,5,6
10535,9,2
10536,8,5
10537,6,1
10538,8,5
10539,4,9
10540,0,6
10541,1,1
10542,4,0
10543,7,5
10544,4,7
10545,6,1
10546,7,5
10547,1,7
10548,2,7
10549,2,4
10550,0,6
10551,1,8
10552,5,6
10553,5,6
10554,3,2
10555,6,1
10556,1,1
10557,5,6
10558,2,4
10559,1,8
10560,2,4
10561,1,8
10562,6,1
10563,4,0
10564,4,0
10565,1,1
10566,7,5
10567,9,2
10568,6,1
10569,3,3
10570,3,2
10571,2,4
10572,7,8
10573,2,7
10574,9,2
10575,1,8
10576,4,9
10577,1,9
10578,7,5
10579,4,0
10580,6,1
10581,6,1
10582,3,2
10583,5,2
10584,1,8
10585,5,3
10586,7,5
10587,2,4
10588,8,9
10589,7,5
10590,4,7
10591,5,6
10592,1,8
10593,2,7
10594,8,4
10595,1,8
10596,7,8
10597,1,9
10598,7,5
10599,7,0
10600,5,6
10601,6,1
10602,1,1
10603,3,2
10604,4,0
10605,3,3
10606,7,3
10607,2,4
10608,7,3
10609,2,7
10610,7,5
10611,1,8
10612,2,4
10613,1,9
10614,4,9
10615,6,1
10616,1,2
10617,0,6
10618,4,4
10619,1,8
10620,9,2
10621,2,9
10622,7,5
10623,2,9
10624,1,1
10625,4,0
10626,4,4
10627,6,1
10628,1,8
10629,6,2
10630,5,6
10631,6,4
10632,7,8
10633,2,4
10634,2,4
10635,5,3
10636,8,4
10637,2,7
10638,6,1
10639,2,4
10640,1,7
10641,2,4
10642,0,4
10643,4,4
10644,7,3
10645,4,0
10646,4,9
10647,5,3
10648,1,7
10649,1,8
10650,5,6
10651,2,7
10652,7,5
10653,7,5
10654,8,6
10655,1,8
10656,7,5
10657,3,2
10658,2,9
10659,6,1
10660,2,9
10661,7,5
10662,6,1
10663,7,8
10664,4,0
10665,5,5
10666,7,3
10667,6,1
10668,7,3
10669,6,1
10670,4,4
10671,0,6
10672,5,6
10673,9,2
10674,7,3
10675,6,1
10676,7,3
10677,7,3
10678,1,3
10679,2,4
10680,3,2
10681,2,9
10682,1,7
10683,8,4
10684,1,1
10685,2,9
10686,1,1
10687,3,2
10688,3,2
10689,4,0
10690,8,4
10691,4,0
10692,6,1
10693,2,4
10694,1,8
10695,2,4
10696,7,3
10697,0,6
10698,5,6
10699,9,2
10700,4,0
10701,7,5
10702,1,7
10703,5,5
10704,0,4
10705,4,0
10706,8,9
10707,5,2
10708,4,7
10709,5,6
10710,1,8
10711,1,8
10712,1,1
10713,6,1
10714,3,2
10715,2,7
10716,1,7
10717,2,9
10718,1,7
10719,6,1
10720,1,8
10721,2,9
10722,4,9
10723,9,2
10724,4,4
10725,5,6
10726,8,8
10727,2,7
10728,7,3
10729,0,6
10730,7,3
10731,5,6
10732,4,0
10733,1,8
10734,7,3
10735,2,7
10736,9,4
10737,2,4
10738,4,8
10739,3,2
10740,7,5
10741,6,1
10742,8,5
10743,7,3
10744,1,7
10745,7,3
10746,1,9
10747,7,0
10748,0,6
10749,7,5
10750,4,0
10751,7,5
10752,4,9
10753,1,8
10754,5,6
10755,7,0
10756,5,3
10757,3,3
10758,2,4
10759,2,7
10760,1,3
10761,2,9
10762,7,3
10763,2,7
10764,7,5
10765,7,3
10766,1,2
10767,5,6
10768,4,4
10769,2,7
10770,8,5
10771,1,8
10772,4,9
10773,4,0
10774,8,6
10775,7,3
10776,1,2
10777,5,5
10778,2,4
10779,3,3
10780,1,9
10781,4,0
10782,5,5
10783,1,1
10784,2,9
10785,3,2
10786,5,6
10787,1,3
10788,1,7
10789,2,4
10790,5,6
10791,5,5
10792,5,6
10793,5,6
10794,8,9
10795,1,7
10796,7,3
10797,1,8
10798,7,5
10799,1,9
10800,3,8
10801,4,0
10802,3,2
10803,1,1
10804,8,5
10805,3,2
10806,4,0
10807,3,3
10808,4,9
10809,2,4
10810,4,9
10811,5,5
10812,0,4
10813,0,6
10814,7,5
10815,1,7
10816,0,6
10817,1,8
10818,1,8
10819,1,9
10820,4,9
10821,4,0
10822,7,5
10823,1,1
10824,1,2
10825,1,2
10826,7,3
10827,3,3
10828,1,7
10829,2,4
10830,7,3
10831,5,5
10832,4,4
10833,5,6
10834,1,1
10835,2,7
10836,0,6
10837,1,8
10838,1,1
10839,1,9
10840,4,0
10841,2,7
10842,8,1
10843,5,6
10844,7,0
10845,2,4
10846,1,2
10847,3,3
10848,1,9
10849,4,0
10850,0,4
10851,5,6
10852,3,1
10853,5,6
10854,0,4
10855,5,6
10856,7,8
10857,1,9
10858,4,4
10859,4,0
10860,8,9
10861,4,0
10862,7,8
10863,1,1
10864,1,7
10865,7,3
10866,1,8
10867,1,9
10868,6,1
10869,2,4
10870,4,4
10871,5,5
10872,3,3
10873,4,7
10874,4,0
10875,1,9
10876,5,3
10877,7,5
10878,6,1
10879,0,6
10880,3,3
10881,1,8
10882,7,3
10883,1,9
10884,6,5
10885,1,1
10886,8,1
10887,1,3
10888,2,4
10889,1,8
10890,9,7
10891,7,5
10892,1,1
10893,2,7
10894,8,5
10895,1,8
10896,7,3
10897,1,1
10898,9,2
10899,2,4
10900,7,3
10901,1,8
10902,3,3
10903,7,5
10904,5,5
10905,1,8
10906,2,9
10907,6,1
10908,2,4
10909,4,0
10910,5,6
10911,2,7
10912,1,4
10913,5,6
10914,5,0
10915,6,1
10916,4,0
10917,5,6
10918,7,4
10919,4,0
10920,3,2
10921,3,3
10922,1,1
10923,2,4
10924,4,0
10925,5,6
10926,1,1
10927,1,8
10928,2,4
10929,1,9
10930,5,6
10931,9,2
10932,1,7
10933,1,1
10934,8,9
10935,1,7
10936,1,8
10937,2,4
10938,4,0
10939,5,5
10940,1,7
10941,3,2
10942,2,4
10943,7,5
10944,8,9
10945,9,2
10946,1,7
10947,6,1
10948,1,8
10949,9,2
10950,5,6
10951,1,9
10952,2,4
10953,3,3
10954,8,5
10955,1,9
10956,0,6
10957,1,2
10958,7,5
10959,9,2
10960,9,4
10961,5,5
10962,1,2
10963,1,8
10964,2,4
10965,1,7
10966,7,3
10967,6,4
10968,5,6
10969,1,7
10970,2,9
10971,6,1
10972,1,2
10973,1,8
10974,4,0
10975,4,0
10976,5,6
10977,1,9
10978,9,2
10979,5,6
10980,0,6
10981,1,8
10982,5,1
10983,1,1
10984,1,3
10985,6,1
10986,1,7
10987,5,5
10988,9,2
10989,1,7
10990,2,4
10991,5,6
10992,5,0
10993,7,3
10994,7,3
10995,5,5
10996,5,6
10997,2,4
10998,7,3
10999,9,2
11000,0,6
11001,1,9
11002,1,3
11003,4,0
11004,1,1
11005,2,4
11006,3,2
11007,1,7
11008,9,4
11009,2,4
11010,7,3
11011,3,3
11012,1,3
11013,1,2
11014,4,0
11015,1,9
11016,0,4
11017,3,2
11018,5,2
11019,4,0
11020,1,7
11021,1,3
11022,4,0
11023,2,4
11024,8,4
11025,5,5
11026,4,0
11027,4,0
11028,7,8
11029,7,0
11030,1,2
11031,3,3
11032,9,2
11033,3,2
11034,7,3
11035,1,8
11036,4,0
11037,1,3
11038,5,6
11039,7,3
11040,2,4
11041,5,0
11042,7,3
11043,6,1
11044,4,4
11045,4,0
11046,4,4
11047,6,1
11048,5,6
11049,2,7
11050,6,1
11051,1,1
11052,4,0
11053,7,3
11054,1,7
11055,7,5
11056,1,7
11057,1,1
11058,1,1
11059,2,7
11060,4,0
11061,6,1
11062,5,6
11063,1,8
11064,8,5
11065,5,6
11066,9,2
11067,1,8
11068,4,9
11069,1,1
11070,1,8
11071,5,0
11072,4,0
11073,2,4
11074,7,9
11075,3,3
11076,1,7
11077,4,0
11078,1,9
11079,1,1
11080,1,7
11081,1,2
11082,1,1
11083,7,3
11084,3,2
11085,2,7
11086,1,2
11087,7,8
11088,1,7
11089,2,9
11090,1,9
11091,4,0
11092,1,7
11093,6,1
11094,7,5
11095,3,2
11096,4,9
11097,7,3
11098,5,6
11099,2,7
11100,8,6
11101,7,8
11102,2,9
11103,2,9
11104,9,3
11105,4,0
11106,9,2
11107,6,1
11108,3,8
11109,9,2
11110,3,2
11111,7,3
11112,1,1
11113,2,4
11114,7,3
11115,5,5
11116,4,0
11117,5,6
11118,7,5
11119,2,7
11120,1,8
11121,7,8
11122,1,7
11123,2,9
11124,2,4
11125,2,7
11126,2,4
11127,2,4
11128,0,6
11129,4,0
11130,1,7
11131,2,4
11132,0,6
11133,4,0
11134,1,1
11135,6,1
11136,7,5
11137,2,7
11138,1,3
11139,2,9
11140,5,6
11141,8,5
11142,1,8
11143,6,1
11144,2,4
11145,2,4
11146,1,8
11147,1,2
11148,6,4
11149,7,8
11150,1,9
11151,1,9
11152,1,1
11153,2,4
11154,7,5
11155,3,3
11156,1,1
11157,6,1
11158,0,6
11159,1,7
11160,8,8
11161,7,8
11162,1,0
11163,9,2
11164,2,7
11165,2,4
11166,1,7
11167,2,4
11168,1,7
11169,7,3
11170,1,7
11171,7,3
11172,4,0
11173,5,6
11174,0,6
11175,1,9
11176,1,8
11177,1,9
11178,1,1
11179,7,5
11180,1,7
11181,7,8
11182,7,5
11183,5,6
11184,2,4
11185,2,7
11186,4,9
11187,4,0
11188,1,7
11189,0,6
11190,2,9
11191,7,8
11192,2,9
11193,3,2
11194,4,9
11195,5,6
11196,8,9
11197,7,3
11198,7,5
11199,1,9
11200,1,1
11201,3,3
11202,7,9
11203,9,2
11204,1,7
11205,6,1
11206,1,9
11207,2,7
11208,7,9
11209,2,4
11210,1,8
11211,7,8
11212,4,9
11213,7,8
11214,1,1
11215,1,9
11216,7,3
11217,4,0
11218,8,6
11219,7,3
11220,1,7
11221,7,3
11222,4,0
11223,2,9
11224,8,9
11225,1,9
11226,0,6
11227,2,4
11228,6,1
11229,6,1
11230,3,2
11231,4,0
11232,7,3
11233,7,3
11234,5,3
11235,1,7
11236,1,1
11237,7,5
11238,8,5
11239,4,8
11240,4,0
11241,7,8
11242,1,2
11243,9,2
11244,1,3
11245,1,9
11246,2,9
11247,1,7
11248,1,1
11249,6,1
11250,3,2
11251,6,2
11252,1,9
11253,5,6
11254,6,7
11255,8,4
11256,8,4
11257,3,2
11258,7,8
11259,7,3
11260,7,5
11261,5,6
11262,6,1
11263,5,6
11264,0,4
11265,7,5
11266,1,7
11267,4,0
11268,1,1
11269,4,0
11270,7,5
11271,1,2
11272,1,1
11273,7,8
11274,1,7
11275,6,1
11276,1,9
11277,0,6
11278,1,1
11279,6,1
11280,1,9
11281,4,0
11282,5,6
11283,2,4
11284,7,3
11285,7,3
11286,1,2
11287,6,1
11288,7,8
11289,5,6
11290,1,7
11291,6,1
11292,5,1
11293,2,9
11294,1,7
11295,7,0
11296,7,3
11297,1,1
11298,3,2
11299,1,2
11300,4,9
11301,1,3
11302,7,8
11303,2,4
11304,3,0
11305,7,5
11306,3,2
11307,0,6
11308,6,1
11309,1,7
11310,7,5
11311,1,8
11312,1,1
11313,1,9
11314,0,4
11315,4,0
11316,0,6
11317,1,1
11318,4,0
11319,9,2
11320,4,0
11321,3,3
11322,1,8
11323,2,4
11324,8,5
11325,7,5
11326,6,1
11327,0,6
11328,1,7
11329,1,7
11330,4,0
11331,1,8
11332,1,7
11333,1,9
11334,1,7
11335,4,0
11336,5,6
11337,1,1
11338,7,5
11339,9,2
11340,4,0
11341,7,3
11342,1,1
11343,2,4
11344,1,2
11345,7,5
11346,5,2
11347,5,6
11348,5,6
11349,1,7
11350,1,7
11351,1,8
11352,6,1
11353,2,9
11354,4,0
11355,1,8
11356,7,5
11357,5,6
11358,1,1
11359,5,5
11360,1,1
11361,4,0
11362,6,1
11363,5,6
11364,5,2
11365,7,8
11366,1,9
11367,8,9
11368,4,9
11369,2,4
11370,1,7
11371,6,1
11372,1,7
11373,2,9
11374,7,8
11375,5,5
11376,4,9
11377,3,3
11378,8,4
11379,1,0
11380,1,2
11381,2,4
11382,1,8
11383,1,8
11384,1,2
11385,8,9
11386,9,6
11387,6,1
11388,4,9
11389,2,4
11390,5,6
11391,1,0
11392,7,3
11393,7,5
11394,3,2
11395,1,1
11396,7,5
11397,7,5
11398,8,8
11399,1,7
11400,2,7
11401,5,6
11402,8,5
11403,4,0
11404,1,1
11405,1,1
11406,1,8
11407,1,7
11408,4,4
11409,4,0
11410,5,5
11411,5,6
11412,1,1
11413,1,8
11414,2,4
11415,8,9
11416,8,9
11417,7,5
11418,1,1
11419,2,4
11420,3,2
11421,1,7
11422,4,0
11423,1,9
11424,4,4
11425,1,8
11426,1,7
11427,0,6
11428,4,0
11429,4,0
11430,1,7
11431,1,8
11432,1,1
11433,1,1
11434,4,4
11435,2,7
11436,9,2
11437,1,7
11438,1,2
11439,1,1
11440,1,1
11441,7,3
11442,4,9
11443,3,2
11444,1,8
11445,1,1
11446,1,2
11447,2,4
11448,5,6
11449,3,2
11450,7,8
11451,4,0
11452,4,9
11453,4,0
11454,7,3
11455,2,7
11456,7,5
11457,1,8
11458,9,2
11459,2,4
11460,4,4
11461,0,6
11462,4,0
11463,2,4
11464,2,9
11465,4,9
11466,0,6
11467,3,3
11468,0,4
11469,1,8
11470,7,5
11471,2,4
11472,7,5
11473,1,7
11474,4,9
11475,3,2
11476,3,3
11477,7,5
11478,7,8
11479,5,6
11480,7,3
11481,3,3
11482,1,8
11483,5,6
11484,7,5
11485,8,9
11486,7,5
11487,5,6
11488,4,7
11489,7,3
11490,5,6
11491,9,2
11492,7,5
11493,9,2
11494,9,4
11495,2,4
11496,2,4
11497,0,6
11498,1,7
11499,1,9
11500,7,5
11501,1,0
11502,1,1
11503,3,2
11504,1,1
11505,7,5
11506,1,8
11507,7,5
11508,6,1
11509,6,1
11510,2,7
11511,3,3
11512,8,4
11513,1,3
11514,4,0
11515,8,9
11516,4,7
11517,2,7
11518,1,1
11519,9,2
11520,3,3
11521,9,2
11522,6,1
11523,5,5
11524,3,3
11525,2,7
11526,4,0
11527,4,9
11528,1,7
11529,1,8
11530,5,6
11531,9,2
11532,4,0
11533,1,1
11534,8,7
11535,3,3
11536,4,9
11537,1,1
11538,4,9
11539,7,3
11540,1,7
11541,4,0
11542,7,5
11543,6,1
11544,7,3
11545,1,3
11546,1,8
11547,2,4
11548,2,7
11549,8,5
11550,1,9
11551,0,6
11552,9,2
11553,1,7
11554,1,3
11555,1,8
11556,3,3
11557,1,9
11558,1,1
11559,4,0
11560,1,2
11561,6,1
11562,4,0
11563,3,2
11564,1,7
11565,3,3
11566,1,7
11567,2,4
11568,7,8
11569,5,5
11570,1,3
11571,0,6
11572,7,5
11573,1,7
11574,4,0
11575,1,8
11576,1,2
11577,4,0
11578,0,4
11579,6,1
11580,4,9
11581,3,2
11582,2,9
11583,1,3
11584,7,0
11585,2,4
11586,7,8
11587,8,5
11588,5,0
11589,0,6
11590,7,5
11591,1,7
11592,8,6
11593,1,9
11594,4,7
11595,1,7
11596,7,5
11597,4,0
11598,1,4
11599,7,5
11600,5,2
11601,1,2
11602,1,8
11603,1,9
11604,1,1
11605,4,0
11606,1,1
11607,6,1
11608,1,1
11609,5,5
11610,8,6
11611,1,8
11612,4,0
11613,1,8
11614,7,8
11615,4,0
11616,9,7
11617,1,9
11618,3,3
11619,1,3
11620,4,0
11621,1,2
11622,1,1
11623,1,7
11624,4,4
11625,1,8
11626,4,9
11627,2,4
11628,4,9
11629,2,4
11630,1,1
11631,8,5
11632,1,2
11633,1,9
11634,1,1
11635,0,6
11636,4,0
11637,6,1
11638,8,5
11639,0,0
11640,1,7
11641,2,4
11642,1,7
11643,5,5
11644,7,5
11645,1,3
11646,4,4
11647,8,9
11648,3,2
11649,8,4
11650,4,7
11651,1,3
11652,9,4
11653,2,4
11654,4,0
11655,9,2
11656,8,5
11657,1,0
11658,8,4
11659,7,5
11660,1,7
11661,1,0
11662,1,8
11663,6,1
11664,1,7
11665,1,3
11666,1,1
11667,1,2
11668,4,9
11669,1,9
11670,2,4
11671,6,1
11672,1,8
11673,0,6
11674,8,5
11675,0,0
11676,6,1
11677,6,1
11678,5,6
11679,1,1
11680,5,6
11681,1,8
11682,8,9
11683,4,0
11684,5,6
11685,2,4
11686,1,7
11687,1,7
11688,8,9
11689,1,7
11690,2,4
11691,0,6
11692,8,4
11693,3,3
11694,4,0
11695,5,5
11696,7,5
11697,5,6
11698,1,9
11699,0,6
11700,3,2
11701,5,0
11702,8,1
11703,1,7
11704,7,8
11705,1,3
11706,7,5
11707,8,5
11708,1,3
11709,6,4
11710,7,3
11711,6,2
11712,4,0
11713,2,4
11714,7,3
11715,6,1
11716,1,7
11717,1,8
11718,3,2
11719,1,3
11720,1,8
11721,7,5
11722,7,8
11723,0,6
11724,1,8
11725,8,5
11726,1,8
11727,1,2
11728,6,1
11729,4,0
11730,5,6
11731,0,6
11732,1,9
11733,1,7
11734,5,8
11735,6,1
11736,1,7
11737,5,2
11738,3,2
11739,8,5
11740,0,4
11741,1,8
11742,4,0
11743,6,1
11744,0,4
11745,1,9
11746,4,0
11747,1,3
11748,1,2
11749,1,8
11750,7,8
11751,1,8
11752,7,3
11753,1,8
11754,4,0
11755,7,3
11756,7,3
11757,1,7
11758,7,0
11759,1,6
11760,6,1
11761,1,8
11762,9,9
11763,1,7
11764,2,4
11765,6,1
11766,1,7
11767,6,4
11768,1,7
11769,0,6
11770,2,4
11771,1,7
11772,3,2
11773,2,9
11774,9,2
11775,1,9
11776,7,5
11777,1,3
11778,1,7
11779,4,0
11780,4,0
11781,1,3
11782,7,5
11783,2,4
11784,5,6
11785,8,5
11786,1,7
11787,5,6
11788,7,3
11789,2,7
11790,8,5
11791,4,0
11792,4,0
11793,1,1
11794,4,0
11795,5,2
11796,7,8
11797,1,3
11798,4,7
11799,2,4
11800,5,6
11801,7,5
11802,7,5
11803,5,6
11804,7,3
11805,2,7
11806,7,5
11807,4,0
11808,1,8
11809,6,1
11810,1,7
11811,3,2
11812,3,2
11813,3,3
11814,4,9
11815,6,4
11816,2,9
11817,7,5
11818,2,4
11819,0,6
11820,4,9
11821,2,7
11822,4,7
11823,8,8
11824,2,4
11825,2,9
11826,1,2
11827,1,8
11828,5,6
11829,2,7
11830,4,9
11831,2,7
11832,5,6
11833,4,0
11834,4,0
11835,6,1
11836,7,8
11837,3,3
11838,1,7
11839,5,5
11840,8,9
11841,5,2
11842,7,5
11843,1,8
11844,3,2
11845,5,0
11846,4,0
11847,2,9
11848,4,0
11849,5,6
11850,7,5
11851,1,0
11852,9,4
11853,6,9
11854,2,7
11855,6,1
11856,3,2
11857,6,1
11858,1,8
11859,1,8
11860,4,0
11861,0,4
11862,2,9
11863,1,3
11864,7,5
11865,5,2
11866,0,6
11867,6,1
11868,1,1
11869,5,2
11870,8,6
11871,5,6
11872,1,8
11873,7,5
11874,3,3
11875,5,6
11876,7,5
11877,4,7
11878,8,6
11879,2,4
11880,1,8
11881,1,8
11882,8,5
11883,1,1
11884,4,9
11885,2,8
11886,8,4
11887,1,0
11888,4,0
11889,5,5
11890,1,8
11891,2,9
11892,5,6
11893,2,4
11894,1,7
11895,1,1
11896,1,2
11897,1,9
11898,4,7
11899,1,2
11900,2,9
11901,1,1
11902,4,0
11903,8,9
11904,3,8
11905,0,6
11906,4,9
11907,1,7
11908,1,8
11909,2,9
11910,3,3
11911,5,0
11912,4,9
11913,2,4
11914,4,0
11915,0,6
11916,4,4
11917,6,1
11918,4,9
11919,1,7
11920,4,0
11921,1,3
11922,8,5
11923,1,8
11924,2,9
11925,1,9
11926,4,9
11927,5,6
11928,7,5
11929,1,3
11930,4,4
11931,8,9
11932,5,6
11933,4,0
11934,1,9
11935,7,5
11936,7,5
11937,1,7
11938,4,9
11939,6,1
11940,7,8
11941,5,6
11942,7,8
11943,6,1
11944,1,7
11945,4,0
11946,4,7
11947,1,9
11948,4,0
11949,1,3
11950,5,8
11951,1,3
11952,0,6
11953,6,4
11954,6,1
11955,0,4
11956,4,4
11957,1,0
11958,7,3
11959,0,6
11960,3,3
11961,3,2
11962,4,4
11963,8,5
11964,5,6
11965,2,4
11966,7,5
11967,2,4
11968,1,1
11969,1,0
11970,4,9
11971,5,2
11972,5,6
11973,7,0
11974,4,0
11975,1,1
11976,8,6
11977,3,2
11978,1,3
11979,1,3
11980,7,5
11981,2,4
11982,1,1
11983,8,5
11984,7,8
11985,5,6
11986,0,4
11987,1,7
11988,2,4
11989,1,8
11990,4,9
11991,1,9
11992,1,9
11993,4,0
11994,1,7
11995,1,1
11996,5,6
11997,9,2
11998,1,8
11999,1,3
12000,1,7
12001,2,4
12002,0,6
12003,8,5
12004,4,0
12005,5,6
12006,4,9
12007,1,7
12008,4,0
12009,1,8
12010,7,8
12011,4,0
12012,8,3
12013,1,1
12014,7,8
12015,3,2
12016,8,5
12017,1,3
12018,1,7
12019,2,4
12020,4,0
12021,5,5
12022,7,3
12023,0,6
12024,7,3
12025,1,7
12026,1,8
12027,1,8
12028,4,4
12029,2,9
12030,1,1
12031,1,7
12032,1,8
12033,2,4
12034,2,4
12035,1,3
12036,9,4
12037,7,8
12038,1,1
12039,8,5
12040,1,1
12041,6,1
12042,1,1
12043,1,8
12044,7,3
12045,7,8
12046,7,5
12047,5,6
12048,4,7
12049,1,1
12050,1,9
12051,2,9
12052,0,4
12053,9,2
12054,1,8
12055,2,4
12056,1,1
12057,4,0
12058,8,4
12059,0,9
12060,1,1
12061,2,9
12062,1,7
12063,1,3
12064,1,4
12065,1,7
12066,7,8
12067,1,7
12068,5,6
12069,1,9
12070,8,4
12071,1,1
12072,6,1
12073,1,8
12074,4,9
12075,2,4
12076,8,9
12077,2,4
12078,8,1
12079,9,2
12080,3,3
12081,1,7
12082,7,5
12083,8,5
12084,1,8
12085,1,8
12086,1,3
12087,8,5
12088,5,6
12089,1,3
12090,5,6
12091,3,2
12092,7,5
12093,9,2
12094,7,3
12095,4,0
12096,8,9
12097,5,5
12098,2,4
12099,1,8
12100,3,3
12101,5,6
12102,2,4
12103,4,0
12104,0,6
12105,2,4
12106,6,1
12107,4,0
12108,3,3
12109,1,3
12110,8,5
12111,1,8
12112,5,8
12113,1,1
12114,5,6
12115,4,0
12116,4,7
12117,3,3
12118,1,8
12119,1,0
12120,1,9
12121,2,4
12122,2,4
12123,1,7
12124,7,3
12125,2,4
12126,6,7
12127,4,9
12128,1,1
12129,9,2
12130,7,8
12131,2,9
12132,1,1
12133,6,1
12134,4,0
12135,9,2
12136,1,1
12137,5,5
12138,1,7
12139,1,7
12140,4,0
12141,1,1
12142,4,0
12143,1,7
12144,4,0
12145,6,1
12146,7,5
12147,0,6
12148,3,3
12149,1,7
12150,4,0
12151,3,3
12152,1,3
12153,1,3
12154,1,1
12155,0,6
12156,9,2
12157,5,5
12158,6,1
12159,0,6
12160,4,9
12161,9,2
12162,1,9
12163,1,8
12164,1,8
12165,1,7
12166,1,1
12167,0,6
12168,4,0
12169,8,4
12170,5,6
12171,2,9
12172,8,9
12173,1,8
12174,7,8
12175,4,9
12176,1,7
12177,0,6
12178,1,1
12179,4,9
12180,5,0
12181,7,5
12182,7,8
12183,3,3
12184,4,0
12185,1,7
12186,3,3
12187,2,4
12188,7,7
12189,1,3
12190,1,8
12191,5,6
12192,4,4
12193,4,0
12194,4,4
12195,4,0
12196,5,2
12197,2,4
12198,1,8
12199,0,6
12200,4,9
12201,0,6
12202,4,9
12203,2,9
12204,6,2
12205,4,0
12206,6,7
12207,6,1
12208,1,7
12209,6,1
12210,7,5
12211,1,3
12212,1,1
12213,9,2
12214,1,3
12215,6,1
12216,5,6
12217,5,0
12218,7,3
12219,5,0
12220,0,6
12221,1,1
12222,7,3
12223,1,2
12224,4,4
12225,7,3
12226,1,1
12227,2,4
12228,7,3
12229,8,5
12230,6,1
12231,0,6
12232,8,5
12233,1,7
12234,3,2
12235,1,8
12236,6,1
12237,2,9
12238,3,2
12239,7,0
12240,8,9
12241,6,1
12242,1,8
12243,1,2
12244,7,3
12245,7,3
12246,7,3
12247,2,4
12248,1,9
12249,7,5
12250,7,8
12251,0,6
12252,1,7
12253,1,7
12254,5,2
12255,1,8
12256,0,4
12257,2,9
12258,5,6
12259,4,0
12260,3,3
12261,1,1
12262,5,6
12263,3,2
12264,5,0
12265,3,3
12266,4,0
12267,2,4
12268,5,8
12269,5,5
12270,5,6
12271,5,6
12272,4,9
12273,1,7
12274,7,3
12275,1,8
12276,4,0
12277,1,9
12278,4,7
12279,2,4
12280,1,9
12281,1,2
12282,7,8
12283,5,6
12284,7,5
12285,2,4
12286,3,2
12287,1,7
12288,7,8
12289,7,5
12290,5,6
12291,2,4
12292,4,7
12293,1,7
12294,2,9
12295,1,8
12296,1,7
12297,2,9
12298,7,8
12299,9,2
12300,7,3
12301,1,9
12302,1,2
12303,3,3
12304,4,7
12305,2,9
12306,8,4
12307,3,3
12308,1,8
12309,1,8
12310,1,1
12311,1,2
12312,7,3
12313,7,0
12314,1,1
12315,2,9
12316,4,4
12317,1,8
12318,1,1
12319,5,6
12320,4,9
12321,7,0
12322,0,4
12323,6,1
12324,7,0
12325,4,0
12326,7,3
12327,0,4
12328,2,4
12329,3,3
12330,7,3
12331,7,5
12332,9,4
12333,3,3
12334,7,3
12335,1,8
12336,1,1
12337,5,0
12338,7,3
12339,5,0
12340,5,6
12341,7,5
12342,4,9
12343,6,4
12344,7,3
12345,3,3
12346,3,3
12347,8,5
12348,1,7
12349,3,3
12350,7,3
12351,5,0
12352,9,2
12353,1,8
12354,5,6
12355,3,3
12356,1,1
12357,7,0
12358,7,5
12359,5,6
12360,4,0
12361,1,2
12362,6,1
12363,1,7
12364,1,7
12365,6,1
12366,1,2
12367,6,1
12368,2,9
12369,1,8
12370,3,2
12371,1,1
12372,1,2
12373,1,7
12374,4,0
12375,1,1
12376,7,5
12377,3,3
12378,7,8
12379,1,8
12380,8,9
12381,7,5
12382,6,1
12383,6,1
12384,2,4
12385,1,2
12386,7,5
12387,7,0
12388,6,1
12389,1,9
12390,1,7
12391,1,7
12392,1,3
12393,5,6
12394,1,1
12395,1,7
12396,4,4
12397,0,4
12398,2,4
12399,6,1
12400,1,8
12401,5,6
12402,5,6
12403,1,7
12404,3,2
12405,7,5
12406,4,9
12407,6,1
12408,1,7
12409,9,2
12410,5,6
12411,5,6
12412,1,1
12413,1,7
12414,4,0
12415,6,1
12416,3,3
12417,2,9
12418,4,4
12419,1,8
12420,1,7
12421,4,0
12422,1,2
12423,5,6
12424,3,2
12425,2,9
12426,3,2
12427,2,4
12428,2,7
12429,1,9
12430,3,3
12431,1,9
12432,2,9
12433,0,6
12434,1,1
12435,1,2
12436,1,1
12437,3,3
12438,4,4
12439,1,7
12440,4,9
12441,6,1
12442,8,9
12443,2,9
12444,7,8
12445,9,2
12446,3,3
12447,1,2
12448,5,6
12449,5,5
12450,5,6
12451,3,3
12452,8,6
12453,1,7
12454,1,7
12455,1,8
12456,4,0
12457,4,0
12458,0,4
12459,6,1
12460,4,4
12461,3,2
12462,0,6
12463,7,3
12464,1,7
12465,2,4
12466,8,8
12467,7,5
12468,0,6
12469,5,6
12470,7,5
12471,2,7
12472,0,4
12473,7,8
12474,9,2
12475,2,9
12476,7,5
12477,5,0
12478,1,7
12479,6,1
12480,5,6
12481,5,2
12482,1,8
12483,7,3
12484,8,5
12485,0,4
12486,1,1
12487,7,5
12488,7,5
12489,5,6
12490,3,3
12491,1,7
12492,4,7
12493,7,8
12494,3,8
12495,1,9
12496,1,9
12497,5,0
12498,7,3
12499,6,1
12500,4,0
12501,3,2
12502,7,5
12503,7,3
12504,5,0
12505,2,4
12506,7,3
12507,7,5
12508,1,1
12509,5,6
12510,1,1
12511,2,7
12512,1,1
12513,7,8
12514,9,2
12515,2,9
12516,4,0
12517,3,2
12518,5,6
12519,7,5
12520,5,6
12521,6,1
12522,1,8
12523,5,6
12524,1,7
12525,2,4
12526,1,7
12527,3,3
12528,0,6
12529,2,9
12530,4,4
12531,1,9
12532,6,1
12533,4,0
12534,1,8
12535,2,9
12536,7,3
12537,2,7
12538,2,4
12539,6,1
12540,7,5
12541,5,6
12542,4,0
12543,0,4
12544,7,3
12545,7,3
12546,1,3
12547,5,6
12548,8,5
12549,3,2
12550,4,0
12551,3,2
12552,0,6
12553,4,0
12554,4,0
12555,4,0
12556,1,1
12557,1,8
12558,1,7
12559,1,2
12560,9,2
12561,7,5
12562,1,9
12563,2,9
12564,2,4
12565,1,8
12566,7,5
12567,5,6
12568,4,0
12569,5,5
12570,2,9
12571,2,7
12572,7,5
12573,7,0
12574,8,5
12575,4,0
12576,1,7
12577,2,4
12578,6,1
12579,2,7
12580,7,8
12581,6,4
12582,3,2
12583,7,3
12584,4,0
12585,3,2
12586,7,8
12587,3,2
12588,7,5
12589,2,4
12590,1,1
12591,6,1
12592,1,3
12593,3,3
12594,1,8
12595,2,4
12596,5,6
12597,2,7
12598,5,2
12599,1,7
12600,2,9
12601,1,7
12602,7,3
12603,3,2
12604,8,5
12605,4,0
12606,5,6
12607,2,9
12608,1,2
12609,7,8
12610,2,4
12611,5,5
12612,0,4
12613,5,6
12614,4,9
12615,0,4
12616,7,8
12617,7,3
12618,4,4
12619,7,8
12620,1,2
12621,3,2
12622,1,8
12623,3,8
12624,1,7
12625,7,3
12626,7,5
12627,7,8
12628,1,7
12629,1,9
12630,3,8
12631,7,5
12632,1,1
12633,7,8
12634,1,1
12635,4,0
12636,5,6
12637,7,5
12638,8,5
12639,2,4
12640,0,6
12641,2,7
12642,1,1
12643,6,1
12644,4,4
12645,7,3
12646,4,9
12647,6,1
12648,7,8
12649,2,7
12650,7,5
12651,1,9
12652,4,0
12653,4,0
12654,2,4
12655,1,9
12656,3,3
12657,6,1
12658,1,8
12659,1,7
12660,1,8
12661,7,3
12662,5,0
12663,7,8
12664,1,1
12665,4,0
12666,4,0
12667,3,3
12668,4,7
12669,2,9
12670,4,0
12671,6,1
12672,5,2
12673,5,6
12674,1,9
12675,2,4
12676,1,7
12677,7,3
12678,2,7
12679,7,2
12680,6,1
12681,6,1
12682,3,2
12683,7,8
12684,7,5
12685,5,6
12686,1,0
12687,0,4
12688,7,5
12689,7,5
12690,4,0
12691,4,0
12692,8,5
12693,6,1
12694,7,5
12695,7,5
12696,1,9
12697,5,5
12698,7,3
12699,5,6
12700,7,3
12701,5,5
12702,4,3
12703,4,0
12704,1,1
12705,1,1
12706,1,1
12707,3,2
12708,2,9
12709,3,3
12710,1,8
12711,0,4
12712,1,8
12713,7,5
12714,8,5
12715,5,6
12716,5,0
12717,1,7
12718,1,2
12719,1,8
12720,7,3
12721,4,9
12722,1,1
12723,4,0
12724,1,7
12725,1,1
12726,4,4
12727,9,2
12728,0,6
12729,7,3
12730,2,7
12731,2,4
12732,4,0
12733,7,5
12734,6,1
12735,0,6
12736,7,5
12737,1,7
12738,2,9
12739,4,9
12740,3,2
12741,4,0
12742,4,7
12743,1,1
12744,8,6
12745,3,2
12746,1,1
12747,3,3
12748,4,0
12749,0,4
12750,3,3
12751,4,7
12752,1,2
12753,4,9
12754,1,7
12755,9,4
12756,8,5
12757,4,7
12758,0,6
12759,0,6
12760,0,4
12761,7,3
12762,4,6
12763,2,4
12764,4,0
12765,4,0
12766,9,2
12767,4,9
12768,4,9
12769,2,7
12770,7,5
12771,1,1
12772,4,7
12773,2,9
12774,1,7
12775,3,3
12776,4,0
12777,7,8
12778,8,8
12779,2,4
12780,7,3
12781,1,7
12782,7,8
12783,7,3
12784,3,2
12785,4,0
12786,2,4
12787,2,9
12788,2,4
12789,4,9
12790,1,4
12791,1,1
12792,8,9
12793,1,1
12794,6,7
12795,9,4
12796,4,0
12797,3,2
12798,1,1
12799,4,0
12800,7,5
12801,0,6
12802,1,2
12803,3,2
12804,7,5
12805,1,1
12806,1,7
12807,1,1
12808,1,2
12809,6,1
12810,5,6
12811,1,1
12812,1,3
12813,4,7
12814,7,3
12815,3,2
12816,7,5
12817,6,4
12818,7,5
12819,4,7
12820,2,4
12821,8,5
12822,3,2
12823,3,2
12824,1,1
12825,4,9
12826,7,3
12827,2,4
12828,7,3
12829,7,5
12830,8,4
12831,1,8
12832,1,9
12833,8,9
12834,7,6
12835,4,7
12836,1,3
12837,4,0
12838,7,3
12839,4,0
12840,5,9
12841,1,7
12842,1,1
12843,5,5
12844,5,2
12845,6,1
12846,2,9
12847,6,1
12848,7,8
12849,4,7
12850,1,7
12851,5,6
12852,4,9
12853,0,6
12854,1,2
12855,0,6
12856,7,5
12857,7,8
12858,1,2
12859,9,2
12860,6,2
12861,3,2
12862,8,5
12863,1,7
12864,9,2
12865,4,7
12866,0,6
12867,0,4
12868,8,9
12869,4,0
12870,0,4
12871,9,2
12872,4,0
12873,6,4
12874,7,3
12875,3,2
12876,5,6
12877,7,3
12878,1,1
12879,3,3
12880,4,0
12881,3,3
12882,7,3
12883,1,1
12884,2,9
12885,1,1
12886,1,8
12887,5,6
12888,4,0
12889,8,9
12890,1,8
12891,5,5
12892,1,8
12893,5,5
12894,2,9
12895,7,3
12896,4,7
12897,4,0
12898,8,5
12899,7,8
12900,1,9
12901,3,3
12902,0,6
12903,4,9
12904,7,8
12905,5,6
12906,3,2
12907,1,0
12908,1,7
12909,1,1
12910,2,9
12911,3,2
12912,2,4
12913,1,3
12914,1,9
12915,2,4
12916,3,2
12917,8,5
12918,6,1
12919,5,6
12920,7,3
12921,1,7
12922,4,4
12923,1,8
12924,3,3
12925,1,9
12926,4,0
12927,5,0
12928,1,8
12929,1,1
12930,1,1
12931,3,2
12932,1,1
12933,7,3
12934,8,8
12935,2,4
12936,1,8
12937,5,5
12938,1,2
12939,5,6
12940,8,5
12941,1,7
12942,7,3
12943,1,8
12944,8,8
12945,8,9
12946,4,9
12947,4,0
12948,0,4
12949,1,1
12950,5,2
12951,1,2
12952,1,1
12953,7,3
12954,9,2
12955,2,4
12956,9,7
12957,5,5
12958,1,8
12959,5,6
12960,1,8
12961,1,7
12962,7,5
12963,1,8
12964,5,6
12965,1,9
12966,2,4
12967,3,3
12968,7,3
12969,2,4
12970,1,7
12971,1,1
12972,9,4
12973,2,4
12974,1,8
12975,0,6
12976,4,4
12977,0,6
12978,7,5
12979,1,7
12980,5,6
12981,7,3
12982,1,7
12983,7,3
12984,1,8
12985,1,2
12986,7,5
12987,1,1
12988,1,8
12989,1,9
12990,7,3
12991,2,4
12992,7,0
12993,1,7
12994,1,7
12995,3,3
12996,8,5
12997,2,4
12998,7,3
12999,2,9
13000,2,7
13001,6,1
13002,1,9
13003,6,1
13004,7,8
13005,5,0
13006,6,1
13007,1,1
13008,0,4
13009,2,4
13010,5,6
13011,0,6
13012,1,9
13013,4,0
13014,4,8
13015,3,2
13016,7,8
13017,1,8
13018,7,8
13019,9,2
13020,5,6
13021,5,5
13022,1,2
13023,5,2
13024,1,7
13025,1,1
13026,1,3
13027,1,7
13028,8,9
13029,4,0
13030,5,0
13031,0,2
13032,4,9
13033,4,0
13034,1,9
13035,0,6
13036,7,5
13037,1,8
13038,1,2
13039,9,2
13040,7,5
13041,1,9
13042,1,7
13043,1,2
13044,4,0
13045,3,3
13046,5,6
13047,0,6
13048,1,7
13049,1,9
13050,1,9
13051,1,8
13052,0,4
13053,1,7
13054,3,0
13055,1,8
13056,1,7
13057,2,9
13058,8,5
13059,3,2
13060,7,5
13061,5,2
13062,8,8
13063,1,9
13064,1,7
13065,1,8
13066,4,0
13067,0,6
13068,0,4
13069,0,4
13070,8,5
13071,8,4
13072,1,9
13073,8,4
13074,3,0
13075,5,0
13076,4,0
13077,5,0
13078,5,5
13079,1,8
13080,1,1
13081,1,0
13082,1,2
13083,1,8
13084,5,6
13085,5,6
13086,3,2
13087,5,6
13088,1,9
13089,1,8
13090,1,1
13091,1,7
13092,7,5
13093,3,3
13094,7,5
13095,1,8
13096,1,9
13097,4,0
13098,4,0
13099,3,3
13100,3,2
13101,5,6
13102,1,1
13103,1,8
13104,2,4
13105,7,3
13106,1,1
13107,1,1
13108,1,9
13109,1,3
13110,7,3
13111,8,9
13112,1,1
13113,6,1
13114,3,3
13115,2,9
13116,4,9
13117,5,0
13118,1,8
13119,1,7
13120,7,5
13121,5,2
13122,7,8
13123,1,7
13124,7,3
13125,0,4
13126,3,0
13127,3,3
13128,2,4
13129,1,1
13130,4,9
13131,1,7
13132,2,4
13133,5,6
13134,7,3
13135,4,0
13136,2,7
13137,6,1
13138,1,2
13139,9,2
13140,1,1
13141,3,3
13142,7,3
13143,2,4
13144,1,3
13145,5,5
13146,7,3
13147,0,6
13148,5,2
13149,1,7
13150,1,7
13151,1,8
13152,7,8
13153,1,9
13154,1,1
13155,7,0
13156,1,2
13157,6,1
13158,1,7
13159,3,2
13160,1,1
13161,3,3
13162,2,7
13163,0,4
13164,4,0
13165,5,5
13166,4,7
13167,5,6
13168,1,1
13169,1,7
13170,0,6
13171,1,8
13172,5,6
13173,1,9
13174,4,7
13175,4,0
13176,7,8
13177,1,1
13178,8,9
13179,9,2
13180,1,7
13181,3,3
13182,7,5
13183,2,4
13184,5,0
13185,7,5
13186,7,8
13187,1,7
13188,1,7
13189,3,8
13190,5,3
13191,1,9
13192,1,7
13193,7,3
13194,1,9
13195,1,8
13196,4,0
13197,7,0
13198,1,2
13199,1,7
13200,5,2
13201,6,1
13202,7,3
13203,4,0
13204,1,8
13205,1,7
13206,4,0
13207,0,6
13208,7,3
13209,2,9
13210,5,6
13211,4,0
13212,3,3
13213,1,1
13214,4,0
13215,5,0
13216,4,0
13217,4,0
13218,7,3
13219,1,8
13220,5,6
13221,7,3
13222,7,3
13223,0,4
13224,5,6
13225,3,3
13226,5,6
13227,6,1
13228,7,3
13229,5,5
13230,4,0
13231,4,0
13232,8,5
13233,4,0
13234,7,5
13235,2,9
13236,2,4
13237,5,5
13238,4,0
13239,3,3
13240,4,0
13241,6,4
13242,3,3
13243,1,7
13244,4,7
13245,0,6
13246,0,6
13247,1,9
13248,8,5
13249,3,2
13250,3,3
13251,0,4
13252,4,4
13253,1,5
13254,1,1
13255,2,7
13256,7,5
13257,3,2
13258,4,8
13259,5,1
13260,1,1
13261,5,6
13262,7,5
13263,0,4
13264,8,5
13265,1,9
13266,6,1
13267,2,4
13268,4,0
13269,1,9
13270,4,9
13271,2,4
13272,6,1
13273,6,1
13274,7,8
13275,3,2
13276,7,5
13277,3,2
13278,1,9
13279,5,5
13280,4,0
13281,1,8
13282,0,6
13283,6,1
13284,7,5
13285,3,3
13286,4,0
13287,3,2
13288,7,3
13289,1,9
13290,5,6
13291,2,4
13292,1,7
13293,3,3
13294,7,3
13295,9,2
13296,6,1
13297,6,1
13298,7,3
13299,3,2
13300,7,5
13301,1,8
13302,4,4
13303,0,6
13304,4,9
13305,5,5
13306,5,6
13307,6,1
13308,1,9
13309,5,6
13310,3,2
13311,1,7
13312,7,5
13313,9,2
13314,4,0
13315,1,1
13316,1,8
13317,3,3
13318,5,6
13319,1,7
13320,1,8
13321,8,5
13322,5,6
13323,1,9
13324,8,5
13325,3,3
13326,4,9
13327,1,8
13328,7,5
13329,1,7
13330,1,2
13331,7,5
13332,1,3
13333,1,7
13334,6,1
13335,5,0
13336,5,5
13337,1,7
13338,1,1
13339,2,4
13340,2,4
13341,7,8
13342,1,8
13343,7,8
13344,5,0
13345,5,5
13346,7,8
13347,5,0
13348,7,5
13349,0,6
13350,4,4
13351,5,6
13352,7,3
13353,3,3
13354,7,8
13355,1,7
13356,8,9
13357,0,6
13358,4,9
13359,1,9
13360,7,5
13361,1,9
13362,2,9
13363,0,4
13364,5,6
13365,1,8
13366,4,0
13367,0,4
13368,7,5
13369,6,1
13370,1,2
13371,5,0
13372,6,1
13373,5,6
13374,5,2
13375,5,6
13376,8,3
13377,4,0
13378,1,8
13379,6,1
13380,1,7
13381,9,2
13382,1,7
13383,7,3
13384,3,2
13385,2,4
13386,1,8
13387,7,5
13388,7,3
13389,5,6
13390,8,1
13391,1,7
13392,6,1
13393,1,8
13394,5,5
13395,2,9
13396,7,8
13397,7,0
13398,1,1
13399,1,1
13400,7,5
13401,3,2
13402,1,8
13403,3,3
13404,7,5
13405,1,7
13406,9,2
13407,1,8
13408,4,0
13409,1,9
13410,1,7
13411,4,0
13412,7,8
13413,1,1
13414,4,9
13415,3,2
13416,1,7
13417,3,3
13418,4,4
13419,2,4
13420,1,8
13421,1,7
13422,1,8
13423,1,8
13424,1,8
13425,1,9
13426,2,4
13427,0,6
13428,5,9
13429,1,9
13430,2,4
13431,5,6
13432,3,2
13433,6,1
13434,1,2
13435,2,9
13436,7,8
13437,2,9
13438,3,3
13439,2,9
13440,7,8
13441,2,4
13442,1,3
13443,2,4
13444,5,6
13445,3,3
13446,2,4
13447,1,8
13448,3,3
13449,6,1
13450,4,0
13451,2,4
13452,1,2
13453,6,1
13454,4,0
13455,3,2
13456,1,9
13457,8,5
13458,4,4
13459,4,0
13460,8,5
13461,2,9
13462,4,9
13463,2,4
13464,4,0
13465,2,9
13466,5,5
13467,4,0
13468,0,6
13469,2,7
13470,1,1
13471,4,4
13472,1,9
13473,2,4
13474,1,1
13475,1,1
13476,1,8
13477,1,8
13478,7,3
13479,1,7
13480,4,9
13481,5,6
13482,2,7
13483,4,0
13484,1,2
13485,7,8
13486,3,2
13487,6,1
13488,1,3
13489,1,8
13490,3,2
13491,9,2
13492,4,0
13493,5,6
13494,8,6
13495,3,2
13496,3,3
13497,4,0
13498,1,8
13499,1,9
13500,2,4
13501,6,1
13502,8,5
13503,1,2
13504,6,1
13505,7,5
13506,3,2
13507,2,4
13508,5,2
13509,7,5
13510,1,1
13511,5,6
13512,1,7
13513,1,7
13514,6,1
13515,1,7
13516,1,3
13517,5,5
13518,1,8
13519,3,3
13520,9,4
13521,5,0
13522,3,2
13523,3,2
13524,7,3
13525,9,2
13526,7,9
13527,3,2
13528,4,0
13529,1,7
13530,4,9
13531,7,3
13532,7,5
13533,5,5
13534,1,7
13535,1,2
13536,5,6
13537,1,1
13538,5,5
13539,4,4
13540,1,7
13541,2,4
13542,1,1
13543,3,3
13544,4,0
13545,5,0
13546,5,6
13547,4,0
13548,1,4
13549,1,8
13550,1,2
13551,5,5
13552,3,2
13553,2,4
13554,7,8
13555,1,7
13556,6,1
13557,2,9
13558,1,1
13559,7,8
13560,7,3
13561,1,7
13562,1,8
13563,2,9
13564,2,4
13565,5,6
13566,1,7
13567,3,3
13568,1,3
13569,1,1
13570,2,7
13571,1,7
13572,2,9
13573,1,9
13574,1,1
13575,5,6
13576,1,3
13577,3,3
13578,1,8
13579,3,3
13580,7,5
13581,6,1
13582,4,0
13583,4,0
13584,1,1
13585,9,2
13586,1,2
13587,5,6
13588,7,8
13589,4,0
13590,1,1
13591,7,5
13592,7,8
13593,5,6
13594,7,5
13595,5,6
13596,4,9
13597,1,8
13598,8,6
13599,1,7
13600,1,7
13601,7,3
13602,7,5
13603,7,5
13604,1,1
13605,1,8
13606,3,2
13607,7,3
13608,7,8
13609,4,0
13610,1,1
13611,1,1
13612,5,2
13613,9,2
13614,5,6
13615,7,3
13616,4,9
13617,6,1
13618,7,8
13619,7,5
13620,1,8
13621,5,6
13622,5,6
13623,4,0
13624,9,2
13625,6,1
13626,8,8
13627,9,2
13628,1,3
13629,3,3
13630,1,1
13631,6,1
13632,1,8
13633,5,5
13634,2,4
13635,0,6
13636,1,1
13637,1,7
13638,1,7
13639,1,8
13640,2,4
13641,4,0
13642,7,5
13643,6,1
13644,1,7
13645,9,2
13646,1,9
13647,3,3
13648,6,1
13649,1,1
13650,0,4
13651,1,7
13652,4,9
13653,4,4
13654,1,2
13655,7,8
13656,3,3
13657,6,1
13658,3,3
13659,8,5
13660,7,3
13661,5,6
13662,1,7
13663,5,5
13664,4,4
13665,1,7
13666,4,9
13667,9,2
13668,2,9
13669,3,8
13670,3,3
13671,0,6
13672,2,9
13673,3,3
13674,6,1
13675,3,3
13676,1,3
13677,7,8
13678,1,9
13679,0,6
13680,1,8
13681,5,5
13682,1,8
13683,2,4
13684,1,7
13685,4,0
13686,0,6
13687,1,9
13688,4,4
13689,1,1
13690,3,2
13691,1,7
13692,4,9
13693,9,2
13694,5,2
13695,4,9
13696,0,6
13697,6,1
13698,8,9
13699,8,5
13700,6,1
13701,6,1
13702,5,6
13703,1,3
13704,3,3
13705,9,2
13706,7,3
13707,1,3
13708,5,5
13709,0,6
13710,1,7
13711,6,1
13712,9,6
13713,3,3
13714,1,4
13715,5,6
13716,7,5
13717,4,9
13718,1,7
13719,7,0
13720,4,9
13721,6,1
13722,3,2
13723,1,8
13724,8,5
13725,1,1
13726,4,0
13727,2,4
13728,1,9
13729,4,0
13730,4,0
13731,0,6
13732,8,5
13733,6,1
13734,4,0
13735,1,2
13736,7,3
13737,0,6
13738,4,0
13739,8,9
13740,3,3
13741,9,2
13742,7,9
13743,3,2
13744,1,7
13745,1,3
13746,1,7
13747,8,5
13748,1,1
13749,7,5
13750,7,3
13751,4,0
13752,1,9
13753,6,7
13754,1,7
13755,1,7
13756,1,7
13757,1,9
13758,5,6
13759,0,6
13760,5,6
13761,3,2
13762,3,2
13763,8,9
13764,4,0
13765,2,4
13766,0,4
13767,1,7
13768,4,9
13769,4,0
13770,0,6
13771,9,2
13772,0,6
13773,3,3
13774,3,2
13775,4,4
13776,1,7
13777,4,0
13778,1,3
13779,3,0
13780,0,6
13781,1,8
13782,1,1
13783,7,5
13784,8,5
13785,6,1
13786,1,7
13787,3,3
13788,6,1
13789,1,7
13790,1,1
13791,1,9
13792,1,8
13793,1,8
13794,2,7
13795,1,8
13796,8,5
13797,2,9
13798,4,0
13799,4,0
13800,7,5
13801,1,9
13802,1,7
13803,1,8
13804,5,2
13805,2,9
13806,2,9
13807,4,0
13808,4,0
13809,0,6
13810,2,7
13811,8,5
13812,7,8
13813,0,6
13814,1,7
13815,1,7
13816,3,0
13817,2,4
13818,3,2
13819,1,7
13820,9,2
13821,7,5
13822,4,0
13823,4,4
13824,3,3
13825,6,1
13826,4,0
13827,3,3
13828,8,6
13829,5,5
13830,4,0
13831,5,3
13832,0,6
13833,4,0
13834,1,7
13835,1,1
13836,7,3
13837,3,2
13838,5,6
13839,3,3
13840,1,1
13841,2,4
13842,1,7
13843,8,5
13844,1,2
13845,0,6
13846,0,6
13847,2,7
13848,4,4
13849,1,8
13850,1,4
13851,1,9
13852,1,4
13853,4,0
13854,7,0
13855,6,1
13856,2,4
13857,3,2
13858,5,6
13859,3,3
13860,5,6
13861,2,4
13862,7,5
13863,5,5
13864,2,4
13865,0,6
13866,1,8
13867,2,7
13868,4,4
13869,1,8
13870,2,4
13871,2,9
13872,4,0
13873,4,0
13874,4,0
13875,6,1
13876,4,8
13877,3,2
13878,8,4
13879,7,3
13880,4,0
13881,0,6
13882,1,1
13883,2,7
13884,6,1
13885,1,8
13886,8,5
13887,2,9
13888,1,8
13889,4,0
13890,1,7
13891,2,9
13892,1,1
13893,2,9
13894,7,3
13895,1,8
13896,5,0
13897,2,9
13898,8,9
13899,1,8
13900,1,7
13901,2,4
13902,4,4
13903,6,1
13904,4,9
13905,2,7
13906,7,3
13907,2,7
13908,2,4
13909,3,3
13910,3,2
13911,5,0
13912,9,6
13913,5,0
13914,9,2
13915,2,7
13916,4,0
13917,1,8
13918,4,0
13919,3,2
13920,2,8
13921,4,0
13922,1,2
13923,6,1
13924,7,8
13925,3,2
13926,4,0
13927,0,6
13928,1,2
13929,7,3
13930,9,2
13931,3,3
13932,4,9
13933,2,7
13934,1,8
13935,7,3
13936,4,9
13937,7,3
13938,7,5
13939,0,6
13940,5,5
13941,0,6
13942,2,4
13943,2,4
13944,7,8
13945,2,9
13946,7,5
13947,6,1
13948,8,5
13949,1,9
13950,1,1
13951,1,8
13952,3,2
13953,3,2
13954,7,8
13955,4,0
13956,1,1
13957,3,3
13958,7,5
13959,3,2
13960,7,8
13961,6,1
13962,4,0
13963,2,7
13964,8,6
13965,3,3
13966,7,8
13967,6,1
13968,8,4
13969,5,3
13970,5,6
13971,2,9
13972,3,2
13973,6,1
13974,6,1
13975,2,7
13976,7,8
13977,0,6
13978,1,7
13979,1,8
13980,1,3
13981,6,4
13982,8,9
13983,3,3
13984,3,2
13985,6,1
13986,4,4
13987,2,4
13988,7,5
13989,7,0
13990,7,8
13991,7,5
13992,8,1
13993,3,3
13994,3,2
13995,0,6
13996,7,9
13997,2,9
13998,4,9
13999,0,6
14000,1,1
14001,6,1
14002,7,3
14003,1,8
14004,1,7
14005,3,2
14006,7,5
14007,3,2
14008,2,8
14009,7,5
14010,4,9
14011,2,7
14012,4,0
14013,1,8
14014,1,8
14015,1,9
14016,6,1
14017,1,8
14018,9,4
14019,5,0
14020,7,8
14021,1,1
14022,4,7
14023,1,2
14024,9,2
14025,1,3
14026,7,3
14027,2,4
14028,7,3
14029,8,5
14030,7,3
14031,5,6
14032,1,7
14033,1,7
14034,4,0
14035,7,8
14036,2,4
14037,4,9
14038,1,1
14039,5,0
14040,5,2
14041,1,1
14042,1,9
14043,9,2
14044,5,6
14045,7,3
14046,1,7
14047,9,4
14048,7,5
14049,8,5
14050,1,2
14051,5,6
14052,4,0
14053,1,7
14054,7,5
14055,1,8
14056,1,1
14057,1,9
14058,1,9
14059,5,0
14060,1,1
14061,1,1
14062,7,8
14063,5,2
14064,2,4
14065,1,3
14066,4,4
14067,2,4
14068,1,8
14069,8,5
14070,8,1
14071,5,6
14072,5,6
14073,1,7
14074,8,5
14075,1,8
14076,1,7
14077,1,9
14078,3,5
14079,1,1
14080,7,3
14081,5,2
14082,8,9
14083,0,6
14084,3,2
14085,7,5
14086,4,4
14087,7,3
14088,1,7
14089,5,0
14090,7,5
14091,9,2
14092,4,0
14093,1,8
14094,1,7
14095,4,7
14096,7,5
14097,5,0
14098,1,1
14099,1,3
14100,5,5
14101,0,6
14102,4,0
14103,2,4
14104,1,7
14105,4,4
14106,8,5
14107,1,3
14108,3,2
14109,0,6
14110,4,0
14111,1,7
14112,5,2
14113,5,2
14114,1,7
14115,3,3
14116,4,9
14117,4,9
14118,1,2
14119,1,1
14120,3,9
14121,5,2
14122,5,5
14123,1,1
14124,3,2
14125,5,2
14126,1,1
14127,4,9
14128,7,8
14129,0,6
14130,3,2
14131,5,0
14132,9,2
14133,1,1
14134,2,4
14135,1,3
14136,5,6
14137,5,0
14138,1,7
14139,5,2
14140,7,8
14141,4,7
14142,8,9
14143,8,5
14144,4,5
14145,4,7
14146,4,9
14147,0,6
14148,4,0
14149,1,1
14150,8,5
14151,4,9
14152,6,7
14153,4,0
14154,1,1
14155,0,6
14156,4,4
14157,4,0
14158,4,0
14159,5,6
14160,4,0
14161,5,0
14162,1,8
14163,5,2
14164,9,9
14165,4,0
14166,7,3
14167,5,6
14168,8,5
14169,1,1
14170,7,8
14171,8,5
14172,0,6
14173,1,8
14174,3,2
14175,4,4
14176,0,4
14177,1,3
14178,5,6
14179,5,0
14180,7,5
14181,1,1
14182,2,9
14183,8,5
14184,3,3
14185,4,4
14186,5,6
14187,4,4
14188,2,4
14189,1,8
14190,0,6
14191,1,8
14192,7,8
14193,8,4
14194,0,4
14195,8,5
14196,6,1
14197,1,7
14198,2,4
14199,7,5
14200,3,3
14201,1,7
14202,4,0
14203,1,8
14204,7,5
14205,1,3
14206,1,4
14207,2,4
14208,1,9
14209,1,8
14210,3,3
14211,1,8
14212,1,1
14213,8,5
14214,8,5
14215,1,2
14216,2,9
14217,4,9
14218,7,5
14219,1,7
14220,0,4
14221,1,1
14222,8,9
14223,1,3
14224,1,1
14225,1,8
14226,1,8
14227,1,1
14228,6,1
14229,4,0
14230,3,2
14231,1,7
14232,0,6
14233,8,5
14234,1,1
14235,4,9
14236,1,3
14237,0,6
14238,6,7
14239,4,9
14240,4,9
14241,2,4
14242,1,7
14243,1,7
14244,3,2
14245,1,7
14246,1,7
14247,4,9
14248,5,6
14249,4,9
14250,1,8
14251,8,5
14252,1,1
14253,1,8
14254,1,9
14255,1,3
14256,5,6
14257,2,4
14258,4,0
14259,2,4
14260,9,4
14261,1,3
14262,3,3
14263,1,8
14264,9,2
14265,5,6
14266,5,3
14267,1,2
14268,1,1
14269,7,0
14270,1,8
14271,6,1
14272,1,4
14273,5,2
14274,4,4
14275,3,3
14276,4,0
14277,1,7
14278,4,0
14279,7,8
14280,4,7
14281,8,9
14282,4,0
14283,7,3
14284,4,7
14285,2,4
14286,1,3
14287,1,7
14288,1,7
14289,1,9
14290,0,4
14291,4,0
14292,8,6
14293,6,1
14294,1,9
14295,5,2
14296,2,4
14297,1,3
14298,1,1
14299,1,7
14300,5,6
14301,1,8
14302,9,2
14303,1,3
14304,1,8
14305,1,8
14306,4,9
14307,1,7
14308,5,6
14309,6,1
14310,6,1
14311,5,0
14312,1,1
14313,1,7
14314,1,1
14315,5,6
14316,7,5
14317,1,9
14318,7,5
14319,5,0
14320,1,3
14321,6,1
14322,1,8
14323,4,0
14324,4,9
14325,5,0
14326,4,4
14327,6,1
14328,8,6
14329,5,0
14330,5,6
14331,1,9
14332,4,9
14333,1,3
14334,4,0
14335,9,4
14336,2,9
14337,1,7
14338,1,8
14339,5,6
14340,3,2
14341,1,9
14342,1,2
14343,9,2
14344,5,6
14345,1,1
14346,6,1
14347,5,6
14348,1,7
14349,2,4
14350,7,3
14351,2,4
14352,5,3
14353,1,1
14354,1,1
14355,9,2
14356,4,0
14357,5,2
14358,4,9
14359,1,1
14360,1,7
14361,3,3
14362,7,8
14363,9,2
14364,1,9
14365,1,9
14366,6,1
14367,3,3
14368,7,5
14369,9,2
14370,7,5
14371,6,1
14372,8,6
14373,9,2
14374,1,6
14375,6,1
14376,7,5
14377,5,6
14378,1,2
14379,1,7
14380,7,8
14381,5,2
14382,7,8
14383,7,3
14384,4,0
14385,2,8
14386,1,7
14387,1,7
14388,3,3
14389,7,5
14390,4,4
14391,1,7
14392,3,2
14393,4,0
14394,5,3
14395,1,7
14396,8,8
14397,6,4
14398,1,7
14399,5,6
14400,5,6
14401,3,3
14402,4,0
14403,1,7
14404,7,5
14405,5,6
14406,3,8
14407,1,9
14408,1,1
14409,1,9
14410,7,3
14411,2,4
14412,4,0
14413,6,8
14414,1,1
14415,2,4
14416,5,6
14417,1,1
14418,5,6
14419,4,0
14420,3,3
14421,5,6
14422,9,2
14423,0,6
14424,2,4
14425,4,0
14426,8,4
14427,1,1
14428,7,5
14429,5,2
14430,5,0
14431,7,3
14432,2,4
14433,4,4
14434,8,9
14435,7,5
14436,4,9
14437,0,6
14438,1,8
14439,1,7
14440,1,4
14441,1,8
14442,1,9
14443,2,9
14444,7,5
14445,4,0
14446,1,2
14447,7,3
14448,1,7
14449,2,4
14450,7,3
14451,7,5
14452,7,8
14453,0,6
14454,7,3
14455,1,7
14456,7,3
14457,1,8
14458,5,2
14459,2,9
14460,1,7
14461,4,0
14462,1,1
14463,6,1
14464,1,1
14465,3,2
14466,1,1
14467,7,3
14468,3,2
14469,2,4
14470,4,7
14471,5,5
14472,4,0
14473,0,6
14474,1,8
14475,1,7
14476,1,3
14477,1,8
14478,1,8
14479,2,9
14480,7,8
14481,4,0
14482,4,4
14483,7,5
14484,3,2
14485,7,5
14486,8,5
14487,0,6
14488,7,3
14489,7,5
14490,3,2
14491,3,0
14492,0,6
14493,2,9
14494,8,8
14495,1,8
14496,4,4
14497,2,9
14498,1,1
14499,1,8
14500,5,6
14501,2,4
14502,4,9
14503,6,1
14504,8,9
14505,1,7
14506,1,7
14507,7,5
14508,3,2
14509,6,1
14510,1,2
14511,4,0
14512,7,5
14513,4,0
14514,5,3
14515,3,2
14516,1,1
14517,5,2
14518,4,0
14519,1,7
14520,0,4
14521,6,1
14522,4,7
14523,6,2
14524,8,6
14525,0,6
14526,0,6
14527,7,3
14528,4,4
14529,7,3
14530,4,0
14531,1,7
14532,1,7
14533,7,3
14534,7,5
14535,7,3
14536,6,7
14537,2,4
14538,4,4
14539,4,4
14540,6,7
14541,6,1
14542,2,4
14543,7,5
14544,5,5
14545,5,0
14546,4,4
14547,2,9
14548,7,3
14549,7,5
14550,9,2
14551,3,2
14552,7,3
14553,8,8
14554,1,9
14555,9,2
14556,1,7
14557,4,0
14558,1,3
14559,4,0
14560,1,1
14561,6,1
14562,8,5
14563,1,7
14564,4,0
14565,0,6
14566,7,3
14567,7,3
14568,2,9
14569,3,2
14570,5,6
14571,6,1
14572,2,4
14573,1,7
14574,5,0
14575,6,1
14576,0,6
14577,7,3
14578,2,4
14579,8,9
14580,7,9
14581,4,7
14582,2,9
14583,0,6
14584,1,1
14585,6,1
14586,6,7
14587,0,4
14588,3,3
14589,4,0
14590,1,7
14591,7,5
14592,4,4
14593,0,6
14594,4,7
14595,6,1
14596,5,2
14597,1,7
14598,1,7
14599,7,5
14600,4,7
14601,1,7
14602,6,4
14603,3,2
14604,7,6
14605,1,7
14606,1,1
14607,2,9
14608,5,6
14609,5,5
14610,5,6
14611,6,8
14612,1,1
14613,4,0
14614,1,8
14615,1,1
14616,2,4
14617,9,2
14618,5,6
14619,3,3
14620,8,4
14621,1,4
14622,1,7
14623,5,5
14624,7,3
14625,1,8
14626,1,8
14627,1,9
14628,7,5
14629,4,0
14630,8,5
14631,1,1
14632,8,6
14633,9,2
14634,8,6
14635,7,3
14636,7,3
14637,2,4
14638,1,8
14639,7,5
14640,7,8
14641,0,6
14642,2,7
14643,1,7
14644,4,0
14645,1,8
14646,1,2
14647,8,9
14648,1,8
14649,4,0
14650,1,4
14651,1,1
14652,2,4
14653,3,2
14654,6,4
14655,5,3
14656,1,1
14657,1,4
14658,0,6
14659,7,5
14660,0,6
14661,0,6
14662,1,9
14663,1,7
14664,5,8
14665,1,8
14666,0,6
14667,8,9
14668,4,0
14669,1,8
14670,7,5
14671,0,6
14672,8,5
14673,7,5
14674,3,3
14675,4,0
14676,5,6
14677,0,6
14678,1,8
14679,1,8
14680,8,9
14681,1,9
14682,1,1
14683,4,4
14684,1,7
14685,1,1
14686,1,3
14687,1,9
14688,8,5
14689,5,5
14690,4,8
14691,3,3
14692,1,3
14693,4,0
14694,5,2
14695,1,4
14696,4,9
14697,1,8
14698,6,1
14699,8,9
14700,8,4
14701,1,1
14702,1,2
14703,2,4
14704,7,3
14705,4,0
14706,8,8
14707,7,5
14708,5,6
14709,7,5
14710,1,7
14711,9,2
14712,4,0
14713,7,5
14714,7,5
14715,9,4
14716,9,9
14717,4,0
14718,2,7
14719,1,7
14720,4,4
14721,0,6
14722,4,0
14723,4,0
14724,6,1
14725,1,1
14726,1,9
14727,1,7
14728,7,8
14729,4,0
14730,1,8
14731,0,6
14732,5,6
14733,1,8
14734,6,1
14735,1,9
14736,7,3
14737,5,5
14738,7,3
14739,2,4
14740,4,4
14741,1,7
14742,8,5
14743,1,9
14744,1,9
14745,1,8
14746,4,0
14747,0,6
14748,8,5
14749,4,0
14750,1,7
14751,1,8
14752,4,0
14753,1,1
14754,1,8
14755,4,7
14756,1,1
14757,4,7
14758,6,1
14759,1,1
14760,3,2
14761,1,3
14762,4,9
14763,1,2
14764,0,6
14765,3,3
14766,1,8
14767,1,1
14768,5,6
14769,1,4
14770,1,7
14771,9,2
14772,7,8
14773,4,0
14774,0,4
14775,4,0
14776,1,2
14777,1,7
14778,0,6
14779,1,8
14780,2,9
14781,2,4
14782,1,8
14783,0,6
14784,5,6
14785,1,4
14786,7,3
14787,1,9
14788,4,4
14789,7,3
14790,5,9
14791,1,8
14792,7,3
14793,2,4
14794,1,1
14795,4,7
14796,1,9
14797,9,2
14798,3,2
14799,7,5
14800,3,2
14801,0,6
14802,4,7
14803,7,3
14804,5,6
14805,0,6
14806,7,5
14807,9,2
14808,1,8
14809,9,2
14810,7,3
14811,1,4
14812,1,1
14813,0,6
14814,1,7
14815,8,9
14816,1,9
14817,4,0
14818,4,9
14819,3,2
14820,4,0
14821,1,1
14822,1,9
14823,7,3
14824,1,7
14825,5,3
14826,7,8
14827,8,9
14828,5,5
14829,1,7
14830,4,8
14831,1,8
14832,1,7
14833,4,7
14834,6,1
14835,3,2
14836,1,2
14837,9,2
14838,5,2
14839,7,5
14840,4,0
14841,1,7
14842,8,9
14843,1,9
14844,4,9
14845,1,8
14846,1,1
14847,9,2
14848,0,6
14849,1,1
14850,4,7
14851,7,3
14852,3,2
14853,1,1
14854,7,5
14855,3,3
14856,3,3
14857,5,0
14858,6,1
14859,6,1
14860,1,1
14861,3,2
14862,7,5
14863,7,3
14864,3,3
14865,4,4
14866,1,7
14867,7,5
14868,3,2
14869,0,6
14870,1,1
14871,2,7
14872,3,8
14873,1,8
14874,1,1
14875,1,9
14876,1,2
14877,4,0
14878,5,3
14879,1,1
14880,3,3
14881,9,2
14882,4,4
14883,7,3
14884,4,9
14885,2,4
14886,4,9
14887,5,5
14888,4,9
14889,5,6
14890,4,0
14891,2,7
14892,1,1
14893,1,8
14894,8,5
14895,2,9
14896,5,8
14897,4,0
14898,1,7
14899,6,1
14900,1,1
14901,3,2
14902,1,8
14903,7,3
14904,8,4
14905,2,4
14906,1,1
14907,7,5
14908,1,8
14909,5,6
14910,5,6
14911,2,7
14912,5,6
14913,1,8
14914,3,2
14915,1,9
14916,7,3
14917,7,5
14918,7,5
14919,4,0
14920,1,7
14921,0,6
14922,4,9
14923,1,8
14924,1,1
14925,4,9
14926,4,7
14927,8,4
14928,4,9
14929,6,1
14930,1,7
14931,1,9
14932,3,2
14933,7,5
14934,8,9
14935,7,3
14936,1,1
14937,5,0
14938,9,2
14939,2,4
14940,8,6
14941,1,8
14942,1,1
14943,1,9
14944,4,0
14945,1,1
14946,7,5
14947,2,4
14948,1,1
14949,7,0
14950,1,9
14951,5,5
14952,8,6
14953,6,1
14954,1,7
14955,7,5
14956,1,9
14957,2,4
14958,1,1
14959,4,0
14960,5,6
14961,2,7
14962,1,2
14963,0,6
14964,1,1
14965,4,0
14966,4,4
14967,1,1
14968,1,8
14969,2,7
14970,7,5
14971,4,0
14972,8,4
14973,0,6
14974,8,9
14975,1,8
14976,1,4
14977,2,9
14978,1,2
14979,7,5
14980,6,1
14981,2,4
14982,4,9
14983,2,7
14984,8,9
14985,2,9
14986,6,1
14987,1,8
14988,4,9
14989,0,6
14990,1,4
14991,4,0
14992,6,1
14993,1,8
14994,7,5
14995,1,1
14996,9,2
14997,2,7
14998,1,1
14999,2,7
15000,8,5
15001,1,1
15002,1,1
15003,7,3
15004,5,6
15005,9,2
15006,0,6
15007,7,3
15008,7,3
15009,1,1
15010,1,3
15011,2,4
15012,7,5
15013,9,2
15014,3,3
15015,7,0
15016,3,2
15017,4,0
15018,1,9
15019,2,7
15020,6,1
15021,1,8
15022,7,3
15023,2,4
15024,7,5
15025,0,6
15026,1,1
15027,2,4
15028,4,0
15029,8,9
15030,9,2
15031,7,3
15032,1,6
15033,1,8
15034,1,1
15035,2,4
15036,0,6
15037,2,7
15038,4,4
15039,9,2
15040,3,2
15041,7,5
15042,4,0
15043,0,6
15044,1,1
15045,7,3
15046,4,0
15047,5,6
15048,6,1
15049,1,9
15050,1,8
15051,0,6
15052,1,3
15053,7,3
15054,8,5
15055,9,2
15056,1,8
15057,9,2
15058,0,4
15059,2,4
15060,4,0
15061,0,6
15062,1,7
15063,4,9
15064,4,0
15065,7,0
15066,7,5
15067,9,2
15068,1,1
15069,7,5
15070,8,5
15071,7,5
15072,4,9
15073,1,1
15074,1,7
15075,7,3
15076,3,3
15077,7,3
15078,4,4
15079,1,9
15080,1,3
15081,2,7
15082,1,1
15083,9,2
15084,5,6
15085,5,5
15086,1,7
15087,2,7
15088,5,6
15089,2,9
15090,3,3
15091,1,8
15092,8,4
15093,9,2
15094,3,2
15095,1,1
15096,1,8
15097,7,3
15098,4,7
15099,1,1
15100,8,4
15101,7,3
15102,1,8
15103,7,0
15104,5,8
15105,1,1
15106,1,7
15107,9,2
15108,1,0
15109,7,3
15110,7,5
15111,6,4
15112,9,9
15113,2,7
15114,5,6
15115,8,8
15116,1,5
15117,2,9
15118,7,5
15119,5,0
15120,4,0
15121,6,1
15122,1,7
15123,3,2
15124,4,9
15125,7,3
15126,7,5
15127,4,7
15128,2,9
15129,1,8
15130,4,0
15131,2,9
15132,3,2
15133,7,0
15134,0,6
15135,1,1
15136,7,5
15137,3,2
15138,1,1
15139,7,3
15140,7,5
15141,6,4
15142,4,0
15143,8,5
15144,7,5
15145,0,6
15146,1,9
15147,2,7
15148,1,1
15149,7,8
15150,4,0
15151,2,9
15152,1,1
15153,3,2
15154,1,1
15155,7,5
15156,4,0
15157,1,1
15158,7,8
15159,0,6
15160,4,0
15161,0,4
15162,1,9
15163,7,3
15164,5,1
15165,2,9
15166,0,6
15167,1,9
15168,1,7
15169,4,0
15170,2,9
15171,2,9
15172,1,7
15173,2,7
15174,7,3
15175,6,1
15176,3,3
15177,0,6
15178,7,5
15179,6,4
15180,8,4
15181,7,3
15182,1,1
15183,0,6
15184,0,4
15185,5,2
15186,7,3
15187,9,2
15188,8,6
15189,5,0
15190,5,6
15191,5,0
15192,1,7
15193,8,5
15194,2,9
15195,8,9
15196,0,6
15197,1,5
15198,4,0
15199,4,7
15200,4,7
15201,7,3
15202,1,7
15203,3,2
15204,1,7
15205,9,2
15206,7,5
15207,6,4
15208,4,0
15209,1,7
15210,1,3
15211,0,6
15212,2,9
15213,1,7
15214,2,4
15215,1,7
15216,5,3
15217,3,2
15218,0,4
15219,7,8
15220,8,6
15221,1,8
15222,1,9
15223,9,2
15224,6,1
15225,7,8
15226,7,3
15227,7,3
15228,9,2
15229,4,7
15230,1,7
15231,6,1
15232,7,5
15233,7,3
15234,5,6
15235,2,9
15236,8,8
15237,4,0
15238,8,5
15239,2,9
15240,6,1
15241,6,1
15242,4,0
15243,2,7
15244,1,9
15245,3,3
15246,7,3
15247,7,8
15248,1,8
15249,5,0
15250,3,3
15251,7,3
15252,1,1
15253,2,9
15254,1,7
15255,6,1
15256,1,7
15257,5,6
15258,1,8
15259,6,4
15260,1,7
15261,1,3
15262,1,2
15263,9,2
15264,1,1
15265,6,1
15266,8,1
15267,1,8
15268,4,9
15269,0,6
15270,3,2
15271,6,1
15272,3,2
15273,7,5
15274,4,4
15275,4,0
15276,2,7
15277,6,1
15278,3,2
15279,9,2
15280,8,6
15281,7,3
15282,7,8
15283,2,4
15284,8,5
15285,7,5
15286,7,8
15287,0,6
15288,3,0
15289,1,8
15290,6,1
15291,4,0
15292,3,3
15293,6,1
15294,2,4
15295,9,2
15296,3,2
15297,7,3
15298,0,4
15299,2,4
15300,1,1
15301,7,5
15302,1,9
15303,0,6
15304,7,5
15305,2,7
15306,7,5
15307,1,8
15308,1,1
15309,8,9
15310,0,4
15311,4,0
15312,2,9
15313,2,4
15314,5,6
15315,7,5
15316,1,1
15317,5,6
15318,4,0
15319,2,7
15320,5,6
15321,1,8
15322,1,3
15323,2,9
15324,1,6
15325,4,0
15326,2,9
15327,1,7
15328,3,2
15329,4,0
15330,4,0
15331,2,7
15332,7,3
15333,1,8
15334,0,6
15335,7,3
15336,7,3
15337,5,5
15338,8,6
15339,7,3
15340,2,7
15341,1,8
15342,7,3
15343,1,8
15344,4,0
15345,6,1
15346,7,3
15347,2,4
15348,5,6
15349,2,9
15350,5,3
15351,0,6
15352,4,4
15353,6,1
15354,1,9
15355,1,8
15356,1,1
15357,2,9
15358,8,5
15359,2,4
15360,8,9
15361,6,1
15362,7,5
15363,6,2
15364,1,8
15365,7,5
15366,8,8
15367,2,9
15368,3,2
15369,2,9
15370,5,6
15371,7,5
15372,5,3
15373,2,4
15374,7,5
15375,7,3
15376,4,4
15377,3,3
15378,7,5
15379,7,3
15380,1,1
15381,2,9
15382,4,0
15383,7,0
15384,5,6
15385,6,1
15386,5,6
15387,2,9
15388,3,3
15389,6,1
15390,8,5
15391,9,2
15392,6,1
15393,1,7
15394,2,4
15395,2,9
15396,1,1
15397,6,1
15398,7,5
15399,4,0
15400,4,4
15401,0,6
15402,4,5
15403,6,2
15404,4,6
15405,2,4
15406,7,8
15407,7,0
15408,1,8
15409,3,3
15410,1,7
15411,1,8
15412,1,3
15413,1,9
15414,1,9
15415,7,5
15416,8,4
15417,0,6
15418,3,2
15419,0,6
15420,2,4
15421,7,5
15422,1,7
15423,6,1
15424,1,8
15425,1,7
15426,2,4
15427,6,1
15428,1,1
15429,6,4
15430,7,8
15431,0,6
15432,9,4
15433,4,9
15434,5,2
15435,6,1
15436,1,8
15437,7,3
15438,6,1
15439,6,1
15440,3,2
15441,0,6
15442,4,0
15443,7,3
15444,7,5
15445,4,0
15446,2,9
15447,0,6
15448,5,6
15449,1,7
15450,5,6
15451,6,1
15452,1,7
15453,7,3
15454,4,0
15455,1,8
15456,0,4
15457,9,2
15458,1,8
15459,0,6
15460,4,7
15461,9,2
15462,8,5
15463,0,6
15464,5,5
15465,2,7
15466,9,2
15467,7,8
15468,1,7
15469,2,7
15470,3,2
15471,4,0
15472,1,3
15473,1,1
15474,1,3
15475,1,2
15476,3,2
15477,7,3
15478,0,6
15479,2,4
15480,4,0
15481,8,5
15482,1,3
15483,0,6
15484,5,6
15485,1,7
15486,1,3
15487,1,8
15488,8,5
15489,4,9
15490,1,7
15491,3,0
15492,4,0
15493,6,1
15494,9,7
15495,9,2
15496,7,3
15497,3,3
15498,4,9
15499,1,7
15500,5,6
15501,1,8
15502,1,8
15503,4,9
15504,4,0
15505,7,0
15506,9,2
15507,6,1
15508,4,0
15509,1,2
15510,1,2
15511,3,3
15512,4,9
15513,4,7
15514,4,4
15515,1,8
15516,4,0
15517,2,9
15518,6,7
15519,7,3
15520,4,0
15521,0,4
15522,8,8
15523,6,1
15524,4,0
15525,0,4
15526,8,6
15527,0,6
15528,8,5
15529,0,6
15530,4,0
15531,1,7
15532,7,8
15533,7,3
15534,7,3
15535,7,3
15536,1,1
15537,9,2
15538,8,5
15539,1,1
15540,3,3
15541,2,9
15542,5,0
15543,2,4
15544,1,3
15545,2,7
15546,1,8
15547,3,3
15548,8,1
15549,7,5
15550,6,1
15551,2,4
15552,7,5
15553,2,9
15554,4,7
15555,6,1
15556,4,4
15557,6,1
15558,7,5
15559,4,0
15560,2,9
15561,6,1
15562,7,9
15563,6,4
15564,4,0
15565,5,6
15566,4,0
15567,4,0
15568,4,4
15569,1,2
15570,1,7
15571,8,5
15572,7,3
15573,1,2
15574,1,1
15575,6,1
15576,4,4
15577,2,7
15578,1,1
15579,7,5
15580,4,0
15581,4,0
15582,4,0
15583,4,0
15584,2,9
15585,3,2
15586,4,7
15587,3,3
15588,5,2
15589,2,7
15590,4,0
15591,5,6
15592,4,9
15593,2,9
15594,7,5
15595,1,8
15596,3,2
15597,1,7
15598,7,8
15599,1,8
15600,4,0
15601,2,9
15602,1,9
15603,1,2
15604,4,4
15605,1,2
15606,1,3
15607,2,9
15608,6,1
15609,4,9
15610,8,8
15611,7,5
15612,6,1
15613,0,4
15614,5,2
15615,0,4
15616,3,8
15617,2,4
15618,6,2
15619,4,0
15620,8,6
15621,4,0
15622,4,4
15623,1,8
15624,7,8
15625,0,6
15626,1,8
15627,5,6
15628,4,0
15629,1,8
15630,1,3
15631,7,5
15632,1,1
15633,6,1
15634,8,6
15635,2,7
15636,1,8
15637,4,0
15638,5,6
15639,3,3
15640,8,8
15641,5,6
15642,3,2
15643,2,7
15644,4,9
15645,1,8
15646,2,7
15647,1,3
15648,4,0
15649,6,1
15650,9,2
15651,7,3
15652,5,6
15653,2,9
15654,1,9
15655,7,5
15656,7,3
15657,8,9
15658,4,9
15659,1,9
15660,3,2
15661,7,5
15662,4,0
15663,4,0
15664,1,8
15665,0,4
15666,2,9
15667,7,3
15668,2,4
15669,6,1
15670,4,9
15671,1,7
15672,0,6
15673,5,6
15674,5,6
15675,5,0
15676,7,5
15677,6,1
15678,7,8
15679,3,2
15680,1,2
15681,7,3
15682,1,4
15683,2,4
15684,1,1
15685,5,5
15686,2,4
15687,5,6
15688,9,2
15689,2,7
15690,1,7
15691,7,8
15692,4,0
15693,4,9
15694,3,0
15695,7,0
15696,1,1
15697,6,1
15698,8,5
15699,9,2
15700,4,0
15701,7,3
15702,7,5
15703,8,4
15704,4,0
15705,2,7
15706,0,6
15707,7,8
15708,5,6
15709,8,9
15710,1,1
15711,4,0
15712,3,2
15713,6,1
15714,5,6
15715,9,2
15716,6,1
15717,3,3
15718,2,7
15719,0,4
15720,7,5
15721,4,7
15722,1,1
15723,5,8
15724,8,8
15725,8,9
15726,7,5
15727,0,6
15728,8,9
15729,2,4
15730,1,1
15731,9,2
15732,8,5
15733,5,6
15734,4,0
15735,2,4
15736,3,2
15737,4,7
15738,7,8
15739,7,8
15740,1,7
15741,2,9
15742,7,5
15743,3,3
15744,5,6
15745,8,9
15746,8,9
15747,3,3
15748,1,2
15749,7,8
15750,1,7
15751,9,2
15752,2,4
15753,5,0
15754,1,7
15755,8,9
15756,5,6
15757,1,8
15758,1,1
15759,5,0
15760,7,3
15761,5,0
15762,7,3
15763,6,1
15764,7,3
15765,4,0
15766,8,8
15767,5,5
15768,7,5
15769,5,3
15770,4,0
15771,5,5
15772,1,8
15773,3,3
15774,1,3
15775,7,8
15776,1,1
15777,5,0
15778,8,5
15779,0,0
15780,5,6
15781,5,5
15782,1,8
15783,0,4
15784,2,4
15785,3,3
15786,1,1
15787,2,4
15788,5,6
15789,6,1
15790,1,1
15791,5,5
15792,1,7
15793,3,3
15794,7,5
15795,3,0
15796,9,2
15797,5,6
15798,1,0
15799,9,2
15800,8,5
15801,4,7
15802,3,2
15803,6,1
15804,7,5
15805,6,1
15806,0,6
15807,7,8
15808,1,7
15809,6,1
15810,7,5
15811,1,7
15812,8,5
15813,6,1
15814,4,0
15815,3,3
15816,3,3
15817,7,8
15818,1,7
15819,5,5
15820,8,8
15821,2,4
15822,2,4
15823,9,2
15824,1,7
15825,5,0
15826,5,6
15827,2,9
15828,4,0
15829,9,2
15830,8,5
15831,5,6
15832,4,9
15833,1,7
15834,7,5
15835,6,1
15836,6,2
15837,8,9
15838,1,1
15839,5,6
15840,2,4
15841,6,4
15842,1,3
15843,5,6
15844,4,9
15845,9,2
15846,3,2
15847,3,3
15848,3,3
15849,4,7
15850,3,3
15851,6,1
15852,2,4
15853,9,2
15854,4,0
15855,5,5
15856,1,7
15857,3,3
15858,8,9
15859,4,7
15860,1,9
15861,7,8
15862,4,6
15863,4,0
15864,4,0
15865,6,1
15866,4,4
15867,1,2
15868,4,0
15869,1,3
15870,5,6
15871,2,4
15872,1,3
15873,6,5
15874,7,5
15875,0,6
15876,2,4
15877,1,7
15878,5,1
15879,7,8
15880,5,5
15881,1,9
15882,4,0
15883,4,0
15884,7,5
15885,1,1
15886,7,5
15887,1,2
15888,1,1
15889,1,3
15890,4,0
15891,2,4
15892,8,5
15893,1,5
15894,1,9
15895,1,7
15896,5,6
15897,1,8
15898,1,1
15899,1,9
15900,1,7
15901,7,0
15902,3,2
15903,1,1
15904,4,0
15905,1,2
15906,1,7
15907,1,3
15908,5,6
15909,1,7
15910,4,0
15911,3,8
15912,1,9
15913,1,9
15914,5,6
15915,7,5
15916,4,4
15917,5,2
15918,8,5
15919,1,8
15920,1,1
15921,1,1
15922,4,7
15923,1,7
15924,5,6
15925,1,2
15926,4,0
15927,2,4
15928,7,0
15929,1,1
15930,7,3
15931,2,4
15932,4,7
15933,6,1
15934,4,0
15935,1,8
15936,7,3
15937,1,3
15938,7,3
15939,1,7
15940,6,1
15941,1,8
15942,5,4
15943,6,4
15944,2,9
15945,1,3
15946,4,0
15947,1,3
15948,9,2
15949,6,5
15950,1,8
15951,5,6
15952,1,7
15953,1,7
15954,9,7
15955,4,0
15956,1,8
15957,0,6
15958,1,2
15959,6,1
15960,8,6
15961,0,6
15962,1,1
15963,1,8
15964,1,1
15965,4,0
15966,1,2
15967,6,1
15968,7,3
15969,5,5
15970,1,9
15971,4,0
15972,1,9
15973,1,8
15974,6,1
15975,5,5
15976,1,7
15977,6,1
15978,5,6
15979,1,8
15980,1,3
15981,2,4
15982,3,2
15983,1,7
15984,7,5
15985,0,6
15986,1,3
15987,1,9
15988,5,8
15989,6,1
15990,1,3
15991,1,9
15992,4,0
15993,4,0
15994,3,2
15995,5,6
15996,7,5
15997,1,7
15998,1,7
15999,1,1
16000,1,8
16001,5,2
16002,5,6
16003,1,3
16004,1,7
16005,1,9
16006,4,9
16007,5,2
16008,1,9
16009,2,4
16010,7,5
16011,1,5
16012,1,1
16013,1,3
16014,6,1
16015,1,7
16016,1,7
16017,8,5
16018,1,2
16019,1,3
16020,4,9
16021,1,1
16022,7,8
16023,1,8
16024,9,2
16025,1,2
16026,1,8
16027,5,2
16028,7,5
16029,1,3
16030,3,2
16031,1,0
16032,5,6
16033,1,2
16034,1,9
16035,1,9
16036,8,8
16037,2,4
16038,7,5
16039,1,9
16040,1,8
16041,1,7
16042,1,8
16043,0,0
16044,8,8
16045,1,0
16046,9,2
16047,1,2
16048,0,4
16049,1,7
16050,1,1
16051,6,4
16052,1,7
16053,1,9
16054,5,6
16055,1,9
16056,5,6
16057,5,2
16058,3,2
16059,1,8
16060,9,2
16061,1,1
16062,1,1
16063,8,5
16064,5,6
16065,8,6
16066,7,8
16067,1,9
16068,4,4
16069,1,8
16070,5,6
16071,1,3
16072,5,5
16073,1,8
16074,7,3
16075,1,3
16076,1,1
16077,5,6
16078,7,3
16079,1,7
16080,1,1
16081,4,0
16082,1,9
16083,4,0
16084,5,5
16085,4,0
16086,6,1
16087,1,1
16088,5,6
16089,9,2
16090,4,9
16091,7,3
16092,7,5
16093,2,4
16094,8,4
16095,7,5
16096,3,3
16097,5,6
16098,1,4
16099,2,7
16100,8,7
16101,1,8
16102,5,6
16103,1,9
16104,3,2
16105,4,0
16106,1,9
16107,1,1
16108,1,2
16109,5,2
16110,1,1
16111,3,3
16112,7,5
16113,1,7
16114,1,8
16115,1,8
16116,7,5
16117,8,9
16118,5,6
16119,5,0
16120,8,5
16121,1,1
16122,4,0
16123,5,2
16124,1,2
16125,3,3
16126,7,5
16127,0,4
16128,1,8
16129,5,5
16130,1,1
16131,5,6
16132,4,9
16133,1,7
16134,7,3
16135,1,8
16136,4,0
16137,1,9
16138,1,7
16139,1,0
16140,9,2
16141,1,8
16142,9,2
16143,2,7
16144,4,0
16145,1,8
16146,1,2
16147,1,9
16148,6,1
16149,4,9
16150,1,7
16151,4,0
16152,4,9
16153,1,1
16154,1,8
16155,6,4
16156,7,3
16157,7,5
16158,1,8
16159,1,1
16160,8,6
16161,5,6
16162,1,7
16163,4,0
16164,8,5
16165,5,5
16166,3,2
16167,5,6
16168,2,4
16169,2,7
16170,4,9
16171,3,3
16172,1,8
16173,1,9
16174,7,5
16175,2,9
16176,3,2
16177,7,3
16178,4,0
16179,1,8
16180,1,4
16181,1,1
16182,1,8
16183,5,2
16184,1,8
16185,4,9
16186,1,7
16187,0,6
16188,5,6
16189,2,7
16190,7,3
16191,7,3
16192,7,0
16193,3,3
16194,1,7
16195,6,4
16196,4,2
16197,2,7
16198,1,2
16199,1,7
16200,3,2
16201,2,9
16202,4,0
16203,1,1
16204,1,1
16205,1,7
16206,2,4
16207,0,6
16208,7,3
16209,5,2
16210,7,5
16211,1,1
16212,1,7
16213,5,5
16214,4,4
16215,5,5
16216,8,4
16217,5,0
16218,1,1
16219,5,5
16220,5,3
16221,4,0
16222,1,1
16223,1,8
16224,1,1
16225,0,4
16226,4,7
16227,5,0
16228,1,1
16229,7,3
16230,1,8
16231,1,8
16232,1,8
16233,1,1
16234,1,1
16235,9,2
16236,6,1
16237,9,2
16238,4,0
16239,7,3
16240,2,7
16241,1,1
16242,7,5
16243,3,3
16244,4,0
16245,5,6
16246,1,8
16247,1,7
16248,2,7
16249,7,3
16250,4,9
16251,0,4
16252,7,8
16253,2,9
16254,1,1
16255,5,6
16256,4,9
16257,7,5
16258,0,6
16259,6,1
16260,7,3
16261,2,9
16262,1,1
16263,1,8
16264,6,7
16265,6,1
16266,7,8
16267,1,1
16268,7,5
16269,9,2
16270,2,9
16271,1,7
16272,1,7
16273,5,6
16274,7,8
16275,1,8
16276,7,5
16277,1,8
16278,1,1
16279,0,4
16280,2,9
16281,9,2
16282,1,8
16283,9,2
16284,8,8
16285,4,0
16286,9,0
16287,1,1
16288,4,7
16289,1,2
16290,1,4
16291,7,3
16292,6,1
16293,0,4
16294,3,2
16295,7,5
16296,7,3
16297,0,6
16298,3,2
16299,1,7
16300,1,1
16301,1,8
16302,4,4
16303,1,9
16304,1,7
16305,4,0
16306,4,0
16307,1,1
16308,6,1
16309,1,2
16310,7,5
16311,7,3
16312,2,4
16313,2,4
16314,9,4
16315,7,5
16316,2,7
16317,0,6
16318,4,0
16319,1,7
16320,3,2
16321,7,8
16322,1,8
16323,4,0
16324,1,7
16325,1,1
16326,4,0
16327,9,2
16328,1,2
16329,7,3
16330,4,9
16331,2,4
16332,5,6
16333,7,5
16334,1,1
16335,0,6
16336,7,3
16337,1,7
16338,2,4
16339,1,8
16340,7,8
16341,1,9
16342,8,9
16343,2,7
16344,3,3
16345,1,1
16346,8,6
16347,7,5
16348,1,1
16349,0,6
16350,4,9
16351,9,2
16352,4,0
16353,7,5
16354,4,0
16355,4,0
16356,7,5
16357,7,5
16358,5,5
16359,2,4
16360,4,9
16361,9,2
16362,6,1
16363,7,0
16364,7,5
16365,7,8
16366,7,3
16367,1,1
16368,1,1
16369,2,7
16370,7,3
16371,1,1
16372,1,3
16373,1,8
16374,5,5
16375,7,3
16376,1,1
16377,1,8
16378,5,6
16379,4,7
16380,8,5
16381,1,1
16382,7,8
16383,2,7
16384,8,5
16385,6,1
16386,3,3
16387,2,4
16388,8,9
16389,2,4
16390,3,2
16391,2,4
16392,1,1
16393,7,5
16394,1,7
16395,1,7
16396,4,0
16397,2,4
16398,1,8
16399,6,4
16400,7,5
16401,2,7
16402,4,0
16403,3,2
16404,9,2
16405,7,5
16406,8,5
16407,7,3
16408,3,2
16409,1,9
16410,5,6
16411,7,3
16412,4,0
16413,1,9
16414,1,3
16415,4,0
16416,1,8
16417,1,8
16418,1,1
16419,2,7
16420,1,7
16421,1,9
16422,2,9
16423,4,0
16424,7,5
16425,0,6
16426,7,5
16427,7,3
16428,4,0
16429,4,0
16430,0,6
16431,2,4
16432,1,8
16433,0,6
16434,2,4
16435,7,3
16436,5,6
16437,6,7
16438,6,4
16439,7,0
16440,1,8
16441,6,1
16442,7,5
16443,2,4
16444,1,9
16445,1,8
16446,1,5
16447,6,1
16448,0,4
16449,1,2
16450,9,4
16451,1,9
16452,0,6
16453,7,3
16454,4,7
16455,6,1
16456,3,2
16457,1,8
16458,1,1
16459,2,4
16460,4,0
16461,9,2
16462,7,3
16463,1,9
16464,2,4
16465,1,8
16466,2,4
16467,1,8
16468,6,1
16469,0,6
16470,1,9
16471,7,5
16472,6,2
16473,1,2
16474,4,0
16475,6,1
16476,4,9
16477,2,9
16478,2,7
16479,1,2
16480,2,9
16481,2,9
16482,1,2
16483,1,1
16484,4,0
16485,7,0
16486,3,8
16487,7,5
16488,4,9
16489,7,3
16490,7,5
16491,7,3
16492,7,3
16493,0,6
16494,7,5
16495,6,1
16496,1,7
16497,9,2
16498,4,0
16499,7,5
16500,1,8
16501,4,0
16502,1,3
16503,7,3
16504,7,3
16505,2,7
16506,0,6
16507,0,6
16508,8,1
16509,1,1
16510,1,3
16511,5,5
16512,3,3
16513,7,5
16514,1,7
16515,1,9
16516,4,0
16517,1,8
16518,4,0
16519,4,0
16520,4,0
16521,1,9
16522,8,9
16523,4,0
16524,1,7
16525,1,1
16526,2,4
16527,3,2
16528,4,7
16529,7,3
16530,1,3
16531,2,4
16532,5,2
16533,7,5
16534,0,6
16535,0,6
16536,1,1
16537,1,7
16538,5,6
16539,1,8
16540,4,0
16541,2,9
16542,2,4
16543,3,0
16544,1,2
16545,6,1
16546,1,1
16547,3,2
16548,1,7
16549,3,3
16550,0,6
16551,2,4
16552,4,8
16553,7,5
16554,1,8
16555,5,6
16556,7,3
16557,1,7
16558,7,5
16559,1,8
16560,8,6
16561,1,9
16562,1,1
16563,4,0
16564,1,3
16565,1,1
16566,2,4
16567,9,2
16568,4,9
16569,7,3
16570,2,9
16571,4,4
16572,4,4
16573,7,5
16574,7,5
16575,0,6
16576,3,2
16577,4,7
16578,0,4
16579,1,8
16580,1,9
16581,8,9
16582,8,5
16583,0,6
16584,7,3
16585,4,0
16586,7,5
16587,7,3
16588,4,9
16589,2,4
16590,5,6
16591,1,1
16592,7,5
16593,4,4
16594,1,7
16595,4,0
16596,1,7
16597,1,8
16598,7,0
16599,0,6
16600,8,4
16601,2,4
16602,1,9
16603,7,5
16604,5,6
16605,8,4
16606,4,0
16607,4,0
16608,1,1
16609,2,7
16610,6,1
16611,1,8
16612,4,4
16613,2,7
16614,6,1
16615,2,7
16616,5,6
16617,2,9
16618,4,0
16619,4,0
16620,3,3
16621,8,9
16622,2,9
16623,2,7
16624,1,8
16625,0,4
16626,3,3
16627,5,2
16628,1,9
16629,7,5
16630,1,7
16631,1,8
16632,8,6
16633,7,5
16634,4,0
16635,2,9
16636,1,1
16637,1,8
16638,9,2
16639,1,8
16640,4,0
16641,1,7
16642,4,0
16643,1,1
16644,1,7
16645,7,3
16646,7,5
16647,7,5
16648,5,6
16649,7,3
16650,3,2
16651,6,1
16652,2,4
16653,0,6
16654,1,2
16655,7,5
16656,1,1
16657,7,3
16658,1,8
16659,1,8
16660,1,1
16661,1,7
16662,9,2
16663,7,3
16664,5,2
16665,1,1
16666,0,6
16667,0,6
16668,0,6
16669,1,8
16670,1,1
16671,7,5
16672,4,7
16673,4,9
16674,1,1
16675,3,2
16676,5,3
16677,1,2
16678,7,3
16679,4,0
16680,8,4
16681,4,9
16682,7,5
16683,1,2
16684,5,6
16685,0,4
16686,1,1
16687,1,7
16688,1,8
16689,3,3
16690,9,2
16691,6,1
16692,5,5
16693,7,3
16694,1,1
16695,0,6
16696,1,7
16697,3,2
16698,8,5
16699,6,1
16700,1,7
16701,6,2
16702,2,9
16703,0,6
16704,2,9
16705,4,0
16706,8,4
16707,3,2
16708,7,3
16709,1,2
16710,1,7
16711,1,7
16712,2,7
16713,1,1
16714,6,1
16715,7,3
16716,1,2
16717,1,7
16718,1,1
16719,2,4
16720,1,1
16721,1,7
16722,1,1
16723,2,4
16724,1,8
16725,1,8
16726,8,6
16727,4,9
16728,0,6
16729,1,2
16730,1,8
16731,4,9
16732,7,3
16733,7,5
16734,4,9
16735,6,1
16736,0,6
16737,5,5
16738,4,4
16739,0,6
16740,2,9
16741,7,8
16742,1,1
16743,7,3
16744,5,2
16745,5,5
16746,5,6
16747,5,6
16748,7,3
16749,3,0
16750,7,8
16751,4,9
16752,1,8
16753,4,9
16754,9,2
16755,3,3
16756,1,7
16757,1,1
16758,4,0
16759,6,1
16760,3,2
16761,4,0
16762,1,8
16763,3,3
16764,1,3
16765,2,4
16766,0,6
16767,5,5
16768,7,6
16769,5,6
16770,1,9
16771,6,7
16772,5,2
16773,1,8
16774,3,3
16775,2,9
16776,1,9
16777,7,0
16778,4,9
16779,6,1
16780,7,5
16781,9,2
16782,5,6
16783,3,3
16784,7,5
16785,1,8
16786,0,6
16787,7,0
16788,5,6
16789,6,1
16790,7,8
16791,9,2
16792,5,6
16793,7,3
16794,3,2
16795,6,7
16796,9,6
16797,1,8
16798,7,8
16799,6,9
16800,1,7
16801,2,9
16802,9,4
16803,4,0
16804,8,9
16805,6,1
16806,1,9
16807,6,4
16808,4,9
16809,6,7
16810,9,2
16811,3,3
16812,3,2
16813,9,2
16814,1,9
16815,2,9
16816,4,9
16817,7,0
16818,0,4
16819,8,5
16820,8,8
16821,5,6
16822,5,6
16823,6,7
16824,1,8
16825,3,3
16826,7,8
16827,1,9
16828,1,8
16829,1,9
16830,5,6
16831,3,3
16832,8,5
16833,1,8
16834,7,5
16835,6,1
16836,7,7
16837,9,2
16838,1,1
16839,4,9
16840,1,7
16841,8,6
16842,2,7
16843,6,7
16844,7,5
16845,7,5
16846,2,9
16847,8,6
16848,1,7
16849,7,3
16850,4,4
16851,2,4
16852,4,7
16853,1,9
16854,4,9
16855,6,1
16856,4,4
16857,9,2
16858,3,2
16859,1,9
16860,1,8
16861,7,3
16862,7,5
16863,6,4
16864,1,8
16865,6,4
16866,5,0
16867,3,3
16868,4,0
16869,6,1
16870,1,8
16871,1,7
16872,6,1
16873,3,3
16874,9,4
16875,2,4
16876,1,1
16877,2,9
16878,4,9
16879,5,6
16880,1,8
16881,2,9
16882,1,7
16883,1,8
16884,4,9
16885,6,1
16886,0,4
16887,6,1
16888,4,0
16889,0,6
16890,0,6
16891,5,6
16892,7,3
16893,1,8
16894,5,6
16895,9,2
16896,0,6
16897,1,8
16898,5,6
16899,6,4
16900,7,3
16901,1,8
16902,5,2
16903,4,0
16904,6,1
16905,4,0
16906,6,1
16907,1,1
16908,7,5
16909,5,2
16910,7,5
16911,3,3
16912,8,4
16913,2,4
16914,1,1
16915,1,7
16916,5,2
16917,1,8
16918,2,9
16919,2,9
16920,1,8
16921,4,0
16922,3,3
16923,1,1
16924,7,3
16925,3,2
16926,5,5
16927,1,3
16928,4,0
16929,2,4
16930,6,1
16931,5,5
16932,1,1
16933,8,6
16934,4,9
16935,1,7
16936,5,6
16937,7,8
16938,6,1
16939,1,9
16940,5,3
16941,5,0
16942,2,4
16943,1,1
16944,6,1
16945,1,3
16946,1,1
16947,6,4
16948,1,2
16949,1,7
16950,6,1
16951,2,8
16952,1,2
16953,1,9
16954,7,3
16955,1,8
16956,7,5
16957,8,6
16958,1,2
16959,5,5
16960,1,1
16961,1,0
16962,1,7
16963,0,6
16964,4,8
16965,1,8
16966,1,7
16967,1,9
16968,1,9
16969,6,4
16970,1,7
16971,6,1
16972,1,8
16973,1,9
16974,1,8
16975,4,0
16976,0,6
16977,6,4
16978,6,7
16979,1,8
16980,7,5
16981,1,9
16982,1,4
16983,6,1
16984,1,7
16985,6,4
16986,4,7
16987,4,0
16988,1,1
16989,5,2
16990,2,7
16991,1,1
16992,4,9
16993,8,5
16994,1,8
16995,6,4
16996,0,4
16997,1,0
16998,8,6
16999,1,7
17000,3,3
17001,8,6
17002,1,9
17003,4,0
17004,5,6
17005,6,1
17006,5,5
17007,2,7
17008,5,6
17009,4,0
17010,1,3
17011,8,6
17012,1,1
17013,1,8
17014,0,6
17015,2,4
17016,7,5
17017,1,7
17018,4,4
17019,1,9
17020,2,4
17021,1,8
17022,1,1
17023,8,6
17024,7,5
17025,4,0
17026,7,3
17027,1,8
17028,1,1
17029,1,1
17030,1,1
17031,1,7
17032,1,1
17033,1,7
17034,8,6
17035,6,1
17036,1,8
17037,3,3
17038,3,3
17039,5,2
17040,3,3
17041,1,3
17042,6,1
17043,6,1
17044,1,7
17045,6,4
17046,3,2
17047,5,2
17048,4,0
17049,4,0
17050,7,0
17051,4,0
17052,1,2
17053,1,7
17054,2,7
17055,1,8
17056,7,8
17057,6,4
17058,1,1
17059,8,6
17060,1,8
17061,1,9
17062,7,3
17063,1,3
17064,4,0
17065,1,8
17066,8,6
17067,2,4
17068,1,7
17069,1,7
17070,9,2
17071,3,2
17072,1,1
17073,8,5
17074,2,4
17075,8,6
17076,8,4
17077,3,3
17078,5,2
17079,0,6
17080,1,2
17081,4,9
17082,1,3
17083,8,6
17084,1,8
17085,3,3
17086,4,7
17087,3,2
17088,7,3
17089,5,2
17090,1,1
17091,6,4
17092,2,9
17093,8,6
17094,7,5
17095,4,0
17096,1,8
17097,8,5
17098,5,6
17099,7,5
17100,3,3
17101,1,1
17102,4,4
17103,7,3
17104,7,3
17105,7,3
17106,4,0
17107,1,9
17108,4,0
17109,1,7
17110,3,2
17111,1,8
17112,5,8
17113,1,7
17114,1,7
17115,5,2
17116,7,3
17117,1,7
17118,7,5
17119,1,9
17120,9,6
17121,8,8
17122,4,0
17123,3,2
17124,4,0
17125,6,1
17126,0,6
17127,1,3
17128,1,8
17129,6,1
17130,1,1
17131,3,3
17132,8,5
17133,4,0
17134,4,0
17135,1,1
17136,1,7
17137,3,2
17138,7,5
17139,7,3
17140,1,7
17141,2,4
17142,1,9
17143,4,7
17144,2,7
17145,1,8
17146,1,3
17147,2,9
17148,7,3
17149,5,0
17150,5,6
17151,6,1
17152,4,9
17153,9,2
17154,7,3
17155,3,3
17156,7,5
17157,2,4
17158,4,4
17159,5,5
17160,1,8
17161,5,6
17162,7,8
17163,1,7
17164,0,6
17165,1,8
17166,1,9
17167,2,9
17168,5,6
17169,5,0
17170,1,8
17171,6,1
17172,7,5
17173,3,2
17174,4,6
17175,3,3
17176,5,6
17177,1,7
17178,7,8
17179,7,8
17180,1,1
17181,8,9
17182,0,4
17183,2,7
17184,1,1
17185,1,7
17186,4,9
17187,5,0
17188,9,2
17189,7,3
17190,1,9
17191,6,1
17192,7,3
17193,1,8
17194,7,8
17195,2,9
17196,1,8
17197,1,8
17198,2,4
17199,0,6
17200,4,0
17201,5,5
17202,3,2
17203,4,4
17204,4,6
17205,1,7
17206,4,7
17207,3,3
17208,3,3
17209,6,1
17210,1,0
17211,2,9
17212,9,2
17213,6,1
17214,4,0
17215,2,4
17216,1,2
17217,5,5
17218,4,4
17219,5,5
17220,1,2
17221,0,6
17222,1,8
17223,4,0
17224,7,5
17225,6,1
17226,1,9
17227,7,3
17228,1,7
17229,0,6
17230,3,2
17231,2,4
17232,1,1
17233,1,8
17234,1,9
17235,2,9
17236,4,0
17237,1,8
17238,4,4
17239,1,5
17240,6,1
17241,5,2
17242,7,3
17243,6,1
17244,1,8
17245,7,0
17246,1,2
17247,7,5
17248,1,7
17249,0,6
17250,4,4
17251,0,6
17252,5,6
17253,7,3
17254,1,1
17255,7,3
17256,9,4
17257,3,3
17258,7,3
17259,6,1
17260,6,1
17261,1,7
17262,1,1
17263,5,2
17264,7,5
17265,9,2
17266,3,2
17267,2,7
17268,2,4
17269,9,2
17270,1,8
17271,7,3
17272,3,2
17273,0,6
17274,5,3
17275,7,8
17276,2,4
17277,5,5
17278,4,7
17279,1,1
17280,7,3
17281,2,4
17282,2,7
17283,2,9
17284,5,6
17285,4,0
17286,1,1
17287,0,6
17288,1,3
17289,1,8
17290,1,8
17291,1,8
17292,1,3
17293,4,0
17294,7,5
17295,3,3
17296,9,9
17297,8,9
17298,7,5
17299,2,4
17300,0,4
17301,7,3
17302,1,8
17303,1,7
17304,4,0
17305,6,1
17306,1,7
17307,2,7
17308,7,3
17309,0,6
17310,2,9
17311,4,9
17312,7,5
17313,2,4
17314,4,0
17315,9,2
17316,2,7
17317,2,9
17318,3,3
17319,2,9
17320,7,3
17321,2,4
17322,4,0
17323,2,9
17324,7,3
17325,0,4
17326,5,6
17327,4,0
17328,1,3
17329,1,7
17330,7,3
17331,6,1
17332,5,6
17333,7,3
17334,1,0
17335,4,0
17336,3,2
17337,6,1
17338,7,5
17339,5,2
17340,1,7
17341,7,3
17342,4,9
17343,1,7
17344,5,6
17345,1,8
17346,4,9
17347,1,9
17348,7,8
17349,3,0
17350,1,7
17351,1,1
17352,3,3
17353,9,2
17354,7,3
17355,7,3
17356,2,7
17357,2,4
17358,1,8
17359,1,7
17360,4,0
17361,1,8
17362,1,8
17363,2,9
17364,8,8
17365,4,0
17366,7,5
17367,6,1
17368,2,7
17369,9,2
17370,1,7
17371,1,3
17372,9,2
17373,1,7
17374,9,2
17375,1,8
17376,4,0
17377,1,9
17378,1,1
17379,4,0
17380,2,7
17381,4,0
17382,0,6
17383,1,7
17384,8,9
17385,8,5
17386,7,3
17387,8,5
17388,1,7
17389,1,3
17390,0,4
17391,1,7
17392,4,0
17393,1,8
17394,1,1
17395,0,6
17396,5,6
17397,5,6
17398,2,9
17399,2,4
17400,7,5
17401,5,6
17402,6,1
17403,3,3
17404,7,3
17405,1,8
17406,8,4
17407,1,8
17408,4,6
17409,1,3
17410,4,9
17411,4,0
17412,8,4
17413,6,1
17414,7,5
17415,1,4
17416,5,6
17417,0,4
17418,6,1
17419,1,7
17420,1,7
17421,1,3
17422,1,1
17423,6,1
17424,4,7
17425,6,1
17426,5,6
17427,1,9
17428,9,4
17429,1,1
17430,6,1
17431,6,2
17432,3,2
17433,1,1
17434,9,2
17435,3,3
17436,7,5
17437,2,9
17438,6,1
17439,9,2
17440,1,7
17441,1,7
17442,1,3
17443,1,7
17444,4,4
17445,2,9
17446,8,5
17447,2,9
17448,1,2
17449,4,0
17450,1,4
17451,0,4
17452,4,0
17453,8,5
17454,4,0
17455,2,9
17456,1,8
17457,6,1
17458,4,0
17459,6,1
17460,7,3
17461,8,5
17462,4,0
17463,2,9
17464,1,2
17465,6,1
17466,4,0
17467,3,3
17468,7,5
17469,2,4
17470,3,3
17471,7,3
17472,1,1
17473,1,1
17474,2,4
17475,2,9
17476,4,0
17477,6,1
17478,0,4
17479,4,0
17480,3,2
17481,1,7
17482,3,2
17483,1,7
17484,5,6
17485,7,0
17486,4,7
17487,6,1
17488,1,1
17489,9,2
17490,1,7
17491,3,3
17492,4,4
17493,6,4
17494,3,5
17495,5,5
17496,3,3
17497,4,7
17498,2,4
17499,4,8
17500,3,2
17501,4,9
17502,8,5
17503,5,0
17504,7,5
17505,6,1
17506,1,8
17507,9,2
17508,4,0
17509,7,3
17510,5,6
17511,2,4
17512,1,8
17513,4,7
17514,7,5
17515,1,8
17516,3,2
17517,2,9
17518,4,0
17519,3,0
17520,1,2
17521,3,3
17522,8,5
17523,6,4
17524,0,6
17525,1,7
17526,7,3
17527,3,8
17528,8,6
17529,1,9
17530,7,8
17531,2,9
17532,1,7
17533,2,7
17534,4,0
17535,3,0
17536,2,4
17537,1,9
17538,6,1
17539,7,0
17540,5,1
17541,6,1
17542,9,6
17543,5,5
17544,5,5
17545,1,8
17546,5,6
17547,1,8
17548,3,2
17549,7,0
17550,1,9
17551,4,9
17552,2,4
17553,3,3
17554,1,1
17555,9,2
17556,0,6
17557,1,7
17558,7,5
17559,1,8
17560,1,1
17561,6,4
17562,8,9
17563,0,6
17564,1,8
17565,6,4
17566,1,2
17567,5,5
17568,4,4
17569,3,3
17570,2,9
17571,4,9
17572,7,5
17573,2,4
17574,1,3
17575,3,3
17576,9,4
17577,0,4
17578,8,5
17579,9,2
17580,7,3
17581,3,0
17582,7,3
17583,5,5
17584,7,5
17585,3,0
17586,1,1
17587,6,1
17588,5,3
17589,5,6
17590,8,4
17591,2,9
17592,2,4
17593,3,3
17594,1,8
17595,9,2
17596,1,8
17597,2,9
17598,7,5
17599,6,1
17600,3,2
17601,5,6
17602,1,8
17603,7,0
17604,0,4
17605,6,1
17606,4,0
17607,6,1
17608,7,5
17609,6,8
17610,7,5
17611,5,0
17612,4,9
17613,2,4
17614,1,8
17615,2,7
17616,5,6
17617,1,7
17618,6,1
17619,0,6
17620,1,0
17621,3,3
17622,4,9
17623,0,6
17624,7,3
17625,3,0
17626,0,6
17627,6,1
17628,1,8
17629,3,3
17630,1,7
17631,5,5
17632,7,3
17633,2,4
17634,7,3
17635,9,2
17636,0,6
17637,6,1
17638,6,1
17639,6,1
17640,8,4
17641,3,8
17642,7,5
17643,3,3
17644,4,9
17645,5,5
17646,1,3
17647,5,6
17648,4,0
17649,2,7
17650,1,1
17651,5,5
17652,5,6
17653,9,2
17654,1,8
17655,3,0
17656,1,9
17657,5,6
17658,1,8
17659,2,7
17660,5,2
17661,6,1
17662,1,1
17663,3,2
17664,6,1
17665,7,5
17666,1,9
17667,1,8
17668,3,8
17669,6,1
17670,7,6
17671,2,9
17672,1,8
17673,3,3
17674,4,9
17675,1,8
17676,3,3
17677,9,2
17678,0,4
17679,1,8
17680,7,5
17681,6,8
17682,8,9
17683,2,7
17684,1,2
17685,6,1
17686,0,6
17687,1,7
17688,7,8
17689,8,9
17690,4,4
17691,9,2
17692,2,9
17693,4,0
17694,2,4
17695,1,1
17696,1,7
17697,1,2
17698,1,9
17699,7,3
17700,7,8
17701,2,4
17702,4,9
17703,1,7
17704,6,1
17705,1,8
17706,1,1
17707,8,9
17708,4,9
17709,4,0
17710,5,3
17711,1,1
17712,7,3
17713,9,2
17714,9,7
17715,7,3
17716,8,5
17717,2,4
17718,1,7
17719,1,7
17720,1,9
17721,1,8
17722,8,5
17723,1,9
17724,1,7
17725,4,0
17726,4,0
17727,1,1
17728,5,6
17729,1,2
17730,0,4
17731,5,3
17732,7,5
17733,2,4
17734,7,3
17735,1,7
17736,9,4
17737,8,9
17738,4,0
17739,8,5
17740,2,4
17741,1,0
17742,5,5
17743,1,8
17744,1,4
17745,1,3
17746,4,4
17747,8,5
17748,6,1
17749,2,4
17750,1,1
17751,1,8
17752,7,3
17753,1,3
17754,7,3
17755,1,0
17756,5,8
17757,5,2
17758,8,9
17759,1,1
17760,1,8
17761,4,0
17762,4,7
17763,1,2
17764,5,6
17765,1,8
17766,1,3
17767,2,4
17768,1,8
17769,2,4
17770,4,0
17771,6,1
17772,2,7
17773,0,6
17774,4,4
17775,1,1
17776,1,7
17777,7,3
17778,7,3
17779,4,0
17780,5,5
17781,7,3
17782,1,1
17783,0,6
17784,5,8
17785,2,9
17786,5,2
17787,7,3
17788,0,6
17789,1,7
17790,3,3
17791,2,4
17792,9,9
17793,1,9
17794,7,5
17795,1,7
17796,5,6
17797,4,0
17798,1,7
17799,8,9
17800,1,7
17801,2,4
17802,8,1
17803,1,8
17804,7,8
17805,1,2
17806,1,1
17807,4,7
17808,7,8
17809,1,7
17810,1,3
17811,8,5
17812,1,1
17813,2,7
17814,5,6
17815,1,1
17816,1,7
17817,4,9
17818,1,8
17819,8,5
17820,1,3
17821,3,2
17822,8,4
17823,2,4
17824,4,9
17825,1,8
17826,8,9
17827,8,9
17828,4,0
17829,5,6
17830,1,7
17831,4,9
17832,3,3
17833,2,7
17834,1,1
17835,0,6
17836,1,2
17837,2,4
17838,4,0
17839,6,1
17840,3,2
17841,1,2
17842,0,4
17843,5,6
17844,1,4
17845,1,1
17846,1,1
17847,1,1
17848,4,9
17849,7,7
17850,2,4
17851,1,2
17852,0,6
17853,7,3
17854,1,1
17855,5,6
17856,1,1
17857,2,4
17858,4,9
17859,1,8
17860,2,9
17861,1,9
17862,4,4
17863,0,6
17864,7,3
17865,2,4
17866,4,7
17867,0,6
17868,2,4
17869,8,5
17870,9,4
17871,4,0
17872,1,1
17873,1,2
17874,5,6
17875,1,1
17876,4,6
17877,4,0
17878,7,8
17879,8,5
17880,1,2
17881,4,0
17882,1,7
17883,1,1
17884,3,2
17885,1,1
17886,8,5
17887,2,7
17888,1,1
17889,1,8
17890,7,5
17891,2,4
17892,6,2
17893,7,3
17894,7,8
17895,1,2
17896,8,4
17897,1,7
17898,4,4
17899,8,9
17900,1,1
17901,3,3
17902,1,9
17903,1,9
17904,7,3
17905,4,0
17906,7,3
17907,6,1
17908,5,3
17909,3,2
17910,5,6
17911,7,3
17912,5,2
17913,2,4
17914,7,5
17915,7,5
17916,2,4
17917,1,7
17918,2,7
17919,1,8
17920,7,5
17921,2,9
17922,4,4
17923,4,0
17924,1,8
17925,6,1
17926,4,4
17927,9,2
17928,1,1
17929,7,3
17930,4,0
17931,2,4
17932,4,0
17933,5,6
17934,1,4
17935,1,7
17936,4,9
17937,1,8
17938,6,1
17939,2,9
17940,4,4
17941,7,0
17942,1,1
17943,6,1
17944,4,4
17945,3,2
17946,1,7
17947,7,3
17948,7,8
17949,2,4
17950,1,8
17951,7,5
17952,7,8
17953,5,6
17954,4,4
17955,1,7
17956,4,0
17957,1,8
17958,8,9
17959,1,9
17960,1,1
17961,2,7
17962,1,7
17963,2,7
17964,1,1
17965,1,1
17966,7,3
17967,7,3
17968,4,0
17969,2,7
17970,4,4
17971,7,5
17972,4,9
17973,3,2
17974,4,7
17975,1,8
17976,4,4
17977,7,0
17978,4,9
17979,1,7
17980,5,6
17981,7,5
17982,5,6
17983,1,9
17984,1,1
17985,0,6
17986,1,1
17987,4,0
17988,3,3
17989,2,9
17990,7,8
17991,6,4
17992,3,2
17993,7,3
17994,4,9
17995,3,2
17996,5,6
17997,7,3
17998,5,6
17999,1,8
18000,4,4
18001,7,3
18002,1,7
18003,3,2
18004,7,3
18005,7,5
18006,1,7
18007,1,3
18008,2,4
18009,2,9
18010,3,2
18011,2,4
18012,1,8
18013,6,1
18014,1,8
18015,1,9
18016,6,1
18017,9,2
18018,7,5
18019,6,1
18020,1,7
18021,2,9
18022,4,0
18023,0,6
18024,4,9
18025,1,7
18026,9,4
18027,2,9
18028,4,0
18029,5,0
18030,7,3
18031,6,4
18032,0,6
18033,0,6
18034,5,6
18035,6,1
18036,3,2
18037,1,7
18038,3,2
18039,7,3
18040,3,2
18041,1,8
18042,4,0
18043,1,9
18044,7,3
18045,0,6
18046,2,7
18047,1,8
18048,1,7
18049,3,3
18050,1,1
18051,1,9
18052,5,6
18053,6,1
18054,2,4
18055,4,0
18056,2,4
18057,1,9
18058,5,6
18059,3,3
18060,4,9
18061,3,3
18062,4,4
18063,0,6
18064,4,0
18065,3,2
18066,1,7
18067,7,5
18068,5,6
18069,3,3
18070,1,1
18071,2,4
18072,1,1
18073,4,0
18074,6,1
18075,1,1
18076,8,6
18077,3,2
18078,1,8
18079,7,3
18080,7,5
18081,8,4
18082,1,9
18083,7,5
18084,9,2
18085,8,6
18086,9,7
18087,1,7
18088,0,4
18089,1,8
18090,5,5
18091,1,9
18092,2,4
18093,4,0
18094,8,6
18095,1,1
18096,5,6
18097,3,2
18098,0,4
18099,7,3
18100,4,7
18101,8,4
18102,4,0
18103,7,5
18104,7,8
18105,8,6
18106,2,9
18107,2,7
18108,7,3
18109,7,8
18110,1,2
18111,8,9
18112,4,0
18113,4,0
18114,1,8
18115,1,1
18116,1,1
18117,3,2
18118,4,9
18119,7,3
18120,7,3
18121,2,4
18122,1,7
18123,7,5
18124,4,0
18125,0,6
18126,1,8
18127,4,7
18128,5,6
18129,1,8
18130,5,8
18131,8,9
18132,4,0
18133,0,4
18134,0,6
18135,5,2
18136,0,4
18137,4,0
18138,1,9
18139,3,2
18140,5,6
18141,8,5
18142,2,7
18143,1,9
18144,5,6
18145,8,4
18146,1,9
18147,1,2
18148,6,1
18149,0,6
18150,7,8
18151,8,5
18152,1,7
18153,8,9
18154,5,6
18155,1,3
18156,1,8
18157,8,5
18158,9,2
18159,4,0
18160,2,7
18161,1,7
18162,7,5
18163,6,1
18164,3,2
18165,6,1
18166,7,9
18167,8,5
18168,8,6
18169,7,3
18170,2,7
18171,4,0
18172,8,5
18173,2,7
18174,1,1
18175,1,9
18176,1,1
18177,0,6
18178,4,0
18179,1,1
18180,2,4
18181,0,6
18182,1,1
18183,4,7
18184,0,4
18185,4,4
18186,7,5
18187,1,9
18188,1,1
18189,7,5
18190,8,4
18191,2,7
18192,1,2
18193,1,9
18194,5,6
18195,1,8
18196,1,1
18197,8,5
18198,9,2
18199,0,6
18200,8,4
18201,3,2
18202,0,4
18203,8,4
18204,1,7
18205,1,8
18206,3,2
18207,6,1
18208,4,0
18209,8,5
18210,9,2
18211,1,9
18212,3,0
18213,1,2
18214,7,8
18215,1,2
18216,1,2
18217,1,8
18218,3,3
18219,4,0
18220,0,6
18221,8,6
18222,5,0
18223,2,4
18224,1,2
18225,1,3
18226,1,1
18227,1,3
18228,4,9
18229,6,1
18230,1,2
18231,3,2
18232,4,0
18233,8,4
18234,7,5
18235,1,1
18236,1,2
18237,8,5
18238,5,6
18239,1,8
18240,7,3
18241,1,9
18242,1,8
18243,1,3
18244,7,3
18245,2,4
18246,1,4
18247,5,0
18248,7,5
18249,1,3
18250,8,6
18251,1,9
18252,7,3
18253,4,0
18254,8,5
18255,1,2
18256,8,1
18257,4,7
18258,1,1
18259,1,1
18260,3,2
18261,6,1
18262,5,6
18263,4,0
18264,5,2
18265,1,7
18266,6,1
18267,0,6
18268,7,3
18269,4,7
18270,1,1
18271,0,6
18272,7,8
18273,7,0
18274,7,3
18275,0,6
18276,7,5
18277,1,9
18278,4,0
18279,8,4
18280,7,3
18281,1,8
18282,1,1
18283,2,4
18284,4,0
18285,1,3
18286,1,1
18287,1,3
18288,7,8
18289,2,7
18290,3,2
18291,1,8
18292,5,6
18293,8,1
18294,1,4
18295,4,0
18296,2,9
18297,1,4
18298,7,5
18299,1,3
18300,9,2
18301,4,0
18302,5,6
18303,0,6
18304,6,1
18305,1,8
18306,4,4
18307,1,3
18308,8,4
18309,1,7
18310,1,8
18311,7,8
18312,5,6
18313,8,5
18314,1,1
18315,2,7
18316,6,1
18317,1,8
18318,9,2
18319,4,0
18320,1,7
18321,1,1
18322,1,7
18323,1,2
18324,4,0
18325,1,3
18326,7,5
18327,6,4
18328,0,6
18329,8,5
18330,8,6
18331,5,6
18332,2,4
18333,1,7
18334,7,8
18335,1,8
18336,8,6
18337,4,0
18338,7,8
18339,1,1
18340,7,5
18341,1,2
18342,7,5
18343,1,3
18344,5,6
18345,1,4
18346,1,7
18347,8,5
18348,4,8
18349,0,6
18350,8,9
18351,1,7
18352,1,1
18353,7,8
18354,0,6
18355,1,9
18356,9,2
18357,4,0
18358,1,7
18359,6,1
18360,1,1
18361,1,2
18362,4,4
18363,1,3
18364,7,5
18365,6,4
18366,7,5
18367,1,7
18368,7,8
18369,7,8
18370,3,2
18371,4,0
18372,1,1
18373,1,8
18374,2,9
18375,1,3
18376,5,6
18377,1,9
18378,1,8
18379,8,5
18380,7,3
18381,5,6
18382,8,9
18383,8,8
18384,1,1
18385,1,4
18386,3,2
18387,1,9
18388,5,6
18389,1,1
18390,7,3
18391,1,7
18392,1,7
18393,1,1
18394,9,2
18395,1,2
18396,7,8
18397,5,3
18398,4,4
18399,8,5
18400,1,1
18401,8,9
18402,1,7
18403,5,6
18404,7,5
18405,0,9
18406,1,8
18407,1,1
18408,1,7
18409,1,1
18410,1,7
18411,1,1
18412,4,0
18413,1,2
18414,7,8
18415,4,9
18416,7,5
18417,8,5
18418,7,5
18419,8,8
18420,0,4
18421,1,1
18422,5,6
18423,1,2
18424,4,0
18425,4,0
18426,1,3
18427,1,7
18428,5,6
18429,1,7
18430,5,6
18431,8,5
18432,5,6
18433,1,8
18434,7,8
18435,1,2
18436,4,4
18437,8,9
18438,4,4
18439,7,8
18440,8,5
18441,8,9
18442,6,1
18443,4,0
18444,1,1
18445,1,4
18446,8,5
18447,0,6
18448,4,9
18449,1,7
18450,1,8
18451,1,1
18452,6,1
18453,1,3
18454,1,2
18455,6,4
18456,8,5
18457,7,5
18458,4,9
18459,5,6
18460,3,2
18461,4,0
18462,4,0
18463,3,3
18464,4,0
18465,5,6
18466,3,8
18467,1,8
18468,1,1
18469,1,7
18470,8,5
18471,4,0
18472,1,7
18473,1,4
18474,1,1
18475,8,9
18476,7,5
18477,1,3
18478,1,8
18479,1,7
18480,3,2
18481,8,5
18482,1,1
18483,2,4
18484,0,4
18485,5,3
18486,4,0
18487,1,4
18488,1,1
18489,1,2
18490,0,4
18491,1,8
18492,6,1
18493,1,1
18494,1,7
18495,8,5
18496,0,4
18497,1,1
18498,1,7
18499,9,2
18500,4,9
18501,6,4
18502,4,7
18503,5,3
18504,4,4
18505,4,0
18506,8,9
18507,4,0
18508,7,5
18509,4,0
18510,1,9
18511,8,5
18512,9,4
18513,1,7
18514,5,2
18515,1,0
18516,1,1
18517,0,6
18518,7,5
18519,6,4
18520,5,6
18521,7,8
18522,5,3
18523,1,8
18524,1,1
18525,5,6
18526,3,2
18527,5,3
18528,3,3
18529,8,9
18530,5,6
18531,1,9
18532,1,7
18533,1,8
18534,1,7
18535,1,2
18536,8,6
18537,1,7
18538,5,0
18539,1,7
18540,1,1
18541,6,1
18542,7,3
18543,4,0
18544,3,2
18545,1,1
18546,1,1
18547,9,2
18548,0,6
18549,7,3
18550,7,5
18551,9,4
18552,2,9
18553,7,5
18554,1,9
18555,0,6
18556,4,7
18557,7,7
18558,2,9
18559,1,8
18560,0,4
18561,1,9
18562,4,9
18563,4,0
18564,7,0
18565,1,1
18566,1,2
18567,3,2
18568,6,1
18569,7,3
18570,2,4
18571,2,4
18572,3,0
18573,5,5
18574,7,8
18575,0,6
18576,5,6
18577,1,8
18578,0,4
18579,2,9
18580,1,8
18581,4,0
18582,2,4
18583,1,1
18584,3,3
18585,3,2
18586,3,0
18587,3,3
18588,3,3
18589,4,4
18590,4,0
18591,7,5
18592,4,4
18593,0,6
18594,7,5
18595,1,8
18596,0,4
18597,4,7
18598,9,9
18599,4,0
18600,7,5
18601,2,4
18602,4,9
18603,4,0
18604,2,4
18605,0,6
18606,4,0
18607,4,4
18608,8,6
18609,1,7
18610,1,9
18611,0,6
18612,7,3
18613,9,2
18614,1,8
18615,3,3
18616,1,7
18617,4,4
18618,1,8
18619,1,8
18620,3,2
18621,1,7
18622,1,2
18623,1,8
18624,2,9
18625,5,6
18626,7,3
18627,3,3
18628,4,9
18629,1,8
18630,7,3
18631,4,2
18632,9,2
18633,3,2
18634,3,2
18635,1,8
18636,2,4
18637,4,4
18638,2,4
18639,5,5
18640,1,1
18641,4,0
18642,1,8
18643,3,2
18644,1,8
18645,5,0
18646,3,3
18647,1,1
18648,1,7
18649,1,1
18650,7,0
18651,3,2
18652,7,6
18653,2,9
18654,4,4
18655,0,6
18656,1,1
18657,1,8
18658,4,0
18659,1,1
18660,1,8
18661,3,2
18662,9,2
18663,1,1
18664,1,1
18665,4,0
18666,4,9
18667,0,6
18668,4,9
18669,4,9
18670,8,6
18671,4,7
18672,0,6
18673,7,5
18674,7,8
18675,3,3
18676,8,5
18677,4,9
18678,5,6
18679,3,3
18680,4,9
18681,4,7
18682,2,7
18683,1,1
18684,1,2
18685,1,8
18686,2,4
18687,3,3
18688,4,9
18689,7,8
18690,4,8
18691,1,7
18692,1,1
18693,9,2
18694,4,9
18695,1,1
18696,8,5
18697,2,9
18698,2,9
18699,7,5
18700,1,9
18701,5,5
18702,5,6
18703,4,0
18704,1,6
18705,1,1
18706,1,7
18707,1,1
18708,2,4
18709,4,9
18710,7,8
18711,1,8
18712,4,0
18713,3,2
18714,1,8
18715,4,0
18716,0,6
18717,2,4
18718,4,0
18719,7,5
18720,1,7
18721,0,6
18722,4,9
18723,8,5
18724,4,4
18725,4,0
18726,4,4
18727,3,3
18728,1,9
18729,1,7
18730,4,4
18731,4,9
18732,8,6
18733,8,9
18734,4,7
18735,3,3
18736,1,7
18737,3,0
18738,2,9
18739,3,3
18740,7,8
18741,1,1
18742,7,3
18743,3,0
18744,4,9
18745,2,4
18746,4,9
18747,2,9
18748,1,2
18749,5,5
18750,4,0
18751,4,4
18752,7,3
18753,1,7
18754,4,7
18755,2,9
18756,4,9
18757,1,7
18758,6,1
18759,4,0
18760,6,1
18761,1,1
18762,7,8
18763,1,2
18764,1,2
18765,7,3
18766,3,3
18767,0,4
18768,1,1
18769,7,5
18770,7,3
18771,0,6
18772,5,6
18773,2,7
18774,1,8
18775,1,8
18776,3,2
18777,1,9
18778,7,5
18779,4,0
18780,3,2
18781,1,1
18782,7,5
18783,5,2
18784,1,7
18785,7,3
18786,4,9
18787,2,4
18788,5,6
18789,7,5
18790,6,1
18791,0,6
18792,1,1
18793,2,7
18794,4,0
18795,1,8
18796,7,3
18797,1,9
18798,7,8
18799,4,0
18800,1,1
18801,6,1
18802,7,3
18803,3,2
18804,1,2
18805,7,3
18806,1,1
18807,2,4
18808,8,5
18809,1,7
18810,1,7
18811,1,8
18812,7,3
18813,1,9
18814,1,3
18815,3,2
18816,1,7
18817,1,2
18818,2,7
18819,2,7
18820,4,9
18821,0,6
18822,7,5
18823,2,4
18824,6,7
18825,1,7
18826,7,3
18827,7,3
18828,4,9
18829,8,5
18830,1,1
18831,2,4
18832,4,0
18833,6,1
18834,1,7
18835,1,8
18836,3,0
18837,4,0
18838,0,6
18839,5,5
18840,7,3
18841,5,2
18842,4,9
18843,1,7
18844,2,7
18845,5,2
18846,9,4
18847,1,3
18848,0,6
18849,5,6
18850,3,2
18851,3,2
18852,1,1
18853,6,1
18854,0,4
18855,1,7
18856,7,8
18857,1,7
18858,4,0
18859,2,9
18860,1,9
18861,1,9
18862,7,3
18863,6,1
18864,1,2
18865,5,2
18866,8,4
18867,0,4
18868,4,0
18869,5,6
18870,1,1
18871,1,7
18872,4,8
18873,1,7
18874,8,9
18875,8,5
18876,4,7
18877,0,4
18878,4,0
18879,8,5
18880,6,1
18881,4,0
18882,7,5
18883,2,9
18884,1,8
18885,2,9
18886,1,1
18887,1,8
18888,0,4
18889,4,0
18890,8,8
18891,3,2
18892,4,0
18893,4,0
18894,1,7
18895,7,3
18896,4,0
18897,7,5
18898,2,4
18899,6,1
18900,5,2
18901,1,8
18902,1,8
18903,0,6
18904,8,6
18905,0,4
18906,1,1
18907,0,6
18908,0,6
18909,4,0
18910,4,7
18911,5,6
18912,1,1
18913,2,4
18914,4,0
18915,7,3
18916,2,9
18917,1,9
18918,6,1
18919,7,3
18920,1,3
18921,4,0
18922,3,2
18923,4,0
18924,1,3
18925,7,5
18926,4,0
18927,3,2
18928,8,9
18929,7,5
18930,1,2
18931,1,8
18932,5,5
18933,1,8
18934,8,5
18935,1,9
18936,4,0
18937,2,4
18938,7,5
18939,7,3
18940,1,1
18941,6,4
18942,6,1
18943,3,2
18944,4,9
18945,1,8
18946,1,2
18947,7,5
18948,7,3
18949,7,5
18950,1,7
18951,1,7
18952,1,8
18953,6,1
18954,4,4
18955,7,3
18956,5,6
18957,0,6
18958,1,1
18959,2,9
18960,7,3
18961,2,4
18962,1,7
18963,6,1
18964,3,3
18965,7,3
18966,1,7
18967,1,8
18968,7,5
18969,1,7
18970,4,0
18971,5,6
18972,5,2
18973,2,9
18974,3,3
18975,7,3
18976,9,9
18977,7,3
18978,3,2
18979,1,7
18980,1,1
18981,6,4
18982,5,6
18983,6,1
18984,1,9
18985,1,9
18986,1,3
18987,6,1
18988,0,4
18989,4,0
18990,1,4
18991,4,0
18992,5,3
18993,6,1
18994,7,8
18995,9,2
18996,1,9
18997,1,3
18998,5,2
18999,8,4
19000,1,8
19001,5,5
19002,5,6
19003,1,7
19004,4,0
19005,1,8
19006,4,0
19007,1,9
19008,4,0
19009,4,0
19010,1,1
19011,6,1
19012,4,0
19013,9,2
19014,7,3
19015,1,3
19016,1,3
19017,2,4
19018,6,1
19019,7,5
19020,8,5
19021,5,6
19022,7,5
19023,1,7
19024,4,9
19025,1,8
19026,2,4
19027,4,0
19028,3,2
19029,6,1
19030,4,9
19031,9,2
19032,4,4
19033,2,4
19034,2,4
19035,5,5
19036,1,1
19037,5,6
19038,4,0
19039,1,7
19040,5,6
19041,1,8
19042,9,9
19043,6,8
19044,4,4
19045,1,9
19046,7,8
19047,1,9
19048,8,6
19049,4,0
19050,1,7
19051,6,1
19052,1,8
19053,3,2
19054,1,7
19055,2,4
19056,7,5
19057,2,7
19058,6,1
19059,2,4
19060,4,0
19061,7,0
19062,0,6
19063,7,3
19064,8,4
19065,6,8
19066,0,6
19067,1,8
19068,1,1
19069,3,2
19070,6,1
19071,6,1
19072,4,0
19073,1,7
19074,4,0
19075,3,3
19076,0,4
19077,5,5
19078,7,5
19079,1,8
19080,4,0
19081,5,5
19082,4,0
19083,7,5
19084,1,2
19085,1,9
19086,1,7
19087,3,2
19088,2,4
19089,3,5
19090,1,1
19091,6,1
19092,7,3
19093,6,1
19094,1,1
19095,5,6
19096,2,1
19097,3,2
19098,4,9
19099,6,1
19100,1,1
19101,3,3
19102,1,1
19103,1,8
19104,4,0
19105,0,6
19106,7,5
19107,2,4
19108,7,5
19109,2,9
19110,1,3
19111,8,4
19112,2,4
19113,1,9
19114,7,3
19115,9,2
19116,3,3
19117,4,0
19118,5,6
19119,4,0
19120,2,9
19121,2,4
19122,1,1
19123,2,4
19124,4,8
19125,5,6
19126,4,9
19127,4,0
19128,1,8
19129,3,2
19130,8,5
19131,1,8
19132,1,2
19133,4,0
19134,5,6
19135,5,6
19136,6,1
19137,1,8
19138,8,4
19139,6,1
19140,4,9
19141,2,7
19142,5,6
19143,2,9
19144,1,9
19145,6,1
19146,8,9
19147,2,9
19148,4,8
19149,3,2
19150,1,1
19151,5,6
19152,3,2
19153,1,7
19154,3,2
19155,0,6
19156,4,0
19157,5,6
19158,1,1
19159,1,8
19160,7,5
19161,2,4
19162,7,5
19163,1,9
19164,1,7
19165,9,2
19166,4,0
19167,6,1
19168,1,1
19169,3,3
19170,7,5
19171,7,0
19172,1,7
19173,5,5
19174,7,5
19175,7,5
19176,6,1
19177,1,8
19178,4,9
19179,4,0
19180,4,0
19181,7,3
19182,1,8
19183,1,7
19184,1,7
19185,1,9
19186,8,5
19187,1,7
19188,5,1
19189,4,0
19190,5,9
19191,9,2
19192,8,4
19193,1,7
19194,1,8
19195,3,3
19196,5,6
19197,0,6
19198,4,4
19199,1,7
19200,7,3
19201,1,8
19202,4,4
19203,4,0
19204,7,8
19205,3,3
19206,0,6
19207,5,5
19208,5,6
19209,5,0
19210,1,2
19211,1,1
19212,1,9
19213,1,2
19214,1,8
19215,7,3
19216,4,0
19217,0,4
19218,5,6
19219,7,5
19220,2,9
19221,1,7
19222,3,3
19223,1,8
19224,1,8
19225,5,0
19226,1,7
19227,1,1
19228,0,6
19229,3,2
19230,7,3
19231,3,3
19232,3,2
19233,2,4
19234,7,3
19235,1,7
19236,7,5
19237,1,8
19238,3,3
19239,1,9
19240,4,0
19241,7,0
19242,1,8
19243,1,1
19244,7,9
19245,9,2
19246,7,3
19247,3,3
19248,1,2
19249,0,4
19250,7,3
19251,1,7
19252,8,4
19253,1,8
19254,1,9
19255,1,9
19256,2,9
19257,2,7
19258,5,0
19259,2,7
19260,1,7
19261,4,0
19262,1,7
19263,3,3
19264,3,3
19265,1,1
19266,3,3
19267,1,8
19268,4,9
19269,8,9
19270,1,7
19271,9,2
19272,7,6
19273,1,1
19274,0,6
19275,1,8
19276,5,6
19277,5,6
19278,1,1
19279,1,5
19280,7,3
19281,0,4
19282,6,1
19283,1,7
19284,2,7
19285,3,3
19286,2,4
19287,2,4
19288,7,5
19289,1,1
19290,5,6
19291,1,8
19292,4,0
19293,0,6
19294,4,4
19295,2,9
19296,9,2
19297,1,1
19298,5,6
19299,2,4
19300,4,9
19301,5,5
19302,7,3
19303,4,0
19304,1,1
19305,6,1
19306,7,5
19307,7,3
19308,4,0
19309,5,6
19310,1,9
19311,2,4
19312,1,7
19313,1,8
19314,1,2
19315,2,9
19316,5,6
19317,1,8
19318,7,5
19319,5,5
19320,1,9
19321,9,2
19322,1,9
19323,6,1
19324,1,2
19325,4,0
19326,7,3
19327,2,7
19328,4,5
19329,5,6
19330,1,6
19331,0,6
19332,0,6
19333,3,3
19334,1,7
19335,7,3
19336,3,2
19337,3,3
19338,7,3
19339,6,1
19340,2,4
19341,1,7
19342,7,3
19343,9,2
19344,2,7
19345,9,2
19346,1,1
19347,3,3
19348,7,3
19349,5,6
19350,7,8
19351,7,8
19352,1,7
19353,8,5
19354,8,5
19355,6,1
19356,5,6
19357,2,4
19358,1,8
19359,1,9
19360,4,0
19361,4,0
19362,1,8
19363,0,6
19364,8,5
19365,2,8
19366,8,5
19367,1,8
19368,5,3
19369,5,0
19370,1,7
19371,1,8
19372,4,7
19373,9,2
19374,8,5
19375,2,4
19376,4,0
19377,3,3
19378,4,4
19379,1,7
19380,4,4
19381,6,1
19382,5,6
19383,1,7
19384,5,6
19385,0,6
19386,7,3
19387,2,9
19388,1,1
19389,2,4
19390,8,5
19391,9,2
19392,7,8
19393,1,9
19394,1,1
19395,1,9
19396,7,5
19397,9,2
19398,7,5
19399,4,0
19400,6,1
19401,0,4
19402,3,2
19403,1,9
19404,4,4
19405,2,4
19406,2,4
19407,4,0
19408,8,6
19409,2,7
19410,1,1
19411,6,1
19412,1,9
19413,3,3
19414,8,4
19415,9,2
19416,1,7
19417,1,9
19418,2,4
19419,4,0
19420,1,1
19421,1,1
19422,7,5
19423,5,2
19424,4,7
19425,1,3
19426,8,6
19427,2,4
19428,4,9
19429,7,5
19430,5,5
19431,5,6
19432,9,2
19433,2,7
19434,1,7
19435,1,8
19436,7,5
19437,1,9
19438,7,3
19439,4,0
19440,1,1
19441,1,1
19442,7,3
19443,5,2
19444,5,2
19445,3,3
19446,1,1
19447,2,4
19448,6,7
19449,8,5
19450,1,2
19451,5,6
19452,1,1
19453,1,7
19454,4,0
19455,1,8
19456,7,5
19457,2,9
19458,1,8
19459,5,0
19460,1,8
19461,1,1
19462,0,6
19463,5,2
19464,5,6
19465,1,3
19466,9,2
19467,2,4
19468,3,2
19469,7,5
19470,1,8
19471,5,6
19472,7,5
19473,1,7
19474,7,3
19475,1,8
19476,8,5
19477,1,9
19478,8,4
19479,2,7
19480,4,0
19481,5,6
19482,6,1
19483,2,4
19484,2,4
19485,4,0
19486,1,1
19487,7,5
19488,5,6
19489,1,8
19490,4,0
19491,4,0
19492,4,0
19493,2,7
19494,8,9
19495,3,3
19496,5,6
19497,8,5
19498,2,4
19499,2,4
19500,7,3
19501,1,3
19502,4,2
19503,5,6
19504,4,0
19505,5,2
19506,7,5
19507,1,1
19508,3,2
19509,2,7
19510,6,1
19511,2,7
19512,4,9
19513,1,9
19514,0,4
19515,2,9
19516,1,1
19517,1,1
19518,1,3
19519,5,2
19520,2,4
19521,0,4
19522,8,4
19523,5,6
19524,1,2
19525,1,7
19526,1,1
19527,2,7
19528,1,1
19529,7,5
19530,5,6
19531,2,4
19532,5,6
19533,7,5
19534,4,7
19535,4,0
19536,7,3
19537,2,9
19538,1,8
19539,4,9
19540,1,8
19541,1,8
19542,4,0
19543,4,0
19544,1,1
19545,5,2
19546,1,9
19547,4,0
19548,3,3
19549,7,3
19550,4,0
19551,8,5
19552,1,1
19553,5,6
19554,4,0
19555,1,1
19556,3,2
19557,1,8
19558,4,9
19559,5,6
19560,1,9
19561,2,4
19562,5,6
19563,5,6
19564,4,4
19565,4,0
19566,1,8
19567,2,9
19568,1,2
19569,5,2
19570,1,8
19571,5,6
19572,1,7
19573,2,4
19574,1,7
19575,7,3
19576,4,9
19577,2,9
19578,7,5
19579,1,3
19580,1,7
19581,5,0
19582,7,8
19583,5,0
19584,4,0
19585,8,5
19586,7,9
19587,1,2
19588,4,0
19589,8,5
19590,1,5
19591,1,8
19592,1,7
19593,1,8
19594,4,0
19595,1,8
19596,4,9
19597,1,9
19598,1,1
19599,2,4
19600,7,8
19601,1,3
19602,3,2
19603,1,8
19604,4,0
19605,1,8
19606,5,2
19607,8,5
19608,2,4
19609,7,5
19610,7,5
19611,1,7
19612,4,0
19613,1,1
19614,1,1
19615,1,3
19616,1,9
19617,5,6
19618,1,8
19619,1,9
19620,7,3
19621,0,4
19622,1,1
19623,1,1
19624,5,6
19625,1,7
19626,1,1
19627,5,6
19628,4,0
19629,2,9
19630,1,1
19631,7,3
19632,5,2
19633,3,3
19634,4,4
19635,2,7
19636,1,7
19637,2,4
19638,8,5
19639,1,1
19640,1,1
19641,4,9
19642,6,7
19643,1,1
19644,1,9
19645,5,0
19646,4,0
19647,5,6
19648,1,7
19649,4,0
19650,1,8
19651,1,1
19652,1,1
19653,3,2
19654,3,2
19655,7,3
19656,8,6
19657,2,4
19658,1,7
19659,7,5
19660,7,3
19661,0,6
19662,7,8
19663,1,7
19664,4,0
19665,7,8
19666,2,4
19667,1,9
19668,1,7
19669,7,0
19670,8,5
19671,1,1
19672,0,4
19673,3,2
19674,6,1
19675,7,3
19676,7,5
19677,2,4
19678,5,6
19679,7,5
19680,3,2
19681,5,6
19682,4,0
19683,1,7
19684,5,6
19685,1,8
19686,4,0
19687,1,9
19688,6,2
19689,7,0
19690,4,9
19691,1,1
19692,2,8
19693,3,2
19694,1,2
19695,7,3
19696,4,9
19697,2,4
19698,5,6
19699,7,5
19700,2,4
19701,0,6
19702,7,5
19703,1,7
19704,1,7
19705,7,8
19706,7,5
19707,1,9
19708,3,3
19709,4,0
19710,5,6
19711,7,8
19712,5,6
19713,3,3
19714,7,0
19715,1,9
19716,1,8
19717,7,5
19718,4,9
19719,7,5
19720,1,8
19721,1,2
19722,5,6
19723,5,6
19724,1,1
19725,7,8
19726,4,0
19727,2,4
19728,2,9
19729,1,9
19730,4,9
19731,1,1
19732,4,0
19733,1,7
19734,7,3
19735,1,1
19736,7,3
19737,1,2
19738,4,0
19739,3,3
19740,2,7
19741,7,5
19742,1,1
19743,4,9
19744,4,0
19745,5,6
19746,7,5
19747,1,9
19748,4,9
19749,1,1
19750,3,2
19751,1,1
19752,7,5
19753,1,1
19754,8,6
19755,1,2
19756,1,8
19757,8,9
19758,3,3
19759,7,5
19760,4,0
19761,0,6
19762,5,6
19763,1,8
19764,3,2
19765,1,1
19766,4,9
19767,3,2
19768,1,1
19769,5,0
19770,4,0
19771,1,7
19772,4,0
19773,1,7
19774,4,0
19775,7,5
19776,1,1
19777,7,8
19778,4,9
19779,1,2
19780,1,7
19781,1,9
19782,3,1
19783,1,8
19784,1,2
19785,1,9
19786,4,0
19787,4,0
19788,5,6
19789,2,4
19790,1,8
19791,1,7
19792,1,8
19793,7,3
19794,2,4
19795,2,4
19796,4,0
19797,7,5
19798,4,0
19799,0,6
19800,4,7
19801,4,0
19802,3,2
19803,1,3
19804,1,1
19805,5,6
19806,4,9
19807,1,8
19808,1,2
19809,1,7
19810,2,4
19811,4,0
19812,1,7
19813,2,4
19814,7,9
19815,3,2
19816,6,1
19817,1,7
19818,4,0
19819,4,4
19820,7,5
19821,3,3
19822,4,0
19823,1,7
19824,7,9
19825,7,5
19826,1,8
19827,4,4
19828,4,6
19829,7,3
19830,1,1
19831,2,4
19832,4,9
19833,1,2
19834,1,3
19835,1,8
19836,7,3
19837,1,1
19838,1,7
19839,8,5
19840,0,4
19841,1,1
19842,4,7
19843,5,2
19844,4,7
19845,4,0
19846,7,5
19847,5,2
19848,5,6
19849,7,5
19850,1,1
19851,5,6
19852,7,5
19853,2,4
19854,9,2
19855,1,3
19856,4,0
19857,4,0
19858,7,5
19859,4,0
19860,1,9
19861,4,0
19862,7,5
19863,3,3
19864,1,8
19865,1,3
19866,7,3
19867,7,5
19868,7,5
19869,1,7
19870,7,5
19871,4,0
19872,4,0
19873,0,6
19874,8,5
19875,2,4
19876,3,2
19877,1,8
19878,1,3
19879,1,8
19880,6,1
19881,0,6
19882,2,4
19883,1,3
19884,1,1
19885,1,9
19886,1,2
19887,1,9
19888,7,5
19889,1,8
19890,9,2
19891,1,2
19892,5,5
19893,1,7
19894,6,1
19895,1,7
19896,8,6
19897,1,1
19898,1,1
19899,4,0
19900,4,0
19901,1,1
19902,4,0
19903,3,2
19904,4,7
19905,7,3
19906,1,8
19907,0,4
19908,4,0
19909,7,5
19910,4,9
19911,7,8
19912,1,7
19913,4,9
19914,8,9
19915,4,0
19916,8,6
19917,1,1
19918,6,1
19919,3,2
19920,8,5
19921,7,3
19922,4,4
19923,1,4
19924,4,0
19925,7,5
19926,1,2
19927,5,6
19928,1,8
19929,4,7
19930,4,0
19931,3,8
19932,7,8
19933,4,9
19934,9,9
19935,4,0
19936,4,4
19937,1,1
19938,2,9
19939,3,2
19940,1,1
19941,3,3
19942,8,5
19943,9,4
19944,7,5
19945,7,5
19946,5,6
19947,5,6
19948,1,8
19949,4,7
19950,7,3
19951,5,8
19952,4,4
19953,4,9
19954,0,6
19955,1,1
19956,8,6
19957,9,4
19958,8,5
19959,7,5
19960,5,6
19961,9,4
19962,5,3
19963,1,2
19964,0,6
19965,3,3
19966,6,1
19967,1,3
19968,6,1
19969,4,0
19970,8,6
19971,1,9
19972,4,9
19973,7,5
19974,4,0
19975,9,4
19976,7,3
19977,7,3
19978,1,7
19979,4,0
19980,7,5
19981,5,8
19982,1,2
19983,0,4
19984,0,6
19985,4,0
19986,5,6
19987,4,7
19988,7,8
19989,4,7
19990,5,0
19991,1,1
19992,8,9
19993,5,6
19994,7,5
19995,4,9
19996,7,5
19997,1,1
19998,2,4
19999,3,2
20000,7,5
20001,4,9
20002,1,7
20003,7,3
20004,1,7
20005,5,6
20006,7,5
20007,3,2
20008,4,4
20009,7,3
20010,4,0
20011,0,4
20012,4,0
20013,5,6
20014,1,8
20015,3,8
20016,1,3
20017,7,5
20018,1,1
20019,1,7
20020,7,8
20021,3,2
20022,3,2
20023,7,3
20024,7,8
20025,3,8
20026,8,9
20027,1,1
20028,9,2
20029,5,2
20030,1,7
20031,4,9
20032,2,7
20033,7,5
20034,7,5
20035,7,8
20036,1,1
20037,7,8
20038,5,5
20039,4,7
20040,4,4
20041,1,1
20042,3,2
20043,4,7
20044,8,5
20045,1,1
20046,6,1
20047,1,1
20048,1,7
20049,4,0
20050,5,9
20051,3,3
20052,6,1
20053,1,4
20054,1,9
20055,1,2
20056,4,4
20057,5,6
20058,1,1
20059,1,4
20060,4,0
20061,1,7
20062,1,8
20063,1,4
20064,1,1
20065,1,2
20066,1,1
20067,1,7
20068,7,8
20069,0,4
20070,1,1
20071,1,2
20072,1,3
20073,4,9
20074,0,4
20075,1,9
20076,0,6
20077,5,2
20078,3,2
20079,7,8
20080,7,3
20081,5,6
20082,1,4
20083,1,1
20084,1,9
20085,4,0
20086,8,9
20087,5,6
20088,1,0
20089,3,8
20090,4,7
20091,7,5
20092,7,5
20093,7,5
20094,1,1
20095,4,0
20096,7,3
20097,7,5
20098,9,4
20099,7,3
20100,1,2
20101,7,5
20102,7,8
20103,4,9
20104,5,6
20105,4,7
20106,7,8
20107,7,8
20108,1,1
20109,7,5
20110,4,4
20111,1,9
20112,8,9
20113,5,6
20114,4,0
20115,1,9
20116,5,8
20117,4,0
20118,4,4
20119,5,6
20120,7,5
20121,7,3
20122,0,6
20123,4,0
20124,5,6
20125,7,5
20126,2,9
20127,3,8
20128,4,0
20129,4,9
20130,4,9
20131,1,1
20132,1,1
20133,7,8
20134,2,7
20135,1,1
20136,0,6
20137,5,6
20138,1,9
20139,4,0
20140,8,5
20141,4,0
20142,5,6
20143,6,1
20144,2,4
20145,9,2
20146,8,1
20147,7,3
20148,5,6
20149,6,4
20150,1,3
20151,8,5
20152,5,6
20153,5,6
20154,0,6
20155,4,7
20156,5,6
20157,6,8
20158,1,7
20159,2,9
20160,3,2
20161,3,0
20162,1,7
20163,6,1
20164,2,9
20165,9,2
20166,7,3
20167,7,3
20168,0,6
20169,5,4
20170,7,9
20171,5,5
20172,2,4
20173,5,6
20174,4,0
20175,4,0
20176,8,4
20177,6,1
20178,1,1
20179,9,2
20180,4,4
20181,7,3
20182,4,4
20183,2,4
20184,1,9
20185,7,5
20186,8,5
20187,5,6
20188,2,9
20189,1,7
20190,8,5
20191,1,8
20192,3,3
20193,2,9
20194,1,1
20195,6,1
20196,1,9
20197,2,4
20198,7,8
20199,7,5
20200,7,5
20201,3,3
20202,4,9
20203,7,3
20204,5,8
20205,4,0
20206,1,7
20207,2,9
20208,2,4
20209,5,5
20210,8,5
20211,2,4
20212,1,1
20213,7,3
20214,1,7
20215,4,0
20216,4,9
20217,3,8
20218,1,7
20219,6,4
20220,5,3
20221,5,6
20222,1,3
20223,1,7
20224,3,2
20225,4,0
20226,3,7
20227,1,7
20228,8,9
20229,2,7
20230,1,4
20231,6,1
20232,1,1
20233,5,6
20234,4,4
20235,2,9
20236,8,4
20237,1,1
20238,5,0
20239,6,2
20240,9,2
20241,2,9
20242,3,2
20243,7,3
20244,4,0
20245,5,6
20246,7,5
20247,6,2
20248,4,9
20249,7,3
20250,1,4
20251,2,4
20252,1,3
20253,0,6
20254,4,9
20255,1,7
20256,4,0
20257,9,2
20258,2,4
20259,7,3
20260,2,7
20261,1,8
20262,2,4
20263,6,1
20264,1,9
20265,9,2
20266,7,5
20267,2,9
20268,1,2
20269,1,8
20270,1,9
20271,7,8
20272,5,6
20273,4,7
20274,6,1
20275,6,1
20276,4,4
20277,1,7
20278,7,3
20279,6,1
20280,2,7
20281,6,1
20282,1,9
20283,5,0
20284,1,2
20285,7,3
20286,8,6
20287,4,4
20288,5,6
20289,9,2
20290,4,9
20291,5,6
20292,1,0
20293,2,4
20294,4,4
20295,4,7
20296,1,7
20297,2,4
20298,1,1
20299,9,2
20300,1,8
20301,4,7
20302,6,1
20303,2,4
20304,1,7
20305,9,2
20306,8,5
20307,2,9
20308,2,9
20309,9,2
20310,1,7
20311,2,7
20312,4,7
20313,9,2
20314,1,3
20315,1,8
20316,4,9
20317,5,6
20318,1,7
20319,6,1
20320,5,6
20321,4,0
20322,8,1
20323,0,6
20324,0,6
20325,7,5
20326,1,3
20327,1,1
20328,4,8
20329,7,3
20330,2,9
20331,7,5
20332,1,1
20333,2,9
20334,4,0
20335,2,7
20336,1,8
20337,6,4
20338,0,4
20339,1,8
20340,1,1
20341,2,9
20342,7,5
20343,5,6
20344,7,3
20345,2,9
20346,0,4
20347,3,3
20348,6,1
20349,4,0
20350,1,8
20351,4,0
20352,8,8
20353,5,6
20354,2,7
20355,7,3
20356,3,3
20357,4,0
20358,4,9
20359,7,5
20360,4,9
20361,6,1
20362,7,3
20363,1,8
20364,7,8
20365,6,1
20366,1,9
20367,5,6
20368,2,4
20369,4,0
20370,1,7
20371,4,0
20372,7,8
20373,1,1
20374,7,5
20375,9,2
20376,1,9
20377,3,3
20378,1,3
20379,2,4
20380,1,7
20381,8,5
20382,3,2
20383,5,6
20384,1,1
20385,1,7
20386,4,7
20387,1,8
20388,5,0
20389,1,9
20390,7,5
20391,4,0
20392,4,0
20393,6,1
20394,6,1
20395,9,2
20396,2,4
20397,3,3
20398,1,7
20399,2,4
20400,1,3
20401,5,6
20402,4,9
20403,1,7
20404,1,7
20405,1,8
20406,2,7
20407,4,0
20408,7,8
20409,6,1
20410,2,9
20411,9,2
20412,7,8
20413,3,3
20414,5,2
20415,2,4
20416,0,6
20417,1,7
20418,4,0
20419,1,8
20420,3,0
20421,1,9
20422,1,7
20423,3,3
20424,9,2
20425,2,4
20426,7,3
20427,6,1
20428,7,5
20429,2,4
20430,7,3
20431,5,6
20432,3,2
20433,0,6
20434,1,9
20435,1,7
20436,1,2
20437,7,3
20438,1,1
20439,7,3
20440,3,2
20441,3,2
20442,1,2
20443,6,1
20444,1,9
20445,1,9
20446,9,2
20447,2,4
20448,1,2
20449,1,7
20450,2,9
20451,3,3
20452,1,7
20453,8,5
20454,3,2
20455,2,4
20456,6,1
20457,1,9
20458,3,3
20459,6,1
20460,2,4
20461,6,1
20462,1,9
20463,4,0
20464,4,4
20465,6,1
20466,1,7
20467,6,4
20468,2,4
20469,5,6
20470,1,3
20471,4,0
20472,1,8
20473,9,2
20474,1,1
20475,6,1
20476,7,5
20477,1,7
20478,4,0
20479,7,5
20480,5,6
20481,4,0
20482,7,0
20483,4,0
20484,2,4
20485,9,2
20486,5,6
20487,4,0
20488,3,2
20489,5,6
20490,2,4
20491,1,8
20492,1,3
20493,9,2
20494,5,6
20495,2,9
20496,2,4
20497,9,2
20498,1,7
20499,3,3
20500,3,3
20501,1,7
20502,1,2
20503,0,6
20504,4,7
20505,1,9
20506,6,1
20507,1,8
20508,8,9
20509,1,7
20510,4,0
20511,1,8
20512,5,6
20513,2,9
20514,5,2
20515,3,2
20516,1,8
20517,9,2
20518,4,9
20519,1,9
20520,3,2
20521,1,8
20522,3,2
20523,5,6
20524,1,8
20525,2,4
20526,3,2
20527,2,4
20528,7,5
20529,6,4
20530,7,5
20531,4,0
20532,6,7
20533,4,0
20534,5,5
20535,1,8
20536,1,1
20537,4,0
20538,1,3
20539,1,8
20540,3,3
20541,0,6
20542,3,2
20543,0,6
20544,3,3
20545,1,8
20546,4,9
20547,5,5
20548,4,0
20549,1,7
20550,1,2
20551,7,0
20552,1,7
20553,3,3
20554,4,9
20555,0,6
20556,1,1
20557,1,7
20558,1,7
20559,1,8
20560,3,8
20561,3,3
20562,4,9
20563,6,1
20564,8,5
20565,3,3
20566,1,7
20567,2,9
20568,3,2
20569,5,5
20570,7,3
20571,2,9
20572,0,6
20573,1,9
20574,4,4
20575,8,5
20576,1,7
20577,4,0
20578,7,8
20579,1,7
20580,7,8
20581,9,2
20582,4,7
20583,1,7
20584,4,0
20585,8,4
20586,7,5
20587,3,3
20588,2,7
20589,6,1
20590,7,5
20591,5,0
20592,7,8
20593,1,1
20594,4,9
20595,9,2
20596,5,6
20597,7,3
20598,7,5
20599,2,4
20600,2,7
20601,8,5
20602,4,0
20603,0,6
20604,6,1
20605,1,7
20606,1,3
20607,1,8
20608,4,0
20609,4,0
20610,1,3
20611,1,1
20612,3,2
20613,9,2
20614,1,8
20615,7,3
20616,7,3
20617,2,4
20618,1,8
20619,1,7
20620,2,4
20621,1,8
20622,4,0
20623,1,9
20624,3,2
20625,5,0
20626,1,3
20627,1,1
20628,8,5
20629,9,2
20630,1,8
20631,7,3
20632,4,0
20633,2,4
20634,2,4
20635,8,5
20636,4,9
20637,0,6
20638,2,9
20639,1,8
20640,1,8
20641,2,9
20642,4,0
20643,1,1
20644,1,9
20645,5,0
20646,2,7
20647,0,6
20648,7,8
20649,3,3
20650,0,4
20651,2,4
20652,2,4
20653,2,4
20654,1,1
20655,9,2
20656,5,6
20657,1,8
20658,4,0
20659,1,1
20660,1,8
20661,4,0
20662,4,0
20663,0,6
20664,7,3
20665,0,4
20666,1,8
20667,2,9
20668,7,5
20669,1,7
20670,3,3
20671,9,2
20672,5,1
20673,7,3
20674,6,1
20675,3,3
20676,1,9
20677,1,9
20678,1,1
20679,9,2
20680,2,4
20681,4,0
20682,0,6
20683,2,9
20684,2,9
20685,1,3
20686,1,1
20687,1,3
20688,1,0
20689,1,9
20690,1,8
20691,1,1
20692,4,9
20693,7,5
20694,2,7
20695,3,2
20696,0,4
20697,7,3
20698,4,9
20699,1,1
20700,4,9
20701,0,6
20702,8,4
20703,1,7
20704,8,6
20705,7,3
20706,6,1
20707,1,7
20708,1,3
20709,7,8
20710,5,2
20711,6,4
20712,1,8
20713,4,0
20714,4,4
20715,9,2
20716,7,5
20717,2,4
20718,7,5
20719,4,0
20720,6,7
20721,3,2
20722,8,8
20723,1,7
20724,4,0
20725,1,8
20726,4,4
20727,5,0
20728,3,3
20729,1,7
20730,0,4
20731,4,0
20732,1,8
20733,8,6
20734,4,9
20735,4,9
20736,8,6
20737,7,3
20738,7,3
20739,9,2
20740,1,7
20741,6,4
20742,9,2
20743,1,8
20744,5,6
20745,8,6
20746,1,1
20747,4,0
20748,9,2
20749,6,1
20750,1,9
20751,1,0
20752,7,3
20753,1,8
20754,7,5
20755,6,1
20756,7,3
20757,0,6
20758,7,8
20759,1,7
20760,1,1
20761,9,2
20762,4,0
20763,1,9
20764,5,6
20765,1,7
20766,1,7
20767,1,9
20768,1,4
20769,7,5
20770,9,2
20771,1,8
20772,1,1
20773,1,9
20774,7,8
20775,0,6
20776,0,4
20777,8,5
20778,2,9
20779,9,2
20780,1,3
20781,5,6
20782,5,6
20783,9,2
20784,3,5
20785,7,8
20786,3,2
20787,6,1
20788,1,9
20789,1,7
20790,5,3
20791,7,5
20792,5,9
20793,8,5
20794,2,4
20795,1,7
20796,8,6
20797,7,3
20798,5,1
20799,8,5
20800,3,3
20801,4,0
20802,1,1
20803,1,1
20804,7,5
20805,3,3
20806,8,6
20807,1,8
20808,5,6
20809,2,4
20810,1,1
20811,1,9
20812,1,8
20813,2,4
20814,4,0
20815,8,5
20816,5,0
20817,1,1
20818,8,9
20819,1,8
20820,4,9
20821,0,6
20822,5,6
20823,1,8
20824,8,1
20825,1,9
20826,4,9
20827,4,0
20828,1,1
20829,1,1
20830,4,9
20831,3,2
20832,9,2
20833,7,3
20834,1,7
20835,6,4
20836,2,4
20837,5,5
20838,1,1
20839,5,6
20840,7,0
20841,1,9
20842,7,3
20843,4,0
20844,3,3
20845,6,1
20846,4,0
20847,3,2
20848,6,1
20849,3,3
20850,1,2
20851,6,4
20852,1,1
20853,5,5
20854,7,5
20855,5,6
20856,1,7
20857,1,7
20858,8,8
20859,1,8
20860,7,5
20861,2,9
20862,3,2
20863,4,0
20864,1,9
20865,6,1
20866,1,7
20867,3,2
20868,7,3
20869,3,3
20870,6,1
20871,1,9
20872,1,3
20873,1,8
20874,9,2
20875,6,1
20876,7,8
20877,4,0
20878,7,5
20879,1,9
20880,7,8
20881,8,5
20882,1,2
20883,2,7
20884,6,1
20885,7,5
20886,4,0
20887,1,1
20888,1,1
20889,1,8
20890,7,5
20891,5,6
20892,8,6
20893,1,9
20894,4,4
20895,4,0
20896,5,6
20897,6,4
20898,1,1
20899,6,1
20900,2,9
20901,2,9
20902,7,3
20903,7,3
20904,7,8
20905,1,8
20906,1,8
20907,6,4
20908,4,4
20909,2,7
20910,1,2
20911,4,0
20912,6,1
20913,1,1
20914,7,5
20915,1,9
20916,7,6
20917,9,2
20918,1,9
20919,1,8
20920,1,9
20921,1,7
20922,8,5
20923,1,8
20924,4,4
20925,1,9
20926,7,3
20927,5,6
20928,4,0
20929,4,0
20930,1,2
20931,5,6
20932,4,4
20933,5,5
20934,4,0
20935,7,5
20936,4,0
20937,3,3
20938,7,8
20939,3,3
20940,0,6
20941,3,3
20942,7,3
20943,2,9
20944,3,2
20945,1,8
20946,5,3
20947,3,0
20948,0,6
20949,0,6
20950,8,4
20951,6,1
20952,7,3
20953,4,0
20954,8,8
20955,4,0
20956,4,4
20957,5,6
20958,4,0
20959,3,2
20960,3,2
20961,6,1
20962,2,4
20963,6,1
20964,2,9
20965,3,3
20966,3,8
20967,5,2
20968,8,8
20969,1,7
20970,3,2
20971,2,7
20972,2,4
20973,1,8
20974,6,1
20975,1,8
20976,5,5
20977,1,7
20978,8,6
20979,4,0
20980,1,7
20981,9,2
20982,4,9
20983,4,0
20984,5,6
20985,3,3
20986,1,8
20987,6,1
20988,1,1
20989,3,3
20990,1,1
20991,2,7
20992,1,2
20993,9,2
20994,7,5
20995,6,4
20996,1,7
20997,1,9
20998,8,6
20999,8,4
21000,1,7
21001,3,3
21002,6,1
21003,5,6
21004,5,6
21005,7,5
21006,3,2
21007,7,3
21008,5,6
21009,9,2
21010,6,1
21011,5,5
21012,5,2
21013,5,5
21014,1,2
21015,1,9
21016,7,5
21017,6,4
21018,7,3
21019,1,1
21020,1,9
21021,2,7
21022,4,4
21023,9,2
21024,1,2
21025,5,6
21026,7,3
21027,7,5
21028,4,0
21029,4,0
21030,0,6
21031,1,1
21032,1,9
21033,3,2
21034,7,5
21035,3,3
21036,5,6
21037,0,4
21038,7,3
21039,7,5
21040,4,9
21041,0,6
21042,1,2
21043,1,7
21044,3,2
21045,1,8
21046,1,8
21047,2,9
21048,1,8
21049,4,0
21050,1,7
21051,1,1
21052,1,1
21053,3,2
21054,6,1
21055,7,3
21056,3,3
21057,2,4
21058,7,5
21059,7,5
21060,1,1
21061,0,6
21062,1,7
21063,2,7
21064,4,0
21065,1,8
21066,1,0
21067,2,9
21068,6,1
21069,3,0
21070,6,1
21071,6,1
21072,4,9
21073,3,2
21074,9,6
21075,7,3
21076,4,4
21077,6,4
21078,4,0
21079,7,5
21080,1,3
21081,0,6
21082,4,0
21083,1,7
21084,0,6
21085,1,8
21086,9,7
21087,2,9
21088,6,1
21089,1,8
21090,6,1
21091,1,9
21092,7,3
21093,7,5
21094,6,1
21095,2,7
21096,4,4
21097,4,0
21098,3,3
21099,3,3
21100,8,6
21101,1,1
21102,5,3
21103,0,6
21104,1,8
21105,7,8
21106,1,8
21107,0,4
21108,8,9
21109,6,1
21110,1,8
21111,1,7
21112,7,3
21113,5,6
21114,7,5
21115,7,5
21116,1,3
21117,5,6
21118,1,8
21119,2,4
21120,1,8
21121,5,2
21122,0,6
21123,1,7
21124,8,5
21125,1,8
21126,5,6
21127,6,1
21128,8,6
21129,7,3
21130,1,4
21131,2,4
21132,5,0
21133,1,7
21134,4,4
21135,3,2
21136,3,2
21137,4,0
21138,9,9
21139,7,5
21140,0,4
21141,4,0
21142,4,0
21143,1,1
21144,7,3
21145,2,9
21146,1,8
21147,3,2
21148,1,7
21149,7,3
21150,1,3
21151,3,2
21152,4,4
21153,7,3
21154,1,3
21155,5,5
21156,7,3
21157,5,5
21158,8,9
21159,2,7
21160,1,7
21161,7,8
21162,4,9
21163,2,4
21164,5,2
21165,4,9
21166,6,1
21167,2,9
21168,6,1
21169,2,7
21170,3,3
21171,6,1
21172,1,9
21173,1,1
21174,9,2
21175,1,7
21176,7,3
21177,7,8
21178,1,1
21179,7,3
21180,5,6
21181,2,4
21182,1,3
21183,1,8
21184,7,5
21185,0,6
21186,4,4
21187,3,3
21188,1,8
21189,1,8
21190,1,8
21191,4,0
21192,1,9
21193,4,9
21194,1,2
21195,0,6
21196,6,1
21197,3,2
21198,8,5
21199,3,0
21200,6,1
21201,6,1
21202,1,1
21203,4,0
21204,7,5
21205,5,6
21206,7,5
21207,3,2
21208,3,3
21209,7,3
21210,5,5
21211,1,8
21212,1,8
21213,2,9
21214,5,6
21215,4,0
21216,5,0
21217,1,7
21218,2,9
21219,5,2
21220,1,1
21221,7,3
21222,1,7
21223,6,4
21224,4,9
21225,5,5
21226,5,6
21227,7,5
21228,3,3
21229,3,2
21230,6,1
21231,1,8
21232,2,4
21233,7,5
21234,5,6
21235,2,4
21236,1,7
21237,0,6
21238,3,3
21239,0,6
21240,1,7
21241,5,6
21242,5,0
21243,2,7
21244,7,5
21245,2,9
21246,0,4
21247,6,1
21248,1,1
21249,1,8
21250,7,3
21251,3,2
21252,7,5
21253,6,1
21254,3,2
21255,3,2
21256,4,0
21257,0,6
21258,1,7
21259,7,5
21260,4,0
21261,7,3
21262,2,4
21263,2,4
21264,7,5
21265,1,7
21266,4,0
21267,2,9
21268,5,6
21269,2,4
21270,4,4
21271,4,0
21272,1,1
21273,4,0
21274,3,2
21275,7,5
21276,8,5
21277,2,9
21278,1,3
21279,7,0
21280,1,8
21281,1,1
21282,7,8
21283,1,2
21284,7,3
21285,7,3
21286,1,8
21287,0,4
21288,8,1
21289,5,5
21290,0,6
21291,5,6
21292,1,1
21293,2,7
21294,5,6
21295,7,8
21296,2,4
21297,2,9
21298,5,6
21299,4,0
21300,2,9
21301,1,1
21302,1,9
21303,1,2
21304,4,4
21305,7,3
21306,1,3
21307,0,4
21308,4,0
21309,7,5
21310,1,8
21311,5,6
21312,1,8
21313,2,7
21314,4,0
21315,3,8
21316,0,6
21317,2,9
21318,2,7
21319,4,0
21320,7,3
21321,1,1
21322,1,7
21323,3,2
21324,3,2
21325,3,3
21326,2,4
21327,0,4
21328,7,3
21329,5,5
21330,1,2
21331,5,6
21332,5,6
21333,4,7
21334,1,1
21335,4,7
21336,8,9
21337,5,6
21338,8,5
21339,4,4
21340,2,4
21341,7,3
21342,6,1
21343,7,0
21344,2,9
21345,0,6
21346,8,5
21347,5,6
21348,1,6
21349,5,6
21350,4,0
21351,6,9
21352,2,7
21353,7,0
21354,4,0
21355,4,0
21356,1,9
21357,1,1
21358,4,0
21359,7,3
21360,5,5
21361,2,9
21362,1,1
21363,0,4
21364,1,1
21365,7,5
21366,3,2
21367,2,7
21368,5,6
21369,2,9
21370,5,3
21371,7,5
21372,4,0
21373,5,6
21374,2,4
21375,7,8
21376,1,1
21377,1,9
21378,4,9
21379,1,1
21380,4,0
21381,7,3
21382,3,2
21383,3,8
21384,7,8
21385,7,5
21386,1,7
21387,2,7
21388,4,7
21389,7,8
21390,3,3
21391,1,1
21392,0,6
21393,0,4
21394,6,1
21395,5,8
21396,4,7
21397,7,5
21398,1,1
21399,7,8
21400,2,7
21401,1,1
21402,8,1
21403,4,0
21404,4,6
21405,1,7
21406,7,8
21407,5,6
21408,1,8
21409,1,1
21410,5,6
21411,5,6
21412,1,7
21413,4,0
21414,9,2
21415,3,3
21416,7,5
21417,0,4
21418,5,6
21419,5,6
21420,5,3
21421,3,8
21422,4,9
21423,1,9
21424,6,1
21425,3,2
21426,5,6
21427,1,1
21428,1,3
21429,1,7
21430,8,4
21431,0,4
21432,8,8
21433,7,5
21434,5,6
21435,5,2
21436,5,2
21437,2,7
21438,3,2
21439,7,5
21440,7,5
21441,3,2
21442,0,4
21443,3,2
21444,3,2
21445,1,9
21446,1,1
21447,3,3
21448,6,4
21449,2,9
21450,3,2
21451,5,2
21452,0,6
21453,5,2
21454,4,0
21455,5,5
21456,1,7
21457,7,8
21458,7,3
21459,1,7
21460,1,1
21461,0,4
21462,4,7
21463,1,7
21464,1,7
21465,1,1
21466,7,3
21467,7,8
21468,1,3
21469,4,0
21470,1,2
21471,2,9
21472,0,4
21473,5,6
21474,1,1
21475,7,8
21476,1,1
21477,1,1
21478,2,7
21479,1,1
21480,1,4
21481,7,5
21482,1,7
21483,1,7
21484,7,5
21485,5,6
21486,1,8
21487,7,3
21488,4,6
21489,7,5
21490,2,4
21491,0,4
21492,6,1
21493,5,2
21494,1,8
21495,1,9
21496,1,3
21497,4,0
21498,1,1
21499,0,4
21500,2,4
21501,2,7
21502,3,2
21503,0,4
21504,3,2
21505,3,3
21506,4,0
21507,1,2
21508,4,0
21509,4,9
21510,1,9
21511,3,2
21512,7,3
21513,4,0
21514,2,7
21515,3,3
21516,1,9
21517,0,4
21518,1,7
21519,7,5
21520,7,8
21521,4,0
21522,3,2
21523,4,0
21524,1,3
21525,3,3
21526,4,0
21527,1,2
21528,3,2
21529,3,8
21530,7,5
21531,7,3
21532,7,5
21533,4,0
21534,4,0
21535,6,1
21536,1,2
21537,5,2
21538,0,6
21539,7,3
21540,8,9
21541,2,4
21542,4,0
21543,8,5
21544,1,2
21545,0,6
21546,4,0
21547,2,7
21548,7,5
21549,1,8
21550,7,5
21551,1,9
21552,6,1
21553,4,0
21554,6,1
21555,6,1
21556,1,8
21557,3,2
21558,7,5
21559,7,3
21560,4,0
21561,2,4
21562,1,9
21563,7,5
21564,0,6
21565,0,6
21566,3,2
21567,1,7
21568,6,1
21569,1,8
21570,7,3
21571,2,9
21572,1,7
21573,4,0
21574,1,1
21575,6,1
21576,1,0
21577,9,2
21578,1,8
21579,7,3
21580,7,3
21581,2,4
21582,7,3
21583,8,5
21584,7,3
21585,5,6
21586,4,0
21587,1,7
21588,8,5
21589,1,8
21590,2,4
21591,2,9
21592,1,9
21593,1,8
21594,1,1
21595,1,9
21596,3,3
21597,3,2
21598,1,2
21599,0,6
21600,4,0
21601,4,1
21602,4,0
21603,2,7
21604,7,5
21605,0,6
21606,1,3
21607,7,3
21608,4,0
21609,7,5
21610,1,3
21611,2,4
21612,4,0
21613,1,8
21614,4,0
21615,3,2
21616,4,9
21617,0,6
21618,1,1
21619,0,4
21620,4,0
21621,2,7
21622,7,3
21623,3,2
21624,2,7
21625,7,3
21626,8,5
21627,2,4
21628,4,0
21629,7,5
21630,3,2
21631,2,9
21632,8,5
21633,9,2
21634,6,1
21635,4,0
21636,5,2
21637,7,3
21638,1,2
21639,2,9
21640,4,0
21641,1,7
21642,1,4
21643,7,3
21644,4,4
21645,2,9
21646,4,9
21647,7,3
21648,5,4
21649,1,8
21650,5,8
21651,1,7
21652,1,2
21653,2,4
21654,7,3
21655,2,4
21656,1,8
21657,2,9
21658,4,0
21659,1,8
21660,1,3
21661,7,5
21662,4,7
21663,1,8
21664,2,4
21665,3,2
21666,2,7
21667,5,6
21668,1,2
21669,2,9
21670,6,2
21671,8,5
21672,1,7
21673,1,3
21674,9,2
21675,0,6
21676,5,6
21677,7,5
21678,7,5
21679,2,7
21680,1,1
21681,4,0
21682,1,1
21683,3,2
21684,8,6
21685,7,3
21686,4,9
21687,6,1
21688,7,8
21689,7,3
21690,5,3
21691,1,2
21692,3,2
21693,1,7
21694,7,8
21695,7,3
21696,5,6
21697,6,1
21698,6,1
21699,1,1
21700,9,7
21701,2,7
21702,1,1
21703,4,0
21704,4,7
21705,1,8
21706,4,7
21707,8,5
21708,7,8
21709,6,1
21710,1,7
21711,1,8
21712,5,6
21713,3,2
21714,7,3
21715,6,1
21716,1,1
21717,7,3
21718,4,9
21719,2,7
21720,7,3
21721,4,0
21722,1,2
21723,1,8
21724,4,9
21725,1,7
21726,7,3
21727,3,2
21728,5,6
21729,6,4
21730,7,8
21731,6,4
21732,1,7
21733,1,8
21734,7,5
21735,4,0
21736,4,0
21737,6,1
21738,2,4
21739,8,5
21740,1,1
21741,6,1
21742,1,2
21743,2,4
21744,1,1
21745,5,6
21746,8,4
21747,4,0
21748,1,9
21749,7,5
21750,3,2
21751,6,1
21752,5,6
21753,0,6
21754,5,5
21755,0,6
21756,8,9
21757,2,9
21758,4,7
21759,4,0
21760,3,2
21761,1,7
21762,5,6
21763,5,6
21764,5,6
21765,6,1
21766,1,0
21767,6,1
21768,4,0
21769,4,0
21770,4,4
21771,1,1
21772,5,6
21773,9,2
21774,2,9
21775,1,3
21776,9,4
21777,2,4
21778,1,8
21779,7,5
21780,4,0
21781,0,6
21782,7,5
21783,1,7
21784,3,2
21785,1,8
21786,1,9
21787,1,9
21788,9,2
21789,4,0
21790,1,7
21791,1,1
21792,4,4
21793,9,2
21794,1,1
21795,7,3
21796,3,2
21797,2,4
21798,9,2
21799,7,5
21800,4,0
21801,5,6
21802,3,2
21803,1,7
21804,1,2
21805,3,8
21806,8,5
21807,1,9
21808,0,6
21809,4,0
21810,8,5
21811,1,1
21812,7,3
21813,3,2
21814,2,4
21815,7,3
21816,1,7
21817,2,4
21818,6,1
21819,7,5
21820,7,5
21821,5,6
21822,4,4
21823,1,7
21824,1,7
21825,1,8
21826,7,8
21827,1,9
21828,2,4
21829,1,1
21830,2,4
21831,3,3
21832,5,6
21833,7,5
21834,1,7
21835,4,9
21836,8,5
21837,2,4
21838,5,6
21839,1,1
21840,4,9
21841,1,7
21842,2,9
21843,1,7
21844,8,6
21845,5,2
21846,4,4
21847,1,1
21848,4,0
21849,1,4
21850,5,5
21851,3,8
21852,3,2
21853,3,3
21854,0,6
21855,7,8
21856,5,6
21857,9,2
21858,2,4
21859,1,9
21860,0,6
21861,1,3
21862,0,6
21863,1,8
21864,3,3
21865,7,5
21866,1,3
21867,2,4
21868,1,8
21869,4,9
21870,2,9
21871,1,7
21872,0,9
21873,7,5
21874,4,0
21875,2,4
21876,8,9
21877,7,3
21878,6,1
21879,4,9
21880,3,2
21881,3,2
21882,2,4
21883,7,5
21884,1,1
21885,1,7
21886,2,4
21887,2,4
21888,4,4
21889,1,1
21890,4,0
21891,3,2
21892,4,9
21893,7,3
21894,6,7
21895,7,5
21896,7,8
21897,4,9
21898,4,0
21899,1,1
21900,5,6
21901,5,6
21902,8,5
21903,4,0
21904,1,7
21905,1,1
21906,8,4
21907,4,0
21908,1,1
21909,4,0
21910,4,0
21911,9,2
21912,5,6
21913,1,8
21914,7,5
21915,1,7
21916,2,4
21917,9,2
21918,5,6
21919,7,5
21920,0,6
21921,1,1
21922,2,4
21923,1,1
21924,1,9
21925,1,8
21926,1,8
21927,7,5
21928,1,1
21929,0,6
21930,7,3
21931,2,4
21932,4,0
21933,3,0
21934,5,6
21935,4,4
21936,2,4
21937,1,7
21938,7,3
21939,3,3
21940,2,4
21941,5,6
21942,1,1
21943,1,8
21944,8,1
21945,4,0
21946,7,3
21947,1,3
21948,7,3
21949,1,7
21950,1,3
21951,4,4
21952,1,2
21953,4,0
21954,4,0
21955,5,6
21956,7,5
21957,1,9
21958,6,1
21959,9,2
21960,4,0
21961,5,6
21962,1,8
21963,7,5
21964,1,1
21965,1,8
21966,7,3
21967,5,6
21968,0,4
21969,4,9
21970,4,0
21971,4,0
21972,1,1
21973,2,4
21974,3,3
21975,4,0
21976,7,5
21977,5,6
21978,6,1
21979,1,1
21980,7,3
21981,1,9
21982,1,2
21983,5,2
21984,1,1
21985,4,0
21986,3,3
21987,1,9
21988,2,4
21989,7,5
21990,1,1
21991,1,1
21992,8,4
21993,3,3
21994,2,4
21995,0,6
21996,4,0
21997,1,9
21998,7,3
21999,2,4
22000,1,3
22001,1,8
22002,3,3
22003,3,3
22004,6,1
22005,1,7
22006,0,6
22007,1,7
22008,4,0
22009,5,6
22010,5,2
22011,7,3
22012,2,4
22013,4,0
22014,7,3
22015,7,5
22016,1,7
22017,5,6
22018,1,7
22019,9,2
22020,7,5
22021,5,2
22022,1,7
22023,4,0
22024,3,3
22025,1,1
22026,1,2
22027,9,2
22028,0,4
22029,7,3
22030,7,5
22031,0,4
22032,7,3
22033,7,5
22034,8,4
22035,0,6
22036,3,2
22037,4,7
22038,7,5
22039,7,8
22040,4,0
22041,4,9
22042,8,5
22043,4,0
22044,1,2
22045,1,1
22046,4,0
22047,9,2
22048,4,0
22049,7,3
22050,1,9
22051,4,4
22052,6,7
22053,4,5
22054,1,8
22055,0,6
22056,1,2
22057,4,7
22058,7,3
22059,7,8
22060,1,8
22061,4,9
22062,3,2
22063,4,0
22064,4,4
22065,1,1
22066,1,1
22067,9,2
22068,5,6
22069,3,3
22070,3,2
22071,4,4
22072,2,9
22073,7,5
22074,8,6
22075,0,6
22076,3,2
22077,1,7
22078,2,9
22079,7,8
22080,2,9
22081,4,9
22082,1,7
22083,3,2
22084,0,6
22085,0,4
22086,4,9
22087,1,1
22088,8,9
22089,7,5
22090,1,7
22091,5,6
22092,3,3
22093,1,1
22094,1,7
22095,1,1
22096,2,4
22097,4,7
22098,0,4
22099,7,8
22100,1,2
22101,7,5
22102,7,5
22103,3,3
22104,9,2
22105,4,4
22106,1,1
22107,0,6
22108,4,9
22109,4,7
22110,4,9
22111,4,0
22112,3,2
22113,7,3
22114,7,3
22115,3,2
22116,4,9
22117,4,9
22118,7,8
22119,7,8
22120,1,1
22121,5,6
22122,7,3
22123,7,8
22124,1,2
22125,4,9
22126,7,3
22127,4,9
22128,8,6
22129,1,7
22130,1,5
22131,4,7
22132,9,2
22133,3,2
22134,1,7
22135,1,1
22136,5,8
22137,1,1
22138,2,4
22139,4,2
22140,1,9
22141,7,8
22142,5,6
22143,4,0
22144,4,0
22145,0,6
22146,3,2
22147,7,5
22148,4,9
22149,7,3
22150,1,8
22151,7,8
22152,4,0
22153,1,1
22154,7,3
22155,3,3
22156,8,5
22157,0,6
22158,1,1
22159,4,0
22160,5,6
22161,0,4
22162,1,3
22163,7,8
22164,1,1
22165,4,9
22166,5,8
22167,4,7
22168,1,1
22169,3,2
22170,1,1
22171,1,7
22172,7,3
22173,1,1
22174,1,9
22175,7,8
22176,1,9
22177,3,2
22178,0,6
22179,1,1
22180,8,5
22181,1,7
22182,1,3
22183,1,7
22184,9,2
22185,7,3
22186,8,5
22187,9,2
22188,5,2
22189,0,4
22190,5,6
22191,0,6
22192,1,1
22193,7,5
22194,7,5
22195,4,9
22196,5,0
22197,2,4
22198,3,2
22199,3,2
22200,9,2
22201,7,8
22202,4,0
22203,3,2
22204,1,3
22205,7,5
22206,7,3
22207,1,1
22208,4,0
22209,4,0
22210,7,6
22211,5,5
22212,8,6
22213,4,0
22214,1,1
22215,5,6
22216,4,9
22217,3,2
22218,1,3
22219,5,3
22220,1,7
22221,5,6
22222,1,1
22223,8,9
22224,4,0
22225,3,0
22226,3,2
22227,1,1
22228,1,7
22229,5,2
22230,2,9
22231,7,3
22232,1,2
22233,2,4
22234,7,3
22235,7,5
22236,9,2
22237,0,6
22238,7,3
22239,2,7
22240,8,6
22241,8,8
22242,2,4
22243,1,9
22244,8,5
22245,5,0
22246,4,9
22247,6,1
22248,6,1
22249,5,2
22250,1,7
22251,7,3
22252,3,2
22253,2,4
22254,4,0
22255,7,5
22256,1,9
22257,0,6
22258,5,6
22259,2,7
22260,5,6
22261,1,8
22262,2,4
22263,1,9
22264,7,5
22265,4,0
22266,1,8
22267,6,1
22268,8,5
22269,5,2
22270,4,0
22271,7,3
22272,8,5
22273,2,4
22274,1,8
22275,5,5
22276,4,4
22277,0,6
22278,1,2
22279,1,7
22280,3,2
22281,1,8
22282,0,6
22283,6,9
22284,1,2
22285,2,4
22286,1,8
22287,2,7
22288,4,0
22289,7,8
22290,1,8
22291,0,6
22292,1,8
22293,7,3
22294,7,0
22295,2,4
22296,2,9
22297,4,0
22298,5,6
22299,2,9
22300,1,7
22301,2,7
22302,8,5
22303,6,1
22304,7,3
22305,2,9
22306,4,0
22307,7,3
22308,3,8
22309,1,8
22310,7,5
22311,8,4
22312,8,9
22313,2,7
22314,1,7
22315,7,3
22316,1,9
22317,4,0
22318,7,3
22319,1,9
22320,8,8
22321,1,9
22322,7,3
22323,0,6
22324,1,8
22325,6,1
22326,1,7
22327,2,4
22328,1,1
22329,7,5
22330,1,1
22331,2,4
22332,2,9
22333,0,6
22334,1,9
22335,9,2
22336,4,7
22337,5,0
22338,2,9
22339,0,6
22340,1,9
22341,3,2
22342,2,7
22343,6,1
22344,4,0
22345,6,1
22346,1,7
22347,6,1
22348,1,7
22349,6,1
22350,1,7
22351,2,7
22352,4,0
22353,5,2
22354,5,5
22355,2,4
22356,9,2
22357,9,2
22358,1,2
22359,1,9
22360,0,6
22361,2,4
22362,4,0
22363,7,5
22364,4,0
22365,8,8
22366,1,3
22367,2,4
22368,3,2
22369,3,2
22370,1,1
22371,2,7
22372,1,4
22373,3,0
22374,7,3
22375,5,0
22376,5,2
22377,2,7
22378,4,0
22379,7,5
22380,7,5
22381,2,7
22382,7,5
22383,0,6
22384,0,6
22385,0,6
22386,9,2
22387,0,6
22388,4,9
22389,8,8
22390,4,9
22391,1,2
22392,1,7
22393,8,5
22394,2,4
22395,3,2
22396,7,5
22397,1,2
22398,6,1
22399,2,7
22400,2,4
22401,2,7
22402,1,4
22403,2,4
22404,1,3
22405,4,0
22406,2,9
22407,3,2
22408,7,3
22409,2,4
22410,1,1
22411,9,2
22412,8,1
22413,3,3
22414,3,2
22415,3,3
22416,1,7
22417,7,3
22418,6,4
22419,6,1
22420,1,7
22421,1,8
22422,5,6
22423,1,9
22424,5,6
22425,0,6
22426,7,5
22427,6,1
22428,8,5
22429,5,0
22430,4,0
22431,7,5
22432,4,0
22433,1,9
22434,2,4
22435,0,6
22436,3,0
22437,2,9
22438,1,8
22439,1,8
22440,7,0
22441,7,0
22442,9,2
22443,7,3
22444,4,0
22445,7,0
22446,9,2
22447,2,9
22448,0,6
22449,0,6
22450,2,9
22451,7,3
22452,1,1
22453,1,0
22454,1,7
22455,6,1
22456,2,4
22457,3,2
22458,8,9
22459,1,3
22460,3,3
22461,2,4
22462,1,1
22463,8,5
22464,6,1
22465,8,6
22466,1,1
22467,1,7
22468,1,3
22469,1,8
22470,7,5
22471,1,9
22472,2,4
22473,4,0
22474,1,3
22475,6,1
22476,6,1
22477,7,3
22478,1,1
22479,2,4
22480,0,4
22481,1,7
22482,4,4
22483,1,8
22484,7,8
22485,1,9
22486,9,2
22487,3,0
22488,1,3
22489,6,1
22490,1,1
22491,1,2
22492,7,3
22493,1,3
22494,1,8
22495,6,4
22496,7,3
22497,1,7
22498,4,7
22499,1,8
22500,3,2
22501,1,9
22502,6,1
22503,2,9
22504,2,4
22505,2,9
22506,7,5
22507,1,8
22508,7,5
22509,7,5
22510,4,0
22511,7,0
22512,1,1
22513,1,7
22514,4,9
22515,1,7
22516,9,2
22517,5,5
22518,2,4
22519,1,7
22520,0,6
22521,2,9
22522,7,3
22523,2,9
22524,3,2
22525,0,4
22526,1,8
22527,1,7
22528,2,7
22529,1,0
22530,1,7
22531,2,4
22532,7,8
22533,6,1
22534,1,7
22535,2,4
22536,1,3
22537,2,4
22538,1,1
22539,1,7
22540,1,9
22541,7,5
22542,7,3
22543,1,8
22544,8,4
22545,6,1
22546,1,7
22547,2,4
22548,3,2
22549,1,9
22550,0,6
22551,1,8
22552,4,9
22553,2,4
22554,3,2
22555,6,1
22556,7,5
22557,1,8
22558,9,2
22559,5,6
22560,1,1
22561,8,6
22562,7,6
22563,2,4
22564,4,4
22565,8,5
22566,8,5
22567,1,3
22568,4,8
22569,1,3
22570,1,7
22571,1,5
22572,1,4
22573,3,2
22574,0,4
22575,7,5
22576,1,9
22577,1,7
22578,7,3
22579,1,2
22580,2,4
22581,8,5
22582,1,1
22583,5,0
22584,2,4
22585,1,8
22586,1,1
22587,1,3
22588,4,7
22589,4,0
22590,2,4
22591,3,8
22592,5,6
22593,1,7
22594,6,2
22595,6,4
22596,4,0
22597,1,9
22598,7,3
22599,8,5
22600,0,6
22601,4,0
22602,0,4
22603,4,0
22604,7,8
22605,4,0
22606,3,2
22607,6,4
22608,1,7
22609,8,6
22610,1,9
22611,3,2
22612,3,2
22613,1,7
22614,2,4
22615,5,6
22616,5,6
22617,1,8
22618,8,6
22619,1,3
22620,3,2
22621,6,1
22622,8,5
22623,1,8
22624,1,2
22625,1,3
22626,1,7
22627,6,1
22628,1,1
22629,4,0
22630,2,4
22631,1,3
22632,1,1
22633,5,6
22634,4,0
22635,3,2
22636,4,0
22637,4,0
22638,7,5
22639,1,1
22640,5,0
22641,5,2
22642,1,1
22643,3,3
22644,6,1
22645,0,4
22646,4,0
22647,7,5
22648,1,9
22649,5,6
22650,5,5
22651,1,7
22652,2,4
22653,1,8
22654,8,6
22655,1,9
22656,6,1
22657,4,0
22658,4,0
22659,1,1
22660,4,4
22661,9,2
22662,1,7
22663,3,3
22664,1,9
22665,5,6
22666,9,4
22667,1,7
22668,7,3
22669,4,0
22670,0,4
22671,1,1
22672,8,9
22673,9,2
22674,1,3
22675,3,3
22676,0,4
22677,2,4
22678,1,9
22679,8,5
22680,8,5
22681,5,6
22682,1,8
22683,1,7
22684,4,9
22685,1,8
22686,7,5
22687,1,9
22688,3,2
22689,1,1
22690,5,6
22691,4,0
22692,8,9
22693,5,6
22694,2,4
22695,3,3
22696,3,2
22697,0,4
22698,5,6
22699,0,4
22700,6,1
22701,9,2
22702,0,6
22703,1,8
22704,7,5
22705,1,1
22706,4,0
22707,4,0
22708,7,3
22709,5,6
22710,4,0
22711,1,7
22712,1,2
22713,9,2
22714,2,4
22715,1,3
22716,0,6
22717,3,3
22718,5,6
22719,8,9
22720,5,5
22721,3,3
22722,1,4
22723,3,3
22724,7,8
22725,8,9
22726,9,2
22727,6,1
22728,7,3
22729,8,5
22730,3,3
22731,9,2
22732,7,5
22733,3,3
22734,7,5
22735,1,1
22736,7,5
22737,0,6
22738,1,3
22739,1,7
22740,1,7
22741,3,3
22742,3,2
22743,1,7
22744,4,0
22745,1,8
22746,5,5
22747,0,4
22748,6,1
22749,4,0
22750,1,4
22751,9,2
22752,4,0
22753,1,7
22754,1,7
22755,1,8
22756,8,5
22757,4,0
22758,5,6
22759,1,7
22760,1,8
22761,4,0
22762,4,9
22763,5,6
22764,4,0
22765,8,9
22766,2,4
22767,3,3
22768,2,4
22769,1,2
22770,7,3
22771,2,4
22772,4,9
22773,1,8
22774,4,4
22775,0,6
22776,6,1
22777,4,0
22778,3,2
22779,5,5
22780,1,9
22781,1,7
22782,2,9
22783,8,5
22784,7,8
22785,6,1
22786,4,4
22787,4,0
22788,1,1
22789,5,6
22790,1,7
22791,1,7
22792,3,2
22793,9,2
22794,1,1
22795,1,9
22796,2,7
22797,1,7
22798,1,1
22799,2,9
22800,3,2
22801,8,5
22802,8,5
22803,5,6
22804,1,9
22805,5,5
22806,5,6
22807,3,2
22808,7,8
22809,5,6
22810,7,8
22811,9,2
22812,1,1
22813,1,8
22814,0,6
22815,6,1
22816,4,0
22817,1,7
22818,2,4
22819,8,5
22820,5,6
22821,7,5
22822,8,5
22823,1,7
22824,7,9
22825,3,3
22826,1,7
22827,8,5
22828,1,1
22829,4,0
22830,4,6
22831,6,1
22832,4,0
22833,6,1
22834,5,6
22835,3,3
22836,1,7
22837,1,8
22838,9,4
22839,0,4
22840,0,6
22841,8,9
22842,1,9
22843,2,4
22844,6,1
22845,7,5
22846,8,5
22847,6,1
22848,6,1
22849,1,8
22850,1,1
22851,5,6
22852,5,2
22853,1,8
22854,1,9
22855,1,9
22856,3,2
22857,5,0
22858,2,7
22859,1,1
22860,4,0
22861,3,2
22862,4,7
22863,3,3
22864,3,2
22865,2,4
22866,8,5
22867,8,5
22868,1,1
22869,0,6
22870,1,7
22871,1,7
22872,0,6
22873,1,8
22874,4,0
22875,2,9
22876,2,7
22877,4,0
22878,9,2
22879,1,1
22880,1,7
22881,3,2
22882,4,0
22883,3,3
22884,1,2
22885,2,4
22886,4,0
22887,8,5
22888,1,1
22889,0,6
22890,1,9
22891,1,7
22892,1,1
22893,7,8
22894,7,3
22895,1,9
22896,6,1
22897,5,0
22898,4,9
22899,6,1
22900,3,2
22901,5,2
22902,1,9
22903,1,3
22904,0,6
22905,0,4
22906,3,3
22907,7,5
22908,8,6
22909,5,6
22910,4,0
22911,1,7
22912,4,0
22913,1,8
22914,1,1
22915,1,9
22916,1,1
22917,4,0
22918,7,5
22919,1,8
22920,8,5
22921,2,7
22922,5,2
22923,1,8
22924,8,8
22925,1,9
22926,1,1
22927,2,9
22928,6,1
22929,5,0
22930,9,2
22931,6,1
22932,4,0
22933,2,4
22934,1,8
22935,7,5
22936,5,6
22937,6,1
22938,4,0
22939,5,6
22940,5,6
22941,1,7
22942,8,5
22943,1,3
22944,5,6
22945,3,2
22946,7,3
22947,2,9
22948,4,9
22949,5,0
22950,1,7
22951,5,5
22952,1,1
22953,0,6
22954,4,0
22955,1,7
22956,6,1
22957,3,3
22958,3,2
22959,1,9
22960,2,4
22961,8,9
22962,0,6
22963,7,3
22964,5,3
22965,7,8
22966,1,8
22967,2,9
22968,2,4
22969,0,6
22970,4,4
22971,1,7
22972,1,1
22973,8,5
22974,4,4
22975,0,6
22976,3,8
22977,3,3
22978,4,0
22979,7,5
22980,4,4
22981,4,0
22982,8,6
22983,5,5
22984,1,7
22985,8,4
22986,0,6
22987,4,0
22988,0,4
22989,1,3
22990,3,2
22991,2,4
22992,0,4
22993,2,7
22994,5,2
22995,1,7
22996,7,3
22997,2,4
22998,9,2
22999,1,3
23000,4,7
23001,9,2
23002,1,7
23003,6,1
23004,7,8
23005,7,5
23006,7,5
23007,7,5
23008,1,8
23009,5,0
23010,1,7
23011,5,5
23012,6,1
23013,4,0
23014,2,4
23015,1,8
23016,2,9
23017,8,4
23018,3,2
23019,5,6
23020,5,2
23021,1,7
23022,7,3
23023,5,0
23024,7,3
23025,3,2
23026,3,2
23027,8,9
23028,3,2
23029,1,3
23030,1,1
23031,2,4
23032,4,0
23033,2,4
23034,1,1
23035,8,8
23036,1,1
23037,1,1
23038,3,2
23039,3,2
23040,3,2
23041,3,2
23042,4,9
23043,3,3
23044,4,0
23045,1,1
23046,3,3
23047,3,3
23048,1,8
23049,0,6
23050,5,6
23051,1,7
23052,1,8
23053,1,3
23054,1,7
23055,0,4
23056,1,1
23057,1,9
23058,1,2
23059,6,1
23060,4,0
23061,1,9
23062,4,9
23063,1,8
23064,1,8
23065,7,5
23066,7,5
23067,4,0
23068,4,7
23069,1,2
23070,4,7
23071,1,8
23072,5,6
23073,0,6
23074,1,7
23075,0,6
23076,7,3
23077,1,8
23078,7,8
23079,3,2
23080,9,2
23081,1,8
23082,1,2
23083,2,4
23084,1,9
23085,8,4
23086,5,8
23087,3,2
23088,4,0
23089,3,2
23090,4,9
23091,1,8
23092,1,8
23093,4,0
23094,1,7
23095,4,0
23096,4,4
23097,6,1
23098,5,6
23099,5,2
23100,7,9
23101,1,3
23102,4,9
23103,2,4
23104,5,0
23105,8,5
23106,9,2
23107,5,6
23108,4,0
23109,3,8
23110,5,6
23111,4,9
23112,1,8
23113,5,0
23114,9,2
23115,1,1
23116,7,3
23117,3,2
23118,6,1
23119,1,3
23120,4,0
23121,2,4
23122,2,4
23123,7,5
23124,4,0
23125,5,6
23126,5,6
23127,1,7
23128,1,9
23129,7,8
23130,3,3
23131,4,0
23132,1,1
23133,1,1
23134,1,1
23135,2,4
23136,4,0
23137,7,5
23138,1,2
23139,8,6
23140,5,7
23141,1,7
23142,1,1
23143,1,8
23144,7,3
23145,1,9
23146,8,5
23147,3,8
23148,0,6
23149,1,7
23150,2,4
23151,2,4
23152,2,4
23153,1,7
23154,4,0
23155,1,7
23156,7,3
23157,1,3
23158,7,5
23159,1,9
23160,6,1
23161,1,8
23162,1,2
23163,1,8
23164,1,7
23165,1,3
23166,8,9
23167,1,1
23168,5,6
23169,5,5
23170,8,9
23171,5,2
23172,4,0
23173,1,7
23174,4,4
23175,4,4
23176,6,1
23177,5,2
23178,2,7
23179,5,6
23180,7,8
23181,1,1
23182,1,1
23183,8,5
23184,1,8
23185,5,2
23186,5,6
23187,1,4
23188,0,4
23189,7,5
23190,7,8
23191,7,5
23192,1,7
23193,7,8
23194,3,2
23195,8,6
23196,0,4
23197,2,4
23198,8,6
23199,2,4
23200,7,5
23201,2,4
23202,3,3
23203,6,1
23204,1,1
23205,7,8
23206,1,3
23207,1,7
23208,0,4
23209,8,5
23210,4,0
23211,8,5
23212,4,9
23213,1,1
23214,1,1
23215,3,8
23216,3,2
23217,1,9
23218,3,3
23219,1,1
23220,1,7
23221,7,3
23222,1,2
23223,5,6
23224,4,9
23225,1,3
23226,7,5
23227,1,3
23228,5,6
23229,9,2
23230,1,7
23231,1,2
23232,1,8
23233,7,6
23234,4,9
23235,8,5
23236,8,6
23237,7,5
23238,6,1
23239,1,3
23240,1,1
23241,1,3
23242,1,3
23243,1,8
23244,5,6
23245,6,1
23246,1,7
23247,8,6
23248,1,7
23249,7,5
23250,4,0
23251,5,6
23252,8,5
23253,1,8
23254,1,1
23255,1,1
23256,5,6
23257,1,9
23258,5,6
23259,1,7
23260,2,7
23261,5,6
23262,4,9
23263,1,8
23264,7,5
23265,3,3
23266,2,9
23267,1,7
23268,3,2
23269,4,4
23270,4,4
23271,1,7
23272,0,4
23273,5,0
23274,2,4
23275,1,9
23276,0,4
23277,4,0
23278,4,9
23279,4,0
23280,6,1
23281,1,3
23282,1,8
23283,1,7
23284,0,6
23285,2,9
23286,2,4
23287,1,3
23288,1,8
23289,5,0
23290,1,1
23291,6,1
23292,4,7
23293,5,0
23294,1,3
23295,6,1
23296,7,8
23297,5,0
23298,7,3
23299,2,4
23300,1,8
23301,5,0
23302,1,1
23303,1,1
23304,1,3
23305,5,0
23306,4,4
23307,2,4
23308,1,1
23309,1,7
23310,9,2
23311,1,9
23312,7,5
23313,5,2
23314,1,9
23315,5,0
23316,1,8
23317,5,6
23318,1,1
23319,5,2
23320,1,3
23321,5,6
23322,7,3
23323,1,2
23324,7,5
23325,5,2
23326,0,4
23327,1,9
23328,7,8
23329,1,9
23330,9,2
23331,4,0
23332,7,5
23333,1,1
23334,1,7
23335,9,2
23336,8,5
23337,7,3
23338,7,3
23339,0,4
23340,1,1
23341,8,5
23342,6,1
23343,5,6
23344,1,3
23345,1,7
23346,8,6
23347,3,8
23348,1,1
23349,4,9
23350,8,8
23351,4,0
23352,1,7
23353,1,1
23354,0,6
23355,1,2
23356,5,6
23357,7,3
23358,8,6
23359,0,4
23360,1,7
23361,7,5
23362,4,0
23363,0,6
23364,3,2
23365,8,9
23366,1,9
23367,4,0
23368,1,8
23369,1,1
23370,9,2
23371,1,2
23372,4,0
23373,7,3
23374,4,9
23375,2,4
23376,7,8
23377,8,5
23378,4,0
23379,0,6
23380,4,0
23381,1,7
23382,1,1
23383,1,8
23384,7,5
23385,5,5
23386,1,7
23387,1,7
23388,9,7
23389,4,0
23390,6,1
23391,7,8
23392,7,5
23393,2,4
23394,0,6
23395,4,0
23396,6,1
23397,5,2
23398,1,8
23399,1,1
23400,8,8
23401,4,0
23402,1,7
23403,9,2
23404,1,1
23405,1,8
23406,8,4
23407,7,5
23408,1,8
23409,0,4
23410,3,2
23411,2,4
23412,1,3
23413,1,1
23414,1,8
23415,0,6
23416,5,6
23417,1,1
23418,7,5
23419,3,3
23420,4,9
23421,0,6
23422,7,8
23423,1,9
23424,8,5
23425,1,3
23426,7,8
23427,1,7
23428,1,8
23429,0,4
23430,1,7
23431,2,9
23432,2,4
23433,1,7
23434,5,5
23435,8,4
23436,1,8
23437,1,8
23438,8,5
23439,7,3
23440,1,8
23441,5,2
23442,1,7
23443,4,7
23444,6,1
23445,1,7
23446,1,9
23447,4,9
23448,7,8
23449,8,5
23450,8,6
23451,1,7
23452,7,5
23453,5,6
23454,4,0
23455,8,5
23456,7,8
23457,1,2
23458,7,8
23459,8,4
23460,3,2
23461,7,8
23462,1,1
23463,8,9
23464,4,0
23465,5,6
23466,1,8
23467,4,9
23468,5,2
23469,2,7
23470,1,1
23471,0,6
23472,9,2
23473,1,1
23474,1,4
23475,0,6
23476,0,6
23477,1,1
23478,0,4
23479,1,7
23480,8,9
23481,1,2
23482,7,3
23483,7,3
23484,2,4
23485,0,6
23486,5,4
23487,0,6
23488,3,3
23489,0,6
23490,7,3
23491,1,2
23492,1,1
23493,1,1
23494,3,2
23495,4,0
23496,7,5
23497,8,5
23498,1,1
23499,4,0
23500,5,6
23501,1,1
23502,1,9
23503,1,2
23504,4,0
23505,1,1
23506,4,0
23507,2,7
23508,8,5
23509,1,8
23510,7,8
23511,1,1
23512,4,9
23513,4,4
23514,7,5
23515,4,9
23516,7,5
23517,7,3
23518,7,5
23519,1,9
23520,1,2
23521,4,0
23522,1,8
23523,1,1
23524,1,8
23525,3,2
23526,1,7
23527,7,3
23528,4,4
23529,2,4
23530,6,1
23531,5,5
23532,1,1
23533,0,6
23534,4,7
23535,2,7
23536,4,0
23537,1,8
23538,2,4
23539,2,9
23540,1,7
23541,4,0
23542,4,9
23543,6,1
23544,7,5
23545,9,2
23546,5,5
23547,3,3
23548,8,9
23549,2,4
23550,7,5
23551,2,7
23552,1,9
23553,1,8
23554,1,1
23555,2,9
23556,7,3
23557,4,0
23558,5,6
23559,6,1
23560,1,8
23561,9,2
23562,1,8
23563,7,3
23564,3,2
23565,6,4
23566,8,6
23567,5,5
23568,7,5
23569,0,6
23570,2,7
23571,2,7
23572,3,3
23573,1,8
23574,2,9
23575,1,9
23576,1,1
23577,5,6
23578,1,2
23579,4,0
23580,8,4
23581,3,3
23582,7,8
23583,2,4
23584,5,2
23585,6,1
23586,4,0
23587,2,4
23588,1,7
23589,4,0
23590,4,7
23591,1,8
23592,2,4
23593,5,6
23594,5,6
23595,2,4
23596,2,4
23597,5,5
23598,4,0
23599,2,4
23600,8,6
23601,4,0
23602,1,8
23603,2,7
23604,1,1
23605,7,8
23606,4,0
23607,2,7
23608,2,4
23609,2,7
23610,3,2
23611,2,9
23612,1,1
23613,4,0
23614,1,1
23615,2,4
23616,4,0
23617,1,9
23618,2,4
23619,1,9
23620,8,5
23621,2,7
23622,5,6
23623,2,4
23624,4,9
23625,1,2
23626,0,6
23627,4,0
23628,0,6
23629,5,5
23630,7,5
23631,1,8
23632,8,5
23633,8,5
23634,7,3
23635,1,9
23636,4,4
23637,1,8
23638,2,9
23639,1,8
23640,7,5
23641,2,4
23642,1,2
23643,4,0
23644,4,4
23645,2,7
23646,5,6
23647,6,1
23648,4,4
23649,7,3
23650,1,8
23651,5,5
23652,3,2
23653,0,6
23654,0,6
23655,7,5
23656,1,1
23657,7,3
23658,2,4
23659,1,8
23660,1,1
23661,2,7
23662,4,0
23663,7,3
23664,6,4
23665,6,1
23666,2,7
23667,0,6
23668,7,5
23669,1,8
23670,2,4
23671,5,5
23672,7,3
23673,2,9
23674,1,8
23675,9,2
23676,7,5
23677,9,2
23678,1,7
23679,4,0
23680,1,8
23681,2,9
23682,4,9
23683,9,2
23684,4,7
23685,8,4
23686,1,7
23687,5,6
23688,5,6
23689,7,5
23690,7,5
23691,9,2
23692,4,4
23693,6,1
23694,5,6
23695,7,3
23696,4,4
23697,0,6
23698,2,7
23699,0,6
23700,3,3
23701,9,2
23702,1,8
23703,6,1
23704,1,7
23705,3,2
23706,0,6
23707,0,6
23708,1,7
23709,4,0
23710,8,9
23711,2,7
23712,3,3
23713,2,4
23714,0,4
23715,2,7
23716,6,2
23717,7,8
23718,1,2
23719,2,9
23720,0,6
23721,9,2
23722,7,5
23723,6,9
23724,5,3
23725,5,5
23726,1,7
23727,6,1
23728,4,0
23729,1,8
23730,5,3
23731,7,3
23732,1,9
23733,5,5
23734,7,5
23735,0,6
23736,7,5
23737,1,8
23738,9,9
23739,7,0
23740,6,1
23741,4,0
23742,5,6
23743,2,9
23744,1,9
23745,2,9
23746,5,5
23747,7,3
23748,8,9
23749,6,1
23750,1,8
23751,6,1
23752,4,7
23753,4,0
23754,4,0
23755,6,1
23756,1,1
23757,3,2
23758,4,6
23759,7,3
23760,1,7
23761,0,4
23762,6,1
23763,7,5
23764,5,2
23765,5,6
23766,5,6
23767,2,7
23768,7,8
23769,7,8
23770,9,2
23771,4,9
23772,4,9
23773,4,0
23774,8,6
23775,6,1
23776,9,2
23777,3,2
23778,3,3
23779,7,3
23780,5,6
23781,0,4
23782,1,7
23783,7,5
23784,1,7
23785,0,6
23786,4,0
23787,2,7
23788,8,1
23789,7,8
23790,9,6
23791,2,9
23792,7,5
23793,5,0
23794,3,2
23795,6,1
23796,7,3
23797,9,2
23798,1,7
23799,7,3
23800,3,2
23801,0,4
23802,1,7
23803,4,7
23804,1,8
23805,1,8
23806,8,5
23807,4,9
23808,8,5
23809,4,0
23810,7,3
23811,2,7
23812,7,3
23813,7,0
23814,1,2
23815,2,7
23816,4,9
23817,1,8
23818,6,1
23819,7,3
23820,7,3
23821,4,0
23822,1,1
23823,4,0
23824,1,5
23825,7,5
23826,3,2
23827,7,5
23828,4,0
23829,7,3
23830,5,6
23831,7,8
23832,7,5
23833,7,8
23834,2,4
23835,1,1
23836,7,5
23837,0,4
23838,4,9
23839,5,6
23840,1,7
23841,6,1
23842,4,0
23843,1,8
23844,1,1
23845,4,0
23846,1,2
23847,1,2
23848,1,8
23849,4,7
23850,5,6
23851,7,3
23852,6,1
23853,2,9
23854,6,1
23855,0,4
23856,4,0
23857,1,1
23858,7,5
23859,3,2
23860,7,3
23861,8,5
23862,6,1
23863,4,9
23864,1,9
23865,1,8
23866,3,3
23867,4,9
23868,1,9
23869,5,5
23870,8,5
23871,0,4
23872,1,1
23873,7,3
23874,7,5
23875,4,0
23876,4,9
23877,1,3
23878,4,4
23879,7,3
23880,4,9
23881,0,4
23882,4,0
23883,2,7
23884,4,0
23885,6,1
23886,6,1
23887,3,2
23888,7,3
23889,6,1
23890,1,8
23891,4,0
23892,1,1
23893,5,6
23894,1,2
23895,3,2
23896,4,4
23897,7,3
23898,5,6
23899,7,8
23900,5,6
23901,4,9
23902,4,7
23903,7,5
23904,0,4
23905,5,6
23906,7,5
23907,0,6
23908,1,1
23909,2,7
23910,1,1
23911,1,1
23912,7,5
23913,0,4
23914,4,0
23915,5,6
23916,3,2
23917,3,2
23918,8,5
23919,4,9
23920,8,5
23921,1,1
23922,5,6
23923,5,5
23924,5,6
23925,8,5
23926,4,0
23927,8,5
23928,7,5
23929,7,3
23930,1,8
23931,6,1
23932,1,7
23933,6,4
23934,3,2
23935,1,8
23936,0,4
23937,5,6
23938,7,5
23939,7,3
23940,4,0
23941,2,7
23942,1,2
23943,4,0
23944,4,9
23945,8,9
23946,1,7
23947,7,5
23948,1,8
23949,5,6
23950,2,9
23951,2,7
23952,1,2
23953,1,1
23954,1,1
23955,7,3
23956,5,4
23957,9,2
23958,0,6
23959,0,6
23960,6,1
23961,3,2
23962,3,3
23963,5,6
23964,7,8
23965,2,7
23966,1,8
23967,1,8
23968,6,7
23969,2,7
23970,1,1
23971,4,0
23972,7,5
23973,1,1
23974,2,4
23975,3,2
23976,8,9
23977,1,3
23978,1,7
23979,2,4
23980,4,0
23981,8,5
23982,1,2
23983,5,6
23984,1,1
23985,1,7
23986,1,3
23987,1,8
23988,4,0
23989,2,9
23990,4,9
23991,4,0
23992,0,4
23993,1,1
23994,1,2
23995,3,2
23996,7,5
23997,1,3
23998,2,9
23999,4,4
24000,1,8
24001,8,5
24002,7,8
24003,5,6
24004,8,5
24005,1,7
24006,1,9
24007,1,8
24008,1,7
24009,2,9
24010,5,2
24011,4,0
24012,3,2
24013,1,1
24014,3,2
24015,9,2
24016,5,6
24017,7,3
24018,2,4
24019,2,4
24020,6,1
24021,8,5
24022,4,7
24023,5,6
24024,4,0
24025,1,7
24026,1,8
24027,1,8
24028,7,3
24029,1,9
24030,5,6
24031,0,6
24032,2,4
24033,2,4
24034,4,0
24035,1,2
24036,3,2
24037,5,6
24038,1,1
24039,2,4
24040,2,7
24041,1,7
24042,7,3
24043,8,5
24044,4,7
24045,8,5
24046,7,8
24047,2,4
24048,3,8
24049,2,7
24050,9,2
24051,1,8
24052,2,4
24053,1,9
24054,2,9
24055,1,2
24056,1,5
24057,1,9
24058,0,6
24059,1,3
24060,3,2
24061,1,9
24062,7,9
24063,1,3
24064,1,7
24065,1,8
24066,7,3
24067,3,2
24068,7,5
24069,4,0
24070,1,1
24071,1,9
24072,4,0
24073,1,8
24074,5,6
24075,4,0
24076,4,4
24077,8,5
24078,3,0
24079,5,6
24080,1,1
24081,4,0
24082,2,9
24083,1,1
24084,0,4
24085,4,0
24086,1,1
24087,2,4
24088,1,7
24089,3,2
24090,6,1
24091,5,6
24092,1,9
24093,5,5
24094,1,7
24095,1,3
24096,9,2
24097,8,5
24098,9,2
24099,1,3
24100,8,5
24101,2,8
24102,1,1
24103,4,0
24104,1,3
24105,4,0
24106,7,5
24107,7,5
24108,1,8
24109,2,4
24110,1,8
24111,1,3
24112,1,8
24113,2,4
24114,2,4
24115,1,1
24116,1,2
24117,7,5
24118,3,2
24119,1,3
24120,4,4
24121,4,0
24122,8,1
24123,1,8
24124,1,2
24125,1,3
24126,1,1
24127,0,6
24128,7,5
24129,3,2
24130,7,8
24131,1,7
24132,7,3
24133,1,1
24134,5,8
24135,1,1
24136,1,1
24137,1,8
24138,1,7
24139,1,1
24140,1,7
24141,1,7
24142,7,3
24143,1,1
24144,7,3
24145,1,3
24146,5,6
24147,1,8
24148,4,0
24149,8,5
24150,1,8
24151,4,0
24152,3,2
24153,1,9
24154,4,4
24155,4,7
24156,4,9
24157,5,6
24158,5,6
24159,1,7
24160,1,8
24161,2,4
24162,0,6
24163,1,1
24164,1,9
24165,5,6
24166,7,5
24167,1,8
24168,6,1
24169,2,4
24170,7,5
24171,1,7
24172,1,7
24173,8,5
24174,4,4
24175,6,1
24176,7,3
24177,9,2
24178,4,9
24179,5,6
24180,7,5
24181,4,7
24182,3,2
24183,1,1
24184,0,6
24185,1,9
24186,1,7
24187,1,8
24188,4,0
24189,4,0
24190,1,8
24191,5,6
24192,1,4
24193,2,9
24194,1,9
24195,2,4
24196,1,3
24197,1,9
24198,3,2
24199,1,9
24200,2,7
24201,5,6
24202,8,5
24203,9,2
24204,7,3
24205,1,3
24206,3,2
24207,1,7
24208,1,1
24209,1,1
24210,4,9
24211,1,9
24212,4,0
24213,5,2
24214,0,6
24215,3,2
24216,1,1
24217,8,5
24218,3,3
24219,7,3
24220,5,6
24221,4,7
24222,1,1
24223,1,8
24224,8,6
24225,5,0
24226,3,2
24227,6,1
24228,1,7
24229,9,2
24230,4,9
24231,3,3
24232,7,5
24233,6,4
24234,7,8
24235,5,5
24236,1,7
24237,5,6
24238,5,2
24239,2,7
24240,1,8
24241,1,8
24242,0,6
24243,1,9
24244,9,4
24245,5,0
24246,2,9
24247,6,1
24248,7,3
24249,9,2
24250,8,5
24251,7,3
24252,7,5
24253,2,4
24254,2,7
24255,5,5
24256,7,8
24257,5,6
24258,0,4
24259,2,7
24260,1,7
24261,8,8
24262,2,4
24263,1,9
24264,7,3
24265,5,0
24266,5,6
24267,6,1
24268,5,0
24269,1,2
24270,1,9
24271,7,3
24272,0,4
24273,2,4
24274,2,4
24275,5,5
24276,5,0
24277,5,6
24278,1,3
24279,6,1
24280,4,7
24281,3,3
24282,2,4
24283,8,5
24284,1,3
24285,1,9
24286,5,6
24287,0,4
24288,1,1
24289,6,1
24290,9,2
24291,2,7
24292,6,4
24293,6,1
24294,3,3
24295,6,4
24296,4,4
24297,1,8
24298,0,4
24299,7,3
24300,4,9
24301,1,8
24302,8,4
24303,9,2
24304,5,6
24305,1,9
24306,1,1
24307,7,3
24308,4,0
24309,1,8
24310,5,5
24311,8,8
24312,7,8
24313,1,9
24314,4,7
24315,2,7
24316,2,4
24317,7,5
24318,7,5
24319,1,9
24320,4,0
24321,1,2
24322,6,1
24323,5,5
24324,7,5
24325,2,7
24326,1,3
24327,2,4
24328,1,1
24329,6,1
24330,7,5
24331,1,2
24332,7,5
24333,7,3
24334,4,4
24335,5,5
24336,7,3
24337,1,9
24338,7,3
24339,6,1
24340,4,4
24341,6,1
24342,5,6
24343,4,0
24344,1,8
24345,4,0
24346,4,0
24347,5,2
24348,4,0
24349,1,8
24350,7,3
24351,2,7
24352,1,1
24353,5,5
24354,3,3
24355,6,1
24356,7,3
24357,6,1
24358,7,3
24359,1,8
24360,5,2
24361,5,5
24362,1,7
24363,8,6
24364,1,7
24365,2,4
24366,1,1
24367,4,0
24368,1,1
24369,7,3
24370,1,8
24371,4,0
24372,1,7
24373,3,3
24374,7,5
24375,2,7
24376,1,1
24377,5,6
24378,2,4
24379,1,9
24380,0,6
24381,1,2
24382,1,7
24383,5,6
24384,1,7
24385,5,6
24386,7,3
24387,1,9
24388,4,0
24389,4,0
24390,3,2
24391,0,4
24392,0,6
24393,4,0
24394,7,5
24395,5,6
24396,7,8
24397,6,1
24398,1,9
24399,4,0
24400,3,3
24401,2,9
24402,7,5
24403,5,5
24404,1,8
24405,6,1
24406,3,2
24407,3,3
24408,7,5
24409,2,7
24410,1,8
24411,5,6
24412,1,7
24413,1,9
24414,7,3
24415,1,7
24416,1,8
24417,3,3
24418,1,2
24419,4,0
24420,4,9
24421,5,5
24422,3,8
24423,5,6
24424,1,1
24425,3,2
24426,7,5
24427,3,2
24428,5,6
24429,4,0
24430,5,2
24431,1,1
24432,8,4
24433,5,2
24434,1,7
24435,7,3
24436,6,1
24437,0,4
24438,5,6
24439,7,5
24440,1,0
24441,0,6
24442,7,3
24443,1,7
24444,4,0
24445,5,0
24446,1,3
24447,1,1
24448,7,3
24449,5,2
24450,1,2
24451,7,3
24452,5,3
24453,5,6
24454,1,9
24455,1,7
24456,2,4
24457,1,8
24458,5,6
24459,1,9
24460,1,8
24461,1,1
24462,9,2
24463,4,0
24464,1,7
24465,6,1
24466,1,1
24467,5,2
24468,4,9
24469,3,3
24470,1,1
24471,0,4
24472,4,4
24473,5,5
24474,0,6
24475,5,6
24476,4,0
24477,1,7
24478,8,9
24479,3,8
24480,4,0
24481,7,3
24482,8,9
24483,6,1
24484,3,2
24485,5,2
24486,5,6
24487,1,1
24488,0,6
24489,8,9
24490,7,5
24491,5,2
24492,7,5
24493,0,4
24494,2,9
24495,4,0
24496,8,9
24497,8,9
24498,7,8
24499,8,9
24500,2,7
24501,3,3
24502,1,7
24503,1,7
24504,8,5
24505,1,7
24506,2,4
24507,8,9
24508,4,9
24509,1,1
24510,4,0
24511,0,4
24512,1,3
24513,5,2
24514,8,4
24515,1,7
24516,7,5
24517,5,2
24518,4,7
24519,8,5
24520,9,2
24521,1,8
24522,5,6
24523,5,6
24524,7,3
24525,5,0
24526,5,6
24527,0,4
24528,7,3
24529,4,0
24530,2,4
24531,7,3
24532,7,3
24533,9,8
24534,7,8
24535,1,1
24536,1,1
24537,5,0
24538,2,9
24539,3,3
24540,4,7
24541,5,0
24542,8,4
24543,0,4
24544,1,7
24545,1,7
24546,9,2
24547,0,4
24548,1,7
24549,2,9
24550,2,7
24551,5,2
24552,1,2
24553,2,9
24554,5,6
24555,1,1
24556,1,9
24557,5,2
24558,3,8
24559,7,5
24560,7,3
24561,1,7
24562,7,8
24563,1,1
24564,1,1
24565,1,7
24566,4,9
24567,1,1
24568,4,7
24569,0,6
24570,1,2
24571,1,7
24572,1,7
24573,7,3
24574,7,5
24575,7,3
24576,5,6
24577,0,6
24578,1,8
24579,5,5
24580,1,1
24581,0,6
24582,3,2
24583,1,7
24584,7,3
24585,5,6
24586,1,8
24587,9,8
24588,4,9
24589,9,8
24590,2,4
24591,3,2
24592,5,6
24593,1,9
24594,4,9
24595,7,5
24596,4,9
24597,3,3
24598,3,8
24599,1,7
24600,1,8
24601,0,4
24602,9,2
24603,3,3
24604,0,4
24605,4,0
24606,1,1
24607,2,4
24608,7,5
24609,0,6
24610,7,3
24611,0,6
24612,5,2
24613,8,9
24614,7,5
24615,4,0
24616,9,6
24617,6,1
24618,9,2
24619,1,1
24620,9,9
24621,7,3
24622,5,6
24623,5,2
24624,1,1
24625,6,1
24626,6,1
24627,5,0
24628,1,1
24629,4,0
24630,7,5
24631,6,1
24632,5,2
24633,1,2
24634,1,1
24635,7,3
24636,4,0
24637,1,4
24638,5,6
24639,1,7
24640,4,0
24641,7,8
24642,4,4
24643,8,9
24644,4,7
24645,4,0
24646,1,8
24647,6,1
24648,2,4
24649,1,2
24650,7,5
24651,1,3
24652,1,7
24653,1,4
24654,1,8
24655,1,7
24656,5,6
24657,7,8
24658,7,8
24659,4,9
24660,8,5
24661,4,0
24662,1,7
24663,6,1
24664,1,8
24665,1,2
24666,7,5
24667,1,3
24668,1,4
24669,1,4
24670,4,7
24671,8,5
24672,1,3
24673,5,6
24674,1,2
24675,1,7
24676,4,0
24677,7,8
24678,1,1
24679,1,8
24680,7,3
24681,4,0
24682,4,7
24683,7,5
24684,1,9
24685,5,6
24686,7,8
24687,5,6
24688,1,1
24689,4,0
24690,3,2
24691,7,8
24692,1,7
24693,4,0
24694,2,9
24695,1,2
24696,5,0
24697,1,3
24698,4,0
24699,1,7
24700,1,7
24701,8,9
24702,1,7
24703,1,4
24704,4,9
24705,1,7
24706,4,0
24707,6,1
24708,7,5
24709,1,7
24710,1,1
24711,6,1
24712,4,9
24713,1,4
24714,1,1
24715,7,0
24716,7,5
24717,4,0
24718,7,5
24719,1,4
24720,8,8
24721,1,1
24722,1,2
24723,1,7
24724,1,2
24725,8,5
24726,9,6
24727,1,7
24728,3,2
24729,1,1
24730,7,5
24731,1,3
24732,3,2
24733,1,3
24734,9,4
24735,1,3
24736,4,9
24737,1,1
24738,1,1
24739,0,6
24740,5,8
24741,1,9
24742,1,7
24743,1,7
24744,2,4
24745,2,4
24746,9,2
24747,1,3
24748,3,3
24749,5,0
24750,0,6
24751,3,2
24752,5,2
24753,5,6
24754,5,6
24755,4,0
24756,2,9
24757,1,8
24758,5,4
24759,1,9
24760,7,8
24761,1,4
24762,1,1
24763,1,3
24764,0,6
24765,7,5
24766,2,4
24767,1,4
24768,7,8
24769,1,8
24770,3,3
24771,6,1
24772,1,3
24773,7,5
24774,0,6
24775,8,9
24776,4,0
24777,4,0
24778,7,5
24779,5,6
24780,7,3
24781,1,4
24782,1,1
24783,1,3
24784,7,3
24785,5,6
24786,1,2
24787,7,3
24788,1,7
24789,1,3
24790,5,2
24791,1,8
24792,8,5
24793,6,1
24794,3,2
24795,1,4
24796,9,2
24797,1,7
24798,4,4
24799,8,5
24800,1,1
24801,1,7
24802,0,6
24803,1,2
24804,0,6
24805,1,2
24806,1,8
24807,4,0
24808,1,1
24809,7,0
24810,4,4
24811,6,1
24812,8,5
24813,1,7
24814,1,1
24815,1,7
24816,1,7
24817,8,9
24818,1,7
24819,8,5
24820,7,5
24821,1,9
24822,2,4
24823,1,8
24824,6,1
24825,2,9
24826,1,8
24827,5,6
24828,1,0
24829,1,8
24830,1,7
24831,1,8
24832,5,6
24833,1,2
24834,6,1
24835,1,3
24836,1,2
24837,0,6
24838,6,1
24839,6,1
24840,4,0
24841,3,2
24842,4,0
24843,1,9
24844,3,2
24845,1,8
24846,4,0
24847,8,5
24848,1,1
24849,1,2
24850,1,3
24851,5,6
24852,7,8
24853,3,2
24854,7,5
24855,1,4
24856,4,0
24857,1,8
24858,4,0
24859,8,5
24860,4,9
24861,4,0
24862,1,2
24863,6,1
24864,5,5
24865,9,2
24866,0,4
24867,7,3
24868,7,3
24869,2,4
24870,1,3
24871,5,6
24872,4,0
24873,1,7
24874,2,4
24875,1,8
24876,3,2
24877,7,0
24878,2,7
24879,6,1
24880,4,4
24881,9,2
24882,1,7
24883,7,3
24884,1,7
24885,2,4
24886,1,3
24887,7,5
24888,1,1
24889,1,8
24890,7,5
24891,1,9
24892,4,0
24893,4,0
24894,2,4
24895,1,1
24896,4,0
24897,9,2
24898,4,9
24899,1,3
24900,6,1
24901,2,4
24902,4,9
24903,8,5
24904,1,1
24905,0,6
24906,1,3
24907,1,7
24908,7,5
24909,1,8
24910,7,5
24911,1,9
24912,2,4
24913,4,0
24914,1,9
24915,6,1
24916,2,9
24917,1,7
24918,1,1
24919,1,9
24920,2,9
24921,7,5
24922,9,4
24923,6,1
24924,1,1
24925,1,8
24926,8,8
24927,1,9
24928,4,7
24929,0,4
24930,1,1
24931,7,3
24932,1,1
24933,1,1
24934,4,6
24935,1,7
24936,4,9
24937,1,8
24938,4,7
24939,5,2
24940,4,0
24941,2,4
24942,4,9
24943,3,3
24944,9,6
24945,8,6
24946,1,9
24947,1,9
24948,5,6
24949,1,9
24950,1,8
24951,5,5
24952,4,0
24953,1,8
24954,7,8
24955,0,6
24956,2,9
24957,0,6
24958,1,1
24959,1,8
24960,7,5
24961,9,2
24962,4,0
24963,5,6
24964,1,7
24965,7,3
24966,1,1
24967,1,9
24968,1,2
24969,3,3
24970,6,1
24971,5,2
24972,3,2
24973,6,1
24974,1,1
24975,1,7
24976,9,4
24977,0,4
24978,4,0
24979,1,8
24980,0,4
24981,1,8
24982,1,2
24983,1,9
24984,1,7
24985,4,0
24986,2,4
24987,7,3
24988,4,0
24989,3,3
24990,7,7
24991,2,9
24992,4,4
24993,5,0
24994,1,7
24995,7,5
24996,1,1
24997,3,2
24998,4,9
24999,1,9
25000,1,3
25001,6,4
25002,7,5
25003,6,1
25004,5,2
25005,4,0
25006,2,4
25007,7,3
25008,1,8
25009,1,7
25010,0,6
25011,1,7
25012,1,8
25013,1,7
25014,9,4
25015,1,8
25016,1,8
25017,3,2
25018,1,8
25019,2,9
25020,3,2
25021,1,7
25022,4,0
25023,5,5
25024,4,0
25025,8,5
25026,1,7
25027,6,1
25028,7,3
25029,3,2
25030,5,6
25031,0,6
25032,7,3
25033,3,3
25034,1,3
25035,0,6
25036,1,1
25037,0,6
25038,3,2
25039,5,0
25040,7,3
25041,9,2
25042,1,1
25043,1,8
25044,8,9
25045,6,1
25046,1,9
25047,0,6
25048,2,4
25049,6,1
25050,2,4
25051,5,0
25052,1,1
25053,2,4
25054,6,1
25055,3,3
25056,2,4
25057,1,1
25058,1,7
25059,0,6
25060,1,7
25061,6,1
25062,1,7
25063,1,9
25064,1,1
25065,4,0
25066,7,5
25067,1,1
25068,8,6
25069,9,2
25070,1,7
25071,3,3
25072,1,8
25073,2,4
25074,1,8
25075,7,5
25076,5,6
25077,5,6
25078,3,3
25079,2,7
25080,7,5
25081,7,8
25082,4,0
25083,4,9
25084,8,5
25085,4,0
25086,2,4
25087,1,1
25088,1,2
25089,9,2
25090,0,6
25091,7,3
25092,1,0
25093,2,4
25094,3,3
25095,4,7
25096,7,5
25097,3,8
25098,0,6
25099,1,9
25100,4,4
25101,4,0
25102,5,6
25103,6,1
25104,5,6
25105,9,2
25106,7,3
25107,3,3
25108,0,6
25109,2,4
25110,2,7
25111,5,5
25112,1,1
25113,0,6
25114,2,4
25115,2,7
25116,1,3
25117,1,8
25118,1,1
25119,2,9
25120,7,8
25121,2,7
25122,1,2
25123,2,7
25124,1,1
25125,2,7
25126,1,7
25127,7,3
25128,4,7
25129,1,1
25130,1,7
25131,3,8
25132,7,8
25133,2,7
25134,4,9
25135,5,6
25136,3,2
25137,5,0
25138,1,2
25139,3,2
25140,1,7
25141,5,6
25142,5,6
25143,1,8
25144,5,5
25145,7,3
25146,7,8
25147,9,2
25148,5,2
25149,3,8
25150,1,2
25151,1,1
25152,4,0
25153,1,1
25154,8,4
25155,2,7
25156,1,2
25157,3,2
25158,8,5
25159,5,0
25160,1,7
25161,2,7
25162,9,4
25163,1,1
25164,7,3
25165,5,6
25166,4,0
25167,4,0
25168,1,9
25169,2,4
25170,0,4
25171,5,6
25172,7,3
25173,2,4
25174,7,3
25175,2,4
25176,4,4
25177,7,5
25178,7,5
25179,1,8
25180,9,4
25181,4,0
25182,4,4
25183,5,6
25184,2,4
25185,9,2
25186,7,8
25187,3,3
25188,2,4
25189,6,1
25190,7,5
25191,7,3
25192,5,5
25193,0,6
25194,4,4
25195,1,8
25196,6,1
25197,6,4
25198,7,5
25199,4,0
25200,1,7
25201,4,7
25202,6,1
25203,5,5
25204,0,6
25205,1,8
25206,4,0
25207,7,8
25208,7,3
25209,7,3
25210,3,3
25211,2,7
25212,1,9
25213,1,8
25214,4,0
25215,4,9
25216,8,9
25217,3,2
25218,9,4
25219,5,6
25220,1,2
25221,9,2
25222,1,3
25223,7,5
25224,7,9
25225,7,3
25226,5,6
25227,1,1
25228,1,8
25229,2,7
25230,1,1
25231,7,3
25232,1,8
25233,2,9
25234,4,4
25235,6,1
25236,7,8
25237,4,9
25238,3,2
25239,4,9
25240,7,5
25241,0,6
25242,4,7
25243,4,0
25244,1,1
25245,7,3
25246,5,2
25247,2,9
25248,2,9
25249,3,2
25250,7,8
25251,1,8
25252,4,0
25253,6,1
25254,7,8
25255,2,4
25256,7,8
25257,3,3
25258,4,9
25259,5,5
25260,4,4
25261,3,2
25262,7,8
25263,2,9
25264,6,1
25265,9,2
25266,1,3
25267,2,9
25268,1,1
25269,6,1
25270,0,6
25271,0,6
25272,3,2
25273,5,5
25274,1,1
25275,1,8
25276,1,8
25277,1,9
25278,4,0
25279,2,4
25280,8,9
25281,3,2
25282,3,3
25283,8,5
25284,7,3
25285,5,0
25286,1,7
25287,1,1
25288,8,4
25289,1,2
25290,4,0
25291,1,3
25292,4,4
25293,2,4
25294,3,2
25295,7,5
25296,1,3
25297,5,6
25298,1,9
25299,1,7
25300,4,7
25301,3,8
25302,1,1
25303,1,9
25304,4,0
25305,4,0
25306,8,6
25307,1,1
25308,1,7
25309,5,2
25310,1,1
25311,1,3
25312,4,0
25313,2,4
25314,1,7
25315,7,5
25316,5,6
25317,5,6
25318,1,2
25319,1,7
25320,1,8
25321,3,8
25322,6,1
25323,1,9
25324,1,1
25325,4,0
25326,4,8
25327,1,1
25328,1,3
25329,1,2
25330,7,5
25331,7,3
25332,5,2
25333,2,4
25334,4,4
25335,7,5
25336,1,1
25337,5,6
25338,0,6
25339,1,7
25340,0,6
25341,7,8
25342,7,5
25343,4,9
25344,4,0
25345,5,6
25346,1,3
25347,2,4
25348,1,7
25349,5,2
25350,4,7
25351,5,6
25352,1,1
25353,2,4
25354,6,1
25355,1,7
25356,7,5
25357,7,5
25358,0,6
25359,7,5
25360,7,8
25361,2,4
25362,1,8
25363,1,7
25364,1,1
25365,7,8
25366,4,0
25367,2,9
25368,8,6
25369,1,2
25370,1,7
25371,4,9
25372,2,9
25373,7,3
25374,5,6
25375,4,9
25376,8,9
25377,7,3
25378,2,4
25379,7,8
25380,2,4
25381,9,2
25382,0,4
25383,4,0
25384,7,5
25385,1,9
25386,4,0
25387,5,8
25388,1,8
25389,4,0
25390,4,0
25391,5,5
25392,1,7
25393,5,6
25394,1,1
25395,4,0
25396,2,4
25397,1,1
25398,7,3
25399,4,0
25400,7,8
25401,2,4
25402,7,5
25403,1,2
25404,2,9
25405,5,6
25406,3,2
25407,7,5
25408,4,0
25409,7,3
25410,4,4
25411,7,5
25412,1,2
25413,7,3
25414,1,1
25415,7,8
25416,1,1
25417,1,3
25418,1,8
25419,2,4
25420,4,0
25421,1,1
25422,0,6
25423,7,5
25424,0,6
25425,7,3
25426,1,7
25427,4,0
25428,1,1
25429,7,8
25430,5,6
25431,7,3
25432,4,9
25433,4,0
25434,6,1
25435,5,6
25436,6,1
25437,1,2
25438,1,4
25439,1,7
25440,7,5
25441,1,1
25442,1,2
25443,1,1
25444,1,7
25445,7,8
25446,4,9
25447,1,1
25448,6,1
25449,1,7
25450,1,1
25451,1,1
25452,1,7
25453,7,3
25454,1,3
25455,7,8
25456,4,0
25457,7,5
25458,1,7
25459,1,2
25460,4,0
25461,4,0
25462,0,6
25463,1,9
25464,1,8
25465,1,7
25466,5,5
25467,5,6
25468,7,5
25469,1,7
25470,2,4
25471,2,4
25472,4,9
25473,1,1
25474,1,1
25475,5,6
25476,6,2
25477,1,8
25478,1,9
25479,1,4
25480,5,3
25481,1,7
25482,6,8
25483,7,5
25484,0,4
25485,1,1
25486,1,8
25487,3,2
25488,4,4
25489,5,6
25490,0,4
25491,1,7
25492,9,2
25493,4,9
25494,7,5
25495,4,8
25496,1,1
25497,4,0
25498,1,4
25499,5,6
25500,1,7
25501,4,9
25502,4,9
25503,2,4
25504,1,1
25505,5,6
25506,2,7
25507,1,2
25508,8,5
25509,1,3
25510,3,2
25511,1,7
25512,4,0
25513,1,1
25514,1,8
25515,1,9
25516,1,2
25517,3,2
25518,4,0
25519,3,2
25520,5,6
25521,7,5
25522,1,7
25523,7,3
25524,6,1
25525,1,7
25526,1,2
25527,7,8
25528,7,9
25529,4,0
25530,9,2
25531,1,1
25532,2,9
25533,3,2
25534,8,4
25535,3,3
25536,7,3
25537,1,1
25538,7,3
25539,5,5
25540,6,1
25541,0,6
25542,4,0
25543,1,7
25544,1,8
25545,1,8
25546,5,8
25547,4,0
25548,1,2
25549,1,1
25550,0,4
25551,3,2
25552,1,3
25553,3,3
25554,1,7
25555,2,4
25556,7,8
25557,7,5
25558,0,4
25559,5,6
25560,7,5
25561,1,7
25562,1,9
25563,1,8
25564,5,2
25565,1,9
25566,5,5
25567,4,0
25568,1,8
25569,1,1
25570,9,2
25571,9,2
25572,5,6
25573,3,3
25574,9,2
25575,2,4
25576,7,0
25577,5,5
25578,1,7
25579,5,6
25580,7,5
25581,1,7
25582,1,8
25583,1,8
25584,4,0
25585,1,9
25586,3,3
25587,1,8
25588,7,5
25589,1,9
25590,1,3
25591,9,2
25592,1,8
25593,5,6
25594,2,7
25595,6,1
25596,1,1
25597,2,7
25598,8,5
25599,0,6
25600,1,1
25601,7,3
25602,2,4
25603,7,5
25604,0,4
25605,2,4
25606,1,1
25607,1,8
25608,5,6
25609,5,2
25610,1,7
25611,5,6
25612,4,4
25613,2,4
25614,8,6
25615,4,7
25616,4,4
25617,3,2
25618,3,2
25619,7,3
25620,7,8
25621,2,4
25622,7,5
25623,7,5
25624,1,9
25625,2,9
25626,3,0
25627,9,2
25628,1,1
25629,5,0
25630,3,3
25631,7,3
25632,1,2
25633,4,9
25634,4,9
25635,2,4
25636,5,6
25637,1,9
25638,5,6
25639,1,7
25640,4,9
25641,7,3
25642,1,7
25643,1,9
25644,4,4
25645,7,3
25646,5,6
25647,1,8
25648,1,9
25649,4,7
25650,4,0
25651,6,1
25652,4,9
25653,2,4
25654,7,5
25655,4,9
25656,2,4
25657,1,8
25658,1,2
25659,7,5
25660,2,4
25661,7,8
25662,2,4
25663,3,2
25664,4,9
25665,5,6
25666,6,1
25667,1,9
25668,9,4
25669,5,5
25670,4,4
25671,3,3
25672,9,2
25673,0,6
25674,1,8
25675,7,5
25676,4,0
25677,3,2
25678,5,5
25679,7,5
25680,5,6
25681,1,7
25682,4,4
25683,9,2
25684,5,6
25685,3,3
25686,1,8
25687,1,1
25688,3,3
25689,3,3
25690,4,0
25691,9,2
25692,7,8
25693,1,7
25694,4,0
25695,3,3
25696,6,1
25697,1,1
25698,2,9
25699,4,9
25700,3,2
25701,4,0
25702,1,1
25703,1,1
25704,1,1
25705,1,7
25706,4,9
25707,4,0
25708,7,3
25709,1,8
25710,1,8
25711,5,5
25712,2,9
25713,5,6
25714,4,0
25715,1,8
25716,9,7
25717,9,2
25718,1,2
25719,1,1
25720,7,5
25721,3,3
25722,2,4
25723,7,5
25724,1,1
25725,4,0
25726,7,5
25727,1,7
25728,3,3
25729,4,0
25730,5,6
25731,1,8
25732,5,2
25733,1,7
25734,1,1
25735,9,2
25736,7,8
25737,2,4
25738,8,5
25739,2,4
25740,1,3
25741,1,8
25742,5,6
25743,4,0
25744,6,1
25745,1,1
25746,7,3
25747,5,5
25748,1,7
25749,1,1
25750,4,0
25751,6,1
25752,1,2
25753,5,6
25754,4,0
25755,4,0
25756,1,7
25757,4,0
25758,6,1
25759,2,4
25760,4,4
25761,1,9
25762,8,5
25763,7,8
25764,6,1
25765,5,5
25766,1,8
25767,6,1
25768,1,3
25769,5,6
25770,5,6
25771,5,6
25772,2,4
25773,5,0
25774,1,1
25775,1,7
25776,7,8
25777,5,6
25778,7,5
25779,6,1
25780,9,2
25781,6,1
25782,2,7
25783,3,0
25784,4,4
25785,1,1
25786,1,1
25787,1,2
25788,1,7
25789,7,3
25790,8,4
25791,2,4
25792,1,7
25793,8,5
25794,6,1
25795,5,6
25796,1,8
25797,2,7
25798,8,6
25799,1,8
25800,5,1
25801,2,9
25802,1,3
25803,3,0
25804,3,2
25805,1,1
25806,4,7
25807,9,2
25808,1,7
25809,7,3
25810,4,9
25811,2,4
25812,1,1
25813,8,5
25814,4,0
25815,0,6
25816,4,7
25817,1,7
25818,4,0
25819,1,8
25820,7,3
25821,2,9
25822,1,1
25823,7,0
25824,1,9
25825,1,1
25826,0,4
25827,1,2
25828,8,9
25829,7,3
25830,1,7
25831,2,4
25832,8,5
25833,1,7
25834,5,6
25835,1,8
25836,4,0
25837,8,9
25838,1,2
25839,4,0
25840,7,5
25841,2,7
25842,1,1
25843,1,8
25844,4,4
25845,2,4
25846,4,4
25847,8,1
25848,4,4
25849,1,8
25850,1,7
25851,1,8
25852,4,9
25853,1,1
25854,1,2
25855,1,3
25856,4,4
25857,1,1
25858,6,1
25859,1,8
25860,8,6
25861,7,3
25862,4,7
25863,4,7
25864,1,1
25865,2,9
25866,2,4
25867,7,3
25868,1,7
25869,2,4
25870,7,8
25871,2,7
25872,2,9
25873,1,8
25874,1,9
25875,2,4
25876,6,1
25877,2,7
25878,4,4
25879,1,8
25880,3,3
25881,2,9
25882,7,3
25883,1,3
25884,9,4
25885,1,1
25886,7,5
25887,2,4
25888,1,7
25889,0,6
25890,1,8
25891,8,5
25892,4,0
25893,5,6
25894,2,4
25895,2,7
25896,7,3
25897,1,7
25898,1,1
25899,1,1
25900,8,9
25901,0,6
25902,5,2
25903,0,4
25904,1,7
25905,2,9
25906,8,6
25907,1,2
25908,4,6
25909,2,9
25910,5,1
25911,7,3
25912,3,2
25913,8,5
25914,4,0
25915,7,3
25916,9,2
25917,5,6
25918,1,1
25919,4,0
25920,1,2
25921,4,0
25922,7,3
25923,1,2
25924,7,3
25925,2,4
25926,1,7
25927,3,2
25928,5,0
25929,2,7
25930,5,5
25931,2,4
25932,4,0
25933,2,9
25934,1,1
25935,8,5
25936,7,5
25937,6,1
25938,2,4
25939,3,2
25940,1,1
25941,7,3
25942,4,0
25943,0,6
25944,5,6
25945,8,1
25946,7,9
25947,1,8
25948,1,1
25949,1,3
25950,7,3
25951,1,8
25952,4,0
25953,4,0
25954,7,5
25955,7,3
25956,2,4
25957,4,0
25958,7,5
25959,0,6
25960,4,4
25961,1,1
25962,5,6
25963,0,6
25964,1,7
25965,1,9
25966,7,5
25967,8,5
25968,1,8
25969,2,9
25970,1,1
25971,8,4
25972,1,7
25973,7,5
25974,3,2
25975,1,8
25976,7,8
25977,5,6
25978,4,0
25979,2,7
25980,4,0
25981,1,1
25982,1,7
25983,1,1
25984,7,8
25985,2,7
25986,3,8
25987,4,0
25988,7,8
25989,1,1
25990,2,4
25991,1,2
25992,0,6
25993,3,3
25994,1,2
25995,1,4
25996,7,3
25997,7,5
25998,1,7
25999,5,6
26000,8,4
26001,1,7
26002,1,1
26003,1,8
26004,1,7
26005,8,9
26006,1,2
26007,4,0
26008,1,3
26009,1,1
26010,4,7
26011,1,2
26012,9,2
26013,5,3
26014,3,3
26015,2,4
26016,5,6
26017,7,5
26018,7,5
26019,5,6
26020,7,5
26021,1,7
26022,1,8
26023,1,8
26024,7,5
26025,8,9
26026,1,7
26027,4,0
26028,1,8
26029,1,1
26030,8,5
26031,1,2
26032,5,6
26033,7,3
26034,5,5
26035,2,4
26036,1,8
26037,5,5
26038,4,0
26039,5,6
26040,4,0
26041,2,7
26042,4,9
26043,1,8
26044,4,0
26045,8,9
26046,3,2
26047,1,7
26048,7,3
26049,4,7
26050,7,3
26051,1,7
26052,5,6
26053,1,3
26054,1,7
26055,4,0
26056,4,7
26057,3,3
26058,4,0
26059,1,1
26060,2,9
26061,1,8
26062,7,5
26063,1,7
26064,8,9
26065,0,6
26066,8,5
26067,2,4
26068,4,9
26069,7,5
26070,1,1
26071,5,6
26072,8,1
26073,4,0
26074,2,4
26075,1,2
26076,1,7
26077,5,6
26078,1,8
26079,1,8
26080,1,7
26081,7,3
26082,4,9
26083,1,2
26084,3,3
26085,1,8
26086,4,4
26087,1,1
26088,1,7
26089,1,1
26090,7,8
26091,4,7
26092,0,6
26093,3,2
26094,7,5
26095,7,0
26096,1,1
26097,4,7
26098,8,5
26099,6,1
26100,5,8
26101,0,6
26102,8,5
26103,4,0
26104,1,1
26105,2,4
26106,2,4
26107,0,6
26108,2,9
26109,2,4
26110,1,9
26111,2,4
26112,5,5
26113,7,5
26114,4,6
26115,1,8
26116,2,9
26117,4,0
26118,1,1
26119,5,6
26120,9,2
26121,3,2
26122,1,8
26123,3,3
26124,5,6
26125,1,1
26126,5,6
26127,7,3
26128,2,4
26129,5,6
26130,7,3
26131,7,5
26132,8,4
26133,1,1
26134,8,5
26135,4,8
26136,8,8
26137,2,4
26138,7,8
26139,4,0
26140,7,3
26141,1,7
26142,6,1
26143,7,5
26144,6,1
26145,1,8
26146,9,2
26147,1,8
26148,3,3
26149,3,3
26150,8,5
26151,1,7
26152,1,1
26153,1,8
26154,7,3
26155,1,9
26156,7,3
26157,1,2
26158,6,7
26159,0,6
26160,0,6
26161,3,2
26162,4,7
26163,7,5
26164,1,2
26165,7,3
26166,8,4
26167,1,1
26168,5,6
26169,1,7
26170,6,2
26171,7,3
26172,2,4
26173,1,9
26174,6,1
26175,1,1
26176,4,0
26177,2,9
26178,4,0
26179,1,9
26180,0,6
26181,0,6
26182,1,1
26183,4,0
26184,9,0
26185,4,9
26186,8,6
26187,3,3
26188,1,1
26189,1,7
26190,1,1
26191,4,0
26192,8,4
26193,2,4
26194,1,3
26195,5,5
26196,7,5
26197,4,0
26198,8,5
26199,4,9
26200,1,8
26201,9,2
26202,1,1
26203,7,8
26204,7,5
26205,1,1
26206,1,5
26207,2,4
26208,7,3
26209,1,3
26210,4,0
26211,8,5
26212,4,9
26213,1,2
26214,7,9
26215,4,9
26216,1,7
26217,2,4
26218,1,7
26219,4,0
26220,2,9
26221,1,2
26222,7,3
26223,4,9
26224,3,2
26225,1,1
26226,1,9
26227,0,6
26228,7,5
26229,8,5
26230,4,0
26231,1,8
26232,1,7
26233,4,9
26234,1,7
26235,2,4
26236,7,5
26237,3,2
26238,1,1
26239,5,5
26240,8,5
26241,4,0
26242,2,4
26243,6,1
26244,7,8
26245,3,2
26246,4,4
26247,7,3
26248,1,8
26249,2,4
26250,1,1
26251,8,5
26252,7,6
26253,0,6
26254,4,9
26255,4,7
26256,4,0
26257,1,8
26258,4,0
26259,1,9
26260,4,0
26261,4,0
26262,4,0
26263,6,1
26264,0,4
26265,5,2
26266,1,7
26267,3,3
26268,6,1
26269,2,4
26270,3,3
26271,1,7
26272,1,7
26273,1,8
26274,1,7
26275,2,9
26276,8,9
26277,7,0
26278,8,9
26279,6,1
26280,9,2
26281,2,4
26282,4,9
26283,7,5
26284,7,3
26285,0,6
26286,7,5
26287,1,7
26288,2,4
26289,1,8
26290,8,5
26291,3,3
26292,4,0
26293,2,4
26294,1,8
26295,1,1
26296,2,4
26297,2,4
26298,4,0
26299,0,6
26300,1,0
26301,0,6
26302,1,9
26303,1,7
26304,4,7
26305,1,3
26306,7,3
26307,1,3
26308,4,0
26309,2,4
26310,8,1
26311,3,3
26312,6,2
26313,7,5
26314,1,9
26315,4,0
26316,2,9
26317,1,1
26318,0,6
26319,2,4
26320,7,5
26321,0,6
26322,1,7
26323,4,0
26324,7,3
26325,1,2
26326,1,2
26327,1,8
26328,8,5
26329,9,2
26330,3,2
26331,7,5
26332,4,9
26333,3,2
26334,2,4
26335,1,1
26336,4,9
26337,1,7
26338,4,0
26339,4,0
26340,3,2
26341,9,2
26342,0,6
26343,7,0
26344,5,6
26345,5,6
26346,1,9
26347,0,6
26348,3,2
26349,2,9
26350,1,1
26351,1,8
26352,2,4
26353,2,9
26354,1,7
26355,3,2
26356,1,7
26357,5,2
26358,5,3
26359,2,9
26360,7,5
26361,2,9
26362,5,8
26363,5,5
26364,7,3
26365,2,4
26366,4,0
26367,2,4
26368,7,5
26369,4,0
26370,7,5
26371,4,0
26372,5,6
26373,7,8
26374,1,7
26375,0,6
26376,5,1
26377,0,6
26378,1,3
26379,1,8
26380,4,9
26381,8,5
26382,5,6
26383,1,3
26384,0,6
26385,1,8
26386,0,6
26387,7,5
26388,1,1
26389,1,0
26390,6,1
26391,1,3
26392,5,6
26393,0,6
26394,5,6
26395,1,7
26396,5,6
26397,1,8
26398,5,5
26399,1,3
26400,1,9
26401,6,1
26402,0,6
26403,1,3
26404,8,5
26405,5,9
26406,1,1
26407,8,5
26408,4,0
26409,6,1
26410,5,6
26411,8,5
26412,5,3
26413,8,5
26414,7,8
26415,4,0
26416,4,9
26417,4,7
26418,8,6
26419,1,3
26420,1,1
26421,6,1
26422,4,0
26423,1,7
26424,1,9
26425,0,6
26426,2,9
26427,4,0
26428,2,9
26429,1,1
26430,1,9
26431,3,2
26432,7,5
26433,3,3
26434,5,2
26435,2,4
26436,4,0
26437,7,5
26438,4,0
26439,5,6
26440,4,9
26441,2,7
26442,1,7
26443,1,8
26444,8,1
26445,1,1
26446,1,7
26447,3,2
26448,7,3
26449,3,3
26450,8,4
26451,7,5
26452,5,6
26453,5,6
26454,1,2
26455,6,7
26456,2,4
26457,4,0
26458,2,4
26459,6,1
26460,7,5
26461,3,2
26462,4,9
26463,3,3
26464,7,5
26465,2,4
26466,7,5
26467,7,5
26468,9,2
26469,5,6
26470,8,6
26471,8,8
26472,5,6
26473,6,1
26474,7,8
26475,4,0
26476,6,1
26477,3,2
26478,7,3
26479,6,1
26480,2,4
26481,7,5
26482,5,6
26483,5,6
26484,8,5
26485,6,1
26486,1,9
26487,6,1
26488,7,3
26489,1,7
26490,0,6
26491,1,8
26492,1,1
26493,7,5
26494,2,4
26495,6,1
26496,1,8
26497,0,6
26498,5,6
26499,2,7
26500,2,7
26501,4,0
26502,8,1
26503,3,3
26504,1,2
26505,7,3
26506,4,4
26507,4,0
26508,4,0
26509,3,2
26510,0,4
26511,5,6
26512,4,9
26513,4,9
26514,6,1
26515,1,8
26516,1,6
26517,7,5
26518,4,9
26519,1,8
26520,7,8
26521,5,6
26522,1,2
26523,1,8
26524,0,6
26525,1,9
26526,7,3
26527,4,9
26528,4,7
26529,4,7
26530,0,6
26531,6,1
26532,1,8
26533,3,2
26534,7,3
26535,6,1
26536,4,9
26537,6,1
26538,7,5
26539,6,1
26540,1,2
26541,9,2
26542,1,3
26543,1,8
26544,1,4
26545,4,0
26546,4,4
26547,7,5
26548,1,3
26549,2,7
26550,7,3
26551,5,6
26552,7,5
26553,7,5
26554,7,3
26555,3,3
26556,1,1
26557,1,8
26558,4,9
26559,6,1
26560,1,7
26561,3,3
26562,3,2
26563,5,6
26564,4,4
26565,4,0
26566,4,9
26567,4,4
26568,1,7
26569,1,8
26570,5,5
26571,2,9
26572,7,5
26573,4,4
26574,7,5
26575,4,7
26576,0,6
26577,3,2
26578,1,1
26579,2,7
26580,1,8
26581,6,1
26582,2,4
26583,1,8
26584,8,6
26585,9,2
26586,8,9
26587,6,1
26588,1,4
26589,4,7
26590,7,5
26591,4,7
26592,8,5
26593,3,3
26594,1,9
26595,9,2
26596,3,3
26597,4,0
26598,6,1
26599,2,4
26600,1,7
26601,0,6
26602,1,7
26603,0,6
26604,1,1
26605,1,8
26606,0,6
26607,7,5
26608,4,0
26609,4,9
26610,6,1
26611,1,8
26612,1,9
26613,3,2
26614,0,6
26615,7,5
26616,7,8
26617,6,1
26618,0,4
26619,4,0
26620,4,0
26621,7,5
26622,9,6
26623,4,0
26624,5,2
26625,3,3
26626,1,2
26627,2,4
26628,1,8
26629,1,3
26630,1,2
26631,4,9
26632,1,2
26633,0,6
26634,0,4
26635,3,2
26636,5,5
26637,7,5
26638,1,2
26639,4,0
26640,1,9
26641,0,6
26642,4,7
26643,2,9
26644,7,3
26645,4,0
26646,3,2
26647,1,1
26648,7,5
26649,5,2
26650,5,6
26651,1,3
26652,4,4
26653,1,4
26654,0,6
26655,7,5
26656,4,0
26657,5,6
26658,3,2
26659,1,7
26660,1,8
26661,1,8
26662,3,3
26663,1,9
26664,7,8
26665,4,0
26666,1,8
26667,1,1
26668,4,7
26669,5,2
26670,5,6
26671,1,3
26672,1,8
26673,2,4
26674,7,3
26675,7,5
26676,7,5
26677,5,6
26678,7,3
26679,1,7
26680,7,5
26681,8,8
26682,2,9
26683,1,9
26684,1,7
26685,4,0
26686,1,0
26687,1,1
26688,1,2
26689,5,2
26690,3,2
26691,3,3
26692,3,3
26693,1,4
26694,3,3
26695,7,5
26696,1,1
26697,5,6
26698,6,1
26699,1,7
26700,7,5
26701,7,8
26702,3,3
26703,1,9
26704,1,4
26705,4,7
26706,5,5
26707,1,7
26708,1,8
26709,2,7
26710,7,3
26711,7,3
26712,4,0
26713,4,0
26714,1,7
26715,1,3
26716,5,6
26717,1,1
26718,1,2
26719,7,8
26720,1,8
26721,1,7
26722,5,0
26723,0,6
26724,3,3
26725,2,4
26726,6,1
26727,7,5
26728,4,0
26729,0,6
26730,4,9
26731,4,0
26732,3,3
26733,1,2
26734,1,7
26735,5,6
26736,8,5
26737,1,8
26738,4,4
26739,1,3
26740,1,2
26741,3,2
26742,1,7
26743,7,8
26744,7,3
26745,1,1
26746,1,1
26747,1,1
26748,4,9
26749,2,7
26750,1,7
26751,1,2
26752,8,5
26753,4,0
26754,5,6
26755,2,7
26756,5,7
26757,1,1
26758,9,4
26759,0,6
26760,3,8
26761,4,0
26762,7,8
26763,2,4
26764,2,9
26765,0,6
26766,8,6
26767,1,4
26768,5,6
26769,0,4
26770,1,2
26771,7,5
26772,1,1
26773,1,8
26774,1,1
26775,4,0
26776,1,8
26777,5,6
26778,2,7
26779,3,2
26780,1,1
26781,3,3
26782,3,2
26783,1,3
26784,5,0
26785,0,6
26786,1,8
26787,7,5
26788,3,2
26789,1,1
26790,2,4
26791,1,8
26792,0,6
26793,7,5
26794,9,2
26795,1,9
26796,5,6
26797,2,4
26798,2,4
26799,4,0
26800,3,2
26801,4,7
26802,6,1
26803,7,5
26804,7,8
26805,1,8
26806,1,9
26807,1,8
26808,0,4
26809,3,3
26810,0,6
26811,1,7
26812,1,1
26813,1,8
26814,5,5
26815,1,9
26816,2,4
26817,1,2
26818,4,0
26819,5,6
26820,4,0
26821,3,2
26822,4,9
26823,7,5
26824,7,3
26825,1,3
26826,1,7
26827,1,1
26828,8,9
26829,1,7
26830,3,3
26831,3,3
26832,4,0
26833,4,9
26834,4,9
26835,1,1
26836,4,0
26837,8,9
26838,1,7
26839,4,9
26840,4,0
26841,0,6
26842,5,5
26843,4,0
26844,1,9
26845,1,9
26846,1,9
26847,1,4
26848,0,6
26849,1,3
26850,4,2
26851,1,7
26852,1,8
26853,4,0
26854,1,7
26855,2,4
26856,7,5
26857,7,5
26858,8,4
26859,4,0
26860,1,9
26861,1,9
26862,8,5
26863,1,2
26864,1,4
26865,1,8
26866,7,3
26867,1,1
26868,7,5
26869,2,4
26870,4,9
26871,1,3
26872,2,4
26873,7,5
26874,5,6
26875,3,2
26876,7,5
26877,1,9
26878,1,3
26879,2,4
26880,3,3
26881,4,0
26882,4,7
26883,9,2
26884,0,6
26885,1,9
26886,1,7
26887,1,1
26888,1,2
26889,5,6
26890,4,4
26891,8,5
26892,1,1
26893,1,8
26894,2,7
26895,1,9
26896,8,5
26897,2,4
26898,6,7
26899,9,2
26900,8,6
26901,7,5
26902,2,9
26903,4,0
26904,0,4
26905,1,1
26906,2,9
26907,1,2
26908,8,8
26909,7,3
26910,1,1
26911,2,4
26912,0,6
26913,7,5
26914,1,1
26915,0,6
26916,1,7
26917,1,7
26918,7,5
26919,8,8
26920,5,6
26921,1,9
26922,1,2
26923,4,0
26924,6,1
26925,1,1
26926,7,5
26927,9,2
26928,7,3
26929,7,3
26930,4,0
26931,0,6
26932,3,2
26933,1,7
26934,8,6
26935,7,8
26936,7,8
26937,4,0
26938,5,6
26939,1,1
26940,8,6
26941,9,2
26942,1,3
26943,7,3
26944,1,1
26945,1,7
26946,5,6
26947,7,8
26948,1,8
26949,2,9
26950,4,9
26951,1,1
26952,1,8
26953,7,8
26954,4,9
26955,0,6
26956,3,2
26957,1,7
26958,5,6
26959,6,1
26960,6,1
26961,1,1
26962,0,6
26963,2,4
26964,1,7
26965,7,3
26966,1,7
26967,1,7
26968,1,1
26969,1,7
26970,1,9
26971,7,8
26972,7,5
26973,2,9
26974,1,2
26975,7,3
26976,8,5
26977,5,6
26978,8,5
26979,4,0
26980,4,0
26981,3,3
26982,1,7
26983,0,6
26984,1,1
26985,2,4
26986,1,1
26987,7,8
26988,0,6
26989,7,3
26990,4,0
26991,6,1
26992,4,4
26993,6,1
26994,5,2
26995,5,5
26996,1,8
26997,2,9
26998,1,3
26999,3,0
27000,7,5
27001,2,4
27002,7,5
27003,6,1
27004,4,9
27005,1,7
27006,5,6
27007,4,9
27008,1,8
27009,7,5
27010,9,2
27011,1,1
27012,1,1
27013,6,1
27014,4,4
27015,4,9
27016,4,9
27017,7,8
27018,1,1
27019,5,6
27020,6,1
27021,5,6
27022,7,3
27023,4,0
27024,7,8
27025,1,1
27026,1,2
27027,7,8
27028,1,1
27029,7,8
27030,7,8
27031,7,3
27032,7,3
27033,5,2
27034,6,1
27035,4,0
27036,2,4
27037,8,9
27038,7,5
27039,1,7
27040,2,4
27041,2,4
27042,7,5
27043,7,5
27044,0,4
27045,7,8
27046,0,6
27047,7,3
27048,7,8
27049,5,5
27050,4,0
27051,3,8
27052,1,2
27053,7,5
27054,1,7
27055,2,4
27056,8,4
27057,1,7
27058,1,7
27059,1,7
27060,3,3
27061,1,7
27062,8,5
27063,1,1
27064,1,1
27065,7,5
27066,1,9
27067,7,3
27068,1,1
27069,5,0
27070,4,0
27071,1,1
27072,1,8
27073,5,2
27074,2,9
27075,7,3
27076,8,8
27077,4,4
27078,3,3
27079,7,5
27080,2,4
27081,0,6
27082,5,0
27083,1,7
27084,7,3
27085,7,8
27086,8,6
27087,2,9
27088,2,4
27089,4,0
27090,4,6
27091,1,1
27092,4,0
27093,5,2
27094,4,0
27095,3,3
27096,7,8
27097,4,4
27098,1,7
27099,5,5
27100,7,5
27101,5,6
27102,2,4
27103,1,7
27104,1,1
27105,7,8
27106,1,8
27107,1,9
27108,9,2
27109,3,0
27110,4,9
27111,1,1
27112,4,9
27113,3,2
27114,4,0
27115,7,3
27116,2,9
27117,5,5
27118,3,8
27119,0,6
27120,3,2
27121,7,8
27122,3,2
27123,1,1
27124,1,1
27125,4,4
27126,1,8
27127,7,5
27128,1,9
27129,1,4
27130,4,9
27131,3,2
27132,1,3
27133,3,3
27134,0,6
27135,3,3
27136,1,1
27137,5,0
27138,1,2
27139,5,5
27140,3,3
27141,4,4
27142,6,1
27143,7,3
27144,2,7
27145,4,0
27146,7,8
27147,5,8
27148,4,0
27149,0,6
27150,9,2
27151,1,7
27152,7,3
27153,3,0
27154,7,5
27155,1,7
27156,7,6
27157,9,7
27158,1,7
27159,1,1
27160,7,3
27161,5,6
27162,5,2
27163,1,9
27164,8,9
27165,3,2
27166,1,7
27167,3,3
27168,1,7
27169,5,6
27170,4,0
27171,3,2
27172,1,3
27173,3,3
27174,4,9
27175,0,6
27176,7,5
27177,7,8
27178,3,2
27179,5,5
27180,2,4
27181,3,2
27182,1,1
27183,7,3
27184,4,7
27185,7,8
27186,1,2
27187,1,1
27188,3,2
27189,5,2
27190,5,6
27191,1,9
27192,9,2
27193,5,5
27194,1,7
27195,7,8
27196,4,4
27197,7,8
27198,5,6
27199,1,7
27200,5,0
27201,1,1
27202,6,1
27203,1,7
27204,4,6
27205,1,1
27206,4,0
27207,1,1
27208,5,6
27209,4,0
27210,3,8
27211,3,3
27212,7,3
27213,4,4
27214,7,3
27215,3,2
27216,8,5
27217,5,6
27218,2,4
27219,1,7
27220,1,7
27221,8,4
27222,2,4
27223,3,2
27224,7,5
27225,9,7
27226,4,9
27227,2,4
27228,7,5
27229,5,2
27230,8,9
27231,1,9
27232,3,2
27233,3,2
27234,1,9
27235,1,7
27236,1,8
27237,1,9
27238,7,3
27239,3,2
27240,0,6
27241,5,8
27242,1,1
27243,5,6
27244,5,6
27245,1,1
27246,4,0
27247,3,0
27248,7,3
27249,0,6
27250,1,1
27251,7,8
27252,1,2
27253,5,5
27254,6,7
27255,8,5
27256,1,1
27257,3,0
27258,3,2
27259,7,5
27260,8,9
27261,3,3
27262,1,1
27263,7,5
27264,9,2
27265,1,7
27266,8,6
27267,4,4
27268,0,6
27269,7,8
27270,1,1
27271,5,5
27272,2,4
27273,4,9
27274,3,3
27275,0,6
27276,1,1
27277,4,9
27278,7,8
27279,3,3
27280,4,0
27281,4,0
27282,7,3
27283,5,0
27284,1,1
27285,5,6
27286,1,8
27287,3,3
27288,8,5
27289,4,0
27290,4,0
27291,7,5
27292,2,7
27293,7,8
27294,7,8
27295,1,9
27296,8,5
27297,1,1
27298,4,6
27299,7,8
27300,1,1
27301,1,1
27302,4,7
27303,5,6
27304,2,9
27305,4,0
27306,5,6
27307,1,0
27308,2,4
27309,1,1
27310,7,5
27311,3,2
27312,1,8
27313,3,3
27314,7,5
27315,4,4
27316,7,3
27317,5,5
27318,4,0
27319,0,6
27320,7,6
27321,1,7
27322,4,0
27323,1,8
27324,3,8
27325,4,9
27326,4,0
27327,4,0
27328,4,0
27329,1,1
27330,1,1
27331,3,2
27332,4,0
27333,3,3
27334,4,9
27335,4,4
27336,1,1
27337,5,5
27338,5,6
27339,0,6
27340,8,5
27341,4,7
27342,2,9
27343,4,0
27344,4,9
27345,1,1
27346,4,4
27347,3,2
27348,1,8
27349,3,3
27350,8,6
27351,4,4
27352,2,4
27353,7,5
27354,1,1
27355,5,6
27356,3,2
27357,4,7
27358,1,8
27359,3,8
27360,1,7
27361,2,9
27362,7,3
27363,5,6
27364,2,4
27365,4,4
27366,7,3
27367,3,2
27368,1,9
27369,5,6
27370,4,9
27371,2,4
27372,1,8
27373,1,7
27374,3,2
27375,7,5
27376,3,2
27377,7,5
27378,7,5
27379,4,7
27380,4,0
27381,1,8
27382,5,6
27383,1,9
27384,1,2
27385,3,2
27386,1,8
27387,4,9
27388,1,1
27389,3,3
27390,0,6
27391,4,9
27392,1,7
27393,3,2
27394,4,0
27395,3,0
27396,1,1
27397,4,9
27398,9,4
27399,1,8
27400,7,5
27401,4,0
27402,0,6
27403,7,5
27404,5,6
27405,0,6
27406,2,7
27407,4,0
27408,7,5
27409,1,1
27410,1,1
27411,4,0
27412,7,5
27413,3,2
27414,4,0
27415,5,6
27416,7,5
27417,7,5
27418,1,8
27419,3,3
27420,3,3
27421,7,5
27422,7,5
27423,3,3
27424,2,4
27425,1,8
27426,1,2
27427,3,0
27428,7,6
27429,5,0
27430,4,9
27431,7,5
27432,9,2
27433,2,4
27434,9,2
27435,3,3
27436,4,0
27437,4,4
27438,5,6
27439,1,1
27440,2,9
27441,5,5
27442,0,6
27443,3,3
27444,5,2
27445,4,0
27446,4,0
27447,3,8
27448,1,9
27449,0,6
27450,8,9
27451,3,2
27452,7,5
27453,4,7
27454,6,1
27455,1,1
27456,1,2
27457,1,1
27458,4,2
27459,3,8
27460,8,9
27461,1,1
27462,3,0
27463,2,7
27464,1,2
27465,1,1
27466,5,0
27467,3,3
27468,2,7
27469,7,8
27470,3,2
27471,7,5
27472,3,2
27473,9,4
27474,1,1
27475,3,2
27476,2,4
27477,3,0
27478,7,3
27479,4,9
27480,7,3
27481,4,7
27482,7,5
27483,0,6
27484,1,0
27485,1,7
27486,3,3
27487,4,4
27488,7,8
27489,1,1
27490,1,2
27491,0,6
27492,4,0
27493,7,8
27494,2,4
27495,2,4
27496,5,6
27497,1,7
27498,4,7
27499,7,5
27500,7,5
27501,5,1
27502,5,5
27503,3,2
27504,5,6
27505,5,6
27506,1,1
27507,1,7
27508,7,8
27509,6,1
27510,7,5
27511,4,9
27512,4,0
27513,1,8
27514,5,4
27515,4,9
27516,1,7
27517,2,4
27518,3,3
27519,4,9
27520,3,2
27521,8,9
27522,9,7
27523,0,6
27524,7,8
27525,3,2
27526,5,5
27527,3,3
27528,1,1
27529,4,7
27530,0,6
27531,1,1
27532,1,7
27533,4,9
27534,7,3
27535,3,2
27536,5,6
27537,3,2
27538,2,4
27539,7,5
27540,3,3
27541,3,3
27542,2,7
27543,1,7
27544,4,0
27545,1,8
27546,1,7
27547,7,0
27548,3,2
27549,6,1
27550,4,0
27551,9,2
27552,4,4
27553,7,3
27554,1,7
27555,2,4
27556,5,6
27557,7,5
27558,6,1
27559,0,6
27560,7,3
27561,1,7
27562,1,8
27563,1,8
27564,1,1
27565,2,9
27566,4,9
27567,7,0
27568,1,8
27569,6,1
27570,7,3
27571,9,2
27572,1,1
27573,7,3
27574,1,7
27575,2,4
27576,7,5
27577,4,7
27578,1,1
27579,1,8
27580,4,0
27581,8,9
27582,1,1
27583,4,0
27584,4,4
27585,6,1
27586,0,4
27587,9,2
27588,2,4
27589,7,3
27590,1,1
27591,2,4
27592,1,7
27593,7,5
27594,7,5
27595,0,6
27596,1,8
27597,2,7
27598,1,2
27599,1,8
27600,9,2
27601,1,9
27602,7,5
27603,4,0
27604,1,1
27605,2,9
27606,7,8
27607,7,5
27608,1,8
27609,4,0
27610,1,3
27611,2,9
27612,1,4
27613,1,8
27614,1,2
27615,2,9
27616,7,8
27617,2,4
27618,1,2
27619,1,1
27620,4,0
27621,4,7
27622,5,2
27623,2,7
27624,0,6
27625,7,3
27626,1,9
27627,7,5
27628,4,0
27629,6,1
27630,1,1
27631,4,0
27632,1,7
27633,4,0
27634,6,1
27635,2,7
27636,1,8
27637,4,0
27638,4,0
27639,6,1
27640,7,3
27641,3,2
27642,5,6
27643,9,2
27644,7,3
27645,9,3
27646,5,8
27647,2,7
27648,7,5
27649,7,3
27650,1,8
27651,7,3
27652,1,2
27653,0,6
27654,2,9
27655,0,6
27656,7,5
27657,6,1
27658,7,0
27659,4,0
27660,3,2
27661,8,9
27662,1,1
27663,4,0
27664,6,2
27665,6,1
27666,7,3
27667,1,7
27668,7,5
27669,0,6
27670,3,3
27671,7,3
27672,3,2
27673,9,2
27674,8,6
27675,3,3
27676,0,4
27677,6,1
27678,1,8
27679,2,9
27680,1,2
27681,6,1
27682,5,6
27683,4,7
27684,6,1
27685,0,6
27686,4,4
27687,1,8
27688,4,9
27689,4,4
27690,7,3
27691,7,3
27692,2,9
27693,6,1
27694,2,4
27695,2,4
27696,1,2
27697,1,0
27698,1,9
27699,7,5
27700,3,2
27701,7,3
27702,5,6
27703,5,6
27704,5,6
27705,8,9
27706,1,7
27707,6,1
27708,0,6
27709,2,7
27710,1,9
27711,7,5
27712,4,0
27713,4,4
27714,1,7
27715,9,4
27716,4,7
27717,1,7
27718,7,3
27719,3,2
27720,4,0
27721,3,2
27722,1,7
27723,1,7
27724,5,6
27725,2,9
27726,3,3
27727,7,5
27728,1,7
27729,1,8
27730,4,9
27731,2,9
27732,4,9
27733,1,8
27734,4,9
27735,4,0
27736,5,2
27737,1,1
27738,0,4
27739,1,2
27740,1,8
27741,7,3
27742,8,5
27743,0,4
27744,1,1
27745,7,5
27746,1,1
27747,1,7
27748,1,9
27749,4,0
27750,5,6
27751,6,1
27752,3,2
27753,3,2
27754,1,2
27755,3,3
27756,1,7
27757,0,6
27758,4,7
27759,6,1
27760,7,5
27761,3,2
27762,1,8
27763,7,3
27764,8,5
27765,2,4
27766,1,9
27767,5,5
27768,9,2
27769,0,6
27770,1,2
27771,2,9
27772,1,1
27773,4,9
27774,1,9
27775,0,6
27776,4,4
27777,7,5
27778,7,5
27779,4,9
27780,1,9
27781,3,2
27782,0,4
27783,3,3
27784,7,3
27785,6,1
27786,7,3
27787,3,2
27788,7,0
27789,6,1
27790,6,1
27791,5,2
27792,1,1
27793,5,1
27794,0,6
27795,1,3
27796,5,6
27797,5,2
27798,7,8
27799,5,6
27800,4,4
27801,7,5
27802,8,5
27803,3,3
27804,7,3
27805,4,0
27806,4,0
27807,0,6
27808,1,7
27809,6,4
27810,3,2
27811,4,0
27812,8,6
27813,7,5
27814,8,5
27815,2,9
27816,1,1
27817,2,9
27818,7,5
27819,7,8
27820,4,0
27821,1,1
27822,1,0
27823,1,7
27824,4,4
27825,2,4
27826,0,4
27827,2,7
27828,7,3
27829,7,0
27830,1,7
27831,6,1
27832,4,4
27833,5,6
27834,3,2
27835,3,3
27836,6,1
27837,1,7
27838,1,3
27839,4,9
27840,7,3
27841,4,0
27842,5,6
27843,2,9
27844,1,2
27845,7,5
27846,1,9
27847,7,3
27848,4,9
27849,7,8
27850,5,6
27851,7,8
27852,5,2
27853,2,7
27854,4,0
27855,1,1
27856,7,3
27857,2,4
27858,0,6
27859,7,0
27860,3,2
27861,7,3
27862,1,7
27863,8,9
27864,9,2
27865,4,0
27866,3,3
27867,2,7
27868,1,7
27869,9,2
27870,1,3
27871,6,1
27872,1,7
27873,2,9
27874,3,2
27875,6,1
27876,1,9
27877,7,5
27878,3,2
27879,6,1
27880,5,2
27881,2,7
27882,0,4
27883,5,2
27884,4,9
27885,6,1
27886,1,1
27887,0,6
27888,3,2
27889,7,8
27890,0,6
27891,7,8
27892,1,8
27893,4,0
27894,4,0
27895,1,1
27896,1,1
27897,1,2
27898,1,2
27899,3,3
27900,4,0
27901,2,4
27902,4,9
27903,7,5
27904,4,9
27905,5,6
27906,1,7
27907,1,8
27908,1,9
27909,1,9
27910,1,8
27911,5,0
27912,1,7
27913,1,1
27914,2,4
27915,5,2
27916,1,8
27917,7,3
27918,1,8
27919,2,4
27920,1,1
27921,7,5
27922,0,4
27923,5,6
27924,6,1
27925,1,7
27926,4,9
27927,1,8
27928,9,2
27929,1,9
27930,3,3
27931,4,0
27932,1,9
27933,1,1
27934,5,6
27935,3,2
27936,4,0
27937,1,3
27938,2,7
27939,0,4
27940,0,6
27941,7,5
27942,7,5
27943,5,6
27944,1,7
27945,1,7
27946,7,3
27947,1,8
27948,0,4
27949,1,9
27950,1,7
27951,4,0
27952,7,5
27953,2,9
27954,8,5
27955,2,4
27956,1,7
27957,3,2
27958,1,8
27959,2,4
27960,7,3
27961,1,1
27962,5,6
27963,5,5
27964,7,8
27965,5,6
27966,7,9
27967,1,1
27968,1,9
27969,1,1
27970,2,7
27971,1,7
27972,7,8
27973,1,8
27974,7,8
27975,7,5
27976,1,7
27977,1,3
27978,1,1
27979,0,4
27980,2,4
27981,5,6
27982,4,0
27983,2,7
27984,1,7
27985,4,0
27986,2,7
27987,3,3
27988,1,3
27989,1,2
27990,4,0
27991,5,6
27992,5,6
27993,1,9
27994,1,8
27995,1,8
27996,7,5
27997,7,5
27998,1,8
27999,1,8
28000,1,1
28001,5,6
28002,4,0
28003,1,8
28004,4,7
28005,1,9
28006,1,3
28007,4,9
28008,0,4
28009,1,7
28010,7,8
28011,1,7
28012,1,7
28013,3,2
28014,1,7
28015,1,1
28016,3,0
28017,1,1
28018,1,1
28019,1,1
28020,2,4
28021,1,2
28022,2,4
28023,1,8
28024,4,0
28025,1,7
28026,3,3
28027,5,6
28028,4,4
28029,5,5
28030,4,0
28031,3,3
28032,1,3
28033,1,8
28034,0,4
28035,1,1
28036,2,4
28037,7,3
28038,1,1
28039,5,6
28040,5,5
28041,4,0
28042,1,8
28043,2,4
28044,4,0
28045,1,8
28046,7,5
28047,1,9
28048,7,5
28049,1,4
28050,9,2
28051,1,9
28052,5,2
28053,1,7
28054,1,8
28055,1,9
28056,1,1
28057,7,5
28058,2,9
28059,1,2
28060,7,5
28061,2,7
28062,8,9
28063,1,1
28064,1,7
28065,1,8
28066,5,6
28067,3,2
28068,3,2
28069,1,1
28070,5,6
28071,2,7
28072,4,0
28073,2,7
28074,3,2
28075,3,3
28076,4,0
28077,1,2
28078,3,2
28079,4,0
28080,5,5
28081,0,4
28082,1,7
28083,5,6
28084,5,6
28085,5,6
28086,6,4
28087,4,9
28088,2,9
28089,2,4
28090,6,1
28091,3,2
28092,1,9
28093,1,8
28094,6,1
28095,3,2
28096,8,4
28097,7,5
28098,1,1
28099,1,1
28100,1,1
28101,4,0
28102,5,0
28103,7,5
28104,5,6
28105,4,0
28106,1,7
28107,7,3
28108,4,0
28109,2,4
28110,6,1
28111,7,3
28112,3,2
28113,1,9
28114,4,9
28115,5,6
28116,7,5
28117,1,7
28118,1,7
28119,7,3
28120,1,7
28121,0,4
28122,4,0
28123,7,3
28124,2,4
28125,4,0
28126,3,2
28127,5,6
28128,9,4
28129,1,9
28130,1,1
28131,4,0
28132,1,3
28133,1,1
28134,1,1
28135,9,2
28136,5,8
28137,1,3
28138,1,7
28139,2,4
28140,5,2
28141,7,5
28142,5,6
28143,0,6
28144,7,8
28145,1,7
28146,1,4
28147,1,8
28148,7,5
28149,1,9
28150,5,6
28151,4,0
28152,7,6
28153,1,1
28154,9,2
28155,3,2
28156,9,2
28157,3,3
28158,2,7
28159,4,4
28160,4,0
28161,8,5
28162,7,6
28163,0,6
28164,2,4
28165,5,0
28166,1,1
28167,1,1
28168,1,9
28169,9,2
28170,5,6
28171,7,3
28172,7,5
28173,2,4
28174,3,3
28175,7,5
28176,2,9
28177,0,6
28178,8,5
28179,1,7
28180,1,7
28181,1,8
28182,7,8
28183,1,9
28184,1,1
28185,1,2
28186,4,0
28187,1,1
28188,3,8
28189,3,2
28190,8,4
28191,1,1
28192,7,9
28193,3,3
28194,8,9
28195,4,9
28196,1,1
28197,4,9
28198,7,8
28199,1,3
28200,3,2
28201,1,7
28202,4,0
28203,4,0
28204,7,3
28205,1,7
28206,1,8
28207,1,7
28208,1,1
28209,5,5
28210,1,2
28211,1,7
28212,3,2
28213,1,9
28214,5,2
28215,1,9
28216,0,6
28217,2,4
28218,3,2
28219,1,7
28220,1,7
28221,4,0
28222,5,6
28223,1,1
28224,7,3
28225,2,4
28226,3,8
28227,2,4
28228,3,2
28229,1,7
28230,4,0
28231,5,5
28232,1,1
28233,1,8
28234,9,2
28235,1,1
28236,1,7
28237,2,4
28238,1,1
28239,8,9
28240,2,9
28241,1,8
28242,4,0
28243,2,4
28244,1,1
28245,6,1
28246,1,1
28247,1,8
28248,2,4
28249,0,6
28250,6,1
28251,0,6
28252,7,3
28253,4,4
28254,7,5
28255,0,6
28256,7,3
28257,4,0
28258,7,5
28259,8,5
28260,2,9
28261,8,5
28262,8,9
28263,3,3
28264,1,3
28265,3,3
28266,5,2
28267,5,5
28268,5,2
28269,3,2
28270,1,7
28271,7,5
28272,4,0
28273,1,7
28274,4,0
28275,3,2
28276,7,3
28277,7,5
28278,1,2
28279,8,9
28280,5,5
28281,5,6
28282,3,2
28283,1,9
28284,1,2
28285,3,2
28286,7,0
28287,0,6
28288,1,9
28289,9,2
28290,0,4
28291,6,1
28292,6,1
28293,3,2
28294,9,2
28295,4,0
28296,4,0
28297,1,8
28298,1,7
28299,1,3
28300,1,1
28301,1,8
28302,0,6
28303,7,3
28304,2,4
28305,1,0
28306,7,8
28307,1,8
28308,1,9
28309,4,7
28310,4,4
28311,2,4
28312,8,4
28313,4,9
28314,1,7
28315,7,5
28316,7,3
28317,4,0
28318,1,1
28319,1,9
28320,0,6
28321,1,7
28322,1,1
28323,4,0
28324,3,2
28325,4,0
28326,8,6
28327,2,4
28328,4,0
28329,1,9
28330,4,9
28331,6,1
28332,5,5
28333,0,6
28334,1,1
28335,3,2
28336,1,2
28337,1,7
28338,1,8
28339,5,6
28340,7,5
28341,1,8
28342,1,8
28343,3,3
28344,7,3
28345,8,5
28346,2,9
28347,5,2
28348,1,8
28349,6,1
28350,6,1
28351,1,8
28352,7,8
28353,5,6
28354,4,9
28355,1,1
28356,8,5
28357,1,0
28358,4,0
28359,1,3
28360,7,5
28361,6,1
28362,6,7
28363,6,4
28364,8,8
28365,4,0
28366,5,2
28367,1,1
28368,1,9
28369,1,2
28370,1,2
28371,5,3
28372,7,5
28373,1,4
28374,1,3
28375,7,5
28376,8,5
28377,5,6
28378,6,1
28379,1,7
28380,7,3
28381,1,8
28382,8,6
28383,1,9
28384,7,5
28385,4,0
28386,5,6
28387,1,1
28388,1,2
28389,1,2
28390,7,8
28391,7,3
28392,1,3
28393,2,4
28394,1,1
28395,7,5
28396,4,9
28397,5,6
28398,4,4
28399,1,7
28400,0,6
28401,1,8
28402,4,0
28403,4,0
28404,1,2
28405,1,1
28406,3,3
28407,1,2
28408,4,0
28409,3,3
28410,7,5
28411,1,1
28412,9,0
28413,7,5
28414,4,0
28415,5,6
28416,4,9
28417,1,7
28418,5,3
28419,1,8
28420,8,1
28421,1,7
28422,4,9
28423,0,0
28424,4,9
28425,5,6
28426,2,4
28427,4,0
28428,4,0
28429,1,7
28430,7,5
28431,1,3
28432,1,8
28433,1,8
28434,7,5
28435,5,6
28436,5,2
28437,1,7
28438,5,6
28439,1,1
28440,0,6
28441,1,3
28442,2,4
28443,1,7
28444,1,3
28445,2,9
28446,4,9
28447,1,7
28448,2,9
28449,4,4
28450,2,7
28451,4,0
28452,4,0
28453,1,2
28454,9,2
28455,7,5
28456,4,0
28457,4,0
28458,7,3
28459,0,6
28460,4,9
28461,2,4
28462,2,4
28463,1,9
28464,2,4
28465,7,5
28466,4,0
28467,5,6
28468,4,4
28469,7,5
28470,1,8
28471,5,2
28472,7,3
28473,1,9
28474,1,8
28475,8,8
28476,7,3
28477,7,5
28478,7,5
28479,1,1
28480,1,8
28481,2,9
28482,6,1
28483,1,8
28484,6,1
28485,7,3
28486,4,0
28487,1,4
28488,6,1
28489,4,0
28490,1,8
28491,1,5
28492,2,4
28493,2,4
28494,1,2
28495,1,8
28496,0,6
28497,5,6
28498,1,8
28499,7,3
28500,0,4
28501,2,4
28502,1,2
28503,1,8
28504,7,5
28505,4,0
28506,7,8
28507,5,6
28508,8,6
28509,2,4
28510,4,0
28511,1,8
28512,5,5
28513,1,1
28514,1,7
28515,3,3
28516,6,1
28517,4,4
28518,8,4
28519,5,0
28520,1,7
28521,1,1
28522,1,1
28523,1,9
28524,1,1
28525,5,2
28526,1,8
28527,7,3
28528,7,3
28529,1,7
28530,1,9
28531,1,1
28532,1,7
28533,1,2
28534,5,5
28535,1,7
28536,7,3
28537,5,2
28538,1,9
28539,2,8
28540,4,0
28541,1,7
28542,2,7
28543,4,0
28544,3,2
28545,1,1
28546,4,0
28547,1,9
28548,5,6
28549,5,6
28550,1,7
28551,2,4
28552,5,6
28553,1,9
28554,8,6
28555,3,2
28556,3,4
28557,1,1
28558,1,7
28559,1,2
28560,3,2
28561,3,3
28562,4,7
28563,1,7
28564,6,9
28565,5,0
28566,3,2
28567,1,2
28568,1,1
28569,1,1
28570,8,5
28571,7,3
28572,5,6
28573,2,4
28574,2,9
28575,1,7
28576,0,6
28577,5,2
28578,2,4
28579,7,5
28580,7,3
28581,1,8
28582,1,9
28583,1,1
28584,2,4
28585,5,6
28586,1,1
28587,1,8
28588,4,4
28589,7,5
28590,5,6
28591,5,6
28592,7,9
28593,5,0
28594,5,6
28595,1,8
28596,7,5
28597,1,9
28598,4,9
28599,8,4
28600,2,4
28601,1,9
28602,5,6
28603,3,2
28604,1,9
28605,5,6
28606,7,5
28607,4,0
28608,8,5
28609,1,1
28610,4,4
28611,9,2
28612,4,0
28613,3,3
28614,4,4
28615,0,4
28616,0,6
28617,5,5
28618,1,9
28619,0,6
28620,4,7
28621,2,7
28622,1,1
28623,1,8
28624,1,7
28625,1,9
28626,1,3
28627,4,0
28628,4,0
28629,6,1
28630,1,2
28631,5,2
28632,7,7
28633,3,3
28634,1,7
28635,0,4
28636,1,9
28637,5,5
28638,4,7
28639,0,6
28640,3,2
28641,2,7
28642,1,7
28643,1,8
28644,4,6
28645,8,9
28646,6,1
28647,4,0
28648,1,8
28649,6,1
28650,5,1
28651,9,2
28652,4,4
28653,3,3
28654,5,5
28655,0,4
28656,1,1
28657,5,5
28658,7,5
28659,0,6
28660,1,1
28661,2,7
28662,3,8
28663,1,8
28664,1,8
28665,2,9
28666,8,5
28667,4,0
28668,7,3
28669,0,4
28670,4,7
28671,4,0
28672,3,2
28673,6,1
28674,1,9
28675,2,7
28676,4,9
28677,2,9
28678,5,6
28679,5,5
28680,0,6
28681,6,1
28682,1,8
28683,2,4
28684,9,2
28685,9,2
28686,3,2
28687,1,8
28688,6,7
28689,2,9
28690,5,0
28691,2,4
28692,4,0
28693,3,3
28694,7,8
28695,6,1
28696,2,7
28697,2,7
28698,0,6
28699,7,8
28700,0,4
28701,9,2
28702,5,6
28703,0,4
28704,5,6
28705,0,4
28706,2,4
28707,3,3
28708,8,6
28709,3,3
28710,8,8
28711,5,6
28712,7,8
28713,2,9
28714,4,0
28715,2,9
28716,7,3
28717,5,5
28718,6,1
28719,1,8
28720,4,5
28721,5,6
28722,4,9
28723,2,7
28724,1,1
28725,7,0
28726,1,8
28727,0,6
28728,5,6
28729,1,8
28730,2,7
28731,9,2
28732,7,5
28733,0,6
28734,3,3
28735,3,3
28736,1,1
28737,1,9
28738,1,1
28739,1,8
28740,4,0
28741,5,6
28742,7,8
28743,6,1
28744,1,2
28745,2,7
28746,4,0
28747,2,4
28748,7,5
28749,1,8
28750,4,9
28751,1,8
28752,7,3
28753,2,9
28754,8,9
28755,4,0
28756,5,6
28757,3,3
28758,5,6
28759,1,3
28760,1,3
28761,2,9
28762,8,5
28763,4,0
28764,1,7
28765,2,9
28766,1,8
28767,2,4
28768,8,6
28769,6,1
28770,5,5
28771,4,0
28772,4,0
28773,3,3
28774,1,9
28775,2,7
28776,0,6
28777,5,5
28778,7,3
28779,1,8
28780,1,2
28781,2,7
28782,7,8
28783,2,7
28784,4,0
28785,1,8
28786,9,2
28787,9,2
28788,8,8
28789,1,9
28790,1,7
28791,2,7
28792,6,1
28793,6,1
28794,1,1
28795,9,2
28796,7,3
28797,5,6
28798,5,6
28799,0,4
28800,2,4
28801,9,2
28802,7,8
28803,3,3
28804,6,1
28805,0,6
28806,8,4
28807,0,6
28808,1,9
28809,4,0
28810,5,6
28811,9,2
28812,1,7
28813,1,8
28814,4,0
28815,6,1
28816,4,0
28817,5,6
28818,4,0
28819,6,1
28820,7,3
28821,4,0
28822,1,1
28823,0,4
28824,4,0
28825,3,3
28826,1,3
28827,6,1
28828,8,1
28829,5,6
28830,5,6
28831,6,1
28832,1,2
28833,1,9
28834,1,1
28835,4,0
28836,1,1
28837,1,1
28838,4,9
28839,3,2
28840,3,0
28841,3,3
28842,9,2
28843,0,4
28844,3,2
28845,5,5
28846,8,5
28847,5,6
28848,4,7
28849,1,7
28850,8,6
28851,1,8
28852,1,7
28853,2,9
28854,7,5
28855,4,0
28856,3,8
28857,6,1
28858,7,3
28859,3,2
28860,2,4
28861,3,3
28862,6,1
28863,2,4
28864,4,7
28865,7,5
28866,4,4
28867,5,6
28868,3,2
28869,1,7
28870,5,6
28871,1,8
28872,3,2
28873,2,9
28874,7,5
28875,4,0
28876,5,6
28877,1,1
28878,6,1
28879,3,2
28880,1,7
28881,3,3
28882,3,2
28883,5,6
28884,1,8
28885,1,7
28886,7,5
28887,1,8
28888,4,0
28889,1,9
28890,5,6
28891,1,8
28892,1,8
28893,6,1
28894,1,1
28895,7,0
28896,4,0
28897,1,7
28898,9,6
28899,5,5
28900,1,3
28901,6,1
28902,1,8
28903,1,8
28904,4,0
28905,5,6
28906,1,1
28907,6,4
28908,4,9
28909,6,1
28910,4,0
28911,1,9
28912,5,6
28913,7,3
28914,4,4
28915,3,8
28916,3,3
28917,0,4
28918,7,5
28919,0,4
28920,3,2
28921,2,7
28922,1,1
28923,4,0
28924,7,5
28925,1,1
28926,1,7
28927,1,9
28928,2,9
28929,9,2
28930,4,7
28931,7,8
28932,3,2
28933,1,7
28934,5,6
28935,1,8
28936,3,3
28937,9,2
28938,0,4
28939,7,5
28940,1,8
28941,1,9
28942,2,4
28943,5,6
28944,1,2
28945,4,0
28946,5,0
28947,5,6
28948,4,4
28949,7,5
28950,3,2
28951,7,5
28952,4,5
28953,7,3
28954,1,2
28955,7,3
28956,1,7
28957,7,3
28958,9,2
28959,1,8
28960,1,9
28961,6,1
28962,1,8
28963,2,4
28964,1,1
28965,4,0
28966,5,6
28967,5,6
28968,4,0
28969,6,1
28970,1,1
28971,5,0
28972,4,7
28973,4,0
28974,7,5
28975,5,6
28976,8,4
28977,3,2
28978,8,6
28979,1,1
28980,2,4
28981,1,1
28982,1,7
28983,7,3
28984,5,9
28985,3,2
28986,2,7
28987,1,8
28988,4,7
28989,1,8
28990,4,7
28991,1,7
28992,3,0
28993,7,0
28994,7,5
28995,3,3
28996,9,4
28997,5,6
28998,3,2
28999,7,8
29000,6,2
29001,2,9
29002,2,7
29003,1,9
29004,3,2
29005,3,2
29006,5,5
29007,0,4
29008,8,5
29009,2,9
29010,1,9
29011,0,4
29012,4,9
29013,7,3
29014,7,3
29015,5,6
29016,7,8
29017,3,2
29018,1,9
29019,3,2
29020,5,6
29021,7,5
29022,1,8
29023,7,3
29024,2,4
29025,5,2
29026,1,8
29027,7,5
29028,0,6
29029,7,5
29030,1,1
29031,2,9
29032,1,7
29033,6,1
29034,4,0
29035,5,6
29036,4,9
29037,7,5
29038,5,5
29039,4,0
29040,1,1
29041,1,1
29042,3,3
29043,9,2
29044,4,0
29045,7,3
29046,0,4
29047,0,4
29048,5,6
29049,7,5
29050,3,2
29051,4,7
29052,4,0
29053,1,8
29054,4,4
29055,5,0
29056,4,0
29057,6,1
29058,7,5
29059,3,2
29060,9,2
29061,9,3
29062,5,1
29063,2,4
29064,1,2
29065,8,5
29066,7,5
29067,4,0
29068,1,1
29069,6,1
29070,1,8
29071,9,2
29072,1,9
29073,3,3
29074,4,0
29075,2,4
29076,7,5
29077,7,5
29078,1,9
29079,0,6
29080,1,1
29081,9,2
29082,7,8
29083,6,1
29084,2,9
29085,3,2
29086,1,1
29087,6,1
29088,1,1
29089,7,3
29090,1,8
29091,2,9
29092,7,8
29093,2,9
29094,7,3
29095,3,8
29096,5,6
29097,7,3
29098,1,1
29099,2,7
29100,8,5
29101,4,0
29102,4,0
29103,2,7
29104,7,3
29105,1,7
29106,3,2
29107,1,5
29108,4,9
29109,6,7
29110,1,9
29111,8,9
29112,7,5
29113,2,9
29114,6,1
29115,2,4
29116,7,8
29117,2,7
29118,1,8
29119,4,0
29120,7,5
29121,3,3
29122,2,4
29123,2,4
29124,4,9
29125,6,1
29126,7,8
29127,2,7
29128,4,0
29129,5,5
29130,0,4
29131,1,8
29132,5,8
29133,6,1
29134,1,9
29135,2,4
29136,5,6
29137,2,9
29138,0,6
29139,1,8
29140,5,6
29141,0,4
29142,1,8
29143,6,1
29144,1,7
29145,1,8
29146,7,3
29147,0,6
29148,4,0
29149,5,6
29150,8,5
29151,4,0
29152,9,2
29153,7,3
29154,8,9
29155,8,5
29156,7,5
29157,7,5
29158,1,3
29159,2,7
29160,5,6
29161,4,9
29162,7,8
29163,5,6
29164,1,8
29165,2,9
29166,4,4
29167,9,2
29168,4,9
29169,0,6
29170,1,9
29171,9,2
29172,4,8
29173,6,1
29174,5,5
29175,9,2
29176,1,2
29177,7,0
29178,1,8
29179,1,8
29180,1,9
29181,3,3
29182,7,3
29183,7,8
29184,1,7
29185,3,3
29186,1,7
29187,7,0
29188,3,2
29189,3,8
29190,4,0
29191,2,7
29192,1,8
29193,2,4
29194,7,8
29195,2,9
29196,4,4
29197,5,5
29198,1,8
29199,4,0
29200,3,2
29201,6,9
29202,1,7
29203,7,0
29204,8,5
29205,4,0
29206,8,4
29207,0,4
29208,1,8
29209,0,6
29210,1,7
29211,4,0
29212,4,7
29213,2,9
29214,1,1
29215,6,1
29216,5,6
29217,5,6
29218,4,4
29219,3,2
29220,3,2
29221,0,6
29222,1,1
29223,7,8
29224,3,3
29225,3,3
29226,8,6
29227,6,1
29228,0,4
29229,8,8
29230,4,0
29231,3,3
29232,3,3
29233,6,1
29234,2,9
29235,4,0
29236,1,9
29237,3,3
29238,1,7
29239,1,1
29240,5,2
29241,2,4
29242,6,1
29243,5,0
29244,3,2
29245,1,1
29246,3,3
29247,3,2
29248,7,5
29249,7,3
29250,4,0
29251,2,4
29252,6,4
29253,5,5
29254,8,8
29255,5,6
29256,4,4
29257,1,7
29258,4,4
29259,1,8
29260,8,1
29261,1,9
29262,4,0
29263,5,0
29264,5,5
29265,1,1
29266,3,3
29267,3,2
29268,7,5
29269,7,3
29270,7,3
29271,2,4
29272,5,6
29273,7,5
29274,6,1
29275,5,6
29276,1,8
29277,1,7
29278,1,1
29279,1,8
29280,1,8
29281,1,9
29282,1,7
29283,5,0
29284,6,1
29285,6,1
29286,1,9
29287,3,2
29288,1,1
29289,3,3
29290,3,2
29291,2,4
29292,4,9
29293,5,5
29294,5,3
29295,5,6
29296,1,7
29297,1,7
29298,1,7
29299,1,8
29300,1,3
29301,1,9
29302,1,9
29303,1,8
29304,7,3
29305,1,9
29306,1,8
29307,7,5
29308,7,5
29309,1,7
29310,8,5
29311,5,0
29312,3,2
29313,3,3
29314,9,2
29315,1,1
29316,7,5
29317,0,6
29318,1,9
29319,1,8
29320,7,1
29321,0,4
29322,1,9
29323,1,1
29324,1,7
29325,1,7
29326,8,7
29327,5,6
29328,4,9
29329,8,5
29330,5,6
29331,0,6
29332,1,9
29333,1,7
29334,3,2
29335,1,8
29336,4,0
29337,6,1
29338,1,7
29339,2,4
29340,1,4
29341,5,0
29342,1,8
29343,7,5
29344,8,5
29345,5,0
29346,2,9
29347,1,1
29348,7,5
29349,1,9
29350,5,6
29351,3,2
29352,7,3
29353,7,3
29354,5,5
29355,3,2
29356,7,3
29357,3,3
29358,2,4
29359,7,5
29360,1,8
29361,5,5
29362,0,6
29363,1,7
29364,4,0
29365,1,8
29366,7,3
29367,2,4
29368,4,0
29369,4,9
29370,5,6
29371,1,9
29372,2,4
29373,1,7
29374,4,0
29375,1,1
29376,1,7
29377,1,1
29378,4,0
29379,1,9
29380,9,6
29381,1,8
29382,1,7
29383,3,3
29384,8,5
29385,2,4
29386,4,0
29387,1,8
29388,4,0
29389,5,6
29390,4,9
29391,3,3
29392,4,6
29393,1,8
29394,4,0
29395,4,0
29396,1,1
29397,1,9
29398,7,3
29399,5,6
29400,4,9
29401,3,2
29402,7,8
29403,1,1
29404,8,5
29405,4,0
29406,2,9
29407,1,1
29408,1,2
29409,4,0
29410,7,5
29411,5,6
29412,1,7
29413,9,2
29414,4,0
29415,3,3
29416,6,1
29417,1,8
29418,0,4
29419,1,9
29420,4,0
29421,4,0
29422,1,8
29423,1,7
29424,0,6
29425,5,2
29426,1,9
29427,3,3
29428,6,1
29429,2,4
29430,1,1
29431,1,8
29432,1,7
29433,7,5
29434,1,1
29435,2,4
29436,1,7
29437,5,6
29438,4,0
29439,5,6
29440,1,7
29441,5,6
29442,4,4
29443,1,7
29444,1,4
29445,1,9
29446,4,0
29447,1,1
29448,1,1
29449,3,2
29450,9,7
29451,1,1
29452,1,7
29453,1,2
29454,5,6
29455,0,6
29456,4,0
29457,8,5
29458,7,3
29459,3,3
29460,0,6
29461,2,4
29462,7,5
29463,1,7
29464,3,3
29465,1,9
29466,6,2
29467,2,4
29468,4,0
29469,5,0
29470,1,7
29471,4,0
29472,4,9
29473,5,5
29474,4,0
29475,1,9
29476,1,3
29477,4,0
29478,4,0
29479,1,1
29480,1,1
29481,1,2
29482,1,7
29483,3,3
29484,4,4
29485,2,4
29486,1,9
29487,7,5
29488,4,0
29489,5,6
29490,4,0
29491,2,7
29492,4,9
29493,7,8
29494,7,8
29495,1,9
29496,3,2
29497,7,0
29498,5,0
29499,1,1
29500,9,2
29501,1,2
29502,8,9
29503,4,4
29504,7,3
29505,7,5
29506,7,3
29507,0,6
29508,1,7
29509,1,7
29510,1,2
29511,7,8
29512,1,7
29513,2,9
29514,1,1
29515,4,0
29516,1,7
29517,1,1
29518,6,1
29519,3,2
29520,4,0
29521,3,3
29522,1,1
29523,2,4
29524,7,5
29525,7,5
29526,5,6
29527,0,6
29528,7,3
29529,2,7
29530,4,4
29531,1,8
29532,1,1
29533,2,9
29534,7,5
29535,1,8
29536,4,9
29537,0,6
29538,2,4
29539,7,5
29540,4,0
29541,4,0
29542,2,4
29543,0,6
29544,1,1
29545,7,8
29546,3,2
29547,4,9
29548,5,6
29549,2,4
29550,2,4
29551,6,1
29552,8,9
29553,4,9
29554,8,6
29555,7,5
29556,1,1
29557,3,3
29558,0,4
29559,4,0
29560,4,0
29561,2,4
29562,4,0
29563,1,8
29564,4,0
29565,4,9
29566,0,4
29567,6,1
29568,0,6
29569,7,5
29570,5,0
29571,7,5
29572,8,5
29573,3,2
29574,2,4
29575,6,1
29576,1,8
29577,2,4
29578,4,0
29579,4,0
29580,1,9
29581,1,7
29582,1,7
29583,0,6
29584,2,4
29585,4,0
29586,1,1
29587,6,1
29588,0,4
29589,1,8
29590,2,4
29591,4,9
29592,1,7
29593,4,4
29594,1,2
29595,4,7
29596,1,8
29597,0,6
29598,6,1
29599,4,0
29600,0,4
29601,7,8
29602,1,3
29603,1,1
29604,7,8
29605,2,7
29606,2,4
29607,2,7
29608,7,3
29609,6,1
29610,3,3
29611,3,2
29612,3,2
29613,3,3
29614,4,0
29615,6,1
29616,8,5
29617,2,4
29618,1,8
29619,9,2
29620,5,6
29621,4,0
29622,5,6
29623,4,0
29624,3,2
29625,2,7
29626,9,2
29627,1,8
29628,1,1
29629,1,8
29630,0,6
29631,6,4
29632,1,7
29633,4,7
29634,3,8
29635,3,2
29636,7,3
29637,7,5
29638,2,4
29639,0,6
29640,1,2
29641,3,3
29642,3,3
29643,0,6
29644,5,6
29645,2,4
29646,3,2
29647,5,6
29648,7,5
29649,7,5
29650,7,3
29651,6,1
29652,1,7
29653,3,3
29654,3,2
29655,2,9
29656,1,8
29657,3,2
29658,1,1
29659,5,5
29660,4,9
29661,1,7
29662,3,2
29663,2,9
29664,4,0
29665,1,8
29666,1,1
29667,3,2
29668,1,1
29669,6,1
29670,1,3
29671,7,3
29672,1,9
29673,6,1
29674,3,2
29675,3,3
29676,4,0
29677,4,0
29678,1,8
29679,6,1
29680,1,8
29681,1,2
29682,5,6
29683,2,4
29684,4,0
29685,8,5
29686,5,6
29687,0,6
29688,1,4
29689,1,7
29690,2,4
29691,1,8
29692,1,4
29693,2,9
29694,6,7
29695,5,0
29696,7,5
29697,6,1
29698,9,2
29699,3,2
29700,7,8
29701,1,3
29702,7,8
29703,2,4
29704,4,0
29705,8,5
29706,4,0
29707,8,6
29708,7,5
29709,2,7
29710,1,9
29711,8,8
29712,1,5
29713,4,0
29714,1,7
29715,6,1
29716,3,2
29717,5,2
29718,4,0
29719,1,3
29720,9,2
29721,2,4
29722,1,8
29723,6,5
29724,4,9
29725,8,6
29726,9,2
29727,2,7
29728,8,6
29729,1,8
29730,0,7
29731,1,9
29732,4,0
29733,1,7
29734,1,2
29735,3,2
29736,4,0
29737,8,9
29738,1,9
29739,8,4
29740,1,1
29741,9,2
29742,4,4
29743,2,9
29744,0,4
29745,1,8
29746,1,1
29747,6,4
29748,7,5
29749,8,5
29750,4,0
29751,1,8
29752,2,9
29753,1,8
29754,2,4
29755,4,0
29756,1,7
29757,7,3
29758,0,6
29759,6,5
29760,8,5
29761,2,4
29762,1,7
29763,7,3
29764,8,4
29765,1,3
29766,5,6
29767,6,4
29768,8,6
29769,0,6
29770,3,2
29771,8,5
29772,4,0
29773,6,1
29774,5,6
29775,1,7
29776,5,6
29777,1,8
29778,4,9
29779,0,4
29780,5,8
29781,8,5
29782,1,8
29783,2,7
29784,9,2
29785,1,3
29786,1,7
29787,8,5
29788,6,4
29789,1,2
29790,7,5
29791,1,3
29792,2,4
29793,5,6
29794,4,4
29795,0,6
29796,1,7
29797,1,7
29798,1,8
29799,1,7
29800,1,3
29801,1,7
29802,1,9
29803,8,6
29804,7,5
29805,4,0
29806,1,7
29807,6,1
29808,8,9
29809,4,0
29810,1,1
29811,6,1
29812,1,1
29813,0,6
29814,4,4
29815,8,5
29816,7,3
29817,8,5
29818,2,4
29819,9,2
29820,2,4
29821,8,9
29822,2,9
29823,1,3
29824,1,9
29825,6,1
29826,1,7
29827,6,4
29828,1,1
29829,1,8
29830,5,5
29831,1,8
29832,8,6
29833,2,7
29834,5,5
29835,8,6
29836,0,6
29837,5,2
29838,0,6
29839,5,2
29840,6,1
29841,2,9
29842,7,5
29843,5,6
29844,3,3
29845,8,5
29846,2,9
29847,2,9
29848,4,0
29849,6,1
29850,1,7
29851,6,2
29852,8,5
29853,5,2
29854,4,4
29855,1,7
29856,1,9
29857,2,9
29858,7,8
29859,1,7
29860,4,0
29861,1,9
29862,4,0
29863,1,8
29864,0,4
29865,8,9
29866,0,4
29867,1,7
29868,6,9
29869,4,0
29870,7,5
29871,7,5
29872,5,6
29873,5,0
29874,2,9
29875,1,3
29876,3,2
29877,1,8
29878,4,9
29879,6,4
29880,8,5
29881,8,6
29882,3,3
29883,6,1
29884,4,4
29885,2,4
29886,5,8
29887,4,0
29888,4,7
29889,1,3
29890,5,5
29891,8,6
29892,7,5
29893,3,2
29894,7,3
29895,5,0
29896,1,3
29897,6,1
29898,2,4
29899,7,3
29900,1,7
29901,6,1
29902,1,1
29903,7,0
29904,3,2
29905,1,9
29906,1,2
29907,4,0
29908,4,7
29909,6,1
29910,4,4
29911,9,2
29912,7,5
29913,7,3
29914,0,4
29915,7,5
29916,7,5
29917,0,6
29918,5,0
29919,1,7
29920,1,7
29921,1,8
29922,1,4
29923,8,9
29924,7,5
29925,7,0
29926,4,0
29927,6,1
29928,5,6
29929,2,4
29930,3,2
29931,1,7
29932,3,2
29933,1,8
29934,4,0
29935,8,9
29936,1,3
29937,4,0
29938,7,9
29939,6,1
29940,8,5
29941,6,4
29942,0,4
29943,1,7
29944,5,6
29945,1,8
29946,0,4
29947,8,9
29948,1,7
29949,6,1
29950,5,6
29951,1,7
29952,1,1
29953,2,9
29954,4,7
29955,8,5
29956,2,9
29957,6,1
29958,1,3
29959,2,9
29960,5,4
29961,6,1
29962,1,3
29963,1,7
29964,1,7
29965,1,8
29966,5,6
29967,5,2
29968,1,1
29969,3,3
29970,8,6
29971,0,6
29972,1,3
29973,8,9
29974,6,1
29975,4,9
29976,6,1
29977,8,5
29978,1,9
29979,7,8
29980,1,9
29981,0,6
29982,1,7
29983,1,7
29984,1,7
29985,4,0
29986,6,1
29987,0,6
29988,8,8
29989,1,8
29990,9,2
29991,3,3
29992,8,4
29993,4,9
29994,5,0
29995,8,8
29996,4,9
29997,0,6
29998,1,7
29999,6,1
30000,7,3
30001,1,7
30002,7,3
30003,4,9
30004,0,6
30005,2,4
30006,1,4
30007,6,1
30008,1,7
30009,4,0
30010,1,9
30011,5,3
30012,8,5
30013,7,8
30014,3,2
30015,1,7
30016,4,4
30017,1,7
30018,4,7
30019,7,8
30020,7,5
30021,1,7
30022,1,9
30023,0,6
30024,0,6
30025,0,6
30026,7,8
30027,3,2
30028,7,5
30029,8,8
30030,7,5
30031,6,1
30032,3,2
30033,0,6
30034,7,0
30035,6,1
30036,5,6
30037,4,0
30038,1,8
30039,2,4
30040,7,3
30041,3,3
30042,7,5
30043,6,1
30044,4,0
30045,5,6
30046,7,5
30047,6,1
30048,1,3
30049,7,9
30050,1,8
30051,4,0
30052,4,4
30053,6,1
30054,3,2
30055,3,2
30056,9,2
30057,7,3
30058,4,0
30059,2,4
30060,1,7
30061,5,5
30062,1,3
30063,5,6
30064,9,2
30065,2,7
30066,8,4
30067,1,8
30068,1,1
30069,1,9
30070,7,3
30071,7,0
30072,7,3
30073,6,1
30074,0,6
30075,3,2
30076,9,2
30077,3,3
30078,1,2
30079,2,4
30080,5,0
30081,7,5
30082,8,5
30083,5,6
30084,3,3
30085,1,9
30086,8,5
30087,5,0
30088,9,0
30089,6,1
30090,7,3
30091,3,2
30092,7,8
30093,3,3
30094,3,2
30095,1,9
30096,4,9
30097,1,0
30098,1,8
30099,2,9
30100,1,1
30101,4,0
30102,3,2
30103,2,9
30104,1,1
30105,3,3
30106,5,6
30107,3,2
30108,2,4
30109,1,7
30110,2,9
30111,1,8
30112,5,5
30113,2,4
30114,5,6
30115,0,6
30116,7,8
30117,6,1
30118,1,7
30119,4,0
30120,3,2
30121,6,4
30122,3,2
30123,1,0
30124,7,3
30125,5,5
30126,1,1
30127,4,0
30128,5,6
30129,6,1
30130,1,3
30131,1,3
30132,8,5
30133,3,2
30134,4,4
30135,2,9
30136,1,3
30137,6,1
30138,1,9
30139,5,6
30140,1,1
30141,1,0
30142,5,6
30143,6,1
30144,4,9
30145,6,1
30146,1,1
30147,6,8
30148,1,1
30149,1,0
30150,5,6
30151,6,4
30152,5,6
30153,1,7
30154,1,7
30155,1,7
30156,1,0
30157,5,6
30158,1,1
30159,3,3
30160,4,0
30161,5,6
30162,1,8
30163,4,0
30164,9,4
30165,1,7
30166,1,7
30167,6,4
30168,0,6
30169,6,4
30170,4,0
30171,6,1
30172,1,8
30173,1,8
30174,0,4
30175,7,3
30176,1,1
30177,6,7
30178,5,6
30179,6,1
30180,4,4
30181,1,9
30182,0,6
30183,1,3
30184,9,9
30185,1,8
30186,2,4
30187,4,0
30188,4,7
30189,1,1
30190,1,7
30191,5,2
30192,5,6
30193,7,3
30194,1,1
30195,4,4
30196,4,0
30197,7,5
30198,9,4
30199,5,6
30200,1,1
30201,1,7
30202,4,7
30203,1,8
30204,4,9
30205,4,9
30206,3,3
30207,4,0
30208,2,9
30209,1,1
30210,6,1
30211,1,2
30212,4,0
30213,7,3
30214,1,1
30215,2,4
30216,8,5
30217,7,5
30218,1,1
30219,1,8
30220,4,0
30221,4,9
30222,4,0
30223,4,0
30224,1,7
30225,1,1
30226,7,3
30227,1,2
30228,5,2
30229,7,3
30230,8,6
30231,2,4
30232,5,6
30233,7,5
30234,2,4
30235,7,8
30236,1,8
30237,4,9
30238,8,1
30239,1,8
30240,4,0
30241,7,3
30242,3,8
30243,0,4
30244,1,1
30245,2,7
30246,4,0
30247,7,8
30248,7,8
30249,5,6
30250,1,7
30251,7,3
30252,8,6
30253,0,4
30254,1,3
30255,4,0
30256,7,3
30257,4,9
30258,7,3
30259,1,7
30260,1,7
30261,1,1
30262,8,5
30263,4,9
30264,1,7
30265,7,3
30266,9,4
30267,7,8
30268,7,8
30269,0,4
30270,8,1
30271,1,7
30272,8,4
30273,7,3
30274,1,1
30275,4,0
30276,4,4
30277,1,9
30278,8,5
30279,5,6
30280,7,5
30281,1,1
30282,7,3
30283,9,4
30284,7,3
30285,7,5
30286,1,7
30287,4,4
30288,7,5
30289,5,6
30290,9,7
30291,9,2
30292,1,1
30293,4,0
30294,1,7
30295,5,6
30296,4,9
30297,9,2
30298,4,4
30299,6,1
30300,4,0
30301,1,1
30302,2,7
30303,1,1
30304,1,3
30305,1,1
30306,7,3
30307,1,7
30308,3,9
30309,9,2
30310,1,7
30311,2,4
30312,5,6
30313,1,7
30314,0,6
30315,7,5
30316,2,4
30317,3,2
30318,1,8
30319,1,9
30320,4,0
30321,0,4
30322,7,8
30323,7,5
30324,1,8
30325,1,8
30326,1,4
30327,2,4
30328,4,9
30329,1,2
30330,7,8
30331,4,0
30332,0,6
30333,7,5
30334,2,9
30335,1,1
30336,9,2
30337,1,1
30338,8,6
30339,4,7
30340,4,0
30341,5,6
30342,1,9
30343,5,6
30344,5,2
30345,0,6
30346,1,2
30347,7,8
30348,1,7
30349,9,2
30350,5,6
30351,7,5
30352,4,0
30353,1,2
30354,7,3
30355,3,2
30356,3,2
30357,4,7
30358,1,9
30359,4,7
30360,1,9
30361,0,4
30362,7,3
30363,4,0
30364,6,1
30365,3,2
30366,1,1
30367,2,4
30368,1,1
30369,3,2
30370,4,0
30371,7,5
30372,6,1
30373,4,0
30374,3,8
30375,7,3
30376,9,2
30377,3,3
30378,4,9
30379,7,3
30380,2,7
30381,1,1
30382,5,0
30383,5,8
30384,4,0
30385,4,9
30386,7,3
30387,5,6
30388,4,0
30389,1,1
30390,7,5
30391,4,0
30392,5,6
30393,7,5
30394,1,9
30395,4,9
30396,8,5
30397,1,8
30398,1,3
30399,7,5
30400,7,3
30401,1,8
30402,7,5
30403,7,5
30404,1,1
30405,7,5
30406,4,9
30407,1,8
30408,1,1
30409,4,0
30410,7,5
30411,7,3
30412,1,8
30413,4,0
30414,4,7
30415,1,8
30416,5,8
30417,3,3
30418,7,8
30419,4,9
30420,1,2
30421,5,6
30422,8,4
30423,7,3
30424,4,0
30425,4,0
30426,5,6
30427,6,1
30428,1,7
30429,5,2
30430,8,1
30431,1,3
30432,1,7
30433,1,7
30434,4,0
30435,7,8
30436,6,1
30437,2,9
30438,4,0
30439,5,0
30440,5,6
30441,1,1
30442,1,7
30443,3,2
30444,5,6
30445,7,3
30446,1,9
30447,0,4
30448,7,5
30449,1,7
30450,1,8
30451,1,8
30452,4,9
30453,1,9
30454,5,6
30455,5,0
30456,8,5
30457,6,1
30458,2,4
30459,3,2
30460,7,8
30461,7,3
30462,4,7
30463,0,4
30464,1,4
30465,1,7
30466,8,6
30467,1,8
30468,5,3
30469,1,9
30470,4,9
30471,1,1
30472,2,4
30473,5,0
30474,0,6
30475,6,1
30476,7,5
30477,1,2
30478,1,8
30479,1,7
30480,4,0
30481,2,7
30482,7,5
30483,1,3
30484,4,0
30485,5,2
30486,1,1
30487,3,2
30488,7,5
30489,7,3
30490,5,6
30491,2,9
30492,3,2
30493,1,1
30494,1,8
30495,1,7
30496,5,0
30497,2,9
30498,4,9
30499,8,5
30500,4,9
30501,1,7
30502,1,7
30503,5,2
30504,1,7
30505,2,9
30506,8,4
30507,0,6
30508,1,1
30509,1,1
30510,1,8
30511,7,3
30512,6,1
30513,1,7
30514,8,5
30515,3,3
30516,1,8
30517,2,9
30518,7,6
30519,1,8
30520,8,9
30521,1,8
30522,5,2
30523,7,8
30524,1,1
30525,3,8
30526,5,6
30527,1,8
30528,7,5
30529,0,4
30530,1,2
30531,1,7
30532,2,7
30533,5,2
30534,3,2
30535,6,1
30536,8,4
30537,4,9
30538,2,7
30539,1,8
30540,7,3
30541,1,7
30542,4,4
30543,3,8
30544,5,5
30545,1,8
30546,1,8
30547,4,0
30548,5,0
30549,1,7
30550,1,1
30551,2,9
30552,0,4
30553,5,5
30554,2,4
30555,4,0
30556,1,1
30557,5,6
30558,1,7
30559,1,8
30560,1,7
30561,3,2
30562,2,9
30563,5,6
30564,1,1
30565,7,0
30566,8,5
30567,1,1
30568,7,8
30569,9,2
30570,3,2
30571,3,3
30572,8,5
30573,0,4
30574,3,3
30575,7,5
30576,8,6
30577,0,6
30578,4,0
30579,2,7
30580,3,2
30581,1,8
30582,0,6
30583,2,9
30584,1,8
30585,4,0
30586,4,0
30587,6,1
30588,0,4
30589,9,2
30590,0,4
30591,7,3
30592,1,1
30593,0,4
30594,3,2
30595,7,5
30596,5,2
30597,0,6
30598,1,9
30599,2,7
30600,1,2
30601,1,8
30602,4,4
30603,2,9
30604,4,7
30605,4,0
30606,1,1
30607,6,1
30608,0,6
30609,9,2
30610,4,7
30611,7,3
30612,1,1
30613,0,4
30614,1,1
30615,5,5
30616,1,1
30617,0,6
30618,9,0
30619,2,7
30620,1,9
30621,1,8
30622,8,5
30623,2,9
30624,4,0
30625,4,0
30626,7,5
30627,2,9
30628,1,1
30629,2,9
30630,7,6
30631,1,8
30632,0,6
30633,2,9
30634,9,2
30635,1,8
30636,4,9
30637,0,4
30638,9,6
30639,6,1
30640,3,2
30641,2,7
30642,1,3
30643,2,7
30644,1,3
30645,7,3
30646,9,9
30647,5,5
30648,5,6
30649,6,1
30650,3,3
30651,4,0
30652,1,7
30653,4,0
30654,7,8
30655,3,2
30656,1,8
30657,2,7
30658,8,4
30659,2,7
30660,7,9
30661,1,8
30662,3,3
30663,9,2
30664,1,7
30665,4,0
30666,4,4
30667,6,1
30668,4,0
30669,3,2
30670,1,7
30671,0,6
30672,9,7
30673,7,3
30674,6,7
30675,7,3
30676,7,5
30677,2,7
30678,4,0
30679,7,3
30680,5,6
30681,7,3
30682,2,4
30683,2,4
30684,1,1
30685,0,6
30686,2,9
30687,5,6
30688,1,8
30689,5,6
30690,1,2
30691,2,4
30692,1,3
30693,2,9
30694,8,9
30695,6,1
30696,4,9
30697,7,5
30698,1,9
30699,4,0
30700,4,0
30701,8,9
30702,2,4
30703,1,8
30704,4,9
30705,3,2
30706,4,0
30707,4,0
30708,2,4
30709,4,0
30710,5,2
30711,6,1
30712,1,9
30713,2,7
30714,7,5
30715,0,6
30716,5,6
30717,7,3
30718,4,7
30719,5,2
30720,3,3
30721,6,1
30722,2,7
30723,2,7
30724,3,2
30725,0,4
30726,3,2
30727,0,6
30728,1,7
30729,7,3
30730,5,2
30731,6,1
30732,1,8
30733,7,3
30734,4,0
30735,2,9
30736,6,4
30737,6,1
30738,7,8
30739,2,7
30740,7,3
30741,0,6
30742,1,1
30743,1,8
30744,5,6
30745,2,4
30746,9,2
30747,7,3
30748,4,0
30749,6,1
30750,7,9
30751,4,0
30752,9,2
30753,2,9
30754,7,3
30755,0,6
30756,1,9
30757,6,1
30758,4,9
30759,2,7
30760,3,3
30761,5,5
30762,1,2
30763,0,4
30764,7,7
30765,2,4
30766,7,5
30767,2,7
30768,1,7
30769,3,2
30770,5,6
30771,1,8
30772,1,2
30773,6,4
30774,7,3
30775,1,8
30776,5,9
30777,1,8
30778,1,9
30779,6,4
30780,3,3
30781,1,8
30782,5,9
30783,2,9
30784,5,6
30785,1,8
30786,1,7
30787,4,0
30788,8,6
30789,1,1
30790,4,0
30791,3,2
30792,8,4
30793,7,3
30794,3,2
30795,2,4
30796,0,6
30797,7,5
30798,1,7
30799,0,6
30800,7,0
30801,2,7
30802,3,2
30803,1,8
30804,1,9
30805,8,9
30806,1,8
30807,4,0
30808,2,9
30809,1,1
30810,1,2
30811,3,2
30812,5,6
30813,7,3
30814,8,9
30815,0,4
30816,9,2
30817,7,5
30818,8,6
30819,5,6
30820,5,6
30821,2,7
30822,4,6
30823,1,8
30824,7,3
30825,2,9
30826,9,2
30827,4,0
30828,4,0
30829,1,1
30830,2,4
30831,3,2
30832,1,2
30833,7,3
30834,2,9
30835,0,4
30836,2,9
30837,7,5
30838,1,9
30839,0,6
30840,3,2
30841,2,7
30842,7,5
30843,1,8
30844,7,8
30845,1,9
30846,4,4
30847,1,1
30848,1,1
30849,4,0
30850,2,9
30851,0,4
30852,1,1
30853,5,5
30854,1,1
30855,0,6
30856,0,6
30857,5,6
30858,7,5
30859,7,3
30860,3,2
30861,1,4
30862,7,8
30863,0,4
30864,8,5
30865,3,2
30866,1,1
30867,1,8
30868,0,4
30869,1,1
30870,3,8
30871,4,0
30872,1,2
30873,5,6
30874,1,8
30875,0,4
30876,6,4
30877,8,9
30878,5,6
30879,2,7
30880,3,2
30881,5,2
30882,8,6
30883,1,3
30884,3,2
30885,3,3
30886,9,4
30887,2,9
30888,2,4
30889,3,2
30890,2,4
30891,4,0
30892,1,8
30893,2,9
30894,1,1
30895,7,3
30896,7,5
30897,7,3
30898,1,1
30899,2,9
30900,1,5
30901,6,1
30902,1,7
30903,7,5
30904,5,6
30905,3,2
30906,1,1
30907,7,3
30908,1,4
30909,1,1
30910,1,9
30911,0,6
30912,1,7
30913,2,7
30914,7,8
30915,7,3
30916,5,6
30917,2,7
30918,7,5
30919,1,8
30920,1,1
30921,2,4
30922,1,9
30923,7,0
30924,1,7
30925,3,2
30926,4,0
30927,6,4
30928,8,5
30929,4,0
30930,0,6
30931,3,2
30932,1,0
30933,6,4
30934,1,3
30935,2,7
30936,1,7
30937,1,8
30938,8,1
30939,4,0
30940,1,1
30941,2,7
30942,8,9
30943,4,0
30944,4,9
30945,0,6
30946,2,7
30947,1,9
30948,4,0
30949,7,3
30950,5,6
30951,5,2
30952,1,7
30953,2,4
30954,9,4
30955,4,0
30956,5,6
30957,7,5
30958,1,1
30959,2,7
30960,1,3
30961,7,5
30962,7,3
30963,1,1
30964,7,8
30965,4,0
30966,1,1
30967,1,8
30968,7,6
30969,1,1
30970,3,2
30971,5,6
30972,5,2
30973,2,7
30974,1,3
30975,9,2
30976,3,2
30977,1,9
30978,1,1
30979,2,7
30980,7,5
30981,1,9
30982,1,7
30983,7,5
30984,7,3
30985,1,8
30986,1,3
30987,4,9
30988,1,7
30989,0,6
30990,2,7
30991,5,5
30992,4,0
30993,3,2
30994,1,8
30995,0,6
30996,1,1
30997,3,2
30998,2,7
30999,1,8
31000,7,6
31001,6,1
31002,3,2
31003,2,7
31004,1,9
31005,7,5
31006,4,4
31007,7,5
31008,7,5
31009,4,7
31010,7,5
31011,3,3
31012,6,1
31013,5,5
31014,1,8
31015,4,0
31016,6,2
31017,1,1
31018,2,9
31019,6,1
31020,3,0
31021,7,3
31022,7,5
31023,1,8
31024,1,2
31025,2,4
31026,4,0
31027,1,9
31028,8,5
31029,2,4
31030,3,8
31031,5,5
31032,7,3
31033,1,1
31034,8,8
31035,1,8
31036,4,4
31037,5,6
31038,1,1
31039,1,8
31040,5,6
31041,1,9
31042,3,3
31043,4,0
31044,7,3
31045,1,1
31046,4,6
31047,1,2
31048,1,1
31049,3,3
31050,2,4
31051,2,4
31052,4,4
31053,8,5
31054,5,6
31055,1,7
31056,1,2
31057,1,9
31058,1,1
31059,4,0
31060,1,8
31061,6,1
31062,1,7
31063,9,2
31064,9,7
31065,3,3
31066,4,7
31067,2,4
31068,3,2
31069,8,5
31070,3,2
31071,5,6
31072,4,9
31073,1,7
31074,1,9
31075,7,8
31076,1,7
31077,1,9
31078,7,5
31079,4,0
31080,1,8
31081,6,1
31082,4,0
31083,2,4
31084,1,1
31085,1,7
31086,7,5
31087,3,8
31088,4,9
31089,8,9
31090,0,4
31091,1,8
31092,3,2
31093,1,1
31094,9,9
31095,4,0
31096,9,2
31097,1,9
31098,7,3
31099,8,5
31100,1,7
31101,4,7
31102,0,4
31103,8,8
31104,5,6
31105,5,6
31106,4,4
31107,2,9
31108,3,3
31109,4,0
31110,5,6
31111,6,4
31112,4,0
31113,1,1
31114,9,4
31115,8,9
31116,4,0
31117,7,3
31118,5,6
31119,7,8
31120,4,9
31121,6,4
31122,6,1
31123,6,4
31124,7,8
31125,1,7
31126,0,4
31127,4,0
31128,4,9
31129,1,1
31130,4,9
31131,8,9
31132,8,9
31133,9,2
31134,3,1
31135,4,8
31136,7,3
31137,4,7
31138,4,0
31139,8,8
31140,7,3
31141,8,9
31142,8,9
31143,0,6
31144,1,1
31145,4,0
31146,3,2
31147,0,6
31148,5,2
31149,7,5
31150,1,2
31151,8,5
31152,5,6
31153,7,3
31154,4,0
31155,3,3
31156,2,7
31157,5,3
31158,7,5
31159,2,4
31160,1,7
31161,2,9
31162,1,8
31163,0,4
31164,2,4
31165,4,0
31166,6,1
31167,0,6
31168,1,8
31169,1,1
31170,1,9
31171,4,0
31172,4,0
31173,4,0
31174,1,1
31175,0,6
31176,7,7
31177,3,2
31178,7,3
31179,1,1
31180,4,0
31181,1,1
31182,1,8
31183,3,3
31184,0,9
31185,6,2
31186,7,5
31187,1,7
31188,3,2
31189,1,7
31190,7,5
31191,7,8
31192,1,7
31193,0,6
31194,4,0
31195,4,0
31196,1,7
31197,6,2
31198,1,1
31199,4,0
31200,9,9
31201,3,3
31202,4,0
31203,0,6
31204,5,6
31205,8,8
31206,7,8
31207,4,7
31208,5,6
31209,6,1
31210,4,7
31211,8,5
31212,0,6
31213,2,9
31214,7,5
31215,8,9
31216,3,2
31217,7,3
31218,2,9
31219,2,7
31220,0,6
31221,3,2
31222,7,5
31223,2,4
31224,8,4
31225,8,9
31226,8,9
31227,2,4
31228,8,6
31229,3,3
31230,7,5
31231,0,6
31232,0,6
31233,9,2
31234,4,0
31235,2,4
31236,7,8
31237,6,1
31238,1,1
31239,1,7
31240,3,2
31241,3,2
31242,7,5
31243,4,0
31244,4,9
31245,6,1
31246,9,4
31247,3,2
31248,1,8
31249,7,3
31250,1,1
31251,2,4
31252,1,5
31253,1,5
31254,7,3
31255,5,6
31256,1,9
31257,1,7
31258,1,2
31259,1,8
31260,7,8
31261,8,9
31262,4,9
31263,4,0
31264,1,1
31265,6,1
31266,5,5
31267,3,2
31268,5,6
31269,3,3
31270,5,6
31271,2,7
31272,4,0
31273,1,8
31274,1,3
31275,2,9
31276,3,2
31277,7,0
31278,1,1
31279,6,1
31280,1,1
31281,3,2
31282,1,1
31283,3,3
31284,1,7
31285,2,4
31286,6,1
31287,5,5
31288,4,0
31289,5,6
31290,7,5
31291,2,7
31292,1,8
31293,7,8
31294,0,6
31295,1,9
31296,6,1
31297,3,0
31298,1,8
31299,8,9
31300,1,7
31301,5,5
31302,7,5
31303,5,6
31304,3,2
31305,2,4
31306,1,8
31307,1,1
31308,7,8
31309,2,9
31310,1,0
31311,3,3
31312,0,9
31313,1,8
31314,4,0
31315,2,4
31316,7,5
31317,2,4
31318,1,1
31319,2,7
31320,2,9
31321,1,0
31322,0,4
31323,6,1
31324,2,4
31325,2,9
31326,4,9
31327,1,2
31328,7,5
31329,1,8
31330,1,7
31331,2,7
31332,1,1
31333,1,8
31334,1,8
31335,5,5
31336,2,9
31337,1,9
31338,5,2
31339,5,6
31340,2,4
31341,5,0
31342,5,6
31343,5,6
31344,7,5
31345,3,3
31346,8,5
31347,3,3
31348,1,1
31349,5,3
31350,4,0
31351,1,9
31352,7,5
31353,2,9
31354,3,2
31355,1,8
31356,4,0
31357,6,1
31358,2,9
31359,6,4
31360,5,2
31361,4,0
31362,1,7
31363,0,6
31364,4,9
31365,6,1
31366,1,1
31367,4,0
31368,0,6
31369,4,0
31370,1,1
31371,5,6
31372,1,2
31373,1,2
31374,2,7
31375,6,1
31376,2,9
31377,1,1
31378,2,4
31379,1,3
31380,7,8
31381,5,2
31382,1,7
31383,2,7
31384,1,1
31385,2,7
31386,1,1
31387,2,7
31388,3,2
31389,5,0
31390,1,8
31391,2,7
31392,7,0
31393,5,0
31394,1,9
31395,3,3
31396,1,7
31397,5,6
31398,1,7
31399,1,8
31400,4,9
31401,9,2
31402,7,5
31403,6,4
31404,1,3
31405,2,9
31406,1,1
31407,2,4
31408,1,7
31409,3,3
31410,4,0
31411,5,6
31412,4,4
31413,1,5
31414,1,8
31415,5,5
31416,2,4
31417,2,9
31418,8,5
31419,2,4
31420,6,1
31421,6,1
31422,3,2
31423,1,7
31424,7,5
31425,4,0
31426,1,9
31427,6,1
31428,4,3
31429,1,2
31430,4,0
31431,7,3
31432,6,1
31433,2,4
31434,7,5
31435,7,5
31436,4,4
31437,5,6
31438,4,4
31439,1,7
31440,5,8
31441,1,8
31442,7,5
31443,1,9
31444,7,8
31445,4,0
31446,5,3
31447,6,1
31448,2,4
31449,9,2
31450,1,3
31451,7,3
31452,7,3
31453,6,4
31454,1,2
31455,8,5
31456,4,9
31457,5,6
31458,2,4
31459,1,7
31460,4,7
31461,1,8
31462,3,2
31463,4,0
31464,5,6
31465,6,1
31466,4,0
31467,3,2
31468,8,8
31469,7,3
31470,4,0
31471,2,4
31472,8,5
31473,7,5
31474,7,8
31475,8,6
31476,4,0
31477,1,7
31478,1,1
31479,1,8
31480,4,9
31481,5,6
31482,7,3
31483,6,2
31484,0,4
31485,4,7
31486,7,8
31487,1,1
31488,1,3
31489,8,5
31490,4,0
31491,5,6
31492,3,2
31493,9,2
31494,6,1
31495,7,5
31496,7,5
31497,4,0
31498,1,1
31499,7,5
31500,0,6
31501,2,4
31502,4,0
31503,3,2
31504,7,3
31505,4,0
31506,5,2
31507,7,8
31508,5,2
31509,4,0
31510,1,7
31511,6,1
31512,1,2
31513,9,2
31514,4,4
31515,7,3
31516,8,6
31517,2,4
31518,4,0
31519,7,5
31520,7,5
31521,5,6
31522,2,4
31523,1,7
31524,4,9
31525,1,8
31526,1,1
31527,4,7
31528,1,8
31529,1,1
31530,7,8
31531,4,7
31532,2,9
31533,4,7
31534,6,1
31535,4,0
31536,4,4
31537,6,1
31538,3,3
31539,2,4
31540,1,8
31541,4,4
31542,1,7
31543,0,4
31544,1,3
31545,8,5
31546,1,2
31547,4,7
31548,3,3
31549,4,4
31550,1,7
31551,8,9
31552,2,4
31553,1,7
31554,7,5
31555,3,2
31556,6,1
31557,5,6
31558,1,7
31559,7,3
31560,1,7
31561,8,9
31562,7,3
31563,8,4
31564,7,3
31565,4,9
31566,2,9
31567,4,0
31568,0,6
31569,1,8
31570,1,1
31571,1,7
31572,5,6
31573,2,9
31574,2,4
31575,4,0
31576,9,7
31577,5,6
31578,1,1
31579,7,3
31580,4,4
31581,4,0
31582,7,3
31583,6,4
31584,7,5
31585,5,6
31586,5,6
31587,7,3
31588,8,6
31589,2,7
31590,7,5
31591,1,8
31592,1,1
31593,8,9
31594,4,7
31595,3,3
31596,1,3
31597,6,1
31598,4,4
31599,1,8
31600,7,8
31601,2,4
31602,1,3
31603,9,2
31604,4,0
31605,8,9
31606,5,6
31607,7,8
31608,3,2
31609,5,2
31610,7,3
31611,7,8
31612,8,6
31613,5,6
31614,1,7
31615,7,5
31616,5,2
31617,9,2
31618,7,5
31619,5,6
31620,5,6
31621,8,9
31622,7,8
31623,5,6
31624,9,9
31625,4,0
31626,5,6
31627,7,3
31628,1,0
31629,5,6
31630,1,8
31631,7,3
31632,8,4
31633,6,1
31634,3,2
31635,5,2
31636,7,3
31637,7,5
31638,5,2
31639,4,0
31640,1,1
31641,7,3
31642,1,1
31643,1,7
31644,7,5
31645,7,6
31646,5,6
31647,6,1
31648,4,7
31649,5,5
31650,5,5
31651,7,5
31652,1,9
31653,2,9
31654,5,6
31655,1,8
31656,3,8
31657,4,0
31658,9,2
31659,1,9
31660,4,4
31661,5,0
31662,1,2
31663,1,1
31664,1,3
31665,3,2
31666,5,2
31667,7,3
31668,0,4
31669,0,4
31670,0,6
31671,1,7
31672,6,6
31673,3,8
31674,1,7
31675,8,9
31676,2,9
31677,4,0
31678,1,7
31679,1,1
31680,7,3
31681,3,2
31682,8,5
31683,4,0
31684,1,7
31685,1,1
31686,5,6
31687,7,5
31688,9,2
31689,1,1
31690,9,7
31691,7,3
31692,4,4
31693,4,9
31694,7,5
31695,4,0
31696,3,2
31697,8,9
31698,1,7
31699,4,7
31700,1,9
31701,1,1
31702,8,5
31703,7,3
31704,7,8
31705,0,6
31706,5,8
31707,1,9
31708,0,6
31709,3,2
31710,5,8
31711,0,4
31712,1,7
31713,2,7
31714,4,6
31715,1,7
31716,4,0
31717,0,4
31718,6,1
31719,7,3
31720,1,3
31721,1,8
31722,7,3
31723,7,3
31724,1,3
31725,1,7
31726,7,8
31727,2,1
31728,4,4
31729,6,1
31730,2,7
31731,2,7
31732,7,8
31733,4,9
31734,7,5
31735,7,3
31736,5,6
31737,2,9
31738,7,8
31739,6,1
31740,1,2
31741,5,6
31742,4,7
31743,0,4
31744,4,9
31745,7,3
31746,7,5
31747,2,9
31748,1,3
31749,1,8
31750,4,4
31751,6,1
31752,5,6
31753,4,0
31754,5,6
31755,1,1
31756,7,5
31757,5,2
31758,1,8
31759,7,3
31760,5,8
31761,0,4
31762,1,1
31763,7,5
31764,1,1
31765,1,8
31766,1,1
31767,1,9
31768,7,5
31769,4,0
31770,1,8
31771,1,1
31772,7,5
31773,1,2
31774,4,4
31775,7,3
31776,9,4
31777,0,4
31778,3,0
31779,7,5
31780,1,1
31781,7,8
31782,8,5
31783,4,9
31784,1,1
31785,4,0
31786,4,9
31787,1,1
31788,7,3
31789,3,2
31790,4,4
31791,7,3
31792,1,7
31793,0,4
31794,1,2
31795,7,5
31796,4,7
31797,0,6
31798,8,9
31799,1,7
31800,1,8
31801,3,8
31802,1,2
31803,8,9
31804,1,7
31805,7,3
31806,0,6
31807,5,2
31808,4,0
31809,4,9
31810,7,8
31811,7,3
31812,1,7
31813,5,2
31814,4,4
31815,1,1
31816,1,8
31817,0,4
31818,4,9
31819,7,5
31820,8,5
31821,7,5
31822,1,9
31823,1,2
31824,2,7
31825,7,3
31826,4,7
31827,5,2
31828,2,9
31829,1,1
31830,4,0
31831,3,3
31832,1,8
31833,4,9
31834,8,9
31835,4,7
31836,4,0
31837,9,2
31838,7,5
31839,1,1
31840,4,9
31841,4,9
31842,1,9
31843,1,1
31844,1,7
31845,1,8
31846,6,1
31847,1,8
31848,6,1
31849,1,7
31850,1,7
31851,1,8
31852,5,2
31853,1,1
31854,1,9
31855,4,0
31856,1,6
31857,4,0
31858,0,4
31859,5,6
31860,2,4
31861,2,7
31862,1,1
31863,7,5
31864,1,1
31865,4,0
31866,8,9
31867,5,6
31868,7,3
31869,1,1
31870,1,1
31871,1,1
31872,2,4
31873,3,2
31874,9,2
31875,7,5
31876,8,9
31877,4,0
31878,4,9
31879,1,7
31880,1,8
31881,1,8
31882,1,7
31883,0,4
31884,3,2
31885,0,4
31886,7,5
31887,1,1
31888,4,9
31889,1,8
31890,1,2
31891,7,5
31892,5,6
31893,4,9
31894,1,1
31895,4,0
31896,1,9
31897,7,3
31898,5,6
31899,1,7
31900,7,5
31901,1,1
31902,1,7
31903,0,6
31904,4,0
31905,3,2
31906,7,8
31907,5,6
31908,1,1
31909,5,6
31910,2,7
31911,1,1
31912,1,7
31913,3,3
31914,1,7
31915,1,8
31916,1,1
31917,8,9
31918,2,9
31919,8,9
31920,1,1
31921,7,5
31922,8,9
31923,4,9
31924,5,6
31925,7,3
31926,8,5
31927,1,7
31928,3,2
31929,7,5
31930,1,1
31931,5,6
31932,6,1
31933,1,2
31934,1,9
31935,5,2
31936,1,3
31937,4,0
31938,1,8
31939,8,9
31940,0,4
31941,0,4
31942,4,9
31943,5,0
31944,7,5
31945,1,1
31946,7,5
31947,3,2
31948,5,6
31949,7,3
31950,6,1
31951,0,4
31952,1,3
31953,7,5
31954,8,6
31955,5,6
31956,3,2
31957,1,7
31958,1,2
31959,1,8
31960,3,3
31961,8,9
31962,5,3
31963,1,1
31964,1,7
31965,0,4
31966,1,1
31967,1,7
31968,7,8
31969,4,0
31970,3,2
31971,1,1
31972,1,8
31973,3,2
31974,5,6
31975,7,3
31976,7,5
31977,0,4
31978,9,2
31979,7,5
31980,1,1
31981,5,6
31982,8,5
31983,1,7
31984,4,4
31985,1,8
31986,1,9
31987,8,9
31988,1,3
31989,3,3
31990,1,1
31991,1,7
31992,4,7
31993,1,1
31994,4,4
31995,4,0
31996,2,7
31997,1,7
31998,5,6
31999,5,5
32000,1,8
32001,7,5
32002,0,6
32003,5,6
32004,4,7
32005,1,1
32006,0,6
32007,4,0
32008,1,2
32009,5,0
32010,5,2
32011,3,8
32012,4,8
32013,1,3
32014,4,4
32015,0,4
32016,1,9
32017,1,3
32018,1,8
32019,1,1
32020,2,4
32021,8,9
32022,3,2
32023,8,5
32024,1,2
32025,1,3
32026,7,5
32027,2,4
32028,1,7
32029,1,9
32030,7,8
32031,1,3
32032,1,4
32033,1,9
32034,1,1
32035,3,2
32036,4,0
32037,2,4
32038,1,1
32039,7,5
32040,7,5
32041,6,1
32042,3,3
32043,5,6
32044,3,3
32045,2,4
32046,1,8
32047,4,9
32048,1,7
32049,0,4
32050,5,6
32051,8,9
32052,7,5
32053,2,4
32054,1,1
32055,1,1
32056,4,4
32057,3,2
32058,0,6
32059,5,5
32060,7,5
32061,1,8
32062,4,0
32063,1,1
32064,1,9
32065,1,2
32066,1,9
32067,1,9
32068,1,9
32069,2,4
32070,5,1
32071,7,3
32072,8,8
32073,1,8
32074,8,5
32075,3,2
32076,7,8
32077,5,2
32078,1,8
32079,1,1
32080,7,5
32081,3,2
32082,5,6
32083,1,1
32084,4,4
32085,6,1
32086,4,0
32087,7,3
32088,2,4
32089,1,9
32090,7,5
32091,7,3
32092,4,0
32093,1,8
32094,2,4
32095,2,7
32096,1,1
32097,7,0
32098,4,0
32099,2,7
32100,8,9
32101,0,4
32102,1,8
32103,1,8
32104,1,7
32105,1,8
32106,5,3
32107,8,5
32108,4,4
32109,4,0
32110,7,8
32111,0,6
32112,8,4
32113,0,6
32114,1,3
32115,7,3
32116,1,8
32117,1,7
32118,5,6
32119,0,6
32120,1,7
32121,2,9
32122,1,7
32123,2,9
32124,2,4
32125,6,4
32126,4,4
32127,1,8
32128,2,9
32129,1,1
32130,4,0
32131,4,0
32132,8,5
32133,6,1
32134,5,5
32135,3,2
32136,7,5
32137,5,3
32138,1,1
32139,2,4
32140,5,6
32141,5,5
32142,1,2
32143,5,6
32144,4,0
32145,2,7
32146,3,2
32147,3,8
32148,6,2
32149,2,9
32150,1,7
32151,4,0
32152,1,9
32153,6,1
32154,7,5
32155,3,2
32156,8,5
32157,7,3
32158,6,1
32159,2,7
32160,4,0
32161,1,8
32162,4,0
32163,8,9
32164,9,4
32165,4,0
32166,1,8
32167,6,1
32168,7,5
32169,9,2
32170,3,2
32171,3,3
32172,9,4
32173,2,7
32174,1,7
32175,1,8
32176,3,3
32177,8,9
32178,1,4
32179,6,1
32180,8,6
32181,1,8
32182,4,4
32183,5,6
32184,4,0
32185,2,7
32186,2,4
32187,6,1
32188,4,4
32189,6,1
32190,1,7
32191,2,4
32192,7,3
32193,3,3
32194,7,3
32195,2,7
32196,2,9
32197,2,7
32198,7,5
32199,1,8
32200,7,5
32201,2,9
32202,1,2
32203,3,3
32204,6,1
32205,5,6
32206,7,8
32207,4,0
32208,1,7
32209,7,3
32210,4,0
32211,5,6
32212,3,2
32213,6,4
32214,7,5
32215,1,7
32216,9,2
32217,5,5
32218,8,8
32219,5,6
32220,1,7
32221,4,0
32222,5,6
32223,3,3
32224,6,1
32225,1,8
32226,1,8
32227,7,3
32228,0,6
32229,6,1
32230,5,6
32231,6,1
32232,4,4
32233,7,5
32234,7,3
32235,2,9
32236,1,7
32237,5,0
32238,4,4
32239,1,9
32240,5,6
32241,0,6
32242,0,6
32243,3,2
32244,1,8
32245,6,1
32246,1,1
32247,2,7
32248,7,5
32249,1,9
32250,5,2
32251,2,9
32252,4,7
32253,1,8
32254,8,5
32255,0,6
32256,1,9
32257,0,6
32258,8,5
32259,1,8
32260,8,9
32261,1,8
32262,0,4
32263,3,2
32264,3,2
32265,5,6
32266,1,7
32267,3,3
32268,4,0
32269,9,2
32270,1,8
32271,2,9
32272,4,4
32273,7,0
32274,4,0
32275,3,3
32276,5,3
32277,5,5
32278,2,4
32279,1,8
32280,5,2
32281,3,3
32282,1,7
32283,5,5
32284,7,3
32285,1,8
32286,2,4
32287,7,5
32288,1,2
32289,1,7
32290,7,5
32291,2,7
32292,3,2
32293,4,0
32294,1,7
32295,1,1
32296,6,1
32297,3,2
32298,4,0
32299,3,3
32300,1,8
32301,4,4
32302,0,6
32303,8,5
32304,1,9
32305,8,6
32306,1,1
32307,1,7
32308,1,4
32309,1,8
32310,8,4
32311,1,9
32312,5,6
32313,5,0
32314,1,3
32315,6,1
32316,1,9
32317,5,2
32318,3,2
32319,5,3
32320,0,6
32321,2,4
32322,8,5
32323,1,5
32324,7,5
32325,5,6
32326,6,1
32327,1,7
32328,8,4
32329,1,8
32330,3,3
32331,1,9
32332,1,1
32333,5,0
32334,1,1
32335,6,1
32336,4,0
32337,1,2
32338,1,1
32339,5,3
32340,4,4
32341,2,4
32342,2,9
32343,1,5
32344,5,5
32345,8,6
32346,1,7
32347,1,7
32348,5,5
32349,1,8
32350,2,9
32351,1,9
32352,1,8
32353,1,1
32354,8,5
32355,1,8
32356,4,9
32357,0,6
32358,6,1
32359,1,7
32360,2,9
32361,5,2
32362,7,5
32363,1,7
32364,4,7
32365,1,1
32366,4,9
32367,1,1
32368,1,9
32369,2,4
32370,5,6
32371,3,3
32372,5,5
32373,1,7
32374,8,9
32375,1,8
32376,7,3
32377,1,9
32378,6,1
32379,7,3
32380,4,9
32381,5,6
32382,5,2
32383,4,0
32384,9,4
32385,7,3
32386,7,5
32387,2,4
32388,4,0
32389,1,8
32390,7,8
32391,2,4
32392,6,1
32393,8,5
32394,8,5
32395,1,7
32396,4,9
32397,8,5
32398,7,3
32399,5,0
32400,7,8
32401,3,3
32402,5,6
32403,2,9
32404,1,8
32405,3,2
32406,6,1
32407,1,8
32408,1,2
32409,5,3
32410,1,9
32411,1,1
32412,2,4
32413,1,1
32414,7,3
32415,1,5
32416,1,7
32417,1,9
32418,9,2
32419,2,4
32420,3,3
32421,5,3
32422,3,3
32423,5,0
32424,9,2
32425,8,4
32426,7,8
32427,0,0
32428,1,7
32429,1,9
32430,1,2
32431,5,6
32432,1,7
32433,2,9
32434,1,3
32435,3,2
32436,0,6
32437,3,2
32438,3,2
32439,1,1
32440,1,1
32441,1,7
32442,4,4
32443,2,9
32444,7,3
32445,6,5
32446,1,1
32447,6,1
32448,2,4
32449,1,1
32450,1,2
32451,1,9
32452,1,8
32453,1,8
32454,4,0
32455,0,6
32456,8,8
32457,1,9
32458,8,4
32459,5,0
32460,1,7
32461,5,0
32462,6,1
32463,4,0
32464,0,6
32465,6,1
32466,8,4
32467,1,8
32468,1,8
32469,2,4
32470,4,7
32471,1,8
32472,6,1
32473,1,8
32474,1,1
32475,1,2
32476,1,3
32477,5,6
32478,1,8
32479,3,3
32480,7,8
32481,5,2
32482,1,1
32483,1,9
32484,7,3
32485,5,2
32486,1,1
32487,8,4
32488,7,5
32489,4,0
32490,1,3
32491,1,9
32492,5,5
32493,4,0
32494,4,0
32495,3,3
32496,6,1
32497,1,7
32498,2,4
32499,0,4
32500,5,6
32501,8,5
32502,1,8
32503,1,8
32504,9,9
32505,5,3
32506,7,5
32507,8,5
32508,3,2
32509,1,8
32510,6,2
32511,1,5
32512,0,4
32513,4,4
32514,4,0
32515,1,7
32516,7,8
32517,5,6
32518,2,4
32519,1,5
32520,4,0
32521,5,2
32522,5,6
32523,3,2
32524,2,4
32525,3,2
32526,4,0
32527,1,7
32528,1,1
32529,1,7
32530,1,1
32531,9,0
32532,8,9
32533,1,5
32534,1,1
32535,6,1
32536,6,1
32537,1,5
32538,1,7
32539,3,3
32540,6,1
32541,4,0
32542,1,7
32543,1,1
32544,7,8
32545,3,2
32546,0,6
32547,7,5
32548,7,5
32549,5,6
32550,4,0
32551,4,7
32552,4,9
32553,1,8
32554,1,1
32555,4,9
32556,0,4
32557,4,0
32558,2,4
32559,1,1
32560,0,4
32561,3,2
32562,1,1
32563,3,3
32564,4,0
32565,0,4
32566,7,5
32567,7,5
32568,5,0
32569,5,6
32570,8,5
32571,1,7
32572,5,6
32573,4,8
32574,4,0
32575,4,0
32576,5,6
32577,1,1
32578,4,4
32579,3,2
32580,1,7
32581,3,3
32582,8,5
32583,0,4
32584,1,7
32585,7,5
32586,1,3
32587,5,6
32588,7,3
32589,1,7
32590,3,2
32591,3,8
32592,8,6
32593,2,9
32594,2,9
32595,3,2
32596,7,8
32597,1,1
32598,7,5
32599,1,7
32600,5,5
32601,3,2
32602,2,4
32603,5,5
32604,1,7
32605,4,0
32606,1,2
32607,1,8
32608,2,7
32609,4,0
32610,3,3
32611,9,2
32612,1,1
32613,1,7
32614,8,5
32615,3,8
32616,8,5
32617,1,8
32618,1,9
32619,3,3
32620,1,7
32621,4,0
32622,7,8
32623,5,6
32624,5,6
32625,4,0
32626,1,7
32627,3,2
32628,0,4
32629,1,7
32630,3,2
32631,0,6
32632,1,1
32633,0,6
32634,3,2
32635,6,1
32636,7,8
32637,3,2
32638,7,8
32639,1,8
32640,5,2
32641,3,8
32642,7,3
32643,1,7
32644,3,3
32645,4,7
32646,7,5
32647,2,4
32648,2,9
32649,1,7
32650,3,2
32651,4,7
32652,7,3
32653,7,3
32654,9,2
32655,4,7
32656,7,3
32657,0,4
32658,0,6
32659,5,5
32660,1,1
32661,2,4
32662,9,7
32663,7,3
32664,1,3
32665,3,3
32666,4,0
32667,7,8
32668,7,9
32669,0,4
32670,5,6
32671,7,5
32672,1,9
32673,0,4
32674,7,5
32675,1,1
32676,8,9
32677,1,1
32678,3,2
32679,4,9
32680,7,3
32681,2,7
32682,4,0
32683,4,4
32684,7,5
32685,1,3
32686,7,5
32687,2,7
32688,7,3
32689,7,3
32690,4,0
32691,3,3
32692,5,6
32693,4,0
32694,0,6
32695,3,2
32696,0,6
32697,7,5
32698,7,5
32699,7,5
32700,1,7
32701,5,6
32702,7,5
32703,7,3
32704,6,1
32705,6,1
32706,2,9
32707,7,5
32708,4,0
32709,1,2
32710,1,1
32711,7,5
32712,5,8
32713,2,9
32714,8,9
32715,4,9
32716,2,7
32717,1,8
32718,1,1
32719,4,4
32720,7,5
32721,6,1
32722,1,8
32723,4,0
32724,5,5
32725,0,6
32726,3,2
32727,4,0
32728,1,7
32729,4,9
32730,3,3
32731,0,6
32732,2,9
32733,7,8
32734,5,6
32735,3,8
32736,5,6
32737,7,5
32738,1,7
32739,0,6
32740,1,7
32741,6,1
32742,1,8
32743,1,1
32744,1,2
32745,2,9
32746,4,0
32747,1,8
32748,7,5
32749,4,9
32750,7,5
32751,3,2
32752,0,6
32753,3,3
32754,0,6
32755,7,5
32756,1,1
32757,7,5
32758,7,5
32759,4,9
32760,7,8
32761,2,4
32762,2,4
32763,3,2
32764,1,3
32765,1,1
32766,1,8
32767,1,9
32768,1,2
32769,0,4
32770,7,8
32771,4,9
32772,4,4
32773,6,1
32774,7,8
32775,7,3
32776,5,4
32777,4,9
32778,4,0
32779,3,2
32780,3,2
32781,4,0
32782,8,6
32783,5,6
32784,4,8
32785,4,0
32786,5,3
32787,0,4
32788,7,5
32789,4,0
32790,7,3
32791,0,6
32792,3,2
32793,4,0
32794,3,3
32795,1,1
32796,7,8
32797,3,2
32798,4,4
32799,7,3
32800,4,0
32801,0,4
32802,8,4
32803,0,6
32804,7,3
32805,7,8
32806,1,8
32807,6,1
32808,1,1
32809,3,2
32810,4,0
32811,7,3
32812,1,7
32813,2,4
32814,5,1
32815,7,5
32816,1,9
32817,0,6
32818,6,2
32819,2,7
32820,1,7
32821,2,9
32822,8,5
32823,1,1
32824,6,1
32825,3,2
32826,4,6
32827,3,3
32828,5,5
32829,1,4
32830,8,4
32831,7,5
32832,4,4
32833,0,6
32834,4,0
32835,1,7
32836,3,2
32837,7,8
32838,0,4
32839,0,6
32840,7,5
32841,0,6
32842,1,1
32843,4,0
32844,4,7
32845,3,2
32846,3,0
32847,7,3
32848,2,9
32849,1,7
32850,1,3
32851,0,4
32852,1,1
32853,1,7
32854,3,2
32855,6,1
32856,9,2
32857,1,9
32858,4,0
32859,1,1
32860,2,9
32861,1,7
32862,2,4
32863,1,1
32864,8,8
32865,0,4
32866,0,6
32867,4,0
32868,5,6
32869,4,0
32870,7,5
32871,1,1
32872,5,2
32873,1,7
32874,1,8
32875,7,5
32876,8,6
32877,2,7
32878,1,9
32879,1,1
32880,5,0
32881,3,3
32882,4,9
32883,3,3
32884,1,8
32885,1,3
32886,1,1
32887,6,1
32888,1,7
32889,5,6
32890,1,1
32891,1,9
32892,1,1
32893,1,7
32894,0,6
32895,0,4
32896,1,7
32897,3,3
32898,2,9
32899,4,0
32900,7,3
32901,3,2
32902,7,5
32903,5,6
32904,4,9
32905,4,0
32906,1,7
32907,1,8
32908,7,9
32909,2,9
32910,4,9
32911,0,4
32912,5,6
32913,7,3
32914,1,1
32915,7,5
32916,1,9
32917,0,4
32918,1,2
32919,7,8
32920,1,7
32921,1,1
32922,5,6
32923,7,5
32924,1,7
32925,4,0
32926,1,8
32927,0,6
32928,3,2
32929,0,6
32930,4,9
32931,7,3
32932,5,6
32933,7,3
32934,1,2
32935,7,8
32936,1,8
32937,1,1
32938,5,6
32939,0,4
32940,7,3
32941,1,7
32942,5,6
32943,7,5
32944,7,3
32945,2,7
32946,4,0
32947,1,2
32948,1,8
32949,1,2
32950,4,0
32951,4,0
32952,4,0
32953,4,0
32954,7,5
32955,2,7
32956,2,7
32957,1,7
32958,1,1
32959,2,9
32960,7,3
32961,7,5
32962,7,8
32963,2,9
32964,5,3
32965,7,8
32966,4,0
32967,4,9
32968,5,8
32969,0,6
32970,2,9
32971,7,8
32972,2,9
32973,3,2
32974,6,1
32975,7,3
32976,4,4
32977,9,6
32978,5,6
32979,1,1
32980,1,7
32981,5,2
32982,7,8
32983,4,9
32984,7,3
32985,1,2
32986,1,1
32987,7,5
32988,4,7
32989,3,2
32990,3,3
32991,1,2
32992,5,5
32993,0,4
32994,5,6
32995,7,8
32996,8,5
32997,2,4
32998,1,2
32999,5,6
33000,7,3
33001,8,5
33002,1,3
33003,4,0
33004,7,3
33005,6,1
33006,5,6
33007,3,2
33008,5,2
33009,3,3
33010,5,6
33011,2,4
33012,6,1
33013,1,5
33014,1,9
33015,5,6
33016,3,2
33017,1,7
33018,3,8
33019,1,8
33020,4,0
33021,4,9
33022,3,3
33023,4,0
33024,1,1
33025,6,1
33026,1,8
33027,5,2
33028,7,3
33029,3,3
33030,5,6
33031,4,4
33032,0,6
33033,5,5
33034,8,6
33035,5,6
33036,1,8
33037,1,7
33038,1,8
33039,1,8
33040,0,6
33041,2,9
33042,4,0
33043,5,0
33044,7,5
33045,6,1
33046,7,5
33047,5,2
33048,8,1
33049,3,3
33050,1,7
33051,2,4
33052,1,9
33053,5,5
33054,3,3
33055,5,6
33056,5,6
33057,1,7
33058,9,6
33059,1,8
33060,1,2
33061,1,9
33062,6,7
33063,5,6
33064,0,4
33065,1,2
33066,7,0
33067,2,7
33068,3,2
33069,6,1
33070,0,4
33071,1,5
33072,7,8
33073,5,6
33074,7,8
33075,3,2
33076,8,6
33077,1,5
33078,4,0
33079,7,0
33080,7,3
33081,1,5
33082,1,7
33083,2,4
33084,1,1
33085,1,2
33086,1,1
33087,4,0
33088,1,2
33089,7,8
33090,5,2
33091,1,1
33092,6,1
33093,1,7
33094,1,2
33095,6,1
33096,3,2
33097,7,8
33098,2,9
33099,7,3
33100,0,6
33101,1,8
33102,5,6
33103,1,7
33104,1,7
33105,6,1
33106,9,4
33107,1,7
33108,6,1
33109,1,7
33110,1,1
33111,5,0
33112,4,0
33113,6,1
33114,7,3
33115,8,4
33116,5,6
33117,0,4
33118,4,0
33119,8,4
33120,1,2
33121,1,5
33122,6,1
33123,1,7
33124,6,1
33125,8,4
33126,9,9
33127,8,4
33128,4,7
33129,2,9
33130,1,9
33131,1,7
33132,7,3
33133,5,2
33134,1,7
33135,0,6
33136,4,0
33137,8,5
33138,7,5
33139,3,3
33140,1,1
33141,2,9
33142,4,0
33143,8,4
33144,1,9
33145,7,3
33146,3,3
33147,1,9
33148,4,0
33149,4,0
33150,5,8
33151,7,8
33152,7,8
33153,1,7
33154,5,6
33155,1,9
33156,8,9
33157,4,0
33158,1,2
33159,5,6
33160,3,2
33161,3,3
33162,4,8
33163,3,0
33164,1,7
33165,8,4
33166,1,1
33167,5,6
33168,3,2
33169,3,3
33170,1,7
33171,1,7
33172,4,0
33173,4,0
33174,4,9
33175,1,1
33176,1,1
33177,2,4
33178,8,6
33179,1,8
33180,5,2
33181,7,8
33182,4,9
33183,1,1
33184,3,2
33185,3,2
33186,7,3
33187,2,9
33188,6,1
33189,7,3
33190,1,1
33191,1,1
33192,4,0
33193,1,8
33194,7,3
33195,8,4
33196,1,7
33197,9,2
33198,8,8
33199,1,9
33200,7,5
33201,7,8
33202,7,8
33203,5,2
33204,0,4
33205,7,8
33206,7,5
33207,5,6
33208,3,3
33209,5,6
33210,9,2
33211,2,9
33212,1,9
33213,3,2
33214,4,0
33215,2,9
33216,7,5
33217,5,6
33218,1,4
33219,4,0
33220,8,5
33221,1,5
33222,5,5
33223,3,3
33224,1,1
33225,3,3
33226,4,9
33227,0,6
33228,4,0
33229,3,3
33230,4,0
33231,6,1
33232,2,9
33233,3,2
33234,2,7
33235,8,5
33236,1,9
33237,4,0
33238,4,0
33239,3,3
33240,7,3
33241,1,7
33242,7,6
33243,6,1
33244,4,0
33245,5,5
33246,1,9
33247,1,5
33248,1,4
33249,2,9
33250,1,2
33251,1,8
33252,4,9
33253,5,0
33254,4,0
33255,2,9
33256,2,9
33257,4,0
33258,0,6
33259,1,1
33260,8,5
33261,3,2
33262,4,4
33263,7,3
33264,5,6
33265,2,4
33266,8,1
33267,7,5
33268,1,1
33269,0,6
33270,1,8
33271,1,7
33272,5,6
33273,1,8
33274,6,2
33275,2,9
33276,7,3
33277,4,0
33278,7,8
33279,6,1
33280,1,7
33281,3,2
33282,2,4
33283,3,3
33284,4,7
33285,2,4
33286,8,9
33287,1,7
33288,8,5
33289,7,8
33290,5,2
33291,2,9
33292,4,0
33293,7,0
33294,7,5
33295,6,1
33296,3,2
33297,3,2
33298,1,1
33299,7,3
33300,2,9
33301,2,4
33302,4,0
33303,8,5
33304,1,7
33305,0,6
33306,1,4
33307,2,7
33308,2,9
33309,1,8
33310,1,1
33311,1,9
33312,4,4
33313,2,9
33314,0,6
33315,1,7
33316,3,3
33317,2,4
33318,0,6
33319,6,1
33320,4,4
33321,7,5
33322,4,4
33323,7,8
33324,7,5
33325,1,8
33326,1,1
33327,4,0
33328,4,6
33329,2,9
33330,5,0
33331,3,3
33332,1,1
33333,3,2
33334,3,2
33335,6,7
33336,4,9
33337,1,8
33338,7,8
33339,6,1
33340,7,5
33341,0,6
33342,3,2
33343,6,1
33344,5,3
33345,4,0
33346,2,4
33347,6,4
33348,4,7
33349,8,5
33350,4,0
33351,7,3
33352,8,5
33353,4,9
33354,6,1
33355,2,4
33356,1,7
33357,1,3
33358,4,9
33359,8,4
33360,8,9
33361,3,2
33362,1,7
33363,4,0
33364,5,2
33365,5,5
33366,1,9
33367,4,0
33368,1,1
33369,6,1
33370,6,1
33371,7,3
33372,8,9
33373,3,2
33374,1,1
33375,2,9
33376,7,5
33377,6,1
33378,1,0
33379,0,6
33380,1,9
33381,4,0
33382,1,8
33383,6,1
33384,1,7
33385,6,1
33386,7,8
33387,1,8
33388,4,8
33389,4,0
33390,4,0
33391,6,4
33392,4,0
33393,1,7
33394,1,1
33395,1,7
33396,1,1
33397,0,6
33398,1,1
33399,3,3
33400,3,3
33401,5,6
33402,4,9
33403,4,0
33404,7,5
33405,2,7
33406,1,7
33407,7,3
33408,2,7
33409,8,5
33410,8,6
33411,2,4
33412,3,3
33413,3,2
33414,3,2
33415,2,4
33416,6,1
33417,6,1
33418,1,1
33419,7,8
33420,7,5
33421,3,3
33422,1,9
33423,1,7
33424,1,8
33425,1,1
33426,4,4
33427,4,0
33428,1,1
33429,5,6
33430,1,7
33431,2,7
33432,7,3
33433,6,1
33434,5,6
33435,3,2
33436,5,6
33437,7,5
33438,1,2
33439,1,8
33440,1,1
33441,1,1
33442,4,0
33443,6,9
33444,3,3
33445,7,3
33446,1,1
33447,1,8
33448,7,5
33449,3,2
33450,0,6
33451,1,8
33452,1,8
33453,8,8
33454,8,6
33455,1,7
33456,1,1
33457,6,1
33458,1,1
33459,1,7
33460,7,8
33461,2,9
33462,1,1
33463,3,2
33464,1,0
33465,4,0
33466,1,7
33467,6,1
33468,3,3
33469,1,2
33470,1,7
33471,7,3
33472,4,9
33473,4,4
33474,0,6
33475,8,5
33476,1,8
33477,0,6
33478,2,4
33479,1,7
33480,6,1
33481,7,8
33482,4,0
33483,8,9
33484,8,6
33485,4,0
33486,5,6
33487,6,1
33488,1,2
33489,9,2
33490,1,8
33491,7,3
33492,4,0
33493,4,4
33494,7,5
33495,8,5
33496,4,0
33497,0,6
33498,1,1
33499,4,7
33500,7,3
33501,4,0
33502,7,5
33503,1,1
33504,1,7
33505,4,2
33506,1,4
33507,7,3
33508,1,1
33509,2,4
33510,7,3
33511,8,5
33512,4,0
33513,5,6
33514,1,8
33515,4,7
33516,6,1
33517,7,8
33518,5,6
33519,7,8
33520,5,6
33521,1,7
33522,4,0
33523,8,4
33524,2,7
33525,1,7
33526,3,2
33527,1,7
33528,7,5
33529,7,3
33530,2,7
33531,8,9
33532,3,3
33533,7,8
33534,4,0
33535,1,1
33536,4,0
33537,8,5
33538,4,0
33539,7,8
33540,3,2
33541,3,2
33542,8,6
33543,1,7
33544,1,9
33545,4,4
33546,1,8
33547,1,2
33548,5,6
33549,0,6
33550,5,6
33551,4,4
33552,4,4
33553,7,5
33554,2,4
33555,7,5
33556,1,1
33557,7,8
33558,1,1
33559,0,6
33560,5,6
33561,2,4
33562,7,5
33563,8,4
33564,0,6
33565,2,4
33566,7,3
33567,1,1
33568,3,3
33569,7,8
33570,1,8
33571,1,7
33572,5,6
33573,7,5
33574,4,4
33575,8,5
33576,7,9
33577,8,1
33578,4,0
33579,7,8
33580,6,1
33581,8,9
33582,2,7
33583,7,3
33584,0,6
33585,0,6
33586,1,1
33587,7,3
33588,0,6
33589,7,3
33590,1,3
33591,3,2
33592,8,9
33593,4,2
33594,7,3
33595,0,6
33596,1,1
33597,2,9
33598,7,5
33599,2,9
33600,1,1
33601,5,6
33602,7,5
33603,7,5
33604,5,6
33605,8,5
33606,4,9
33607,7,3
33608,4,0
33609,3,3
33610,4,9
33611,7,8
33612,2,7
33613,6,1
33614,4,4
33615,0,6
33616,1,7
33617,7,5
33618,1,7
33619,0,6
33620,9,2
33621,7,8
33622,5,5
33623,6,1
33624,3,3
33625,8,9
33626,0,4
33627,1,7
33628,1,1
33629,0,6
33630,4,4
33631,7,8
33632,7,5
33633,7,3
33634,1,1
33635,1,7
33636,1,8
33637,4,4
33638,2,4
33639,1,7
33640,4,0
33641,3,0
33642,4,9
33643,2,9
33644,9,2
33645,7,0
33646,1,1
33647,4,0
33648,1,1
33649,7,3
33650,2,4
33651,1,7
33652,1,1
33653,8,9
33654,1,1
33655,7,3
33656,4,7
33657,4,0
33658,1,1
33659,3,2
33660,1,7
33661,4,0
33662,3,2
33663,1,1
33664,1,8
33665,4,0
33666,9,2
33667,1,1
33668,1,8
33669,4,0
33670,4,0
33671,0,4
33672,9,2
33673,4,0
33674,7,5
33675,1,1
33676,1,7
33677,4,0
33678,7,8
33679,2,4
33680,3,2
33681,1,7
33682,1,9
33683,4,9
33684,1,1
33685,3,2
33686,3,2
33687,4,0
33688,1,2
33689,0,6
33690,7,5
33691,9,2
33692,5,6
33693,0,6
33694,3,3
33695,9,2
33696,8,9
33697,3,2
33698,1,2
33699,1,9
33700,8,5
33701,8,9
33702,8,4
33703,4,0
33704,8,6
33705,1,1
33706,6,1
33707,1,2
33708,1,4
33709,1,3
33710,1,7
33711,2,4
33712,4,9
33713,8,5
33714,2,4
33715,0,6
33716,3,2
33717,1,7
33718,0,4
33719,1,8
33720,0,4
33721,1,9
33722,3,3
33723,4,0
33724,0,6
33725,6,1
33726,2,4
33727,1,2
33728,8,6
33729,1,3
33730,5,6
33731,2,4
33732,4,0
33733,7,5
33734,7,5
33735,0,6
33736,2,7
33737,1,7
33738,1,9
33739,4,0
33740,1,4
33741,1,1
33742,0,6
33743,9,2
33744,1,9
33745,1,3
33746,1,9
33747,2,4
33748,5,5
33749,7,5
33750,6,1
33751,0,6
33752,6,1
33753,2,7
33754,7,3
33755,1,8
33756,1,9
33757,2,9
33758,1,3
33759,4,7
33760,1,3
33761,2,4
33762,2,9
33763,1,3
33764,1,9
33765,1,8
33766,1,8
33767,8,5
33768,1,9
33769,1,1
33770,7,8
33771,1,8
33772,7,3
33773,8,5
33774,1,1
33775,3,2
33776,4,0
33777,1,8
33778,7,8
33779,5,6
33780,1,8
33781,1,1
33782,5,6
33783,1,9
33784,1,9
33785,1,2
33786,7,3
33787,2,4
33788,1,7
33789,5,0
33790,9,6
33791,1,9
33792,0,4
33793,2,9
33794,5,6
33795,1,3
33796,1,7
33797,1,7
33798,1,7
33799,1,1
33800,6,1
33801,1,8
33802,1,8
33803,2,4
33804,1,2
33805,2,4
33806,2,9
33807,3,2
33808,7,5
33809,1,7
33810,7,8
33811,7,5
33812,0,6
33813,1,8
33814,5,6
33815,7,5
33816,2,4
33817,7,3
33818,3,3
33819,1,2
33820,1,8
33821,3,2
33822,2,9
33823,4,0
33824,0,4
33825,7,5
33826,1,1
33827,1,8
33828,7,3
33829,5,6
33830,1,7
33831,4,0
33832,3,2
33833,2,4
33834,2,7
33835,4,0
33836,1,7
33837,1,3
33838,1,7
33839,1,8
33840,7,3
33841,1,1
33842,6,1
33843,4,0
33844,4,0
33845,1,3
33846,4,4
33847,4,0
33848,4,0
33849,2,4
33850,1,1
33851,1,7
33852,4,4
33853,2,4
33854,3,3
33855,1,9
33856,1,1
33857,3,2
33858,8,5
33859,4,9
33860,8,9
33861,1,1
33862,4,9
33863,3,2
33864,5,0
33865,1,1
33866,8,5
33867,1,7
33868,1,1
33869,1,1
33870,1,7
33871,8,6
33872,2,4
33873,1,7
33874,4,0
33875,1,3
33876,7,5
33877,1,3
33878,3,2
33879,0,6
33880,5,3
33881,3,2
33882,4,4
33883,1,8
33884,4,4
33885,1,7
33886,5,6
33887,5,6
33888,0,4
33889,2,4
33890,3,8
33891,1,9
33892,8,5
33893,1,8
33894,0,4
33895,1,8
33896,1,3
33897,1,2
33898,1,8
33899,2,9
33900,8,4
33901,5,6
33902,1,1
33903,7,5
33904,4,0
33905,8,5
33906,6,2
33907,1,9
33908,3,3
33909,7,5
33910,5,6
33911,1,3
33912,4,7
33913,2,7
33914,4,0
33915,0,4
33916,0,6
33917,7,3
33918,1,1
33919,0,6
33920,1,7
33921,4,0
33922,0,4
33923,4,0
33924,6,1
33925,2,4
33926,2,4
33927,0,6
33928,7,5
33929,5,6
33930,3,2
33931,1,9
33932,2,4
33933,5,0
33934,5,6
33935,6,1
33936,1,1
33937,1,1
33938,5,2
33939,1,3
33940,4,0
33941,3,2
33942,1,1
33943,1,1
33944,2,9
33945,4,0
33946,1,8
33947,4,0
33948,4,9
33949,6,1
33950,1,7
33951,9,2
33952,4,4
33953,3,3
33954,8,5
33955,0,4
33956,8,8
33957,2,7
33958,8,4
33959,1,8
33960,5,6
33961,8,9
33962,7,3
33963,4,0
33964,1,7
33965,6,1
33966,3,3
33967,9,2
33968,1,5
33969,7,3
33970,7,3
33971,2,4
33972,7,5
33973,7,5
33974,8,9
33975,0,6
33976,4,9
33977,2,7
33978,4,0
33979,1,8
33980,5,6
33981,8,9
33982,5,2
33983,4,0
33984,0,6
33985,6,1
33986,7,3
33987,3,2
33988,2,7
33989,7,3
33990,2,9
33991,2,4
33992,1,1
33993,5,5
33994,2,4
33995,6,7
33996,1,7
33997,1,8
33998,1,1
33999,1,9
34000,8,4
34001,1,8
34002,8,5
34003,0,6
34004,6,1
34005,7,5
34006,5,3
34007,4,0
34008,1,1
34009,0,6
34010,1,1
34011,1,8
34012,4,6
34013,2,9
34014,4,0
34015,2,4
34016,4,0
34017,6,1
34018,3,3
34019,2,9
34020,1,8
34021,8,5
34022,2,4
34023,7,3
34024,5,6
34025,4,0
34026,7,3
34027,6,4
34028,0,4
34029,8,8
34030,1,8
34031,1,9
34032,4,7
34033,6,1
34034,7,8
34035,2,4
34036,4,0
34037,4,0
34038,1,1
34039,8,5
34040,7,8
34041,5,5
34042,1,8
34043,2,4
34044,1,9
34045,4,0
34046,0,6
34047,2,7
34048,1,3
34049,0,6
34050,7,5
34051,4,0
34052,5,9
34053,6,1
34054,4,0
34055,2,7
34056,3,2
34057,4,0
34058,1,3
34059,0,6
34060,5,6
34061,1,8
34062,1,2
34063,1,9
34064,4,0
34065,5,5
34066,8,9
34067,6,4
34068,7,8
34069,2,7
34070,4,0
34071,0,6
34072,1,9
34073,4,0
34074,1,1
34075,1,8
34076,1,3
34077,6,1
34078,1,2
34079,2,7
34080,1,1
34081,2,7
34082,7,5
34083,6,1
34084,4,0
34085,7,3
34086,4,0
34087,9,2
34088,1,7
34089,7,3
34090,1,9
34091,6,1
34092,3,3
34093,2,4
34094,1,7
34095,3,2
34096,8,1
34097,4,0
34098,7,8
34099,5,0
34100,5,6
34101,6,4
34102,0,4
34103,2,9
34104,2,9
34105,7,3
34106,5,6
34107,1,8
34108,7,8
34109,0,4
34110,6,7
34111,2,7
34112,7,5
34113,3,2
34114,7,5
34115,7,5
34116,9,2
34117,0,6
34118,1,7
34119,7,3
34120,7,3
34121,0,6
34122,5,5
34123,2,9
34124,0,6
34125,0,6
34126,1,9
34127,7,3
34128,7,5
34129,9,2
34130,4,4
34131,3,2
34132,1,7
34133,2,4
34134,3,2
34135,0,6
34136,3,2
34137,7,5
34138,2,4
34139,5,5
34140,1,3
34141,6,1
34142,1,7
34143,3,3
34144,2,4
34145,3,3
34146,2,4
34147,8,9
34148,7,5
34149,2,7
34150,1,8
34151,1,8
34152,4,0
34153,2,7
34154,1,8
34155,3,2
34156,1,1
34157,9,2
34158,6,1
34159,7,5
34160,1,7
34161,6,7
34162,6,1
34163,2,9
34164,1,1
34165,1,8
34166,6,1
34167,9,2
34168,1,1
34169,6,1
34170,7,3
34171,7,3
34172,4,0
34173,6,1
34174,5,6
34175,7,3
34176,4,9
34177,4,0
34178,2,7
34179,1,1
34180,7,3
34181,1,2
34182,3,2
34183,7,3
34184,1,9
34185,2,4
34186,8,6
34187,7,5
34188,7,3
34189,0,6
34190,3,3
34191,4,7
34192,2,4
34193,1,8
34194,1,8
34195,8,9
34196,4,9
34197,4,0
34198,5,6
34199,1,1
34200,1,7
34201,1,2
34202,5,2
34203,7,3
34204,1,3
34205,2,4
34206,1,1
34207,1,7
34208,7,3
34209,1,8
34210,4,4
34211,8,9
34212,7,8
34213,4,0
34214,3,2
34215,1,1
34216,9,4
34217,3,2
34218,3,2
34219,7,3
34220,5,6
34221,2,4
34222,1,1
34223,1,7
34224,4,9
34225,1,8
34226,3,2
34227,8,9
34228,3,2
34229,4,7
34230,1,7
34231,4,7
34232,2,7
34233,1,7
34234,2,4
34235,7,3
34236,1,8
34237,4,0
34238,4,0
34239,7,3
34240,0,4
34241,1,1
34242,7,5
34243,1,8
34244,4,0
34245,4,7
34246,4,0
34247,0,6
34248,1,9
34249,2,4
34250,9,2
34251,4,0
34252,5,2
34253,3,2
34254,2,9
34255,0,6
34256,3,2
34257,1,8
34258,2,9
34259,7,3
34260,5,6
34261,1,1
34262,4,0
34263,1,1
34264,1,1
34265,2,7
34266,4,4
34267,1,7
34268,5,3
34269,1,1
34270,8,5
34271,0,6
34272,1,1
34273,4,0
34274,7,5
34275,2,4
34276,8,5
34277,0,6
34278,1,7
34279,2,4
34280,1,9
34281,2,4
34282,1,1
34283,4,0
34284,5,6
34285,0,6
34286,1,8
34287,1,2
34288,7,5
34289,7,3
34290,2,4
34291,1,1
34292,1,9
34293,3,3
34294,0,4
34295,0,6
34296,4,0
34297,1,8
34298,1,7
34299,7,5
34300,1,9
34301,4,9
34302,4,0
34303,1,4
34304,5,8
34305,4,0
34306,1,9
34307,2,7
34308,3,2
34309,7,5
34310,3,2
34311,1,8
34312,8,8
34313,1,8
34314,4,7
34315,7,3
34316,3,3
34317,1,7
34318,7,3
34319,1,8
34320,1,8
34321,4,9
34322,7,8
34323,9,2
34324,0,6
34325,7,5
34326,1,2
34327,7,3
34328,6,8
34329,1,1
34330,1,9
34331,1,7
34332,4,9
34333,7,3
34334,1,1
34335,4,9
34336,5,6
34337,1,1
34338,1,9
34339,4,9
34340,8,5
34341,4,9
34342,5,6
34343,5,6
34344,1,7
34345,4,0
34346,8,4
34347,8,9
34348,4,4
34349,2,4
34350,5,6
34351,7,3
34352,1,0
34353,1,7
34354,2,4
34355,4,0
34356,4,0
34357,2,4
34358,4,0
34359,1,1
34360,5,6
34361,0,4
34362,5,5
34363,7,3
34364,1,3
34365,8,5
34366,3,3
34367,2,4
34368,7,3
34369,4,0
34370,7,5
34371,1,2
34372,1,8
34373,1,1
34374,8,6
34375,1,8
34376,7,8
34377,8,9
34378,4,7
34379,2,4
34380,0,6
34381,5,0
34382,7,8
34383,1,1
34384,1,3
34385,9,2
34386,1,7
34387,1,3
34388,1,1
34389,4,4
34390,7,3
34391,5,5
34392,4,0
34393,5,6
34394,4,0
34395,1,7
34396,1,3
34397,1,8
34398,1,9
34399,1,9
34400,7,5
34401,4,0
34402,1,1
34403,1,1
34404,1,9
34405,3,2
34406,4,4
34407,3,3
34408,3,2
34409,2,4
34410,6,7
34411,7,5
34412,1,1
34413,5,6
34414,2,8
34415,1,7
34416,4,0
34417,7,8
34418,1,1
34419,1,9
34420,2,9
34421,4,0
34422,7,8
34423,1,1
34424,4,4
34425,1,2
34426,1,1
34427,1,3
34428,4,4
34429,0,4
34430,2,4
34431,7,5
34432,9,2
34433,5,6
34434,1,7
34435,1,7
34436,3,2
34437,7,8
34438,8,5
34439,1,9
34440,4,0
34441,9,2
34442,1,2
34443,9,2
34444,1,2
34445,4,7
34446,1,7
34447,5,6
34448,7,5
34449,2,4
34450,3,2
34451,4,0
34452,1,8
34453,7,5
34454,2,7
34455,7,8
34456,5,6
34457,4,0
34458,2,9
34459,4,7
34460,7,8
34461,3,3
34462,9,2
34463,7,5
34464,4,4
34465,4,4
34466,0,6
34467,6,1
34468,4,4
34469,7,8
34470,1,1
34471,4,0
34472,1,7
34473,7,5
34474,8,5
34475,1,2
34476,2,9
34477,1,7
34478,7,5
34479,5,2
34480,4,0
34481,3,3
34482,8,9
34483,1,1
34484,1,2
34485,1,7
34486,5,0
34487,1,7
34488,5,6
34489,1,9
34490,5,6
34491,4,9
34492,5,6
34493,1,1
34494,3,2
34495,3,2
34496,4,9
34497,4,4
34498,2,4
34499,5,6
34500,3,8
34501,1,7
34502,4,0
34503,1,7
34504,4,9
34505,7,5
34506,1,7
34507,0,4
34508,5,0
34509,1,5
34510,1,8
34511,3,0
34512,1,1
34513,6,1
34514,4,0
34515,6,1
34516,1,7
34517,2,9
34518,1,7
34519,4,0
34520,0,6
34521,1,2
34522,5,6
34523,4,0
34524,3,8
34525,3,3
34526,7,3
34527,7,5
34528,1,7
34529,5,6
34530,0,4
34531,1,1
34532,5,2
34533,7,8
34534,7,8
34535,5,6
34536,7,3
34537,2,4
34538,4,0
34539,5,6
34540,7,8
34541,4,0
34542,1,1
34543,5,6
34544,1,9
34545,2,4
34546,5,6
34547,1,3
34548,7,3
34549,1,9
34550,2,4
34551,7,3
34552,3,3
34553,4,0
34554,7,8
34555,4,0
34556,1,3
34557,8,5
34558,5,2
34559,3,2
34560,1,7
34561,7,5
34562,4,0
34563,7,8
34564,1,7
34565,7,8
34566,1,1
34567,8,8
34568,2,7
34569,1,9
34570,2,4
34571,2,4
34572,2,4
34573,1,2
34574,7,8
34575,1,8
34576,1,7
34577,7,8
34578,5,6
34579,7,5
34580,4,0
34581,7,5
34582,4,0
34583,4,7
34584,7,5
34585,6,1
34586,4,0
34587,1,3
34588,1,1
34589,5,6
34590,1,1
34591,1,9
34592,1,9
34593,0,4
34594,3,8
34595,6,1
34596,2,4
34597,3,3
34598,1,9
34599,1,7
34600,1,7
34601,5,6
34602,7,5
34603,1,9
34604,1,2
34605,3,3
34606,5,2
34607,3,3
34608,4,9
34609,1,7
34610,7,5
34611,2,4
34612,1,1
34613,1,1
34614,1,2
34615,2,9
34616,5,9
34617,6,1
34618,1,7
34619,4,0
34620,9,2
34621,5,6
34622,7,3
34623,3,0
34624,8,6
34625,6,1
34626,8,5
34627,9,2
34628,5,6
34629,7,3
34630,3,3
34631,2,4
34632,1,1
34633,2,7
34634,4,0
34635,1,8
34636,9,2
34637,2,9
34638,1,1
34639,3,0
34640,5,1
34641,6,1
34642,7,3
34643,3,2
34644,7,3
34645,7,3
34646,3,3
34647,2,7
34648,8,6
34649,1,8
34650,1,2
34651,2,9
34652,0,6
34653,7,0
34654,0,6
34655,6,1
34656,4,0
34657,9,2
34658,5,6
34659,7,3
34660,1,3
34661,2,7
34662,4,0
34663,1,8
34664,9,2
34665,6,9
34666,1,7
34667,6,1
34668,1,9
34669,1,8
34670,1,7
34671,5,6
34672,7,3
34673,2,7
34674,7,5
34675,9,2
34676,2,7
34677,2,7
34678,4,8
34679,6,1
34680,1,2
34681,6,1
34682,2,4
34683,2,4
34684,3,3
34685,3,3
34686,0,6
34687,2,7
34688,4,9
34689,2,7
34690,1,7
34691,1,8
34692,8,5
34693,1,9
34694,1,9
34695,3,3
34696,1,8
34697,5,6
34698,0,6
34699,4,0
34700,8,6
34701,3,3
34702,1,7
34703,0,6
34704,1,7
34705,6,1
34706,5,0
34707,1,8
34708,4,0
34709,2,4
34710,7,3
34711,5,5
34712,3,3
34713,7,3
34714,4,0
34715,2,9
34716,7,3
34717,3,2
34718,9,2
34719,1,8
34720,7,5
34721,3,3
34722,7,8
34723,6,1
34724,3,2
34725,6,1
34726,3,2
34727,5,5
34728,1,3
34729,2,9
34730,5,0
34731,3,0
34732,1,7
34733,0,4
34734,1,8
34735,2,4
34736,7,3
34737,3,0
34738,1,8
34739,1,9
34740,5,3
34741,5,6
34742,2,4
34743,1,9
34744,0,4
34745,9,2
34746,9,2
34747,3,2
34748,0,6
34749,6,1
34750,2,4
34751,4,7
34752,2,4
34753,2,9
34754,1,1
34755,5,5
34756,0,4
34757,6,1
34758,8,8
34759,6,1
34760,7,5
34761,8,9
34762,1,1
34763,1,8
34764,1,9
34765,5,6
34766,1,8
34767,5,6
34768,9,2
34769,2,9
34770,1,8
34771,5,0
34772,2,7
34773,4,0
34774,1,7
34775,5,0
34776,5,6
34777,6,1
34778,6,1
34779,1,8
34780,4,4
34781,6,4
34782,1,1
34783,0,6
34784,2,4
34785,1,8
34786,4,9
34787,6,8
34788,3,3
34789,3,2
34790,4,9
34791,0,6
34792,1,1
34793,3,3
34794,1,8
34795,9,2
34796,6,1
34797,2,9
34798,4,0
34799,9,2
34800,8,5
34801,1,9
34802,1,3
34803,5,0
34804,7,8
34805,3,3
34806,8,5
34807,2,7
34808,8,4
34809,2,4
34810,4,4
34811,5,5
34812,0,6
34813,1,8
34814,1,8
34815,3,3
34816,0,6
34817,5,5
34818,4,9
34819,1,8
34820,7,8
34821,5,5
34822,4,9
34823,2,4
34824,1,9
34825,1,7
34826,1,1
34827,5,6
34828,7,3
34829,5,5
34830,2,4
34831,3,2
34832,7,3
34833,3,2
34834,2,9
34835,2,7
34836,5,5
34837,2,7
34838,4,9
34839,9,0
34840,0,6
34841,7,5
34842,1,8
34843,7,5
34844,8,9
34845,3,3
34846,7,3
34847,5,0
34848,3,2
34849,6,1
34850,3,2
34851,3,2
34852,6,1
34853,1,3
34854,4,0
34855,2,4
34856,3,2
34857,5,5
34858,7,5
34859,5,6
34860,0,4
34861,1,7
34862,3,3
34863,1,8
34864,3,2
34865,2,9
34866,1,3
34867,3,0
34868,5,5
34869,6,1
34870,1,8
34871,3,2
34872,1,8
34873,3,3
34874,6,1
34875,2,4
34876,1,9
34877,5,5
34878,1,9
34879,5,6
34880,2,7
34881,2,7
34882,8,5
34883,1,8
34884,1,1
34885,2,9
34886,4,9
34887,4,0
34888,8,5
34889,1,1
34890,4,7
34891,9,2
34892,4,9
34893,7,3
34894,5,6
34895,2,4
34896,0,6
34897,0,6
34898,3,3
34899,2,7
34900,1,8
34901,1,8
34902,4,2
34903,2,9
34904,4,0
34905,0,6
34906,3,3
34907,3,2
34908,8,5
34909,2,7
34910,1,8
34911,6,1
34912,1,8
34913,7,5
34914,1,7
34915,0,6
34916,1,7
34917,3,2
34918,5,6
34919,1,0
34920,9,9
34921,1,8
34922,1,1
34923,6,1
34924,5,6
34925,2,7
34926,1,1
34927,6,1
34928,3,2
34929,1,8
34930,1,9
34931,7,3
34932,8,5
34933,8,8
34934,1,7
34935,2,7
34936,3,2
34937,1,1
34938,6,1
34939,2,7
34940,1,9
34941,2,7
34942,4,9
34943,4,0
34944,1,2
34945,6,1
34946,1,8
34947,2,4
34948,4,4
34949,0,4
34950,1,1
34951,1,7
34952,7,5
34953,2,4
34954,2,9
34955,2,4
34956,0,6
34957,2,9
34958,5,0
34959,1,7
34960,5,6
34961,3,2
34962,1,9
34963,5,6
34964,3,2
34965,7,5
34966,1,8
34967,3,3
34968,1,8
34969,2,9
34970,1,7
34971,2,4
34972,1,7
34973,7,3
34974,3,8
34975,1,9
34976,3,2
34977,4,0
34978,8,8
34979,1,8
34980,1,1
34981,2,7
34982,1,7
34983,2,9
34984,7,5
34985,4,0
34986,7,8
34987,3,3
34988,8,4
34989,1,0
34990,1,1
34991,2,4
34992,1,1
34993,5,6
34994,2,4
34995,3,3
34996,7,5
34997,2,7
34998,1,7
34999,1,0
35000,1,1
35001,6,1
35002,1,9
35003,2,4
35004,1,9
35005,1,8
35006,1,1
35007,1,8
35008,1,1
35009,6,1
35010,7,3
35011,3,2
35012,4,0
35013,1,9
35014,5,2
35015,7,3
35016,1,9
35017,1,8
35018,4,8
35019,2,9
35020,9,2
35021,1,8
35022,1,3
35023,3,2
35024,1,9
35025,1,8
35026,0,6
35027,0,6
35028,7,0
35029,7,5
35030,3,3
35031,9,2
35032,1,7
35033,5,6
35034,5,6
35035,9,2
35036,1,8
35037,0,6
35038,1,8
35039,5,0
35040,7,5
35041,7,5
35042,7,8
35043,7,3
35044,3,8
35045,7,3
35046,7,5
35047,0,6
35048,1,1
35049,7,3
35050,3,0
35051,9,2
35052,1,1
35053,2,7
35054,1,9
35055,5,6
35056,4,0
35057,7,5
35058,7,3
35059,2,9
35060,4,0
35061,7,8
35062,7,5
35063,4,0
35064,5,0
35065,2,9
35066,7,3
35067,4,0
35068,1,9
35069,6,1
35070,4,9
35071,3,2
35072,7,8
35073,3,3
35074,4,0
35075,2,4
35076,9,2
35077,7,5
35078,2,4
35079,0,6
35080,2,9
35081,2,7
35082,7,5
35083,1,8
35084,2,9
35085,8,9
35086,7,3
35087,4,0
35088,7,8
35089,6,1
35090,3,2
35091,9,2
35092,9,2
35093,7,3
35094,1,1
35095,2,4
35096,1,8
35097,5,5
35098,0,4
35099,5,6
35100,8,5
35101,2,7
35102,1,7
35103,1,8
35104,3,2
35105,6,9
35106,9,2
35107,4,0
35108,1,1
35109,6,1
35110,5,2
35111,5,2
35112,6,2
35113,7,3
35114,8,5
35115,2,4
35116,1,1
35117,5,5
35118,8,9
35119,5,6
35120,7,8
35121,1,7
35122,7,3
35123,7,8
35124,5,2
35125,1,9
35126,2,4
35127,2,9
35128,3,2
35129,1,8
35130,1,7
35131,5,6
35132,7,3
35133,7,5
35134,3,2
35135,2,9
35136,8,4
35137,9,2
35138,1,2
35139,7,3
35140,5,6
35141,2,4
35142,0,4
35143,7,3
35144,0,4
35145,7,8
35146,0,6
35147,5,5
35148,4,0
35149,6,1
35150,1,7
35151,5,5
35152,0,4
35153,3,2
35154,0,6
35155,7,3
35156,3,3
35157,4,0
35158,0,6
35159,6,1
35160,1,9
35161,9,2
35162,7,3
35163,6,1
35164,8,5
35165,7,3
35166,2,4
35167,9,2
35168,6,1
35169,5,6
35170,7,3
35171,5,5
35172,7,5
35173,3,3
35174,2,9
35175,4,0
35176,1,7
35177,2,7
35178,0,4
35179,2,4
35180,1,3
35181,5,6
35182,8,9
35183,2,4
35184,0,6
35185,4,0
35186,8,4
35187,5,5
35188,1,9
35189,2,9
35190,7,3
35191,2,9
35192,4,0
35193,8,8
35194,1,9
35195,7,3
35196,1,7
35197,6,1
35198,9,2
35199,2,7
35200,5,6
35201,2,4
35202,3,2
35203,2,7
35204,5,6
35205,1,6
35206,8,6
35207,5,5
35208,7,3
35209,4,0
35210,0,6
35211,5,6
35212,1,1
35213,5,6
35214,7,5
35215,9,2
35216,9,2
35217,4,0
35218,1,9
35219,5,6
35220,9,2
35221,7,3
35222,0,6
35223,1,7
35224,7,5
35225,2,7
35226,7,3
35227,2,4
35228,7,5
35229,2,4
35230,3,8
35231,7,3
35232,4,8
35233,1,9
35234,0,4
35235,3,2
35236,1,1
35237,7,8
35238,0,6
35239,2,9
35240,9,2
35241,0,6
35242,1,8
35243,4,0
35244,6,1
35245,2,9
35246,1,8
35247,5,5
35248,7,3
35249,7,3
35250,3,2
35251,7,8
35252,6,1
35253,1,8
35254,0,4
35255,2,7
35256,0,4
35257,6,1
35258,4,4
35259,2,4
35260,1,7
35261,4,0
35262,4,0
35263,2,4
35264,8,8
35265,1,8
35266,6,1
35267,5,5
35268,7,5
35269,9,2
35270,1,1
35271,7,3
35272,7,3
35273,2,9
35274,7,5
35275,5,0
35276,1,5
35277,2,7
35278,1,1
35279,9,2
35280,5,6
35281,6,1
35282,4,0
35283,2,9
35284,5,6
35285,6,1
35286,6,1
35287,5,5
35288,1,2
35289,6,1
35290,5,2
35291,2,7
35292,8,9
35293,2,4
35294,4,0
35295,7,8
35296,1,9
35297,5,6
35298,9,2
35299,6,1
35300,7,8
35301,3,2
35302,4,0
35303,6,1
35304,2,4
35305,0,6
35306,1,7
35307,1,8
35308,1,8
35309,1,8
35310,7,5
35311,4,0
35312,9,4
35313,6,1
35314,0,4
35315,1,2
35316,1,7
35317,7,3
35318,5,6
35319,0,4
35320,4,0
35321,1,7
35322,5,6
35323,1,8
35324,4,4
35325,2,9
35326,8,5
35327,4,0
35328,1,1
35329,1,1
35330,1,9
35331,1,2
35332,1,9
35333,7,3
35334,1,7
35335,2,4
35336,1,3
35337,1,7
35338,7,8
35339,1,8
35340,1,2
35341,1,9
35342,0,6
35343,4,0
35344,1,2
35345,6,1
35346,7,3
35347,1,2
35348,4,0
35349,7,3
35350,8,5
35351,1,7
35352,1,1
35353,1,8
35354,7,3
35355,8,9
35356,3,2
35357,6,1
35358,4,9
35359,1,1
35360,1,1
35361,1,7
35362,2,4
35363,2,4
35364,7,8
35365,1,8
35366,3,3
35367,6,1
35368,2,9
35369,5,5
35370,1,1
35371,2,7
35372,1,7
35373,9,2
35374,4,9
35375,7,8
35376,7,3
35377,5,6
35378,3,2
35379,3,3
35380,4,9
35381,7,3
35382,4,7
35383,1,8
35384,8,9
35385,5,6
35386,1,1
35387,2,9
35388,5,5
35389,1,1
35390,7,5
35391,1,7
35392,2,4
35393,9,2
35394,7,5
35395,6,1
35396,6,1
35397,5,5
35398,7,8
35399,6,1
35400,4,0
35401,3,3
35402,8,4
35403,5,2
35404,6,1
35405,3,2
35406,8,5
35407,3,3
35408,4,0
35409,5,0
35410,1,2
35411,5,6
35412,4,4
35413,2,4
35414,6,1
35415,3,3
35416,1,7
35417,1,7
35418,2,4
35419,0,6
35420,8,5
35421,2,9
35422,3,3
35423,5,0
35424,0,6
35425,8,4
35426,5,6
35427,6,1
35428,7,8
35429,2,4
35430,6,1
35431,4,0
35432,4,0
35433,5,6
35434,7,3
35435,6,1
35436,1,1
35437,3,2
35438,1,8
35439,5,6
35440,2,9
35441,2,9
35442,4,4
35443,3,2
35444,2,9
35445,5,2
35446,1,7
35447,7,3
35448,6,1
35449,5,0
35450,4,7
35451,1,7
35452,0,6
35453,3,2
35454,9,2
35455,2,9
35456,1,2
35457,9,2
35458,7,3
35459,3,3
35460,1,8
35461,6,4
35462,7,5
35463,7,0
35464,3,9
35465,4,0
35466,7,5
35467,1,8
35468,5,6
35469,1,7
35470,8,6
35471,7,8
35472,2,4
35473,4,0
35474,1,7
35475,2,9
35476,1,7
35477,7,8
35478,9,2
35479,2,9
35480,1,9
35481,4,0
35482,4,4
35483,1,2
35484,1,8
35485,4,0
35486,7,3
35487,6,1
35488,4,0
35489,9,2
35490,8,4
35491,3,3
35492,9,2
35493,2,4
35494,3,2
35495,7,5
35496,1,1
35497,0,6
35498,1,3
35499,2,7
35500,8,5
35501,7,8
35502,4,0
35503,2,9
35504,7,3
35505,4,0
35506,1,9
35507,6,1
35508,1,1
35509,3,2
35510,3,2
35511,3,3
35512,4,7
35513,2,4
35514,6,1
35515,5,5
35516,4,0
35517,0,6
35518,1,7
35519,2,7
35520,3,3
35521,1,8
35522,7,3
35523,1,9
35524,4,9
35525,5,0
35526,1,8
35527,6,1
35528,7,3
35529,3,2
35530,3,3
35531,3,3
35532,4,9
35533,2,4
35534,2,4
35535,5,5
35536,4,0
35537,5,6
35538,1,1
35539,1,7
35540,5,6
35541,1,8
35542,7,3
35543,1,9
35544,1,7
35545,8,5
35546,0,4
35547,1,8
35548,7,3
35549,2,7
35550,7,3
35551,2,4
35552,1,1
35553,2,7
35554,1,1
35555,2,7
35556,1,9
35557,1,3
35558,1,1
35559,7,8
35560,1,7
35561,1,8
35562,1,3
35563,1,3
35564,5,6
35565,6,1
35566,5,6
35567,7,5
35568,1,3
35569,7,8
35570,7,5
35571,1,2
35572,1,2
35573,1,7
35574,7,3
35575,0,6
35576,7,8
35577,1,8
35578,5,6
35579,5,6
35580,1,7
35581,2,4
35582,7,3
35583,2,4
35584,2,4
35585,2,4
35586,6,1
35587,6,1
35588,5,6
35589,7,8
35590,2,4
35591,1,8
35592,1,1
35593,1,9
35594,1,7
35595,1,1
35596,1,1
35597,3,2
35598,4,9
35599,9,2
35600,1,1
35601,5,6
35602,8,5
35603,1,9
35604,7,8
35605,1,9
35606,1,2
35607,5,6
35608,7,5
35609,7,5
35610,3,3
35611,7,5
35612,5,0
35613,3,3
35614,5,6
35615,3,3
35616,0,6
35617,1,8
35618,8,5
35619,7,8
35620,4,0
35621,6,1
35622,7,3
35623,1,9
35624,2,4
35625,2,7
35626,2,4
35627,5,6
35628,8,5
35629,1,8
35630,1,2
35631,3,3
35632,5,0
35633,2,7
35634,4,0
35635,2,4
35636,6,7
35637,4,7
35638,1,2
35639,4,0
35640,3,3
35641,1,9
35642,1,1
35643,1,3
35644,3,2
35645,2,7
35646,4,0
35647,1,9
35648,2,7
35649,7,3
35650,7,5
35651,4,0
35652,3,2
35653,9,2
35654,1,1
35655,5,0
35656,0,4
35657,6,1
35658,3,3
35659,7,0
35660,4,0
35661,6,1
35662,9,4
35663,5,0
35664,5,6
35665,2,4
35666,4,9
35667,4,0
35668,1,7
35669,6,1
35670,3,2
35671,4,0
35672,1,9
35673,8,4
35674,8,5
35675,1,7
35676,2,9
35677,2,9
35678,3,2
35679,9,2
35680,4,0
35681,7,0
35682,0,6
35683,0,6
35684,5,6
35685,9,2
35686,6,4
35687,5,6
35688,7,3
35689,3,2
35690,1,2
35691,9,2
35692,3,3
35693,1,9
35694,7,9
35695,1,9
35696,1,7
35697,3,0
35698,1,1
35699,1,1
35700,4,0
35701,3,2
35702,7,5
35703,7,3
35704,1,8
35705,4,4
35706,7,8
35707,5,5
35708,4,0
35709,0,6
35710,1,1
35711,2,7
35712,4,0
35713,7,8
35714,5,6
35715,1,9
35716,2,4
35717,4,0
35718,5,6
35719,1,1
35720,4,0
35721,3,2
35722,1,1
35723,3,3
35724,2,9
35725,2,4
35726,8,6
35727,7,5
35728,1,7
35729,0,6
35730,7,8
35731,4,7
35732,2,9
35733,7,8
35734,5,6
35735,1,9
35736,1,6
35737,1,1
35738,7,5
35739,4,0
35740,4,0
35741,4,9
35742,4,0
35743,8,5
35744,7,3
35745,4,7
35746,4,0
35747,7,5
35748,2,4
35749,1,1
35750,9,6
35751,7,8
35752,4,4
35753,5,6
35754,1,7
35755,4,9
35756,1,1
35757,4,0
35758,3,2
35759,2,4
35760,1,9
35761,1,1
35762,1,8
35763,4,9
35764,5,8
35765,7,3
35766,7,5
35767,4,8
35768,5,6
35769,2,4
35770,3,2
35771,2,4
35772,7,8
35773,4,7
35774,1,1
35775,4,0
35776,7,8
35777,1,1
35778,5,0
35779,1,2
35780,4,4
35781,2,7
35782,4,0
35783,7,8
35784,5,5
35785,1,2
35786,4,9
35787,8,5
35788,1,8
35789,1,9
35790,6,7
35791,5,6
35792,6,1
35793,4,0
35794,1,3
35795,0,6
35796,7,3
35797,7,5
35798,6,1
35799,7,5
35800,4,0
35801,3,3
35802,1,2
35803,7,3
35804,8,9
35805,3,3
35806,7,3
35807,1,9
35808,5,6
35809,1,8
35810,5,6
35811,1,1
35812,8,9
35813,2,4
35814,3,3
35815,4,0
35816,4,0
35817,0,6
35818,2,4
35819,1,1
35820,1,1
35821,4,0
35822,0,4
35823,4,0
35824,2,9
35825,5,6
35826,1,1
35827,3,2
35828,8,6
35829,1,1
35830,0,4
35831,1,1
35832,3,2
35833,3,3
35834,1,7
35835,3,2
35836,4,9
35837,1,7
35838,7,5
35839,4,7
35840,2,4
35841,7,8
35842,6,7
35843,4,8
35844,5,6
35845,4,7
35846,5,6
35847,7,8
35848,8,8
35849,2,4
35850,3,2
35851,5,6
35852,0,4
35853,4,0
35854,1,9
35855,4,7
35856,6,1
35857,4,0
35858,5,5
35859,3,3
35860,1,7
35861,4,6
35862,1,1
35863,2,7
35864,5,5
35865,1,1
35866,1,4
35867,7,5
35868,5,6
35869,7,3
35870,7,3
35871,2,7
35872,3,2
35873,3,2
35874,3,3
35875,1,4
35876,7,3
35877,4,9
35878,4,9
35879,4,4
35880,6,1
35881,3,3
35882,5,2
35883,0,6
35884,4,4
35885,3,2
35886,8,6
35887,3,2
35888,0,6
35889,7,5
35890,7,3
35891,7,3
35892,1,9
35893,1,9
35894,1,9
35895,2,4
35896,4,0
35897,1,1
35898,3,3
35899,4,7
35900,1,1
35901,9,2
35902,9,2
35903,7,5
35904,0,4
35905,7,0
35906,7,5
35907,6,1
35908,1,1
35909,3,2
35910,0,6
35911,7,3
35912,1,1
35913,0,4
35914,1,3
35915,8,5
35916,1,8
35917,8,6
35918,5,6
35919,4,7
35920,1,7
35921,1,8
35922,1,3
35923,4,0
35924,7,8
35925,6,1
35926,0,4
35927,3,2
35928,7,8
35929,7,3
35930,3,2
35931,0,4
35932,7,8
35933,7,5
35934,4,0
35935,5,6
35936,4,0
35937,1,7
35938,1,7
35939,7,8
35940,1,8
35941,8,9
35942,1,1
35943,5,0
35944,5,3
35945,6,1
35946,9,4
35947,3,2
35948,0,6
35949,7,3
35950,1,8
35951,0,4
35952,4,4
35953,8,5
35954,7,3
35955,8,6
35956,4,9
35957,1,7
35958,7,8
35959,4,0
35960,4,7
35961,1,7
35962,9,6
35963,4,0
35964,0,4
35965,1,7
35966,2,4
35967,7,8
35968,0,6
35969,7,3
35970,1,2
35971,7,0
35972,4,0
35973,4,0
35974,1,2
35975,8,5
35976,7,5
35977,7,5
35978,4,7
35979,7,3
35980,2,7
35981,7,8
35982,4,0
35983,7,8
35984,1,3
35985,6,1
35986,7,3
35987,1,8
35988,5,6
35989,0,4
35990,1,1
35991,2,9
35992,1,2
35993,8,6
35994,4,0
35995,6,1
35996,4,9
35997,7,8
35998,1,7
35999,4,0
36000,8,9
36001,6,2
36002,8,6
36003,1,7
36004,4,9
36005,3,3
36006,3,2
36007,2,9
36008,5,8
36009,9,2
36010,7,8
36011,7,5
36012,1,7
36013,2,9
36014,5,6
36015,7,5
36016,3,2
36017,6,4
36018,7,3
36019,4,0
36020,1,8
36021,3,3
36022,4,0
36023,7,3
36024,1,9
36025,0,4
36026,7,5
36027,1,7
36028,7,5
36029,4,9
36030,1,1
36031,4,0
36032,5,3
36033,6,1
36034,1,8
36035,2,9
36036,5,6
36037,6,1
36038,5,6
36039,3,2
36040,4,0
36041,4,7
36042,1,1
36043,2,9
36044,1,9
36045,6,1
36046,8,3
36047,5,0
36048,1,3
36049,8,6
36050,4,9
36051,3,2
36052,4,7
36053,0,4
36054,1,8
36055,1,0
36056,3,2
36057,1,3
36058,2,9
36059,8,5
36060,8,5
36061,8,6
36062,2,9
36063,5,6
36064,3,2
36065,8,5
36066,7,8
36067,8,6
36068,5,6
36069,4,7
36070,0,6
36071,6,1
36072,4,2
36073,6,4
36074,4,9
36075,0,4
36076,7,3
36077,3,2
36078,7,3
36079,8,6
36080,4,9
36081,3,2
36082,7,3
36083,2,9
36084,4,0
36085,6,1
36086,7,5
36087,7,5
36088,1,7
36089,8,5
36090,4,0
36091,8,5
36092,0,4
36093,7,3
36094,1,1
36095,6,1
36096,1,8
36097,0,4
36098,1,1
36099,1,8
36100,9,2
36101,5,6
36102,4,9
36103,3,3
36104,1,9
36105,1,7
36106,1,1
36107,4,0
36108,1,1
36109,4,9
36110,1,1
36111,7,5
36112,3,2
36113,8,6
36114,1,8
36115,4,7
36116,7,0
36117,6,1
36118,7,5
36119,3,3
36120,3,2
36121,1,8
36122,4,9
36123,9,2
36124,1,1
36125,5,6
36126,8,5
36127,3,2
36128,5,3
36129,8,6
36130,7,3
36131,0,4
36132,3,3
36133,1,2
36134,2,7
36135,1,7
36136,1,7
36137,1,8
36138,4,0
36139,4,7
36140,1,7
36141,1,1
36142,3,2
36143,5,0
36144,5,6
36145,1,1
36146,4,0
36147,3,2
36148,4,9
36149,3,3
36150,1,7
36151,0,4
36152,1,7
36153,7,5
36154,7,3
36155,5,6
36156,1,7
36157,4,7
36158,1,7
36159,1,8
36160,0,4
36161,1,9
36162,1,9
36163,3,0
36164,1,1
36165,1,1
36166,5,2
36167,1,2
36168,4,0
36169,3,3
36170,3,2
36171,1,4
36172,2,9
36173,7,5
36174,0,4
36175,5,6
36176,0,6
36177,4,7
36178,1,7
36179,1,8
36180,7,3
36181,1,9
36182,1,8
36183,5,0
36184,5,6
36185,1,1
36186,4,9
36187,3,2
36188,1,7
36189,3,3
36190,4,4
36191,0,4
36192,1,8
36193,7,5
36194,4,9
36195,5,6
36196,2,9
36197,4,7
36198,4,0
36199,1,8
36200,4,4
36201,1,9
36202,0,4
36203,2,9
36204,2,4
36205,1,7
36206,7,3
36207,7,5
36208,2,4
36209,3,2
36210,7,8
36211,1,9
36212,6,4
36213,4,0
36214,7,5
36215,1,1
36216,3,3
36217,7,5
36218,2,4
36219,1,8
36220,5,6
36221,3,8
36222,4,4
36223,7,0
36224,8,8
36225,1,9
36226,8,4
36227,3,3
36228,4,4
36229,9,2
36230,2,7
36231,4,7
36232,1,6
36233,1,8
36234,2,7
36235,0,4
36236,7,5
36237,5,6
36238,8,7
36239,1,1
36240,1,1
36241,5,0
36242,7,3
36243,2,4
36244,5,5
36245,7,5
36246,2,4
36247,3,3
36248,7,3
36249,4,9
36250,7,8
36251,5,0
36252,8,5
36253,7,5
36254,5,6
36255,3,0
36256,7,5
36257,1,1
36258,1,7
36259,5,6
36260,4,0
36261,1,9
36262,7,3
36263,3,3
36264,1,1
36265,1,1
36266,9,2
36267,5,6
36268,5,5
36269,4,0
36270,7,8
36271,1,1
36272,4,0
36273,1,1
36274,5,6
36275,1,8
36276,6,1
36277,4,0
36278,0,6
36279,2,4
36280,9,4
36281,4,7
36282,1,9
36283,4,7
36284,1,7
36285,5,6
36286,8,4
36287,3,3
36288,1,1
36289,7,5
36290,5,0
36291,5,6
36292,9,2
36293,0,6
36294,5,6
36295,3,3
36296,4,4
36297,1,1
36298,7,3
36299,1,8
36300,7,8
36301,3,3
36302,1,7
36303,7,5
36304,7,0
36305,5,6
36306,1,9
36307,4,7
36308,5,6
36309,7,5
36310,0,6
36311,9,2
36312,4,0
36313,2,7
36314,8,4
36315,1,1
36316,2,7
36317,1,1
36318,5,0
36319,2,9
36320,1,8
36321,9,2
36322,4,4
36323,1,8
36324,1,3
36325,7,8
36326,3,2
36327,3,3
36328,1,9
36329,3,3
36330,7,5
36331,7,0
36332,7,5
36333,1,1
36334,1,7
36335,9,2
36336,2,4
36337,3,3
36338,1,3
36339,0,4
36340,1,7
36341,7,5
36342,2,4
36343,5,6
36344,0,6
36345,1,7
36346,4,4
36347,1,8
36348,1,9
36349,2,9
36350,2,4
36351,4,0
36352,1,7
36353,1,1
36354,7,5
36355,9,2
36356,6,1
36357,3,3
36358,5,6
36359,2,4
36360,4,9
36361,7,5
36362,4,0
36363,7,6
36364,4,4
36365,1,7
36366,7,5
36367,1,8
36368,6,1
36369,2,9
36370,1,9
36371,3,0
36372,5,6
36373,6,1
36374,3,2
36375,5,2
36376,5,0
36377,1,3
36378,1,9
36379,0,4
36380,1,1
36381,8,5
36382,6,1
36383,8,6
36384,4,4
36385,1,7
36386,1,8
36387,1,8
36388,6,1
36389,2,9
36390,5,6
36391,4,0
36392,2,9
36393,4,0
36394,2,4
36395,1,7
36396,3,2
36397,9,2
36398,1,7
36399,2,4
36400,2,4
36401,6,2
36402,2,9
36403,5,6
36404,4,7
36405,7,5
36406,7,3
36407,7,5
36408,6,1
36409,3,3
36410,1,1
36411,1,7
36412,4,0
36413,7,8
36414,4,0
36415,5,6
36416,8,6
36417,7,6
36418,1,9
36419,2,4
36420,4,9
36421,3,3
36422,8,1
36423,9,2
36424,7,5
36425,5,6
36426,1,1
36427,7,3
36428,4,4
36429,3,8
36430,1,7
36431,4,0
36432,7,3
36433,1,1
36434,1,4
36435,0,4
36436,1,7
36437,7,5
36438,4,9
36439,5,6
36440,4,0
36441,0,4
36442,1,1
36443,1,7
36444,8,6
36445,1,8
36446,5,6
36447,4,0
36448,1,1
36449,3,3
36450,9,2
36451,1,1
36452,7,5
36453,7,5
36454,7,5
36455,2,4
36456,4,9
36457,6,1
36458,7,3
36459,1,9
36460,5,2
36461,6,1
36462,9,2
36463,9,2
36464,4,9
36465,1,7
36466,0,4
36467,4,0
36468,4,0
36469,6,1
36470,7,5
36471,3,3
36472,2,7
36473,1,8
36474,1,9
36475,3,2
36476,4,0
36477,2,9
36478,1,8
36479,1,7
36480,7,5
36481,2,9
36482,7,5
36483,2,4
36484,4,0
36485,9,2
36486,1,9
36487,7,5
36488,1,3
36489,1,8
36490,1,1
36491,7,6
36492,1,8
36493,7,5
36494,2,4
36495,7,5
36496,0,6
36497,2,9
36498,1,7
36499,2,9
36500,8,9
36501,6,1
36502,2,4
36503,1,8
36504,4,6
36505,3,2
36506,5,0
36507,1,9
36508,5,5
36509,6,1
36510,1,9
36511,3,3
36512,1,7
36513,4,4
36514,7,5
36515,3,3
36516,8,5
36517,1,1
36518,2,4
36519,4,0
36520,1,1
36521,2,9
36522,3,2
36523,5,6
36524,5,0
36525,7,3
36526,8,9
36527,7,6
36528,7,5
36529,3,8
36530,1,7
36531,1,7
36532,1,1
36533,4,0
36534,1,7
36535,6,1
36536,1,1
36537,5,0
36538,1,9
36539,7,5
36540,4,4
36541,1,8
36542,7,3
36543,9,2
36544,7,5
36545,1,7
36546,1,7
36547,1,7
36548,1,4
36549,4,0
36550,4,9
36551,1,1
36552,4,4
36553,9,2
36554,1,7
36555,7,3
36556,7,5
36557,2,4
36558,6,1
36559,7,5
36560,4,0
36561,5,6
36562,4,0
36563,2,7
36564,4,0
36565,1,8
36566,7,3
36567,4,9
36568,3,2
36569,4,0
36570,0,6
36571,1,1
36572,3,3
36573,5,2
36574,5,6
36575,7,3
36576,8,8
36577,2,4
36578,5,6
36579,7,5
36580,1,7
36581,5,6
36582,7,8
36583,2,7
36584,2,4
36585,1,8
36586,7,0
36587,2,9
36588,7,5
36589,5,0
36590,5,6
36591,1,1
36592,7,3
36593,5,2
36594,1,1
36595,3,3
36596,0,4
36597,2,4
36598,5,8
36599,7,5
36600,3,2
36601,5,6
36602,5,5
36603,2,7
36604,5,3
36605,1,8
36606,8,9
36607,2,9
36608,1,1
36609,7,5
36610,1,8
36611,2,7
36612,1,7
36613,2,7
36614,9,2
36615,1,7
36616,8,6
36617,5,0
36618,1,1
36619,2,4
36620,4,0
36621,5,0
36622,7,8
36623,3,3
36624,3,2
36625,1,1
36626,1,1
36627,1,8
36628,4,0
36629,1,9
36630,0,4
36631,5,2
36632,2,4
36633,1,1
36634,2,4
36635,1,8
36636,5,6
36637,0,6
36638,5,5
36639,7,5
36640,2,4
36641,2,4
36642,8,5
36643,2,7
36644,7,3
36645,3,3
36646,4,0
36647,2,4
36648,4,8
36649,1,1
36650,1,7
36651,1,8
36652,7,8
36653,0,6
36654,2,7
36655,2,9
36656,1,8
36657,1,1
36658,7,5
36659,2,4
36660,5,6
36661,7,5
36662,3,2
36663,7,5
36664,2,4
36665,0,6
36666,1,9
36667,4,0
36668,1,4
36669,1,1
36670,1,9
36671,3,3
36672,7,8
36673,0,6
36674,2,4
36675,2,4
36676,4,4
36677,1,8
36678,4,9
36679,1,9
36680,1,2
36681,1,8
36682,1,1
36683,5,5
36684,3,3
36685,9,2
36686,8,6
36687,1,1
36688,1,7
36689,4,0
36690,7,5
36691,2,7
36692,5,0
36693,1,2
36694,3,2
36695,7,5
36696,1,8
36697,7,5
36698,5,6
36699,5,6
36700,1,7
36701,5,6
36702,0,6
36703,5,6
36704,9,2
36705,3,3
36706,2,4
36707,7,3
36708,1,8
36709,7,3
36710,1,8
36711,1,1
36712,4,0
36713,2,7
36714,7,6
36715,1,2
36716,7,3
36717,5,2
36718,9,2
36719,2,7
36720,1,9
36721,9,2
36722,7,5
36723,1,3
36724,5,6
36725,5,6
36726,4,4
36727,1,8
36728,1,2
36729,7,5
36730,2,7
36731,1,1
36732,7,3
36733,2,4
36734,4,0
36735,1,9
36736,5,5
36737,5,0
36738,1,1
36739,7,5
36740,1,3
36741,4,0
36742,2,4
36743,0,6
36744,1,1
36745,1,8
36746,5,6
36747,1,8
36748,1,7
36749,5,0
36750,8,5
36751,1,8
36752,1,8
36753,9,2
36754,7,8
36755,7,3
36756,7,5
36757,1,9
36758,1,7
36759,2,4
36760,4,7
36761,7,3
36762,1,7
36763,2,7
36764,4,0
36765,1,1
36766,4,6
36767,1,7
36768,3,2
36769,0,6
36770,1,8
36771,2,9
36772,5,6
36773,2,4
36774,7,5
36775,5,2
36776,1,8
36777,2,9
36778,1,1
36779,1,9
36780,4,0
36781,5,2
36782,1,9
36783,5,0
36784,5,6
36785,1,8
36786,6,1
36787,7,5
36788,3,0
36789,5,0
36790,2,4
36791,2,4
36792,5,6
36793,2,9
36794,6,1
36795,1,4
36796,1,7
36797,4,0
36798,5,6
36799,1,7
36800,7,5
36801,1,1
36802,5,3
36803,3,3
36804,7,5
36805,3,2
36806,4,7
36807,2,9
36808,1,9
36809,4,0
36810,9,6
36811,1,1
36812,7,5
36813,1,2
36814,1,1
36815,1,3
36816,1,8
36817,1,4
36818,1,7
36819,7,5
36820,3,8
36821,5,6
36822,6,1
36823,1,7
36824,4,0
36825,3,8
36826,5,6
36827,1,9
36828,1,8
36829,4,0
36830,4,9
36831,1,1
36832,4,9
36833,1,2
36834,1,8
36835,1,3
36836,2,4
36837,2,4
36838,0,6
36839,7,5
36840,1,7
36841,5,6
36842,4,0
36843,1,7
36844,3,2
36845,7,8
36846,9,2
36847,1,9
36848,4,0
36849,4,0
36850,8,5
36851,6,1
36852,3,3
36853,1,2
36854,1,8
36855,1,3
36856,4,7
36857,5,6
36858,3,2
36859,1,7
36860,8,9
36861,7,8
36862,3,3
36863,1,9
36864,1,1
36865,7,8
36866,9,6
36867,2,4
36868,1,2
36869,4,0
36870,7,8
36871,4,0
36872,7,3
36873,1,7
36874,4,0
36875,3,2
36876,2,7
36877,0,4
36878,3,8
36879,5,2
36880,4,9
36881,5,6
36882,4,0
36883,7,5
36884,3,2
36885,5,5
36886,8,9
36887,7,3
36888,7,5
36889,1,7
36890,5,6
36891,7,8
36892,1,1
36893,5,6
36894,1,0
36895,5,6
36896,7,5
36897,0,4
36898,6,1
36899,7,3
36900,7,5
36901,5,2
36902,1,7
36903,5,6
36904,3,2
36905,8,6
36906,1,9
36907,1,4
36908,1,1
36909,1,4
36910,0,6
36911,7,3
36912,3,3
36913,7,8
36914,9,2
36915,7,8
36916,1,7
36917,7,3
36918,7,5
36919,4,0
36920,2,9
36921,1,1
36922,8,9
36923,6,4
36924,1,1
36925,1,7
36926,4,7
36927,1,8
36928,1,1
36929,4,0
36930,1,9
36931,7,3
36932,4,4
36933,6,1
36934,8,9
36935,1,9
36936,1,2
36937,4,0
36938,0,4
36939,7,5
36940,4,4
36941,1,4
36942,1,2
36943,1,1
36944,7,8
36945,1,9
36946,7,3
36947,1,1
36948,4,0
36949,1,2
36950,3,2
36951,1,7
36952,4,4
36953,4,0
36954,1,7
36955,6,1
36956,1,1
36957,1,3
36958,3,2
36959,7,8
36960,2,9
36961,1,2
36962,2,4
36963,1,9
36964,1,7
36965,5,2
36966,5,6
36967,1,7
36968,1,1
36969,1,7
36970,8,4
36971,1,9
36972,4,7
36973,2,9
36974,7,8
36975,4,0
36976,2,4
36977,6,4
36978,1,2
36979,9,2
36980,5,6
36981,7,5
36982,1,2
36983,7,8
36984,5,5
36985,5,6
36986,7,8
36987,5,5
36988,1,9
36989,7,5
36990,7,3
36991,1,9
36992,1,1
36993,2,9
36994,4,0
36995,6,1
36996,5,6
36997,6,1
36998,1,2
36999,7,5
37000,0,4
37001,1,7
37002,4,9
37003,5,6
37004,8,5
37005,7,8
37006,7,5
37007,1,2
37008,8,1
37009,2,9
37010,1,4
37011,1,1
37012,6,1
37013,7,3
37014,1,1
37015,5,2
37016,5,5
37017,7,3
37018,5,6
37019,0,4
37020,5,2
37021,1,3
37022,7,3
37023,1,1
37024,6,1
37025,1,9
37026,1,9
37027,4,0
37028,5,6
37029,1,9
37030,1,8
37031,7,5
37032,1,8
37033,5,6
37034,1,7
37035,1,3
37036,1,1
37037,5,6
37038,5,1
37039,7,8
37040,5,2
37041,1,7
37042,3,3
37043,4,0
37044,5,6
37045,1,1
37046,8,9
37047,4,0
37048,4,9
37049,7,5
37050,8,6
37051,7,8
37052,4,0
37053,5,2
37054,7,3
37055,1,7
37056,8,5
37057,1,7
37058,1,1
37059,4,0
37060,1,9
37061,1,1
37062,1,9
37063,1,2
37064,2,7
37065,1,3
37066,8,5
37067,2,4
37068,4,7
37069,1,5
37070,7,5
37071,5,6
37072,7,5
37073,1,7
37074,4,4
37075,1,8
37076,8,4
37077,1,9
37078,1,8
37079,4,0
37080,0,4
37081,1,1
37082,3,3
37083,3,2
37084,9,2
37085,1,3
37086,4,5
37087,2,4
37088,2,9
37089,1,5
37090,1,7
37091,5,6
37092,4,0
37093,1,7
37094,1,8
37095,7,8
37096,7,8
37097,1,9
37098,4,7
37099,5,0
37100,1,7
37101,6,1
37102,1,1
37103,3,2
37104,0,4
37105,1,3
37106,1,8
37107,1,7
37108,2,9
37109,7,8
37110,6,1
37111,1,9
37112,4,4
37113,7,0
37114,5,5
37115,1,9
37116,6,1
37117,7,5
37118,1,3
37119,7,5
37120,5,2
37121,0,6
37122,1,8
37123,1,9
37124,7,3
37125,1,8
37126,1,9
37127,1,9
37128,4,4
37129,7,8
37130,1,8
37131,1,7
37132,1,3
37133,1,7
37134,7,3
37135,7,3
37136,8,9
37137,8,5
37138,1,1
37139,6,1
37140,8,6
37141,4,0
37142,0,6
37143,3,2
37144,4,4
37145,1,2
37146,1,7
37147,1,7
37148,7,5
37149,1,8
37150,8,9
37151,3,2
37152,1,8
37153,5,0
37154,8,1
37155,1,1
37156,2,4
37157,1,2
37158,5,0
37159,5,6
37160,7,5
37161,1,3
37162,1,9
37163,1,3
37164,7,5
37165,1,7
37166,7,3
37167,1,3
37168,1,7
37169,1,3
37170,8,8
37171,2,4
37172,3,2
37173,5,6
37174,7,3
37175,5,6
37176,2,4
37177,5,6
37178,1,8
37179,1,1
37180,8,5
37181,7,5
37182,1,1
37183,5,0
37184,7,8
37185,1,8
37186,5,3
37187,3,2
37188,3,3
37189,5,0
37190,1,1
37191,1,1
37192,4,0
37193,1,7
37194,8,6
37195,5,6
37196,6,1
37197,7,3
37198,1,8
37199,5,2
37200,1,1
37201,1,1
37202,8,8
37203,1,7
37204,7,3
37205,1,3
37206,1,9
37207,1,1
37208,5,6
37209,5,3
37210,5,2
37211,1,9
37212,4,7
37213,1,1
37214,1,2
37215,1,7
37216,7,5
37217,5,6
37218,5,6
37219,1,8
37220,4,0
37221,2,4
37222,5,6
37223,7,3
37224,4,0
37225,1,1
37226,8,5
37227,2,4
37228,5,6
37229,1,3
37230,8,6
37231,5,6
37232,1,1
37233,1,9
37234,3,2
37235,5,6
37236,0,6
37237,1,1
37238,5,6
37239,2,4
37240,7,8
37241,1,2
37242,4,9
37243,5,2
37244,7,3
37245,1,7
37246,5,6
37247,1,9
37248,2,4
37249,7,5
37250,7,3
37251,2,4
37252,4,0
37253,1,8
37254,5,6
37255,7,8
37256,5,6
37257,2,4
37258,5,2
37259,1,9
37260,1,3
37261,5,0
37262,0,4
37263,1,8
37264,4,4
37265,1,9
37266,7,3
37267,1,8
37268,4,9
37269,4,0
37270,7,5
37271,3,3
37272,4,4
37273,0,4
37274,9,2
37275,5,5
37276,7,5
37277,5,6
37278,4,8
37279,1,7
37280,7,3
37281,1,8
37282,0,6
37283,1,9
37284,7,3
37285,1,1
37286,1,1
37287,4,0
37288,1,7
37289,6,1
37290,1,1
37291,9,2
37292,0,6
37293,3,3
37294,0,4
37295,0,4
37296,5,2
37297,1,7
37298,1,7
37299,1,8
37300,8,5
37301,2,9
37302,4,4
37303,5,0
37304,7,3
37305,6,1
37306,4,9
37307,3,2
37308,7,5
37309,3,3
37310,5,6
37311,0,4
37312,7,8
37313,5,5
37314,7,3
37315,5,6
37316,1,8
37317,1,7
37318,4,9
37319,1,8
37320,9,2
37321,4,9
37322,3,2
37323,4,0
37324,1,8
37325,1,8
37326,4,9
37327,1,7
37328,4,4
37329,1,8
37330,1,1
37331,2,9
37332,7,3
37333,2,9
37334,8,6
37335,4,0
37336,8,6
37337,6,1
37338,2,9
37339,6,4
37340,5,6
37341,5,5
37342,1,8
37343,6,1
37344,1,8
37345,0,6
37346,8,6
37347,9,2
37348,1,7
37349,4,9
37350,0,6
37351,5,6
37352,4,9
37353,1,7
37354,1,1
37355,3,3
37356,5,6
37357,4,9
37358,8,5
37359,1,9
37360,5,2
37361,3,3
37362,7,3
37363,1,8
37364,8,5
37365,6,1
37366,4,4
37367,9,2
37368,7,3
37369,1,9
37370,5,6
37371,5,6
37372,0,4
37373,0,3
37374,7,3
37375,5,5
37376,8,9
37377,7,0
37378,1,1
37379,5,5
37380,7,5
37381,0,4
37382,4,0
37383,5,3
37384,1,1
37385,0,4
37386,1,2
37387,1,7
37388,0,4
37389,1,7
37390,8,6
37391,2,9
37392,0,4
37393,6,1
37394,1,7
37395,0,4
37396,8,8
37397,5,3
37398,1,8
37399,1,7
37400,2,9
37401,5,6
37402,2,7
37403,9,2
37404,1,3
37405,6,1
37406,7,8
37407,5,5
37408,4,0
37409,5,5
37410,2,4
37411,4,0
37412,1,2
37413,5,5
37414,8,5
37415,4,0
37416,1,2
37417,1,8
37418,3,2
37419,0,4
37420,1,7
37421,8,6
37422,7,3
37423,1,7
37424,1,9
37425,4,0
37426,1,2
37427,4,2
37428,8,8
37429,0,4
37430,4,9
37431,1,8
37432,4,0
37433,6,1
37434,1,8
37435,3,2
37436,1,8
37437,9,2
37438,7,5
37439,3,3
37440,1,2
37441,6,1
37442,5,6
37443,3,3
37444,1,8
37445,5,6
37446,3,2
37447,0,4
37448,7,5
37449,2,9
37450,2,4
37451,8,6
37452,4,0
37453,5,5
37454,1,3
37455,6,1
37456,7,8
37457,4,9
37458,1,8
37459,1,8
37460,7,8
37461,6,1
37462,9,2
37463,6,1
37464,5,3
37465,5,5
37466,8,9
37467,5,0
37468,3,3
37469,1,2
37470,7,3
37471,1,7
37472,7,5
37473,1,8
37474,1,9
37475,5,6
37476,5,6
37477,5,6
37478,7,3
37479,1,8
37480,1,7
37481,9,2
37482,1,1
37483,1,8
37484,3,2
37485,0,4
37486,1,2
37487,0,4
37488,1,8
37489,9,2
37490,4,4
37491,9,2
37492,4,4
37493,1,8
37494,4,7
37495,5,0
37496,2,4
37497,4,0
37498,4,9
37499,1,1
37500,4,7
37501,1,2
37502,8,6
37503,3,3
37504,6,2
37505,0,4
37506,4,0
37507,8,5
37508,1,7
37509,5,6
37510,4,0
37511,4,0
37512,7,8
37513,1,1
37514,3,2
37515,3,2
37516,2,4
37517,7,3
37518,1,1
37519,2,4
37520,8,9
37521,7,5
37522,1,8
37523,0,6
37524,7,3
37525,1,7
37526,3,2
37527,1,8
37528,0,4
37529,3,0
37530,8,4
37531,1,1
37532,3,2
37533,1,2
37534,4,9
37535,5,6
37536,1,7
37537,4,7
37538,7,9
37539,1,8
37540,7,3
37541,4,9
37542,5,6
37543,4,0
37544,5,6
37545,1,2
37546,4,4
37547,1,1
37548,7,5
37549,5,6
37550,1,7
37551,7,5
37552,1,5
37553,4,9
37554,4,0
37555,7,3
37556,1,7
37557,5,5
37558,7,5
37559,4,0
37560,3,2
37561,1,7
37562,2,4
37563,1,1
37564,1,1
37565,1,1
37566,1,3
37567,5,5
37568,6,2
37569,7,3
37570,9,2
37571,4,0
37572,3,3
37573,1,7
37574,8,5
37575,8,9
37576,5,6
37577,0,6
37578,3,3
37579,1,1
37580,3,2
37581,0,6
37582,5,5
37583,1,7
37584,5,5
37585,2,4
37586,8,9
37587,8,9
37588,9,2
37589,8,5
37590,7,5
37591,4,7
37592,7,5
37593,8,9
37594,0,4
37595,3,8
37596,1,7
37597,7,5
37598,6,1
37599,0,6
37600,7,8
37601,3,2
37602,1,7
37603,0,4
37604,7,3
37605,3,8
37606,5,5
37607,1,1
37608,1,8
37609,8,5
37610,3,2
37611,4,9
37612,2,7
37613,1,2
37614,1,1
37615,1,2
37616,8,4
37617,1,8
37618,1,1
37619,4,0
37620,1,8
37621,5,6
37622,7,3
37623,2,4
37624,1,1
37625,7,3
37626,1,3
37627,3,3
37628,7,8
37629,1,1
37630,9,2
37631,3,2
37632,1,2
37633,2,4
37634,2,4
37635,1,1
37636,7,3
37637,4,9
37638,3,2
37639,0,6
37640,2,4
37641,1,9
37642,4,0
37643,7,3
37644,1,8
37645,6,4
37646,3,2
37647,4,0
37648,1,4
37649,7,3
37650,1,1
37651,4,9
37652,7,3
37653,4,0
37654,2,9
37655,1,2
37656,4,0
37657,4,7
37658,3,3
37659,1,1
37660,3,2
37661,1,1
37662,7,5
37663,4,0
37664,4,9
37665,4,7
37666,5,6
37667,0,6
37668,6,2
37669,1,2
37670,1,1
37671,1,2
37672,7,8
37673,4,7
37674,6,1
37675,5,6
37676,0,6
37677,4,0
37678,4,0
37679,5,6
37680,8,5
37681,4,9
37682,4,9
37683,2,4
37684,1,7
37685,3,8
37686,4,0
37687,2,4
37688,4,9
37689,3,3
37690,7,3
37691,7,3
37692,7,3
37693,1,7
37694,1,7
37695,7,8
37696,3,2
37697,4,0
37698,7,5
37699,7,5
37700,7,3
37701,1,8
37702,1,9
37703,7,3
37704,5,8
37705,4,0
37706,1,7
37707,0,6
37708,4,0
37709,1,8
37710,1,8
37711,7,3
37712,2,4
37713,2,7
37714,4,0
37715,7,8
37716,6,1
37717,7,5
37718,1,3
37719,6,1
37720,3,8
37721,7,8
37722,2,4
37723,7,0
37724,0,6
37725,1,1
37726,7,5
37727,5,2
37728,1,1
37729,3,3
37730,3,3
37731,2,4
37732,1,1
37733,2,7
37734,1,2
37735,1,8
37736,9,4
37737,2,9
37738,4,0
37739,4,0
37740,8,5
37741,1,1
37742,6,1
37743,9,2
37744,4,0
37745,3,3
37746,7,3
37747,2,4
37748,4,9
37749,5,5
37750,7,5
37751,5,6
37752,4,0
37753,2,7
37754,2,9
37755,1,8
37756,7,3
37757,1,9
37758,9,0
37759,4,0
37760,9,2
37761,1,1
37762,1,7
37763,9,2
37764,1,9
37765,3,3
37766,1,2
37767,0,4
37768,7,8
37769,1,7
37770,1,7
37771,1,8
37772,1,9
37773,1,9
37774,1,8
37775,2,7
37776,1,8
37777,3,2
37778,5,8
37779,2,9
37780,4,0
37781,1,9
37782,6,1
37783,1,8
37784,1,7
37785,2,4
37786,7,3
37787,4,0
37788,5,6
37789,3,3
37790,4,0
37791,7,5
37792,3,3
37793,2,4
37794,4,4
37795,3,3
37796,7,3
37797,3,3
37798,3,2
37799,2,4
37800,5,4
37801,5,6
37802,1,1
37803,5,6
37804,5,6
37805,8,5
37806,5,2
37807,7,5
37808,1,8
37809,6,1
37810,5,8
37811,1,7
37812,1,2
37813,1,8
37814,4,0
37815,2,4
37816,8,1
37817,7,5
37818,1,7
37819,1,7
37820,8,5
37821,7,3
37822,4,0
37823,7,5
37824,4,9
37825,9,2
37826,4,4
37827,3,3
37828,1,1
37829,5,6
37830,7,5
37831,5,6
37832,3,2
37833,1,7
37834,1,7
37835,2,7
37836,7,5
37837,4,0
37838,1,2
37839,1,1
37840,8,4
37841,4,0
37842,7,5
37843,6,1
37844,4,0
37845,5,6
37846,9,4
37847,3,3
37848,7,3
37849,1,1
37850,8,5
37851,2,4
37852,7,5
37853,2,7
37854,4,0
37855,3,3
37856,5,0
37857,1,8
37858,0,4
37859,5,6
37860,7,3
37861,3,2
37862,1,1
37863,3,2
37864,7,5
37865,5,5
37866,4,9
37867,2,9
37868,1,8
37869,6,1
37870,7,8
37871,1,7
37872,8,6
37873,1,9
37874,8,5
37875,1,7
37876,2,7
37877,1,9
37878,1,7
37879,1,9
37880,1,2
37881,6,1
37882,1,1
37883,4,0
37884,2,4
37885,1,8
37886,3,3
37887,1,9
37888,5,6
37889,3,3
37890,3,3
37891,1,8
37892,0,6
37893,2,4
37894,7,5
37895,5,6
37896,1,3
37897,6,1
37898,1,7
37899,2,4
37900,1,7
37901,7,0
37902,4,0
37903,7,3
37904,9,2
37905,5,6
37906,8,9
37907,2,4
37908,1,3
37909,1,8
37910,7,8
37911,6,1
37912,1,3
37913,3,3
37914,4,0
37915,1,1
37916,0,4
37917,7,0
37918,5,2
37919,1,9
37920,6,1
37921,1,0
37922,2,7
37923,1,1
37924,7,8
37925,9,2
37926,2,1
37927,3,3
37928,7,3
37929,8,5
37930,1,7
37931,5,6
37932,1,9
37933,1,8
37934,4,9
37935,1,9
37936,6,1
37937,7,0
37938,1,1
37939,1,1
37940,3,3
37941,3,2
37942,9,2
37943,3,3
37944,3,3
37945,8,4
37946,5,0
37947,1,7
37948,1,1
37949,1,8
37950,4,0
37951,2,9
37952,1,8
37953,7,0
37954,4,0
37955,1,1
37956,1,8
37957,9,2
37958,2,4
37959,7,3
37960,2,7
37961,2,4
37962,1,8
37963,1,7
37964,3,2
37965,4,9
37966,0,6
37967,9,2
37968,4,0
37969,9,2
37970,4,0
37971,1,7
37972,6,1
37973,5,6
37974,1,2
37975,2,4
37976,4,9
37977,4,0
37978,1,1
37979,1,8
37980,4,0
37981,4,0
37982,0,6
37983,7,5
37984,1,7
37985,9,2
37986,1,4
37987,1,7
37988,2,4
37989,9,2
37990,5,6
37991,3,3
37992,8,5
37993,5,6
37994,1,7
37995,5,2
37996,3,3
37997,1,1
37998,5,6
37999,1,7
38000,1,8
38001,1,7
38002,1,1
38003,2,9
38004,1,7
38005,1,9
38006,4,9
38007,1,1
38008,4,0
38009,9,2
38010,1,2
38011,2,4
38012,4,4
38013,5,6
38014,7,8
38015,1,7
38016,1,1
38017,1,7
38018,1,7
38019,8,5
38020,4,9
38021,4,4
38022,5,6
38023,8,5
38024,3,2
38025,4,0
38026,1,7
38027,1,1
38028,5,6
38029,1,1
38030,8,9
38031,8,9
38032,5,6
38033,9,2
38034,2,7
38035,7,0
38036,1,2
38037,1,3
38038,7,5
38039,6,1
38040,5,2
38041,4,4
38042,4,0
38043,4,0
38044,7,8
38045,5,6
38046,4,9
38047,2,4
38048,1,9
38049,3,3
38050,5,6
38051,4,9
38052,1,4
38053,1,3
38054,4,0
38055,1,0
38056,1,1
38057,4,0
38058,7,3
38059,7,5
38060,7,5
38061,9,2
38062,4,0
38063,7,8
38064,4,9
38065,1,8
38066,7,3
38067,1,8
38068,1,2
38069,1,8
38070,3,2
38071,7,5
38072,2,4
38073,7,5
38074,1,8
38075,6,7
38076,2,7
38077,6,1
38078,3,2
38079,6,4
38080,5,2
38081,6,1
38082,4,9
38083,1,3
38084,5,6
38085,7,8
38086,1,3
38087,2,9
38088,1,7
38089,1,3
38090,7,5
38091,1,7
38092,1,8
38093,2,4
38094,1,2
38095,6,1
38096,1,7
38097,6,1
38098,1,7
38099,4,0
38100,4,0
38101,5,6
38102,7,0
38103,4,0
38104,0,6
38105,1,1
38106,4,0
38107,5,2
38108,5,2
38109,7,3
38110,4,0
38111,2,4
38112,3,8
38113,8,5
38114,5,6
38115,5,6
38116,7,3
38117,1,7
38118,2,9
38119,1,8
38120,5,2
38121,1,9
38122,1,4
38123,4,0
38124,9,2
38125,6,1
38126,4,0
38127,5,2
38128,4,0
38129,7,3
38130,7,3
38131,0,4
38132,2,4
38133,2,7
38134,7,5
38135,1,8
38136,1,8
38137,1,9
38138,4,0
38139,4,0
38140,1,2
38141,1,1
38142,8,8
38143,5,2
38144,4,7
38145,3,3
38146,1,8
38147,6,4
38148,9,2
38149,2,7
38150,4,4
38151,1,8
38152,0,6
38153,2,9
38154,4,9
38155,4,0
38156,5,6
38157,4,0
38158,7,8
38159,6,1
38160,1,1
38161,4,0
38162,4,0
38163,1,1
38164,6,1
38165,1,5
38166,7,3
38167,3,3
38168,2,4
38169,0,4
38170,3,2
38171,5,2
38172,8,6
38173,6,4
38174,7,3
38175,2,4
38176,0,6
38177,4,0
38178,6,7
38179,4,0
38180,1,3
38181,0,6
38182,7,9
38183,1,9
38184,1,7
38185,0,6
38186,1,7
38187,0,6
38188,0,4
38189,8,5
38190,0,6
38191,1,7
38192,0,6
38193,1,3
38194,7,5
38195,5,2
38196,1,1
38197,3,2
38198,5,0
38199,3,3
38200,4,0
38201,2,4
38202,7,5
38203,2,4
38204,4,9
38205,2,9
38206,1,1
38207,6,1
38208,3,2
38209,2,4
38210,1,7
38211,7,0
38212,4,0
38213,1,7
38214,0,6
38215,2,7
38216,9,2
38217,8,5
38218,7,3
38219,5,6
38220,1,7
38221,3,2
38222,8,5
38223,3,3
38224,1,7
38225,6,1
38226,1,1
38227,0,4
38228,4,0
38229,2,4
38230,7,9
38231,4,0
38232,4,0
38233,1,9
38234,8,5
38235,6,1
38236,4,4
38237,1,8
38238,7,3
38239,7,3
38240,7,5
38241,7,3
38242,4,7
38243,1,7
38244,1,7
38245,7,3
38246,6,7
38247,2,9
38248,2,9
38249,1,8
38250,7,5
38251,1,8
38252,1,5
38253,0,4
38254,7,5
38255,2,7
38256,3,2
38257,2,7
38258,5,6
38259,0,6
38260,0,6
38261,5,2
38262,9,4
38263,6,1
38264,1,1
38265,1,9
38266,8,5
38267,1,8
38268,1,2
38269,6,7
38270,4,4
38271,1,8
38272,1,1
38273,1,8
38274,4,4
38275,3,2
38276,8,1
38277,3,3
38278,1,7
38279,2,9
38280,7,5
38281,3,3
38282,4,7
38283,7,3
38284,4,4
38285,5,5
38286,4,4
38287,8,5
38288,3,2
38289,4,0
38290,5,6
38291,1,7
38292,1,9
38293,1,9
38294,7,3
38295,5,5
38296,0,4
38297,4,0
38298,7,5
38299,0,6
38300,4,7
38301,0,4
38302,8,6
38303,6,1
38304,2,7
38305,6,1
38306,5,6
38307,3,2
38308,8,6
38309,1,8
38310,4,0
38311,1,1
38312,4,9
38313,8,5
38314,7,5
38315,3,0
38316,2,4
38317,1,1
38318,0,6
38319,1,2
38320,4,7
38321,5,3
38322,5,6
38323,2,4
38324,7,8
38325,7,5
38326,6,2
38327,5,6
38328,1,1
38329,2,7
38330,6,2
38331,8,8
38332,4,0
38333,4,9
38334,5,6
38335,4,0
38336,9,4
38337,1,1
38338,4,7
38339,1,2
38340,1,1
38341,3,3
38342,0,6
38343,1,4
38344,8,9
38345,8,5
38346,7,3
38347,5,6
38348,5,6
38349,1,7
38350,1,7
38351,1,8
38352,5,6
38353,8,9
38354,3,2
38355,4,0
38356,9,2
38357,1,1
38358,4,9
38359,1,2
38360,7,5
38361,7,3
38362,8,5
38363,1,4
38364,4,0
38365,8,5
38366,9,2
38367,5,6
38368,7,3
38369,8,9
38370,8,4
38371,5,6
38372,8,4
38373,2,4
38374,1,7
38375,2,4
38376,5,6
38377,7,3
38378,7,5
38379,5,6
38380,4,0
38381,3,2
38382,1,8
38383,3,3
38384,1,1
38385,6,4
38386,7,8
38387,1,8
38388,6,1
38389,1,7
38390,8,6
38391,1,8
38392,0,4
38393,5,6
38394,0,6
38395,8,9
38396,9,2
38397,7,8
38398,1,1
38399,7,3
38400,0,6
38401,3,2
38402,2,4
38403,1,2
38404,5,0
38405,1,8
38406,1,2
38407,4,4
38408,5,5
38409,1,2
38410,3,3
38411,4,0
38412,4,0
38413,6,1
38414,7,5
38415,6,1
38416,5,6
38417,3,2
38418,1,8
38419,8,9
38420,8,8
38421,5,6
38422,1,7
38423,1,8
38424,1,1
38425,6,1
38426,1,9
38427,3,2
38428,2,4
38429,4,0
38430,3,2
38431,5,6
38432,1,1
38433,7,5
38434,1,8
38435,3,2
38436,1,1
38437,1,7
38438,3,2
38439,7,5
38440,4,0
38441,3,3
38442,8,8
38443,2,9
38444,0,6
38445,1,3
38446,4,0
38447,2,7
38448,0,6
38449,6,1
38450,5,6
38451,7,3
38452,1,8
38453,1,8
38454,1,1
38455,6,1
38456,4,9
38457,8,9
38458,1,7
38459,8,5
38460,5,6
38461,4,0
38462,1,1
38463,1,1
38464,6,1
38465,6,1
38466,1,1
38467,4,9
38468,1,7
38469,3,2
38470,2,9
38471,5,6
38472,5,6
38473,4,0
38474,0,6
38475,2,4
38476,1,8
38477,8,5
38478,5,6
38479,5,6
38480,1,1
38481,8,5
38482,1,1
38483,4,0
38484,4,0
38485,3,3
38486,8,5
38487,6,1
38488,5,0
38489,1,8
38490,1,1
38491,5,6
38492,1,1
38493,4,9
38494,4,0
38495,7,3
38496,4,4
38497,3,0
38498,4,4
38499,1,1
38500,2,4
38501,4,0
38502,1,7
38503,2,4
38504,1,7
38505,6,7
38506,1,7
38507,7,3
38508,5,5
38509,3,2
38510,1,8
38511,5,6
38512,5,5
38513,7,5
38514,0,6
38515,2,4
38516,1,1
38517,6,7
38518,1,4
38519,8,9
38520,1,3
38521,1,7
38522,1,1
38523,4,0
38524,2,4
38525,1,1
38526,2,1
38527,9,2
38528,1,1
38529,7,3
38530,1,2
38531,2,4
38532,1,1
38533,7,5
38534,1,7
38535,5,6
38536,3,3
38537,2,7
38538,1,1
38539,1,8
38540,4,0
38541,2,9
38542,3,2
38543,7,0
38544,1,8
38545,6,1
38546,8,5
38547,9,2
38548,5,6
38549,3,3
38550,2,7
38551,0,4
38552,1,9
38553,5,5
38554,1,1
38555,5,6
38556,4,7
38557,2,7
38558,1,1
38559,5,0
38560,3,2
38561,6,1
38562,2,9
38563,9,2
38564,7,5
38565,3,3
38566,1,8
38567,4,4
38568,2,4
38569,5,5
38570,1,1
38571,5,6
38572,6,1
38573,4,0
38574,4,0
38575,1,7
38576,5,6
38577,5,5
38578,5,6
38579,7,0
38580,7,3
38581,7,8
38582,1,1
38583,0,4
38584,8,6
38585,6,1
38586,0,7
38587,1,8
38588,1,8
38589,1,8
38590,4,0
38591,1,1
38592,8,5
38593,7,3
38594,8,5
38595,6,1
38596,7,8
38597,2,9
38598,8,7
38599,3,0
38600,4,9
38601,0,4
38602,1,3
38603,2,4
38604,7,5
38605,1,0
38606,7,8
38607,4,7
38608,5,5
38609,9,2
38610,8,5
38611,2,9
38612,7,5
38613,1,8
38614,4,0
38615,1,7
38616,2,4
38617,9,2
38618,3,2
38619,2,4
38620,1,7
38621,1,7
38622,2,4
38623,1,8
38624,8,5
38625,2,9
38626,1,5
38627,7,3
38628,7,5
38629,1,1
38630,4,4
38631,0,4
38632,4,9
38633,5,6
38634,8,6
38635,9,2
38636,1,2
38637,9,2
38638,7,8
38639,2,7
38640,8,6
38641,1,8
38642,5,6
38643,5,6
38644,4,0
38645,0,4
38646,8,9
38647,2,9
38648,7,5
38649,9,2
38650,4,7
38651,2,9
38652,9,2
38653,3,3
38654,0,4
38655,5,5
38656,7,5
38657,7,3
38658,7,5
38659,0,6
38660,4,0
38661,5,6
38662,4,0
38663,7,0
38664,1,1
38665,3,2
38666,6,1
38667,9,2
38668,4,4
38669,4,7
38670,7,3
38671,0,4
38672,2,7
38673,2,9
38674,2,9
38675,5,5
38676,5,6
38677,6,1
38678,7,5
38679,9,2
38680,1,9
38681,0,6
38682,6,1
38683,6,1
38684,1,1
38685,1,8
38686,4,0
38687,7,3
38688,4,7
38689,5,5
38690,8,9
38691,4,0
38692,3,2
38693,7,0
38694,5,6
38695,5,6
38696,4,0
38697,6,1
38698,5,5
38699,0,6
38700,1,1
38701,4,9
38702,7,8
38703,0,6
38704,2,9
38705,2,7
38706,4,0
38707,6,1
38708,7,5
38709,6,1
38710,6,4
38711,1,7
38712,7,3
38713,1,1
38714,1,3
38715,9,2
38716,9,4
38717,2,4
38718,1,1
38719,7,5
38720,9,2
38721,5,6
38722,4,0
38723,1,7
38724,1,1
38725,7,8
38726,7,5
38727,2,9
38728,2,7
38729,4,0
38730,0,6
38731,1,1
38732,7,3
38733,3,2
38734,1,8
38735,3,3
38736,6,1
38737,2,4
38738,1,7
38739,7,5
38740,1,9
38741,5,6
38742,1,8
38743,1,7
38744,4,0
38745,7,8
38746,4,0
38747,1,9
38748,4,9
38749,4,0
38750,1,1
38751,6,1
38752,1,3
38753,3,2
38754,0,6
38755,7,3
38756,7,5
38757,2,4
38758,1,7
38759,7,5
38760,3,9
38761,5,6
38762,7,5
38763,1,7
38764,1,1
38765,7,8
38766,4,0
38767,2,9
38768,8,9
38769,6,1
38770,3,2
38771,7,3
38772,1,3
38773,7,5
38774,1,1
38775,1,9
38776,2,7
38777,2,4
38778,1,8
38779,1,1
38780,7,6
38781,1,7
38782,5,6
38783,1,7
38784,9,2
38785,9,2
38786,2,4
38787,1,1
38788,4,7
38789,6,4
38790,3,2
38791,5,8
38792,7,5
38793,9,2
38794,2,7
38795,1,9
38796,5,6
38797,3,3
38798,7,5
38799,7,8
38800,1,2
38801,7,5
38802,4,0
38803,0,4
38804,7,3
38805,8,8
38806,1,1
38807,7,8
38808,4,0
38809,1,9
38810,1,7
38811,3,3
38812,1,4
38813,8,9
38814,1,7
38815,9,2
38816,4,0
38817,7,5
38818,8,5
38819,1,7
38820,5,6
38821,2,4
38822,0,4
38823,6,1
38824,8,1
38825,9,2
38826,3,2
38827,7,3
38828,1,1
38829,8,9
38830,7,5
38831,1,1
38832,1,8
38833,5,6
38834,4,4
38835,3,0
38836,2,7
38837,1,1
38838,1,7
38839,9,2
38840,1,1
38841,7,8
38842,1,8
38843,7,5
38844,7,8
38845,1,1
38846,3,2
38847,1,1
38848,7,5
38849,7,8
38850,4,0
38851,7,5
38852,2,4
38853,5,6
38854,5,6
38855,2,4
38856,5,6
38857,1,7
38858,1,8
38859,3,3
38860,1,1
38861,5,6
38862,3,2
38863,1,8
38864,8,5
38865,4,0
38866,7,8
38867,3,3
38868,1,1
38869,1,7
38870,1,8
38871,2,4
38872,8,4
38873,4,0
38874,4,0
38875,5,6
38876,5,6
38877,1,9
38878,1,8
38879,9,2
38880,2,9
38881,5,6
38882,1,3
38883,7,5
38884,3,2
38885,5,6
38886,1,2
38887,1,9
38888,7,5
38889,4,0
38890,1,7
38891,2,4
38892,1,3
38893,4,0
38894,3,3
38895,5,6
38896,7,5
38897,6,1
38898,9,4
38899,1,9
38900,3,3
38901,9,2
38902,7,5
38903,4,0
38904,7,3
38905,2,9
38906,2,4
38907,7,5
38908,1,7
38909,1,1
38910,2,9
38911,3,3
38912,1,8
38913,1,7
38914,4,0
38915,5,6
38916,1,7
38917,2,9
38918,6,1
38919,6,4
38920,2,7
38921,1,7
38922,2,4
38923,1,7
38924,9,2
38925,5,6
38926,4,0
38927,3,3
38928,1,1
38929,4,0
38930,8,9
38931,5,5
38932,7,5
38933,5,6
38934,7,5
38935,3,2
38936,0,6
38937,3,2
38938,2,4
38939,4,0
38940,7,5
38941,1,1
38942,1,8
38943,2,7
38944,7,5
38945,1,8
38946,4,0
38947,2,9
38948,7,8
38949,4,0
38950,4,9
38951,6,1
38952,1,2
38953,1,2
38954,1,7
38955,7,3
38956,1,8
38957,2,4
38958,5,6
38959,7,5
38960,9,4
38961,5,6
38962,9,2
38963,4,0
38964,1,7
38965,1,1
38966,0,4
38967,1,8
38968,1,1
38969,6,9
38970,7,3
38971,1,8
38972,1,7
38973,4,4
38974,1,1
38975,6,1
38976,6,1
38977,1,8
38978,2,4
38979,1,8
38980,8,6
38981,1,1
38982,3,3
38983,7,3
38984,4,4
38985,6,1
38986,7,3
38987,7,8
38988,0,6
38989,7,3
38990,1,3
38991,7,3
38992,2,9
38993,3,0
38994,1,7
38995,2,9
38996,8,6
38997,0,4
38998,3,3
38999,1,9
39000,4,9
39001,1,8
39002,3,2
39003,2,7
39004,5,6
39005,7,8
39006,3,2
39007,6,1
39008,1,2
39009,2,7
39010,1,7
39011,1,8
39012,6,1
39013,2,7
39014,1,7
39015,5,5
39016,4,9
39017,6,1
39018,1,1
39019,0,6
39020,1,2
39021,5,5
39022,1,2
39023,4,0
39024,9,4
39025,2,9
39026,1,7
39027,7,5
39028,4,0
39029,4,0
39030,8,9
39031,1,2
39032,3,2
39033,6,1
39034,1,9
39035,1,8
39036,5,6
39037,4,0
39038,4,7
39039,7,0
39040,7,3
39041,1,1
39042,3,2
39043,0,6
39044,4,0
39045,5,6
39046,2,4
39047,4,7
39048,1,7
39049,6,1
39050,4,0
39051,6,1
39052,1,1
39053,2,7
39054,4,0
39055,4,0
39056,1,7
39057,1,1
39058,1,4
39059,5,2
39060,2,7
39061,3,3
39062,1,7
39063,2,4
39064,1,9
39065,7,5
39066,7,3
39067,5,6
39068,7,8
39069,1,7
39070,7,8
39071,1,8
39072,6,1
39073,1,9
39074,1,2
39075,4,0
39076,1,1
39077,1,1
39078,2,4
39079,5,2
39080,4,4
39081,7,3
39082,1,7
39083,2,4
39084,1,1
39085,7,5
39086,5,6
39087,5,6
39088,1,7
39089,1,7
39090,5,2
39091,1,8
39092,1,8
39093,4,0
39094,1,8
39095,1,1
39096,1,9
39097,1,2
39098,5,6
39099,7,3
39100,3,3
39101,0,4
39102,6,1
39103,7,5
39104,1,8
39105,5,6
39106,6,1
39107,1,7
39108,1,3
39109,7,8
39110,4,4
39111,1,9
39112,8,6
39113,1,7
39114,7,5
39115,4,0
39116,7,3
39117,1,4
39118,3,2
39119,4,0
39120,7,5
39121,5,6
39122,7,3
39123,0,4
39124,7,3
39125,3,3
39126,7,5
39127,7,3
39128,4,4
39129,2,4
39130,0,6
39131,1,8
39132,7,5
39133,2,7
39134,4,9
39135,1,8
39136,7,3
39137,5,6
39138,1,1
39139,2,9
39140,7,3
39141,1,8
39142,7,8
39143,7,3
39144,1,8
39145,5,2
39146,1,2
39147,9,2
39148,8,9
39149,1,8
39150,4,7
39151,1,4
39152,1,1
39153,3,2
39154,5,6
39155,4,0
39156,4,0
39157,1,1
39158,7,5
39159,1,1
39160,5,1
39161,3,2
39162,3,2
39163,8,9
39164,5,6
39165,0,6
39166,8,9
39167,1,8
39168,3,2
39169,1,1
39170,3,2
39171,9,2
39172,1,9
39173,1,1
39174,8,9
39175,4,0
39176,7,5
39177,0,6
39178,7,8
39179,4,9
39180,5,6
39181,7,3
39182,4,4
39183,2,7
39184,1,3
39185,6,1
39186,2,4
39187,1,8
39188,0,6
39189,7,3
39190,1,7
39191,1,8
39192,8,9
39193,1,1
39194,4,0
39195,2,9
39196,1,1
39197,7,5
39198,1,2
39199,1,9
39200,0,6
39201,1,8
39202,4,0
39203,9,2
39204,4,4
39205,0,6
39206,0,6
39207,4,0
39208,5,5
39209,0,4
39210,1,2
39211,5,5
39212,0,6
39213,4,0
39214,8,5
39215,7,3
39216,5,2
39217,1,1
39218,4,4
39219,1,8
39220,4,0
39221,5,6
39222,3,3
39223,2,7
39224,4,0
39225,5,5
39226,5,6
39227,2,9
39228,1,2
39229,2,9
39230,7,5
39231,7,3
39232,1,1
39233,4,0
39234,1,9
39235,7,3
39236,4,0
39237,1,1
39238,1,8
39239,2,4
39240,7,3
39241,2,4
39242,7,8
39243,4,0
39244,1,7
39245,0,4
39246,4,7
39247,1,9
39248,2,4
39249,9,2
39250,5,6
39251,5,6
39252,4,7
39253,5,5
39254,1,7
39255,2,4
39256,1,2
39257,2,7
39258,0,6
39259,1,9
39260,5,6
39261,1,7
39262,1,1
39263,1,0
39264,1,8
39265,1,1
39266,5,8
39267,1,3
39268,1,1
39269,2,4
39270,1,1
39271,8,5
39272,2,4
39273,5,6
39274,7,5
39275,1,7
39276,1,7
39277,1,8
39278,5,6
39279,5,0
39280,8,5
39281,1,1
39282,1,2
39283,3,2
39284,3,2
39285,1,3
39286,4,9
39287,2,4
39288,1,1
39289,1,7
39290,7,3
39291,1,8
39292,5,6
39293,4,9
39294,1,7
39295,7,0
39296,3,2
39297,6,1
39298,2,4
39299,5,2
39300,6,1
39301,1,3
39302,2,4
39303,4,4
39304,0,4
39305,1,7
39306,4,0
39307,2,8
39308,1,8
39309,4,0
39310,1,7
39311,8,5
39312,7,3
39313,5,6
39314,1,7
39315,1,8
39316,4,7
39317,1,3
39318,5,6
39319,1,9
39320,5,6
39321,4,0
39322,7,8
39323,3,2
39324,2,4
39325,7,3
39326,4,0
39327,1,3
39328,1,1
39329,1,3
39330,3,2
39331,1,9
39332,0,6
39333,1,9
39334,4,0
39335,8,5
39336,0,6
39337,0,6
39338,3,2
39339,0,4
39340,0,6
39341,0,4
39342,1,2
39343,3,2
39344,7,8
39345,1,7
39346,4,0
39347,1,0
39348,1,7
39349,1,3
39350,1,8
39351,8,9
39352,6,1
39353,0,6
39354,1,1
39355,2,8
39356,0,6
39357,1,7
39358,1,7
39359,1,3
39360,4,0
39361,2,4
39362,1,1
39363,0,0
39364,6,1
39365,0,4
39366,7,3
39367,6,1
39368,4,4
39369,5,6
39370,4,9
39371,1,7
39372,0,6
39373,1,8
39374,7,5
39375,0,4
39376,4,0
39377,8,9
39378,8,8
39379,5,6
39380,7,5
39381,8,5
39382,1,8
39383,0,6
39384,7,3
39385,5,6
39386,4,4
39387,1,7
39388,5,6
39389,1,8
39390,1,7
39391,1,8
39392,1,2
39393,1,1
39394,5,6
39395,1,8
39396,2,4
39397,7,3
39398,5,2
39399,1,7
39400,8,5
39401,1,7
39402,1,1
39403,1,1
39404,0,4
39405,6,5
39406,0,6
39407,5,0
39408,3,2
39409,1,5
39410,7,5
39411,5,2
39412,7,3
39413,0,4
39414,0,4
39415,1,3
39416,7,5
39417,6,1
39418,2,9
39419,1,8
39420,9,2
39421,3,2
39422,4,0
39423,1,9
39424,8,5
39425,1,9
39426,1,7
39427,8,5
39428,1,9
39429,9,2
39430,0,6
39431,5,6
39432,1,8
39433,2,4
39434,9,2
39435,2,4
39436,5,5
39437,6,1
39438,1,8
39439,1,7
39440,8,6
39441,1,1
39442,1,8
39443,6,4
39444,6,1
39445,1,3
39446,4,0
39447,1,9
39448,4,9
39449,1,7
39450,1,8
39451,6,1
39452,1,3
39453,5,2
39454,6,1
39455,5,6
39456,1,8
39457,5,0
39458,2,4
39459,1,7
39460,7,5
39461,7,3
39462,6,1
39463,5,0
39464,8,9
39465,1,1
39466,0,6
39467,5,2
39468,7,5
39469,7,3
39470,3,2
39471,2,4
39472,8,9
39473,5,5
39474,4,0
39475,0,6
39476,9,2
39477,2,7
39478,8,8
39479,1,8
39480,5,9
39481,1,9
39482,5,5
39483,5,0
39484,1,1
39485,1,1
39486,0,4
39487,5,2
39488,3,2
39489,7,3
39490,1,7
39491,2,4
39492,2,4
39493,5,5
39494,4,0
39495,0,6
39496,5,6
39497,1,7
39498,4,0
39499,1,8
39500,1,7
39501,1,9
39502,8,5
39503,1,0
39504,4,0
39505,1,1
39506,8,6
39507,5,2
39508,5,6
39509,7,3
39510,3,2
39511,2,4
39512,6,1
39513,7,5
39514,4,4
39515,0,6
39516,8,5
39517,1,7
39518,9,2
39519,1,8
39520,1,3
39521,1,9
39522,9,4
39523,2,7
39524,2,7
39525,2,4
39526,7,5
39527,4,0
39528,8,6
39529,2,4
39530,1,8
39531,4,0
39532,2,9
39533,1,1
39534,4,7
39535,1,7
39536,6,4
39537,1,9
39538,8,9
39539,8,5
39540,1,7
39541,1,1
39542,6,1
39543,2,4
39544,1,7
39545,5,2
39546,1,1
39547,1,8
39548,2,4
39549,1,9
39550,1,1
39551,2,4
39552,1,1
39553,3,3
39554,6,1
39555,6,1
39556,8,5
39557,1,7
39558,2,4
39559,1,8
39560,1,1
39561,5,2
39562,7,5
39563,2,4
39564,4,0
39565,1,3
39566,7,3
39567,8,6
39568,1,1
39569,1,9
39570,4,0
39571,1,9
39572,9,2
39573,7,5
39574,7,5
39575,1,8
39576,1,9
39577,0,6
39578,8,9
39579,1,7
39580,1,7
39581,4,0
39582,1,2
39583,0,6
39584,4,4
39585,1,8
39586,1,7
39587,3,2
39588,4,9
39589,5,6
39590,2,4
39591,1,3
39592,3,2
39593,1,9
39594,1,1
39595,3,3
39596,8,8
39597,5,2
39598,2,9
39599,1,8
39600,1,0
39601,0,6
39602,7,8
39603,1,1
39604,1,8
39605,1,7
39606,4,0
39607,2,4
39608,7,8
39609,1,8
39610,5,6
39611,1,8
39612,4,0
39613,1,9
39614,2,9
39615,4,0
39616,2,7
39617,7,3
39618,7,3
39619,7,3
39620,7,0
39621,1,9
39622,1,1
39623,4,0
39624,4,0
39625,8,5
39626,0,6
39627,5,2
39628,4,0
39629,5,5
39630,0,6
39631,5,0
39632,5,6
39633,1,9
39634,9,4
39635,2,4
39636,2,4
39637,6,1
39638,2,4
39639,5,0
39640,4,9
39641,1,3
39642,4,9
39643,1,7
39644,3,2
39645,8,5
39646,1,1
39647,1,8
39648,4,9
39649,2,7
39650,5,6
39651,1,7
39652,1,1
39653,1,8
39654,1,9
39655,5,2
39656,0,0
39657,1,9
39658,1,8
39659,1,7
39660,8,9
39661,1,1
39662,8,8
39663,5,2
39664,4,0
39665,0,6
39666,7,5
39667,2,4
39668,1,8
39669,5,2
39670,2,4
39671,7,5
39672,2,7
39673,5,2
39674,0,4
39675,1,3
39676,1,7
39677,0,6
39678,1,3
39679,8,6
39680,2,4
39681,7,5
39682,3,2
39683,5,0
39684,1,1
39685,1,0
39686,7,3
39687,2,7
39688,9,2
39689,8,5
39690,6,4
39691,1,2
39692,4,9
39693,1,8
39694,4,9
39695,1,1
39696,7,3
39697,8,6
39698,9,2
39699,1,1
39700,8,5
39701,5,0
39702,1,9
39703,2,4
39704,1,3
39705,1,3
39706,7,3
39707,6,1
39708,6,2
39709,5,6
39710,4,0
39711,6,1
39712,1,7
39713,1,9
39714,4,0
39715,4,0
39716,1,1
39717,1,1
39718,1,9
39719,9,2
39720,8,4
39721,3,3
39722,5,5
39723,8,4
39724,2,9
39725,5,5
39726,5,2
39727,5,6
39728,7,3
39729,4,7
39730,4,4
39731,1,8
39732,8,9
39733,2,9
39734,1,2
39735,4,0
39736,5,6
39737,6,1
39738,0,4
39739,3,2
39740,4,0
39741,3,3
39742,0,6
39743,2,4
39744,7,3
39745,5,5
39746,4,0
39747,5,6
39748,7,5
39749,4,7
39750,4,9
39751,3,8
39752,1,7
39753,2,9
39754,2,9
39755,4,0
39756,1,8
39757,6,1
39758,4,0
39759,9,2
39760,2,7
39761,3,3
39762,2,9
39763,2,4
39764,1,8
39765,5,5
39766,0,6
39767,8,6
39768,1,3
39769,2,7
39770,7,3
39771,3,8
39772,1,2
39773,5,5
39774,7,3
39775,4,0
39776,1,1
39777,5,6
39778,5,8
39779,3,8
39780,7,5
39781,4,9
39782,1,1
39783,8,4
39784,1,7
39785,6,1
39786,1,3
39787,2,9
39788,4,0
39789,4,0
39790,5,2
39791,2,4
39792,8,6
39793,1,8
39794,5,2
39795,2,9
39796,1,1
39797,6,1
39798,1,3
39799,8,4
39800,4,0
39801,4,0
39802,2,9
39803,7,5
39804,7,3
39805,1,1
39806,5,8
39807,5,5
39808,7,5
39809,2,4
39810,3,2
39811,4,0
39812,4,4
39813,4,7
39814,7,3
39815,5,6
39816,4,9
39817,4,0
39818,0,1
39819,6,1
39820,1,3
39821,2,7
39822,1,9
39823,4,0
39824,5,6
39825,5,6
39826,1,7
39827,7,8
39828,1,1
39829,2,9
39830,1,1
39831,5,5
39832,7,8
39833,8,4
39834,1,9
39835,2,7
39836,3,3
39837,5,6
39838,1,1
39839,4,0
39840,3,2
39841,3,8
39842,1,9
39843,6,1
39844,0,4
39845,2,7
39846,1,1
39847,2,7
39848,5,0
39849,6,1
39850,4,0
39851,3,3
39852,7,3
39853,9,2
39854,4,0
39855,3,3
39856,4,0
39857,6,1
39858,7,5
39859,4,0
39860,3,2
39861,4,0
39862,9,2
39863,2,7
39864,7,8
39865,3,8
39866,8,4
39867,4,4
39868,1,7
39869,2,9
39870,0,6
39871,3,3
39872,7,8
39873,3,8
39874,4,0
39875,8,4
39876,7,8
39877,2,7
39878,6,1
39879,9,2
39880,1,7
39881,7,5
39882,7,8
39883,5,6
39884,7,3
39885,3,3
39886,2,4
39887,5,6
39888,1,1
39889,2,9
39890,4,0
39891,2,4
39892,3,2
39893,5,6
39894,8,4
39895,2,9
39896,1,1
39897,4,0
39898,4,0
39899,9,2
39900,1,3
39901,5,5
39902,1,8
39903,5,5
39904,7,3
39905,6,1
39906,4,0
39907,3,3
39908,5,6
39909,3,3
39910,7,5
39911,2,9
39912,6,1
39913,2,7
39914,1,2
39915,1,8
39916,2,4
39917,2,7
39918,3,2
39919,9,2
39920,1,7
39921,9,2
39922,1,8
39923,5,5
39924,1,9
39925,4,7
39926,1,8
39927,4,9
39928,7,3
39929,9,2
39930,3,2
39931,6,1
39932,2,9
39933,3,3
39934,5,6
39935,4,0
39936,6,1
39937,1,1
39938,1,8
39939,3,2
39940,7,5
39941,7,3
39942,9,9
39943,0,4
39944,4,0
39945,7,5
39946,7,5
39947,5,6
39948,1,8
39949,2,7
39950,1,1
39951,8,8
39952,7,5
39953,1,9
39954,0,4
39955,4,0
39956,4,0
39957,1,1
39958,5,5
39959,5,2
39960,4,0
39961,1,3
39962,7,5
39963,0,4
39964,7,5
39965,5,5
39966,7,5
39967,0,6
39968,4,0
39969,2,7
39970,3,2
39971,1,8
39972,7,5
39973,1,9
39974,1,9
39975,4,0
39976,2,4
39977,6,1
39978,5,5
39979,5,2
39980,6,1
39981,3,3
39982,1,3
39983,0,4
39984,1,1
39985,7,5
39986,6,1
39987,0,6
39988,6,1
39989,1,7
39990,2,4
39991,1,8
39992,4,0
39993,1,9
39994,4,8
39995,1,8
39996,8,5
39997,2,9
39998,8,9
39999,5,5
40000,1,7
40001,2,7
40002,4,0
40003,7,0
40004,6,1
40005,3,3
40006,1,9
40007,6,1
40008,8,5
40009,0,6
40010,5,6
40011,1,8
40012,5,8
40013,0,4
40014,7,5
40015,1,1
40016,7,8
40017,1,7
40018,1,7
40019,0,6
40020,7,3
40021,5,5
40022,5,8
40023,5,6
40024,1,1
40025,6,4
40026,2,9
40027,3,2
40028,4,9
40029,2,7
40030,1,4
40031,8,8
40032,7,5
40033,1,1
40034,5,6
40035,1,3
40036,0,6
40037,3,2
40038,4,0
40039,5,0
40040,4,0
40041,7,5
40042,4,0
40043,4,0
40044,1,2
40045,6,1
40046,1,7
40047,2,9
40048,1,8
40049,5,2
40050,1,9
40051,3,3
40052,1,1
40053,3,2
40054,5,2
40055,1,3
40056,1,1
40057,5,5
40058,6,1
40059,5,5
40060,1,7
40061,2,7
40062,2,4
40063,1,9
40064,8,8
40065,1,9
40066,8,4
40067,2,7
40068,7,3
40069,1,1
40070,1,7
40071,1,1
40072,8,6
40073,2,9
40074,4,0
40075,5,0
40076,1,2
40077,1,7
40078,1,3
40079,3,3
40080,2,7
40081,2,4
40082,4,0
40083,1,8
40084,3,2
40085,0,6
40086,1,1
40087,1,3
40088,7,5
40089,1,8
40090,1,2
40091,4,0
40092,7,8
40093,5,6
40094,4,4
40095,5,2
40096,5,2
40097,1,1
40098,6,1
40099,4,0
40100,7,3
40101,1,1
40102,2,9
40103,4,0
40104,7,3
40105,0,6
40106,1,8
40107,5,2
40108,4,0
40109,3,3
40110,1,8
40111,7,8
40112,6,4
40113,1,9
40114,1,7
40115,4,0
40116,4,4
40117,1,7
40118,4,7
40119,5,2
40120,9,2
40121,1,3
40122,4,0
40123,0,4
40124,8,6
40125,5,5
40126,1,9
40127,7,5
40128,2,9
40129,5,2
40130,2,4
40131,1,8
40132,1,1
40133,7,5
40134,7,8
40135,2,4
40136,4,9
40137,0,6
40138,7,8
40139,0,6
40140,1,1
40141,0,6
40142,1,1
40143,1,7
40144,7,5
40145,2,9
40146,7,8
40147,1,1
40148,1,1
40149,1,8
40150,4,0
40151,1,2
40152,3,2
40153,1,1
40154,7,5
40155,9,2
40156,4,4
40157,0,6
40158,5,8
40159,7,5
40160,3,2
40161,1,3
40162,4,0
40163,2,4
40164,4,4
40165,1,7
40166,1,3
40167,2,9
40168,0,4
40169,0,4
40170,2,7
40171,5,0
40172,8,5
40173,4,0
40174,2,9
40175,7,5
40176,5,6
40177,1,9
40178,1,1
40179,4,0
40180,4,0
40181,6,1
40182,8,5
40183,3,2
40184,5,3
40185,7,3
40186,1,7
40187,2,4
40188,3,0
40189,8,5
40190,1,1
40191,5,6
40192,1,8
40193,2,7
40194,7,5
40195,1,8
40196,1,1
40197,2,9
40198,1,2
40199,4,0
40200,4,0
40201,6,1
40202,1,3
40203,3,2
40204,2,7
40205,7,3
40206,3,2
40207,7,5
40208,4,0
40209,0,6
40210,6,1
40211,2,7
40212,1,2
40213,1,8
40214,2,7
40215,2,9
40216,1,7
40217,7,0
40218,4,0
40219,6,1
40220,1,1
40221,3,2
40222,1,7
40223,7,3
40224,5,4
40225,2,4
40226,2,4
40227,7,5
40228,4,0
40229,5,6
40230,5,6
40231,2,7
40232,1,7
40233,7,8
40234,4,4
40235,2,9
40236,2,4
40237,4,0
40238,2,4
40239,2,7
40240,1,0
40241,4,0
40242,4,7
40243,2,7
40244,0,6
40245,1,8
40246,4,0
40247,7,3
40248,6,1
40249,4,0
40250,2,9
40251,4,0
40252,1,8
40253,7,5
40254,1,3
40255,8,5
40256,3,3
40257,7,3
40258,7,5
40259,1,8
40260,4,0
40261,1,8
40262,4,0
40263,6,1
40264,7,9
40265,1,8
40266,4,0
40267,0,4
40268,7,5
40269,2,9
40270,4,9
40271,5,6
40272,1,2
40273,6,1
40274,7,8
40275,1,8
40276,1,1
40277,4,0
40278,8,6
40279,1,2
40280,4,0
40281,3,3
40282,0,6
40283,2,9
40284,4,0
40285,2,4
40286,4,0
40287,6,1
40288,1,4
40289,3,2
40290,8,5
40291,7,5
40292,1,9
40293,2,9
40294,1,1
40295,1,8
40296,7,8
40297,1,9
40298,1,3
40299,0,4
40300,1,9
40301,7,3
40302,4,9
40303,4,0
40304,1,6
40305,3,3
40306,1,8
40307,7,3
40308,1,7
40309,2,4
40310,1,1
40311,2,7
40312,4,0
40313,4,0
40314,1,1
40315,6,1
40316,2,4
40317,2,9
40318,5,2
40319,6,1
40320,4,0
40321,3,2
40322,4,0
40323,2,7
40324,7,8
40325,4,9
40326,7,5
40327,6,1
40328,1,9
40329,4,0
40330,4,9
40331,0,6
40332,8,6
40333,3,2
40334,4,4
40335,4,0
40336,4,0
40337,7,3
40338,1,7
40339,1,8
40340,4,0
40341,2,9
40342,0,6
40343,0,4
40344,1,7
40345,3,2
40346,7,5
40347,5,5
40348,1,1
40349,0,6
40350,5,5
40351,0,6
40352,1,1
40353,7,5
40354,4,4
40355,0,6
40356,5,6
40357,2,7
40358,1,7
40359,6,1
40360,1,2
40361,2,4
40362,6,1
40363,2,4
40364,7,8
40365,3,2
40366,3,2
40367,0,6
40368,1,7
40369,3,2
40370,1,7
40371,2,9
40372,8,9
40373,6,1
40374,3,3
40375,3,3
40376,9,2
40377,6,1
40378,9,7
40379,6,4
40380,8,1
40381,1,8
40382,7,3
40383,5,6
40384,7,3
40385,3,3
40386,1,7
40387,2,7
40388,3,2
40389,4,0
40390,4,0
40391,8,9
40392,6,4
40393,5,5
40394,0,6
40395,0,6
40396,4,0
40397,2,7
40398,1,8
40399,6,1
40400,4,0
40401,7,3
40402,2,4
40403,1,8
40404,1,3
40405,3,2
40406,1,7
40407,0,6
40408,7,8
40409,3,2
40410,7,8
40411,5,6
40412,4,0
40413,3,2
40414,7,0
40415,2,7
40416,3,2
40417,1,8
40418,4,0
40419,2,7
40420,1,2
40421,4,0
40422,7,5
40423,1,1
40424,2,4
40425,5,2
40426,9,4
40427,3,3
40428,4,0
40429,2,4
40430,2,7
40431,5,5
40432,7,5
40433,5,6
40434,7,5
40435,1,7
40436,1,7
40437,1,8
40438,1,1
40439,1,9
40440,2,9
40441,4,0
40442,1,7
40443,6,1
40444,1,4
40445,3,2
40446,4,9
40447,7,3
40448,1,9
40449,2,4
40450,4,4
40451,1,7
40452,7,3
40453,1,8
40454,4,0
40455,1,9
40456,4,0
40457,5,0
40458,4,9
40459,6,1
40460,4,4
40461,3,2
40462,7,3
40463,3,3
40464,1,1
40465,1,7
40466,0,8
40467,1,8
40468,1,1
40469,1,9
40470,1,7
40471,5,0
40472,1,8
40473,7,5
40474,7,5
40475,5,6
40476,1,7
40477,1,9
40478,8,5
40479,5,0
40480,1,3
40481,3,3
40482,6,1
40483,3,3
40484,0,6
40485,1,9
40486,4,0
40487,2,9
40488,1,8
40489,1,5
40490,7,3
40491,0,6
40492,9,6
40493,2,4
40494,1,0
40495,2,4
40496,4,4
40497,3,2
40498,5,2
40499,1,9
40500,1,7
40501,5,6
40502,7,3
40503,1,8
40504,6,1
40505,1,7
40506,2,7
40507,2,9
40508,2,9
40509,1,1
40510,1,7
40511,7,5
40512,1,7
40513,3,2
40514,0,6
40515,0,6
40516,1,1
40517,7,3
40518,7,5
40519,8,4
40520,7,3
40521,4,0
40522,4,9
40523,2,4
40524,1,7
40525,6,1
40526,5,6
40527,5,6
40528,4,9
40529,2,4
40530,9,2
40531,8,9
40532,3,3
40533,0,6
40534,7,5
40535,7,5
40536,5,2
40537,6,1
40538,0,6
40539,3,2
40540,7,3
40541,0,6
40542,1,2
40543,0,6
40544,4,0
40545,1,7
40546,7,5
40547,1,8
40548,8,4
40549,1,8
40550,7,3
40551,1,1
40552,4,4
40553,1,8
40554,0,6
40555,7,3
40556,1,2
40557,1,7
40558,8,8
40559,1,7
40560,5,6
40561,1,1
40562,1,2
40563,5,0
40564,0,6
40565,5,0
40566,3,2
40567,5,5
40568,6,1
40569,3,2
40570,3,3
40571,3,8
40572,7,3
40573,2,4
40574,3,3
40575,7,3
40576,0,4
40577,6,1
40578,3,3
40579,3,8
40580,1,2
40581,9,2
40582,4,0
40583,1,9
40584,1,9
40585,2,9
40586,4,0
40587,5,5
40588,7,3
40589,3,2
40590,1,7
40591,5,6
40592,3,2
40593,2,4
40594,0,6
40595,1,8
40596,0,6
40597,9,2
40598,1,2
40599,5,5
40600,4,4
40601,2,4
40602,9,4
40603,1,7
40604,1,1
40605,6,1
40606,0,4
40607,3,2
40608,2,9
40609,5,6
40610,6,1
40611,5,0
40612,4,0
40613,4,0
40614,1,2
40615,1,1
40616,5,6
40617,9,2
40618,7,3
40619,7,3
40620,7,3
40621,2,4
40622,6,2
40623,5,5
40624,7,5
40625,0,6
40626,7,8
40627,1,7
40628,1,9
40629,1,8
40630,4,0
40631,2,9
40632,1,2
40633,4,0
40634,1,9
40635,6,1
40636,5,3
40637,9,2
40638,1,7
40639,7,3
40640,7,5
40641,0,6
40642,5,6
40643,1,7
40644,1,1
40645,1,8
40646,8,8
40647,2,9
40648,3,0
40649,4,0
40650,5,6
40651,6,1
40652,7,8
40653,9,2
40654,8,5
40655,7,3
40656,1,9
40657,2,4
40658,6,1
40659,7,5
40660,8,4
40661,0,6
40662,7,3
40663,1,7
40664,5,1
40665,1,8
40666,1,9
40667,8,9
40668,4,7
40669,7,5
40670,1,9
40671,0,4
40672,8,4
40673,1,8
40674,7,5
40675,1,7
40676,8,6
40677,0,4
40678,7,5
40679,1,7
40680,4,4
40681,1,7
40682,1,1
40683,7,3
40684,4,7
40685,4,9
40686,3,2
40687,1,8
40688,7,5
40689,1,8
40690,4,0
40691,3,3
40692,1,1
40693,6,1
40694,6,1
40695,7,5
40696,6,1
40697,1,8
40698,8,8
40699,9,2
40700,2,7
40701,4,7
40702,2,4
40703,0,4
40704,8,5
40705,3,2
40706,7,8
40707,0,6
40708,3,8
40709,0,4
40710,1,7
40711,5,5
40712,4,7
40713,5,5
40714,1,1
40715,1,8
40716,6,1
40717,5,6
40718,3,2
40719,0,4
40720,5,3
40721,0,4
40722,7,3
40723,2,4
40724,1,1
40725,6,1
40726,7,8
40727,1,8
40728,2,7
40729,1,7
40730,1,7
40731,5,5
40732,4,0
40733,7,5
40734,7,3
40735,6,1
40736,7,5
40737,8,8
40738,7,5
40739,7,3
40740,9,2
40741,0,6
40742,1,7
40743,7,3
40744,1,1
40745,7,3
40746,4,0
40747,9,2
40748,7,5
40749,9,2
40750,7,8
40751,0,6
40752,8,3
40753,2,9
40754,8,6
40755,2,9
40756,8,5
40757,0,6
40758,1,8
40759,7,5
40760,4,0
40761,7,5
40762,4,9
40763,7,3
40764,4,9
40765,3,3
40766,9,4
40767,1,8
40768,1,7
40769,6,1
40770,1,1
40771,0,6
40772,4,9
40773,5,5
40774,1,7
40775,8,6
40776,7,5
40777,1,8
40778,4,0
40779,6,1
40780,4,0
40781,2,9
40782,3,2
40783,2,7
40784,1,7
40785,0,6
40786,9,9
40787,1,8
40788,3,2
40789,7,3
40790,6,1
40791,1,7
40792,1,8
40793,2,4
40794,1,7
40795,1,7
40796,1,1
40797,4,0
40798,5,6
40799,2,9
40800,8,9
40801,4,0
40802,1,1
40803,4,0
40804,2,9
40805,3,3
40806,1,4
40807,1,7
40808,1,8
40809,8,9
40810,2,7
40811,3,3
40812,3,2
40813,4,0
40814,7,8
40815,9,2
40816,3,2
40817,4,0
40818,1,3
40819,1,1
40820,4,0
40821,4,0
40822,1,7
40823,6,1
40824,7,5
40825,4,0
40826,1,1
40827,2,4
40828,0,6
40829,3,0
40830,7,3
40831,6,1
40832,3,2
40833,4,0
40834,2,4
40835,2,4
40836,7,3
40837,1,7
40838,1,7
40839,2,9
40840,7,5
40841,9,2
40842,9,4
40843,4,0
40844,4,0
40845,0,6
40846,0,4
40847,9,2
40848,1,1
40849,0,6
40850,5,0
40851,9,2
40852,7,8
40853,9,2
40854,1,9
40855,2,9
40856,1,8
40857,2,9
40858,3,3
40859,4,0
40860,1,1
40861,1,1
40862,5,6
40863,1,2
40864,1,1
40865,7,3
40866,7,3
40867,4,4
40868,7,5
40869,7,5
40870,3,2
40871,5,6
40872,2,7
40873,1,7
40874,7,6
40875,1,8
40876,4,9
40877,4,0
40878,6,1
40879,1,1
40880,6,1
40881,3,2
40882,1,8
40883,7,3
40884,1,1
40885,2,4
40886,1,2
40887,7,5
40888,4,0
40889,0,6
40890,2,9
40891,1,7
40892,1,3
40893,7,8
40894,8,6
40895,5,0
40896,1,1
40897,1,1
40898,5,3
40899,1,2
40900,1,2
40901,7,3
40902,5,5
40903,2,4
40904,3,3
40905,7,5
40906,1,7
40907,5,6
40908,6,1
40909,1,1
40910,4,4
40911,2,7
40912,2,4
40913,2,4
40914,3,3
40915,4,0
40916,2,7
40917,0,6
40918,1,1
40919,2,4
40920,8,5
40921,1,1
40922,4,0
40923,2,4
40924,6,1
40925,7,3
40926,7,3
40927,0,6
40928,7,8
40929,3,2
40930,7,5
40931,3,3
40932,7,3
40933,2,4
40934,8,4
40935,1,8
40936,9,2
40937,4,7
40938,4,9
40939,1,8
40940,7,3
40941,0,6
40942,3,8
40943,1,9
40944,1,1
40945,1,8
40946,2,4
40947,3,3
40948,3,2
40949,3,2
40950,4,4
40951,1,2
40952,8,6
40953,1,8
40954,1,1
40955,1,4
40956,3,2
40957,1,8
40958,4,0
40959,5,5
40960,7,8
40961,0,6
40962,3,3
40963,7,5
40964,7,5
40965,4,0
40966,7,5
40967,1,2
40968,6,2
40969,4,0
40970,4,4
40971,1,1
40972,5,5
40973,1,1
40974,6,1
40975,1,2
40976,1,1
40977,4,9
40978,4,9
40979,5,6
40980,5,6
40981,1,8
40982,1,1
40983,1,1
40984,4,9
40985,9,2
40986,0,6
40987,1,1
40988,3,2
40989,4,0
40990,0,4
40991,0,6
40992,2,4
40993,7,5
40994,4,9
40995,5,2
40996,7,3
40997,1,9
40998,7,8
40999,1,1
41000,7,5
41001,7,5
41002,1,7
41003,7,3
41004,1,2
41005,1,9
41006,1,4
41007,3,3
41008,1,9
41009,1,7
41010,5,3
41011,1,1
41012,4,0
41013,1,8
41014,2,9
41015,7,3
41016,5,5
41017,1,8
41018,5,6
41019,1,1
41020,2,4
41021,8,9
41022,0,4
41023,7,5
41024,1,7
41025,7,5
41026,1,7
41027,9,0
41028,9,4
41029,1,1
41030,4,0
41031,1,1
41032,7,5
41033,8,9
41034,7,8
41035,1,8
41036,2,4
41037,3,2
41038,4,0
41039,0,6
41040,4,9
41041,4,0
41042,8,9
41043,2,4
41044,1,7
41045,8,5
41046,1,8
41047,5,6
41048,1,3
41049,7,5
41050,0,6
41051,4,0
41052,4,0
41053,7,3
41054,4,7
41055,1,1
41056,4,0
41057,1,8
41058,4,9
41059,5,6
41060,7,6
41061,1,7
41062,2,7
41063,7,5
41064,1,8
41065,4,9
41066,8,4
41067,3,3
41068,2,4
41069,4,0
41070,4,9
41071,3,3
41072,5,5
41073,1,1
41074,3,2
41075,2,4
41076,6,1
41077,4,0
41078,7,8
41079,6,4
41080,5,2
41081,8,9
41082,9,2
41083,2,7
41084,2,9
41085,7,3
41086,5,6
41087,3,2
41088,2,7
41089,0,6
41090,1,1
41091,7,5
41092,5,8
41093,2,4
41094,8,5
41095,4,7
41096,4,4
41097,2,9
41098,2,4
41099,2,7
41100,4,0
41101,7,0
41102,4,9
41103,1,1
41104,1,1
41105,9,2
41106,1,8
41107,7,3
41108,1,0
41109,0,4
41110,7,3
41111,0,6
41112,1,2
41113,2,7
41114,4,9
41115,1,8
41116,4,9
41117,7,0
41118,1,8
41119,6,1
41120,4,4
41121,9,2
41122,4,0
41123,3,3
41124,1,8
41125,6,4
41126,4,0
41127,7,5
41128,1,9
41129,5,6
41130,7,8
41131,1,7
41132,1,8
41133,7,8
41134,8,6
41135,8,9
41136,7,3
41137,4,0
41138,4,0
41139,6,1
41140,7,5
41141,9,2
41142,5,6
41143,3,3
41144,7,5
41145,2,4
41146,1,1
41147,8,5
41148,2,7
41149,5,6
41150,1,1
41151,2,7
41152,7,5
41153,3,8
41154,1,8
41155,1,9
41156,7,0
41157,0,6
41158,4,0
41159,2,4
41160,5,6
41161,2,7
41162,2,9
41163,2,4
41164,1,7
41165,1,3
41166,2,4
41167,0,6
41168,1,7
41169,9,2
41170,5,6
41171,7,3
41172,5,6
41173,6,4
41174,1,7
41175,1,8
41176,1,7
41177,1,9
41178,4,9
41179,3,2
41180,1,8
41181,3,2
41182,3,2
41183,8,8
41184,1,7
41185,5,5
41186,7,5
41187,4,0
41188,5,6
41189,3,2
41190,0,6
41191,4,0
41192,8,4
41193,6,1
41194,1,7
41195,6,1
41196,4,9
41197,9,2
41198,0,6
41199,8,9
41200,3,8
41201,5,6
41202,8,5
41203,1,8
41204,1,2
41205,6,1
41206,4,4
41207,9,2
41208,7,5
41209,6,1
41210,6,1
41211,3,0
41212,3,3
41213,0,6
41214,0,6
41215,7,5
41216,5,2
41217,9,2
41218,1,8
41219,2,9
41220,4,4
41221,2,7
41222,1,1
41223,8,5
41224,2,7
41225,7,3
41226,1,1
41227,2,9
41228,4,0
41229,3,3
41230,7,5
41231,1,8
41232,1,7
41233,3,3
41234,1,2
41235,1,8
41236,1,7
41237,6,1
41238,1,1
41239,8,9
41240,1,7
41241,1,5
41242,8,6
41243,7,5
41244,4,7
41245,7,0
41246,5,6
41247,6,1
41248,1,1
41249,1,1
41250,1,7
41251,8,9
41252,5,0
41253,1,8
41254,7,9
41255,9,2
41256,9,2
41257,0,6
41258,8,5
41259,7,0
41260,6,2
41261,0,6
41262,5,6
41263,7,5
41264,9,2
41265,4,0
41266,5,1
41267,1,3
41268,8,6
41269,6,1
41270,8,9
41271,1,8
41272,5,6
41273,5,6
41274,4,9
41275,1,7
41276,1,2
41277,8,5
41278,7,5
41279,2,9
41280,4,7
41281,8,9
41282,1,1
41283,7,3
41284,1,2
41285,4,0
41286,4,0
41287,7,3
41288,4,0
41289,6,1
41290,1,2
41291,7,0
41292,5,2
41293,6,4
41294,3,2
41295,4,9
41296,4,0
41297,2,7
41298,4,4
41299,7,3
41300,1,7
41301,9,2
41302,2,9
41303,0,6
41304,1,8
41305,5,5
41306,1,9
41307,0,4
41308,5,6
41309,2,7
41310,1,7
41311,1,9
41312,7,5
41313,2,7
41314,7,5
41315,5,0
41316,4,6
41317,3,3
41318,4,0
41319,6,4
41320,4,0
41321,7,5
41322,7,5
41323,5,6
41324,1,7
41325,1,7
41326,4,9
41327,1,8
41328,1,7
41329,1,9
41330,3,2
41331,7,0
41332,1,1
41333,6,1
41334,1,9
41335,9,2
41336,1,7
41337,7,3
41338,4,0
41339,8,7
41340,5,2
41341,4,0
41342,4,4
41343,7,3
41344,5,6
41345,1,7
41346,5,6
41347,1,8
41348,3,2
41349,4,9
41350,4,0
41351,0,6
41352,4,0
41353,4,0
41354,1,4
41355,2,4
41356,7,3
41357,4,0
41358,5,0
41359,1,8
41360,1,1
41361,5,6
41362,1,7
41363,7,8
41364,2,9
41365,2,7
41366,3,2
41367,1,7
41368,4,0
41369,6,9
41370,7,5
41371,5,0
41372,6,1
41373,6,4
41374,5,0
41375,2,9
41376,4,0
41377,2,9
41378,1,3
41379,1,7
41380,8,6
41381,0,4
41382,1,2
41383,5,0
41384,4,0
41385,7,3
41386,6,1
41387,5,5
41388,4,0
41389,7,5
41390,8,5
41391,7,3
41392,1,1
41393,8,8
41394,1,8
41395,1,9
41396,7,8
41397,9,2
41398,1,2
41399,9,2
41400,5,6
41401,5,0
41402,7,5
41403,1,9
41404,3,3
41405,2,7
41406,4,0
41407,7,3
41408,4,6
41409,6,1
41410,5,6
41411,7,3
41412,4,0
41413,0,6
41414,1,7
41415,0,6
41416,7,8
41417,9,2
41418,6,1
41419,6,1
41420,3,2
41421,9,2
41422,4,9
41423,5,6
41424,8,1
41425,4,0
41426,5,4
41427,9,2
41428,1,3
41429,3,2
41430,0,6
41431,1,8
41432,4,0
41433,1,9
41434,7,9
41435,5,5
41436,7,3
41437,6,1
41438,1,2
41439,8,6
41440,8,4
41441,1,8
41442,5,6
41443,4,0
41444,8,4
41445,5,0
41446,1,1
41447,4,0
41448,1,7
41449,6,1
41450,1,7
41451,3,2
41452,0,6
41453,5,3
41454,1,1
41455,6,4
41456,4,4
41457,5,5
41458,3,2
41459,5,6
41460,6,2
41461,1,7
41462,5,5
41463,1,8
41464,7,8
41465,4,0
41466,1,2
41467,6,1
41468,7,8
41469,9,2
41470,1,7
41471,3,3
41472,1,7
41473,0,4
41474,1,1
41475,5,5
41476,7,3
41477,0,6
41478,3,2
41479,1,7
41480,4,9
41481,1,8
41482,2,4
41483,1,9
41484,1,2
41485,5,0
41486,8,5
41487,6,1
41488,5,6
41489,9,2
41490,4,0
41491,3,3
41492,6,1
41493,1,7
41494,1,3
41495,5,8
41496,1,7
41497,1,9
41498,7,5
41499,8,4
41500,5,6
41501,1,9
41502,2,9
41503,1,9
41504,7,8
41505,6,8
41506,4,0
41507,3,3
41508,5,6
41509,7,5
41510,4,9
41511,8,4
41512,3,2
41513,7,3
41514,1,1
41515,3,3
41516,3,2
41517,0,6
41518,1,1
41519,0,6
41520,4,7
41521,7,5
41522,8,5
41523,5,5
41524,1,1
41525,6,1
41526,1,1
41527,1,7
41528,8,4
41529,1,8
41530,4,7
41531,2,4
41532,2,7
41533,7,5
41534,4,0
41535,1,7
41536,1,1
41537,5,3
41538,7,6
41539,7,5
41540,1,2
41541,9,2
41542,6,1
41543,7,3
41544,3,8
41545,5,6
41546,5,6
41547,5,6
41548,7,5
41549,1,7
41550,1,8
41551,1,7
41552,1,3
41553,4,0
41554,1,1
41555,6,1
41556,1,0
41557,5,0
41558,1,7
41559,6,1
41560,1,8
41561,5,6
41562,2,9
41563,2,9
41564,1,8
41565,7,3
41566,8,5
41567,6,1
41568,2,4
41569,2,4
41570,4,0
41571,2,7
41572,0,6
41573,7,3
41574,2,4
41575,1,8
41576,2,4
41577,0,6
41578,7,8
41579,9,2
41580,4,4
41581,3,2
41582,7,5
41583,1,9
41584,1,7
41585,6,1
41586,8,6
41587,5,5
41588,5,0
41589,2,9
41590,7,3
41591,6,1
41592,7,8
41593,9,2
41594,4,9
41595,3,2
41596,1,1
41597,1,7
41598,7,8
41599,2,9
41600,1,1
41601,2,7
41602,7,5
41603,2,9
41604,4,7
41605,1,9
41606,4,0
41607,6,1
41608,3,3
41609,4,0
41610,8,5
41611,1,8
41612,4,0
41613,1,9
41614,4,0
41615,1,7
41616,5,0
41617,5,0
41618,8,5
41619,7,3
41620,4,0
41621,1,8
41622,1,8
41623,6,1
41624,7,3
41625,2,4
41626,2,4
41627,4,0
41628,7,5
41629,3,3
41630,1,7
41631,0,6
41632,7,3
41633,3,2
41634,4,0
41635,7,0
41636,5,6
41637,6,1
41638,1,1
41639,5,3
41640,1,1
41641,6,1
41642,5,6
41643,4,0
41644,1,9
41645,1,9
41646,4,0
41647,4,0
41648,2,4
41649,6,1
41650,1,7
41651,3,2
41652,1,8
41653,7,3
41654,5,6
41655,4,4
41656,1,7
41657,7,5
41658,1,1
41659,5,6
41660,1,7
41661,1,7
41662,9,2
41663,7,8
41664,0,4
41665,2,9
41666,5,6
41667,4,0
41668,3,2
41669,6,1
41670,7,5
41671,4,4
41672,3,2
41673,7,5
41674,7,5
41675,5,6
41676,5,6
41677,1,7
41678,2,4
41679,1,8
41680,4,4
41681,2,9
41682,7,5
41683,4,0
41684,1,9
41685,6,1
41686,2,4
41687,3,2
41688,5,6
41689,3,3
41690,5,6
41691,8,4
41692,1,7
41693,7,5
41694,1,1
41695,5,6
41696,4,0
41697,1,7
41698,1,7
41699,7,8
41700,1,7
41701,2,9
41702,1,2
41703,0,6
41704,1,3
41705,1,8
41706,2,9
41707,1,7
41708,3,2
41709,7,8
41710,1,2
41711,5,6
41712,1,8
41713,4,0
41714,0,4
41715,6,1
41716,4,4
41717,1,7
41718,1,8
41719,7,5
41720,7,3
41721,3,2
41722,0,4
41723,6,1
41724,4,4
41725,1,7
41726,5,6
41727,7,3
41728,1,1
41729,4,0
41730,9,2
41731,8,5
41732,6,1
41733,6,1
41734,1,9
41735,5,6
41736,5,6
41737,7,5
41738,4,9
41739,6,1
41740,7,3
41741,3,2
41742,1,3
41743,4,0
41744,2,1
41745,9,2
41746,8,6
41747,3,3
41748,6,1
41749,0,4
41750,6,1
41751,7,8
41752,7,5
41753,3,3
41754,7,5
41755,7,3
41756,4,0
41757,0,6
41758,1,8
41759,8,5
41760,1,7
41761,2,9
41762,1,7
41763,8,9
41764,1,8
41765,7,3
41766,3,2
41767,7,3
41768,8,9
41769,1,7
41770,1,0
41771,8,9
41772,8,5
41773,3,3
41774,0,4
41775,2,4
41776,7,3
41777,6,1
41778,5,6
41779,6,7
41780,2,4
41781,3,3
41782,0,6
41783,2,9
41784,1,1
41785,5,6
41786,7,5
41787,8,9
41788,1,7
41789,4,0
41790,5,6
41791,2,9
41792,1,9
41793,0,6
41794,3,2
41795,5,0
41796,4,4
41797,5,6
41798,7,5
41799,6,1
41800,0,6
41801,7,8
41802,5,2
41803,7,5
41804,4,4
41805,6,1
41806,4,0
41807,4,0
41808,8,5
41809,6,1
41810,4,0
41811,4,0
41812,1,1
41813,6,9
41814,5,6
41815,7,5
41816,1,1
41817,2,9
41818,2,4
41819,4,0
41820,1,3
41821,3,2
41822,7,3
41823,6,1
41824,1,1
41825,2,4
41826,1,1
41827,2,9
41828,5,6
41829,5,6
41830,3,2
41831,1,8
41832,1,2
41833,8,9
41834,7,3
41835,3,2
41836,1,1
41837,4,0
41838,4,4
41839,1,1
41840,4,9
41841,9,2
41842,5,6
41843,7,3
41844,1,7
41845,2,4
41846,9,4
41847,7,5
41848,5,6
41849,5,6
41850,7,3
41851,1,7
41852,1,1
41853,1,8
41854,1,7
41855,2,9
41856,4,0
41857,4,0
41858,1,1
41859,6,1
41860,1,2
41861,9,2
41862,6,1
41863,7,3
41864,4,4
41865,2,4
41866,1,8
41867,7,5
41868,7,5
41869,0,6
41870,2,4
41871,1,7
41872,1,7
41873,1,8
41874,8,6
41875,1,9
41876,5,6
41877,4,0
41878,3,2
41879,6,1
41880,4,0
41881,3,2
41882,7,8
41883,3,3
41884,1,1
41885,0,4
41886,4,4
41887,7,5
41888,1,1
41889,0,6
41890,5,6
41891,1,7
41892,1,7
41893,1,8
41894,1,1
41895,2,9
41896,4,0
41897,1,1
41898,8,1
41899,5,6
41900,5,2
41901,1,8
41902,7,3
41903,2,9
41904,5,5
41905,1,9
41906,0,4
41907,4,0
41908,1,1
41909,6,1
41910,1,7
41911,3,2
41912,5,6
41913,6,4
41914,1,1
41915,2,4
41916,3,2
41917,7,3
41918,1,9
41919,1,7
41920,1,7
41921,2,4
41922,4,0
41923,2,4
41924,9,9
41925,2,4
41926,7,5
41927,4,0
41928,1,7
41929,7,3
41930,4,4
41931,1,8
41932,2,9
41933,6,5
41934,7,5
41935,1,8
41936,3,2
41937,3,2
41938,7,5
41939,1,1
41940,5,6
41941,1,7
41942,9,9
41943,7,3
41944,1,1
41945,8,5
41946,3,2
41947,1,8
41948,2,9
41949,7,5
41950,8,4
41951,7,5
41952,1,8
41953,1,9
41954,1,1
41955,3,2
41956,6,1
41957,7,5
41958,2,7
41959,1,1
41960,5,3
41961,6,1
41962,4,9
41963,5,6
41964,4,4
41965,3,2
41966,1,2
41967,1,1
41968,3,3
41969,3,3
41970,7,5
41971,1,1
41972,1,7
41973,1,8
41974,5,6
41975,5,6
41976,5,6
41977,2,4
41978,7,3
41979,4,9
41980,7,5
41981,2,4
41982,4,9
41983,1,9
41984,1,2
41985,9,2
41986,1,1
41987,4,0
41988,8,6
41989,4,0
41990,4,4
41991,2,4
41992,7,8
41993,6,4
41994,7,3
41995,5,6
41996,7,8
41997,3,2
41998,1,7
41999,0,0
42000,6,1
42001,9,2
42002,1,1
42003,1,8
42004,6,7
42005,4,0
42006,1,8
42007,5,6
42008,4,0
42009,1,8
42010,5,0
42011,2,7
42012,9,2
42013,1,9
42014,3,2
42015,6,1
42016,4,7
42017,2,9
42018,2,4
42019,5,2
42020,9,9
42021,0,6
42022,5,6
42023,1,7
42024,7,3
42025,5,6
42026,1,1
42027,5,6
42028,1,1
42029,1,8
42030,1,7
42031,2,7
42032,2,4
42033,0,4
42034,7,8
42035,2,9
42036,4,7
42037,3,2
42038,4,0
42039,1,1
42040,6,1
42041,7,3
42042,1,4
42043,7,3
42044,1,1
42045,4,0
42046,7,5
42047,7,5
42048,1,9
42049,7,5
42050,3,2
42051,1,8
42052,4,9
42053,4,0
42054,7,3
42055,3,3
42056,7,3
42057,4,7
42058,1,1
42059,8,9
42060,1,8
42061,1,7
42062,1,7
42063,4,0
42064,1,7
42065,9,2
42066,0,6
42067,1,7
42068,9,2
42069,4,9
42070,5,3
42071,6,1
42072,5,6
42073,3,3
42074,4,0
42075,5,6
42076,7,8
42077,1,7
42078,8,4
42079,1,8
42080,5,6
42081,4,0
42082,7,3
42083,3,3
42084,4,0
42085,8,5
42086,1,9
42087,7,3
42088,1,3
42089,0,6
42090,2,9
42091,4,0
42092,1,2
42093,1,1
42094,1,7
42095,5,2
42096,1,8
42097,1,3
42098,6,1
42099,2,4
42100,4,0
42101,7,5
42102,6,1
42103,5,6
42104,1,8
42105,2,7
42106,4,9
42107,1,8
42108,7,5
42109,1,9
42110,7,5
42111,4,0
42112,1,8
42113,1,1
42114,1,3
42115,1,2
42116,2,4
42117,1,3
42118,1,9
42119,2,4
42120,3,3
42121,5,5
42122,7,5
42123,5,6
42124,1,9
42125,2,7
42126,1,2
42127,1,8
42128,2,4
42129,1,9
42130,1,8
42131,5,0
42132,1,1
42133,1,1
42134,1,7
42135,3,2
42136,4,0
42137,3,3
42138,3,2
42139,8,4
42140,1,3
42141,5,5
42142,1,2
42143,5,6
42144,4,9
42145,2,7
42146,1,7
42147,1,8
42148,1,7
42149,1,9
42150,1,3
42151,5,6
42152,4,9
42153,1,0
42154,0,6
42155,1,8
42156,1,1
42157,1,0
42158,1,2
42159,3,2
42160,0,6
42161,3,3
42162,5,6
42163,1,7
42164,1,7
42165,1,9
42166,0,6
42167,2,4
42168,5,2
42169,1,7
42170,4,0
42171,6,1
42172,5,6
42173,1,9
42174,0,6
42175,6,1
42176,1,1
42177,1,7
42178,7,3
42179,6,1
42180,4,0
42181,2,4
42182,1,1
42183,1,0
42184,1,1
42185,1,0
42186,7,3
42187,8,4
42188,5,2
42189,6,1
42190,5,6
42191,1,7
42192,1,9
42193,5,5
42194,6,1
42195,1,7
42196,7,8
42197,1,1
42198,9,4
42199,3,3
42200,4,7
42201,3,3
42202,1,7
42203,3,3
42204,1,7
42205,6,1
42206,5,2
42207,5,6
42208,7,8
42209,1,9
42210,3,3
42211,1,7
42212,7,3
42213,1,4
42214,4,9
42215,3,3
42216,4,4
42217,5,0
42218,1,8
42219,3,2
42220,1,3
42221,5,5
42222,1,9
42223,3,2
42224,4,0
42225,5,6
42226,1,8
42227,4,0
42228,4,9
42229,8,8
42230,4,0
42231,1,9
42232,8,5
42233,2,4
42234,0,6
42235,3,3
42236,2,4
42237,5,5
42238,1,8
42239,2,4
42240,1,2
42241,1,8
42242,1,1
42243,6,1
42244,7,5
42245,1,0
42246,4,9
42247,5,6
42248,7,3
42249,8,4
42250,4,0
42251,3,3
42252,8,5
42253,5,6
42254,5,3
42255,3,3
42256,0,6
42257,3,3
42258,1,9
42259,1,8
42260,1,1
42261,1,1
42262,4,0
42263,8,4
42264,3,3
42265,1,7
42266,4,8
42267,5,5
42268,1,1
42269,2,7
42270,4,0
42271,3,2
42272,8,4
42273,3,2
42274,8,5
42275,5,0
42276,1,1
42277,4,0
42278,3,2
42279,6,1
42280,1,2
42281,1,7
42282,1,7
42283,1,7
42284,7,3
42285,1,9
42286,8,4
42287,5,5
42288,6,1
42289,1,9
42290,2,7
42291,1,8
42292,1,7
42293,1,9
42294,4,0
42295,5,6
42296,1,7
42297,1,8
42298,4,9
42299,1,8
42300,2,4
42301,3,2
42302,2,4
42303,3,3
42304,9,4
42305,0,6
42306,8,9
42307,6,1
42308,5,2
42309,5,2
42310,3,2
42311,1,9
42312,7,5
42313,1,8
42314,1,8
42315,1,9
42316,1,1
42317,3,5
42318,2,9
42319,3,2
42320,1,7
42321,5,5
42322,7,5
42323,3,2
42324,4,0
42325,5,6
42326,6,1
42327,5,2
42328,5,2
42329,8,4
42330,4,4
42331,1,8
42332,1,1
42333,8,4
42334,7,5
42335,5,6
42336,1,2
42337,6,5
42338,7,5
42339,1,1
42340,0,6
42341,1,2
42342,4,0
42343,3,3
42344,4,9
42345,0,4
42346,8,4
42347,7,8
42348,6,1
42349,3,0
42350,5,6
42351,1,1
42352,1,7
42353,5,2
42354,4,7
42355,5,3
42356,9,9
42357,0,4
42358,4,0
42359,7,5
42360,4,9
42361,5,6
42362,4,0
42363,4,7
42364,5,8
42365,3,8
42366,1,2
42367,4,9
42368,1,7
42369,4,0
42370,5,6
42371,1,1
42372,8,5
42373,1,2
42374,4,0
42375,3,3
42376,1,9
42377,0,4
42378,1,7
42379,8,5
42380,1,1
42381,5,6
42382,2,4
42383,3,8
42384,2,8
42385,4,9
42386,8,6
42387,7,5
42388,1,8
42389,4,0
42390,8,5
42391,7,3
42392,7,5
42393,1,1
42394,1,2
42395,5,6
42396,5,6
42397,7,8
42398,3,3
42399,0,4
42400,4,9
42401,1,1
42402,4,0
42403,4,7
42404,1,1
42405,0,6
42406,1,1
42407,8,5
42408,3,8
42409,5,6
42410,1,7
42411,0,4
42412,6,1
42413,1,2
42414,8,5
42415,5,7
42416,1,7
42417,7,8
42418,1,7
42419,3,3
42420,5,6
42421,0,4
42422,1,1
42423,7,3
42424,1,1
42425,0,4
42426,1,9
42427,1,7
42428,5,5
42429,1,2
42430,1,7
42431,7,5
42432,7,3
42433,4,0
42434,1,3
42435,1,1
42436,8,5
42437,8,9
42438,1,9
42439,5,2
42440,1,1
42441,3,3
42442,7,8
42443,3,2
42444,4,0
42445,7,3
42446,4,0
42447,7,5
42448,4,0
42449,7,5
42450,5,6
42451,1,7
42452,0,6
42453,7,8
42454,1,2
42455,2,4
42456,4,0
42457,4,9
42458,8,9
42459,4,9
42460,1,1
42461,4,7
42462,1,1
42463,1,1
42464,0,4
42465,8,9
42466,1,7
42467,7,8
42468,1,7
42469,7,3
42470,1,8
42471,0,4
42472,1,2
42473,7,8
42474,3,2
42475,5,6
42476,7,3
42477,3,3
42478,8,8
42479,5,8
42480,7,5
42481,5,6
42482,4,9
42483,4,0
42484,2,4
42485,1,1
42486,1,1
42487,4,0
42488,4,0
42489,5,6
42490,5,6
42491,5,2
42492,1,9
42493,3,3
42494,6,1
42495,3,8
42496,1,2
42497,4,9
42498,0,6
42499,4,0
42500,1,9
42501,4,7
42502,6,1
42503,5,2
42504,8,8
42505,3,3
42506,1,1
42507,2,4
42508,7,3
42509,7,5
42510,1,1
42511,7,5
42512,2,9
42513,5,2
42514,4,7
42515,3,8
42516,2,9
42517,7,5
42518,6,1
42519,2,4
42520,7,5
42521,0,6
42522,5,2
42523,5,6
42524,4,9
42525,0,6
42526,7,3
42527,4,7
42528,1,7
42529,4,9
42530,5,6
42531,6,1
42532,9,2
42533,7,8
42534,7,3
42535,3,2
42536,0,4
42537,1,1
42538,9,2
42539,3,2
42540,1,8
42541,5,6
42542,8,9
42543,8,5
42544,2,7
42545,7,3
42546,6,1
42547,2,4
42548,9,7
42549,1,7
42550,4,9
42551,4,9
42552,4,0
42553,0,4
42554,7,5
42555,7,5
42556,7,5
42557,4,9
42558,5,6
42559,4,0
42560,7,5
42561,6,1
42562,6,2
42563,3,2
42564,1,9
42565,3,3
42566,4,9
42567,2,4
42568,3,2
42569,5,5
42570,5,6
42571,5,6
42572,7,5
42573,2,7
42574,0,4
42575,1,8
42576,7,8
42577,8,9
42578,1,1
42579,4,0
42580,2,8
42581,1,1
42582,1,7
42583,3,2
42584,1,1
42585,3,3
42586,1,1
42587,2,4
42588,7,3
42589,7,5
42590,7,5
42591,5,6
42592,2,7
42593,1,7
42594,1,7
42595,1,8
42596,3,2
42597,1,9
42598,3,2
42599,4,0
42600,0,6
42601,1,1
42602,1,1
42603,9,2
42604,7,5
42605,3,3
42606,1,7
42607,8,4
42608,4,0
42609,5,5
42610,4,0
42611,5,6
42612,4,0
42613,1,7
42614,4,0
42615,1,8
42616,4,4
42617,7,8
42618,1,1
42619,1,7
42620,2,4
42621,4,7
42622,3,2
42623,4,0
42624,1,8
42625,6,1
42626,8,5
42627,7,3
42628,8,9
42629,1,7
42630,1,1
42631,7,5
42632,5,0
42633,9,2
42634,4,0
42635,7,8
42636,7,3
42637,4,0
42638,0,4
42639,1,7
42640,1,9
42641,7,5
42642,4,9
42643,1,9
42644,1,1
42645,1,9
42646,1,7
42647,5,6
42648,2,7
42649,4,0
42650,2,7
42651,1,9
42652,7,5
42653,2,4
42654,1,2
42655,1,1
42656,1,8
42657,6,1
42658,3,0
42659,7,5
42660,7,5
42661,1,8
42662,4,8
42663,5,5
42664,4,0
42665,1,8
42666,1,1
42667,0,6
42668,2,9
42669,3,3
42670,1,7
42671,9,2
42672,1,7
42673,1,1
42674,4,0
42675,3,2
42676,4,4
42677,3,3
42678,5,3
42679,7,8
42680,7,5
42681,3,3
42682,7,8
42683,9,2
42684,4,4
42685,0,6
42686,9,2
42687,7,5
42688,1,8
42689,5,6
42690,1,1
42691,7,8
42692,3,2
42693,9,2
42694,5,6
42695,1,7
42696,1,9
42697,2,4
42698,8,5
42699,1,8
42700,5,6
42701,1,1
42702,1,1
42703,5,0
42704,7,8
42705,5,5
42706,1,8
42707,3,3
42708,9,2
42709,2,9
42710,0,4
42711,8,4
42712,7,8
42713,6,1
42714,0,6
42715,2,9
42716,1,1
42717,3,2
42718,2,9
42719,1,1
42720,4,0
42721,2,9
42722,1,7
42723,5,6
42724,7,8
42725,2,7
42726,3,2
42727,1,9
42728,4,9
42729,0,6
42730,5,6
42731,6,1
42732,4,0
42733,1,7
42734,4,2
42735,3,3
42736,7,8
42737,1,8
42738,8,9
42739,1,7
42740,1,1
42741,3,2
42742,8,4
42743,1,9
42744,4,0
42745,5,6
42746,6,2
42747,7,5
42748,4,7
42749,1,8
42750,2,4
42751,1,7
42752,4,0
42753,5,5
42754,1,2
42755,3,3
42756,7,5
42757,1,9
42758,7,3
42759,4,0
42760,7,5
42761,7,5
42762,7,5
42763,1,7
42764,4,0
42765,6,1
42766,8,4
42767,0,6
42768,6,1
42769,6,1
42770,2,4
42771,4,0
42772,1,7
42773,2,9
42774,1,4
42775,3,3
42776,4,0
42777,3,3
42778,6,8
42779,8,4
42780,1,7
42781,4,4
42782,6,7
42783,4,0
42784,1,7
42785,0,6
42786,6,1
42787,4,4
42788,5,6
42789,9,2
42790,1,7
42791,3,3
42792,1,2
42793,8,4
42794,1,3
42795,4,0
42796,4,9
42797,5,0
42798,1,7
42799,5,2
42800,1,7
42801,4,0
42802,1,9
42803,1,1
42804,1,3
42805,3,2
42806,1,1
42807,3,3
42808,1,9
42809,2,4
42810,3,2
42811,2,7
42812,2,4
42813,1,8
42814,9,2
42815,1,9
42816,2,4
42817,4,0
42818,4,0
42819,1,1
42820,1,8
42821,3,2
42822,2,4
42823,7,3
42824,1,7
42825,2,4
42826,1,9
42827,8,5
42828,1,7
42829,5,6
42830,3,2
42831,1,7
42832,1,8
42833,1,8
42834,1,1
42835,4,0
42836,7,5
42837,6,1
42838,2,9
42839,3,2
42840,7,3
42841,7,3
42842,1,2
42843,5,6
42844,6,7
42845,1,9
42846,6,1
42847,0,6
42848,4,0
42849,6,1
42850,8,5
42851,2,9
42852,6,1
42853,2,9
42854,6,4
42855,2,9
42856,0,6
42857,2,4
42858,2,4
42859,6,1
42860,1,9
42861,3,2
42862,4,0
42863,7,5
42864,7,5
42865,7,0
42866,1,2
42867,4,0
42868,1,8
42869,5,6
42870,8,9
42871,4,0
42872,8,8
42873,1,8
42874,1,1
42875,6,1
42876,1,7
42877,7,0
42878,7,8
42879,8,9
42880,7,8
42881,6,1
42882,1,9
42883,9,2
42884,4,9
42885,3,2
42886,1,3
42887,3,2
42888,1,1
42889,7,5
42890,4,9
42891,3,2
42892,1,7
42893,6,1
42894,6,1
42895,2,4
42896,4,0
42897,2,7
42898,7,3
42899,6,1
42900,7,8
42901,2,7
42902,7,3
42903,2,9
42904,4,6
42905,5,6
42906,5,3
42907,3,3
42908,3,3
42909,7,3
42910,8,5
42911,1,1
42912,5,6
42913,7,0
42914,7,3
42915,4,0
42916,1,2
42917,7,5
42918,3,2
42919,5,6
42920,1,8
42921,5,6
42922,0,6
42923,7,8
42924,1,9
42925,4,0
42926,3,2
42927,6,1
42928,1,7
42929,3,2
42930,7,3
42931,1,3
42932,1,1
42933,6,4
42934,3,2
42935,8,5
42936,1,2
42937,8,6
42938,7,3
42939,1,7
42940,7,5
42941,1,8
42942,5,6
42943,1,9
42944,1,8
42945,4,0
42946,8,9
42947,6,1
42948,5,6
42949,3,2
42950,9,2
42951,7,3
42952,2,4
42953,2,4
42954,7,3
42955,8,5
42956,2,4
42957,8,6
42958,1,2
42959,2,7
42960,5,6
42961,1,8
42962,7,3
42963,2,9
42964,7,5
42965,4,0
42966,1,3
42967,6,1
42968,6,1
42969,3,2
42970,7,5
42971,7,3
42972,5,6
42973,0,4
42974,1,1
42975,8,6
42976,1,7
42977,1,7
42978,0,6
42979,1,8
42980,4,0
42981,4,0
42982,1,2
42983,8,5
42984,7,5
42985,4,0
42986,5,1
42987,1,8
42988,4,8
42989,4,0
42990,1,8
42991,3,2
42992,8,6
42993,1,9
42994,7,3
42995,2,4
42996,0,6
42997,6,7
42998,7,8
42999,6,1
43000,1,9
43001,8,9
43002,9,2
43003,6,1
43004,1,8
43005,2,7
43006,6,1
43007,6,1
43008,7,8
43009,2,4
43010,0,4
43011,4,0
43012,1,3
43013,4,0
43014,7,3
43015,2,4
43016,1,1
43017,6,1
43018,1,8
43019,1,7
43020,4,0
43021,8,5
43022,8,4
43023,1,7
43024,1,7
43025,6,1
43026,2,4
43027,1,3
43028,1,9
43029,3,3
43030,1,1
43031,1,3
43032,3,2
43033,1,1
43034,8,9
43035,8,6
43036,1,7
43037,2,9
43038,4,4
43039,1,7
43040,1,2
43041,2,4
43042,1,8
43043,1,3
43044,6,1
43045,5,0
43046,2,7
43047,3,2
43048,8,5
43049,8,6
43050,4,0
43051,1,8
43052,1,7
43053,6,1
43054,5,6
43055,8,5
43056,7,5
43057,1,9
43058,1,9
43059,1,0
43060,1,8
43061,8,6
43062,7,8
43063,8,6
43064,3,3
43065,1,3
43066,7,5
43067,7,3
43068,8,4
43069,1,8
43070,7,3
43071,6,1
43072,1,8
43073,2,4
43074,4,0
43075,1,7
43076,3,3
43077,3,2
43078,0,4
43079,3,2
43080,3,3
43081,4,0
43082,1,7
43083,1,0
43084,7,5
43085,6,1
43086,2,9
43087,1,7
43088,4,0
43089,6,7
43090,3,3
43091,1,8
43092,7,0
43093,1,9
43094,1,9
43095,8,6
43096,1,8
43097,1,8
43098,8,5
43099,1,8
43100,7,3
43101,3,2
43102,4,0
43103,7,3
43104,1,7
43105,3,2
43106,2,4
43107,1,9
43108,1,7
43109,1,8
43110,7,8
43111,7,5
43112,0,4
43113,3,2
43114,2,9
43115,5,6
43116,1,2
43117,3,2
43118,6,1
43119,2,4
43120,1,9
43121,1,8
43122,1,2
43123,2,4
43124,9,2
43125,8,6
43126,5,3
43127,7,5
43128,6,1
43129,4,0
43130,4,4
43131,6,1
43132,3,3
43133,3,2
43134,5,0
43135,7,3
43136,7,5
43137,2,4
43138,1,9
43139,7,5
43140,1,3
43141,5,6
43142,6,1
43143,2,7
43144,7,5
43145,1,8
43146,8,9
43147,1,9
43148,7,5
43149,4,0
43150,2,4
43151,6,1
43152,1,4
43153,3,2
43154,0,6
43155,7,3
43156,2,4
43157,6,4
43158,2,9
43159,7,5
43160,4,7
43161,5,6
43162,1,1
43163,2,7
43164,5,6
43165,7,8
43166,5,6
43167,1,9
43168,1,7
43169,5,0
43170,4,0
43171,7,3
43172,9,2
43173,2,4
43174,1,9
43175,7,5
43176,5,2
43177,5,6
43178,2,7
43179,1,7
43180,7,3
43181,7,8
43182,1,8
43183,1,9
43184,1,2
43185,1,9
43186,4,0
43187,2,7
43188,4,0
43189,7,5
43190,2,7
43191,5,2
43192,7,3
43193,1,9
43194,1,8
43195,4,0
43196,7,3
43197,6,1
43198,1,3
43199,7,5
43200,7,3
43201,1,8
43202,1,7
43203,7,8
43204,7,3
43205,5,0
43206,5,5
43207,1,9
43208,9,3
43209,7,3
43210,1,9
43211,9,2
43212,5,5
43213,4,7
43214,1,1
43215,1,8
43216,4,0
43217,6,4
43218,8,5
43219,0,4
43220,1,2
43221,7,5
43222,1,7
43223,2,9
43224,7,3
43225,0,6
43226,1,8
43227,6,1
43228,2,4
43229,5,0
43230,7,3
43231,2,4
43232,1,1
43233,7,5
43234,1,8
43235,7,3
43236,4,0
43237,2,9
43238,1,7
43239,2,4
43240,1,2
43241,3,2
43242,1,8
43243,4,0
43244,7,5
43245,7,5
43246,1,1
43247,4,0
43248,7,9
43249,6,1
43250,1,8
43251,0,6
43252,3,3
43253,1,9
43254,1,2
43255,7,3
43256,7,3
43257,1,2
43258,4,0
43259,1,9
43260,0,6
43261,6,1
43262,8,5
43263,5,6
43264,5,6
43265,4,0
43266,4,0
43267,6,1
43268,1,8
43269,6,1
43270,5,6
43271,1,8
43272,2,4
43273,4,0
43274,2,4
43275,2,4
43276,4,0
43277,2,7
43278,4,4
43279,2,7
43280,7,3
43281,5,6
43282,1,9
43283,7,0
43284,1,7
43285,1,7
43286,1,1
43287,1,3
43288,1,7
43289,7,5
43290,1,8
43291,2,4
43292,1,2
43293,1,2
43294,1,2
43295,6,4
43296,1,1
43297,6,1
43298,7,3
43299,1,8
43300,6,1
43301,3,3
43302,4,4
43303,7,5
43304,5,6
43305,0,6
43306,7,8
43307,2,7
43308,7,5
43309,4,0
43310,2,9
43311,5,6
43312,3,2
43313,2,7
43314,3,2
43315,6,1
43316,1,1
43317,6,2
43318,8,5
43319,7,5
43320,5,6
43321,7,8
43322,1,8
43323,6,1
43324,1,9
43325,1,9
43326,3,2
43327,1,3
43328,7,5
43329,1,8
43330,7,3
43331,1,2
43332,6,1
43333,7,8
43334,7,8
43335,7,8
43336,1,1
43337,2,7
43338,3,2
43339,6,1
43340,2,7
43341,4,7
43342,7,8
43343,2,9
43344,1,1
43345,9,2
43346,1,7
43347,4,0
43348,5,6
43349,6,1
43350,6,1
43351,9,2
43352,4,7
43353,7,3
43354,1,7
43355,2,4
43356,1,7
43357,7,5
43358,4,9
43359,5,6
43360,3,2
43361,2,7
43362,1,7
43363,1,8
43364,4,4
43365,2,9
43366,4,0
43367,4,0
43368,7,5
43369,6,1
43370,1,4
43371,9,2
43372,1,8
43373,7,3
43374,4,7
43375,2,4
43376,9,2
43377,7,5
43378,1,7
43379,5,6
43380,7,3
43381,2,7
43382,1,7
43383,1,8
43384,4,7
43385,8,9
43386,5,6
43387,4,0
43388,1,8
43389,6,1
43390,4,7
43391,3,2
43392,1,9
43393,7,3
43394,3,2
43395,2,4
43396,0,6
43397,7,5
43398,8,4
43399,5,6
43400,2,7
43401,2,7
43402,7,5
43403,1,8
43404,4,0
43405,2,9
43406,1,1
43407,3,2
43408,1,7
43409,7,5
43410,1,8
43411,6,1
43412,7,5
43413,0,6
43414,1,7
43415,2,4
43416,1,9
43417,3,3
43418,4,0
43419,2,9
43420,5,6
43421,2,9
43422,4,0
43423,4,0
43424,5,6
43425,4,9
43426,1,1
43427,2,7
43428,7,3
43429,6,1
43430,5,2
43431,5,6
43432,7,5
43433,6,4
43434,3,2
43435,7,3
43436,3,2
43437,0,6
43438,7,3
43439,9,2
43440,5,6
43441,9,2
43442,7,5
43443,4,0
43444,6,1
43445,7,0
43446,1,1
43447,1,8
43448,3,3
43449,3,2
43450,1,2
43451,7,5
43452,9,4
43453,2,9
43454,7,5
43455,1,8
43456,7,3
43457,5,6
43458,6,1
43459,7,5
43460,3,3
43461,1,7
43462,5,6
43463,4,0
43464,1,8
43465,7,0
43466,7,3
43467,2,4
43468,4,0
43469,6,1
43470,1,7
43471,1,7
43472,4,0
43473,2,4
43474,1,3
43475,3,3
43476,7,3
43477,9,2
43478,2,9
43479,9,2
43480,1,1
43481,2,4
43482,3,3
43483,2,7
43484,6,1
43485,5,6
43486,3,2
43487,2,4
43488,7,5
43489,2,7
43490,6,1
43491,2,7
43492,3,3
43493,1,7
43494,7,3
43495,3,2
43496,1,7
43497,4,0
43498,5,6
43499,2,9
43500,6,1
43501,1,8
43502,4,9
43503,7,5
43504,1,8
43505,0,6
43506,7,5
43507,2,4
43508,7,5
43509,7,3
43510,5,5
43511,1,8
43512,1,9
43513,3,2
43514,1,2
43515,1,8
43516,4,4
43517,7,3
43518,5,6
43519,1,8
43520,1,7
43521,2,9
43522,1,8
43523,7,5
43524,1,8
43525,1,8
43526,2,9
43527,4,0
43528,4,7
43529,7,5
43530,2,4
43531,2,4
43532,5,8
43533,2,7
43534,1,8
43535,6,1
43536,4,0
43537,3,3
43538,7,8
43539,6,1
43540,7,5
43541,2,7
43542,1,7
43543,2,9
43544,9,9
43545,0,6
43546,3,2
43547,3,2
43548,7,8
43549,4,0
43550,1,9
43551,2,9
43552,7,3
43553,6,1
43554,4,0
43555,2,7
43556,4,0
43557,3,3
43558,7,8
43559,1,8
43560,5,5
43561,4,0
43562,1,3
43563,3,3
43564,0,6
43565,2,9
43566,3,2
43567,6,1
43568,7,5
43569,0,6
43570,1,1
43571,2,4
43572,5,6
43573,7,3
43574,8,5
43575,3,2
43576,1,2
43577,6,1
43578,1,1
43579,1,8
43580,1,8
43581,0,6
43582,5,6
43583,6,1
43584,2,7
43585,7,5
43586,5,6
43587,7,5
43588,1,8
43589,5,6
43590,3,2
43591,5,5
43592,8,6
43593,4,0
43594,0,6
43595,1,1
43596,8,9
43597,9,2
43598,1,7
43599,1,3
43600,8,4
43601,2,4
43602,4,0
43603,7,5
43604,9,4
43605,0,6
43606,7,8
43607,2,7
43608,4,4
43609,1,8
43610,4,0
43611,1,9
43612,1,4
43613,4,0
43614,4,4
43615,1,1
43616,1,1
43617,9,2
43618,4,7
43619,7,3
43620,5,6
43621,2,4
43622,4,4
43623,7,5
43624,4,0
43625,0,6
43626,4,4
43627,2,7
43628,4,7
43629,1,8
43630,9,2
43631,7,0
43632,3,2
43633,1,1
43634,4,4
43635,1,2
43636,9,4
43637,1,3
43638,7,5
43639,2,4
43640,8,6
43641,7,5
43642,3,2
43643,5,6
43644,7,3
43645,1,7
43646,5,6
43647,1,8
43648,5,5
43649,3,2
43650,4,9
43651,8,5
43652,1,1
43653,6,1
43654,1,3
43655,5,6
43656,1,8
43657,2,4
43658,1,3
43659,7,3
43660,4,9
43661,1,9
43662,4,0
43663,2,9
43664,1,1
43665,4,0
43666,7,3
43667,1,9
43668,5,6
43669,1,7
43670,1,3
43671,1,1
43672,1,3
43673,5,6
43674,1,2
43675,6,4
43676,7,5
43677,1,3
43678,5,6
43679,0,6
43680,7,5
43681,3,2
43682,0,6
43683,5,2
43684,6,1
43685,4,0
43686,4,7
43687,1,8
43688,0,4
43689,1,2
43690,1,8
43691,8,5
43692,1,8
43693,1,9
43694,0,6
43695,1,8
43696,7,5
43697,0,6
43698,1,8
43699,8,5
43700,2,4
43701,5,0
43702,7,3
43703,2,4
43704,1,1
43705,1,1
43706,4,0
43707,1,7
43708,1,1
43709,2,4
43710,1,7
43711,1,3
43712,4,0
43713,6,4
43714,1,1
43715,1,1
43716,7,5
43717,7,3
43718,1,9
43719,2,7
43720,5,6
43721,2,4
43722,1,7
43723,1,7
43724,1,8
43725,1,7
43726,8,6
43727,4,0
43728,4,0
43729,4,9
43730,1,3
43731,1,8
43732,2,4
43733,8,5
43734,1,9
43735,5,6
43736,8,6
43737,2,4
43738,8,9
43739,1,3
43740,0,4
43741,1,8
43742,5,6
43743,1,2
43744,5,6
43745,1,8
43746,1,1
43747,1,3
43748,7,5
43749,1,8
43750,2,9
43751,2,9
43752,0,6
43753,7,5
43754,1,8
43755,1,8
43756,0,4
43757,2,4
43758,7,3
43759,7,3
43760,1,2
43761,6,1
43762,3,3
43763,2,7
43764,1,1
43765,2,9
43766,7,5
43767,5,6
43768,5,2
43769,5,2
43770,1,1
43771,1,7
43772,7,5
43773,7,3
43774,1,7
43775,1,3
43776,7,5
43777,1,9
43778,1,0
43779,6,1
43780,7,5
43781,6,4
43782,3,3
43783,1,3
43784,1,1
43785,1,9
43786,2,9
43787,1,8
43788,1,8
43789,3,2
43790,1,1
43791,1,1
43792,1,9
43793,1,8
43794,3,2
43795,0,6
43796,1,7
43797,2,4
43798,1,7
43799,7,5
43800,0,6
43801,1,1
43802,2,7
43803,7,5
43804,0,6
43805,8,5
43806,3,2
43807,5,6
43808,1,1
43809,8,5
43810,2,9
43811,1,0
43812,2,4
43813,6,1
43814,4,9
43815,9,2
43816,7,3
43817,7,3
43818,1,2
43819,2,4
43820,7,5
43821,2,7
43822,0,6
43823,6,8
43824,1,8
43825,8,9
43826,3,2
43827,4,0
43828,1,8
43829,6,1
43830,8,9
43831,9,2
43832,0,4
43833,7,3
43834,5,0
43835,2,4
43836,6,1
43837,5,5
43838,8,5
43839,5,6
43840,1,7
43841,2,7
43842,6,2
43843,1,8
43844,6,1
43845,2,9
43846,1,8
43847,4,0
43848,1,8
43849,1,1
43850,1,2
43851,3,2
43852,5,2
43853,7,3
43854,3,2
43855,7,5
43856,7,5
43857,0,6
43858,2,4
43859,2,7
43860,1,7
43861,1,8
43862,4,9
43863,2,9
43864,2,9
43865,7,3
43866,5,6
43867,8,5
43868,7,3
43869,7,3
43870,4,9
43871,9,2
43872,1,1
43873,2,9
43874,5,2
43875,1,3
43876,7,8
43877,9,2
43878,3,2
43879,6,1
43880,1,8
43881,0,4
43882,7,5
43883,7,3
43884,4,0
43885,9,2
43886,1,7
43887,6,1
43888,2,9
43889,7,3
43890,1,7
43891,2,9
43892,5,6
43893,2,7
43894,1,8
43895,9,2
43896,2,9
43897,4,1
43898,1,7
43899,9,2
43900,7,8
43901,1,8
43902,7,3
43903,4,9
43904,0,4
43905,6,1
43906,0,4
43907,1,8
43908,5,6
43909,1,8
43910,1,1
43911,2,7
43912,1,7
43913,4,0
43914,5,6
43915,4,0
43916,2,9
43917,2,7
43918,2,9
43919,2,7
43920,4,9
43921,1,8
43922,3,3
43923,2,7
43924,1,7
43925,0,6
43926,1,7
43927,6,1
43928,2,4
43929,2,4
43930,3,8
43931,0,6
43932,4,0
43933,6,1
43934,2,4
43935,9,2
43936,7,5
43937,8,5
43938,1,8
43939,4,0
43940,5,6
43941,7,0
43942,7,3
43943,7,3
43944,7,8
43945,1,8
43946,7,5
43947,6,4
43948,1,1
43949,2,4
43950,7,9
43951,6,1
43952,3,3
43953,1,8
43954,2,4
43955,0,6
43956,1,7
43957,8,5
43958,1,8
43959,2,9
43960,4,0
43961,7,0
43962,7,3
43963,1,0
43964,3,2
43965,4,0
43966,2,9
43967,7,3
43968,1,8
43969,2,7
43970,1,9
43971,6,1
43972,6,1
43973,0,6
43974,1,2
43975,1,2
43976,4,0
43977,0,6
43978,1,3
43979,4,6
43980,6,1
43981,4,0
43982,1,9
43983,2,4
43984,6,1
43985,8,5
43986,3,8
43987,2,4
43988,3,2
43989,6,1
43990,2,7
43991,7,3
43992,1,9
43993,2,8
43994,9,2
43995,0,6
43996,9,2
43997,7,3
43998,7,7
43999,8,9
44000,7,0
44001,2,9
44002,3,8
44003,5,5
44004,1,3
44005,2,7
44006,7,5
44007,1,8
44008,4,9
44009,8,5
44010,8,9
44011,0,6
44012,1,1
44013,9,4
44014,7,5
44015,2,7
44016,2,9
44017,0,6
44018,7,5
44019,9,2
44020,7,3
44021,9,2
44022,8,9
44023,4,0
44024,7,8
44025,2,9
44026,4,9
44027,6,4
44028,1,9
44029,7,0
44030,4,0
44031,6,1
44032,1,3
44033,9,2
44034,3,3
44035,7,3
44036,6,1
44037,2,4
44038,6,1
44039,1,7
44040,4,0
44041,7,8
44042,1,7
44043,2,9
44044,9,9
44045,4,0
44046,1,1
44047,6,1
44048,8,9
44049,3,2
44050,2,7
44051,7,3
44052,0,4
44053,2,4
44054,3,2
44055,5,5
44056,1,8
44057,5,6
44058,1,3
44059,1,7
44060,4,0
44061,1,8
44062,1,7
44063,5,0
44064,1,7
44065,6,1
44066,5,6
44067,1,7
44068,2,4
44069,7,8
44070,0,6
44071,2,9
44072,7,8
44073,5,6
44074,8,9
44075,2,9
44076,4,0
44077,0,6
44078,0,6
44079,6,1
44080,1,7
44081,2,9
44082,8,6
44083,2,9
44084,1,9
44085,2,9
44086,4,4
44087,1,8
44088,0,4
44089,6,1
44090,1,2
44091,8,4
44092,9,2
44093,6,1
44094,4,0
44095,9,2
44096,4,0
44097,2,9
44098,3,2
44099,5,5
44100,1,4
44101,7,3
44102,0,6
44103,4,0
44104,8,9
44105,2,4
44106,7,5
44107,2,9
44108,1,1
44109,6,1
44110,4,4
44111,1,7
44112,3,3
44113,6,1
44114,5,6
44115,7,8
44116,4,9
44117,2,7
44118,1,8
44119,0,6
44120,1,1
44121,4,0
44122,7,8
44123,8,8
44124,2,4
44125,6,1
44126,6,1
44127,4,0
44128,0,6
44129,2,9
44130,4,0
44131,6,1
44132,0,6
44133,9,2
44134,3,3
44135,5,5
44136,1,1
44137,2,4
44138,7,3
44139,2,7
44140,1,2
44141,1,7
44142,7,3
44143,9,2
44144,1,8
44145,1,7
44146,7,3
44147,5,5
44148,7,5
44149,9,2
44150,1,7
44151,6,1
44152,8,5
44153,2,4
44154,4,9
44155,6,4
44156,1,7
44157,5,3
44158,1,1
44159,5,0
44160,1,7
44161,4,0
44162,1,3
44163,1,8
44164,7,5
44165,5,5
44166,9,2
44167,6,4
44168,0,6
44169,2,7
44170,1,7
44171,1,8
44172,7,8
44173,7,8
44174,7,3
44175,1,7
44176,7,8
44177,2,9
44178,1,7
44179,5,6
44180,1,8
44181,3,3
44182,4,9
44183,6,1
44184,5,0
44185,1,7
44186,1,2
44187,2,9
44188,7,3
44189,5,6
44190,2,4
44191,7,3
44192,3,3
44193,7,3
44194,4,7
44195,9,2
44196,1,8
44197,5,6
44198,1,1
44199,7,0
44200,1,8
44201,5,6
44202,5,8
44203,8,8
44204,0,6
44205,5,0
44206,1,8
44207,6,1
44208,4,0
44209,5,2
44210,1,1
44211,3,3
44212,1,7
44213,8,4
44214,4,9
44215,5,5
44216,7,3
44217,5,6
44218,5,6
44219,1,7
44220,1,1
44221,1,8
44222,1,1
44223,1,9
44224,0,4
44225,4,0
44226,3,2
44227,6,1
44228,1,9
44229,3,2
44230,4,9
44231,3,3
44232,4,4
44233,2,4
44234,9,9
44235,7,5
44236,7,9
44237,8,6
44238,5,6
44239,1,7
44240,5,3
44241,1,8
44242,1,1
44243,5,0
44244,2,9
44245,6,1
44246,1,7
44247,3,2
44248,3,2
44249,7,3
44250,4,6
44251,4,4
44252,1,7
44253,7,5
44254,4,7
44255,5,6
44256,4,4
44257,1,7
44258,0,6
44259,7,8
44260,3,2
44261,6,9
44262,7,5
44263,7,5
44264,0,4
44265,3,2
44266,4,0
44267,1,8
44268,4,0
44269,1,1
44270,1,8
44271,1,7
44272,1,8
44273,9,2
44274,1,2
44275,6,4
44276,4,0
44277,6,1
44278,4,0
44279,2,4
44280,3,3
44281,6,1
44282,7,3
44283,8,4
44284,2,4
44285,2,9
44286,7,8
44287,5,6
44288,1,1
44289,1,8
44290,1,1
44291,8,4
44292,7,5
44293,7,5
44294,1,4
44295,7,3
44296,1,1
44297,1,7
44298,1,2
44299,1,8
44300,0,6
44301,2,4
44302,9,2
44303,3,3
44304,3,2
44305,3,3
44306,1,1
44307,5,5
44308,7,8
44309,5,6
44310,1,8
44311,1,7
44312,1,3
44313,4,0
44314,4,0
44315,5,6
44316,3,2
44317,6,1
44318,5,6
44319,5,6
44320,7,8
44321,1,8
44322,2,7
44323,1,7
44324,5,1
44325,7,0
44326,4,0
44327,6,1
44328,1,9
44329,7,5
44330,5,6
44331,5,6
44332,2,4
44333,7,0
44334,9,2
44335,4,0
44336,5,6
44337,5,6
44338,3,3
44339,6,1
44340,1,9
44341,7,5
44342,5,4
44343,7,8
44344,4,0
44345,2,4
44346,5,6
44347,3,2
44348,4,9
44349,7,3
44350,5,3
44351,1,9
44352,0,4
44353,1,7
44354,5,6
44355,5,6
44356,2,4
44357,2,9
44358,5,6
44359,6,1
44360,8,8
44361,1,9
44362,3,2
44363,4,0
44364,5,2
44365,5,6
44366,6,1
44367,1,7
44368,1,1
44369,6,1
44370,1,1
44371,5,2
44372,4,0
44373,7,3
44374,9,2
44375,1,9
44376,8,9
44377,9,2
44378,1,7
44379,2,4
44380,1,3
44381,7,5
44382,9,6
44383,7,5
44384,1,9
44385,3,3
44386,0,4
44387,2,7
44388,7,3
44389,6,1
44390,8,5
44391,1,8
44392,1,7
44393,6,2
44394,8,6
44395,9,2
44396,2,9
44397,3,3
44398,1,7
44399,4,0
44400,8,9
44401,9,2
44402,1,9
44403,1,9
44404,7,5
44405,2,4
44406,7,5
44407,1,9
44408,7,3
44409,1,7
44410,5,6
44411,7,0
44412,9,2
44413,4,0
44414,5,2
44415,9,2
44416,3,3
44417,1,7
44418,1,1
44419,2,4
44420,5,6
44421,2,9
44422,6,1
44423,2,9
44424,3,2
44425,9,2
44426,7,3
44427,1,8
44428,0,6
44429,2,9
44430,4,9
44431,1,1
44432,2,1
44433,1,8
44434,1,7
44435,7,3
44436,1,8
44437,1,8
44438,8,9
44439,3,3
44440,7,3
44441,5,6
44442,3,8
44443,1,7
44444,0,6
44445,5,0
44446,1,1
44447,0,4
44448,4,0
44449,3,0
44450,8,9
44451,4,0
44452,5,6
44453,1,1
44454,1,1
44455,3,2
44456,1,3
44457,7,3
44458,1,8
44459,2,4
44460,8,6
44461,7,5
44462,7,3
44463,5,6
44464,4,4
44465,2,7
44466,5,4
44467,1,8
44468,7,3
44469,4,9
44470,1,7
44471,4,0
44472,4,7
44473,1,1
44474,4,0
44475,9,2
44476,7,5
44477,7,3
44478,1,3
44479,2,4
44480,8,5
44481,7,5
44482,1,1
44483,5,6
44484,3,8
44485,2,7
44486,2,9
44487,1,8
44488,7,5
44489,2,9
44490,1,2
44491,4,0
44492,5,2
44493,1,1
44494,8,5
44495,9,2
44496,9,4
44497,7,3
44498,0,6
44499,4,4
44500,1,7
44501,7,5
44502,1,2
44503,0,6
44504,3,3
44505,2,7
44506,7,5
44507,1,8
44508,7,5
44509,4,9
44510,1,3
44511,1,1
44512,4,7
44513,4,0
44514,7,8
44515,2,4
44516,4,7
44517,0,6
44518,4,0
44519,7,3
44520,3,2
44521,2,4
44522,7,3
44523,2,4
44524,6,1
44525,3,2
44526,4,7
44527,1,8
44528,0,4
44529,1,1
44530,0,4
44531,4,0
44532,7,8
44533,0,6
44534,7,9
44535,4,4
44536,4,7
44537,4,9
44538,2,7
44539,2,7
44540,1,3
44541,1,2
44542,1,1
44543,7,3
44544,4,4
44545,7,3
44546,3,3
44547,8,9
44548,1,1
44549,9,2
44550,4,9
44551,4,0
44552,2,7
44553,4,9
44554,8,5
44555,7,3
44556,1,1
44557,7,3
44558,4,0
44559,2,9
44560,4,0
44561,6,1
44562,4,7
44563,7,5
44564,8,5
44565,1,2
44566,1,7
44567,7,3
44568,1,8
44569,1,1
44570,6,7
44571,0,6
44572,1,7
44573,2,7
44574,1,7
44575,7,3
44576,1,8
44577,2,7
44578,4,0
44579,7,8
44580,7,3
44581,2,4
44582,1,1
44583,4,0
44584,4,4
44585,3,2
44586,8,9
44587,2,4
44588,1,7
44589,5,0
44590,4,7
44591,9,2
44592,2,9
44593,2,4
44594,2,4
44595,2,7
44596,7,3
44597,1,8
44598,4,0
44599,4,0
44600,4,9
44601,4,7
44602,0,6
44603,4,0
44604,1,8
44605,5,6
44606,4,0
44607,2,9
44608,3,3
44609,7,3
44610,1,7
44611,3,2
44612,3,2
44613,2,4
44614,4,0
44615,7,8
44616,1,8
44617,0,6
44618,2,9
44619,4,0
44620,0,4
44621,7,5
44622,6,1
44623,2,7
44624,1,8
44625,5,5
44626,9,7
44627,1,1
44628,1,1
44629,4,0
44630,7,3
44631,1,8
44632,0,4
44633,1,1
44634,7,5
44635,5,6
44636,0,4
44637,4,7
44638,7,8
44639,3,2
44640,1,7
44641,4,9
44642,8,5
44643,2,7
44644,9,6
44645,2,9
44646,4,4
44647,7,5
44648,1,1
44649,5,6
44650,6,1
44651,7,5
44652,1,8
44653,9,2
44654,7,8
44655,0,6
44656,3,0
44657,1,2
44658,2,7
44659,1,8
44660,4,0
44661,6,1
44662,7,5
44663,2,7
44664,8,5
44665,7,5
44666,5,6
44667,7,5
44668,2,4
44669,2,7
44670,2,9
44671,7,3
44672,3,2
44673,7,5
44674,7,5
44675,4,0
44676,1,8
44677,6,1
44678,4,9
44679,6,1
44680,1,1
44681,7,3
44682,6,1
44683,1,8
44684,1,3
44685,0,4
44686,7,8
44687,2,9
44688,2,4
44689,2,4
44690,8,6
44691,7,5
44692,4,0
44693,6,1
44694,8,4
44695,1,8
44696,3,0
44697,0,6
44698,1,1
44699,1,8
44700,4,0
44701,8,9
44702,1,8
44703,4,0
44704,4,0
44705,1,1
44706,8,5
44707,3,2
44708,1,7
44709,7,3
44710,3,2
44711,4,4
44712,9,4
44713,7,5
44714,1,8
44715,5,6
44716,7,3
44717,4,7
44718,1,2
44719,1,8
44720,7,0
44721,4,9
44722,0,6
44723,4,0
44724,1,1
44725,1,1
44726,1,7
44727,3,2
44728,8,6
44729,7,3
44730,4,0
44731,2,4
44732,4,6
44733,7,5
44734,4,7
44735,0,6
44736,5,5
44737,4,7
44738,7,5
44739,1,8
44740,3,2
44741,4,9
44742,5,6
44743,4,0
44744,4,0
44745,1,1
44746,4,9
44747,3,2
44748,7,8
44749,7,3
44750,4,0
44751,4,4
44752,8,5
44753,5,5
44754,0,6
44755,0,6
44756,4,7
44757,4,7
44758,3,2
44759,1,8
44760,7,5
44761,2,4
44762,4,9
44763,2,9
44764,1,3
44765,2,4
44766,7,0
44767,1,2
44768,4,0
44769,2,9
44770,1,1
44771,4,4
44772,1,7
44773,7,5
44774,1,7
44775,1,8
44776,4,9
44777,4,0
44778,2,9
44779,7,3
44780,4,9
44781,7,5
44782,7,3
44783,7,5
44784,3,2
44785,6,1
44786,1,1
44787,2,7
44788,4,0
44789,1,8
44790,0,6
44791,4,4
44792,1,1
44793,7,5
44794,3,2
44795,4,7
44796,4,0
44797,3,2
44798,0,4
44799,7,3
44800,8,1
44801,0,6
44802,8,5
44803,4,7
44804,7,5
44805,4,7
44806,1,8
44807,4,7
44808,5,6
44809,0,6
44810,8,5
44811,4,0
44812,7,8
44813,1,1
44814,0,6
44815,7,0
44816,7,5
44817,0,6
44818,1,7
44819,5,5
44820,5,5
44821,7,5
44822,8,9
44823,3,2
44824,8,9
44825,4,9
44826,4,0
44827,3,3
44828,3,2
44829,1,1
44830,8,5
44831,2,4
44832,1,7
44833,1,8
44834,1,8
44835,4,7
44836,1,7
44837,7,3
44838,4,0
44839,1,8
44840,1,7
44841,3,2
44842,4,4
44843,0,6
44844,4,0
44845,7,5
44846,4,0
44847,3,2
44848,1,3
44849,4,7
44850,4,4
44851,2,9
44852,7,5
44853,4,7
44854,1,9
44855,2,9
44856,1,1
44857,6,1
44858,7,5
44859,4,0
44860,2,4
44861,1,8
44862,4,0
44863,2,9
44864,1,1
44865,4,7
44866,7,8
44867,4,0
44868,1,7
44869,7,5
44870,5,6
44871,4,0
44872,5,0
44873,7,3
44874,1,8
44875,4,8
44876,1,1
44877,2,4
44878,1,9
44879,0,6
44880,7,8
44881,3,2
44882,4,9
44883,4,0
44884,1,9
44885,2,4
44886,1,1
44887,1,1
44888,3,3
44889,7,3
44890,1,9
44891,6,1
44892,1,9
44893,4,0
44894,2,4
44895,2,9
44896,1,7
44897,4,0
44898,9,2
44899,6,1
44900,4,0
44901,5,2
44902,9,2
44903,3,3
44904,1,4
44905,8,4
44906,7,3
44907,5,5
44908,1,7
44909,5,6
44910,1,5
44911,4,7
44912,1,7
44913,1,8
44914,1,7
44915,1,9
44916,7,5
44917,7,0
44918,7,8
44919,6,1
44920,1,7
44921,2,4
44922,8,4
44923,7,5
44924,7,5
44925,5,6
44926,4,9
44927,1,7
44928,5,5
44929,1,8
44930,7,5
44931,1,9
44932,5,6
44933,5,0
44934,3,2
44935,6,1
44936,1,9
44937,2,4
44938,7,5
44939,8,5
44940,4,7
44941,0,6
44942,0,4
44943,1,7
44944,3,8
44945,1,8
44946,2,9
44947,1,9
44948,4,9
44949,1,7
44950,1,2
44951,4,0
44952,9,6
44953,5,6
44954,1,7
44955,4,0
44956,2,4
44957,1,7
44958,4,0
44959,3,3
44960,2,4
44961,1,8
44962,2,9
44963,0,6
44964,8,5
44965,1,7
44966,1,1
44967,6,1
44968,7,8
44969,1,3
44970,7,5
44971,1,7
44972,4,7
44973,4,9
44974,1,8
44975,1,7
44976,7,5
44977,2,4
44978,1,2
44979,4,0
44980,1,8
44981,0,6
44982,1,9
44983,2,4
44984,5,6
44985,1,9
44986,6,1
44987,7,5
44988,6,1
44989,0,6
44990,2,4
44991,7,5
44992,8,9
44993,1,2
44994,1,1
44995,2,9
44996,1,1
44997,1,8
44998,9,4
44999,7,5
45000,7,3
45001,1,1
45002,1,1
45003,8,5
45004,1,7
45005,1,3
45006,1,1
45007,1,9
45008,7,3
45009,2,4
45010,5,6
45011,5,5
45012,5,5
45013,5,6
45014,1,7
45015,1,3
45016,1,8
45017,1,4
45018,5,5
45019,1,8
45020,1,7
45021,4,0
45022,1,2
45023,5,6
45024,7,5
45025,2,4
45026,5,8
45027,1,8
45028,3,2
45029,1,1
45030,5,6
45031,3,3
45032,1,1
45033,2,4
45034,8,9
45035,4,0
45036,7,5
45037,1,1
45038,0,4
45039,2,9
45040,1,7
45041,1,2
45042,4,0
45043,1,3
45044,2,9
45045,1,7
45046,1,3
45047,5,2
45048,9,4
45049,7,5
45050,1,8
45051,1,1
45052,7,5
45053,1,7
45054,1,7
45055,1,2
45056,5,8
45057,1,8
45058,4,0
45059,1,7
45060,1,7
45061,4,0
45062,4,9
45063,6,1
45064,2,4
45065,1,9
45066,5,0
45067,0,6
45068,4,7
45069,5,4
45070,8,5
45071,1,9
45072,8,5
45073,5,2
45074,1,9
45075,6,1
45076,6,1
45077,5,2
45078,1,1
45079,3,3
45080,5,6
45081,1,7
45082,7,8
45083,4,0
45084,4,9
45085,9,2
45086,2,9
45087,6,1
45088,7,3
45089,3,3
45090,5,6
45091,8,5
45092,1,1
45093,3,3
45094,3,2
45095,2,4
45096,1,2
45097,2,7
45098,7,8
45099,5,2
45100,2,4
45101,8,5
45102,1,7
45103,1,8
45104,5,6
45105,6,1
45106,7,8
45107,5,6
45108,7,3
45109,1,8
45110,7,8
45111,7,5
45112,4,0
45113,5,6
45114,1,7
45115,5,0
45116,1,8
45117,1,8
45118,7,5
45119,2,9
45120,1,9
45121,2,4
45122,8,8
45123,1,9
45124,7,5
45125,9,2
45126,4,0
45127,0,6
45128,4,0
45129,4,0
45130,6,2
45131,1,1
45132,8,5
45133,5,2
45134,7,5
45135,5,3
45136,1,2
45137,2,4
45138,8,6
45139,5,5
45140,1,1
45141,5,6
45142,1,9
45143,1,7
45144,4,9
45145,4,0
45146,4,0
45147,1,1
45148,2,4
45149,9,2
45150,7,3
45151,3,3
45152,4,0
45153,4,4
45154,5,6
45155,7,5
45156,1,8
45157,5,6
45158,6,2
45159,4,7
45160,7,5
45161,7,8
45162,4,0
45163,8,9
45164,3,3
45165,4,0
45166,8,5
45167,1,1
45168,3,8
45169,3,2
45170,1,7
45171,7,3
45172,4,4
45173,2,4
45174,1,9
45175,5,5
45176,1,9
45177,5,6
45178,4,9
45179,4,7
45180,1,7
45181,3,8
45182,6,1
45183,8,9
45184,4,4
45185,1,7
45186,1,1
45187,2,7
45188,1,7
45189,4,0
45190,4,0
45191,4,4
45192,1,7
45193,4,0
45194,7,8
45195,3,3
45196,3,3
45197,1,1
45198,9,4
45199,4,8
45200,2,7
45201,1,9
45202,1,8
45203,1,2
45204,1,1
45205,1,1
45206,5,2
45207,3,8
45208,1,8
45209,5,6
45210,0,4
45211,7,5
45212,7,5
45213,2,4
45214,4,4
45215,4,7
45216,1,2
45217,7,3
45218,7,0
45219,2,4
45220,1,1
45221,1,1
45222,8,5
45223,7,8
45224,0,6
45225,0,6
45226,7,5
45227,4,9
45228,5,6
45229,1,1
45230,4,0
45231,2,4
45232,8,9
45233,7,5
45234,2,4
45235,4,0
45236,1,9
45237,1,1
45238,4,4
45239,7,3
45240,1,1
45241,5,6
45242,1,9
45243,2,4
45244,9,9
45245,7,8
45246,7,3
45247,4,9
45248,0,6
45249,7,8
45250,7,5
45251,3,2
45252,2,4
45253,1,1
45254,1,1
45255,4,0
45256,8,5
45257,2,7
45258,1,7
45259,3,2
45260,7,3
45261,7,5
45262,5,6
45263,7,5
45264,7,3
45265,5,6
45266,7,3
45267,5,6
45268,3,2
45269,5,6
45270,4,8
45271,7,3
45272,7,3
45273,3,3
45274,5,6
45275,3,3
45276,4,0
45277,1,1
45278,2,4
45279,2,7
45280,2,4
45281,9,2
45282,5,5
45283,9,2
45284,1,1
45285,2,7
45286,1,8
45287,5,2
45288,4,0
45289,7,3
45290,1,1
45291,5,6
45292,7,5
45293,7,8
45294,5,6
45295,7,5
45296,4,4
45297,1,1
45298,7,8
45299,2,4
45300,0,6
45301,4,9
45302,1,1
45303,4,0
45304,4,9
45305,7,5
45306,1,2
45307,4,0
45308,2,9
45309,5,6
45310,1,7
45311,7,8
45312,7,3
45313,7,8
45314,4,7
45315,4,0
45316,2,4
45317,7,8
45318,2,4
45319,5,2
45320,1,1
45321,7,3
45322,1,9
45323,4,9
45324,5,6
45325,2,4
45326,7,8
45327,7,3
45328,3,3
45329,2,7
45330,9,4
45331,1,1
45332,3,2
45333,4,7
45334,7,5
45335,5,6
45336,3,3
45337,4,9
45338,5,6
45339,2,4
45340,3,3
45341,9,2
45342,3,2
45343,8,9
45344,7,5
45345,2,9
45346,9,2
45347,9,2
45348,3,2
45349,4,0
45350,6,2
45351,3,8
45352,2,9
45353,4,4
45354,4,0
45355,4,9
45356,1,8
45357,8,4
45358,3,2
45359,4,0
45360,8,5
45361,2,7
45362,3,2
45363,1,1
45364,3,3
45365,7,3
45366,1,1
45367,3,2
45368,0,6
45369,8,9
45370,1,9
45371,4,0
45372,1,1
45373,6,1
45374,1,7
45375,9,2
45376,0,6
45377,7,3
45378,1,2
45379,1,8
45380,1,9
45381,2,9
45382,1,7
45383,4,0
45384,4,0
45385,6,1
45386,4,0
45387,9,2
45388,2,9
45389,3,3
45390,7,5
45391,6,4
45392,2,7
45393,5,5
45394,4,4
45395,5,6
45396,7,3
45397,2,7
45398,7,3
45399,7,8
45400,7,3
45401,4,0
45402,4,0
45403,6,1
45404,4,4
45405,9,2
45406,3,2
45407,3,3
45408,7,3
45409,0,6
45410,5,6
45411,4,7
45412,3,2
45413,1,8
45414,1,2
45415,1,9
45416,1,8
45417,4,0
45418,4,0
45419,7,3
45420,9,2
45421,8,9
45422,4,0
45423,5,5
45424,0,4
45425,5,6
45426,1,0
45427,1,8
45428,1,7
45429,2,4
45430,3,2
45431,2,9
45432,7,5
45433,6,1
45434,4,0
45435,2,7
45436,7,3
45437,6,1
45438,1,1
45439,9,2
45440,1,9
45441,3,3
45442,4,0
45443,7,5
45444,1,1
45445,8,9
45446,1,7
45447,0,6
45448,5,6
45449,1,9
45450,4,9
45451,6,1
45452,7,5
45453,3,2
45454,7,8
45455,5,0
45456,9,7
45457,2,7
45458,1,8
45459,9,2
45460,4,6
45461,2,9
45462,1,2
45463,1,8
45464,3,2
45465,2,9
45466,1,7
45467,4,0
45468,7,3
45469,2,7
45470,8,5
45471,6,1
45472,2,4
45473,3,3
45474,3,3
45475,4,0
45476,4,0
45477,7,3
45478,5,6
45479,0,6
45480,7,3
45481,7,8
45482,7,5
45483,4,7
45484,1,2
45485,0,4
45486,9,2
45487,1,9
45488,3,2
45489,2,7
45490,5,5
45491,5,5
45492,2,7
45493,1,8
45494,4,0
45495,6,1
45496,1,7
45497,5,5
45498,1,2
45499,6,1
45500,1,2
45501,6,2
45502,6,1
45503,4,0
45504,4,0
45505,3,2
45506,5,6
45507,0,4
45508,7,3
45509,3,3
45510,5,6
45511,4,0
45512,8,5
45513,4,0
45514,5,6
45515,4,0
45516,5,1
45517,7,3
45518,1,7
45519,7,5
45520,7,8
45521,4,7
45522,4,0
45523,0,6
45524,1,7
45525,1,9
45526,8,5
45527,2,9
45528,1,9
45529,1,8
45530,2,7
45531,3,2
45532,1,1
45533,4,7
45534,7,5
45535,4,7
45536,7,5
45537,6,1
45538,1,4
45539,4,0
45540,4,0
45541,1,1
45542,0,6
45543,3,2
45544,4,0
45545,7,3
45546,1,1
45547,7,5
45548,1,7
45549,0,6
45550,0,4
45551,1,7
45552,0,6
45553,7,8
45554,7,3
45555,8,9
45556,1,1
45557,7,0
45558,5,6
45559,1,1
45560,2,4
45561,1,2
45562,8,5
45563,7,3
45564,2,4
45565,2,4
45566,5,6
45567,7,5
45568,3,2
45569,0,6
45570,1,7
45571,1,7
45572,1,1
45573,7,8
45574,2,4
45575,2,9
45576,3,8
45577,4,0
45578,2,4
45579,1,1
45580,8,6
45581,0,6
45582,8,5
45583,2,7
45584,1,2
45585,7,8
45586,7,3
45587,2,9
45588,6,1
45589,4,0
45590,8,4
45591,7,5
45592,1,7
45593,0,6
45594,4,7
45595,7,8
45596,4,0
45597,7,3
45598,1,1
45599,3,3
45600,4,7
45601,7,3
45602,7,5
45603,8,9
45604,8,5
45605,8,9
45606,1,7
45607,7,5
45608,4,0
45609,4,6
45610,7,3
45611,2,4
45612,7,3
45613,2,4
45614,8,6
45615,8,7
45616,7,5
45617,4,0
45618,1,7
45619,7,3
45620,5,2
45621,8,9
45622,4,6
45623,0,6
45624,7,5
45625,8,9
45626,2,7
45627,1,1
45628,7,3
45629,7,5
45630,5,6
45631,3,2
45632,4,9
45633,0,6
45634,5,6
45635,5,6
45636,7,3
45637,2,7
45638,3,2
45639,7,8
45640,0,6
45641,1,1
45642,1,3
45643,0,6
45644,1,3
45645,1,7
45646,5,8
45647,1,8
45648,3,2
45649,7,8
45650,1,1
45651,1,1
45652,1,7
45653,7,8
45654,8,9
45655,7,3
45656,3,3
45657,1,7
45658,7,3
45659,1,1
45660,1,8
45661,9,2
45662,3,2
45663,1,7
45664,0,6
45665,1,1
45666,1,1
45667,7,5
45668,5,6
45669,4,0
45670,2,4
45671,8,9
45672,9,2
45673,7,8
45674,4,4
45675,7,3
45676,4,0
45677,1,1
45678,1,8
45679,7,8
45680,1,7
45681,0,4
45682,4,0
45683,1,1
45684,7,8
45685,2,4
45686,0,6
45687,7,3
45688,4,9
45689,8,9
45690,1,1
45691,1,7
45692,4,8
45693,1,1
45694,2,9
45695,4,0
45696,7,3
45697,1,7
45698,5,2
45699,7,3
45700,8,9
45701,4,0
45702,5,6
45703,1,1
45704,7,3
45705,3,2
45706,1,8
45707,3,3
45708,1,9
45709,2,4
45710,7,8
45711,7,5
45712,7,3
45713,5,6
45714,9,2
45715,4,7
45716,7,5
45717,1,8
45718,2,4
45719,1,9
45720,1,7
45721,3,0
45722,4,0
45723,6,1
45724,2,4
45725,1,2
45726,7,5
45727,3,3
45728,4,0
45729,2,4
45730,1,1
45731,5,5
45732,7,3
45733,5,6
45734,7,3
45735,1,7
45736,7,3
45737,7,8
45738,1,8
45739,6,9
45740,0,4
45741,4,0
45742,5,6
45743,6,1
45744,4,7
45745,3,2
45746,7,8
45747,3,3
45748,4,0
45749,2,4
45750,5,6
45751,2,4
45752,2,4
45753,5,5
45754,1,1
45755,0,6
45756,1,9
45757,5,6
45758,7,3
45759,7,3
45760,3,0
45761,4,4
45762,1,9
45763,3,2
45764,7,3
45765,1,8
45766,4,0
45767,6,1
45768,1,1
45769,4,0
45770,8,5
45771,5,6
45772,1,8
45773,8,4
45774,7,3
45775,2,9
45776,1,7
45777,1,7
45778,2,4
45779,3,2
45780,8,5
45781,3,3
45782,1,1
45783,3,3
45784,1,9
45785,4,9
45786,7,3
45787,2,9
45788,2,4
45789,3,3
45790,6,1
45791,3,3
45792,3,2
45793,2,9
45794,0,4
45795,6,1
45796,1,3
45797,7,5
45798,1,8
45799,3,2
45800,9,9
45801,7,3
45802,1,8
45803,6,1
45804,1,7
45805,0,6
45806,1,7
45807,1,7
45808,7,5
45809,7,3
45810,8,9
45811,4,7
45812,4,0
45813,7,8
45814,1,3
45815,2,4
45816,6,1
45817,4,0
45818,9,2
45819,9,2
45820,6,1
45821,4,4
45822,7,3
45823,4,0
45824,4,9
45825,1,2
45826,5,5
45827,2,4
45828,8,9
45829,4,7
45830,4,0
45831,1,8
45832,1,2
45833,1,0
45834,2,4
45835,2,7
45836,7,3
45837,3,0
45838,9,2
45839,0,6
45840,4,0
45841,2,9
45842,1,8
45843,3,3
45844,4,7
45845,3,2
45846,8,6
45847,2,4
45848,7,3
45849,1,8
45850,7,3
45851,5,6
45852,9,2
45853,4,0
45854,7,3
45855,6,1
45856,5,6
45857,4,0
45858,1,1
45859,7,8
45860,2,4
45861,6,1
45862,7,3
45863,0,6
45864,4,9
45865,2,7
45866,1,8
45867,3,2
45868,1,2
45869,2,9
45870,8,5
45871,2,7
45872,7,5
45873,1,9
45874,1,8
45875,3,5
45876,0,4
45877,7,8
45878,7,3
45879,1,9
45880,1,2
45881,5,6
45882,7,8
45883,7,5
45884,7,8
45885,3,2
45886,7,5
45887,5,6
45888,1,9
45889,3,2
45890,7,5
45891,7,8
45892,4,9
45893,6,1
45894,8,5
45895,2,7
45896,1,8
45897,7,5
45898,7,8
45899,7,5
45900,1,1
45901,6,7
45902,7,3
45903,7,3
45904,9,2
45905,4,0
45906,9,2
45907,6,1
45908,4,0
45909,6,1
45910,5,6
45911,3,3
45912,4,4
45913,7,8
45914,0,6
45915,0,4
45916,0,4
45917,1,9
45918,7,8
45919,7,5
45920,3,2
45921,6,1
45922,1,9
45923,7,8
45924,7,5
45925,8,9
45926,1,1
45927,6,1
45928,0,4
45929,9,2
45930,1,7
45931,6,1
45932,1,2
45933,5,5
45934,5,6
45935,0,6
45936,0,4
45937,1,7
45938,7,8
45939,4,0
45940,3,3
45941,6,1
45942,3,0
45943,9,2
45944,9,9
45945,7,3
45946,7,3
45947,7,5
45948,7,8
45949,0,6
45950,8,4
45951,2,7
45952,4,0
45953,5,0
45954,4,8
45955,6,1
45956,1,8
45957,3,2
45958,9,2
45959,3,3
45960,4,0
45961,6,1
45962,1,1
45963,5,5
45964,9,2
45965,0,6
45966,4,0
45967,4,7
45968,7,8
45969,2,9
45970,7,3
45971,1,8
45972,5,2
45973,1,7
45974,1,1
45975,4,0
45976,7,8
45977,3,2
45978,4,7
45979,7,3
45980,1,9
45981,0,4
45982,0,4
45983,7,3
45984,5,6
45985,1,8
45986,0,6
45987,7,5
45988,1,8
45989,6,1
45990,7,3
45991,7,5
45992,6,7
45993,3,2
45994,1,1
45995,7,3
45996,1,1
45997,4,0
45998,1,2
45999,6,1
46000,1,9
46001,5,2
46002,1,2
46003,0,6
46004,0,4
46005,7,3
46006,1,1
46007,4,0
46008,1,9
46009,4,7
46010,4,0
46011,9,2
46012,1,1
46013,0,6
46014,4,0
46015,6,1
46016,1,7
46017,4,0
46018,7,8
46019,5,5
46020,1,9
46021,4,9
46022,2,4
46023,2,9
46024,0,6
46025,7,8
46026,6,1
46027,3,3
46028,3,2
46029,6,1
46030,2,9
46031,1,7
46032,8,9
46033,2,4
46034,1,8
46035,4,7
46036,3,2
46037,8,4
46038,2,4
46039,4,0
46040,1,1
46041,4,0
46042,2,7
46043,5,6
46044,3,2
46045,5,6
46046,6,1
46047,3,2
46048,2,7
46049,0,6
46050,5,2
46051,3,3
46052,2,4
46053,1,7
46054,4,0
46055,1,7
46056,3,2
46057,8,4
46058,1,1
46059,8,4
46060,7,5
46061,3,3
46062,3,3
46063,4,8
46064,1,9
46065,4,9
46066,8,9
46067,5,6
46068,7,3
46069,4,0
46070,7,3
46071,1,9
46072,3,3
46073,5,5
46074,0,6
46075,3,3
46076,1,7
46077,6,1
46078,1,7
46079,3,3
46080,1,8
46081,1,7
46082,3,2
46083,9,2
46084,2,7
46085,6,1
46086,5,5
46087,2,9
46088,8,6
46089,6,1
46090,4,0
46091,7,5
46092,3,2
46093,6,1
46094,1,2
46095,2,7
46096,5,6
46097,0,4
46098,7,3
46099,1,8
46100,1,9
46101,5,6
46102,8,5
46103,6,1
46104,1,4
46105,3,2
46106,1,7
46107,6,1
46108,8,5
46109,0,6
46110,8,8
46111,7,0
46112,2,4
46113,6,1
46114,4,0
46115,3,2
46116,1,2
46117,7,3
46118,1,8
46119,2,7
46120,0,6
46121,1,8
46122,3,2
46123,2,9
46124,1,4
46125,4,0
46126,7,3
46127,1,1
46128,4,4
46129,3,2
46130,7,3
46131,5,6
46132,1,7
46133,2,7
46134,7,3
46135,7,8
46136,7,3
46137,4,9
46138,7,3
46139,4,0
46140,0,4
46141,6,1
46142,1,1
46143,3,2
46144,4,0
46145,3,3
46146,1,9
46147,2,7
46148,4,9
46149,7,5
46150,2,4
46151,2,7
46152,7,5
46153,2,7
46154,1,8
46155,2,7
46156,4,7
46157,7,3
46158,1,1
46159,6,1
46160,1,7
46161,2,9
46162,3,2
46163,1,2
46164,8,4
46165,6,1
46166,4,0
46167,5,6
46168,4,9
46169,7,5
46170,0,6
46171,2,7
46172,2,4
46173,1,1
46174,1,7
46175,1,8
46176,1,9
46177,0,6
46178,1,1
46179,2,9
46180,7,5
46181,6,1
46182,7,3
46183,4,0
46184,7,3
46185,6,1
46186,5,6
46187,1,3
46188,7,5
46189,0,6
46190,1,7
46191,1,8
46192,4,0
46193,2,9
46194,2,4
46195,7,5
46196,1,1
46197,9,2
46198,5,6
46199,6,1
46200,1,8
46201,2,7
46202,4,7
46203,7,5
46204,6,1
46205,5,6
46206,2,9
46207,5,6
46208,7,3
46209,0,6
46210,1,1
46211,7,3
46212,3,2
46213,6,1
46214,3,2
46215,4,7
46216,1,8
46217,3,2
46218,5,6
46219,3,2
46220,2,4
46221,7,3
46222,1,8
46223,1,8
46224,5,2
46225,6,1
46226,1,8
46227,4,0
46228,7,3
46229,5,6
46230,2,4
46231,1,8
46232,4,4
46233,1,8
46234,2,4
46235,4,0
46236,1,1
46237,1,8
46238,4,9
46239,9,2
46240,1,1
46241,7,3
46242,7,3
46243,4,9
46244,7,5
46245,0,4
46246,1,3
46247,7,3
46248,4,7
46249,2,7
46250,3,2
46251,6,1
46252,1,8
46253,2,7
46254,1,1
46255,4,9
46256,1,1
46257,0,4
46258,7,8
46259,9,2
46260,1,7
46261,4,9
46262,3,2
46263,2,9
46264,1,7
46265,2,7
46266,3,2
46267,6,1
46268,1,1
46269,9,3
46270,1,8
46271,4,9
46272,0,6
46273,4,0
46274,1,7
46275,6,1
46276,1,1
46277,5,2
46278,4,7
46279,7,3
46280,7,3
46281,6,4
46282,2,9
46283,1,7
46284,4,9
46285,1,8
46286,9,2
46287,2,9
46288,9,2
46289,4,0
46290,7,5
46291,6,1
46292,4,0
46293,3,2
46294,4,0
46295,7,3
46296,3,3
46297,1,7
46298,4,9
46299,7,8
46300,7,5
46301,2,9
46302,6,1
46303,4,0
46304,1,1
46305,2,4
46306,7,3
46307,8,5
46308,2,9
46309,5,6
46310,5,6
46311,1,7
46312,7,5
46313,3,8
46314,2,4
46315,1,9
46316,1,9
46317,1,2
46318,4,9
46319,1,2
46320,3,8
46321,1,7
46322,8,5
46323,0,6
46324,4,4
46325,0,4
46326,1,1
46327,1,7
46328,4,0
46329,7,3
46330,1,8
46331,5,5
46332,4,0
46333,2,4
46334,1,1
46335,6,1
46336,8,9
46337,7,8
46338,5,8
46339,4,0
46340,2,7
46341,1,7
46342,1,1
46343,9,2
46344,4,0
46345,1,2
46346,1,8
46347,6,1
46348,3,8
46349,1,7
46350,3,3
46351,1,7
46352,2,4
46353,2,9
46354,1,3
46355,2,9
46356,1,7
46357,2,4
46358,7,5
46359,5,6
46360,1,1
46361,1,7
46362,4,9
46363,1,7
46364,3,2
46365,7,5
46366,7,5
46367,2,4
46368,7,8
46369,7,5
46370,7,3
46371,4,0
46372,6,1
46373,4,9
46374,8,4
46375,4,0
46376,1,7
46377,3,2
46378,7,5
46379,1,3
46380,1,8
46381,7,5
46382,8,6
46383,5,6
46384,0,4
46385,6,1
46386,3,2
46387,7,8
46388,4,4
46389,5,6
46390,0,6
46391,5,0
46392,8,6
46393,5,6
46394,1,2
46395,1,8
46396,1,8
46397,1,8
46398,4,0
46399,1,8
46400,3,2
46401,2,4
46402,2,4
46403,3,3
46404,6,7
46405,7,8
46406,7,3
46407,6,1
46408,3,2
46409,7,3
46410,4,0
46411,5,6
46412,3,0
46413,2,9
46414,9,2
46415,2,4
46416,1,1
46417,6,1
46418,8,5
46419,1,7
46420,5,6
46421,5,6
46422,1,7
46423,1,9
46424,7,3
46425,3,3
46426,2,7
46427,7,3
46428,1,8
46429,1,7
46430,4,0
46431,2,4
46432,5,6
46433,6,1
46434,1,1
46435,8,9
46436,4,0
46437,6,1
46438,4,0
46439,5,0
46440,0,6
46441,5,6
46442,7,3
46443,4,0
46444,1,9
46445,1,1
46446,7,0
46447,5,2
46448,7,5
46449,7,3
46450,1,8
46451,2,4
46452,1,1
46453,7,5
46454,3,3
46455,0,6
46456,4,4
46457,4,7
46458,7,5
46459,4,0
46460,0,4
46461,1,1
46462,2,7
46463,5,2
46464,1,2
46465,3,3
46466,1,7
46467,2,4
46468,1,1
46469,8,5
46470,1,1
46471,0,6
46472,4,4
46473,4,7
46474,2,9
46475,7,8
46476,5,5
46477,8,9
46478,1,8
46479,4,0
46480,1,3
46481,1,1
46482,0,6
46483,3,2
46484,4,0
46485,7,3
46486,3,2
46487,2,4
46488,4,0
46489,7,5
46490,2,9
46491,0,6
46492,4,9
46493,4,7
46494,4,0
46495,7,8
46496,1,1
46497,8,9
46498,1,4
46499,1,1
46500,7,3
46501,2,7
46502,7,8
46503,1,4
46504,1,8
46505,7,8
46506,7,3
46507,1,1
46508,1,8
46509,7,5
46510,1,2
46511,0,6
46512,6,1
46513,8,5
46514,1,7
46515,2,7
46516,7,0
46517,9,2
46518,6,1
46519,7,8
46520,1,1
46521,0,6
46522,7,5
46523,7,3
46524,9,6
46525,7,3
46526,5,6
46527,7,8
46528,1,8
46529,0,6
46530,1,4
46531,7,5
46532,7,3
46533,4,4
46534,7,3
46535,4,0
46536,8,6
46537,1,9
46538,5,6
46539,1,1
46540,5,2
46541,4,7
46542,1,1
46543,9,2
46544,7,5
46545,2,9
46546,3,2
46547,1,1
46548,1,3
46549,3,3
46550,4,4
46551,9,2
46552,1,1
46553,9,2
46554,7,5
46555,7,3
46556,3,2
46557,4,0
46558,0,6
46559,0,6
46560,4,0
46561,2,4
46562,4,0
46563,7,3
46564,2,4
46565,4,7
46566,7,3
46567,0,6
46568,2,4
46569,1,9
46570,3,3
46571,4,0
46572,1,9
46573,7,8
46574,9,2
46575,1,1
46576,8,5
46577,2,4
46578,8,9
46579,4,0
46580,5,6
46581,0,6
46582,4,0
46583,1,1
46584,1,8
46585,9,2
46586,9,2
46587,0,6
46588,7,3
46589,8,9
46590,0,6
46591,9,2
46592,1,3
46593,1,2
46594,5,6
46595,7,3
46596,7,0
46597,7,5
46598,6,1
46599,7,5
46600,3,3
46601,1,1
46602,1,9
46603,4,0
46604,4,0
46605,1,7
46606,9,2
46607,2,7
46608,7,5
46609,2,9
46610,7,5
46611,0,6
46612,8,5
46613,2,4
46614,1,8
46615,4,7
46616,3,8
46617,4,0
46618,2,7
46619,9,2
46620,5,2
46621,3,3
46622,1,4
46623,2,4
46624,2,4
46625,4,0
46626,5,6
46627,4,0
46628,4,0
46629,7,8
46630,1,7
46631,7,8
46632,5,6
46633,7,8
46634,3,3
46635,7,5
46636,2,7
46637,1,1
46638,1,7
46639,7,3
46640,5,5
46641,1,7
46642,1,7
46643,2,4
46644,8,4
46645,4,9
46646,5,6
46647,7,8
46648,1,7
46649,7,8
46650,7,8
46651,8,9
46652,7,3
46653,4,0
46654,4,0
46655,8,9
46656,3,2
46657,7,8
46658,8,8
46659,2,9
46660,2,9
46661,4,0
46662,1,9
46663,9,2
46664,1,1
46665,0,6
46666,5,3
46667,7,5
46668,4,4
46669,0,6
46670,5,6
46671,2,7
46672,1,7
46673,4,7
46674,3,3
46675,5,5
46676,9,6
46677,2,4
46678,5,2
46679,1,1
46680,4,0
46681,7,3
46682,5,6
46683,3,0
46684,5,6
46685,1,1
46686,1,7
46687,9,2
46688,1,7
46689,3,3
46690,3,2
46691,0,4
46692,3,3
46693,8,5
46694,9,2
46695,5,6
46696,1,1
46697,4,7
46698,1,9
46699,1,8
46700,8,5
46701,1,9
46702,7,3
46703,4,0
46704,0,6
46705,1,1
46706,4,9
46707,9,2
46708,9,2
46709,1,3
46710,5,2
46711,4,4
46712,0,4
46713,7,5
46714,5,9
46715,5,6
46716,6,4
46717,4,7
46718,1,1
46719,1,8
46720,7,5
46721,1,9
46722,6,1
46723,3,0
46724,1,7
46725,1,1
46726,1,0
46727,9,2
46728,4,4
46729,7,3
46730,7,8
46731,8,4
46732,0,6
46733,8,5
46734,2,4
46735,5,6
46736,1,3
46737,1,7
46738,7,8
46739,1,8
46740,4,0
46741,1,9
46742,4,9
46743,3,3
46744,1,7
46745,2,4
46746,4,0
46747,1,1
46748,4,0
46749,0,4
46750,5,6
46751,4,0
46752,1,7
46753,1,8
46754,4,4
46755,5,6
46756,7,8
46757,4,4
46758,1,8
46759,7,5
46760,1,2
46761,4,4
46762,2,9
46763,4,0
46764,7,8
46765,4,7
46766,0,4
46767,8,8
46768,7,5
46769,2,7
46770,4,7
46771,1,7
46772,4,0
46773,1,9
46774,8,5
46775,4,0
46776,1,8
46777,2,4
46778,2,9
46779,1,7
46780,1,1
46781,2,4
46782,1,1
46783,9,2
46784,4,9
46785,4,0
46786,2,4
46787,7,5
46788,5,6
46789,1,8
46790,4,4
46791,1,8
46792,1,1
46793,1,8
46794,5,8
46795,2,4
46796,4,0
46797,4,0
46798,9,4
46799,1,7
46800,4,9
46801,1,1
46802,4,9
46803,3,3
46804,8,6
46805,8,5
46806,2,4
46807,3,3
46808,7,5
46809,1,1
46810,4,0
46811,5,6
46812,4,0
46813,8,5
46814,4,9
46815,7,3
46816,1,8
46817,1,8
46818,4,0
46819,1,7
46820,1,7
46821,3,3
46822,4,0
46823,1,1
46824,7,5
46825,5,6
46826,4,0
46827,1,8
46828,8,9
46829,7,5
46830,6,2
46831,4,9
46832,1,7
46833,3,2
46834,7,3
46835,3,2
46836,1,7
46837,4,0
46838,7,3
46839,1,9
46840,1,1
46841,1,2
46842,1,1
46843,2,4
46844,8,6
46845,5,6
46846,4,4
46847,7,5
46848,7,3
46849,9,2
46850,6,1
46851,2,7
46852,9,4
46853,7,3
46854,7,3
46855,1,1
46856,7,3
46857,7,3
46858,1,7
46859,5,6
46860,4,0
46861,5,6
46862,7,5
46863,9,2
46864,7,8
46865,1,1
46866,8,9
46867,9,2
46868,4,0
46869,0,6
46870,4,9
46871,4,0
46872,8,8
46873,2,7
46874,1,7
46875,1,7
46876,7,8
46877,2,4
46878,5,5
46879,1,7
46880,1,1
46881,2,4
46882,7,3
46883,1,8
46884,8,4
46885,1,9
46886,4,4
46887,5,2
46888,1,7
46889,1,9
46890,7,5
46891,7,5
46892,4,0
46893,6,1
46894,2,4
46895,7,5
46896,4,0
46897,7,8
46898,5,6
46899,7,3
46900,1,3
46901,7,5
46902,1,3
46903,5,6
46904,1,8
46905,4,0
46906,1,7
46907,1,9
46908,1,3
46909,2,9
46910,1,2
46911,7,3
46912,3,2
46913,1,1
46914,7,5
46915,1,1
46916,1,1
46917,4,0
46918,7,3
46919,1,1
46920,2,4
46921,3,2
46922,0,4
46923,3,3
46924,7,5
46925,2,4
46926,4,0
46927,1,8
46928,2,7
46929,1,9
46930,1,1
46931,4,0
46932,7,3
46933,1,1
46934,6,1
46935,3,2
46936,1,1
46937,3,3
46938,1,7
46939,0,4
46940,3,2
46941,5,5
46942,1,8
46943,0,6
46944,4,0
46945,1,7
46946,4,9
46947,5,0
46948,8,5
46949,1,1
46950,1,7
46951,3,2
46952,4,0
46953,3,3
46954,6,1
46955,2,4
46956,9,2
46957,1,7
46958,7,9
46959,1,8
46960,4,4
46961,1,9
46962,4,0
46963,5,0
46964,2,7
46965,7,5
46966,6,2
46967,0,6
46968,7,5
46969,1,8
46970,1,9
46971,7,3
46972,2,9
46973,1,9
46974,1,2
46975,4,0
46976,4,4
46977,9,2
46978,3,2
46979,3,3
46980,4,0
46981,3,3
46982,1,8
46983,3,3
46984,1,1
46985,1,9
46986,1,3
46987,2,9
46988,1,8
46989,5,5
46990,7,5
46991,0,6
46992,4,0
46993,0,4
46994,5,6
46995,2,4
46996,7,5
46997,9,2
46998,3,8
46999,5,5
47000,4,0
47001,0,4
47002,0,4
47003,1,7
47004,1,1
47005,5,0
47006,0,6
47007,3,3
47008,7,8
47009,8,9
47010,1,9
47011,0,6
47012,5,2
47013,1,8
47014,0,6
47015,1,7
47016,7,5
47017,1,9
47018,0,6
47019,6,1
47020,7,5
47021,5,5
47022,8,1
47023,3,2
47024,3,2
47025,0,6
47026,0,6
47027,7,3
47028,4,4
47029,2,4
47030,1,8
47031,4,0
47032,5,6
47033,0,4
47034,1,8
47035,1,1
47036,5,2
47037,0,6
47038,3,8
47039,8,5
47040,8,9
47041,6,1
47042,4,0
47043,9,2
47044,4,4
47045,0,6
47046,4,0
47047,0,6
47048,2,9
47049,1,7
47050,1,1
47051,1,8
47052,7,8
47053,1,8
47054,6,1
47055,6,1
47056,9,9
47057,1,8
47058,4,4
47059,3,3
47060,7,5
47061,1,7
47062,1,7
47063,6,1
47064,0,6
47065,3,2
47066,1,8
47067,1,7
47068,1,4
47069,4,0
47070,2,4
47071,1,7
47072,4,0
47073,4,0
47074,7,8
47075,6,1
47076,7,8
47077,5,5
47078,4,0
47079,5,0
47080,7,8
47081,5,5
47082,2,9
47083,9,2
47084,0,6
47085,1,8
47086,9,4
47087,5,0
47088,3,2
47089,6,4
47090,7,3
47091,2,9
47092,4,4
47093,1,8
47094,4,4
47095,3,3
47096,4,0
47097,6,1
47098,5,5
47099,1,8
47100,7,8
47101,9,2
47102,3,2
47103,1,9
47104,8,5
47105,1,9
47106,0,6
47107,7,5
47108,1,1
47109,2,4
47110,1,7
47111,1,8
47112,5,6
47113,9,2
47114,3,2
47115,5,5
47116,1,8
47117,1,7
47118,1,1
47119,1,1
47120,4,9
47121,2,4
47122,7,8
47123,3,3
47124,4,0
47125,1,9
47126,2,9
47127,1,7
47128,8,4
47129,1,1
47130,8,5
47131,9,2
47132,5,2
47133,0,6
47134,4,9
47135,4,0
47136,1,8
47137,1,7
47138,5,5
47139,4,0
47140,5,3
47141,1,1
47142,5,2
47143,3,2
47144,1,8
47145,7,3
47146,7,5
47147,5,6
47148,8,9
47149,1,7
47150,4,0
47151,1,8
47152,1,8
47153,1,1
47154,1,8
47155,3,2
47156,4,0
47157,3,3
47158,1,1
47159,0,4
47160,1,7
47161,1,7
47162,5,6
47163,7,8
47164,3,2
47165,4,9
47166,4,0
47167,4,0
47168,2,7
47169,6,1
47170,1,7
47171,3,2
47172,4,0
47173,1,3
47174,4,0
47175,2,4
47176,7,8
47177,7,5
47178,1,9
47179,0,6
47180,4,7
47181,1,7
47182,1,7
47183,8,8
47184,1,7
47185,8,9
47186,4,0
47187,1,1
47188,7,8
47189,3,2
47190,4,0
47191,5,6
47192,1,3
47193,5,5
47194,6,1
47195,7,3
47196,1,9
47197,4,0
47198,8,4
47199,3,2
47200,1,1
47201,1,8
47202,4,0
47203,2,7
47204,7,5
47205,5,0
47206,1,7
47207,3,3
47208,5,5
47209,0,6
47210,4,4
47211,9,4
47212,7,8
47213,6,1
47214,5,6
47215,2,4
47216,6,1
47217,3,3
47218,1,8
47219,0,6
47220,5,6
47221,1,7
47222,1,1
47223,9,2
47224,1,1
47225,7,3
47226,3,2
47227,1,9
47228,5,2
47229,6,1
47230,3,2
47231,3,2
47232,1,7
47233,1,1
47234,1,1
47235,1,2
47236,1,1
47237,1,9
47238,1,2
47239,0,6
47240,1,4
47241,4,0
47242,9,7
47243,1,1
47244,1,9
47245,7,3
47246,3,2
47247,7,0
47248,2,7
47249,3,2
47250,8,5
47251,5,5
47252,4,4
47253,1,7
47254,3,2
47255,3,2
47256,7,5
47257,8,9
47258,1,2
47259,6,1
47260,9,6
47261,8,9
47262,1,7
47263,4,0
47264,1,9
47265,0,6
47266,1,7
47267,4,0
47268,1,1
47269,5,6
47270,1,2
47271,4,0
47272,6,1
47273,3,2
47274,2,8
47275,3,0
47276,0,4
47277,5,6
47278,7,5
47279,6,1
47280,7,3
47281,7,5
47282,9,4
47283,4,8
47284,7,5
47285,4,4
47286,1,7
47287,3,3
47288,8,6
47289,5,0
47290,3,2
47291,1,1
47292,8,9
47293,0,4
47294,4,0
47295,1,8
47296,8,5
47297,1,8
47298,1,8
47299,2,4
47300,5,6
47301,8,5
47302,3,2
47303,4,7
47304,1,8
47305,7,5
47306,3,2
47307,1,7
47308,8,4
47309,7,8
47310,6,1
47311,7,3
47312,1,8
47313,2,4
47314,7,5
47315,1,8
47316,4,0
47317,1,8
47318,4,4
47319,7,5
47320,7,5
47321,3,2
47322,4,8
47323,8,9
47324,4,0
47325,1,7
47326,8,4
47327,6,1
47328,7,8
47329,7,3
47330,2,4
47331,1,8
47332,1,9
47333,6,1
47334,0,4
47335,4,0
47336,2,4
47337,4,7
47338,1,1
47339,7,5
47340,2,1
47341,2,9
47342,5,2
47343,0,6
47344,5,0
47345,8,9
47346,4,0
47347,0,4
47348,7,5
47349,1,7
47350,1,1
47351,4,7
47352,1,3
47353,1,9
47354,9,2
47355,8,9
47356,7,3
47357,7,5
47358,8,6
47359,1,8
47360,1,1
47361,7,3
47362,1,7
47363,2,4
47364,1,7
47365,2,4
47366,7,5
47367,7,3
47368,4,4
47369,1,2
47370,4,0
47371,4,0
47372,4,0
47373,1,1
47374,2,7
47375,5,2
47376,8,6
47377,1,3
47378,9,2
47379,0,4
47380,7,3
47381,5,5
47382,6,1
47383,0,6
47384,1,1
47385,1,7
47386,4,0
47387,7,8
47388,1,1
47389,4,0
47390,1,9
47391,6,1
47392,1,8
47393,3,2
47394,6,1
47395,3,3
47396,4,0
47397,8,4
47398,1,9
47399,1,7
47400,6,1
47401,1,8
47402,1,7
47403,1,9
47404,5,6
47405,7,0
47406,4,0
47407,6,1
47408,6,2
47409,3,2
47410,2,4
47411,7,3
47412,8,5
47413,8,4
47414,7,5
47415,5,6
47416,1,7
47417,1,7
47418,5,6
47419,4,0
47420,5,8
47421,1,8
47422,4,0
47423,2,7
47424,7,3
47425,1,8
47426,7,3
47427,2,9
47428,7,5
47429,6,1
47430,0,6
47431,0,4
47432,4,6
47433,7,5
47434,1,1
47435,1,1
47436,5,6
47437,0,6
47438,1,8
47439,2,7
47440,1,1
47441,7,3
47442,1,1
47443,5,2
47444,8,5
47445,1,9
47446,1,1
47447,4,0
47448,3,2
47449,7,5
47450,4,6
47451,5,6
47452,4,0
47453,1,7
47454,0,6
47455,3,3
47456,1,9
47457,2,9
47458,8,6
47459,2,9
47460,3,2
47461,7,3
47462,1,8
47463,1,8
47464,1,7
47465,6,1
47466,4,0
47467,3,2
47468,7,5
47469,7,3
47470,4,0
47471,5,5
47472,8,6
47473,5,0
47474,4,6
47475,5,5
47476,4,0
47477,0,4
47478,1,8
47479,9,0
47480,4,0
47481,7,3
47482,4,0
47483,8,4
47484,1,8
47485,2,7
47486,0,6
47487,2,7
47488,4,0
47489,2,9
47490,1,1
47491,8,4
47492,0,6
47493,7,3
47494,7,5
47495,1,7
47496,7,3
47497,0,6
47498,1,8
47499,5,2
47500,2,4
47501,1,1
47502,1,1
47503,1,5
47504,1,7
47505,1,8
47506,1,8
47507,2,4
47508,3,2
47509,5,6
47510,1,3
47511,2,7
47512,1,8
47513,9,0
47514,3,3
47515,5,2
47516,1,1
47517,1,9
47518,4,4
47519,1,3
47520,3,3
47521,8,4
47522,1,2
47523,0,4
47524,5,6
47525,7,8
47526,7,5
47527,6,1
47528,8,5
47529,5,2
47530,9,2
47531,3,2
47532,2,4
47533,7,3
47534,3,2
47535,1,1
47536,1,7
47537,1,7
47538,7,8
47539,1,3
47540,1,9
47541,0,4
47542,1,1
47543,7,5
47544,2,7
47545,6,1
47546,7,8
47547,1,9
47548,7,8
47549,1,8
47550,1,8
47551,6,1
47552,7,0
47553,6,1
47554,7,5
47555,9,0
47556,1,9
47557,3,2
47558,0,4
47559,2,7
47560,4,7
47561,0,6
47562,5,6
47563,7,8
47564,5,6
47565,3,2
47566,2,4
47567,7,8
47568,1,7
47569,0,4
47570,1,7
47571,2,4
47572,7,0
47573,3,2
47574,5,6
47575,3,2
47576,6,1
47577,7,8
47578,9,2
47579,5,0
47580,6,1
47581,5,0
47582,1,8
47583,1,1
47584,5,6
47585,3,2
47586,7,5
47587,5,3
47588,4,9
47589,2,4
47590,1,2
47591,7,5
47592,5,3
47593,5,6
47594,3,3
47595,1,7
47596,1,7
47597,5,8
47598,3,2
47599,5,0
47600,2,7
47601,1,1
47602,3,3
47603,5,2
47604,2,7
47605,3,3
47606,9,4
47607,0,4
47608,0,4
47609,5,5
47610,1,2
47611,0,6
47612,9,2
47613,8,7
47614,1,2
47615,3,8
47616,4,0
47617,1,9
47618,7,3
47619,5,0
47620,7,3
47621,1,1
47622,8,5
47623,3,2
47624,8,5
47625,7,3
47626,4,0
47627,2,4
47628,3,3
47629,5,5
47630,7,5
47631,0,6
47632,7,8
47633,1,7
47634,1,8
47635,3,8
47636,5,6
47637,8,9
47638,1,1
47639,7,0
47640,1,7
47641,7,5
47642,1,1
47643,7,3
47644,1,1
47645,1,9
47646,8,5
47647,4,0
47648,1,8
47649,9,2
47650,3,2
47651,5,3
47652,1,2
47653,7,3
47654,1,3
47655,7,3
47656,1,8
47657,4,9
47658,3,2
47659,2,9
47660,7,8
47661,5,5
47662,4,9
47663,5,6
47664,4,9
47665,2,4
47666,4,7
47667,9,2
47668,1,1
47669,7,3
47670,1,1
47671,4,9
47672,1,1
47673,0,6
47674,9,4
47675,1,8
47676,3,3
47677,1,7
47678,1,3
47679,1,9
47680,8,4
47681,1,1
47682,1,7
47683,7,5
47684,7,3
47685,9,2
47686,3,2
47687,0,6
47688,3,2
47689,7,3
47690,4,0
47691,2,4
47692,1,1
47693,5,0
47694,8,6
47695,2,4
47696,4,0
47697,1,1
47698,1,7
47699,0,6
47700,1,7
47701,2,4
47702,1,1
47703,1,9
47704,4,0
47705,5,6
47706,3,2
47707,5,5
47708,2,4
47709,1,1
47710,3,2
47711,3,2
47712,1,9
47713,0,6
47714,4,0
47715,0,6
47716,4,0
47717,1,7
47718,7,5
47719,8,8
47720,3,3
47721,1,1
47722,4,0
47723,3,8
47724,7,3
47725,3,3
47726,1,8
47727,4,7
47728,1,8
47729,1,1
47730,1,8
47731,3,2
47732,8,4
47733,1,7
47734,1,1
47735,1,1
47736,4,0
47737,5,5
47738,5,6
47739,7,0
47740,4,0
47741,3,5
47742,7,3
47743,9,2
47744,2,4
47745,1,9
47746,7,3
47747,7,8
47748,7,8
47749,7,3
47750,8,4
47751,1,1
47752,4,0
47753,7,8
47754,9,2
47755,4,9
47756,4,0
47757,5,5
47758,6,1
47759,3,2
47760,3,3
47761,0,6
47762,1,9
47763,2,4
47764,8,4
47765,1,8
47766,8,9
47767,9,2
47768,8,5
47769,5,5
47770,1,1
47771,2,4
47772,5,6
47773,1,1
47774,5,6
47775,1,7
47776,6,1
47777,1,1
47778,0,6
47779,2,4
47780,1,2
47781,3,3
47782,3,2
47783,1,9
47784,1,1
47785,1,1
47786,4,0
47787,9,2
47788,1,9
47789,0,6
47790,6,1
47791,5,0
47792,8,6
47793,1,7
47794,0,6
47795,7,3
47796,6,1
47797,4,0
47798,5,6
47799,1,1
47800,1,7
47801,5,2
47802,7,3
47803,3,3
47804,1,2
47805,2,4
47806,1,7
47807,5,6
47808,5,6
47809,2,7
47810,0,6
47811,1,8
47812,4,0
47813,1,9
47814,2,4
47815,7,0
47816,4,0
47817,1,1
47818,7,3
47819,9,2
47820,4,0
47821,3,3
47822,4,0
47823,2,4
47824,5,6
47825,7,5
47826,8,4
47827,5,6
47828,7,5
47829,2,7
47830,1,1
47831,1,8
47832,7,5
47833,2,9
47834,7,3
47835,4,0
47836,1,9
47837,6,1
47838,7,3
47839,9,2
47840,5,6
47841,3,3
47842,3,2
47843,0,4
47844,1,7
47845,7,5
47846,7,5
47847,5,6
47848,8,5
47849,2,7
47850,1,1
47851,1,8
47852,1,7
47853,2,9
47854,8,5
47855,5,0
47856,7,5
47857,1,8
47858,8,5
47859,2,7
47860,4,0
47861,1,8
47862,3,2
47863,1,9
47864,0,6
47865,2,9
47866,7,5
47867,7,0
47868,6,1
47869,6,1
47870,4,9
47871,2,4
47872,3,3
47873,7,5
47874,4,9
47875,1,1
47876,7,3
47877,5,6
47878,1,9
47879,2,7
47880,1,1
47881,7,3
47882,7,8
47883,3,2
47884,0,4
47885,2,9
47886,1,8
47887,7,0
47888,1,8
47889,5,5
47890,5,2
47891,5,6
47892,1,8
47893,2,7
47894,1,9
47895,3,3
47896,1,8
47897,2,9
47898,1,7
47899,2,9
47900,1,2
47901,3,3
47902,4,0
47903,1,8
47904,1,1
47905,6,1
47906,1,7
47907,3,2
47908,1,1
47909,2,9
47910,1,1
47911,0,6
47912,1,2
47913,3,3
47914,3,0
47915,5,5
47916,5,6
47917,5,0
47918,1,9
47919,5,5
47920,7,5
47921,2,4
47922,3,2
47923,4,0
47924,1,2
47925,3,3
47926,2,8
47927,2,4
47928,5,1
47929,2,7
47930,1,3
47931,2,7
47932,0,6
47933,2,9
47934,7,5
47935,6,1
47936,5,8
47937,2,4
47938,7,5
47939,3,3
47940,7,5
47941,2,7
47942,7,8
47943,5,6
47944,8,5
47945,5,2
47946,1,3
47947,6,1
47948,3,8
47949,5,5
47950,7,3
47951,5,5
47952,7,5
47953,5,0
47954,0,6
47955,5,5
47956,3,2
47957,4,0
47958,1,9
47959,1,8
47960,6,1
47961,2,4
47962,5,6
47963,5,6
47964,1,8
47965,3,2
47966,5,2
47967,1,8
47968,8,5
47969,6,1
47970,1,3
47971,3,2
47972,8,5
47973,3,2
47974,8,9
47975,3,3
47976,4,0
47977,1,1
47978,1,7
47979,3,3
47980,0,6
47981,2,4
47982,6,1
47983,5,5
47984,1,2
47985,6,1
47986,1,1
47987,2,9
47988,1,7
47989,1,8
47990,9,2
47991,6,1
47992,1,3
47993,6,1
47994,8,1
47995,5,5
47996,4,4
47997,4,0
47998,1,1
47999,3,2
48000,2,4
48001,2,7
48002,7,8
48003,1,8
48004,5,5
48005,5,6
48006,8,6
48007,7,8
48008,3,2
48009,5,2
48010,4,7
48011,1,8
48012,4,0
48013,2,4
48014,7,3
48015,2,4
48016,7,5
48017,3,2
48018,1,4
48019,3,2
48020,1,4
48021,1,8
48022,6,1
48023,4,0
48024,1,1
48025,5,0
48026,3,0
48027,1,1
48028,1,8
48029,3,2
48030,4,9
48031,3,3
48032,5,6
48033,5,6
48034,9,2
48035,1,7
48036,1,9
48037,3,8
48038,3,3
48039,4,0
48040,6,1
48041,1,1
48042,2,9
48043,5,2
48044,1,1
48045,1,3
48046,8,5
48047,2,4
48048,9,4
48049,7,5
48050,4,7
48051,5,6
48052,5,6
48053,1,7
48054,0,6
48055,1,8
48056,4,4
48057,1,9
48058,8,5
48059,4,0
48060,8,8
48061,1,1
48062,1,8
48063,5,2
48064,7,3
48065,1,3
48066,5,6
48067,2,4
48068,2,4
48069,8,5
48070,1,2
48071,5,6
48072,4,9
48073,1,7
48074,6,1
48075,1,8
48076,1,3
48077,1,9
48078,7,5
48079,1,1
48080,1,7
48081,1,8
48082,5,6
48083,5,6
48084,2,4
48085,1,1
48086,0,6
48087,0,4
48088,7,3
48089,1,9
48090,8,6
48091,1,3
48092,1,8
48093,1,7
48094,7,5
48095,1,7
48096,1,7
48097,1,9
48098,1,7
48099,1,1
48100,1,7
48101,1,8
48102,1,7
48103,1,4
48104,7,8
48105,1,7
48106,1,8
48107,9,2
48108,1,7
48109,9,2
48110,8,8
48111,4,0
48112,1,1
48113,7,5
48114,0,6
48115,1,8
48116,0,6
48117,0,6
48118,9,2
48119,1,1
48120,4,4
48121,5,0
48122,1,7
48123,2,4
48124,1,7
48125,1,7
48126,1,1
48127,1,1
48128,4,0
48129,5,2
48130,1,9
48131,1,1
48132,7,5
48133,5,6
48134,8,5
48135,1,7
48136,4,0
48137,1,3
48138,1,8
48139,1,3
48140,7,8
48141,0,6
48142,4,0
48143,7,5
48144,1,7
48145,5,6
48146,1,7
48147,9,2
48148,2,9
48149,3,8
48150,7,8
48151,1,7
48152,0,6
48153,0,6
48154,1,9
48155,1,8
48156,8,6
48157,1,9
48158,9,2
48159,1,9
48160,1,8
48161,5,5
48162,7,8
48163,1,3
48164,1,3
48165,1,7
48166,1,7
48167,4,0
48168,4,0
48169,5,6
48170,4,7
48171,1,9
48172,4,4
48173,4,0
48174,3,3
48175,1,1
48176,4,0
48177,1,1
48178,6,2
48179,1,3
48180,4,0
48181,3,2
48182,8,9
48183,1,1
48184,6,1
48185,1,0
48186,8,9
48187,5,0
48188,0,6
48189,1,1
48190,1,7
48191,1,2
48192,1,8
48193,7,3
48194,2,4
48195,2,4
48196,4,0
48197,8,5
48198,2,4
48199,5,6
48200,4,0
48201,1,7
48202,2,4
48203,1,8
48204,7,8
48205,1,9
48206,1,8
48207,5,0
48208,2,7
48209,1,1
48210,4,0
48211,5,2
48212,3,2
48213,3,3
48214,7,5
48215,2,4
48216,0,4
48217,8,5
48218,4,0
48219,5,6
48220,3,2
48221,1,7
48222,4,9
48223,1,8
48224,1,9
48225,1,9
48226,1,1
48227,5,0
48228,2,7
48229,1,1
48230,7,5
48231,1,2
48232,1,1
48233,1,3
48234,4,9
48235,2,4
48236,1,1
48237,8,5
48238,5,2
48239,0,6
48240,4,4
48241,4,7
48242,2,7
48243,1,8
48244,4,9
48245,4,9
48246,3,2
48247,1,7
48248,1,2
48249,8,5
48250,1,7
48251,8,5
48252,0,4
48253,1,1
48254,1,1
48255,1,9
48256,1,8
48257,8,9
48258,7,3
48259,1,7
48260,8,5
48261,1,1
48262,5,6
48263,4,0
48264,3,3
48265,1,9
48266,1,1
48267,4,0
48268,4,0
48269,7,5
48270,5,2
48271,4,7
48272,7,9
48273,1,1
48274,4,0
48275,1,7
48276,0,6
48277,5,2
48278,5,6
48279,5,2
48280,3,8
48281,5,3
48282,1,4
48283,5,6
48284,4,0
48285,1,8
48286,4,4
48287,4,0
48288,2,4
48289,1,8
48290,1,9
48291,7,3
48292,6,2
48293,5,2
48294,1,2
48295,4,0
48296,7,8
48297,1,9
48298,1,7
48299,4,0
48300,1,3
48301,0,6
48302,1,3
48303,1,1
48304,2,9
48305,1,7
48306,1,1
48307,7,5
48308,4,7
48309,1,8
48310,4,4
48311,7,3
48312,7,8
48313,0,4
48314,0,4
48315,1,7
48316,4,4
48317,5,6
48318,1,1
48319,0,6
48320,3,2
48321,5,3
48322,4,0
48323,5,2
48324,7,3
48325,7,3
48326,1,1
48327,2,4
48328,5,6
48329,1,8
48330,8,9
48331,1,8
48332,3,2
48333,4,7
48334,5,2
48335,1,1
48336,1,3
48337,4,0
48338,0,6
48339,1,8
48340,0,6
48341,1,7
48342,0,4
48343,8,7
48344,1,9
48345,7,5
48346,8,6
48347,4,9
48348,8,5
48349,5,2
48350,4,0
48351,1,8
48352,7,3
48353,8,5
48354,1,2
48355,5,3
48356,3,2
48357,2,4
48358,7,5
48359,0,6
48360,5,3
48361,1,1
48362,0,6
48363,1,1
48364,4,0
48365,2,4
48366,5,6
48367,8,5
48368,1,1
48369,8,5
48370,8,6
48371,4,0
48372,5,8
48373,2,4
48374,7,5
48375,1,8
48376,2,4
48377,4,7
48378,1,2
48379,0,4
48380,5,6
48381,1,9
48382,5,8
48383,1,2
48384,7,9
48385,1,3
48386,7,3
48387,5,6
48388,4,9
48389,2,4
48390,1,1
48391,5,2
48392,7,3
48393,2,4
48394,7,8
48395,1,1
48396,3,3
48397,5,5
48398,5,6
48399,8,4
48400,7,5
48401,1,2
48402,8,4
48403,4,0
48404,2,7
48405,2,4
48406,1,8
48407,1,8
48408,7,5
48409,5,6
48410,2,4
48411,1,1
48412,5,0
48413,4,9
48414,4,0
48415,3,3
48416,1,7
48417,1,2
48418,4,4
48419,4,0
48420,3,2
48421,5,0
48422,4,7
48423,1,2
48424,7,5
48425,8,5
48426,7,3
48427,5,6
48428,1,8
48429,8,9
48430,0,6
48431,5,3
48432,1,7
48433,5,6
48434,4,0
48435,5,3
48436,2,4
48437,5,6
48438,4,0
48439,4,0
48440,7,5
48441,1,1
48442,2,4
48443,3,2
48444,1,1
48445,3,3
48446,9,2
48447,2,4
48448,8,4
48449,7,5
48450,1,7
48451,5,6
48452,1,7
48453,1,7
48454,1,1
48455,7,8
48456,1,1
48457,4,9
48458,1,1
48459,4,0
48460,6,2
48461,1,1
48462,3,2
48463,9,2
48464,1,1
48465,3,3
48466,0,4
48467,2,4
48468,1,1
48469,5,5
48470,0,4
48471,8,6
48472,7,8
48473,1,7
48474,1,2
48475,3,8
48476,1,2
48477,4,9
48478,9,4
48479,4,0
48480,7,3
48481,1,1
48482,7,3
48483,9,2
48484,4,9
48485,3,3
48486,1,4
48487,2,4
48488,4,0
48489,7,5
48490,1,7
48491,5,6
48492,5,6
48493,0,6
48494,7,8
48495,1,8
48496,4,4
48497,9,2
48498,7,3
48499,7,3
48500,3,3
48501,1,7
48502,5,2
48503,1,8
48504,2,9
48505,5,6
48506,1,2
48507,5,6
48508,2,4
48509,1,8
48510,1,1
48511,4,0
48512,5,5
48513,6,1
48514,2,4
48515,1,7
48516,9,2
48517,6,1
48518,6,1
48519,1,7
48520,2,4
48521,3,3
48522,2,4
48523,4,0
48524,7,9
48525,1,2
48526,4,0
48527,9,2
48528,1,8
48529,3,0
48530,4,9
48531,3,2
48532,4,0
48533,7,5
48534,1,1
48535,2,4
48536,9,2
48537,6,1
48538,0,6
48539,0,6
48540,5,8
48541,7,5
48542,4,0
48543,1,1
48544,1,8
48545,9,2
48546,1,4
48547,3,0
48548,7,9
48549,9,2
48550,3,2
48551,7,3
48552,1,8
48553,2,4
48554,4,0
48555,7,8
48556,1,7
48557,7,3
48558,1,4
48559,1,8
48560,1,8
48561,7,5
48562,4,7
48563,3,3
48564,5,5
48565,0,6
48566,1,9
48567,7,5
48568,5,6
48569,1,9
48570,5,6
48571,7,8
48572,7,5
48573,6,1
48574,4,0
48575,1,7
48576,7,5
48577,1,9
48578,4,0
48579,3,3
48580,4,9
48581,8,4
48582,0,4
48583,6,1
48584,2,9
48585,1,7
48586,7,5
48587,1,3
48588,1,8
48589,1,9
48590,0,6
48591,5,6
48592,1,1
48593,1,7
48594,4,6
48595,2,4
48596,2,4
48597,1,9
48598,3,2
48599,1,3
48600,1,1
48601,5,0
48602,4,0
48603,8,9
48604,4,0
48605,0,6
48606,8,5
48607,5,0
48608,9,4
48609,0,6
48610,1,7
48611,1,1
48612,4,0
48613,1,0
48614,1,7
48615,7,5
48616,2,9
48617,7,8
48618,1,9
48619,1,7
48620,0,6
48621,3,2
48622,1,7
48623,7,5
48624,9,2
48625,6,1
48626,3,3
48627,7,0
48628,7,3
48629,6,1
48630,5,6
48631,4,0
48632,5,6
48633,1,9
48634,1,9
48635,2,4
48636,5,6
48637,7,5
48638,9,0
48639,1,7
48640,5,2
48641,4,0
48642,7,3
48643,5,2
48644,7,5
48645,6,1
48646,1,4
48647,1,9
48648,4,7
48649,8,6
48650,1,1
48651,1,7
48652,1,8
48653,2,4
48654,4,9
48655,1,8
48656,5,6
48657,1,8
48658,1,8
48659,5,5
48660,4,4
48661,4,0
48662,7,3
48663,1,1
48664,1,1
48665,1,2
48666,7,3
48667,7,3
48668,3,8
48669,2,4
48670,4,0
48671,7,5
48672,2,7
48673,0,6
48674,1,2
48675,1,7
48676,4,0
48677,4,0
48678,2,7
48679,1,1
48680,7,5
48681,3,2
48682,7,3
48683,7,3
48684,4,8
48685,4,4
48686,9,2
48687,5,5
48688,8,8
48689,0,6
48690,0,4
48691,1,7
48692,8,6
48693,1,8
48694,2,7
48695,5,0
48696,1,2
48697,1,1
48698,9,2
48699,1,2
48700,3,3
48701,7,3
48702,3,3
48703,4,4
48704,1,8
48705,5,5
48706,0,6
48707,5,6
48708,8,9
48709,1,7
48710,4,4
48711,1,8
48712,1,7
48713,1,9
48714,5,6
48715,5,0
48716,4,0
48717,1,7
48718,2,9
48719,5,0
48720,6,1
48721,1,7
48722,7,3
48723,8,8
48724,2,7
48725,3,3
48726,7,8
48727,4,0
48728,2,4
48729,4,0
48730,0,4
48731,5,5
48732,3,3
48733,7,5
48734,7,8
48735,7,3
48736,1,7
48737,1,8
48738,9,2
48739,7,8
48740,0,6
48741,1,1
48742,4,0
48743,1,8
48744,0,6
48745,4,4
48746,3,3
48747,8,9
48748,3,2
48749,5,6
48750,2,9
48751,6,1
48752,7,8
48753,8,8
48754,2,4
48755,4,0
48756,1,8
48757,1,2
48758,1,9
48759,1,7
48760,5,6
48761,7,3
48762,6,7
48763,2,4
48764,2,4
48765,6,1
48766,4,9
48767,1,2
48768,1,7
48769,7,5
48770,3,3
48771,4,9
48772,8,6
48773,1,8
48774,7,5
48775,4,9
48776,0,6
48777,7,5
48778,5,6
48779,2,4
48780,4,0
48781,7,3
48782,4,4
48783,7,3
48784,6,2
48785,4,4
48786,1,4
48787,1,7
48788,1,3
48789,4,9
48790,4,0
48791,4,0
48792,5,6
48793,1,1
48794,7,3
48795,8,9
48796,1,8
48797,1,1
48798,1,3
48799,1,2
48800,8,5
48801,1,7
48802,4,9
48803,4,9
48804,1,9
48805,1,1
48806,3,3
48807,4,0
48808,4,0
48809,0,6
48810,8,6
48811,1,2
48812,8,5
48813,0,4
48814,5,5
48815,4,0
48816,2,9
48817,7,3
48818,1,9
48819,0,4
48820,5,2
48821,0,6
48822,3,2
48823,0,6
48824,1,8
48825,5,5
48826,7,5
48827,0,6
48828,8,8
48829,1,7
48830,4,0
48831,1,1
48832,4,7
48833,4,4
48834,4,0
48835,4,4
48836,4,9
48837,1,2
48838,5,5
48839,5,6
48840,2,4
48841,1,2
48842,1,8
48843,4,9
48844,1,1
48845,1,1
48846,8,4
48847,7,5
48848,6,1
48849,7,3
48850,7,5
48851,1,1
48852,6,7
48853,2,4
48854,8,4
48855,7,8
48856,7,5
48857,0,6
48858,5,6
48859,1,3
48860,1,1
48861,1,7
48862,1,1
48863,4,0
48864,5,6
48865,5,5
48866,1,7
48867,0,6
48868,7,3
48869,1,7
48870,0,4
48871,1,1
48872,7,5
48873,7,3
48874,1,7
48875,7,8
48876,2,4
48877,9,2
48878,4,7
48879,5,6
48880,4,4
48881,3,2
48882,2,9
48883,0,6
48884,5,2
48885,4,4
48886,0,6
48887,1,2
48888,4,9
48889,1,7
48890,0,4
48891,1,8
48892,8,4
48893,1,7
48894,4,9
48895,4,0
48896,1,1
48897,6,1
48898,9,2
48899,1,2
48900,1,1
48901,7,3
48902,1,1
48903,2,4
48904,7,3
48905,8,5
48906,7,8
48907,0,6
48908,1,1
48909,1,7
48910,4,7
48911,7,0
48912,1,2
48913,6,1
48914,1,7
48915,3,2
48916,1,1
48917,7,3
48918,8,6
48919,2,4
48920,4,0
48921,8,5
48922,1,3
48923,1,7
48924,8,9
48925,1,8
48926,3,2
48927,1,9
48928,4,4
48929,7,0
48930,7,3
48931,6,1
48932,7,3
48933,3,2
48934,3,2
48935,1,3
48936,0,4
48937,2,4
48938,4,9
48939,8,5
48940,1,9
48941,0,6
48942,2,4
48943,6,1
48944,1,7
48945,0,6
48946,9,2
48947,4,0
48948,9,7
48949,6,1
48950,5,5
48951,3,2
48952,1,7
48953,6,4
48954,3,2
48955,1,7
48956,1,1
48957,2,4
48958,5,6
48959,6,4
48960,4,0
48961,2,4
48962,2,4
48963,4,0
48964,4,9
48965,7,3
48966,2,5
48967,1,8
48968,4,9
48969,1,7
48970,4,4
48971,6,5
48972,0,4
48973,3,8
48974,3,3
48975,1,2
48976,1,7
48977,6,1
48978,7,3
48979,1,7
48980,1,9
48981,7,3
48982,3,2
48983,8,5
48984,4,4
48985,8,5
48986,3,2
48987,1,9
48988,4,7
48989,6,1
48990,8,4
48991,1,2
48992,1,7
48993,6,1
48994,8,6
48995,7,3
48996,4,9
48997,3,8
48998,7,3
48999,0,6
49000,2,4
49001,2,4
49002,2,1
49003,2,9
49004,8,6
49005,2,4
49006,7,3
49007,1,9
49008,1,1
49009,1,2
49010,1,9
49011,4,0
49012,6,7
49013,4,0
49014,1,0
49015,2,4
49016,7,8
49017,6,4
49018,1,3
49019,8,6
49020,3,3
49021,1,2
49022,8,6
49023,7,5
49024,2,7
49025,8,5
49026,5,6
49027,7,0
49028,3,2
49029,3,2
49030,1,9
49031,0,6
49032,7,5
49033,3,8
49034,1,2
49035,6,1
49036,0,6
49037,6,1
49038,7,5
49039,6,9
49040,8,5
49041,5,2
49042,1,1
49043,0,6
49044,1,8
49045,1,7
49046,1,8
49047,0,6
49048,5,5
49049,0,6
49050,4,4
49051,1,8
49052,1,8
49053,1,7
49054,3,3
49055,5,3
49056,6,7
49057,3,3
49058,4,7
49059,4,0
49060,5,6
49061,8,5
49062,8,5
49063,1,7
49064,5,8
49065,4,0
49066,4,6
49067,5,2
49068,1,1
49069,1,7
49070,1,2
49071,1,7
49072,4,4
49073,7,8
49074,1,2
49075,4,0
49076,6,1
49077,3,3
49078,8,4
49079,8,5
49080,7,3
49081,7,3
49082,1,3
49083,0,6
49084,5,6
49085,4,0
49086,4,0
49087,6,1
49088,1,8
49089,9,2
49090,3,2
49091,3,3
49092,0,4
49093,1,7
49094,8,5
49095,1,8
49096,1,9
49097,4,0
49098,1,2
49099,6,1
49100,7,5
49101,3,2
49102,2,4
49103,3,3
49104,5,6
49105,4,4
49106,1,2
49107,5,5
49108,7,3
49109,5,6
49110,4,0
49111,4,0
49112,2,9
49113,6,1
49114,7,8
49115,9,2
49116,1,7
49117,7,3
49118,1,1
49119,1,7
49120,4,7
49121,2,9
49122,7,3
49123,1,1
49124,4,0
49125,2,7
49126,1,8
49127,4,4
49128,4,9
49129,1,8
49130,9,9
49131,6,1
49132,8,5
49133,5,6
49134,6,1
49135,3,3
49136,1,7
49137,3,3
49138,4,4
49139,0,6
49140,8,5
49141,5,5
49142,7,3
49143,2,9
49144,0,4
49145,6,1
49146,0,4
49147,3,3
49148,1,2
49149,3,3
49150,4,0
49151,4,0
49152,7,5
49153,5,6
49154,1,1
49155,0,4
49156,5,3
49157,3,3
49158,1,2
49159,1,7
49160,5,2
49161,5,6
49162,2,4
49163,2,9
49164,5,2
49165,1,8
49166,7,3
49167,6,1
49168,3,2
49169,2,4
49170,7,8
49171,4,0
49172,8,4
49173,5,6
49174,1,7
49175,5,6
49176,7,8
49177,2,9
49178,5,6
49179,9,2
49180,4,7
49181,9,2
49182,4,9
49183,3,3
49184,1,7
49185,4,0
49186,6,1
49187,1,7
49188,5,3
49189,3,2
49190,7,5
49191,9,2
49192,1,2
49193,3,3
49194,1,1
49195,8,4
49196,4,4
49197,4,0
49198,6,1
49199,4,0
49200,9,0
49201,1,8
49202,5,5
49203,5,5
49204,4,9
49205,6,1
49206,2,4
49207,3,3
49208,4,0
49209,2,7
49210,1,1
49211,0,4
49212,1,7
49213,2,9
49214,4,0
49215,1,8
49216,5,6
49217,1,8
49218,4,0
49219,1,9
49220,4,0
49221,4,0
49222,7,3
49223,2,9
49224,4,0
49225,1,8
49226,7,9
49227,8,9
49228,7,3
49229,1,0
49230,1,3
49231,9,2
49232,1,1
49233,0,6
49234,7,3
49235,2,7
49236,8,5
49237,2,4
49238,7,8
49239,2,7
49240,1,7
49241,5,5
49242,2,7
49243,3,0
49244,7,0
49245,1,1
49246,6,1
49247,3,2
49248,3,2
49249,3,3
49250,1,8
49251,4,4
49252,8,6
49253,7,5
49254,3,3
49255,0,6
49256,4,4
49257,1,7
49258,5,6
49259,1,8
49260,1,1
49261,4,9
49262,8,9
49263,4,0
49264,1,2
49265,1,1
49266,1,8
49267,3,2
49268,4,0
49269,3,3
49270,8,5
49271,4,4
49272,8,9
49273,7,5
49274,2,4
49275,5,6
49276,7,8
49277,1,7
49278,4,0
49279,1,8
49280,4,0
49281,3,0
49282,6,2
49283,6,1
49284,1,1
49285,3,2
49286,3,3
49287,3,3
49288,3,3
49289,4,4
49290,8,8
49291,7,5
49292,1,1
49293,5,6
49294,7,3
49295,1,8
49296,5,6
49297,7,3
49298,2,9
49299,4,4
49300,7,3
49301,1,7
49302,7,8
49303,1,8
49304,4,0
49305,0,6
49306,4,0
49307,3,3
49308,6,1
49309,2,4
49310,4,0
49311,3,0
49312,7,3
49313,2,9
49314,1,2
49315,1,7
49316,7,5
49317,6,1
49318,7,3
49319,8,9
49320,2,7
49321,3,3
49322,4,0
49323,1,8
49324,7,3
49325,2,4
49326,1,1
49327,1,7
49328,0,6
49329,3,3
49330,1,7
49331,4,0
49332,7,8
49333,1,9
49334,7,5
49335,4,9
49336,4,0
49337,0,6
49338,6,1
49339,6,1
49340,3,2
49341,2,4
49342,4,0
49343,8,5
49344,5,6
49345,2,4
49346,5,6
49347,0,6
49348,8,5
49349,9,2
49350,3,3
49351,4,0
49352,8,5
49353,5,6
49354,7,0
49355,6,1
49356,1,7
49357,1,1
49358,1,9
49359,1,1
49360,7,5
49361,1,7
49362,8,1
49363,9,2
49364,4,7
49365,1,7
49366,1,8
49367,7,5
49368,1,1
49369,9,2
49370,4,0
49371,4,9
49372,1,7
49373,4,4
49374,4,0
49375,8,5
49376,7,3
49377,1,8
49378,7,3
49379,2,4
49380,1,1
49381,9,2
49382,2,4
49383,1,9
49384,1,1
49385,1,7
49386,2,9
49387,4,0
49388,2,9
49389,4,0
49390,1,3
49391,1,7
49392,6,1
49393,7,5
49394,4,0
49395,6,1
49396,5,6
49397,6,1
49398,8,4
49399,1,7
49400,1,8
49401,0,6
49402,7,5
49403,5,6
49404,7,3
49405,0,6
49406,1,3
49407,1,8
49408,9,2
49409,9,2
49410,7,3
49411,3,2
49412,6,7
49413,1,7
49414,1,8
49415,1,7
49416,1,2
49417,2,4
49418,0,6
49419,5,0
49420,6,1
49421,9,2
49422,1,8
49423,2,4
49424,7,5
49425,5,2
49426,8,6
49427,7,5
49428,7,5
49429,4,0
49430,3,2
49431,7,3
49432,4,9
49433,3,3
49434,9,2
49435,3,3
49436,8,6
49437,1,1
49438,2,8
49439,1,8
49440,1,1
49441,6,1
49442,1,9
49443,4,0
49444,1,7
49445,7,5
49446,3,3
49447,4,9
49448,5,6
49449,0,6
49450,7,3
49451,1,9
49452,3,2
49453,1,8
49454,3,2
49455,7,5
49456,5,6
49457,1,8
49458,2,7
49459,4,0
49460,7,5
49461,3,3
49462,4,9
49463,4,0
49464,1,9
49465,7,8
49466,8,9
49467,3,3
49468,2,9
49469,2,9
49470,7,5
49471,5,0
49472,1,7
49473,6,1
49474,1,2
49475,5,2
49476,8,5
49477,7,3
49478,0,6
49479,0,4
49480,2,4
49481,5,5
49482,1,1
49483,0,6
49484,5,6
49485,1,7
49486,9,2
49487,1,8
49488,1,1
49489,1,9
49490,7,5
49491,2,7
49492,8,9
49493,1,8
49494,7,3
49495,1,9
49496,1,8
49497,5,0
49498,3,2
49499,6,1
49500,4,0
49501,0,4
49502,1,8
49503,5,5
49504,1,1
49505,5,6
49506,4,9
49507,1,7
49508,7,5
49509,1,8
49510,5,6
49511,1,9
49512,1,1
49513,2,4
49514,2,4
49515,5,2
49516,1,7
49517,8,6
49518,4,0
49519,6,1
49520,7,5
49521,6,1
49522,1,8
49523,1,7
49524,1,6
49525,9,8
49526,8,6
49527,5,5
49528,4,0
49529,3,3
49530,4,0
49531,1,7
49532,8,8
49533,5,0
49534,8,1
49535,4,0
49536,8,5
49537,3,2
49538,1,1
49539,0,6
49540,1,7
49541,2,9
49542,2,4
49543,1,8
49544,4,9
49545,1,8
49546,2,4
49547,1,9
49548,8,8
49549,2,9
49550,5,6
49551,1,7
49552,4,4
49553,1,7
49554,1,7
49555,9,2
49556,1,3
49557,6,1
49558,7,5
49559,6,1
49560,3,3
49561,7,0
49562,4,9
49563,1,8
49564,1,9
49565,1,9
49566,7,3
49567,3,2
49568,7,5
49569,6,1
49570,7,3
49571,1,7
49572,7,8
49573,0,2
49574,4,9
49575,7,0
49576,5,0
49577,0,6
49578,1,8
49579,1,8
49580,3,2
49581,5,5
49582,3,2
49583,5,0
49584,1,7
49585,3,3
49586,3,3
49587,6,4
49588,1,1
49589,3,3
49590,1,7
49591,2,9
49592,6,1
49593,0,6
49594,4,0
49595,5,0
49596,4,0
49597,5,6
49598,1,2
49599,6,9
49600,1,1
49601,4,0
49602,7,3
49603,6,1
49604,7,5
49605,1,2
49606,1,1
49607,5,3
49608,2,9
49609,2,4
49610,1,1
49611,7,5
49612,1,1
49613,0,6
49614,5,2
49615,2,7
49616,7,7
49617,1,8
49618,7,8
49619,2,9
49620,1,8
49621,4,0
49622,4,0
49623,6,1
49624,5,6
49625,1,2
49626,8,6
49627,7,3
49628,1,1
49629,0,4
49630,7,8
49631,5,5
49632,7,5
49633,5,6
49634,2,8
49635,2,7
49636,7,5
49637,1,8
49638,3,3
49639,4,0
49640,8,9
49641,1,1
49642,3,2
49643,3,2
49644,2,7
49645,7,3
49646,1,4
49647,2,4
49648,7,3
49649,7,5
49650,7,3
49651,5,6
49652,8,5
49653,1,9
49654,1,3
49655,7,5
49656,7,9
49657,7,0
49658,8,5
49659,0,6
49660,7,8
49661,1,8
49662,1,7
49663,2,9
49664,1,1
49665,2,4
49666,1,7
49667,6,1
49668,7,5
49669,2,9
49670,1,3
49671,7,5
49672,7,5
49673,3,3
49674,1,2
49675,4,0
49676,2,4
49677,1,8
49678,1,3
49679,1,9
49680,1,1
49681,6,1
49682,7,5
49683,2,4
49684,7,5
49685,4,0
49686,7,5
49687,7,5
49688,0,4
49689,7,5
49690,1,9
49691,2,7
49692,2,4
49693,5,6
49694,1,7
49695,7,0
49696,4,9
49697,6,1
49698,1,7
49699,5,6
49700,0,4
49701,1,8
49702,1,2
49703,2,9
49704,1,8
49705,7,5
49706,1,1
49707,2,4
49708,7,5
49709,2,7
49710,4,9
49711,5,6
49712,8,4
49713,1,0
49714,1,9
49715,1,8
49716,4,0
49717,1,1
49718,4,6
49719,2,7
49720,4,0
49721,2,7
49722,8,4
49723,6,1
49724,1,8
49725,7,3
49726,7,5
49727,3,2
49728,7,5
49729,3,3
49730,1,9
49731,6,1
49732,3,3
49733,1,4
49734,4,9
49735,3,2
49736,2,7
49737,4,0
49738,1,7
49739,5,0
49740,4,9
49741,2,4
49742,2,7
49743,0,6
49744,1,8
49745,2,4
49746,1,3
49747,2,9
49748,7,3
49749,7,3
49750,4,0
49751,1,8
49752,1,9
49753,2,4
49754,2,4
49755,2,7
49756,1,8
49757,5,2
49758,1,7
49759,7,5
49760,7,5
49761,5,6
49762,1,2
49763,7,3
49764,2,9
49765,5,6
49766,1,8
49767,2,9
49768,6,1
49769,5,6
49770,4,0
49771,7,3
49772,0,6
49773,3,2
49774,4,0
49775,3,2
49776,3,2
49777,6,4
49778,5,2
49779,5,6
49780,4,0
49781,5,2
49782,3,2
49783,7,5
49784,7,5
49785,7,5
49786,1,1
49787,1,1
49788,7,5
49789,7,3
49790,9,2
49791,7,3
49792,9,2
49793,1,9
49794,7,5
49795,3,2
49796,8,1
49797,7,5
49798,1,9
49799,2,7
49800,7,0
49801,1,9
49802,5,6
49803,1,8
49804,7,8
49805,3,2
49806,1,7
49807,6,1
49808,1,8
49809,5,3
49810,7,3
49811,6,1
49812,1,7
49813,3,3
49814,7,3
49815,4,0
49816,5,6
49817,1,1
49818,1,7
49819,1,2
49820,7,5
49821,3,3
49822,7,8
49823,2,4
49824,5,8
49825,7,5
49826,3,3
49827,0,6
49828,5,6
49829,1,7
49830,7,8
49831,7,8
49832,1,1
49833,4,9
49834,9,2
49835,4,0
49836,1,9
49837,1,1
49838,5,6
49839,1,2
49840,1,1
49841,5,3
49842,7,5
49843,2,4
49844,2,9
49845,7,5
49846,6,7
49847,0,6
49848,4,0
49849,4,7
49850,4,4
49851,1,8
49852,6,1
49853,4,0
49854,2,9
49855,1,1
49856,3,2
49857,1,2
49858,0,4
49859,5,3
49860,1,1
49861,0,4
49862,1,7
49863,7,5
49864,7,3
49865,0,6
49866,2,7
49867,4,7
49868,7,3
49869,7,8
49870,4,9
49871,4,9
49872,4,0
49873,9,2
49874,2,4
49875,9,2
49876,1,1
49877,4,7
49878,1,1
49879,0,6
49880,4,9
49881,2,4
49882,7,3
49883,4,0
49884,1,1
49885,7,5
49886,0,6
49887,1,8
49888,1,1
49889,4,0
49890,5,5
49891,4,7
49892,7,5
49893,5,3
49894,4,0
49895,7,5
49896,3,3
49897,2,4
49898,4,9
49899,1,1
49900,5,6
49901,1,8
49902,1,1
49903,4,0
49904,8,9
49905,7,5
49906,1,7
49907,9,2
49908,3,2
49909,1,7
49910,8,6
49911,9,2
49912,7,3
49913,1,3
49914,3,2
49915,0,6
49916,3,2
49917,9,2
49918,1,7
49919,1,1
49920,2,4
49921,4,7
49922,7,5
49923,4,7
49924,5,0
49925,1,9
49926,1,3
49927,6,1
49928,4,5
49929,3,2
49930,5,6
49931,0,6
49932,1,1
49933,4,7
49934,4,4
49935,7,5
49936,3,2
49937,2,4
49938,7,3
49939,4,0
49940,2,4
49941,1,1
49942,9,4
49943,1,1
49944,1,9
49945,1,9
49946,7,3
49947,1,8
49948,3,3
49949,4,0
49950,7,5
49951,3,2
49952,4,0
49953,4,0
49954,4,0
49955,1,3
49956,1,9
49957,7,5
49958,4,7
49959,0,6
49960,0,6
49961,1,1
49962,5,2
49963,1,8
49964,1,1
49965,0,6
49966,7,3
49967,2,4
49968,1,3
49969,0,6
49970,5,6
49971,3,0
49972,6,1
49973,1,9
49974,4,0
49975,1,2
49976,1,2
49977,0,6
49978,1,7
49979,2,4
49980,1,7
49981,3,3
49982,2,4
49983,4,9
49984,4,9
49985,5,3
49986,1,7
49987,1,0
49988,1,9
49989,4,0
49990,1,8
49991,5,5
49992,8,5
49993,1,2
49994,4,4
49995,7,5
49996,4,0
49997,1,8
49998,2,4
49999,7,8
50000,1,3
50001,1,8
50002,0,6
50003,4,9
50004,5,6
50005,2,4
50006,8,5
50007,7,3
50008,1,8
50009,2,4
50010,8,5
50011,9,2
50012,3,3
50013,1,8
50014,2,4
50015,1,8
50016,1,1
50017,7,5
50018,4,0
50019,7,5
50020,1,9
50021,2,7
50022,8,4
50023,1,1
50024,5,0
50025,1,3
50026,4,0
50027,0,6
50028,3,2
50029,4,9
50030,1,9
50031,2,4
50032,6,1
50033,7,3
50034,5,6
50035,1,8
50036,4,0
50037,4,7
50038,1,7
50039,0,6
50040,3,8
50041,4,9
50042,4,0
50043,7,3
50044,1,8
50045,7,3
50046,1,7
50047,4,7
50048,7,8
50049,0,4
50050,2,4
50051,1,1
50052,3,2
50053,4,9
50054,5,8
50055,1,1
50056,1,1
50057,4,0
50058,8,6
50059,5,6
50060,8,5
50061,4,0
50062,1,1
50063,1,1
50064,1,7
50065,1,2
50066,1,7
50067,1,3
50068,1,1
50069,2,4
50070,4,0
50071,7,5
50072,4,0
50073,5,6
50074,1,8
50075,1,7
50076,5,6
50077,1,8
50078,1,9
50079,8,9
50080,4,4
50081,4,0
50082,5,6
50083,1,1
50084,4,9
50085,1,2
50086,5,6
50087,1,3
50088,1,9
50089,9,4
50090,1,4
50091,5,5
50092,5,6
50093,5,6
50094,1,1
50095,1,7
50096,5,2
50097,1,8
50098,0,6
50099,1,9
50100,1,7
50101,4,0
50102,1,9
50103,1,1
50104,5,6
50105,3,2
50106,1,8
50107,3,3
50108,0,6
50109,2,4
50110,1,9
50111,7,5
50112,1,8
50113,0,6
50114,1,8
50115,1,7
50116,7,8
50117,1,8
50118,5,6
50119,8,9
50120,1,1
50121,1,7
50122,0,6
50123,4,0
50124,8,9
50125,5,6
50126,4,7
50127,4,0
50128,1,9
50129,1,7
50130,1,1
50131,3,3
50132,8,6
50133,7,8
50134,2,4
50135,5,6
50136,6,1
50137,1,7
50138,8,5
50139,1,1
50140,7,3
50141,1,3
50142,5,5
50143,1,7
50144,2,9
50145,8,9
50146,5,6
50147,1,7
50148,3,3
50149,9,4
50150,1,1
50151,4,0
50152,4,4
50153,3,2
50154,4,4
50155,7,5
50156,7,0
50157,4,0
50158,6,1
50159,5,6
50160,0,6
50161,4,4
50162,6,7
50163,2,9
50164,4,4
50165,0,6
50166,7,5
50167,3,2
50168,5,6
50169,2,9
50170,1,8
50171,1,8
50172,1,8
50173,7,5
50174,1,9
50175,7,3
50176,7,8
50177,8,9
50178,1,8
50179,1,8
50180,2,8
50181,3,3
50182,4,4
50183,2,4
50184,7,3
50185,4,0
50186,1,9
50187,7,5
50188,4,4
50189,8,4
50190,1,1
50191,1,8
50192,4,0
50193,5,6
50194,1,1
50195,1,3
50196,1,2
50197,4,0
50198,7,8
50199,0,6
50200,4,0
50201,3,3
50202,7,5
50203,0,4
50204,2,9
50205,4,0
50206,7,3
50207,1,1
50208,4,0
50209,1,9
50210,3,3
50211,3,2
50212,7,3
50213,7,3
50214,7,3
50215,1,7
50216,0,4
50217,8,9
50218,3,2
50219,6,1
50220,0,6
50221,5,2
50222,1,1
50223,8,5
50224,1,7
50225,1,1
50226,2,9
50227,1,7
50228,4,9
50229,1,2
50230,5,2
50231,1,8
50232,1,1
50233,8,7
50234,1,7
50235,4,0
50236,1,0
50237,1,1
50238,7,8
50239,5,9
50240,7,0
50241,0,6
50242,0,6
50243,2,4
50244,1,7
50245,2,9
50246,1,8
50247,1,2
50248,4,9
50249,1,1
50250,7,5
50251,3,2
50252,7,5
50253,3,3
50254,2,7
50255,1,7
50256,4,0
50257,4,0
50258,7,8
50259,3,2
50260,7,3
50261,6,1
50262,1,3
50263,7,5
50264,1,1
50265,7,3
50266,0,6
50267,0,4
50268,1,8
50269,1,7
50270,5,6
50271,3,2
50272,7,8
50273,1,1
50274,7,8
50275,5,6
50276,0,6
50277,7,8
50278,1,7
50279,7,5
50280,0,6
50281,4,0
50282,4,4
50283,1,8
50284,2,4
50285,2,9
50286,3,3
50287,3,2
50288,7,3
50289,5,6
50290,3,2
50291,4,0
50292,1,1
50293,1,1
50294,5,6
50295,9,2
50296,7,5
50297,7,3
50298,4,0
50299,2,4
50300,7,3
50301,7,5
50302,1,8
50303,5,6
50304,4,9
50305,1,7
50306,7,8
50307,9,8
50308,7,3
50309,8,9
50310,4,0
50311,5,0
50312,1,3
50313,1,1
50314,2,4
50315,9,2
50316,8,5
50317,7,3
50318,2,9
50319,4,4
50320,7,5
50321,7,5
50322,7,5
50323,5,6
50324,4,0
50325,1,7
50326,1,1
50327,6,8
50328,4,0
50329,1,9
50330,3,3
50331,4,0
50332,8,5
50333,6,1
50334,5,2
50335,9,2
50336,7,3
50337,7,3
50338,6,1
50339,2,4
50340,1,3
50341,7,5
50342,7,8
50343,5,6
50344,4,0
50345,1,7
50346,1,8
50347,6,8
50348,9,2
50349,1,9
50350,6,1
50351,4,7
50352,7,5
50353,4,0
50354,4,0
50355,1,6
50356,1,1
50357,4,0
50358,4,9
50359,6,7
50360,1,7
50361,7,3
50362,1,1
50363,1,8
50364,1,3
50365,2,7
50366,8,5
50367,1,1
50368,9,2
50369,4,3
50370,1,7
50371,4,7
50372,3,3
50373,2,9
50374,7,3
50375,2,7
50376,4,7
50377,2,4
50378,7,3
50379,4,0
50380,1,7
50381,3,2
50382,1,7
50383,7,5
50384,4,9
50385,3,0
50386,1,9
50387,5,6
50388,4,4
50389,0,4
50390,3,0
50391,8,9
50392,1,7
50393,6,8
50394,1,8
50395,7,5
50396,5,1
50397,1,1
50398,7,5
50399,5,5
50400,6,1
50401,3,3
50402,4,6
50403,7,3
50404,1,1
50405,2,4
50406,5,5
50407,4,0
50408,8,9
50409,7,5
50410,5,8
50411,2,4
50412,7,3
50413,8,8
50414,7,9
50415,5,6
50416,4,4
50417,1,3
50418,4,6
50419,2,4
50420,7,5
50421,8,8
50422,7,5
50423,4,0
50424,1,0
50425,5,6
50426,6,7
50427,2,4
50428,4,6
50429,6,8
50430,7,5
50431,1,3
50432,4,4
50433,2,4
50434,4,0
50435,4,0
50436,8,9
50437,6,1
50438,1,7
50439,2,9
50440,1,7
50441,3,2
50442,7,8
50443,4,7
50444,4,0
50445,2,9
50446,3,2
50447,6,1
50448,1,8
50449,9,2
50450,2,4
50451,7,5
50452,3,2
50453,1,1
50454,1,2
50455,2,7
50456,8,5
50457,9,2
50458,4,9
50459,6,8
50460,7,5
50461,4,7
50462,9,9
50463,7,0
50464,1,7
50465,1,1
50466,4,4
50467,4,9
50468,1,7
50469,8,6
50470,7,3
50471,2,4
50472,6,1
50473,4,9
50474,3,2
50475,3,2
50476,5,0
50477,1,1
50478,3,2
50479,9,2
50480,4,0
50481,7,3
50482,1,1
50483,4,7
50484,8,5
50485,4,0
50486,2,4
50487,9,2
50488,2,7
50489,6,1
50490,2,9
50491,7,3
50492,4,0
50493,6,1
50494,8,6
50495,9,2
50496,3,2
50497,5,5
50498,6,1
50499,1,8
50500,3,3
50501,6,1
50502,4,4
50503,5,6
50504,9,2
50505,6,8
50506,8,6
50507,8,5
50508,1,2
50509,7,6
50510,4,4
50511,4,0
50512,8,8
50513,1,8
50514,3,8
50515,2,9
50516,7,3
50517,2,4
50518,4,0
50519,2,9
50520,4,7
50521,9,2
50522,8,9
50523,4,0
50524,1,8
50525,1,1
50526,4,0
50527,9,2
50528,4,9
50529,7,3
50530,1,8
50531,2,4
50532,1,8
50533,7,5
50534,4,0
50535,1,8
50536,4,7
50537,4,9
50538,3,2
50539,4,0
50540,7,5
50541,1,1
50542,4,0
50543,9,2
50544,4,9
50545,7,3
50546,1,2
50547,2,4
50548,7,8
50549,7,5
50550,1,1
50551,0,6
50552,7,8
50553,1,7
50554,1,3
50555,1,8
50556,5,6
50557,4,9
50558,2,9
50559,3,0
50560,7,3
50561,1,1
50562,2,9
50563,3,2
50564,8,4
50565,3,3
50566,4,0
50567,2,4
50568,9,2
50569,7,5
50570,7,5
50571,1,8
50572,1,1
50573,7,5
50574,5,5
50575,9,2
50576,5,2
50577,1,1
50578,1,9
50579,1,7
50580,5,6
50581,3,2
50582,1,1
50583,2,4
50584,5,6
50585,1,1
50586,4,0
50587,2,4
50588,5,6
50589,1,1
50590,8,6
50591,2,4
50592,7,5
50593,2,9
50594,5,6
50595,0,6
50596,8,8
50597,1,8
50598,5,6
50599,2,4
50600,1,1
50601,7,5
50602,7,5
50603,7,3
50604,7,8
50605,1,7
50606,4,4
50607,1,8
50608,1,1
50609,4,4
50610,5,6
50611,7,3
50612,8,6
50613,7,3
50614,1,7
50615,7,5
50616,4,4
50617,4,0
50618,8,6
50619,5,6
50620,1,7
50621,1,1
50622,0,6
50623,5,6
50624,8,5
50625,1,8
50626,7,8
50627,1,7
50628,4,0
50629,3,0
50630,4,0
50631,1,1
50632,3,1
50633,7,5
50634,1,8
50635,0,6
50636,4,4
50637,4,0
50638,4,0
50639,4,8
50640,1,2
50641,7,5
50642,5,2
50643,4,0
50644,5,3
50645,5,6
50646,6,1
50647,1,1
50648,1,7
50649,7,5
50650,7,5
50651,1,8
50652,6,1
50653,2,4
50654,4,0
50655,1,7
50656,2,4
50657,0,6
50658,3,3
50659,4,9
50660,1,8
50661,1,1
50662,7,5
50663,4,9
50664,4,7
50665,1,7
50666,0,6
50667,1,1
50668,4,7
50669,9,2
50670,8,6
50671,3,3
50672,3,3
50673,2,4
50674,3,2
50675,7,5
50676,3,2
50677,7,5
50678,1,1
50679,7,3
50680,7,3
50681,1,7
50682,6,1
50683,7,3
50684,4,0
50685,1,1
50686,1,9
50687,1,8
50688,3,3
50689,3,2
50690,7,5
50691,9,2
50692,1,8
50693,7,3
50694,8,4
50695,3,2
50696,4,0
50697,1,7
50698,4,9
50699,2,4
50700,1,2
50701,4,9
50702,7,8
50703,9,9
50704,2,4
50705,9,2
50706,4,7
50707,1,8
50708,1,7
50709,1,1
50710,2,9
50711,1,8
50712,2,4
50713,7,3
50714,7,8
50715,1,8
50716,1,2
50717,7,3
50718,7,5
50719,5,6
50720,1,2
50721,1,7
50722,9,2
50723,3,0
50724,1,9
50725,2,4
50726,7,3
50727,7,0
50728,7,3
50729,1,0
50730,1,7
50731,1,1
50732,1,7
50733,1,2
50734,7,5
50735,7,3
50736,3,2
50737,2,4
50738,7,8
50739,7,5
50740,4,8
50741,5,6
50742,1,7
50743,1,7
50744,9,2
50745,1,8
50746,8,9
50747,1,9
50748,1,2
50749,4,0
50750,4,0
50751,1,1
50752,4,9
50753,3,2
50754,1,9
50755,1,3
50756,1,2
50757,1,4
50758,1,9
50759,7,5
50760,1,7
50761,0,6
50762,1,8
50763,1,7
50764,8,5
50765,7,8
50766,7,5
50767,1,9
50768,7,5
50769,4,0
50770,7,3
50771,1,1
50772,1,1
50773,1,2
50774,4,0
50775,7,3
50776,0,6
50777,1,4
50778,7,5
50779,7,5
50780,5,6
50781,5,6
50782,7,5
50783,1,7
50784,4,9
50785,1,8
50786,5,5
50787,1,9
50788,6,1
50789,5,1
50790,7,8
50791,1,8
50792,1,7
50793,5,6
50794,4,7
50795,1,7
50796,1,7
50797,1,1
50798,2,9
50799,1,1
50800,7,5
50801,1,4
50802,3,2
50803,7,3
50804,4,0
50805,1,7
50806,4,9
50807,1,9
50808,5,0
50809,7,3
50810,5,6
50811,5,6
50812,3,2
50813,4,0
50814,3,2
50815,7,3
50816,4,9
50817,5,6
50818,5,6
50819,1,4
50820,4,0
50821,1,8
50822,2,7
50823,0,6
50824,7,3
50825,4,0
50826,3,2
50827,5,1
50828,4,0
50829,1,1
50830,6,1
50831,7,5
50832,2,9
50833,1,9
50834,7,3
50835,1,4
50836,5,6
50837,1,3
50838,6,1
50839,4,0
50840,3,2
50841,1,4
50842,1,1
50843,0,6
50844,4,4
50845,1,9
50846,2,4
50847,1,1
50848,5,5
50849,1,7
50850,1,1
50851,1,9
50852,5,0
50853,7,5
50854,1,9
50855,1,1
50856,8,6
50857,1,1
50858,2,4
50859,1,9
50860,1,8
50861,7,8
50862,5,0
50863,0,6
50864,1,1
50865,0,6
50866,0,6
50867,1,9
50868,2,7
50869,1,8
50870,0,6
50871,1,8
50872,1,7
50873,1,8
50874,1,7
50875,1,2
50876,4,0
50877,1,7
50878,4,7
50879,1,4
50880,8,6
50881,7,5
50882,1,9
50883,1,8
50884,1,7
50885,1,3
50886,1,8
50887,7,5
50888,0,6
50889,1,4
50890,5,6
50891,1,7
50892,7,3
50893,5,6
50894,1,7
50895,7,5
50896,4,9
50897,1,2
50898,5,2
50899,1,2
50900,1,8
50901,1,2
50902,7,8
50903,1,7
50904,8,5
50905,1,7
50906,7,3
50907,1,1
50908,7,9
50909,4,0
50910,1,7
50911,1,1
50912,0,6
50913,5,2
50914,1,1
50915,7,3
50916,0,4
50917,2,4
50918,6,1
50919,5,5
50920,1,7
50921,0,6
50922,3,3
50923,2,7
50924,4,0
50925,1,8
50926,7,5
50927,2,9
50928,1,1
50929,4,0
50930,7,0
50931,1,1
50932,5,6
50933,3,2
50934,0,6
50935,7,3
50936,7,3
50937,2,4
50938,0,6
50939,7,5
50940,3,3
50941,5,6
50942,6,7
50943,2,7
50944,4,0
50945,1,8
50946,7,3
50947,1,9
50948,2,4
50949,4,0
50950,1,3
50951,6,1
50952,1,1
50953,3,2
50954,7,5
50955,7,3
50956,6,1
50957,2,4
50958,4,0
50959,8,5
50960,7,3
50961,5,6
50962,9,2
50963,4,7
50964,3,3
50965,3,8
50966,3,2
50967,2,9
50968,4,0
50969,3,3
50970,1,8
50971,3,2
50972,1,7
50973,2,9
50974,4,0
50975,7,3
50976,7,3
50977,3,2
50978,1,7
50979,1,1
50980,1,4
50981,0,4
50982,7,3
50983,5,5
50984,1,7
50985,5,5
50986,3,2
50987,9,2
50988,1,8
50989,7,3
50990,5,0
50991,3,2
50992,1,7
50993,6,1
50994,1,7
50995,3,3
50996,7,8
50997,2,9
50998,4,4
50999,2,7
51000,1,7
51001,3,2
51002,4,0
51003,6,1
51004,1,7
51005,1,1
51006,4,0
51007,1,8
51008,1,8
51009,1,8
51010,1,1
51011,2,7
51012,4,9
51013,7,8
51014,1,8
51015,1,1
51016,5,2
51017,5,0
51018,1,4
51019,7,0
51020,1,9
51021,5,6
51022,1,9
51023,2,7
51024,4,0
51025,2,7
51026,2,4
51027,5,5
51028,2,4
51029,4,0
51030,7,3
51031,5,6
51032,2,9
51033,6,1
51034,1,7
51035,6,1
51036,2,9
51037,3,2
51038,1,3
51039,5,5
51040,7,5
51041,4,0
51042,1,9
51043,2,7
51044,4,0
51045,4,0
51046,2,4
51047,0,4
51048,1,1
51049,0,4
51050,7,5
51051,1,1
51052,4,0
51053,1,8
51054,1,3
51055,0,6
51056,2,4
51057,4,0
51058,1,8
51059,4,0
51060,1,1
51061,4,0
51062,1,7
51063,3,3
51064,3,2
51065,2,7
51066,0,6
51067,6,1
51068,1,7
51069,0,6
51070,1,7
51071,0,4
51072,7,5
51073,3,2
51074,1,7
51075,0,6
51076,0,4
51077,2,4
51078,7,8
51079,5,5
51080,1,7
51081,2,4
51082,4,9
51083,1,1
51084,1,7
51085,7,3
51086,7,5
51087,1,8
51088,1,7
51089,5,6
51090,6,2
51091,3,3
51092,7,3
51093,1,9
51094,4,8
51095,2,9
51096,0,6
51097,5,5
51098,2,4
51099,2,9
51100,1,2
51101,7,3
51102,1,7
51103,2,7
51104,7,8
51105,7,8
51106,7,3
51107,5,5
51108,4,0
51109,0,6
51110,1,1
51111,2,4
51112,6,1
51113,2,7
51114,0,4
51115,0,6
51116,7,3
51117,3,2
51118,1,2
51119,3,2
51120,6,1
51121,4,0
51122,4,0
51123,1,9
51124,8,5
51125,2,4
51126,1,7
51127,5,0
51128,8,8
51129,1,1
51130,5,5
51131,3,2
51132,8,9
51133,7,3
51134,1,8
51135,0,4
51136,1,1
51137,7,5
51138,1,7
51139,0,6
51140,1,9
51141,1,7
51142,7,3
51143,1,8
51144,5,5
51145,1,9
51146,2,4
51147,5,0
51148,4,0
51149,1,1
51150,4,0
51151,3,2
51152,0,6
51153,1,3
51154,7,3
51155,0,4
51156,4,9
51157,7,5
51158,5,8
51159,0,6
51160,1,8
51161,1,7
51162,1,7
51163,1,8
51164,4,8
51165,1,9
51166,1,7
51167,4,0
51168,1,9
51169,1,1
51170,9,4
51171,3,2
51172,1,8
51173,3,3
51174,8,7
51175,0,4
51176,8,5
51177,7,5
51178,1,7
51179,0,6
51180,1,7
51181,1,7
51182,0,4
51183,1,8
51184,1,8
51185,1,9
51186,4,0
51187,6,1
51188,1,1
51189,1,8
51190,1,1
51191,5,6
51192,2,9
51193,1,7
51194,7,9
51195,6,1
51196,7,3
51197,1,1
51198,1,7
51199,0,4
51200,1,9
51201,3,3
51202,4,4
51203,1,7
51204,1,7
51205,1,7
51206,1,1
51207,1,8
51208,1,8
51209,1,9
51210,4,0
51211,3,3
51212,3,2
51213,0,6
51214,3,2
51215,5,0
51216,3,2
51217,3,3
51218,1,8
51219,0,6
51220,5,6
51221,0,4
51222,7,3
51223,1,8
51224,1,8
51225,6,4
51226,4,0
51227,5,5
51228,4,0
51229,1,7
51230,1,3
51231,5,5
51232,0,6
51233,0,6
51234,7,5
51235,4,0
51236,1,7
51237,3,3
51238,1,2
51239,1,9
51240,1,9
51241,3,2
51242,3,8
51243,1,8
51244,1,8
51245,3,3
51246,0,6
51247,6,1
51248,4,9
51249,1,1
51250,1,1
51251,5,5
51252,1,1
51253,1,9
51254,8,5
51255,0,4
51256,3,2
51257,3,3
51258,7,5
51259,5,0
51260,1,3
51261,6,4
51262,9,2
51263,0,4
51264,2,4
51265,5,0
51266,1,8
51267,1,9
51268,3,3
51269,0,6
51270,4,4
51271,2,9
51272,1,8
51273,9,2
51274,7,3
51275,3,2
51276,0,6
51277,6,1
51278,7,5
51279,1,7
51280,1,9
51281,1,9
51282,1,7
51283,5,5
51284,4,9
51285,6,1
51286,1,0
51287,6,1
51288,4,4
51289,1,9
51290,4,0
51291,1,8
51292,1,7
51293,5,6
51294,1,7
51295,0,6
51296,7,5
51297,1,9
51298,8,5
51299,5,0
51300,1,7
51301,5,0
51302,7,8
51303,4,0
51304,1,7
51305,6,1
51306,1,7
51307,1,8
51308,4,0
51309,2,4
51310,5,6
51311,0,6
51312,2,4
51313,7,8
51314,4,0
51315,1,8
51316,4,9
51317,9,2
51318,4,9
51319,0,6
51320,5,2
51321,3,3
51322,1,7
51323,9,2
51324,1,8
51325,0,4
51326,1,8
51327,5,0
51328,2,4
51329,1,9
51330,3,8
51331,7,0
51332,1,3
51333,3,3
51334,1,9
51335,1,7
51336,4,0
51337,0,4
51338,8,4
51339,7,5
51340,5,2
51341,1,8
51342,7,5
51343,1,3
51344,1,7
51345,7,5
51346,2,7
51347,1,8
51348,4,0
51349,5,5
51350,9,4
51351,0,4
51352,4,0
51353,1,7
51354,5,6
51355,0,6
51356,5,2
51357,9,2
51358,1,7
51359,9,2
51360,2,4
51361,1,7
51362,7,5
51363,1,7
51364,7,5
51365,4,0
51366,8,5
51367,5,5
51368,4,4
51369,6,1
51370,5,6
51371,5,5
51372,1,1
51373,3,3
51374,2,4
51375,4,0
51376,7,3
51377,1,1
51378,5,6
51379,3,2
51380,5,5
51381,7,3
51382,2,4
51383,4,4
51384,1,7
51385,7,5
51386,5,6
51387,0,6
51388,1,3
51389,2,7
51390,1,1
51391,1,8
51392,7,5
51393,4,9
51394,7,8
51395,4,0
51396,4,4
51397,1,1
51398,3,2
51399,9,2
51400,5,6
51401,7,3
51402,5,6
51403,0,4
51404,4,0
51405,7,5
51406,8,6
51407,0,6
51408,5,6
51409,2,7
51410,5,6
51411,1,8
51412,1,8
51413,2,9
51414,1,8
51415,4,0
51416,7,5
51417,1,1
51418,1,2
51419,9,2
51420,1,7
51421,7,3
51422,4,0
51423,4,4
51424,1,8
51425,7,5
51426,1,1
51427,0,6
51428,7,3
51429,1,7
51430,8,9
51431,1,8
51432,8,1
51433,7,5
51434,4,0
51435,3,2
51436,1,1
51437,1,8
51438,0,6
51439,1,1
51440,1,8
51441,1,7
51442,1,9
51443,9,2
51444,7,5
51445,4,4
51446,4,6
51447,1,1
51448,9,2
51449,2,4
51450,1,8
51451,1,1
51452,4,7
51453,0,4
51454,1,4
51455,4,9
51456,0,6
51457,0,6
51458,3,2
51459,1,8
51460,1,7
51461,7,5
51462,7,3
51463,3,3
51464,3,0
51465,4,7
51466,5,0
51467,1,8
51468,6,1
51469,3,3
51470,4,9
51471,7,3
51472,4,9
51473,7,5
51474,7,3
51475,5,6
51476,4,6
51477,1,7
51478,4,0
51479,4,0
51480,0,6
51481,5,6
51482,0,4
51483,1,1
51484,7,8
51485,5,6
51486,7,3
51487,7,8
51488,8,8
51489,1,7
51490,4,0
51491,3,0
51492,8,5
51493,1,1
51494,7,5
51495,7,5
51496,1,7
51497,5,6
51498,7,5
51499,4,0
51500,1,7
51501,7,8
51502,8,7
51503,7,5
51504,1,8
51505,4,0
51506,3,2
51507,5,6
51508,5,6
51509,1,1
51510,7,8
51511,7,5
51512,4,9
51513,1,8
51514,0,6
51515,0,4
51516,1,9
51517,3,2
51518,0,6
51519,7,3
51520,4,0
51521,1,9
51522,1,3
51523,4,7
51524,7,5
51525,0,6
51526,1,7
51527,2,9
51528,5,6
51529,1,1
51530,5,2
51531,4,9
51532,1,7
51533,4,0
51534,7,3
51535,5,6
51536,7,3
51537,1,7
51538,4,6
51539,1,1
51540,6,1
51541,5,2
51542,1,2
51543,3,3
51544,1,1
51545,8,9
51546,4,0
51547,3,2
51548,1,1
51549,2,4
51550,9,2
51551,7,5
51552,9,9
51553,7,5
51554,1,1
51555,3,3
51556,1,1
51557,4,7
51558,1,7
51559,7,5
51560,1,7
51561,7,3
51562,7,5
51563,1,1
51564,1,1
51565,1,8
51566,1,1
51567,9,2
51568,1,7
51569,9,2
51570,5,6
51571,7,3
51572,7,5
51573,4,0
51574,1,9
51575,9,2
51576,1,8
51577,2,9
51578,7,3
51579,2,4
51580,6,2
51581,2,9
51582,8,9
51583,1,7
51584,4,9
51585,4,0
51586,1,7
51587,4,0
51588,7,8
51589,9,2
51590,4,9
51591,4,7
51592,8,9
51593,0,4
51594,1,1
51595,4,9
51596,5,6
51597,4,9
51598,4,0
51599,5,2
51600,1,4
51601,7,8
51602,0,6
51603,1,1
51604,2,4
51605,7,5
51606,6,1
51607,5,6
51608,1,2
51609,2,9
51610,7,5
51611,7,8
51612,7,8
51613,7,3
51614,3,2
51615,7,8
51616,7,3
51617,3,3
51618,4,0
51619,5,6
51620,5,6
51621,1,7
51622,2,4
51623,4,0
51624,5,6
51625,2,4
51626,7,5
51627,4,0
51628,5,6
51629,4,0
51630,3,2
51631,6,1
51632,4,9
51633,9,2
51634,1,7
51635,7,3
51636,1,7
51637,2,4
51638,4,0
51639,7,5
51640,1,3
51641,5,6
51642,3,2
51643,1,7
51644,1,9
51645,1,8
51646,8,5
51647,1,9
51648,5,2
51649,7,0
51650,1,7
51651,6,1
51652,1,4
51653,9,2
51654,2,9
51655,3,3
51656,1,8
51657,2,4
51658,9,2
51659,5,5
51660,1,2
51661,5,6
51662,0,6
51663,1,7
51664,0,6
51665,1,8
51666,1,1
51667,8,9
51668,7,8
51669,4,0
51670,8,8
51671,6,1
51672,6,1
51673,9,2
51674,8,5
51675,7,3
51676,5,6
51677,2,4
51678,4,4
51679,5,5
51680,4,0
51681,8,6
51682,3,2
51683,2,7
51684,2,4
51685,4,0
51686,7,3
51687,5,6
51688,1,9
51689,2,4
51690,0,6
51691,2,7
51692,7,5
51693,2,4
51694,4,4
51695,7,3
51696,0,6
51697,0,6
51698,1,2
51699,3,2
51700,5,6
51701,7,3
51702,3,2
51703,2,4
51704,4,7
51705,1,8
51706,7,3
51707,4,7
51708,4,9
51709,1,8
51710,1,1
51711,5,6
51712,4,4
51713,1,9
51714,1,1
51715,1,8
51716,2,9
51717,7,3
51718,8,5
51719,9,2
51720,1,8
51721,9,2
51722,2,4
51723,2,4
51724,6,1
51725,7,8
51726,5,2
51727,7,5
51728,5,6
51729,0,6
51730,4,9
51731,7,5
51732,7,8
51733,4,0
51734,8,6
51735,9,2
51736,5,5
51737,4,0
51738,3,2
51739,6,1
51740,8,5
51741,6,1
51742,6,1
51743,9,2
51744,7,5
51745,0,6
51746,1,8
51747,1,8
51748,1,2
51749,6,1
51750,1,1
51751,9,2
51752,1,7
51753,4,0
51754,1,8
51755,8,6
51756,3,3
51757,2,9
51758,4,0
51759,1,3
51760,3,2
51761,4,9
51762,7,5
51763,3,3
51764,0,5
51765,1,7
51766,1,7
51767,6,1
51768,7,3
51769,1,8
51770,4,9
51771,7,3
51772,1,1
51773,1,8
51774,4,0
51775,7,5
51776,3,3
51777,4,0
51778,5,6
51779,6,1
51780,2,4
51781,6,1
51782,3,2
51783,1,9
51784,1,1
51785,1,8
51786,3,2
51787,9,2
51788,5,6
51789,4,0
51790,3,3
51791,2,4
51792,7,5
51793,7,5
51794,7,5
51795,5,5
51796,2,9
51797,4,0
51798,1,3
51799,7,3
51800,8,5
51801,6,1
51802,1,7
51803,1,8
51804,5,6
51805,5,6
51806,2,7
51807,2,9
51808,3,2
51809,4,0
51810,9,2
51811,3,3
51812,4,9
51813,6,1
51814,4,4
51815,4,0
51816,7,3
51817,6,4
51818,4,0
51819,4,7
51820,4,4
51821,7,5
51822,7,5
51823,2,4
51824,4,0
51825,2,7
51826,4,0
51827,2,9
51828,4,0
51829,4,7
51830,7,8
51831,4,0
51832,1,7
51833,6,1
51834,4,0
51835,9,2
51836,6,1
51837,7,3
51838,1,4
51839,2,7
51840,1,9
51841,7,8
51842,9,9
51843,2,9
51844,7,5
51845,4,0
51846,7,8
51847,6,1
51848,1,3
51849,3,2
51850,7,8
51851,3,3
51852,8,5
51853,0,4
51854,7,5
51855,7,5
51856,6,7
51857,5,6
51858,1,7
51859,2,7
51860,2,4
51861,3,8
51862,1,7
51863,6,9
51864,7,8
51865,4,0
51866,4,0
51867,6,1
51868,2,4
51869,3,2
51870,3,2
51871,3,3
51872,5,6
51873,2,4
51874,8,5
51875,5,5
51876,1,1
51877,5,6
51878,1,8
51879,2,7
51880,1,8
51881,7,8
51882,1,1
51883,5,0
51884,1,2
51885,2,7
51886,7,5
51887,7,5
51888,1,1
51889,4,0
51890,7,3
51891,1,8
51892,4,0
51893,0,4
51894,0,4
51895,6,1
51896,1,3
51897,1,8
51898,9,2
51899,7,8
51900,1,1
51901,6,1
51902,2,4
51903,3,3
51904,5,8
51905,1,1
51906,7,8
51907,1,8
51908,1,1
51909,7,3
51910,4,9
51911,2,7
51912,5,6
51913,1,9
51914,1,7
51915,3,3
51916,1,7
51917,4,0
51918,3,3
51919,8,9
51920,5,6
51921,2,4
51922,3,2
51923,0,4
51924,8,6
51925,4,0
51926,4,4
51927,2,7
51928,7,5
51929,4,4
51930,1,9
51931,3,2
51932,1,1
51933,1,8
51934,7,3
51935,2,7
51936,1,1
51937,5,2
51938,8,9
51939,2,4
51940,7,3
51941,4,7
51942,1,9
51943,7,8
51944,8,4
51945,2,9
51946,7,3
51947,3,3
51948,4,8
51949,6,1
51950,7,5
51951,0,4
51952,1,1
51953,5,6
51954,1,8
51955,5,5
51956,4,9
51957,5,2
51958,6,7
51959,9,2
51960,4,0
51961,9,2
51962,2,4
51963,5,5
51964,1,8
51965,5,6
51966,4,4
51967,2,7
51968,7,8
51969,7,8
51970,5,3
51971,4,7
51972,7,5
51973,7,5
51974,1,7
51975,6,1
51976,3,2
51977,5,6
51978,4,0
51979,4,4
51980,4,0
51981,2,9
51982,4,9
51983,9,2
51984,1,7
51985,2,9
51986,1,2
51987,3,3
51988,1,7
51989,7,5
51990,7,5
51991,1,3
51992,4,0
51993,5,6
51994,7,5
51995,5,6
51996,1,7
51997,4,0
51998,1,3
51999,4,0
52000,5,6
52001,9,2
52002,8,1
52003,7,5
52004,5,6
52005,5,6
52006,3,2
52007,0,4
52008,1,7
52009,2,9
52010,1,7
52011,3,2
52012,5,8
52013,4,7
52014,1,3
52015,2,4
52016,3,2
52017,2,9
52018,8,9
52019,5,5
52020,1,1
52021,4,0
52022,1,3
52023,5,2
52024,4,4
52025,3,2
52026,8,5
52027,7,3
52028,4,0
52029,5,6
52030,4,9
52031,6,1
52032,1,1
52033,1,8
52034,1,9
52035,3,3
52036,4,0
52037,1,8
52038,7,3
52039,4,0
52040,8,5
52041,1,3
52042,1,1
52043,7,5
52044,7,8
52045,4,0
52046,1,1
52047,4,0
52048,4,0
52049,5,6
52050,7,8
52051,6,1
52052,4,7
52053,0,6
52054,5,6
52055,2,9
52056,6,1
52057,7,5
52058,6,1
52059,3,3
52060,2,9
52061,4,9
52062,8,6
52063,2,4
52064,7,0
52065,7,5
52066,5,6
52067,8,8
52068,1,2
52069,0,6
52070,1,8
52071,4,7
52072,7,8
52073,6,1
52074,8,4
52075,6,1
52076,5,6
52077,4,7
52078,1,1
52079,4,0
52080,1,8
52081,6,1
52082,1,1
52083,9,2
52084,1,1
52085,7,3
52086,5,5
52087,0,4
52088,1,1
52089,6,7
52090,7,8
52091,1,8
52092,4,7
52093,2,9
52094,4,9
52095,5,0
52096,7,3
52097,6,1
52098,7,3
52099,9,2
52100,0,6
52101,3,3
52102,5,6
52103,2,4
52104,7,3
52105,5,0
52106,7,5
52107,6,1
52108,7,5
52109,5,2
52110,1,7
52111,3,3
52112,2,4
52113,6,7
52114,4,0
52115,1,8
52116,7,3
52117,6,9
52118,3,2
52119,6,1
52120,1,1
52121,5,5
52122,8,5
52123,2,9
52124,1,7
52125,5,6
52126,4,0
52127,6,9
52128,0,4
52129,5,3
52130,4,0
52131,5,5
52132,1,2
52133,5,0
52134,7,3
52135,5,0
52136,1,1
52137,2,7
52138,1,9
52139,2,9
52140,2,4
52141,0,6
52142,5,2
52143,6,1
52144,9,2
52145,5,6
52146,4,7
52147,1,7
52148,4,9
52149,2,7
52150,8,6
52151,2,9
52152,1,2
52153,9,2
52154,4,0
52155,2,4
52156,5,6
52157,1,8
52158,2,4
52159,1,8
52160,7,3
52161,4,0
52162,1,7
52163,0,6
52164,3,3
52165,6,4
52166,1,7
52167,6,1
52168,7,3
52169,9,2
52170,7,5
52171,1,8
52172,8,5
52173,6,7
52174,1,1
52175,6,1
52176,1,7
52177,6,1
52178,1,7
52179,4,0
52180,2,9
52181,2,7
52182,4,0
52183,5,6
52184,1,9
52185,4,0
52186,3,2
52187,1,1
52188,5,2
52189,3,2
52190,7,5
52191,1,3
52192,8,5
52193,2,4
52194,5,6
52195,7,5
52196,1,7
52197,8,6
52198,5,6
52199,1,7
52200,9,4
52201,1,8
52202,4,0
52203,1,9
52204,3,0
52205,1,1
52206,5,6
52207,9,2
52208,1,2
52209,3,3
52210,8,5
52211,2,4
52212,5,6
52213,8,5
52214,8,9
52215,0,6
52216,4,7
52217,2,7
52218,5,8
52219,8,8
52220,6,1
52221,7,0
52222,0,4
52223,6,1
52224,3,2
52225,5,2
52226,3,0
52227,3,3
52228,4,0
52229,2,4
52230,2,9
52231,7,5
52232,1,9
52233,8,6
52234,6,1
52235,2,7
52236,4,9
52237,1,8
52238,4,0
52239,1,9
52240,7,3
52241,8,8
52242,3,2
52243,2,4
52244,1,1
52245,1,0
52246,8,4
52247,1,0
52248,1,1
52249,1,7
52250,7,8
52251,9,2
52252,5,3
52253,4,6
52254,1,1
52255,5,5
52256,1,7
52257,5,5
52258,4,9
52259,1,3
52260,2,4
52261,2,7
52262,6,1
52263,0,6
52264,7,5
52265,8,6
52266,8,5
52267,2,4
52268,6,1
52269,7,3
52270,1,9
52271,3,2
52272,7,3
52273,8,6
52274,0,4
52275,8,6
52276,3,0
52277,0,4
52278,1,1
52279,6,4
52280,1,8
52281,3,3
52282,0,6
52283,1,8
52284,7,5
52285,1,8
52286,4,9
52287,3,3
52288,4,0
52289,4,0
52290,8,8
52291,6,1
52292,1,8
52293,2,4
52294,5,0
52295,7,5
52296,7,8
52297,0,6
52298,7,3
52299,2,4
52300,7,3
52301,2,7
52302,2,7
52303,1,8
52304,1,9
52305,7,0
52306,4,8
52307,3,3
52308,9,4
52309,6,1
52310,8,5
52311,1,9
52312,7,0
52313,3,0
52314,5,5
52315,1,9
52316,1,2
52317,6,1
52318,4,0
52319,9,2
52320,4,0
52321,1,7
52322,4,7
52323,4,0
52324,1,9
52325,1,1
52326,7,5
52327,7,3
52328,2,9
52329,1,8
52330,1,7
52331,3,2
52332,5,5
52333,2,9
52334,6,1
52335,9,2
52336,4,0
52337,2,7
52338,0,6
52339,1,7
52340,1,9
52341,1,9
52342,6,1
52343,2,4
52344,2,4
52345,9,2
52346,2,4
52347,7,5
52348,0,4
52349,1,8
52350,7,3
52351,0,6
52352,3,8
52353,7,5
52354,4,0
52355,2,9
52356,4,9
52357,2,9
52358,5,2
52359,6,1
52360,6,1
52361,6,1
52362,1,1
52363,2,7
52364,8,5
52365,0,6
52366,1,2
52367,1,9
52368,1,1
52369,6,1
52370,3,2
52371,3,3
52372,2,9
52373,3,2
52374,5,6
52375,3,3
52376,1,1
52377,8,4
52378,7,3
52379,3,3
52380,5,6
52381,6,1
52382,1,1
52383,1,9
52384,4,4
52385,3,3
52386,7,3
52387,0,6
52388,5,5
52389,1,8
52390,3,8
52391,1,7
52392,1,1
52393,4,0
52394,7,3
52395,6,1
52396,4,0
52397,4,0
52398,7,8
52399,5,5
52400,3,2
52401,1,8
52402,4,4
52403,9,2
52404,7,3
52405,1,7
52406,1,9
52407,1,7
52408,9,2
52409,4,0
52410,3,2
52411,1,1
52412,5,6
52413,1,2
52414,2,4
52415,3,3
52416,1,1
52417,2,4
52418,1,1
52419,5,5
52420,0,6
52421,5,6
52422,1,2
52423,1,7
52424,4,4
52425,5,8
52426,5,6
52427,4,9
52428,4,0
52429,4,0
52430,1,8
52431,1,1
52432,7,3
52433,9,2
52434,5,6
52435,7,3
52436,4,7
52437,0,4
52438,4,0
52439,5,5
52440,1,2
52441,5,6
52442,2,4
52443,4,7
52444,1,1
52445,1,8
52446,7,3
52447,8,9
52448,4,4
52449,5,0
52450,6,1
52451,1,1
52452,8,5
52453,9,2
52454,1,1
52455,7,3
52456,6,2
52457,8,4
52458,7,5
52459,7,5
52460,6,7
52461,5,6
52462,8,9
52463,2,7
52464,3,3
52465,3,8
52466,1,7
52467,1,9
52468,7,8
52469,1,8
52470,4,0
52471,1,7
52472,0,6
52473,6,4
52474,7,5
52475,2,7
52476,3,3
52477,2,7
52478,1,9
52479,7,3
52480,1,7
52481,2,9
52482,5,6
52483,1,8
52484,1,7
52485,1,8
52486,1,7
52487,3,3
52488,3,2
52489,1,1
52490,1,7
52491,7,5
52492,6,1
52493,1,8
52494,5,6
52495,9,2
52496,7,8
52497,2,7
52498,1,1
52499,2,4
52500,1,9
52501,9,2
52502,5,6
52503,0,6
52504,5,6
52505,1,1
52506,4,9
52507,7,5
52508,5,0
52509,7,5
52510,8,9
52511,1,8
52512,3,2
52513,0,6
52514,5,6
52515,2,4
52516,5,6
52517,2,4
52518,5,6
52519,2,4
52520,4,0
52521,6,1
52522,8,4
52523,1,8
52524,1,7
52525,2,7
52526,4,0
52527,7,5
52528,1,7
52529,8,5
52530,1,1
52531,1,1
52532,4,4
52533,7,8
52534,5,6
52535,1,9
52536,5,8
52537,1,1
52538,4,9
52539,7,3
52540,7,5
52541,0,6
52542,5,6
52543,7,3
52544,5,6
52545,7,3
52546,4,9
52547,9,2
52548,1,2
52549,9,2
52550,3,2
52551,5,6
52552,1,1
52553,8,9
52554,5,0
52555,2,9
52556,1,9
52557,0,6
52558,4,0
52559,7,5
52560,5,6
52561,7,5
52562,1,1
52563,3,3
52564,4,4
52565,7,3
52566,0,4
52567,1,8
52568,4,7
52569,1,1
52570,1,9
52571,0,6
52572,2,4
52573,1,8
52574,9,2
52575,6,1
52576,1,9
52577,4,9
52578,5,6
52579,2,7
52580,2,4
52581,0,6
52582,6,2
52583,1,8
52584,5,6
52585,7,3
52586,1,1
52587,1,7
52588,1,7
52589,2,4
52590,7,3
52591,2,7
52592,1,8
52593,4,0
52594,1,7
52595,2,9
52596,4,0
52597,4,0
52598,5,6
52599,4,0
52600,2,4
52601,7,3
52602,9,2
52603,1,7
52604,8,4
52605,1,9
52606,1,7
52607,3,3
52608,7,5
52609,4,0
52610,8,5
52611,9,2
52612,1,8
52613,4,0
52614,6,1
52615,6,1
52616,6,1
52617,4,0
52618,2,9
52619,1,1
52620,5,6
52621,4,0
52622,1,1
52623,2,4
52624,8,1
52625,4,0
52626,0,6
52627,6,1
52628,4,0
52629,4,0
52630,3,2
52631,0,4
52632,1,8
52633,1,7
52634,1,2
52635,2,9
52636,7,3
52637,9,2
52638,1,9
52639,4,0
52640,5,6
52641,5,6
52642,4,4
52643,9,2
52644,6,7
52645,5,6
52646,2,9
52647,9,2
52648,1,1
52649,9,2
52650,5,5
52651,4,9
52652,4,4
52653,1,9
52654,1,1
52655,4,0
52656,5,2
52657,6,1
52658,4,4
52659,9,2
52660,3,2
52661,7,3
52662,1,8
52663,2,4
52664,7,3
52665,7,5
52666,4,7
52667,0,6
52668,8,1
52669,1,7
52670,1,7
52671,1,8
52672,8,9
52673,4,0
52674,7,6
52675,6,1
52676,7,3
52677,3,2
52678,5,6
52679,7,3
52680,1,7
52681,2,4
52682,4,4
52683,8,5
52684,9,2
52685,0,6
52686,8,5
52687,6,7
52688,8,6
52689,1,8
52690,7,3
52691,4,0
52692,7,3
52693,6,1
52694,5,2
52695,3,2
52696,4,0
52697,7,3
52698,4,0
52699,1,8
52700,1,3
52701,1,7
52702,7,3
52703,2,4
52704,4,4
52705,1,7
52706,8,5
52707,1,7
52708,5,4
52709,1,9
52710,1,1
52711,1,8
52712,4,9
52713,5,3
52714,1,9
52715,6,1
52716,4,0
52717,8,5
52718,1,9
52719,1,8
52720,4,0
52721,6,4
52722,1,8
52723,1,2
52724,0,6
52725,5,6
52726,3,2
52727,0,4
52728,4,0
52729,2,4
52730,1,7
52731,6,1
52732,1,7
52733,1,8
52734,2,4
52735,1,7
52736,1,7
52737,5,5
52738,1,1
52739,7,5
52740,1,3
52741,6,1
52742,5,6
52743,2,9
52744,1,7
52745,6,1
52746,7,8
52747,5,3
52748,4,4
52749,5,6
52750,1,7
52751,3,3
52752,4,7
52753,3,3
52754,8,6
52755,3,2
52756,0,4
52757,9,2
52758,1,1
52759,0,6
52760,1,7
52761,1,9
52762,1,2
52763,1,9
52764,8,8
52765,5,6
52766,4,0
52767,5,5
52768,8,6
52769,5,5
52770,8,9
52771,3,3
52772,4,9
52773,7,3
52774,9,2
52775,1,8
52776,8,5
52777,6,1
52778,7,5
52779,1,7
52780,1,1
52781,5,6
52782,1,2
52783,1,8
52784,3,2
52785,5,3
52786,1,7
52787,1,7
52788,5,6
52789,2,4
52790,7,3
52791,1,7
52792,7,5
52793,4,0
52794,7,3
52795,2,9
52796,3,2
52797,4,0
52798,7,5
52799,4,0
52800,5,9
52801,9,2
52802,1,2
52803,1,7
52804,4,0
52805,4,9
52806,8,6
52807,6,1
52808,5,8
52809,4,0
52810,7,3
52811,6,1
52812,1,2
52813,4,0
52814,7,9
52815,6,4
52816,7,3
52817,4,0
52818,3,3
52819,6,1
52820,5,6
52821,4,0
52822,6,1
52823,2,4
52824,1,7
52825,1,7
52826,8,5
52827,8,9
52828,1,3
52829,3,2
52830,7,8
52831,4,0
52832,4,0
52833,8,6
52834,6,2
52835,1,2
52836,4,0
52837,5,6
52838,5,4
52839,3,2
52840,3,2
52841,9,2
52842,1,7
52843,1,9
52844,5,6
52845,4,9
52846,2,9
52847,5,0
52848,7,8
52849,1,1
52850,6,1
52851,1,2
52852,0,4
52853,7,3
52854,8,1
52855,8,4
52856,0,6
52857,8,5
52858,5,6
52859,0,6
52860,1,8
52861,1,7
52862,3,8
52863,7,8
52864,7,3
52865,4,0
52866,4,7
52867,1,1
52868,1,1
52869,9,2
52870,8,5
52871,7,3
52872,1,1
52873,8,4
52874,3,2
52875,7,5
52876,1,4
52877,0,6
52878,1,1
52879,1,7
52880,5,6
52881,1,8
52882,1,1
52883,2,9
52884,1,8
52885,4,0
52886,1,7
52887,1,1
52888,6,1
52889,9,2
52890,7,8
52891,7,3
52892,7,8
52893,8,4
52894,1,2
52895,8,5
52896,8,5
52897,0,6
52898,9,2
52899,1,7
52900,1,8
52901,7,8
52902,7,5
52903,2,9
52904,1,3
52905,7,8
52906,1,1
52907,1,3
52908,0,6
52909,4,4
52910,9,9
52911,1,7
52912,8,6
52913,7,8
52914,7,5
52915,5,6
52916,1,1
52917,1,3
52918,5,6
52919,2,4
52920,4,4
52921,4,0
52922,1,3
52923,4,9
52924,7,3
52925,1,7
52926,1,7
52927,1,1
52928,1,0
52929,2,9
52930,4,0
52931,7,3
52932,3,8
52933,7,8
52934,7,0
52935,8,4
52936,7,3
52937,1,7
52938,1,2
52939,7,3
52940,1,3
52941,4,0
52942,1,2
52943,4,9
52944,1,8
52945,8,4
52946,5,6
52947,8,5
52948,8,9
52949,8,4
52950,7,8
52951,5,6
52952,6,7
52953,1,2
52954,8,8
52955,4,0
52956,3,2
52957,5,6
52958,2,4
52959,1,2
52960,1,7
52961,1,1
52962,5,5
52963,1,1
52964,1,7
52965,1,1
52966,7,3
52967,1,1
52968,1,8
52969,1,7
52970,8,5
52971,1,2
52972,1,3
52973,2,4
52974,7,3
52975,1,2
52976,5,6
52977,2,9
52978,4,0
52979,8,4
52980,7,8
52981,8,5
52982,3,2
52983,1,8
52984,1,1
52985,8,4
52986,5,6
52987,1,2
52988,2,4
52989,2,9
52990,1,1
52991,1,7
52992,1,7
52993,4,0
52994,7,3
52995,4,0
52996,1,4
52997,1,7
52998,4,7
52999,8,5
53000,8,5
53001,1,1
53002,1,8
53003,1,7
53004,6,1
53005,5,6
53006,4,8
53007,0,6
53008,5,2
53009,0,6
53010,1,9
53011,7,8
53012,1,1
53013,1,2
53014,4,0
53015,8,5
53016,1,1
53017,1,2
53018,6,1
53019,2,2
53020,1,9
53021,1,7
53022,4,9
53023,1,7
53024,7,5
53025,0,4
53026,3,2
53027,4,0
53028,1,8
53029,1,2
53030,4,0
53031,4,4
53032,0,4
53033,1,2
53034,9,2
53035,3,3
53036,4,8
53037,7,3
53038,4,0
53039,1,3
53040,1,1
53041,6,1
53042,7,3
53043,7,8
53044,7,9
53045,2,9
53046,5,5
53047,0,6
53048,3,3
53049,6,1
53050,7,5
53051,4,0
53052,2,4
53053,8,5
53054,8,5
53055,2,9
53056,3,2
53057,5,6
53058,1,1
53059,2,9
53060,2,7
53061,1,8
53062,0,4
53063,8,5
53064,7,8
53065,1,8
53066,1,7
53067,8,5
53068,5,6
53069,8,5
53070,2,9
53071,7,8
53072,3,2
53073,4,0
53074,1,7
53075,1,3
53076,9,2
53077,4,0
53078,2,4
53079,7,8
53080,1,1
53081,5,6
53082,1,8
53083,7,3
53084,7,3
53085,4,0
53086,7,5
53087,6,1
53088,9,2
53089,3,2
53090,1,8
53091,7,3
53092,1,8
53093,2,4
53094,1,7
53095,0,6
53096,8,5
53097,2,7
53098,1,1
53099,1,8
53100,7,5
53101,4,0
53102,2,7
53103,6,1
53104,7,3
53105,3,2
53106,5,6
53107,7,3
53108,7,3
53109,0,4
53110,1,8
53111,5,6
53112,1,8
53113,2,7
53114,7,5
53115,1,8
53116,4,0
53117,4,0
53118,4,0
53119,1,1
53120,8,5
53121,3,2
53122,8,5
53123,7,3
53124,1,0
53125,2,4
53126,4,9
53127,5,6
53128,1,8
53129,2,7
53130,4,4
53131,1,8
53132,1,2
53133,1,8
53134,2,4
53135,6,1
53136,7,3
53137,2,7
53138,1,2
53139,3,2
53140,1,1
53141,2,4
53142,1,9
53143,6,1
53144,2,4
53145,2,4
53146,1,9
53147,6,1
53148,5,6
53149,2,4
53150,3,8
53151,1,9
53152,5,5
53153,0,6
53154,8,9
53155,7,8
53156,9,3
53157,2,4
53158,1,3
53159,2,7
53160,1,1
53161,7,8
53162,1,1
53163,6,4
53164,1,7
53165,3,3
53166,1,9
53167,3,3
53168,1,1
53169,0,6
53170,5,8
53171,2,7
53172,7,5
53173,4,0
53174,4,0
53175,5,6
53176,6,1
53177,6,1
53178,1,1
53179,0,6
53180,1,1
53181,4,8
53182,7,3
53183,2,7
53184,7,8
53185,4,0
53186,8,8
53187,6,1
53188,1,7
53189,4,0
53190,2,9
53191,1,8
53192,4,4
53193,5,5
53194,1,1
53195,4,0
53196,1,9
53197,0,6
53198,5,6
53199,1,1
53200,8,5
53201,5,5
53202,1,9
53203,1,8
53204,1,9
53205,6,4
53206,1,1
53207,9,2
53208,1,8
53209,7,3
53210,1,7
53211,1,9
53212,4,0
53213,2,7
53214,4,7
53215,5,6
53216,4,9
53217,2,9
53218,3,2
53219,4,0
53220,5,6
53221,5,6
53222,2,4
53223,3,3
53224,3,2
53225,3,3
53226,2,4
53227,2,7
53228,8,6
53229,7,5
53230,5,6
53231,7,3
53232,1,7
53233,6,1
53234,1,7
53235,3,8
53236,1,8
53237,3,2
53238,4,9
53239,9,2
53240,1,8
53241,7,3
53242,4,7
53243,4,0
53244,8,5
53245,3,2
53246,3,3
53247,2,9
53248,1,8
53249,6,4
53250,1,9
53251,2,9
53252,7,3
53253,2,7
53254,8,4
53255,4,0
53256,4,0
53257,4,0
53258,4,7
53259,3,2
53260,1,4
53261,2,7
53262,7,3
53263,2,4
53264,9,2
53265,2,9
53266,5,2
53267,2,9
53268,7,5
53269,9,2
53270,4,0
53271,1,8
53272,8,5
53273,6,1
53274,1,7
53275,5,5
53276,1,9
53277,5,6
53278,6,4
53279,1,9
53280,5,9
53281,7,8
53282,7,3
53283,3,3
53284,9,2
53285,1,8
53286,7,8
53287,3,3
53288,2,4
53289,5,6
53290,4,0
53291,2,7
53292,7,5
53293,4,0
53294,1,8
53295,0,4
53296,7,5
53297,3,0
53298,4,0
53299,4,0
53300,0,4
53301,6,1
53302,1,7
53303,1,2
53304,1,1
53305,7,3
53306,7,5
53307,2,4
53308,1,1
53309,8,5
53310,6,1
53311,5,6
53312,7,8
53313,1,7
53314,1,1
53315,1,8
53316,5,5
53317,1,9
53318,5,6
53319,4,0
53320,8,6
53321,1,1
53322,3,2
53323,9,2
53324,1,9
53325,7,3
53326,1,1
53327,2,4
53328,4,0
53329,8,5
53330,1,1
53331,0,6
53332,7,3
53333,1,7
53334,1,7
53335,1,8
53336,5,6
53337,8,9
53338,1,7
53339,4,0
53340,9,2
53341,1,1
53342,4,9
53343,1,2
53344,5,0
53345,7,3
53346,8,4
53347,2,4
53348,1,1
53349,8,9
53350,4,0
53351,6,1
53352,7,5
53353,4,0
53354,4,0
53355,4,0
53356,7,5
53357,7,3
53358,7,3
53359,0,6
53360,4,0
53361,6,1
53362,4,4
53363,9,4
53364,8,4
53365,7,3
53366,9,2
53367,3,2
53368,9,7
53369,8,9
53370,4,9
53371,6,1
53372,4,7
53373,1,2
53374,7,3
53375,6,1
53376,7,3
53377,9,2
53378,4,4
53379,4,9
53380,4,0
53381,4,0
53382,7,3
53383,6,1
53384,0,4
53385,7,3
53386,4,9
53387,4,0
53388,3,2
53389,0,6
53390,5,2
53391,3,2
53392,4,7
53393,1,9
53394,1,1
53395,1,1
53396,2,9
53397,8,9
53398,0,6
53399,5,0
53400,1,8
53401,4,0
53402,7,3
53403,4,0
53404,7,0
53405,6,1
53406,5,6
53407,4,0
53408,7,5
53409,6,1
53410,7,5
53411,2,4
53412,3,3
53413,8,5
53414,7,5
53415,4,7
53416,0,6
53417,1,8
53418,1,7
53419,7,3
53420,7,8
53421,2,4
53422,8,6
53423,4,7
53424,4,0
53425,6,1
53426,4,4
53427,1,1
53428,7,5
53429,4,0
53430,3,2
53431,1,7
53432,4,0
53433,8,5
53434,1,2
53435,8,9
53436,1,1
53437,4,9
53438,2,9
53439,2,4
53440,1,8
53441,4,7
53442,4,9
53443,7,5
53444,4,0
53445,1,8
53446,1,4
53447,7,3
53448,1,1
53449,2,4
53450,2,4
53451,4,4
53452,2,4
53453,7,3
53454,4,0
53455,5,2
53456,4,9
53457,7,3
53458,2,4
53459,2,4
53460,4,0
53461,8,5
53462,1,8
53463,5,6
53464,1,8
53465,1,7
53466,7,5
53467,1,1
53468,1,1
53469,4,0
53470,8,5
53471,6,1
53472,5,6
53473,9,2
53474,7,3
53475,7,3
53476,1,4
53477,2,4
53478,1,7
53479,8,5
53480,7,3
53481,0,6
53482,1,3
53483,1,7
53484,1,1
53485,1,8
53486,7,8
53487,4,0
53488,3,3
53489,6,1
53490,1,7
53491,9,2
53492,8,4
53493,7,3
53494,3,2
53495,2,4
53496,1,9
53497,8,5
53498,1,1
53499,0,6
53500,3,2
53501,1,7
53502,4,0
53503,4,0
53504,1,2
53505,8,9
53506,7,8
53507,1,5
53508,7,8
53509,4,0
53510,1,7
53511,8,9
53512,5,2
53513,1,8
53514,1,3
53515,8,9
53516,5,6
53517,1,8
53518,6,1
53519,4,4
53520,7,8
53521,6,1
53522,3,2
53523,1,7
53524,4,0
53525,1,7
53526,0,6
53527,1,3
53528,0,4
53529,8,5
53530,4,9
53531,6,1
53532,4,9
53533,4,0
53534,5,6
53535,4,0
53536,4,0
53537,4,0
53538,7,5
53539,6,1
53540,0,6
53541,9,2
53542,7,3
53543,5,6
53544,4,9
53545,1,3
53546,2,4
53547,1,3
53548,1,7
53549,1,7
53550,4,9
53551,2,4
53552,7,5
53553,0,6
53554,1,3
53555,0,6
53556,7,8
53557,0,6
53558,3,3
53559,2,4
53560,7,3
53561,1,9
53562,4,0
53563,6,1
53564,6,4
53565,8,9
53566,7,3
53567,7,5
53568,5,5
53569,1,8
53570,7,3
53571,1,2
53572,5,5
53573,4,0
53574,5,8
53575,4,0
53576,2,4
53577,6,1
53578,7,6
53579,1,7
53580,7,8
53581,5,6
53582,2,4
53583,1,3
53584,1,3
53585,5,2
53586,3,3
53587,6,1
53588,5,6
53589,1,7
53590,8,5
53591,1,3
53592,4,9
53593,6,1
53594,6,1
53595,7,3
53596,2,4
53597,2,9
53598,7,5
53599,6,1
53600,1,7
53601,1,7
53602,4,4
53603,0,6
53604,6,1
53605,1,8
53606,0,6
53607,0,4
53608,3,2
53609,1,3
53610,1,1
53611,6,1
53612,4,7
53613,4,4
53614,1,7
53615,4,0
53616,8,9
53617,5,5
53618,2,4
53619,1,3
53620,8,5
53621,5,6
53622,4,4
53623,1,9
53624,1,7
53625,0,6
53626,7,5
53627,6,1
53628,3,2
53629,1,7
53630,5,3
53631,0,4
53632,4,0
53633,4,4
53634,7,5
53635,1,7
53636,7,8
53637,9,2
53638,7,5
53639,3,2
53640,1,8
53641,7,5
53642,7,5
53643,2,7
53644,9,2
53645,1,9
53646,0,6
53647,8,5
53648,4,8
53649,2,4
53650,3,2
53651,1,8
53652,8,6
53653,7,8
53654,2,4
53655,2,4
53656,5,2
53657,4,0
53658,1,2
53659,1,8
53660,1,8
53661,8,9
53662,1,1
53663,1,8
53664,1,1
53665,3,0
53666,4,7
53667,6,1
53668,1,2
53669,3,2
53670,4,0
53671,7,3
53672,1,8
53673,8,4
53674,0,4
53675,5,5
53676,8,9
53677,0,6
53678,4,0
53679,1,7
53680,2,9
53681,1,8
53682,8,9
53683,1,9
53684,4,0
53685,4,0
53686,1,8
53687,6,1
53688,7,3
53689,9,2
53690,7,5
53691,7,3
53692,3,2
53693,2,4
53694,1,7
53695,8,5
53696,7,5
53697,0,6
53698,1,9
53699,1,7
53700,1,9
53701,1,8
53702,2,7
53703,1,9
53704,7,3
53705,3,0
53706,8,6
53707,6,1
53708,1,2
53709,9,2
53710,9,4
53711,7,3
53712,1,3
53713,8,4
53714,6,1
53715,5,5
53716,3,3
53717,5,6
53718,7,5
53719,2,7
53720,5,2
53721,1,8
53722,1,3
53723,2,9
53724,7,3
53725,1,7
53726,1,1
53727,9,2
53728,1,8
53729,8,9
53730,7,8
53731,4,4
53732,5,5
53733,9,2
53734,5,0
53735,1,9
53736,1,9
53737,1,8
53738,4,4
53739,8,4
53740,7,3
53741,7,5
53742,9,2
53743,1,8
53744,1,2
53745,1,8
53746,1,1
53747,4,0
53748,1,2
53749,7,3
53750,1,1
53751,7,5
53752,1,9
53753,4,4
53754,7,6
53755,7,3
53756,1,8
53757,7,3
53758,5,3
53759,7,5
53760,8,4
53761,6,1
53762,9,2
53763,2,7
53764,1,9
53765,1,8
53766,1,7
53767,8,4
53768,4,4
53769,7,5
53770,1,7
53771,1,7
53772,1,2
53773,9,2
53774,1,8
53775,0,6
53776,4,4
53777,0,6
53778,4,9
53779,1,7
53780,1,1
53781,1,7
53782,7,8
53783,1,7
53784,1,9
53785,4,0
53786,1,8
53787,6,1
53788,4,0
53789,4,0
53790,3,2
53791,6,1
53792,8,1
53793,5,6
53794,7,5
53795,5,5
53796,7,5
53797,7,5
53798,8,6
53799,3,2
53800,4,0
53801,2,9
53802,7,5
53803,3,3
53804,1,1
53805,6,1
53806,1,8
53807,2,4
53808,2,4
53809,1,8
53810,4,9
53811,1,8
53812,5,5
53813,1,7
53814,4,0
53815,7,3
53816,1,1
53817,1,8
53818,5,6
53819,3,2
53820,8,4
53821,4,9
53822,8,5
53823,6,1
53824,6,1
53825,3,2
53826,7,5
53827,0,6
53828,0,6
53829,8,5
53830,5,6
53831,2,9
53832,6,7
53833,6,1
53834,8,4
53835,3,2
53836,1,7
53837,3,2
53838,7,3
53839,1,7
53840,5,6
53841,8,9
53842,6,1
53843,1,7
53844,4,5
53845,8,9
53846,3,3
53847,2,9
53848,1,8
53849,6,1
53850,0,4
53851,4,0
53852,1,7
53853,4,9
53854,8,8
53855,1,7
53856,8,4
53857,4,0
53858,2,7
53859,5,5
53860,7,8
53861,4,0
53862,1,2
53863,7,3
53864,1,8
53865,8,8
53866,4,7
53867,2,4
53868,1,9
53869,5,6
53870,1,1
53871,6,1
53872,9,8
53873,2,4
53874,1,3
53875,7,3
53876,3,2
53877,0,6
53878,1,2
53879,3,2
53880,4,0
53881,4,0
53882,4,9
53883,2,4
53884,3,2
53885,1,8
53886,1,7
53887,6,1
53888,2,4
53889,3,3
53890,3,2
53891,6,1
53892,5,6
53893,3,0
53894,4,0
53895,8,9
53896,1,1
53897,5,0
53898,8,4
53899,6,1
53900,8,6
53901,3,2
53902,1,4
53903,3,3
53904,1,1
53905,0,4
53906,1,8
53907,5,5
53908,1,1
53909,5,6
53910,5,2
53911,9,7
53912,9,4
53913,1,8
53914,2,4
53915,2,9
53916,4,0
53917,4,0
53918,5,6
53919,6,1
53920,7,5
53921,9,2
53922,7,5
53923,7,3
53924,4,0
53925,0,4
53926,5,2
53927,7,5
53928,4,0
53929,0,6
53930,1,1
53931,2,7
53932,4,0
53933,1,8
53934,4,0
53935,1,9
53936,4,0
53937,5,0
53938,7,3
53939,6,1
53940,4,0
53941,9,2
53942,7,5
53943,7,3
53944,1,7
53945,2,4
53946,7,5
53947,5,5
53948,4,9
53949,0,6
53950,2,9
53951,1,9
53952,1,8
53953,7,8
53954,1,3
53955,2,4
53956,4,7
53957,4,0
53958,7,3
53959,4,0
53960,7,3
53961,2,7
53962,2,7
53963,9,2
53964,2,9
53965,6,4
53966,1,1
53967,9,2
53968,8,5
53969,0,6
53970,7,8
53971,5,5
53972,1,2
53973,5,5
53974,2,4
53975,7,3
53976,4,9
53977,1,7
53978,7,5
53979,7,8
53980,1,1
53981,0,6
53982,4,0
53983,0,6
53984,3,2
53985,2,4
53986,1,7
53987,7,3
53988,2,4
53989,9,2
53990,8,4
53991,0,6
53992,7,5
53993,0,6
53994,4,0
53995,7,3
53996,5,8
53997,5,8
53998,1,9
53999,7,8
54000,7,5
54001,3,3
54002,5,5
54003,4,0
54004,4,0
54005,6,1
54006,1,8
54007,6,4
54008,1,3
54009,8,4
54010,4,0
54011,9,7
54012,4,0
54013,7,3
54014,3,3
54015,7,5
54016,7,3
54017,2,4
54018,0,6
54019,6,1
54020,7,3
54021,1,9
54022,1,7
54023,6,1
54024,7,5
54025,9,2
54026,9,9
54027,6,1
54028,7,3
54029,7,3
54030,1,8
54031,2,9
54032,5,6
54033,9,2
54034,1,8
54035,1,7
54036,8,9
54037,9,7
54038,4,9
54039,8,9
54040,7,8
54041,2,4
54042,2,4
54043,9,2
54044,7,5
54045,7,5
54046,0,4
54047,1,8
54048,4,9
54049,0,6
54050,2,9
54051,5,5
54052,3,2
54053,5,5
54054,1,8
54055,2,9
54056,7,8
54057,2,9
54058,3,2
54059,6,1
54060,7,3
54061,6,1
54062,7,3
54063,7,5
54064,4,9
54065,9,7
54066,4,7
54067,8,6
54068,5,6
54069,1,9
54070,8,1
54071,6,1
54072,1,7
54073,7,3
54074,5,3
54075,9,2
54076,8,9
54077,3,3
54078,3,2
54079,6,1
54080,4,0
54081,4,9
54082,1,8
54083,4,0
54084,1,3
54085,1,9
54086,8,6
54087,6,1
54088,7,3
54089,5,0
54090,1,2
54091,5,5
54092,7,5
54093,1,8
54094,6,1
54095,3,2
54096,1,7
54097,2,7
54098,4,9
54099,6,7
54100,1,7
54101,4,0
54102,4,0
54103,1,1
54104,1,0
54105,3,2
54106,1,7
54107,3,3
54108,5,0
54109,2,4
54110,3,2
54111,7,5
54112,2,4
54113,0,6
54114,1,7
54115,1,7
54116,2,4
54117,7,8
54118,1,7
54119,4,9
54120,7,8
54121,5,0
54122,8,5
54123,1,1
54124,5,6
54125,3,2
54126,1,3
54127,3,3
54128,1,2
54129,2,4
54130,2,4
54131,7,5
54132,7,8
54133,0,6
54134,5,2
54135,1,7
54136,7,8
54137,1,8
54138,4,9
54139,4,9
54140,7,3
54141,4,0
54142,7,5
54143,1,1
54144,8,9
54145,3,2
54146,1,9
54147,3,3
54148,1,7
54149,4,4
54150,5,6
54151,7,5
54152,1,7
54153,0,6
54154,4,9
54155,1,7
54156,2,4
54157,1,8
54158,0,4
54159,8,5
54160,3,2
54161,9,2
54162,7,8
54163,1,8
54164,1,1
54165,1,1
54166,4,9
54167,1,7
54168,3,2
54169,3,2
54170,1,9
54171,0,4
54172,8,6
54173,6,1
54174,7,3
54175,2,4
54176,1,7
54177,1,1
54178,1,8
54179,2,4
54180,7,8
54181,2,9
54182,1,1
54183,0,6
54184,7,5
54185,7,8
54186,1,7
54187,8,4
54188,5,6
54189,7,5
54190,1,8
54191,3,3
54192,7,8
54193,1,7
54194,4,7
54195,7,8
54196,5,6
54197,4,4
54198,7,8
54199,1,3
54200,5,6
54201,3,3
54202,8,5
54203,7,5
54204,0,6
54205,0,6
54206,0,6
54207,1,7
54208,7,3
54209,4,0
54210,1,1
54211,0,6
54212,4,7
54213,6,1
54214,4,0
54215,0,6
54216,7,8
54217,1,8
54218,1,7
54219,1,7
54220,3,2
54221,7,0
54222,4,9
54223,6,1
54224,0,6
54225,7,5
54226,1,8
54227,0,6
54228,7,3
54229,4,0
54230,7,5
54231,1,8
54232,4,0
54233,7,5
54234,2,4
54235,4,0
54236,6,1
54237,0,6
54238,9,2
54239,1,1
54240,1,2
54241,7,5
54242,3,3
54243,1,8
54244,2,9
54245,2,4
54246,7,5
54247,3,2
54248,7,3
54249,7,3
54250,7,3
54251,8,9
54252,0,6
54253,1,7
54254,1,1
54255,0,6
54256,4,7
54257,2,9
54258,1,3
54259,6,1
54260,7,5
54261,2,9
54262,3,2
54263,4,0
54264,8,4
54265,0,6
54266,4,9
54267,1,7
54268,1,8
54269,6,1
54270,7,3
54271,9,2
54272,4,0
54273,7,3
54274,1,7
54275,8,9
54276,2,4
54277,3,2
54278,4,7
54279,2,4
54280,1,8
54281,7,5
54282,7,5
54283,7,5
54284,4,0
54285,3,3
54286,1,2
54287,1,7
54288,5,6
54289,7,5
54290,4,0
54291,7,3
54292,3,2
54293,6,1
54294,2,4
54295,7,8
54296,1,3
54297,9,2
54298,5,6
54299,9,2
54300,8,9
54301,3,3
54302,8,5
54303,4,0
54304,7,3
54305,3,2
54306,1,2
54307,2,9
54308,1,8
54309,4,4
54310,8,1
54311,2,9
54312,4,9
54313,4,0
54314,1,2
54315,3,2
54316,5,6
54317,2,7
54318,5,2
54319,2,4
54320,4,0
54321,8,9
54322,1,3
54323,8,9
54324,2,4
54325,9,2
54326,3,2
54327,1,8
54328,4,0
54329,6,1
54330,9,2
54331,7,5
54332,5,6
54333,0,6
54334,1,9
54335,8,9
54336,7,8
54337,1,8
54338,3,2
54339,7,3
54340,1,1
54341,7,8
54342,1,1
54343,3,3
54344,1,8
54345,0,6
54346,1,8
54347,0,4
54348,0,6
54349,4,0
54350,3,2
54351,4,0
54352,1,8
54353,1,1
54354,4,0
54355,5,2
54356,4,0
54357,3,3
54358,2,4
54359,1,4
54360,0,6
54361,7,5
54362,1,8
54363,0,6
54364,1,7
54365,1,7
54366,7,5
54367,1,8
54368,4,0
54369,1,9
54370,5,6
54371,5,0
54372,1,7
54373,1,1
54374,2,4
54375,3,2
54376,0,4
54377,7,3
54378,6,7
54379,4,4
54380,1,1
54381,7,5
54382,4,9
54383,5,6
54384,1,1
54385,1,7
54386,1,9
54387,7,8
54388,1,1
54389,1,9
54390,0,6
54391,4,0
54392,4,0
54393,1,1
54394,7,8
54395,5,2
54396,1,7
54397,7,3
54398,3,3
54399,2,4
54400,8,5
54401,5,5
54402,1,3
54403,0,6
54404,4,0
54405,2,7
54406,7,3
54407,1,8
54408,3,2
54409,0,6
54410,2,4
54411,4,0
54412,2,4
54413,7,3
54414,4,0
54415,2,4
54416,1,1
54417,1,1
54418,6,1
54419,2,4
54420,0,6
54421,4,0
54422,2,4
54423,1,8
54424,1,2
54425,0,6
54426,1,7
54427,2,4
54428,1,1
54429,7,5
54430,1,3
54431,4,4
54432,1,2
54433,4,0
54434,6,1
54435,1,7
54436,7,3
54437,7,8
54438,1,1
54439,1,7
54440,3,2
54441,1,7
54442,7,5
54443,2,9
54444,7,3
54445,4,0
54446,7,5
54447,2,4
54448,3,2
54449,1,9
54450,1,8
54451,1,9
54452,8,4
54453,1,7
54454,3,2
54455,2,4
54456,9,2
54457,5,2
54458,8,1
54459,4,0
54460,7,3
54461,5,5
54462,0,6
54463,1,8
54464,4,0
54465,7,5
54466,9,4
54467,1,9
54468,1,1
54469,1,8
54470,8,5
54471,7,8
54472,7,7
54473,2,4
54474,4,0
54475,4,0
54476,7,3
54477,1,7
54478,1,7
54479,1,1
54480,3,2
54481,3,3
54482,1,7
54483,7,5
54484,9,2
54485,1,1
54486,4,0
54487,7,3
54488,1,8
54489,1,1
54490,5,6
54491,7,5
54492,8,8
54493,7,3
54494,2,7
54495,7,8
54496,5,6
54497,1,7
54498,1,8
54499,7,3
54500,7,5
54501,1,1
54502,4,0
54503,5,6
54504,8,9
54505,1,8
54506,5,1
54507,7,5
54508,1,9
54509,4,9
54510,8,5
54511,3,2
54512,4,0
54513,3,2
54514,4,0
54515,4,0
54516,1,3
54517,4,9
54518,5,6
54519,3,2
54520,7,9
54521,2,4
54522,1,7
54523,5,6
54524,7,3
54525,7,5
54526,7,3
54527,3,2
54528,7,5
54529,4,7
54530,1,3
54531,3,3
54532,1,7
54533,1,1
54534,7,3
54535,3,3
54536,4,7
54537,0,6
54538,4,9
54539,0,6
54540,1,7
54541,5,2
54542,1,7
54543,1,1
54544,6,1
54545,3,2
54546,2,9
54547,0,6
54548,8,9
54549,4,0
54550,7,8
54551,3,2
54552,1,1
54553,3,2
54554,1,8
54555,1,7
54556,5,2
54557,1,1
54558,1,7
54559,7,3
54560,7,3
54561,2,7
54562,7,5
54563,2,4
54564,7,8
54565,1,7
54566,7,5
54567,2,4
54568,7,3
54569,1,8
54570,5,6
54571,4,9
54572,5,6
54573,5,2
54574,5,2
54575,2,9
54576,8,1
54577,7,5
54578,4,9
54579,1,1
54580,1,1
54581,7,5
54582,2,4
54583,0,6
54584,4,9
54585,1,8
54586,1,9
54587,3,3
54588,2,4
54589,7,5
54590,1,8
54591,5,6
54592,4,9
54593,1,8
54594,7,8
54595,4,0
54596,1,8
54597,4,0
54598,7,5
54599,1,9
54600,4,0
54601,1,9
54602,8,6
54603,3,3
54604,7,5
54605,1,1
54606,2,7
54607,1,1
54608,4,0
54609,4,0
54610,0,6
54611,1,1
54612,4,8
54613,9,2
54614,1,1
54615,7,3
54616,1,3
54617,2,4
54618,5,6
54619,8,5
54620,4,0
54621,0,6
54622,3,3
54623,1,7
54624,7,8
54625,1,8
54626,7,8
54627,1,9
54628,1,4
54629,4,0
54630,5,6
54631,1,1
54632,1,7
54633,1,2
54634,8,4
54635,7,3
54636,1,8
54637,2,4
54638,1,7
54639,8,5
54640,7,5
54641,0,6
54642,4,0
54643,1,7
54644,2,7
54645,7,8
54646,5,6
54647,1,9
54648,7,3
54649,4,0
54650,2,4
54651,1,1
54652,5,6
54653,9,2
54654,7,8
54655,7,3
54656,1,8
54657,2,4
54658,7,3
54659,7,5
54660,7,3
54661,5,6
54662,0,6
54663,2,7
54664,6,1
54665,1,8
54666,8,9
54667,1,9
54668,2,4
54669,1,7
54670,8,5
54671,7,5
54672,2,4
54673,7,5
54674,3,2
54675,1,1
54676,5,2
54677,1,9
54678,1,7
54679,1,9
54680,3,2
54681,1,7
54682,3,2
54683,1,1
54684,7,8
54685,4,0
54686,4,4
54687,2,9
54688,1,7
54689,4,0
54690,4,0
54691,1,7
54692,6,1
54693,1,1
54694,7,3
54695,1,7
54696,1,7
54697,7,3
54698,1,9
54699,0,6
54700,1,3
54701,1,8
54702,4,9
54703,4,0
54704,7,3
54705,1,8
54706,3,3
54707,7,3
54708,6,1
54709,3,2
54710,4,4
54711,5,0
54712,1,8
54713,1,9
54714,3,2
54715,4,0
54716,6,1
54717,5,6
54718,2,4
54719,1,1
54720,6,1
54721,1,7
54722,3,3
54723,1,5
54724,7,3
54725,1,8
54726,7,8
54727,1,3
54728,4,0
54729,4,4
54730,3,3
54731,2,7
54732,1,7
54733,5,6
54734,1,7
54735,7,3
54736,7,3
54737,3,2
54738,8,9
54739,7,3
54740,1,7
54741,1,8
54742,2,4
54743,1,9
54744,8,5
54745,2,4
54746,7,3
54747,1,8
54748,4,4
54749,1,8
54750,8,5
54751,1,7
54752,1,1
54753,1,1
54754,3,2
54755,5,0
54756,1,2
54757,1,8
54758,6,2
54759,1,7
54760,2,7
54761,2,7
54762,9,2
54763,1,9
54764,4,0
54765,5,2
54766,4,9
54767,3,3
54768,1,2
54769,2,4
54770,0,4
54771,0,6
54772,1,3
54773,6,1
54774,8,5
54775,1,1
54776,5,5
54777,2,4
54778,4,4
54779,8,5
54780,7,3
54781,8,5
54782,1,3
54783,4,0
54784,1,1
54785,2,4
54786,1,1
54787,1,8
54788,9,6
54789,1,7
54790,3,2
54791,2,4
54792,1,7
54793,1,9
54794,1,2
54795,1,2
54796,3,2
54797,1,3
54798,7,3
54799,5,6
54800,4,0
54801,1,4
54802,5,6
54803,1,1
54804,4,0
54805,1,2
54806,9,2
54807,2,4
54808,4,0
54809,1,1
54810,4,0
54811,8,5
54812,4,0
54813,2,4
54814,4,4
54815,1,2
54816,1,1
54817,4,0
54818,1,7
54819,8,4
54820,5,6
54821,1,8
54822,4,0
54823,5,6
54824,1,1
54825,1,1
54826,2,4
54827,1,9
54828,7,5
54829,1,3
54830,0,6
54831,9,2
54832,4,0
54833,4,0
54834,3,2
54835,4,0
54836,1,0
54837,1,2
54838,3,2
54839,7,5
54840,5,2
54841,5,6
54842,7,8
54843,1,9
54844,4,0
54845,7,3
54846,7,8
54847,0,6
54848,5,2
54849,1,3
54850,2,9
54851,5,6
54852,2,4
54853,4,0
54854,9,2
54855,6,1
54856,1,3
54857,9,2
54858,7,3
54859,3,3
54860,4,9
54861,2,4
54862,7,5
54863,1,7
54864,6,1
54865,5,0
54866,3,2
54867,3,3
54868,7,5
54869,2,4
54870,8,8
54871,2,7
54872,1,1
54873,9,0
54874,8,9
54875,6,1
54876,1,1
54877,9,2
54878,1,4
54879,3,3
54880,8,5
54881,2,4
54882,4,7
54883,1,5
54884,1,8
54885,5,6
54886,1,1
54887,2,7
54888,7,3
54889,8,8
54890,1,7
54891,2,7
54892,3,3
54893,9,2
54894,1,2
54895,2,4
54896,2,8
54897,6,1
54898,1,3
54899,6,4
54900,4,0
54901,6,1
54902,8,5
54903,2,4
54904,5,5
54905,2,9
54906,4,4
54907,5,6
54908,3,2
54909,1,8
54910,7,3
54911,2,4
54912,1,7
54913,5,5
54914,7,5
54915,3,3
54916,1,8
54917,1,7
54918,2,4
54919,1,8
54920,1,8
54921,6,4
54922,4,0
54923,5,6
54924,1,2
54925,2,7
54926,1,8
54927,5,0
54928,8,5
54929,5,6
54930,7,3
54931,6,1
54932,5,5
54933,5,6
54934,7,5
54935,1,8
54936,2,4
54937,1,7
54938,8,5
54939,4,0
54940,4,7
54941,5,0
54942,4,0
54943,5,0
54944,8,9
54945,5,6
54946,1,1
54947,6,1
54948,5,6
54949,8,5
54950,7,8
54951,9,2
54952,7,3
54953,3,3
54954,5,8
54955,2,9
54956,3,2
54957,1,7
54958,1,8
54959,5,6
54960,9,4
54961,2,9
54962,4,9
54963,6,1
54964,1,7
54965,2,9
54966,4,7
54967,5,0
54968,1,1
54969,5,6
54970,7,5
54971,2,7
54972,7,3
54973,9,2
54974,6,1
54975,1,5
54976,7,3
54977,3,3
54978,3,2
54979,6,1
54980,4,0
54981,5,2
54982,4,0
54983,7,3
54984,1,9
54985,5,0
54986,7,8
54987,9,2
54988,7,5
54989,2,9
54990,1,8
54991,6,4
54992,0,4
54993,1,9
54994,5,6
54995,2,7
54996,1,3
54997,4,0
54998,2,4
54999,4,0
55000,6,1
55001,3,2
55002,7,8
55003,2,7
55004,2,4
55005,6,4
55006,4,0
55007,1,9
55008,1,3
55009,2,9
55010,8,5
55011,5,2
55012,0,6
55013,2,9
55014,6,1
55015,1,8
55016,0,6
55017,3,3
55018,5,6
55019,5,6
55020,1,8
55021,1,7
55022,1,8
55023,5,0
55024,0,4
55025,2,4
55026,1,8
55027,5,0
55028,7,3
55029,4,0
55030,4,0
55031,1,1
55032,9,2
55033,3,2
55034,1,7
55035,7,3
55036,1,1
55037,8,4
55038,7,3
55039,0,6
55040,1,2
55041,4,7
55042,5,5
55043,1,8
55044,1,2
55045,5,0
55046,1,1
55047,1,1
55048,4,0
55049,5,2
55050,7,3
55051,1,3
55052,1,7
55053,4,4
55054,1,3
55055,7,5
55056,4,0
55057,0,6
55058,8,5
55059,1,7
55060,7,5
55061,1,8
55062,7,3
55063,1,9
55064,4,9
55065,4,0
55066,5,6
55067,6,1
55068,4,9
55069,5,2
55070,9,2
55071,7,3
55072,4,9
55073,8,4
55074,4,4
55075,8,5
55076,7,5
55077,0,6
55078,2,7
55079,1,7
55080,1,1
55081,1,8
55082,1,7
55083,6,1
55084,2,7
55085,0,4
55086,1,7
55087,8,4
55088,1,7
55089,1,2
55090,1,7
55091,3,3
55092,2,9
55093,1,3
55094,1,7
55095,4,0
55096,0,6
55097,4,9
55098,8,4
55099,7,5
55100,9,2
55101,4,4
55102,4,9
55103,1,3
55104,3,3
55105,4,0
55106,7,3
55107,1,8
55108,7,5
55109,4,4
55110,4,0
55111,0,6
55112,0,6
55113,1,7
55114,2,9
55115,4,0
55116,5,3
55117,1,7
55118,1,8
55119,1,7
55120,1,9
55121,1,1
55122,7,8
55123,0,6
55124,9,4
55125,1,9
55126,8,9
55127,6,1
55128,3,8
55129,1,2
55130,4,0
55131,1,9
55132,1,8
55133,7,3
55134,5,6
55135,0,6
55136,2,4
55137,1,2
55138,0,6
55139,3,3
55140,6,1
55141,2,4
55142,1,1
55143,5,6
55144,3,3
55145,7,8
55146,1,8
55147,1,7
55148,8,5
55149,5,2
55150,6,1
55151,3,3
55152,4,0
55153,1,8
55154,5,6
55155,6,1
55156,3,8
55157,5,2
55158,3,2
55159,4,9
55160,2,4
55161,8,5
55162,5,6
55163,1,8
55164,7,5
55165,1,8
55166,0,6
55167,1,7
55168,5,6
55169,1,1
55170,3,2
55171,1,7
55172,1,2
55173,6,1
55174,1,7
55175,6,1
55176,3,2
55177,4,0
55178,2,4
55179,1,3
55180,1,7
55181,8,4
55182,1,8
55183,9,2
55184,8,5
55185,0,6
55186,5,2
55187,8,4
55188,3,2
55189,1,7
55190,1,3
55191,8,4
55192,7,8
55193,9,2
55194,3,3
55195,1,7
55196,0,6
55197,2,4
55198,1,3
55199,1,2
55200,1,9
55201,1,9
55202,1,2
55203,1,2
55204,7,5
55205,1,7
55206,4,4
55207,4,9
55208,8,5
55209,3,2
55210,1,7
55211,1,8
55212,7,5
55213,5,6
55214,1,1
55215,6,1
55216,1,7
55217,4,0
55218,3,8
55219,5,6
55220,3,2
55221,7,8
55222,1,1
55223,7,5
55224,1,9
55225,7,5
55226,5,6
55227,4,0
55228,3,2
55229,7,5
55230,8,6
55231,3,3
55232,1,1
55233,7,5
55234,1,8
55235,2,9
55236,6,1
55237,1,7
55238,1,7
55239,4,4
55240,8,9
55241,7,8
55242,4,0
55243,2,9
55244,4,7
55245,0,6
55246,4,0
55247,2,9
55248,7,5
55249,7,3
55250,7,8
55251,4,0
55252,0,6
55253,4,0
55254,4,0
55255,5,6
55256,7,8
55257,7,3
55258,2,4
55259,4,0
55260,5,5
55261,8,5
55262,1,1
55263,1,8
55264,8,8
55265,1,9
55266,1,7
55267,6,1
55268,1,8
55269,1,8
55270,1,7
55271,6,1
55272,7,8
55273,5,6
55274,5,6
55275,4,0
55276,2,7
55277,4,0
55278,3,0
55279,6,1
55280,4,4
55281,1,2
55282,8,4
55283,1,3
55284,7,8
55285,4,4
55286,1,1
55287,7,5
55288,4,0
55289,5,6
55290,4,0
55291,1,7
55292,7,3
55293,1,8
55294,2,4
55295,1,9
55296,6,9
55297,4,0
55298,7,5
55299,6,1
55300,3,2
55301,1,3
55302,4,0
55303,2,4
55304,1,2
55305,7,5
55306,1,1
55307,5,6
55308,5,2
55309,1,7
55310,1,1
55311,1,8
55312,1,3
55313,2,9
55314,0,6
55315,4,0
55316,3,2
55317,6,1
55318,0,4
55319,1,2
55320,0,4
55321,1,3
55322,7,5
55323,2,4
55324,6,1
55325,7,5
55326,1,2
55327,5,6
55328,2,4
55329,4,7
55330,3,8
55331,1,8
55332,0,4
55333,2,9
55334,7,3
55335,1,1
55336,7,3
55337,2,4
55338,1,1
55339,2,4
55340,1,4
55341,3,3
55342,8,5
55343,1,3
55344,1,7
55345,4,0
55346,1,7
55347,1,9
55348,4,0
55349,7,5
55350,8,6
55351,2,4
55352,9,2
55353,1,3
55354,4,0
55355,4,0
55356,7,5
55357,1,8
55358,1,1
55359,2,4
55360,3,2
55361,4,0
55362,5,6
55363,1,7
55364,4,9
55365,2,7
55366,4,0
55367,5,6
55368,1,8
55369,1,9
55370,4,9
55371,1,1
55372,5,6
55373,3,2
55374,1,7
55375,2,9
55376,7,5
55377,1,3
55378,7,3
55379,5,6
55380,6,1
55381,3,2
55382,5,6
55383,1,3
55384,1,7
55385,2,4
55386,6,1
55387,0,6
55388,7,5
55389,7,5
55390,5,6
55391,9,2
55392,3,8
55393,1,3
55394,7,5
55395,1,8
55396,7,5
55397,6,1
55398,4,0
55399,9,2
55400,4,0
55401,4,9
55402,4,0
55403,8,5
55404,5,2
55405,1,8
55406,2,9
55407,1,8
55408,4,0
55409,2,7
55410,4,0
55411,6,1
55412,1,1
55413,2,7
55414,7,5
55415,6,1
55416,2,4
55417,6,1
55418,8,4
55419,1,3
55420,0,6
55421,2,4
55422,1,7
55423,0,4
55424,2,4
55425,4,7
55426,2,7
55427,2,4
55428,7,5
55429,1,2
55430,7,8
55431,1,7
55432,7,3
55433,1,2
55434,7,5
55435,8,9
55436,7,8
55437,9,2
55438,1,8
55439,1,7
55440,7,3
55441,2,9
55442,8,5
55443,9,2
55444,1,7
55445,1,8
55446,1,7
55447,5,6
55448,1,7
55449,6,1
55450,7,5
55451,1,8
55452,1,7
55453,7,5
55454,8,9
55455,8,5
55456,8,6
55457,4,0
55458,4,6
55459,7,5
55460,7,5
55461,5,3
55462,1,8
55463,8,5
55464,4,9
55465,1,9
55466,1,7
55467,1,7
55468,4,9
55469,2,4
55470,1,3
55471,1,8
55472,3,3
55473,4,9
55474,7,3
55475,8,6
55476,2,7
55477,2,9
55478,1,1
55479,4,0
55480,1,7
55481,4,0
55482,1,3
55483,5,6
55484,4,0
55485,1,3
55486,6,7
55487,4,0
55488,1,3
55489,5,5
55490,4,4
55491,7,8
55492,4,7
55493,1,9
55494,1,7
55495,1,1
55496,9,9
55497,1,8
55498,8,5
55499,6,1
55500,1,1
55501,3,0
55502,1,1
55503,5,0
55504,1,2
55505,1,1
55506,8,5
55507,3,2
55508,9,2
55509,3,3
55510,4,9
55511,0,4
55512,5,6
55513,5,5
55514,1,7
55515,0,6
55516,4,4
55517,1,7
55518,2,7
55519,1,8
55520,8,6
55521,4,0
55522,0,4
55523,1,1
55524,1,1
55525,5,2
55526,1,2
55527,7,3
55528,3,2
55529,2,4
55530,1,8
55531,7,5
55532,1,4
55533,0,6
55534,7,8
55535,1,7
55536,0,6
55537,1,8
55538,2,4
55539,1,9
55540,1,2
55541,4,0
55542,9,2
55543,1,1
55544,1,7
55545,1,2
55546,8,4
55547,3,3
55548,1,3
55549,0,4
55550,7,3
55551,5,6
55552,8,4
55553,1,7
55554,7,5
55555,1,8
55556,4,0
55557,1,8
55558,5,6
55559,5,2
55560,1,7
55561,0,6
55562,1,7
55563,2,9
55564,9,4
55565,0,6
55566,3,3
55567,1,1
55568,2,9
55569,1,9
55570,4,9
55571,1,9
55572,7,5
55573,1,9
55574,1,1
55575,2,4
55576,4,0
55577,2,4
55578,1,8
55579,1,3
55580,3,3
55581,1,8
55582,4,0
55583,1,1
55584,0,6
55585,2,4
55586,1,8
55587,1,1
55588,4,0
55589,1,2
55590,0,6
55591,5,5
55592,7,3
55593,5,0
55594,1,1
55595,4,9
55596,1,1
55597,2,4
55598,8,4
55599,2,9
55600,4,9
55601,1,1
55602,7,5
55603,1,7
55604,1,8
55605,2,4
55606,1,8
55607,0,4
55608,2,7
55609,6,1
55610,1,8
55611,1,8
55612,1,9
55613,1,7
55614,1,8
55615,0,6
55616,4,6
55617,4,0
55618,1,8
55619,1,8
55620,1,8
55621,1,1
55622,4,0
55623,1,8
55624,4,0
55625,5,2
55626,5,6
55627,5,6
55628,7,3
55629,5,2
55630,0,4
55631,4,0
55632,1,8
55633,4,9
55634,1,1
55635,1,1
55636,1,9
55637,1,2
55638,8,6
55639,1,5
55640,7,3
55641,8,4
55642,4,9
55643,5,5
55644,1,1
55645,5,6
55646,4,0
55647,1,7
55648,9,9
55649,3,3
55650,1,8
55651,5,0
55652,2,9
55653,5,2
55654,2,4
55655,3,2
55656,4,0
55657,9,2
55658,2,4
55659,1,7
55660,5,6
55661,7,5
55662,5,2
55663,5,0
55664,4,0
55665,3,3
55666,4,0
55667,1,5
55668,1,7
55669,3,2
55670,5,6
55671,6,1
55672,5,5
55673,0,4
55674,7,8
55675,2,4
55676,0,4
55677,7,3
55678,6,2
55679,4,0
55680,4,0
55681,4,0
55682,5,0
55683,1,8
55684,2,4
55685,7,5
55686,6,1
55687,2,4
55688,7,3
55689,1,7
55690,2,4
55691,1,9
55692,3,2
55693,1,7
55694,1,3
55695,1,8
55696,5,8
55697,1,8
55698,5,3
55699,1,7
55700,1,7
55701,1,9
55702,4,9
55703,5,6
55704,9,2
55705,3,3
55706,7,8
55707,6,1
55708,7,5
55709,1,7
55710,1,1
55711,1,9
55712,5,5
55713,0,6
55714,6,1
55715,1,3
55716,6,1
55717,1,3
55718,7,5
55719,6,1
55720,0,6
55721,5,0
55722,7,5
55723,1,2
55724,4,7
55725,5,6
55726,7,3
55727,0,0
55728,7,5
55729,3,5
55730,1,9
55731,5,6
55732,7,3
55733,1,8
55734,7,5
55735,1,7
55736,8,4
55737,3,3
55738,5,6
55739,5,5
55740,1,1
55741,1,8
55742,5,6
55743,3,3
55744,2,7
55745,4,0
55746,7,3
55747,1,1
55748,8,5
55749,3,2
55750,1,7
55751,3,3
55752,4,0
55753,2,4
55754,5,6
55755,7,5
55756,4,7
55757,5,6
55758,1,3
55759,2,7
55760,5,6
55761,1,8
55762,1,8
55763,1,9
55764,1,8
55765,4,0
55766,1,8
55767,1,1
55768,1,1
55769,3,2
55770,5,6
55771,3,3
55772,7,8
55773,0,4
55774,9,4
55775,5,5
55776,8,4
55777,0,6
55778,2,9
55779,1,7
55780,1,9
55781,1,8
55782,3,2
55783,1,9
55784,6,1
55785,4,0
55786,1,1
55787,1,1
55788,2,4
55789,3,2
55790,1,8
55791,7,3
55792,1,9
55793,2,4
55794,5,5
55795,5,5
55796,3,3
55797,5,6
55798,5,6
55799,2,7
55800,7,5
55801,1,8
55802,1,7
55803,1,9
55804,5,5
55805,4,0
55806,4,0
55807,1,8
55808,1,2
55809,1,7
55810,0,4
55811,1,8
55812,4,4
55813,1,9
55814,2,9
55815,2,9
55816,3,2
55817,4,0
55818,7,5
55819,1,1
55820,8,6
55821,0,4
55822,4,0
55823,7,5
55824,0,6
55825,1,1
55826,1,7
55827,5,6
55828,8,4
55829,2,7
55830,4,0
55831,3,3
55832,6,1
55833,5,2
55834,1,9
55835,1,9
55836,3,2
55837,4,0
55838,8,5
55839,5,5
55840,5,0
55841,5,6
55842,1,7
55843,2,7
55844,3,3
55845,3,3
55846,1,1
55847,1,9
55848,1,7
55849,1,9
55850,8,9
55851,3,3
55852,1,8
55853,1,8
55854,2,7
55855,1,1
55856,2,9
55857,3,2
55858,1,3
55859,2,9
55860,0,4
55861,0,6
55862,9,2
55863,2,7
55864,7,3
55865,7,5
55866,7,3
55867,0,6
55868,1,8
55869,3,3
55870,1,1
55871,7,5
55872,6,4
55873,4,0
55874,7,3
55875,7,5
55876,7,3
55877,0,4
55878,5,5
55879,4,0
55880,7,8
55881,3,3
55882,1,7
55883,6,4
55884,4,9
55885,2,7
55886,5,5
55887,2,7
55888,1,1
55889,1,9
55890,4,0
55891,6,4
55892,4,0
55893,3,3
55894,7,5
55895,2,7
55896,9,7
55897,0,6
55898,0,4
55899,3,2
55900,0,6
55901,1,1
55902,8,5
55903,7,5
55904,0,6
55905,7,5
55906,1,2
55907,4,0
55908,8,5
55909,5,5
55910,7,5
55911,4,0
55912,3,2
55913,5,6
55914,5,3
55915,2,7
55916,4,7
55917,4,0
55918,1,7
55919,3,2
55920,1,1
55921,1,9
55922,4,0
55923,7,3
55924,2,4
55925,2,4
55926,7,3
55927,6,4
55928,1,7
55929,1,8
55930,2,4
55931,6,1
55932,7,3
55933,9,2
55934,1,7
55935,9,2
55936,5,6
55937,3,3
55938,1,9
55939,6,1
55940,7,8
55941,3,3
55942,5,6
55943,5,6
55944,2,4
55945,2,7
55946,7,8
55947,3,3
55948,2,4
55949,2,9
55950,3,2
55951,5,6
55952,3,2
55953,5,5
55954,4,4
55955,1,1
55956,5,6
55957,2,9
55958,7,5
55959,1,8
55960,7,3
55961,1,1
55962,7,3
55963,1,1
55964,0,4
55965,7,5
55966,7,3
55967,4,0
55968,1,8
55969,9,2
55970,4,9
55971,2,7
55972,9,2
55973,1,8
55974,1,3
55975,0,6
55976,4,4
55977,0,6
55978,2,9
55979,1,8
55980,7,5
55981,6,4
55982,3,2
55983,0,4
55984,0,6
55985,3,2
55986,4,0
55987,3,2
55988,6,1
55989,1,8
55990,4,4
55991,4,0
55992,8,9
55993,4,0
55994,5,6
55995,1,1
55996,1,2
55997,9,2
55998,7,3
55999,3,3
56000,6,1
56001,7,8
56002,7,5
56003,1,9
56004,1,8
56005,4,0
56006,1,3
56007,6,1
56008,7,3
56009,9,2
56010,1,1
56011,2,4
56012,7,3
56013,7,5
56014,3,5
56015,5,6
56016,6,1
56017,1,7
56018,2,9
56019,1,8
56020,1,1
56021,1,9
56022,5,6
56023,4,0
56024,8,5
56025,6,1
56026,1,8
56027,9,2
56028,1,7
56029,3,3
56030,2,7
56031,0,4
56032,7,5
56033,5,5
56034,1,7
56035,0,6
56036,7,5
56037,1,7
56038,7,5
56039,1,8
56040,9,2
56041,1,9
56042,1,7
56043,7,3
56044,5,6
56045,7,5
56046,6,1
56047,3,3
56048,1,1
56049,9,2
56050,5,0
56051,1,9
56052,4,7
56053,3,3
56054,7,5
56055,9,2
56056,1,8
56057,6,1
56058,1,7
56059,6,4
56060,4,4
56061,7,5
56062,8,9
56063,7,5
56064,4,7
56065,9,2
56066,6,7
56067,3,3
56068,1,8
56069,3,2
56070,1,8
56071,6,1
56072,4,4
56073,3,3
56074,1,7
56075,4,9
56076,1,7
56077,1,7
56078,4,9
56079,9,2
56080,0,4
56081,6,1
56082,8,8
56083,9,2
56084,2,4
56085,1,8
56086,7,7
56087,1,9
56088,1,2
56089,6,1
56090,2,9
56091,1,8
56092,8,9
56093,1,8
56094,2,4
56095,1,7
56096,2,7
56097,3,8
56098,5,6
56099,6,1
56100,9,2
56101,4,0
56102,4,9
56103,4,0
56104,3,2
56105,0,6
56106,2,4
56107,1,7
56108,7,5
56109,1,7
56110,1,1
56111,1,7
56112,1,7
56113,7,5
56114,1,1
56115,5,6
56116,7,5
56117,6,1
56118,1,9
56119,7,5
56120,9,2
56121,1,7
56122,2,4
56123,6,1
56124,4,0
56125,3,2
56126,1,8
56127,5,5
56128,7,5
56129,4,0
56130,5,6
56131,1,7
56132,2,7
56133,1,9
56134,1,3
56135,1,9
56136,7,3
56137,4,0
56138,1,1
56139,7,3
56140,4,0
56141,1,8
56142,0,4
56143,2,4
56144,0,6
56145,1,8
56146,8,4
56147,2,4
56148,5,6
56149,6,1
56150,0,4
56151,1,8
56152,8,9
56153,5,6
56154,1,2
56155,5,5
56156,4,9
56157,1,9
56158,4,0
56159,4,0
56160,1,7
56161,4,0
56162,8,6
56163,4,0
56164,7,3
56165,3,3
56166,1,9
56167,1,7
56168,1,2
56169,6,1
56170,3,8
56171,5,6
56172,8,6
56173,8,4
56174,5,0
56175,9,2
56176,4,0
56177,0,6
56178,4,9
56179,5,6
56180,1,8
56181,4,0
56182,0,6
56183,6,4
56184,4,4
56185,7,5
56186,5,6
56187,8,4
56188,1,2
56189,6,1
56190,4,4
56191,3,3
56192,1,1
56193,1,8
56194,1,8
56195,5,6
56196,4,7
56197,3,3
56198,7,3
56199,1,9
56200,7,5
56201,1,9
56202,7,5
56203,5,5
56204,7,3
56205,1,9
56206,7,5
56207,3,3
56208,1,1
56209,1,7
56210,0,6
56211,5,6
56212,4,9
56213,3,2
56214,8,5
56215,9,2
56216,4,9
56217,4,0
56218,6,7
56219,4,0
56220,4,7
56221,1,1
56222,1,2
56223,1,2
56224,7,5
56225,3,3
56226,1,1
56227,0,4
56228,3,3
56229,8,5
56230,4,9
56231,0,6
56232,5,6
56233,4,7
56234,7,3
56235,1,8
56236,4,0
56237,2,9
56238,1,9
56239,3,0
56240,5,6
56241,1,1
56242,2,9
56243,9,2
56244,4,4
56245,3,3
56246,8,5
56247,0,4
56248,4,0
56249,7,5
56250,1,8
56251,5,6
56252,1,1
56253,1,7
56254,1,8
56255,1,8
56256,4,0
56257,2,9
56258,4,4
56259,4,0
56260,1,3
56261,6,1
56262,7,5
56263,5,2
56264,3,2
56265,7,3
56266,1,7
56267,0,4
56268,2,4
56269,7,5
56270,4,9
56271,8,9
56272,1,7
56273,1,1
56274,1,7
56275,7,3
56276,2,4
56277,7,5
56278,6,1
56279,1,9
56280,2,4
56281,2,4
56282,1,2
56283,1,1
56284,1,8
56285,1,7
56286,1,8
56287,1,7
56288,7,3
56289,5,2
56290,1,8
56291,1,1
56292,6,9
56293,4,4
56294,1,7
56295,1,8
56296,1,8
56297,7,3
56298,1,2
56299,1,8
56300,4,9
56301,3,2
56302,2,4
56303,1,9
56304,4,9
56305,1,3
56306,7,5
56307,1,8
56308,1,1
56309,8,5
56310,8,5
56311,2,4
56312,1,2
56313,1,8
56314,7,5
56315,1,8
56316,8,4
56317,1,9
56318,4,0
56319,2,4
56320,2,4
56321,3,3
56322,1,8
56323,2,9
56324,7,3
56325,3,2
56326,6,1
56327,7,5
56328,6,1
56329,1,7
56330,2,4
56331,2,4
56332,4,0
56333,1,1
56334,4,4
56335,1,2
56336,1,1
56337,7,3
56338,1,1
56339,7,5
56340,9,2
56341,4,9
56342,5,6
56343,6,1
56344,7,5
56345,5,6
56346,4,7
56347,4,0
56348,4,9
56349,1,1
56350,4,4
56351,4,0
56352,4,0
56353,4,0
56354,1,7
56355,3,2
56356,1,7
56357,1,8
56358,5,6
56359,1,7
56360,8,5
56361,9,2
56362,5,0
56363,7,5
56364,0,4
56365,1,1
56366,7,5
56367,1,1
56368,7,5
56369,1,8
56370,5,5
56371,7,5
56372,5,2
56373,0,6
56374,1,1
56375,2,4
56376,2,4
56377,4,0
56378,1,8
56379,1,4
56380,8,4
56381,1,7
56382,2,7
56383,3,3
56384,1,1
56385,5,6
56386,1,8
56387,1,8
56388,4,0
56389,4,0
56390,4,7
56391,3,3
56392,1,7
56393,1,7
56394,1,2
56395,2,4
56396,7,8
56397,4,0
56398,7,3
56399,0,6
56400,1,4
56401,4,9
56402,1,8
56403,3,2
56404,4,0
56405,0,6
56406,0,4
56407,7,5
56408,4,9
56409,1,8
56410,1,7
56411,5,6
56412,1,8
56413,1,9
56414,4,9
56415,4,0
56416,2,7
56417,2,4
56418,2,7
56419,4,0
56420,7,3
56421,5,6
56422,2,4
56423,6,1
56424,4,0
56425,2,9
56426,2,7
56427,5,2
56428,8,8
56429,4,0
56430,1,8
56431,4,9
56432,1,7
56433,7,5
56434,7,3
56435,6,1
56436,4,0
56437,3,3
56438,1,7
56439,4,7
56440,5,4
56441,0,6
56442,2,9
56443,8,9
56444,5,0
56445,2,4
56446,5,6
56447,1,8
56448,7,3
56449,3,3
56450,4,0
56451,4,7
56452,1,4
56453,1,7
56454,4,0
56455,0,6
56456,6,1
56457,3,3
56458,8,9
56459,4,0
56460,1,0
56461,7,5
56462,2,7
56463,5,6
56464,1,9
56465,1,2
56466,1,9
56467,3,2
56468,8,5
56469,4,0
56470,1,1
56471,1,1
56472,1,7
56473,1,2
56474,7,3
56475,7,3
56476,7,5
56477,4,4
56478,4,9
56479,7,5
56480,4,9
56481,0,6
56482,1,7
56483,4,7
56484,4,4
56485,7,8
56486,1,9
56487,7,9
56488,5,3
56489,4,0
56490,1,1
56491,1,1
56492,7,3
56493,1,2
56494,1,9
56495,5,3
56496,2,4
56497,4,4
56498,9,2
56499,7,5
56500,1,7
56501,0,6
56502,7,8
56503,4,7
56504,1,3
56505,1,8
56506,6,1
56507,1,9
56508,9,2
56509,5,0
56510,1,7
56511,1,1
56512,4,0
56513,1,2
56514,3,2
56515,7,3
56516,0,4
56517,7,5
56518,1,7
56519,0,6
56520,5,6
56521,2,7
56522,4,0
56523,7,8
56524,7,3
56525,7,8
56526,5,6
56527,4,9
56528,3,3
56529,7,5
56530,4,0
56531,4,7
56532,2,4
56533,4,0
56534,2,7
56535,7,3
56536,1,8
56537,1,1
56538,6,1
56539,4,4
56540,3,2
56541,1,1
56542,2,7
56543,4,7
56544,1,8
56545,0,6
56546,2,7
56547,5,5
56548,5,6
56549,0,6
56550,4,4
56551,4,4
56552,5,6
56553,1,2
56554,7,5
56555,4,7
56556,4,0
56557,7,8
56558,1,2
56559,1,1
56560,1,8
56561,3,3
56562,0,6
56563,4,4
56564,2,4
56565,3,3
56566,8,5
56567,4,7
56568,0,6
56569,1,2
56570,4,0
56571,7,5
56572,6,1
56573,4,0
56574,3,3
56575,1,1
56576,1,1
56577,1,9
56578,7,3
56579,9,2
56580,1,9
56581,3,3
56582,5,6
56583,3,2
56584,1,1
56585,3,3
56586,7,5
56587,7,5
56588,1,7
56589,7,5
56590,1,2
56591,4,7
56592,5,6
56593,7,8
56594,1,8
56595,2,4
56596,1,4
56597,1,9
56598,3,2
56599,1,9
56600,1,8
56601,4,7
56602,1,1
56603,1,1
56604,1,7
56605,1,1
56606,4,0
56607,1,9
56608,4,0
56609,4,0
56610,1,1
56611,4,7
56612,1,2
56613,1,8
56614,3,2
56615,7,3
56616,7,3
56617,7,8
56618,2,9
56619,5,6
56620,0,4
56621,3,3
56622,4,9
56623,7,8
56624,7,3
56625,4,0
56626,4,0
56627,4,9
56628,7,8
56629,5,6
56630,7,5
56631,3,2
56632,0,6
56633,1,1
56634,4,9
56635,4,0
56636,1,8
56637,1,1
56638,2,7
56639,4,0
56640,2,7
56641,5,6
56642,1,4
56643,3,2
56644,1,1
56645,5,3
56646,6,4
56647,7,8
56648,4,4
56649,4,9
56650,1,7
56651,3,0
56652,1,7
56653,4,7
56654,3,3
56655,1,2
56656,1,1
56657,3,3
56658,8,5
56659,2,4
56660,6,1
56661,7,5
56662,4,0
56663,7,5
56664,5,2
56665,3,2
56666,7,5
56667,7,8
56668,6,1
56669,7,5
56670,2,7
56671,4,4
56672,1,8
56673,5,6
56674,4,0
56675,0,6
56676,2,4
56677,0,6
56678,0,6
56679,4,7
56680,6,7
56681,4,9
56682,1,2
56683,1,1
56684,4,9
56685,7,8
56686,4,0
56687,3,2
56688,1,1
56689,1,1
56690,4,9
56691,1,2
56692,5,6
56693,5,6
56694,4,7
56695,5,5
56696,1,1
56697,3,3
56698,4,4
56699,4,4
56700,2,4
56701,4,7
56702,2,9
56703,4,9
56704,4,0
56705,9,4
56706,5,6
56707,4,0
56708,2,9
56709,4,0
56710,7,8
56711,7,5
56712,8,5
56713,4,9
56714,1,1
56715,4,0
56716,7,8
56717,1,1
56718,0,6
56719,1,2
56720,7,5
56721,7,3
56722,1,7
56723,1,4
56724,4,0
56725,7,5
56726,4,9
56727,5,6
56728,1,1
56729,1,7
56730,7,3
56731,1,8
56732,7,5
56733,1,9
56734,1,1
56735,5,0
56736,5,6
56737,1,1
56738,7,3
56739,1,2
56740,2,4
56741,5,3
56742,4,9
56743,2,4
56744,1,1
56745,7,5
56746,4,6
56747,5,6
56748,8,5
56749,1,7
56750,1,1
56751,1,8
56752,3,2
56753,8,9
56754,7,3
56755,4,0
56756,1,7
56757,1,1
56758,2,4
56759,1,2
56760,1,9
56761,5,3
56762,9,2
56763,0,4
56764,1,1
56765,7,5
56766,4,0
56767,5,6
56768,1,1
56769,1,7
56770,4,4
56771,1,8
56772,1,1
56773,1,9
56774,8,9
56775,4,0
56776,7,3
56777,1,0
56778,4,0
56779,1,1
56780,1,7
56781,4,0
56782,5,5
56783,1,1
56784,2,4
56785,3,2
56786,7,5
56787,1,7
56788,4,9
56789,7,5
56790,5,6
56791,7,3
56792,2,9
56793,8,4
56794,2,7
56795,1,2
56796,5,6
56797,2,4
56798,1,7
56799,2,4
56800,7,9
56801,4,0
56802,0,4
56803,4,0
56804,5,5
56805,5,6
56806,1,7
56807,1,9
56808,1,4
56809,5,6
56810,6,1
56811,5,6
56812,7,5
56813,5,5
56814,1,7
56815,1,7
56816,1,7
56817,7,3
56818,2,4
56819,5,2
56820,7,3
56821,9,2
56822,1,7
56823,5,3
56824,1,2
56825,4,4
56826,2,4
56827,2,4
56828,4,7
56829,4,9
56830,5,6
56831,1,1
56832,4,7
56833,4,4
56834,1,1
56835,4,0
56836,1,1
56837,1,7
56838,7,5
56839,9,9
56840,5,6
56841,1,7
56842,5,8
56843,5,5
56844,1,7
56845,5,6
56846,1,7
56847,5,2
56848,1,2
56849,3,3
56850,1,7
56851,1,1
56852,5,5
56853,2,4
56854,5,6
56855,2,4
56856,4,4
56857,4,0
56858,1,8
56859,1,9
56860,7,5
56861,4,9
56862,0,6
56863,5,6
56864,1,2
56865,1,1
56866,8,8
56867,1,8
56868,4,0
56869,3,3
56870,1,1
56871,3,3
56872,7,8
56873,1,7
56874,1,8
56875,3,3
56876,9,2
56877,4,9
56878,8,6
56879,7,8
56880,1,7
56881,3,8
56882,6,1
56883,8,9
56884,4,9
56885,0,6
56886,2,4
56887,7,8
56888,1,7
56889,1,8
56890,7,5
56891,1,8
56892,2,7
56893,2,4
56894,7,8
56895,1,7
56896,4,9
56897,1,7
56898,7,5
56899,5,6
56900,4,7
56901,9,2
56902,1,1
56903,1,1
56904,5,6
56905,1,9
56906,1,9
56907,7,8
56908,4,0
56909,1,7
56910,6,1
56911,7,8
56912,6,1
56913,1,8
56914,1,0
56915,1,7
56916,8,6
56917,5,2
56918,5,6
56919,9,2
56920,1,7
56921,3,3
56922,3,2
56923,1,9
56924,1,7
56925,3,3
56926,1,2
56927,3,3
56928,8,5
56929,4,0
56930,4,9
56931,1,7
56932,1,7
56933,4,9
56934,1,3
56935,7,5
56936,5,6
56937,0,6
56938,7,5
56939,5,5
56940,4,0
56941,4,0
56942,4,0
56943,0,6
56944,2,9
56945,1,1
56946,2,4
56947,7,5
56948,4,9
56949,4,0
56950,4,0
56951,4,4
56952,1,8
56953,1,1
56954,4,0
56955,1,1
56956,7,8
56957,3,2
56958,4,4
56959,7,8
56960,1,1
56961,1,2
56962,5,5
56963,5,6
56964,0,6
56965,1,1
56966,7,3
56967,7,5
56968,4,0
56969,4,0
56970,4,4
56971,1,1
56972,5,6
56973,9,2
56974,5,3
56975,3,3
56976,7,8
56977,2,4
56978,8,8
56979,8,5
56980,1,1
56981,5,6
56982,7,5
56983,2,7
56984,4,0
56985,7,8
56986,6,1
56987,2,9
56988,8,6
56989,4,0
56990,8,5
56991,6,1
56992,1,7
56993,9,2
56994,1,3
56995,7,3
56996,2,9
56997,2,4
56998,1,2
56999,5,5
57000,4,0
57001,1,8
57002,4,4
57003,5,0
57004,7,3
57005,6,1
57006,8,9
57007,9,2
57008,2,9
57009,3,3
57010,5,6
57011,2,4
57012,8,6
57013,7,5
57014,1,1
57015,5,6
57016,7,3
57017,2,7
57018,4,9
57019,7,8
57020,3,0
57021,1,8
57022,1,1
57023,0,6
57024,2,9
57025,7,5
57026,2,4
57027,4,0
57028,7,5
57029,5,6
57030,7,8
57031,1,8
57032,1,7
57033,1,9
57034,4,0
57035,0,4
57036,8,6
57037,6,1
57038,1,8
57039,1,9
57040,1,3
57041,9,0
57042,1,8
57043,6,4
57044,4,7
57045,1,8
57046,6,1
57047,2,9
57048,4,7
57049,6,1
57050,4,9
57051,6,4
57052,1,9
57053,4,0
57054,7,8
57055,8,5
57056,7,3
57057,1,1
57058,6,1
57059,6,4
57060,1,8
57061,4,0
57062,7,8
57063,2,7
57064,4,0
57065,5,6
57066,4,7
57067,4,0
57068,4,0
57069,6,1
57070,7,8
57071,2,7
57072,2,9
57073,4,0
57074,1,7
57075,0,6
57076,6,4
57077,1,8
57078,6,7
57079,8,9
57080,7,8
57081,8,5
57082,2,4
57083,2,7
57084,1,8
57085,1,9
57086,9,2
57087,6,8
57088,7,5
57089,0,6
57090,4,8
57091,4,0
57092,4,0
57093,1,8
57094,1,1
57095,6,1
57096,9,2
57097,4,7
57098,1,7
57099,2,7
57100,4,9
57101,6,1
57102,2,4
57103,7,3
57104,1,2
57105,3,2
57106,7,5
57107,7,3
57108,7,8
57109,6,1
57110,1,7
57111,2,4
57112,9,2
57113,3,2
57114,1,4
57115,4,0
57116,1,8
57117,4,0
57118,1,8
57119,2,7
57120,4,0
57121,1,8
57122,0,6
57123,2,4
57124,7,5
57125,0,6
57126,2,4
57127,2,4
57128,7,5
57129,1,9
57130,3,2
57131,7,3
57132,8,5
57133,1,8
57134,1,7
57135,6,4
57136,8,5
57137,2,7
57138,5,6
57139,3,2
57140,5,6
57141,7,3
57142,3,2
57143,5,6
57144,4,4
57145,1,9
57146,2,4
57147,0,6
57148,4,9
57149,7,3
57150,1,7
57151,9,2
57152,8,9
57153,9,2
57154,4,0
57155,2,4
57156,7,5
57157,5,6
57158,5,6
57159,4,9
57160,6,1
57161,4,0
57162,4,0
57163,9,2
57164,7,8
57165,7,5
57166,7,3
57167,7,5
57168,5,5
57169,6,1
57170,6,1
57171,3,3
57172,7,3
57173,3,3
57174,7,8
57175,2,9
57176,4,0
57177,1,7
57178,1,7
57179,1,8
57180,8,5
57181,2,7
57182,7,5
57183,3,2
57184,4,4
57185,9,2
57186,4,0
57187,8,9
57188,1,7
57189,1,8
57190,1,1
57191,9,2
57192,1,1
57193,6,1
57194,1,3
57195,7,3
57196,1,7
57197,6,1
57198,5,6
57199,3,3
57200,7,8
57201,4,0
57202,4,0
57203,6,1
57204,2,7
57205,3,2
57206,1,9
57207,7,3
57208,1,4
57209,2,4
57210,7,8
57211,7,5
57212,1,8
57213,0,6
57214,4,0
57215,4,7
57216,1,8
57217,7,8
57218,0,6
57219,8,9
57220,1,1
57221,4,0
57222,1,1
57223,6,1
57224,4,4
57225,3,2
57226,4,6
57227,7,3
57228,2,4
57229,2,4
57230,1,7
57231,7,5
57232,7,5
57233,0,6
57234,8,5
57235,4,7
57236,4,9
57237,1,8
57238,1,8
57239,1,9
57240,7,5
57241,4,0
57242,7,5
57243,6,1
57244,7,8
57245,3,2
57246,2,9
57247,3,3
57248,7,5
57249,4,4
57250,6,1
57251,7,5
57252,4,0
57253,0,6
57254,5,6
57255,2,7
57256,8,5
57257,1,8
57258,2,9
57259,2,9
57260,0,6
57261,1,0
57262,3,2
57263,7,8
57264,7,3
57265,7,3
57266,1,1
57267,2,9
57268,1,1
57269,7,5
57270,1,2
57271,7,5
57272,1,1
57273,3,2
57274,8,9
57275,0,6
57276,1,8
57277,1,8
57278,7,3
57279,2,4
57280,4,7
57281,2,9
57282,1,7
57283,6,1
57284,9,2
57285,2,7
57286,1,7
57287,6,1
57288,4,0
57289,9,2
57290,4,9
57291,3,3
57292,1,7
57293,7,5
57294,8,9
57295,4,9
57296,5,0
57297,0,6
57298,4,0
57299,2,9
57300,7,3
57301,6,1
57302,5,5
57303,6,1
57304,7,8
57305,6,1
57306,7,3
57307,3,2
57308,3,3
57309,2,9
57310,1,1
57311,7,5
57312,7,3
57313,0,6
57314,5,6
57315,1,8
57316,1,8
57317,6,1
57318,7,8
57319,3,2
57320,7,5
57321,4,0
57322,1,1
57323,4,7
57324,7,8
57325,2,7
57326,4,0
57327,7,5
57328,2,4
57329,1,8
57330,7,5
57331,3,2
57332,1,8
57333,1,9
57334,1,7
57335,7,8
57336,1,3
57337,2,7
57338,3,2
57339,6,1
57340,1,1
57341,3,3
57342,9,2
57343,2,4
57344,1,7
57345,7,5
57346,5,6
57347,0,6
57348,1,8
57349,4,0
57350,1,7
57351,3,3
57352,7,8
57353,0,6
57354,2,4
57355,1,8
57356,4,0
57357,4,7
57358,3,2
57359,4,0
57360,0,6
57361,2,4
57362,6,1
57363,9,2
57364,4,0
57365,1,7
57366,3,2
57367,2,7
57368,2,4
57369,7,5
57370,4,4
57371,2,4
57372,1,7
57373,3,3
57374,1,9
57375,2,4
57376,1,7
57377,3,2
57378,1,1
57379,1,8
57380,2,7
57381,6,1
57382,4,4
57383,5,5
57384,4,0
57385,6,1
57386,4,7
57387,9,2
57388,9,2
57389,2,4
57390,4,0
57391,3,3
57392,7,8
57393,4,0
57394,3,2
57395,4,0
57396,7,3
57397,4,0
57398,5,2
57399,3,3
57400,6,1
57401,7,3
57402,3,3
57403,7,5
57404,7,8
57405,1,7
57406,4,9
57407,4,0
57408,4,0
57409,5,6
57410,1,1
57411,1,8
57412,1,1
57413,0,6
57414,1,7
57415,3,3
57416,5,2
57417,2,4
57418,6,1
57419,0,6
57420,4,0
57421,1,9
57422,4,4
57423,2,9
57424,7,3
57425,1,8
57426,1,3
57427,3,2
57428,1,9
57429,1,7
57430,1,1
57431,2,7
57432,1,9
57433,6,1
57434,7,8
57435,7,0
57436,1,1
57437,6,1
57438,5,6
57439,3,2
57440,1,1
57441,7,3
57442,5,2
57443,2,4
57444,4,9
57445,2,7
57446,5,2
57447,1,8
57448,3,2
57449,2,9
57450,1,8
57451,3,0
57452,1,9
57453,6,1
57454,1,1
57455,3,2
57456,5,6
57457,7,3
57458,1,7
57459,6,4
57460,1,1
57461,5,5
57462,5,5
57463,0,6
57464,1,1
57465,2,7
57466,0,4
57467,1,8
57468,1,3
57469,2,9
57470,7,5
57471,3,0
57472,7,3
57473,6,1
57474,5,3
57475,9,2
57476,1,9
57477,3,3
57478,1,2
57479,2,7
57480,8,5
57481,1,8
57482,0,4
57483,2,9
57484,4,8
57485,2,7
57486,7,0
57487,2,9
57488,7,3
57489,7,5
57490,0,6
57491,5,0
57492,7,3
57493,1,8
57494,4,0
57495,7,3
57496,3,2
57497,8,5
57498,5,6
57499,2,4
57500,3,2
57501,7,8
57502,1,7
57503,5,2
57504,1,7
57505,6,1
57506,3,2
57507,7,0
57508,5,6
57509,3,2
57510,5,5
57511,8,5
57512,1,7
57513,1,8
57514,5,6
57515,7,8
57516,1,1
57517,6,1
57518,5,6
57519,0,6
57520,9,2
57521,6,1
57522,3,3
57523,3,3
57524,0,4
57525,4,0
57526,1,7
57527,7,3
57528,7,5
57529,0,6
57530,4,4
57531,2,9
57532,7,8
57533,7,3
57534,1,7
57535,2,7
57536,4,0
57537,2,4
57538,4,4
57539,2,9
57540,1,7
57541,2,7
57542,5,0
57543,7,0
57544,2,4
57545,2,9
57546,2,7
57547,2,7
57548,4,4
57549,2,7
57550,1,7
57551,2,9
57552,1,1
57553,8,5
57554,5,6
57555,2,7
57556,2,7
57557,5,6
57558,4,0
57559,0,4
57560,4,7
57561,1,8
57562,7,8
57563,2,9
57564,2,7
57565,0,6
57566,7,5
57567,2,9
57568,7,3
57569,2,4
57570,1,7
57571,6,1
57572,1,7
57573,3,2
57574,1,2
57575,5,0
57576,1,7
57577,5,6
57578,5,6
57579,6,1
57580,1,8
57581,2,7
57582,2,4
57583,3,2
57584,7,3
57585,6,4
57586,4,0
57587,0,6
57588,3,2
57589,2,4
57590,4,9
57591,0,6
57592,3,2
57593,7,5
57594,1,3
57595,5,0
57596,1,8
57597,5,2
57598,7,3
57599,6,1
57600,1,7
57601,7,0
57602,1,8
57603,6,1
57604,1,2
57605,3,2
57606,3,2
57607,6,1
57608,1,3
57609,2,7
57610,8,5
57611,1,8
57612,7,3
57613,6,1
57614,1,1
57615,9,2
57616,1,8
57617,7,8
57618,1,8
57619,3,2
57620,3,2
57621,2,7
57622,8,6
57623,2,9
57624,1,2
57625,7,3
57626,5,2
57627,2,9
57628,4,2
57629,4,0
57630,2,4
57631,6,1
57632,3,2
57633,9,2
57634,4,0
57635,7,3
57636,1,9
57637,2,4
57638,4,9
57639,7,5
57640,7,8
57641,0,6
57642,4,0
57643,2,7
57644,1,1
57645,4,0
57646,1,7
57647,6,1
57648,7,8
57649,9,2
57650,4,0
57651,7,3
57652,1,7
57653,2,7
57654,1,2
57655,1,8
57656,5,6
57657,1,9
57658,9,2
57659,7,0
57660,7,3
57661,6,1
57662,8,5
57663,1,7
57664,1,8
57665,1,8
57666,7,8
57667,1,9
57668,1,8
57669,9,2
57670,4,9
57671,7,5
57672,4,7
57673,6,1
57674,1,9
57675,5,6
57676,1,7
57677,2,4
57678,7,8
57679,7,3
57680,1,3
57681,4,9
57682,4,0
57683,4,9
57684,6,1
57685,4,0
57686,5,0
57687,6,4
57688,2,9
57689,7,3
57690,2,4
57691,0,6
57692,1,7
57693,7,0
57694,3,2
57695,4,0
57696,7,8
57697,7,8
57698,7,3
57699,2,9
57700,4,0
57701,1,8
57702,1,7
57703,1,7
57704,2,4
57705,4,0
57706,0,4
57707,4,0
57708,8,4
57709,2,4
57710,7,5
57711,6,1
57712,2,4
57713,2,4
57714,5,1
57715,6,1
57716,9,2
57717,3,3
57718,6,7
57719,0,6
57720,4,0
57721,2,4
57722,1,1
57723,1,7
57724,2,4
57725,4,7
57726,1,2
57727,4,0
57728,7,9
57729,1,9
57730,1,0
57731,7,8
57732,7,9
57733,2,4
57734,1,3
57735,7,3
57736,8,8
57737,1,8
57738,1,1
57739,7,3
57740,1,1
57741,1,8
57742,0,6
57743,5,5
57744,2,9
57745,1,8
57746,4,0
57747,2,4
57748,1,7
57749,6,1
57750,1,3
57751,1,7
57752,1,2
57753,1,9
57754,5,6
57755,1,2
57756,5,6
57757,4,0
57758,5,6
57759,1,9
57760,4,0
57761,6,1
57762,7,3
57763,4,7
57764,5,6
57765,7,3
57766,3,3
57767,1,8
57768,7,5
57769,4,0
57770,5,6
57771,7,3
57772,1,8
57773,1,8
57774,1,7
57775,6,1
57776,8,9
57777,0,6
57778,6,1
57779,2,4
57780,1,1
57781,7,3
57782,1,9
57783,0,6
57784,4,0
57785,6,1
57786,2,9
57787,7,5
57788,7,3
57789,8,5
57790,3,2
57791,0,6
57792,1,7
57793,7,5
57794,8,9
57795,4,0
57796,1,9
57797,1,1
57798,4,0
57799,3,2
57800,7,8
57801,7,3
57802,5,6
57803,4,4
57804,7,3
57805,7,5
57806,1,3
57807,0,6
57808,3,2
57809,1,7
57810,4,0
57811,4,0
57812,7,5
57813,1,1
57814,7,5
57815,9,2
57816,1,1
57817,3,3
57818,7,5
57819,9,4
57820,3,3
57821,7,5
57822,1,0
57823,5,6
57824,7,5
57825,1,7
57826,1,8
57827,4,0
57828,4,7
57829,1,1
57830,1,1
57831,9,2
57832,7,8
57833,7,3
57834,1,1
57835,2,4
57836,1,7
57837,7,5
57838,3,2
57839,4,7
57840,2,4
57841,2,4
57842,8,6
57843,4,0
57844,8,4
57845,2,4
57846,5,6
57847,4,0
57848,8,5
57849,1,1
57850,5,6
57851,1,7
57852,7,5
57853,7,5
57854,4,9
57855,1,1
57856,3,3
57857,2,4
57858,1,7
57859,9,2
57860,8,6
57861,0,4
57862,8,4
57863,7,3
57864,7,3
57865,1,1
57866,2,7
57867,1,7
57868,7,3
57869,1,8
57870,1,8
57871,9,2
57872,3,3
57873,2,4
57874,4,9
57875,2,4
57876,3,2
57877,7,3
57878,3,2
57879,7,3
57880,4,9
57881,0,6
57882,5,0
57883,5,6
57884,1,7
57885,1,7
57886,3,3
57887,4,0
57888,1,1
57889,9,2
57890,3,2
57891,0,6
57892,2,4
57893,7,3
57894,1,2
57895,4,9
57896,4,9
57897,7,3
57898,3,8
57899,1,2
57900,7,5
57901,7,8
57902,5,5
57903,1,1
57904,3,2
57905,4,7
57906,6,1
57907,4,0
57908,3,2
57909,7,3
57910,3,2
57911,9,2
57912,4,0
57913,4,9
57914,7,3
57915,2,4
57916,4,0
57917,4,0
57918,7,8
57919,5,3
57920,7,3
57921,1,7
57922,1,8
57923,4,7
57924,4,0
57925,4,7
57926,7,5
57927,4,7
57928,1,2
57929,1,1
57930,1,2
57931,1,1
57932,7,3
57933,9,2
57934,2,4
57935,0,6
57936,3,2
57937,2,4
57938,0,4
57939,3,2
57940,2,4
57941,7,3
57942,7,5
57943,0,6
57944,8,5
57945,0,6
57946,2,4
57947,7,5
57948,1,1
57949,1,7
57950,2,4
57951,7,5
57952,1,3
57953,3,2
57954,8,6
57955,3,8
57956,1,2
57957,1,1
57958,1,7
57959,5,6
57960,1,1
57961,1,1
57962,4,0
57963,4,0
57964,9,2
57965,2,4
57966,1,2
57967,7,3
57968,1,1
57969,1,1
57970,1,7
57971,5,6
57972,4,4
57973,1,1
57974,1,3
57975,4,9
57976,1,2
57977,5,0
57978,1,7
57979,1,1
57980,1,7
57981,3,2
57982,7,5
57983,7,3
57984,7,8
57985,9,4
57986,1,9
57987,7,5
57988,1,8
57989,0,6
57990,7,3
57991,1,7
57992,9,2
57993,1,8
57994,5,6
57995,5,0
57996,1,7
57997,6,1
57998,1,1
57999,3,2
58000,3,2
58001,7,3
58002,5,0
58003,0,4
58004,1,9
58005,5,5
58006,1,9
58007,8,6
58008,1,1
58009,1,7
58010,5,6
58011,1,8
58012,4,0
58013,8,9
58014,1,0
58015,4,0
58016,5,6
58017,6,1
58018,4,4
58019,3,2
58020,7,8
58021,3,3
58022,1,1
58023,2,4
58024,1,8
58025,5,5
58026,3,2
58027,0,6
58028,7,8
58029,2,7
58030,9,2
58031,1,8
58032,3,2
58033,6,1
58034,2,9
58035,4,0
58036,4,0
58037,0,4
58038,4,0
58039,7,5
58040,7,5
58041,0,6
58042,2,7
58043,0,6
58044,1,2
58045,7,3
58046,1,8
58047,2,4
58048,7,3
58049,0,4
58050,7,6
58051,6,1
58052,1,1
58053,4,0
58054,2,9
58055,0,6
58056,1,1
58057,2,4
58058,1,8
58059,1,9
58060,1,2
58061,2,7
58062,4,0
58063,3,2
58064,7,3
58065,7,3
58066,2,4
58067,7,3
58068,3,2
58069,1,9
58070,3,8
58071,9,2
58072,5,1
58073,5,0
58074,4,0
58075,2,9
58076,4,9
58077,7,3
58078,1,7
58079,7,3
58080,3,3
58081,2,9
58082,1,1
58083,6,1
58084,3,3
58085,7,5
58086,1,3
58087,9,2
58088,2,9
58089,7,3
58090,1,7
58091,6,1
58092,1,7
58093,0,6
58094,1,7
58095,1,7
58096,4,9
58097,7,3
58098,1,2
58099,2,7
58100,1,8
58101,6,4
58102,4,0
58103,3,2
58104,9,2
58105,6,4
58106,2,7
58107,1,8
58108,4,0
58109,2,7
58110,4,0
58111,5,6
58112,2,9
58113,7,3
58114,9,2
58115,5,6
58116,4,0
58117,7,5
58118,2,7
58119,8,5
58120,6,1
58121,4,0
58122,7,8
58123,6,1
58124,5,6
58125,1,7
58126,3,2
58127,2,9
58128,1,7
58129,1,9
58130,8,5
58131,1,8
58132,2,9
58133,0,6
58134,5,5
58135,5,2
58136,0,6
58137,3,2
58138,8,8
58139,6,1
58140,1,7
58141,8,5
58142,7,5
58143,2,7
58144,7,3
58145,8,5
58146,4,0
58147,6,1
58148,6,1
58149,7,3
58150,8,8
58151,0,4
58152,1,9
58153,6,4
58154,8,5
58155,6,1
58156,7,8
58157,0,6
58158,7,8
58159,1,9
58160,4,0
58161,1,1
58162,9,2
58163,7,3
58164,0,4
58165,7,5
58166,5,6
58167,1,7
58168,1,8
58169,8,9
58170,7,0
58171,1,1
58172,9,2
58173,3,3
58174,2,4
58175,7,5
58176,5,6
58177,1,7
58178,1,8
58179,4,9
58180,4,0
58181,1,1
58182,9,2
58183,3,3
58184,2,4
58185,1,7
58186,1,8
58187,8,9
58188,1,7
58189,1,1
58190,7,5
58191,0,6
58192,9,2
58193,7,5
58194,0,4
58195,1,8
58196,1,1
58197,1,7
58198,1,1
58199,1,8
58200,3,3
58201,1,8
58202,1,7
58203,1,1
58204,1,7
58205,1,7
58206,4,0
58207,1,1
58208,2,4
58209,2,4
58210,2,4
58211,2,4
58212,9,4
58213,4,9
58214,1,7
58215,9,2
58216,5,6
58217,7,5
58218,0,4
58219,7,3
58220,1,8
58221,4,7
58222,4,9
58223,4,0
58224,5,6
58225,2,4
58226,5,6
58227,3,3
58228,1,7
58229,4,0
58230,6,1
58231,4,4
58232,1,8
58233,1,8
58234,1,1
58235,9,2
58236,4,9
58237,3,3
58238,1,1
58239,1,8
58240,4,4
58241,3,2
58242,4,9
58243,4,9
58244,3,2
58245,4,9
58246,5,6
58247,4,0
58248,7,5
58249,3,3
58250,7,3
58251,0,6
58252,7,3
58253,1,1
58254,9,2
58255,7,5
58256,4,0
58257,3,3
58258,4,7
58259,5,6
58260,1,1
58261,7,5
58262,7,5
58263,4,9
58264,2,9
58265,4,0
58266,6,1
58267,3,2
58268,7,3
58269,2,4
58270,8,5
58271,5,6
58272,2,7
58273,7,8
58274,2,9
58275,5,0
58276,6,1
58277,9,2
58278,7,3
58279,2,4
58280,8,5
58281,5,6
58282,2,7
58283,1,8
58284,1,9
58285,7,0
58286,6,1
58287,3,2
58288,3,3
58289,2,4
58290,8,5
58291,5,6
58292,2,7
58293,1,8
58294,2,9
58295,0,6
58296,1,8
58297,3,2
58298,1,3
58299,1,7
58300,2,4
58301,0,6
58302,1,8
58303,0,6
58304,5,6
58305,1,8
58306,5,0
58307,1,1
58308,2,7
58309,6,1
58310,2,7
58311,7,3
58312,7,5
58313,7,0
58314,1,2
58315,5,2
58316,1,0
58317,5,2
58318,8,5
58319,0,4
58320,6,1
58321,8,5
58322,6,1
58323,9,2
58324,3,3
58325,0,4
58326,1,8
58327,7,3
58328,7,3
58329,0,6
58330,8,5
58331,1,9
58332,2,9
58333,7,3
58334,1,8
58335,6,1
58336,7,3
58337,2,7
58338,2,9
58339,7,3
58340,0,4
58341,6,1
58342,2,7
58343,7,3
58344,1,9
58345,0,6
58346,2,7
58347,0,4
58348,1,9
58349,2,7
58350,7,0
58351,2,9
58352,0,6
58353,4,0
58354,8,6
58355,6,1
58356,4,0
58357,8,5
58358,1,8
58359,7,5
58360,5,0
58361,6,1
58362,4,0
58363,2,9
58364,0,4
58365,5,5
58366,1,9
58367,2,7
58368,6,1
58369,2,9
58370,0,6
58371,1,8
58372,1,9
58373,9,2
58374,1,8
58375,8,5
58376,4,0
58377,1,1
58378,3,2
58379,1,3
58380,0,4
58381,8,5
58382,5,6
58383,2,7
58384,7,8
58385,4,9
58386,4,0
58387,1,1
58388,3,2
58389,1,3
58390,9,4
58391,8,5
58392,5,6
58393,1,7
58394,3,8
58395,4,9
58396,4,0
58397,1,1
58398,3,2
58399,7,3
58400,0,4
58401,4,9
58402,4,0
58403,8,5
58404,5,6
58405,1,8
58406,7,3
58407,1,9
58408,4,0
58409,3,2
58410,7,3
58411,7,3
58412,7,3
58413,1,9
58414,8,5
58415,5,6
58416,0,4
58417,0,4
58418,3,2
58419,7,5
58420,0,4
58421,1,3
58422,4,9
58423,5,6
58424,1,8
58425,1,7
58426,4,9
58427,1,1
58428,8,5
58429,5,2
58430,5,6
58431,7,3
58432,2,4
58433,2,4
58434,1,1
58435,5,6
58436,2,4
58437,4,9
58438,5,6
58439,7,5
58440,1,1
58441,3,2
58442,5,6
58443,0,6
58444,1,7
58445,7,8
58446,1,8
58447,1,1
58448,7,8
58449,7,3
58450,1,7
58451,1,1
58452,3,2
58453,1,7
58454,4,0
58455,1,7
58456,7,5
58457,4,0
58458,4,0
58459,6,1
58460,8,5
58461,4,0
58462,4,0
58463,0,4
58464,5,8
58465,1,3
58466,1,1
58467,3,8
58468,3,2
58469,4,9
58470,4,9
58471,1,5
58472,3,2
58473,5,6
58474,0,4
58475,7,8
58476,5,2
58477,8,5
58478,2,4
58479,6,1
58480,1,7
58481,1,1
58482,0,4
58483,1,3
58484,4,9
58485,1,7
58486,6,1
58487,5,2
58488,5,6
58489,4,0
58490,1,7
58491,7,3
58492,4,0
58493,1,1
58494,3,2
58495,3,3
58496,4,4
58497,1,7
58498,1,8
58499,2,9
58500,4,0
58501,6,1
58502,3,2
58503,5,3
58504,2,4
58505,5,5
58506,5,6
58507,1,7
58508,1,8
58509,4,9
58510,4,0
58511,6,1
58512,9,2
58513,3,3
58514,2,4
58515,7,5
58516,0,6
58517,1,7
58518,2,8
58519,4,9
58520,4,7
58521,4,0
58522,5,6
58523,4,0
58524,1,7
58525,3,3
58526,1,7
58527,3,3
58528,1,7
58529,4,9
58530,1,7
58531,2,4
58532,4,0
58533,9,2
58534,0,6
58535,5,5
58536,5,6
58537,5,5
58538,1,2
58539,4,9
58540,7,5
58541,3,3
58542,4,9
58543,2,8
58544,3,3
58545,2,4
58546,4,0
58547,5,5
58548,2,4
58549,0,6
58550,3,3
58551,2,4
58552,1,8
58553,4,0
58554,8,6
58555,2,4
58556,1,8
58557,6,1
58558,3,3
58559,4,4
58560,3,0
58561,6,1
58562,2,9
58563,9,2
58564,3,3
58565,4,7
58566,4,9
58567,6,1
58568,9,2
58569,5,5
58570,1,1
58571,4,7
58572,3,2
58573,1,8
58574,4,7
58575,4,0
58576,6,1
58577,4,9
58578,0,6
58579,2,4
58580,6,1
58581,3,2
58582,3,3
58583,4,7
58584,1,0
58585,9,2
58586,6,1
58587,5,3
58588,6,1
58589,1,7
58590,9,2
58591,6,1
58592,5,6
58593,4,8
58594,4,0
58595,1,8
58596,4,9
58597,6,1
58598,5,6
58599,1,0
58600,6,1
58601,1,2
58602,7,3
58603,2,4
58604,7,5
58605,0,6
58606,2,7
58607,1,8
58608,8,9
58609,4,0
58610,6,1
58611,1,2
58612,7,3
58613,2,4
58614,1,7
58615,1,8
58616,8,9
58617,4,0
58618,6,1
58619,1,2
58620,7,3
58621,0,4
58622,7,5
58623,5,6
58624,2,7
58625,1,8
58626,5,6
58627,2,4
58628,1,2
58629,0,6
58630,6,4
58631,1,7
58632,7,5
58633,7,5
58634,2,4
58635,1,7
58636,1,8
58637,2,9
58638,1,2
58639,2,9
58640,7,3
58641,2,9
58642,7,3
58643,1,8
58644,1,2
58645,4,0
58646,7,5
58647,7,0
58648,1,7
58649,1,0
58650,2,4
58651,1,2
58652,0,6
58653,7,5
58654,7,3
58655,7,5
58656,7,3
58657,1,8
58658,4,0
58659,4,0
58660,7,3
58661,6,4
58662,6,1
58663,7,5
58664,7,3
58665,4,0
58666,1,8
58667,7,3
58668,4,0
58669,5,6
58670,1,2
58671,2,7
58672,6,1
58673,6,1
58674,1,8
58675,6,1
58676,4,7
58677,6,1
58678,7,3
58679,1,8
58680,2,9
58681,2,7
58682,0,6
58683,2,7
58684,2,4
58685,6,1
58686,0,6
58687,2,7
58688,7,5
58689,6,1
58690,2,7
58691,6,1
58692,2,9
58693,1,8
58694,4,0
58695,0,6
58696,2,9
58697,6,4
58698,2,9
58699,2,9
58700,7,3
58701,2,7
58702,6,1
58703,2,9
58704,6,2
58705,1,2
58706,7,5
58707,7,3
58708,2,7
58709,8,8
58710,9,2
58711,7,3
58712,2,4
58713,7,5
58714,0,6
58715,2,7
58716,1,8
58717,2,9
58718,4,0
58719,6,1
58720,3,2
58721,7,3
58722,2,4
58723,7,5
58724,0,6
58725,2,7
58726,4,0
58727,6,1
58728,9,2
58729,3,3
58730,2,4
58731,8,5
58732,5,6
58733,1,7
58734,1,8
58735,2,9
58736,7,8
58737,1,1
58738,4,0
58739,7,5
58740,7,5
58741,6,1
58742,8,9
58743,4,0
58744,0,4
58745,6,1
58746,4,9
58747,7,3
58748,1,8
58749,2,4
58750,1,7
58751,1,7
58752,1,8
58753,7,5
58754,4,0
58755,5,6
58756,7,5
58757,7,5
58758,7,3
58759,3,3
58760,7,3
58761,2,9
58762,1,8
58763,6,1
58764,0,4
58765,4,0
58766,5,6
58767,6,1
58768,4,0
58769,4,0
58770,5,6
58771,3,2
58772,6,1
58773,6,1
58774,3,3
58775,9,2
58776,7,8
58777,8,8
58778,2,7
58779,1,8
58780,2,4
58781,5,6
58782,4,0
58783,9,2
58784,4,0
58785,7,3
58786,5,6
58787,1,8
58788,2,7
58789,6,1
58790,7,5
58791,4,9
58792,2,9
58793,3,3
58794,3,2
58795,2,4
58796,8,9
58797,0,4
58798,0,6
58799,7,5
58800,3,3
58801,9,2
58802,7,5
58803,7,5
58804,2,9
58805,2,4
58806,6,1
58807,0,6
58808,7,5
58809,5,0
58810,1,1
58811,9,2
58812,1,3
58813,0,4
58814,7,5
58815,5,6
58816,1,7
58817,1,8
58818,4,9
58819,3,0
58820,1,1
58821,9,2
58822,1,3
58823,0,4
58824,7,5
58825,5,6
58826,4,7
58827,1,8
58828,1,9
58829,7,0
58830,1,1
58831,9,2
58832,1,3
58833,0,4
58834,7,5
58835,5,6
58836,4,7
58837,7,8
58838,1,9
58839,5,6
58840,0,4
58841,9,2
58842,5,6
58843,4,4
58844,4,7
58845,7,5
58846,7,5
58847,0,4
58848,4,7
58849,7,8
58850,8,9
58851,9,2
58852,1,9
58853,3,3
58854,1,9
58855,7,3
58856,7,8
58857,9,2
58858,4,0
58859,1,9
58860,7,8
58861,4,0
58862,7,5
58863,5,6
58864,4,0
58865,1,1
58866,7,0
58867,0,4
58868,9,2
58869,5,6
58870,5,5
58871,4,5
58872,7,5
58873,0,4
58874,7,3
58875,0,4
58876,1,1
58877,7,5
58878,7,3
58879,4,0
58880,7,8
58881,7,3
58882,4,0
58883,5,6
58884,9,2
58885,4,7
58886,1,1
58887,1,1
58888,7,8
58889,6,1
58890,1,7
58891,6,1
58892,7,3
58893,7,8
58894,7,5
58895,0,4
58896,9,2
58897,4,0
58898,4,9
58899,4,7
58900,5,6
58901,1,7
58902,0,4
58903,6,1
58904,5,6
58905,7,8
58906,0,4
58907,4,7
58908,7,5
58909,6,1
58910,9,2
58911,5,6
58912,1,7
58913,6,1
58914,1,9
58915,7,8
58916,4,0
58917,5,6
58918,4,9
58919,0,4
58920,1,9
58921,1,9
58922,5,6
58923,9,2
58924,7,3
58925,4,7
58926,1,1
58927,1,9
58928,9,2
58929,9,2
58930,7,5
58931,7,3
58932,1,7
58933,7,8
58934,4,0
58935,1,1
58936,3,2
58937,7,3
58938,2,4
58939,7,5
58940,5,6
58941,2,7
58942,1,8
58943,4,0
58944,1,1
58945,9,2
58946,7,3
58947,0,4
58948,7,5
58949,5,6
58950,2,7
58951,1,8
58952,4,0
58953,1,1
58954,3,2
58955,7,3
58956,2,4
58957,7,5
58958,0,6
58959,2,7
58960,1,8
58961,1,9
58962,3,2
58963,1,1
58964,3,2
58965,1,1
58966,7,3
58967,2,9
58968,2,9
58969,1,8
58970,7,5
58971,7,3
58972,2,7
58973,4,0
58974,2,7
58975,2,7
58976,7,5
58977,2,7
58978,2,9
58979,2,9
58980,6,4
58981,2,7
58982,4,0
58983,3,3
58984,2,4
58985,1,1
58986,2,4
58987,2,4
58988,2,7
58989,5,5
58990,1,8
58991,6,1
58992,2,4
58993,1,8
58994,2,4
58995,1,1
58996,1,8
58997,5,6
58998,0,6
58999,0,4
59000,0,6
59001,3,3
59002,7,5
59003,2,7
59004,3,2
59005,7,5
59006,2,9
59007,9,2
59008,5,6
59009,5,2
59010,6,1
59011,9,2
59012,4,0
59013,1,8
59014,3,3
59015,1,8
59016,7,3
59017,4,0
59018,1,8
59019,2,7
59020,2,4
59021,1,9
59022,7,5
59023,4,0
59024,2,9
59025,2,7
59026,2,4
59027,2,9
59028,1,1
59029,0,6
59030,3,2
59031,2,7
59032,0,6
59033,6,1
59034,1,8
59035,0,6
59036,1,1
59037,4,0
59038,7,3
59039,5,6
59040,3,2
59041,1,1
59042,2,4
59043,4,0
59044,6,1
59045,9,2
59046,7,3
59047,2,4
59048,2,7
59049,7,8
59050,2,9
59051,4,0
59052,6,1
59053,3,2
59054,7,3
59055,4,4
59056,1,7
59057,3,8
59058,1,9
59059,7,0
59060,6,1
59061,9,2
59062,7,3
59063,4,4
59064,5,5
59065,5,6
59066,2,7
59067,7,8
59068,1,7
59069,8,4
59070,7,3
59071,6,1
59072,1,8
59073,5,6
59074,6,1
59075,1,9
59076,9,2
59077,0,4
59078,4,0
59079,2,9
59080,2,9
59081,7,3
59082,2,7
59083,2,7
59084,1,9
59085,6,1
59086,1,8
59087,2,4
59088,2,7
59089,5,5
59090,1,8
59091,7,5
59092,7,3
59093,9,2
59094,9,2
59095,4,0
59096,8,5
59097,7,8
59098,5,6
59099,4,0
59100,7,3
59101,4,8
59102,6,1
59103,4,0
59104,7,3
59105,4,0
59106,2,4
59107,2,7
59108,0,4
59109,2,9
59110,3,2
59111,2,9
59112,6,1
59113,9,2
59114,6,1
59115,1,7
59116,6,1
59117,0,6
59118,2,7
59119,7,3
59120,7,3
59121,0,6
59122,3,2
59123,1,8
59124,1,7
59125,0,6
59126,0,4
59127,2,9
59128,2,8
59129,1,8
59130,9,2
59131,8,9
59132,5,6
59133,5,5
59134,7,5
59135,2,9
59136,7,5
59137,7,3
59138,2,7
59139,2,4
59140,2,7
59141,0,6
59142,4,0
59143,4,0
59144,2,4
59145,5,6
59146,5,6
59147,1,9
59148,4,0
59149,6,1
59150,6,1
59151,7,3
59152,9,2
59153,6,1
59154,4,0
59155,4,0
59156,6,1
59157,9,2
59158,3,3
59159,2,4
59160,5,5
59161,0,6
59162,2,7
59163,1,8
59164,1,9
59165,4,0
59166,6,1
59167,3,2
59168,3,3
59169,2,4
59170,5,5
59171,0,6
59172,2,7
59173,1,8
59174,1,9
59175,4,0
59176,1,1
59177,3,2
59178,3,3
59179,2,4
59180,5,5
59181,0,6
59182,2,7
59183,1,8
59184,1,9
59185,2,4
59186,9,2
59187,4,0
59188,9,2
59189,6,1
59190,7,5
59191,1,9
59192,0,6
59193,7,5
59194,1,9
59195,3,3
59196,5,5
59197,4,0
59198,1,7
59199,6,1
59200,6,1
59201,7,5
59202,3,3
59203,4,0
59204,1,7
59205,1,9
59206,0,6
59207,6,1
59208,0,6
59209,1,7
59210,2,4
59211,1,9
59212,7,5
59213,1,7
59214,1,9
59215,1,8
59216,5,5
59217,0,6
59218,9,2
59219,2,4
59220,1,8
59221,4,9
59222,3,2
59223,3,2
59224,1,8
59225,4,0
59226,0,6
59227,2,4
59228,3,3
59229,3,3
59230,6,1
59231,9,2
59232,2,4
59233,6,1
59234,7,5
59235,1,8
59236,1,9
59237,0,6
59238,1,9
59239,3,3
59240,2,4
59241,4,0
59242,3,3
59243,1,9
59244,4,0
59245,1,2
59246,1,7
59247,6,1
59248,6,1
59249,4,0
59250,1,7
59251,0,6
59252,3,2
59253,1,2
59254,1,7
59255,0,6
59256,4,0
59257,0,6
59258,1,9
59259,2,4
59260,1,8
59261,2,4
59262,3,3
59263,3,3
59264,2,7
59265,1,8
59266,6,1
59267,4,0
59268,2,4
59269,7,5
59270,1,8
59271,3,3
59272,4,0
59273,0,6
59274,1,8
59275,3,3
59276,1,7
59277,1,8
59278,7,5
59279,1,7
59280,1,8
59281,3,2
59282,7,3
59283,0,4
59284,5,6
59285,1,7
59286,5,8
59287,1,9
59288,4,0
59289,7,1
59290,1,2
59291,8,5
59292,5,6
59293,1,7
59294,5,8
59295,1,9
59296,4,0
59297,1,1
59298,3,2
59299,7,3
59300,8,4
59301,7,5
59302,0,6
59303,5,8
59304,2,7
59305,7,5
59306,1,7
59307,7,3
59308,7,3
59309,7,8
59310,5,6
59311,7,5
59312,8,4
59313,4,0
59314,4,9
59315,7,3
59316,3,2
59317,3,2
59318,7,3
59319,7,0
59320,0,6
59321,0,4
59322,7,3
59323,1,7
59324,5,6
59325,1,9
59326,3,2
59327,3,2
59328,7,3
59329,7,5
59330,7,5
59331,4,0
59332,1,7
59333,3,2
59334,7,3
59335,0,4
59336,4,0
59337,4,0
59338,7,5
59339,1,1
59340,7,8
59341,1,9
59342,4,0
59343,3,8
59344,1,9
59345,5,6
59346,7,5
59347,0,6
59348,1,7
59349,7,5
59350,7,3
59351,7,5
59352,7,3
59353,5,0
59354,1,1
59355,3,2
59356,1,3
59357,1,4
59358,7,5
59359,5,6
59360,4,7
59361,5,8
59362,1,9
59363,5,0
59364,1,1
59365,3,2
59366,1,3
59367,1,4
59368,7,5
59369,5,6
59370,1,7
59371,1,9
59372,5,0
59373,1,1
59374,3,2
59375,3,3
59376,8,4
59377,5,5
59378,5,6
59379,1,7
59380,5,8
59381,8,9
59382,1,1
59383,1,3
59384,7,5
59385,1,9
59386,1,4
59387,1,1
59388,4,7
59389,4,7
59390,5,2
59391,1,1
59392,0,4
59393,5,8
59394,1,3
59395,5,8
59396,3,2
59397,1,9
59398,1,3
59399,5,8
59400,7,5
59401,1,4
59402,5,8
59403,1,8
59404,8,9
59405,1,7
59406,7,5
59407,4,4
59408,3,3
59409,4,9
59410,3,2
59411,7,5
59412,1,7
59413,2,4
59414,1,1
59415,5,2
59416,5,3
59417,0,6
59418,4,0
59419,1,1
59420,5,0
59421,5,0
59422,3,2
59423,5,8
59424,1,7
59425,3,2
59426,7,5
59427,1,1
59428,1,1
59429,5,8
59430,7,5
59431,5,6
59432,2,4
59433,4,0
59434,4,4
59435,2,7
59436,3,3
59437,5,6
59438,1,8
59439,5,0
59440,5,3
59441,1,7
59442,5,6
59443,4,9
59444,3,2
59445,5,6
59446,7,5
59447,5,8
59448,5,6
59449,1,9
59450,4,0
59451,9,4
59452,4,0
59453,5,6
59454,1,1
59455,1,9
59456,5,2
59457,5,0
59458,1,9
59459,7,5
59460,1,1
59461,1,3
59462,1,7
59463,5,6
59464,1,9
59465,0,4
59466,5,8
59467,7,3
59468,4,7
59469,1,7
59470,5,6
59471,7,3
59472,7,0
59473,7,5
59474,5,6
59475,3,2
59476,3,2
59477,4,0
59478,1,1
59479,9,2
59480,7,3
59481,2,4
59482,7,5
59483,5,6
59484,2,7
59485,1,8
59486,2,9
59487,4,0
59488,1,1
59489,3,2
59490,7,3
59491,2,4
59492,7,5
59493,5,6
59494,2,7
59495,1,8
59496,2,9
59497,3,0
59498,1,1
59499,3,2
59500,7,3
59501,2,4
59502,7,5
59503,5,6
59504,2,7
59505,1,8
59506,2,9
59507,7,5
59508,5,6
59509,5,6
59510,4,0
59511,1,8
59512,7,3
59513,2,7
59514,2,9
59515,0,4
59516,2,7
59517,6,1
59518,2,9
59519,6,1
59520,2,7
59521,6,1
59522,2,4
59523,1,1
59524,2,7
59525,7,5
59526,2,7
59527,6,1
59528,7,3
59529,7,3
59530,6,1
59531,5,6
59532,2,9
59533,2,7
59534,0,4
59535,7,3
59536,7,0
59537,9,2
59538,7,5
59539,3,2
59540,5,6
59541,4,0
59542,1,8
59543,2,4
59544,1,8
59545,6,1
59546,7,5
59547,4,0
59548,5,6
59549,5,6
59550,7,3
59551,2,4
59552,2,7
59553,7,5
59554,2,7
59555,3,2
59556,9,2
59557,4,0
59558,3,0
59559,6,1
59560,2,7
59561,2,7
59562,2,9
59563,7,5
59564,2,9
59565,1,8
59566,2,9
59567,5,6
59568,1,8
59569,7,3
59570,5,6
59571,6,1
59572,9,2
59573,2,9
59574,7,5
59575,9,2
59576,7,5
59577,9,2
59578,5,6
59579,3,2
59580,0,4
59581,1,8
59582,2,4
59583,5,6
59584,7,5
59585,4,0
59586,1,1
59587,3,2
59588,1,3
59589,2,4
59590,8,5
59591,0,6
59592,1,7
59593,1,8
59594,1,9
59595,4,0
59596,6,1
59597,3,2
59598,3,3
59599,2,4
59600,8,5
59601,5,6
59602,1,7
59603,1,8
59604,4,9
59605,4,0
59606,6,1
59607,3,2
59608,4,4
59609,7,5
59610,5,6
59611,4,7
59612,1,8
59613,1,0
59614,2,4
59615,3,0
59616,6,1
59617,1,7
59618,7,5
59619,6,1
59620,6,4
59621,3,2
59622,1,8
59623,4,4
59624,3,3
59625,1,1
59626,1,7
59627,3,8
59628,5,2
59629,6,4
59630,1,3
59631,3,3
59632,8,6
59633,8,9
59634,8,9
59635,7,5
59636,1,8
59637,5,6
59638,1,7
59639,4,0
59640,5,6
59641,3,2
59642,5,6
59643,7,3
59644,4,9
59645,6,1
59646,4,7
59647,2,4
59648,1,8
59649,1,8
59650,1,9
59651,3,0
59652,3,3
59653,9,0
59654,8,5
59655,3,2
59656,4,9
59657,6,4
59658,6,1
59659,4,0
59660,3,3
59661,1,7
59662,8,5
59663,1,8
59664,1,7
59665,1,7
59666,1,8
59667,3,2
59668,8,9
59669,7,5
59670,5,5
59671,1,1
59672,3,2
59673,5,6
59674,2,4
59675,3,2
59676,7,5
59677,5,2
59678,7,3
59679,5,6
59680,3,0
59681,9,0
59682,1,7
59683,7,5
59684,3,2
59685,1,8
59686,6,1
59687,5,6
59688,6,1
59689,4,0
59690,2,4
59691,7,3
59692,6,1
59693,5,6
59694,6,1
59695,1,9
59696,4,0
59697,6,1
59698,3,2
59699,7,3
59700,2,4
59701,5,5
59702,0,6
59703,2,7
59704,7,0
59705,6,1
59706,1,2
59707,3,3
59708,6,4
59709,0,6
59710,1,7
59711,1,8
59712,7,0
59713,6,1
59714,1,2
59715,3,3
59716,2,4
59717,1,7
59718,1,8
59719,8,9
59720,3,2
59721,1,2
59722,6,4
59723,7,0
59724,1,7
59725,7,3
59726,3,5
59727,2,4
59728,6,1
59729,1,8
59730,4,0
59731,5,5
59732,3,2
59733,1,7
59734,5,2
59735,3,3
59736,5,6
59737,5,2
59738,6,1
59739,1,7
59740,1,7
59741,2,9
59742,1,2
59743,6,4
59744,0,6
59745,1,7
59746,1,7
59747,3,5
59748,4,9
59749,2,9
59750,6,1
59751,1,8
59752,0,6
59753,2,4
59754,0,6
59755,5,0
59756,1,9
59757,3,2
59758,5,6
59759,2,4
59760,3,3
59761,1,9
59762,4,0
59763,1,8
59764,1,8
59765,4,9
59766,6,4
59767,4,7
59768,1,1
59769,7,3
59770,5,6
59771,4,9
59772,2,4
59773,6,1
59774,1,7
59775,5,6
59776,1,9
59777,3,3
59778,3,3
59779,1,7
59780,2,4
59781,6,1
59782,1,9
59783,6,1
59784,3,0
59785,0,6
59786,7,0
59787,1,1
59788,3,2
59789,2,4
59790,7,5
59791,0,6
59792,1,7
59793,1,8
59794,2,9
59795,7,0
59796,1,1
59797,1,2
59798,7,3
59799,2,4
59800,7,5
59801,5,6
59802,1,7
59803,1,8
59804,1,9
59805,5,0
59806,1,1
59807,3,2
59808,7,3
59809,0,4
59810,7,5
59811,0,6
59812,2,7
59813,1,8
59814,1,9
59815,7,3
59816,9,2
59817,4,9
59818,7,3
59819,3,2
59820,1,1
59821,8,4
59822,7,5
59823,7,5
59824,3,2
59825,1,3
59826,9,2
59827,1,1
59828,7,3
59829,2,9
59830,1,7
59831,9,2
59832,1,1
59833,1,2
59834,1,8
59835,2,9
59836,1,1
59837,1,8
59838,1,8
59839,1,7
59840,7,0
59841,5,6
59842,2,7
59843,2,7
59844,1,8
59845,1,7
59846,7,5
59847,3,0
59848,5,6
59849,6,1
59850,7,5
59851,1,7
59852,2,4
59853,0,6
59854,1,1
59855,9,2
59856,2,7
59857,1,9
59858,8,9
59859,4,0
59860,7,3
59861,1,8
59862,2,4
59863,2,4
59864,6,1
59865,1,8
59866,0,6
59867,7,5
59868,5,0
59869,4,0
59870,7,3
59871,2,7
59872,6,1
59873,5,6
59874,2,4
59875,3,2
59876,5,6
59877,0,6
59878,5,0
59879,2,4
59880,7,5
59881,2,4
59882,6,1
59883,3,3
59884,1,8
59885,0,6
59886,7,3
59887,2,9
59888,2,9
59889,7,5
59890,1,9
59891,1,3
59892,5,6
59893,2,4
59894,2,7
59895,0,6
59896,3,2
59897,3,2
59898,7,0
59899,2,9
59900,6,4
59901,4,0
59902,6,1
59903,9,2
59904,7,3
59905,2,4
59906,7,5
59907,0,6
59908,1,7
59909,1,8
59910,1,9
59911,4,0
59912,6,1
59913,3,2
59914,7,3
59915,1,4
59916,1,8
59917,1,9
59918,5,0
59919,6,1
59920,9,2
59921,3,3
59922,6,4
59923,5,5
59924,5,6
59925,1,7
59926,1,8
59927,1,9
59928,5,6
59929,7,0
59930,7,3
59931,0,4
59932,6,1
59933,0,4
59934,5,0
59935,2,7
59936,7,8
59937,1,7
59938,1,7
59939,1,9
59940,4,0
59941,6,4
59942,2,9
59943,2,4
59944,4,0
59945,7,5
59946,7,8
59947,7,5
59948,8,9
59949,7,8
59950,1,8
59951,0,4
59952,4,0
59953,1,7
59954,6,1
59955,7,3
59956,7,5
59957,3,3
59958,6,1
59959,0,6
59960,5,5
59961,3,3
59962,1,8
59963,1,7
59964,3,3
59965,6,1
59966,5,6
59967,1,8
59968,5,5
59969,8,9
59970,9,2
59971,9,2
59972,4,0
59973,2,9
59974,9,2
59975,2,4
59976,5,6
59977,1,7
59978,7,3
59979,6,1
59980,3,3
59981,5,6
59982,0,6
59983,3,2
59984,6,1
59985,3,2
59986,0,6
59987,4,0
59988,1,7
59989,8,8
59990,8,9
59991,9,2
59992,8,9
59993,5,5
59994,6,1
59995,7,8
59996,3,3
59997,7,5
59998,0,6
59999,1,8
60000,1,7
60001,5,2
60002,6,1
60003,4,0
60004,4,4
60005,1,1
60006,8,4
60007,4,9
60008,8,5
60009,2,9
60010,4,0
60011,5,6
60012,2,9
60013,4,0
60014,1,1
60015,7,5
60016,4,9
60017,1,7
60018,3,3
60019,2,4
60020,1,9
60021,5,6
60022,0,6
60023,8,5
60024,0,4
60025,4,0
60026,4,7
60027,4,4
60028,4,0
60029,1,1
60030,1,3
60031,1,1
60032,7,3
60033,4,4
60034,1,7
60035,3,2
60036,2,7
60037,1,1
60038,5,2
60039,1,1
60040,6,1
60041,1,7
60042,2,4
60043,5,2
60044,1,3
60045,7,5
60046,1,1
60047,3,2
60048,2,4
60049,4,4
60050,5,6
60051,3,3
60052,7,5
60053,7,5
60054,5,6
60055,4,0
60056,4,4
60057,6,1
60058,4,9
60059,8,5
60060,1,7
60061,3,8
60062,2,9
60063,3,3
60064,1,7
60065,8,4
60066,9,6
60067,2,4
60068,1,3
60069,4,0
60070,1,7
60071,4,0
60072,3,2
60073,1,9
60074,1,1
60075,1,7
60076,7,3
60077,9,2
60078,1,9
60079,1,7
60080,2,7
60081,0,6
60082,9,2
60083,2,7
60084,8,8
60085,8,4
60086,1,7
60087,7,3
60088,0,6
60089,1,1
60090,7,3
60091,0,6
60092,2,9
60093,1,3
60094,1,1
60095,0,4
60096,1,1
60097,1,7
60098,0,6
60099,4,9
60100,5,6
60101,4,0
60102,7,5
60103,0,4
60104,4,9
60105,4,9
60106,3,2
60107,6,1
60108,8,9
60109,2,4
60110,7,8
60111,1,7
60112,7,3
60113,1,9
60114,1,7
60115,2,4
60116,8,4
60117,4,4
60118,2,9
60119,9,2
60120,7,5
60121,2,4
60122,1,7
60123,5,6
60124,1,7
60125,4,9
60126,3,0
60127,8,5
60128,1,8
60129,7,5
60130,0,6
60131,0,6
60132,5,5
60133,1,7
60134,1,8
60135,1,1
60136,4,0
60137,1,1
60138,5,6
60139,2,4
60140,0,6
60141,1,7
60142,3,3
60143,1,1
60144,1,7
60145,1,1
60146,1,8
60147,9,2
60148,4,0
60149,5,2
60150,4,9
60151,4,9
60152,8,5
60153,7,5
60154,1,1
60155,8,5
60156,0,6
60157,4,0
60158,1,3
60159,0,4
60160,2,4
60161,5,6
60162,7,5
60163,4,4
60164,0,6
60165,7,5
60166,0,4
60167,5,5
60168,1,1
60169,8,4
60170,2,4
60171,1,7
60172,3,2
60173,7,3
60174,3,2
60175,6,7
60176,6,1
60177,7,8
60178,1,1
60179,1,8
60180,1,1
60181,7,8
60182,8,5
60183,4,0
60184,7,8
60185,4,9
60186,1,2
60187,7,5
60188,4,0
60189,1,1
60190,1,1
60191,1,1
60192,4,0
60193,1,9
60194,4,0
60195,5,3
60196,1,1
60197,5,6
60198,2,4
60199,1,2
60200,3,3
60201,0,6
60202,6,1
60203,8,1
60204,6,1
60205,7,3
60206,2,9
60207,7,5
60208,9,2
60209,7,9
60210,4,4
60211,8,5
60212,4,9
60213,1,3
60214,1,9
60215,4,0
60216,1,3
60217,8,6
60218,8,5
60219,7,5
60220,4,7
60221,3,2
60222,5,2
60223,1,7
60224,6,1
60225,3,2
60226,1,8
60227,0,4
60228,6,1
60229,1,7
60230,1,3
60231,7,3
60232,8,8
60233,1,8
60234,1,7
60235,4,9
60236,1,2
60237,9,2
60238,2,4
60239,1,1
60240,7,5
60241,3,9
60242,1,8
60243,1,7
60244,1,2
60245,5,3
60246,4,0
60247,0,4
60248,2,4
60249,1,2
60250,1,4
60251,6,1
60252,1,9
60253,7,5
60254,1,7
60255,1,7
60256,1,2
60257,1,8
60258,9,2
60259,5,6
60260,7,8
60261,7,5
60262,1,7
60263,1,7
60264,1,9
60265,1,1
60266,5,8
60267,1,1
60268,3,8
60269,3,0
60270,7,3
60271,4,0
60272,1,1
60273,2,9
60274,4,9
60275,4,4
60276,1,1
60277,1,8
60278,9,2
60279,1,1
60280,3,2
60281,2,9
60282,1,7
60283,8,5
60284,4,9
60285,3,2
60286,8,6
60287,4,4
60288,1,1
60289,8,5
60290,8,8
60291,3,2
60292,2,9
60293,9,2
60294,4,0
60295,8,4
60296,4,0
60297,4,0
60298,3,2
60299,7,8
60300,0,4
60301,1,7
60302,1,1
60303,9,2
60304,1,4
60305,4,0
60306,3,2
60307,1,7
60308,2,4
60309,7,3
60310,3,3
60311,4,0
60312,4,0
60313,7,3
60314,1,1
60315,1,9
60316,8,6
60317,8,5
60318,3,2
60319,7,5
60320,1,9
60321,1,2
60322,8,9
60323,7,3
60324,7,0
60325,2,4
60326,5,2
60327,4,0
60328,1,7
60329,1,1
60330,1,1
60331,3,2
60332,1,1
60333,8,5
60334,7,3
60335,3,3
60336,4,9
60337,1,7
60338,7,8
60339,5,6
60340,5,5
60341,4,6
60342,1,1
60343,7,3
60344,7,8
60345,1,1
60346,4,0
60347,8,5
60348,1,1
60349,1,3
60350,1,1
60351,7,5
60352,7,5
60353,5,6
60354,6,1
60355,1,8
60356,7,5
60357,1,1
60358,2,7
60359,2,9
60360,4,4
60361,5,6
60362,1,2
60363,1,2
60364,7,5
60365,4,0
60366,4,6
60367,7,5
60368,5,6
60369,7,3
60370,1,7
60371,1,2
60372,4,0
60373,1,8
60374,1,8
60375,8,5
60376,2,4
60377,1,1
60378,1,1
60379,4,4
60380,4,0
60381,3,3
60382,7,3
60383,1,7
60384,0,6
60385,6,1
60386,5,6
60387,9,2
60388,6,1
60389,1,9
60390,9,2
60391,1,8
60392,0,6
60393,1,1
60394,2,9
60395,7,5
60396,1,2
60397,7,5
60398,4,4
60399,9,4
60400,3,2
60401,7,8
60402,3,3
60403,8,8
60404,1,2
60405,0,4
60406,5,5
60407,4,0
60408,3,3
60409,1,1
60410,4,7
60411,1,7
60412,7,5
60413,1,7
60414,8,9
60415,4,7
60416,1,1
60417,1,9
60418,1,2
60419,1,1
60420,2,4
60421,3,2
60422,1,9
60423,3,2
60424,4,0
60425,9,4
60426,1,9
60427,1,1
60428,2,4
60429,1,8
60430,6,1
60431,7,8
60432,0,4
60433,7,5
60434,1,9
60435,1,8
60436,1,8
60437,7,3
60438,2,7
60439,5,6
60440,4,0
60441,4,0
60442,7,3
60443,4,0
60444,3,2
60445,5,6
60446,5,6
60447,1,4
60448,1,9
60449,7,3
60450,7,3
60451,1,3
60452,3,2
60453,3,3
60454,4,9
60455,1,1
60456,1,2
60457,7,6
60458,1,8
60459,4,0
60460,8,5
60461,0,6
60462,5,6
60463,0,6
60464,1,3
60465,7,8
60466,1,8
60467,1,2
60468,1,7
60469,7,5
60470,7,8
60471,2,9
60472,0,6
60473,6,1
60474,7,8
60475,4,4
60476,1,1
60477,3,2
60478,8,5
60479,7,9
60480,6,1
60481,1,9
60482,4,7
60483,8,5
60484,2,4
60485,4,0
60486,7,8
60487,4,9
60488,1,9
60489,6,1
60490,0,0
60491,8,5
60492,3,2
60493,3,3
60494,1,7
60495,5,8
60496,4,9
60497,1,4
60498,4,0
60499,8,6
60500,7,3
60501,4,9
60502,5,5
60503,3,2
60504,1,1
60505,3,3
60506,6,1
60507,7,3
60508,8,6
60509,7,5
60510,1,7
60511,6,4
60512,3,2
60513,3,2
60514,5,6
60515,7,3
60516,9,2
60517,0,6
60518,7,5
60519,1,4
60520,1,8
60521,1,9
60522,1,7
60523,6,1
60524,7,3
60525,4,0
60526,7,3
60527,7,8
60528,5,3
60529,1,1
60530,8,9
60531,1,3
60532,2,4
60533,9,4
60534,5,6
60535,4,4
60536,1,2
60537,6,1
60538,6,8
60539,3,2
60540,7,5
60541,2,4
60542,7,8
60543,1,8
60544,8,4
60545,4,0
60546,4,0
60547,3,2
60548,1,3
60549,3,2
60550,1,7
60551,1,7
60552,5,0
60553,8,8
60554,2,7
60555,2,4
60556,9,4
60557,1,7
60558,8,9
60559,0,6
60560,2,9
60561,4,0
60562,4,9
60563,1,8
60564,4,0
60565,2,4
60566,0,6
60567,4,0
60568,5,6
60569,7,3
60570,7,5
60571,2,4
60572,1,8
60573,3,3
60574,7,3
60575,8,9
60576,7,3
60577,7,3
60578,3,3
60579,2,7
60580,1,8
60581,4,0
60582,3,8
60583,1,2
60584,1,1
60585,1,7
60586,4,0
60587,5,6
60588,7,5
60589,8,4
60590,3,3
60591,3,8
60592,4,0
60593,1,9
60594,5,6
60595,7,3
60596,1,8
60597,5,0
60598,1,9
60599,4,9
60600,0,6
60601,1,8
60602,5,6
60603,1,8
60604,7,5
60605,6,7
60606,7,8
60607,0,6
60608,4,0
60609,3,2
60610,0,4
60611,4,0
60612,9,2
60613,6,2
60614,1,3
60615,6,1
60616,1,9
60617,1,7
60618,7,5
60619,1,1
60620,4,0
60621,1,8
60622,0,4
60623,0,6
60624,3,2
60625,0,6
60626,1,7
60627,2,9
60628,7,3
60629,3,2
60630,4,9
60631,1,8
60632,1,2
60633,9,2
60634,4,9
60635,6,2
60636,4,7
60637,3,3
60638,8,5
60639,2,9
60640,1,1
60641,7,8
60642,5,0
60643,3,2
60644,4,0
60645,5,5
60646,5,2
60647,1,1
60648,7,3
60649,1,7
60650,8,6
60651,1,7
60652,1,1
60653,1,2
60654,7,5
60655,1,8
60656,4,0
60657,7,3
60658,2,7
60659,1,2
60660,0,4
60661,4,0
60662,8,9
60663,1,1
60664,1,8
60665,5,6
60666,2,7
60667,6,7
60668,0,4
60669,1,3
60670,6,4
60671,4,9
60672,1,1
60673,2,9
60674,5,5
60675,1,1
60676,1,7
60677,3,3
60678,4,9
60679,1,7
60680,0,6
60681,4,9
60682,1,1
60683,7,3
60684,1,7
60685,1,8
60686,1,3
60687,7,3
60688,8,6
60689,2,7
60690,3,2
60691,1,8
60692,8,5
60693,1,8
60694,8,5
60695,1,1
60696,1,1
60697,0,4
60698,8,4
60699,7,3
60700,1,1
60701,4,0
60702,1,7
60703,1,7
60704,4,0
60705,1,7
60706,8,9
60707,1,4
60708,8,4
60709,1,8
60710,7,5
60711,7,5
60712,2,4
60713,4,0
60714,7,8
60715,3,2
60716,6,1
60717,5,0
60718,1,8
60719,4,4
60720,7,5
60721,3,0
60722,4,4
60723,4,0
60724,0,6
60725,6,1
60726,1,7
60727,7,3
60728,3,2
60729,5,6
60730,4,7
60731,9,2
60732,0,6
60733,4,9
60734,1,3
60735,1,1
60736,0,4
60737,5,6
60738,3,2
60739,7,5
60740,8,4
60741,1,2
60742,4,0
60743,8,6
60744,3,2
60745,1,1
60746,1,7
60747,7,3
60748,0,4
60749,6,1
60750,4,0
60751,7,5
60752,2,4
60753,3,3
60754,6,1
60755,1,1
60756,1,7
60757,2,4
60758,2,9
60759,1,9
60760,2,4
60761,1,8
60762,4,4
60763,3,0
60764,9,2
60765,2,4
60766,7,5
60767,6,1
60768,1,1
60769,5,6
60770,2,4
60771,1,7
60772,1,1
60773,4,9
60774,8,4
60775,1,2
60776,4,4
60777,1,1
60778,8,5
60779,8,5
60780,7,3
60781,7,8
60782,7,3
60783,1,1
60784,4,4
60785,7,5
60786,5,6
60787,7,8
60788,1,9
60789,4,4
60790,1,1
60791,8,5
60792,3,3
60793,1,8
60794,4,0
60795,1,3
60796,9,2
60797,8,5
60798,1,1
60799,3,2
60800,7,8
60801,5,3
60802,8,4
60803,4,4
60804,5,0
60805,1,8
60806,7,8
60807,7,3
60808,7,3
60809,6,1
60810,9,7
60811,3,3
60812,7,5
60813,1,9
60814,5,6
60815,3,3
60816,3,2
60817,0,6
60818,1,1
60819,3,3
60820,5,6
60821,4,0
60822,4,7
60823,9,2
60824,6,1
60825,1,7
60826,1,1
60827,6,4
60828,3,2
60829,6,4
60830,3,2
60831,1,1
60832,1,7
60833,8,9
60834,5,6
60835,6,1
60836,6,1
60837,1,2
60838,0,4
60839,7,8
60840,1,1
60841,4,7
60842,1,7
60843,4,4
60844,1,8
60845,4,0
60846,1,7
60847,3,3
60848,6,1
60849,3,3
60850,1,1
60851,4,0
60852,4,7
60853,1,7
60854,4,0
60855,1,3
60856,7,5
60857,7,5
60858,1,2
60859,2,7
60860,5,6
60861,5,6
60862,4,9
60863,3,2
60864,1,8
60865,1,3
60866,7,5
60867,1,2
60868,9,2
60869,7,5
60870,8,6
60871,4,0
60872,1,8
60873,1,2
60874,1,9
60875,1,2
60876,7,8
60877,5,8
60878,7,8
60879,7,8
60880,1,7
60881,1,4
60882,2,9
60883,1,3
60884,4,0
60885,0,6
60886,0,6
60887,7,3
60888,9,2
60889,1,1
60890,7,3
60891,3,2
60892,1,2
60893,4,9
60894,5,3
60895,4,0
60896,4,0
60897,7,5
60898,1,7
60899,7,8
60900,1,1
60901,4,4
60902,8,4
60903,5,6
60904,4,0
60905,9,2
60906,4,9
60907,6,1
60908,2,4
60909,4,7
60910,4,4
60911,1,7
60912,7,3
60913,4,9
60914,1,8
60915,7,8
60916,9,4
60917,1,7
60918,1,1
60919,5,2
60920,1,1
60921,1,2
60922,1,2
60923,3,3
60924,1,2
60925,7,3
60926,1,2
60927,3,3
60928,4,9
60929,6,1
60930,1,7
60931,8,4
60932,3,0
60933,3,3
60934,8,5
60935,7,5
60936,1,8
60937,0,6
60938,7,3
60939,4,2
60940,5,6
60941,1,7
60942,5,6
60943,8,6
60944,7,3
60945,3,2
60946,1,7
60947,1,8
60948,1,1
60949,1,1
60950,1,7
60951,7,5
60952,0,6
60953,2,4
60954,1,9
60955,5,5
60956,5,1
60957,7,3
60958,7,3
60959,1,4
60960,6,7
60961,1,8
60962,2,9
60963,6,1
60964,6,1
60965,5,6
60966,1,9
60967,6,1
60968,8,4
60969,8,4
60970,8,5
60971,2,4
60972,4,0
60973,5,6
60974,3,2
60975,1,2
60976,1,3
60977,1,1
60978,7,5
60979,1,1
60980,3,2
60981,4,0
60982,1,3
60983,1,8
60984,1,1
60985,3,2
60986,5,6
60987,1,7
60988,1,1
60989,0,6
60990,1,2
60991,7,3
60992,1,9
60993,4,0
60994,1,1
60995,3,2
60996,3,2
60997,4,0
60998,1,8
60999,4,9
61000,1,9
61001,4,0
61002,1,2
61003,7,5
61004,1,1
61005,1,9
61006,1,7
61007,1,8
61008,1,1
61009,4,0
61010,2,4
61011,1,1
61012,1,7
61013,1,9
61014,5,6
61015,2,4
61016,3,2
61017,0,6
61018,7,8
61019,6,1
61020,7,3
61021,1,7
61022,7,5
61023,2,4
61024,6,4
61025,6,1
61026,7,8
61027,1,1
61028,3,3
61029,1,8
61030,6,1
61031,9,2
61032,8,5
61033,1,8
61034,4,0
61035,0,6
61036,1,2
61037,1,1
61038,6,1
61039,4,7
61040,1,1
61041,8,5
61042,1,3
61043,2,4
61044,4,6
61045,1,9
61046,7,5
61047,5,0
61048,4,9
61049,9,2
61050,3,2
61051,4,4
61052,7,8
61053,3,2
61054,1,1
61055,2,7
61056,3,2
61057,2,4
61058,1,9
61059,4,4
61060,0,4
61061,4,0
61062,1,3
61063,1,9
61064,3,2
61065,3,2
61066,1,3
61067,7,3
61068,2,8
61069,7,3
61070,7,5
61071,1,7
61072,7,3
61073,7,5
61074,3,8
61075,6,1
61076,3,2
61077,8,4
61078,0,4
61079,5,6
61080,2,4
61081,4,9
61082,7,5
61083,1,1
61084,4,0
61085,5,6
61086,4,9
61087,8,5
61088,2,9
61089,5,5
61090,2,9
61091,1,7
61092,1,3
61093,1,8
61094,4,0
61095,1,3
61096,4,7
61097,6,1
61098,7,3
61099,5,6
61100,1,7
61101,5,8
61102,7,5
61103,4,9
61104,1,7
61105,2,9
61106,0,6
61107,7,9
61108,5,6
61109,7,3
61110,4,7
61111,2,4
61112,0,4
61113,7,5
61114,1,3
61115,7,5
61116,8,4
61117,1,7
61118,7,8
61119,6,7
61120,1,8
61121,4,0
61122,1,7
61123,5,6
61124,1,8
61125,1,8
61126,2,7
61127,1,3
61128,3,3
61129,1,1
61130,4,9
61131,8,5
61132,1,2
61133,1,7
61134,7,3
61135,8,5
61136,1,1
61137,1,1
61138,3,2
61139,1,1
61140,2,4
61141,1,7
61142,4,4
61143,1,7
61144,7,5
61145,4,4
61146,7,5
61147,8,4
61148,4,0
61149,1,8
61150,7,3
61151,8,6
61152,1,9
61153,8,6
61154,4,0
61155,3,2
61156,1,7
61157,6,4
61158,0,4
61159,2,4
61160,4,4
61161,5,6
61162,0,6
61163,2,4
61164,4,7
61165,4,9
61166,7,3
61167,2,4
61168,8,5
61169,8,5
61170,7,8
61171,1,7
61172,7,3
61173,2,7
61174,3,2
61175,2,7
61176,7,0
61177,3,2
61178,2,4
61179,1,1
61180,1,1
61181,1,6
61182,8,6
61183,2,9
61184,1,2
61185,1,8
61186,4,7
61187,3,2
61188,4,0
61189,6,1
61190,7,5
61191,5,0
61192,8,9
61193,1,1
61194,1,7
61195,4,0
61196,5,6
61197,4,0
61198,8,8
61199,5,6
61200,7,8
61201,1,1
61202,7,8
61203,4,0
61204,1,3
61205,3,3
61206,1,7
61207,9,2
61208,7,3
61209,8,6
61210,3,2
61211,1,1
61212,0,6
61213,1,1
61214,1,1
61215,7,3
61216,2,7
61217,1,9
61218,4,0
61219,7,8
61220,4,0
61221,7,5
61222,2,4
61223,4,0
61224,5,2
61225,1,8
61226,1,7
61227,5,2
61228,1,9
61229,1,8
61230,2,4
61231,4,0
61232,1,9
61233,5,5
61234,7,8
61235,8,5
61236,1,1
61237,3,2
61238,1,1
61239,7,3
61240,1,1
61241,1,7
61242,2,4
61243,8,5
61244,1,7
61245,3,2
61246,7,0
61247,4,9
61248,7,8
61249,1,8
61250,8,6
61251,5,2
61252,7,5
61253,9,4
61254,1,1
61255,1,9
61256,1,2
61257,6,1
61258,7,5
61259,7,8
61260,1,7
61261,4,0
61262,1,2
61263,9,4
61264,8,4
61265,7,3
61266,0,6
61267,1,8
61268,1,8
61269,9,2
61270,2,4
61271,4,0
61272,7,5
61273,5,0
61274,2,4
61275,2,4
61276,1,7
61277,4,9
61278,7,3
61279,2,4
61280,1,1
61281,7,5
61282,2,9
61283,6,7
61284,7,3
61285,7,5
61286,1,8
61287,7,8
61288,1,0
61289,7,5
61290,7,3
61291,7,3
61292,0,6
61293,5,6
61294,4,0
61295,6,1
61296,8,6
61297,4,0
61298,7,3
61299,7,5
61300,2,4
61301,2,4
61302,1,1
61303,3,2
61304,4,9
61305,6,1
61306,2,4
61307,5,6
61308,9,9
61309,4,9
61310,7,3
61311,4,9
61312,8,8
61313,2,4
61314,0,4
61315,7,3
61316,1,1
61317,7,3
61318,1,1
61319,5,8
61320,1,8
61321,1,7
61322,2,9
61323,2,4
61324,1,8
61325,8,8
61326,6,7
61327,4,9
61328,2,7
61329,1,1
61330,1,4
61331,7,5
61332,5,6
61333,4,0
61334,7,5
61335,5,2
61336,1,2
61337,5,2
61338,1,1
61339,5,5
61340,7,5
61341,3,2
61342,0,4
61343,2,9
61344,8,6
61345,5,2
61346,2,7
61347,2,7
61348,9,2
61349,1,2
61350,1,1
61351,1,1
61352,3,2
61353,1,8
61354,1,3
61355,2,7
61356,1,2
61357,4,4
61358,6,1
61359,1,7
61360,1,1
61361,1,7
61362,0,6
61363,2,7
61364,1,8
61365,3,2
61366,1,7
61367,3,3
61368,6,1
61369,1,7
61370,7,5
61371,7,8
61372,3,2
61373,0,6
61374,3,2
61375,1,2
61376,7,5
61377,5,6
61378,8,5
61379,4,0
61380,4,9
61381,3,2
61382,4,4
61383,5,3
61384,7,3
61385,1,9
61386,2,7
61387,0,6
61388,5,6
61389,7,8
61390,4,0
61391,4,4
61392,1,1
61393,3,5
61394,7,8
61395,3,2
61396,2,9
61397,1,1
61398,7,8
61399,4,0
61400,8,6
61401,2,7
61402,1,2
61403,6,1
61404,1,0
61405,8,5
61406,7,5
61407,9,2
61408,5,0
61409,1,2
61410,5,2
61411,4,0
61412,6,2
61413,1,4
61414,1,9
61415,5,8
61416,4,0
61417,4,9
61418,4,9
61419,4,4
61420,5,6
61421,7,5
61422,4,4
61423,1,9
61424,1,1
61425,8,8
61426,7,3
61427,4,4
61428,8,9
61429,4,9
61430,1,1
61431,1,2
61432,3,2
61433,1,8
61434,1,1
61435,1,9
61436,8,6
61437,1,4
61438,4,0
61439,1,9
61440,0,4
61441,1,8
61442,7,3
61443,7,8
61444,5,6
61445,4,0
61446,3,2
61447,8,5
61448,1,1
61449,8,9
61450,0,6
61451,3,2
61452,2,9
61453,8,4
61454,4,0
61455,2,9
61456,0,6
61457,4,0
61458,5,6
61459,1,2
61460,7,5
61461,0,4
61462,3,2
61463,7,3
61464,7,8
61465,0,4
61466,7,5
61467,7,5
61468,9,0
61469,5,3
61470,7,8
61471,7,5
61472,7,3
61473,8,5
61474,1,8
61475,5,6
61476,7,5
61477,1,7
61478,8,6
61479,7,3
61480,1,3
61481,4,9
61482,0,6
61483,1,1
61484,6,1
61485,9,2
61486,4,9
61487,4,0
61488,4,4
61489,7,3
61490,7,3
61491,0,6
61492,4,9
61493,8,5
61494,4,7
61495,1,3
61496,2,7
61497,4,7
61498,2,7
61499,7,8
61500,6,7
61501,4,9
61502,1,8
61503,7,3
61504,4,0
61505,1,7
61506,3,2
61507,1,7
61508,2,9
61509,2,4
61510,7,5
61511,2,4
61512,1,9
61513,7,3
61514,3,2
61515,1,1
61516,4,4
61517,4,0
61518,1,2
61519,7,3
61520,1,7
61521,7,5
61522,1,7
61523,4,8
61524,1,8
61525,7,5
61526,4,0
61527,5,1
61528,1,1
61529,4,4
61530,1,8
61531,7,3
61532,2,9
61533,4,0
61534,4,0
61535,4,0
61536,5,6
61537,5,6
61538,9,2
61539,1,3
61540,4,7
61541,7,8
61542,2,4
61543,1,7
61544,1,7
61545,5,9
61546,1,2
61547,1,4
61548,1,1
61549,0,4
61550,8,5
61551,1,2
61552,2,4
61553,1,9
61554,1,9
61555,6,1
61556,1,8
61557,2,4
61558,4,0
61559,1,9
61560,1,8
61561,4,4
61562,7,8
61563,1,7
61564,2,7
61565,4,0
61566,1,7
61567,1,8
61568,7,8
61569,9,6
61570,4,0
61571,2,4
61572,1,8
61573,1,8
61574,3,2
61575,2,4
61576,1,7
61577,0,6
61578,0,6
61579,7,6
61580,2,4
61581,6,7
61582,6,1
61583,1,8
61584,7,8
61585,9,2
61586,1,3
61587,5,6
61588,7,3
61589,4,0
61590,4,0
61591,1,3
61592,1,7
61593,0,6
61594,2,9
61595,1,7
61596,4,9
61597,2,9
61598,7,5
61599,2,4
61600,7,3
61601,3,3
61602,5,6
61603,1,1
61604,3,2
61605,7,3
61606,2,7
61607,1,3
61608,7,3
61609,5,2
61610,4,0
61611,7,3
61612,7,3
61613,1,8
61614,1,4
61615,3,3
61616,5,6
61617,3,3
61618,7,5
61619,4,0
61620,1,2
61621,5,0
61622,8,9
61623,4,0
61624,1,7
61625,2,4
61626,5,6
61627,4,9
61628,7,3
61629,7,5
61630,6,1
61631,1,9
61632,0,6
61633,1,1
61634,2,4
61635,8,5
61636,8,4
61637,5,5
61638,4,0
61639,7,5
61640,4,9
61641,5,5
61642,9,2
61643,1,1
61644,3,2
61645,4,9
61646,6,1
61647,2,9
61648,8,9
61649,2,4
61650,4,0
61651,1,8
61652,4,4
61653,7,5
61654,1,2
61655,4,9
61656,6,2
61657,1,1
61658,1,2
61659,6,1
61660,1,7
61661,1,3
61662,5,6
61663,7,8
61664,1,8
61665,2,4
61666,4,9
61667,1,1
61668,1,9
61669,7,8
61670,7,5
61671,1,7
61672,7,5
61673,1,1
61674,1,1
61675,1,8
61676,5,6
61677,8,5
61678,1,2
61679,2,4
61680,2,4
61681,1,3
61682,3,2
61683,3,3
61684,8,5
61685,5,6
61686,7,8
61687,1,8
61688,8,6
61689,1,2
61690,7,3
61691,1,1
61692,4,0
61693,7,5
61694,1,8
61695,1,9
61696,5,2
61697,1,9
61698,5,6
61699,1,7
61700,4,0
61701,8,4
61702,7,8
61703,1,7
61704,1,1
61705,2,7
61706,2,4
61707,1,1
61708,4,0
61709,7,9
61710,1,7
61711,3,2
61712,4,0
61713,4,0
61714,8,9
61715,1,1
61716,6,7
61717,7,8
61718,9,7
61719,1,8
61720,4,4
61721,1,7
61722,5,2
61723,4,0
61724,4,4
61725,8,6
61726,4,0
61727,1,3
61728,1,1
61729,1,1
61730,7,3
61731,3,3
61732,7,9
61733,5,6
61734,4,7
61735,0,4
61736,1,1
61737,5,5
61738,7,3
61739,4,0
61740,7,8
61741,1,7
61742,7,3
61743,2,9
61744,0,6
61745,2,9
61746,5,3
61747,8,5
61748,3,0
61749,3,2
61750,1,7
61751,0,4
61752,7,5
61753,1,1
61754,1,7
61755,7,5
61756,7,8
61757,4,0
61758,3,8
61759,1,8
61760,1,1
61761,8,5
61762,4,0
61763,7,3
61764,4,0
61765,7,3
61766,6,1
61767,0,4
61768,4,0
61769,3,3
61770,1,7
61771,1,2
61772,4,7
61773,8,1
61774,7,8
61775,4,0
61776,1,7
61777,4,0
61778,9,4
61779,3,3
61780,6,1
61781,4,9
61782,4,8
61783,4,7
61784,1,7
61785,1,1
61786,2,4
61787,4,9
61788,8,9
61789,1,3
61790,1,2
61791,6,1
61792,1,7
61793,4,9
61794,4,0
61795,9,2
61796,4,0
61797,7,3
61798,7,3
61799,1,7
61800,0,6
61801,4,9
61802,3,2
61803,7,3
61804,7,3
61805,4,7
61806,1,7
61807,3,0
61808,0,0
61809,1,7
61810,7,5
61811,3,2
61812,4,9
61813,3,8
61814,2,7
61815,4,4
61816,2,4
61817,3,2
61818,5,6
61819,5,6
61820,6,1
61821,4,9
61822,5,6
61823,4,8
61824,3,2
61825,1,9
61826,4,0
61827,1,8
61828,1,3
61829,1,1
61830,6,1
61831,5,6
61832,7,3
61833,7,5
61834,1,1
61835,1,1
61836,1,1
61837,7,3
61838,6,1
61839,3,2
61840,7,3
61841,4,0
61842,3,2
61843,4,0
61844,1,1
61845,3,3
61846,7,5
61847,7,5
61848,1,7
61849,2,4
61850,1,8
61851,1,9
61852,5,6
61853,1,9
61854,5,6
61855,4,8
61856,3,3
61857,0,6
61858,0,6
61859,1,8
61860,7,5
61861,1,1
61862,8,4
61863,9,2
61864,2,4
61865,1,4
61866,7,5
61867,1,1
61868,6,1
61869,1,9
61870,4,0
61871,1,2
61872,2,4
61873,4,9
61874,7,5
61875,4,7
61876,1,1
61877,1,8
61878,1,8
61879,8,5
61880,4,6
61881,1,9
61882,7,8
61883,4,7
61884,1,1
61885,6,1
61886,8,6
61887,2,7
61888,8,6
61889,7,3
61890,3,2
61891,9,2
61892,4,0
61893,1,8
61894,1,9
61895,3,2
61896,7,5
61897,1,1
61898,4,0
61899,1,8
61900,1,1
61901,2,9
61902,7,5
61903,1,7
61904,1,9
61905,5,6
61906,8,9
61907,4,0
61908,0,6
61909,1,1
61910,7,5
61911,8,5
61912,1,8
61913,1,3
61914,8,8
61915,1,2
61916,8,6
61917,8,5
61918,4,0
61919,1,7
61920,2,4
61921,5,6
61922,6,1
61923,3,3
61924,0,4
61925,1,7
61926,7,3
61927,1,2
61928,7,3
61929,2,4
61930,9,2
61931,7,5
61932,3,2
61933,1,7
61934,1,1
61935,1,7
61936,1,2
61937,5,6
61938,4,4
61939,1,1
61940,8,5
61941,9,7
61942,1,8
61943,8,6
61944,5,0
61945,1,1
61946,7,8
61947,1,2
61948,8,5
61949,1,7
61950,1,7
61951,0,6
61952,1,9
61953,7,3
61954,7,5
61955,3,8
61956,0,4
61957,9,2
61958,0,4
61959,4,0
61960,1,8
61961,3,8
61962,7,3
61963,4,4
61964,1,9
61965,3,2
61966,1,7
61967,7,5
61968,1,8
61969,4,6
61970,7,5
61971,0,6
61972,4,0
61973,7,8
61974,0,6
61975,2,7
61976,1,3
61977,5,6
61978,8,4
61979,4,9
61980,2,4
61981,4,6
61982,8,6
61983,3,3
61984,9,2
61985,0,4
61986,1,1
61987,9,0
61988,1,1
61989,1,4
61990,0,6
61991,1,2
61992,1,9
61993,6,1
61994,1,1
61995,4,0
61996,5,6
61997,7,3
61998,4,9
61999,7,5
62000,0,6
62001,7,5
62002,5,6
62003,8,5
62004,7,8
62005,4,4
62006,5,6
62007,8,4
62008,7,3
62009,4,9
62010,1,1
62011,1,3
62012,2,4
62013,1,1
62014,2,9
62015,1,1
62016,6,7
62017,1,1
62018,1,1
62019,2,9
62020,7,3
62021,8,5
62022,2,4
62023,4,0
62024,2,7
62025,7,3
62026,0,6
62027,8,1
62028,6,7
62029,8,5
62030,8,5
62031,7,3
62032,7,3
62033,4,0
62034,1,1
62035,7,5
62036,1,7
62037,5,5
62038,1,8
62039,5,6
62040,5,5
62041,1,1
62042,4,0
62043,8,4
62044,4,2
62045,7,3
62046,2,4
62047,0,6
62048,1,7
62049,2,9
62050,1,8
62051,6,1
62052,8,8
62053,1,4
62054,1,9
62055,3,2
62056,7,8
62057,9,6
62058,1,2
62059,2,7
62060,4,0
62061,4,0
62062,5,6
62063,8,7
62064,8,5
62065,1,8
62066,5,6
62067,4,0
62068,4,9
62069,7,3
62070,2,7
62071,1,1
62072,7,3
62073,7,5
62074,2,4
62075,7,3
62076,7,3
62077,7,5
62078,7,5
62079,8,6
62080,1,3
62081,4,0
62082,3,2
62083,7,3
62084,4,4
62085,1,2
62086,7,3
62087,4,0
62088,1,9
62089,8,9
62090,1,4
62091,1,7
62092,1,2
62093,1,8
62094,2,4
62095,1,7
62096,4,0
62097,0,6
62098,4,2
62099,8,8
62100,7,5
62101,1,2
62102,1,8
62103,8,5
62104,4,7
62105,7,3
62106,4,0
62107,5,8
62108,3,2
62109,1,3
62110,3,2
62111,7,8
62112,3,2
62113,7,5
62114,7,5
62115,4,7
62116,8,6
62117,0,4
62118,4,6
62119,1,8
62120,2,4
62121,1,8
62122,1,2
62123,2,7
62124,4,4
62125,8,5
62126,3,2
62127,4,0
62128,7,3
62129,1,9
62130,1,4
62131,4,6
62132,2,7
62133,1,2
62134,8,5
62135,6,6
62136,1,1
62137,6,1
62138,3,2
62139,7,3
62140,5,6
62141,1,7
62142,7,8
62143,1,7
62144,0,6
62145,9,4
62146,1,8
62147,2,9
62148,4,4
62149,1,8
62150,5,6
62151,7,3
62152,7,8
62153,7,3
62154,1,1
62155,4,0
62156,5,6
62157,1,2
62158,1,2
62159,8,5
62160,5,6
62161,4,9
62162,7,5
62163,1,8
62164,1,1
62165,0,4
62166,1,1
62167,1,7
62168,1,8
62169,2,4
62170,5,6
62171,1,1
62172,1,8
62173,8,4
62174,7,3
62175,6,1
62176,9,2
62177,7,8
62178,4,0
62179,1,8
62180,7,5
62181,4,9
62182,1,1
62183,4,4
62184,5,2
62185,4,0
62186,3,2
62187,1,7
62188,7,0
62189,1,9
62190,4,0
62191,3,2
62192,7,5
62193,1,7
62194,0,6
62195,1,7
62196,1,9
62197,6,4
62198,1,2
62199,8,6
62200,5,2
62201,4,4
62202,2,4
62203,1,8
62204,4,0
62205,2,4
62206,2,4
62207,8,5
62208,1,8
62209,4,0
62210,0,6
62211,1,8
62212,2,9
62213,7,8
62214,7,5
62215,5,6
62216,1,9
62217,4,0
62218,8,4
62219,1,8
62220,1,7
62221,6,1
62222,5,3
62223,2,4
62224,5,5
62225,7,8
62226,4,0
62227,4,9
62228,6,1
62229,3,3
62230,7,3
62231,5,6
62232,2,9
62233,4,8
62234,1,7
62235,6,1
62236,4,0
62237,5,5
62238,1,7
62239,6,1
62240,4,7
62241,7,5
62242,1,2
62243,2,7
62244,1,9
62245,6,1
62246,1,8
62247,7,5
62248,3,2
62249,4,4
62250,1,9
62251,0,4
62252,1,7
62253,9,2
62254,9,2
62255,7,3
62256,4,4
62257,1,9
62258,1,1
62259,4,9
62260,3,2
62261,1,1
62262,1,7
62263,4,9
62264,4,4
62265,2,4
62266,5,1
62267,5,6
62268,2,7
62269,1,2
62270,1,7
62271,1,8
62272,5,8
62273,6,1
62274,2,9
62275,1,7
62276,8,1
62277,6,1
62278,1,7
62279,7,5
62280,7,3
62281,3,3
62282,7,5
62283,1,1
62284,7,3
62285,2,7
62286,4,6
62287,1,1
62288,3,3
62289,1,8
62290,2,7
62291,7,5
62292,7,9
62293,9,9
62294,4,0
62295,4,0
62296,1,2
62297,1,8
62298,7,8
62299,1,2
62300,7,3
62301,1,7
62302,1,1
62303,7,3
62304,4,0
62305,1,3
62306,2,4
62307,2,4
62308,7,3
62309,7,8
62310,2,9
62311,1,2
62312,7,3
62313,8,9
62314,1,7
62315,1,1
62316,1,1
62317,1,7
62318,4,0
62319,4,4
62320,1,9
62321,5,6
62322,5,5
62323,4,9
62324,1,1
62325,1,7
62326,7,0
62327,1,2
62328,4,0
62329,3,0
62330,4,4
62331,0,6
62332,1,7
62333,4,0
62334,1,7
62335,1,1
62336,2,4
62337,5,6
62338,4,4
62339,8,5
62340,2,4
62341,4,9
62342,4,9
62343,1,1
62344,1,7
62345,2,9
62346,7,5
62347,3,3
62348,1,3
62349,1,8
62350,9,2
62351,5,3
62352,0,6
62353,3,2
62354,3,2
62355,1,1
62356,1,1
62357,1,1
62358,5,1
62359,1,1
62360,5,6
62361,1,9
62362,1,8
62363,2,4
62364,1,3
62365,2,7
62366,1,1
62367,5,6
62368,2,4
62369,7,5
62370,4,0
62371,4,4
62372,2,7
62373,2,4
62374,3,2
62375,9,4
62376,4,0
62377,1,7
62378,3,0
62379,1,1
62380,4,9
62381,1,8
62382,1,8
62383,0,6
62384,4,0
62385,4,0
62386,1,4
62387,1,9
62388,5,6
62389,1,8
62390,3,2
62391,6,2
62392,7,3
62393,7,8
62394,4,4
62395,7,8
62396,9,2
62397,3,2
62398,1,1
62399,1,7
62400,7,5
62401,2,4
62402,2,4
62403,4,0
62404,0,4
62405,3,3
62406,1,9
62407,1,7
62408,7,3
62409,6,1
62410,4,0
62411,1,1
62412,6,2
62413,7,5
62414,1,9
62415,5,2
62416,8,1
62417,4,0
62418,6,1
62419,7,8
62420,4,9
62421,1,1
62422,9,6
62423,1,8
62424,3,3
62425,1,8
62426,4,9
62427,7,3
62428,0,6
62429,1,2
62430,7,8
62431,3,3
62432,3,2
62433,1,2
62434,1,1
62435,4,0
62436,9,4
62437,6,2
62438,1,9
62439,3,2
62440,4,4
62441,1,3
62442,1,7
62443,1,9
62444,1,1
62445,7,5
62446,3,2
62447,1,4
62448,2,9
62449,4,0
62450,5,3
62451,1,8
62452,7,5
62453,1,3
62454,5,6
62455,4,0
62456,1,9
62457,1,4
62458,0,6
62459,1,2
62460,8,5
62461,4,0
62462,5,2
62463,2,7
62464,0,4
62465,0,6
62466,0,6
62467,1,8
62468,5,6
62469,0,6
62470,1,8
62471,0,6
62472,2,9
62473,1,1
62474,1,7
62475,3,2
62476,7,5
62477,8,9
62478,1,9
62479,4,0
62480,1,7
62481,1,2
62482,1,7
62483,0,6
62484,1,7
62485,3,0
62486,0,6
62487,8,5
62488,0,2
62489,4,4
62490,2,7
62491,3,2
62492,4,0
62493,1,9
62494,4,9
62495,3,2
62496,9,2
62497,8,9
62498,4,4
62499,2,4
62500,3,2
62501,3,3
62502,7,3
62503,3,2
62504,1,1
62505,4,7
62506,4,0
62507,6,7
62508,0,6
62509,4,4
62510,6,1
62511,7,3
62512,7,8
62513,1,7
62514,1,4
62515,5,5
62516,4,9
62517,3,2
62518,7,5
62519,6,1
62520,1,8
62521,2,7
62522,7,3
62523,2,7
62524,1,1
62525,7,5
62526,5,5
62527,4,0
62528,4,9
62529,1,1
62530,2,4
62531,4,0
62532,8,6
62533,1,3
62534,7,3
62535,5,6
62536,4,0
62537,2,4
62538,2,9
62539,2,7
62540,5,5
62541,1,1
62542,5,6
62543,1,8
62544,1,9
62545,7,5
62546,8,5
62547,1,7
62548,1,9
62549,1,3
62550,7,8
62551,7,3
62552,1,8
62553,1,1
62554,7,5
62555,7,3
62556,7,5
62557,4,0
62558,7,5
62559,7,5
62560,5,3
62561,1,8
62562,5,6
62563,1,7
62564,1,7
62565,1,7
62566,1,3
62567,1,7
62568,4,0
62569,7,5
62570,2,9
62571,4,0
62572,1,2
62573,1,5
62574,7,5
62575,7,3
62576,1,1
62577,1,7
62578,1,7
62579,1,8
62580,5,6
62581,7,5
62582,1,9
62583,7,3
62584,8,8
62585,2,9
62586,7,5
62587,7,3
62588,4,7
62589,4,9
62590,1,1
62591,1,7
62592,4,0
62593,4,0
62594,7,3
62595,1,7
62596,1,2
62597,7,5
62598,1,8
62599,1,1
62600,7,8
62601,0,6
62602,1,2
62603,2,9
62604,7,5
62605,4,7
62606,7,5
62607,6,7
62608,1,8
62609,5,6
62610,3,2
62611,8,5
62612,1,1
62613,4,4
62614,1,8
62615,2,4
62616,7,5
62617,1,8
62618,7,3
62619,4,0
62620,5,6
62621,3,2
62622,1,7
62623,7,3
62624,1,3
62625,1,2
62626,1,1
62627,4,0
62628,1,7
62629,7,3
62630,4,4
62631,4,0
62632,7,3
62633,1,9
62634,7,3
62635,5,2
62636,7,8
62637,4,9
62638,5,0
62639,7,3
62640,7,8
62641,4,0
62642,2,7
62643,5,6
62644,7,5
62645,4,4
62646,1,7
62647,1,3
62648,4,9
62649,4,0
62650,1,8
62651,5,6
62652,1,2
62653,7,5
62654,1,6
62655,6,1
62656,4,0
62657,4,0
62658,1,4
62659,2,4
62660,4,0
62661,6,1
62662,1,2
62663,7,3
62664,5,2
62665,1,7
62666,1,7
62667,7,8
62668,5,5
62669,9,2
62670,7,5
62671,1,7
62672,0,6
62673,8,9
62674,1,1
62675,2,4
62676,6,1
62677,5,6
62678,1,4
62679,1,2
62680,4,4
62681,3,3
62682,7,5
62683,4,4
62684,5,3
62685,1,9
62686,7,5
62687,4,0
62688,1,1
62689,7,5
62690,7,3
62691,1,8
62692,1,9
62693,1,1
62694,4,9
62695,5,7
62696,4,9
62697,8,5
62698,7,5
62699,6,2
62700,1,7
62701,2,4
62702,0,6
62703,4,0
62704,1,1
62705,1,1
62706,1,1
62707,4,0
62708,0,4
62709,0,4
62710,4,7
62711,5,6
62712,7,3
62713,1,0
62714,4,0
62715,2,4
62716,1,3
62717,4,0
62718,0,6
62719,6,1
62720,1,9
62721,5,6
62722,1,1
62723,3,3
62724,7,8
62725,6,1
62726,3,2
62727,7,5
62728,0,6
62729,9,2
62730,1,7
62731,7,3
62732,8,6
62733,4,0
62734,1,1
62735,4,9
62736,1,7
62737,0,6
62738,5,6
62739,1,8
62740,1,9
62741,1,2
62742,4,9
62743,8,5
62744,1,8
62745,3,3
62746,6,1
62747,4,0
62748,4,0
62749,4,7
62750,8,6
62751,5,6
62752,9,2
62753,6,1
62754,0,6
62755,2,9
62756,3,3
62757,1,1
62758,7,8
62759,0,6
62760,1,9
62761,4,0
62762,5,6
62763,4,0
62764,4,0
62765,4,0
62766,5,6
62767,3,3
62768,7,5
62769,2,9
62770,5,3
62771,2,4
62772,8,5
62773,7,5
62774,7,8
62775,8,5
62776,7,3
62777,4,0
62778,2,4
62779,4,0
62780,3,2
62781,1,9
62782,5,6
62783,1,8
62784,1,2
62785,7,3
62786,6,1
62787,3,2
62788,6,1
62789,6,1
62790,7,5
62791,0,6
62792,4,9
62793,1,8
62794,4,0
62795,5,6
62796,5,6
62797,7,5
62798,8,5
62799,7,3
62800,7,8
62801,5,6
62802,3,2
62803,1,1
62804,2,4
62805,8,5
62806,2,4
62807,3,3
62808,2,7
62809,1,8
62810,7,5
62811,4,0
62812,4,9
62813,3,3
62814,7,5
62815,1,1
62816,6,1
62817,4,0
62818,2,4
62819,2,4
62820,1,7
62821,4,0
62822,1,1
62823,1,7
62824,4,0
62825,1,1
62826,5,6
62827,1,1
62828,2,4
62829,8,5
62830,5,6
62831,5,6
62832,7,5
62833,4,7
62834,7,8
62835,0,4
62836,9,4
62837,1,7
62838,3,2
62839,7,5
62840,1,3
62841,1,7
62842,4,0
62843,1,7
62844,1,7
62845,8,9
62846,0,6
62847,2,4
62848,1,2
62849,8,8
62850,5,5
62851,4,7
62852,7,8
62853,7,3
62854,2,9
62855,8,5
62856,1,8
62857,4,9
62858,1,9
62859,1,8
62860,0,6
62861,1,2
62862,1,8
62863,1,9
62864,3,2
62865,7,3
62866,0,6
62867,6,1
62868,1,1
62869,1,8
62870,4,9
62871,7,3
62872,4,4
62873,4,0
62874,1,7
62875,2,9
62876,5,6
62877,1,4
62878,1,1
62879,2,4
62880,1,1
62881,7,3
62882,5,4
62883,2,9
62884,7,3
62885,6,1
62886,1,4
62887,1,7
62888,1,7
62889,4,4
62890,1,7
62891,3,2
62892,4,9
62893,3,3
62894,5,0
62895,7,8
62896,4,8
62897,1,8
62898,2,4
62899,4,0
62900,0,4
62901,1,4
62902,1,1
62903,7,5
62904,9,2
62905,1,8
62906,7,3
62907,4,4
62908,4,9
62909,7,5
62910,1,2
62911,1,8
62912,1,1
62913,7,5
62914,1,3
62915,1,7
62916,1,9
62917,2,4
62918,3,2
62919,8,5
62920,4,6
62921,1,3
62922,7,5
62923,1,9
62924,7,3
62925,8,5
62926,2,9
62927,3,3
62928,6,1
62929,4,9
62930,8,5
62931,1,3
62932,4,0
62933,5,6
62934,8,9
62935,1,8
62936,4,4
62937,4,0
62938,2,4
62939,4,9
62940,5,2
62941,8,9
62942,4,0
62943,1,1
62944,4,0
62945,1,3
62946,6,1
62947,0,6
62948,7,5
62949,1,8
62950,1,1
62951,8,5
62952,7,3
62953,1,3
62954,4,0
62955,7,3
62956,7,5
62957,5,5
62958,1,9
62959,9,2
62960,1,8
62961,1,7
62962,4,0
62963,9,4
62964,2,9
62965,1,1
62966,2,9
62967,1,7
62968,2,7
62969,5,5
62970,4,5
62971,1,2
62972,5,0
62973,4,9
62974,6,1
62975,1,8
62976,5,6
62977,3,2
62978,1,3
62979,2,9
62980,5,6
62981,9,2
62982,1,1
62983,8,9
62984,1,1
62985,1,3
62986,8,5
62987,7,5
62988,4,0
62989,1,3
62990,1,8
62991,1,3
62992,7,3
62993,1,7
62994,0,6
62995,8,6
62996,4,0
62997,1,1
62998,8,4
62999,4,0
63000,5,6
63001,2,9
63002,1,8
63003,1,1
63004,6,2
63005,8,9
63006,4,9
63007,8,5
63008,1,9
63009,1,7
63010,7,3
63011,4,7
63012,1,8
63013,4,0
63014,6,1
63015,7,3
63016,5,0
63017,2,4
63018,0,6
63019,6,1
63020,4,0
63021,1,2
63022,7,5
63023,5,8
63024,4,4
63025,2,4
63026,6,1
63027,6,1
63028,7,5
63029,8,4
63030,4,6
63031,5,6
63032,4,0
63033,4,6
63034,2,9
63035,9,2
63036,5,6
63037,3,2
63038,2,7
63039,1,1
63040,1,7
63041,1,9
63042,2,4
63043,4,0
63044,4,0
63045,7,3
63046,7,8
63047,3,2
63048,3,2
63049,1,3
63050,1,1
63051,5,6
63052,4,0
63053,7,5
63054,2,7
63055,1,7
63056,8,9
63057,9,2
63058,5,6
63059,1,7
63060,1,9
63061,1,7
63062,7,8
63063,5,6
63064,7,8
63065,8,8
63066,2,4
63067,5,6
63068,1,8
63069,9,4
63070,1,1
63071,3,2
63072,1,8
63073,1,1
63074,7,3
63075,4,9
63076,2,4
63077,4,0
63078,7,3
63079,1,7
63080,3,3
63081,3,2
63082,3,3
63083,7,3
63084,2,7
63085,7,3
63086,2,4
63087,4,0
63088,5,6
63089,3,2
63090,4,0
63091,7,8
63092,1,1
63093,7,5
63094,3,3
63095,8,5
63096,2,4
63097,6,1
63098,2,7
63099,6,1
63100,7,5
63101,1,7
63102,7,5
63103,1,7
63104,7,3
63105,3,2
63106,3,2
63107,1,7
63108,7,3
63109,1,7
63110,7,3
63111,2,7
63112,7,8
63113,7,5
63114,4,4
63115,8,5
63116,3,2
63117,1,5
63118,5,6
63119,7,5
63120,3,3
63121,0,6
63122,9,7
63123,2,4
63124,1,1
63125,1,7
63126,1,1
63127,8,5
63128,3,2
63129,3,3
63130,5,6
63131,7,3
63132,1,1
63133,8,4
63134,1,2
63135,5,6
63136,6,7
63137,0,4
63138,7,3
63139,7,8
63140,4,0
63141,5,6
63142,3,2
63143,1,1
63144,5,6
63145,7,5
63146,7,3
63147,4,9
63148,6,1
63149,1,9
63150,7,3
63151,3,2
63152,1,1
63153,7,8
63154,0,4
63155,2,4
63156,0,6
63157,7,5
63158,1,8
63159,5,6
63160,4,9
63161,1,7
63162,1,7
63163,7,8
63164,5,6
63165,8,9
63166,6,7
63167,1,3
63168,1,9
63169,2,4
63170,4,0
63171,7,5
63172,4,4
63173,5,6
63174,4,4
63175,1,1
63176,1,2
63177,1,3
63178,4,0
63179,4,0
63180,3,2
63181,5,6
63182,0,6
63183,7,5
63184,1,7
63185,4,0
63186,1,8
63187,5,6
63188,2,4
63189,5,7
63190,4,9
63191,4,0
63192,1,7
63193,3,3
63194,2,4
63195,3,2
63196,6,1
63197,1,8
63198,7,8
63199,7,5
63200,4,9
63201,9,2
63202,1,7
63203,6,1
63204,1,8
63205,7,8
63206,3,8
63207,3,2
63208,2,7
63209,5,6
63210,4,0
63211,6,1
63212,9,2
63213,1,7
63214,6,1
63215,4,0
63216,1,8
63217,7,3
63218,5,6
63219,4,0
63220,7,5
63221,7,3
63222,5,6
63223,9,2
63224,1,8
63225,6,7
63226,4,0
63227,8,1
63228,9,4
63229,1,2
63230,1,1
63231,1,1
63232,4,4
63233,2,4
63234,0,4
63235,1,4
63236,1,7
63237,1,1
63238,5,6
63239,3,2
63240,1,9
63241,4,9
63242,4,0
63243,4,0
63244,6,1
63245,1,8
63246,7,8
63247,2,4
63248,7,3
63249,2,4
63250,5,2
63251,4,0
63252,8,6
63253,6,1
63254,8,6
63255,1,1
63256,1,2
63257,1,2
63258,3,2
63259,1,1
63260,9,2
63261,1,3
63262,6,7
63263,1,8
63264,1,1
63265,4,0
63266,4,0
63267,1,2
63268,1,1
63269,5,6
63270,0,6
63271,4,0
63272,6,1
63273,5,6
63274,1,2
63275,7,5
63276,6,1
63277,2,7
63278,4,4
63279,7,8
63280,1,2
63281,1,1
63282,2,4
63283,7,3
63284,1,8
63285,1,3
63286,1,9
63287,4,9
63288,4,4
63289,1,8
63290,3,3
63291,2,4
63292,2,7
63293,3,2
63294,1,7
63295,5,5
63296,1,7
63297,4,0
63298,2,4
63299,7,3
63300,3,3
63301,1,2
63302,0,6
63303,1,7
63304,5,6
63305,4,0
63306,4,0
63307,0,6
63308,1,7
63309,1,7
63310,4,0
63311,8,5
63312,7,5
63313,1,8
63314,1,1
63315,4,0
63316,1,7
63317,4,0
63318,1,2
63319,1,8
63320,6,1
63321,7,5
63322,4,0
63323,7,8
63324,1,8
63325,4,0
63326,3,3
63327,1,2
63328,1,7
63329,1,7
63330,3,2
63331,5,6
63332,4,4
63333,1,7
63334,7,5
63335,5,5
63336,8,5
63337,1,2
63338,4,9
63339,1,2
63340,1,8
63341,2,4
63342,5,6
63343,7,8
63344,8,6
63345,7,5
63346,4,0
63347,4,0
63348,1,8
63349,1,7
63350,0,6
63351,6,1
63352,1,7
63353,1,1
63354,1,1
63355,9,2
63356,1,7
63357,4,4
63358,4,0
63359,4,0
63360,2,7
63361,4,7
63362,0,6
63363,1,3
63364,3,8
63365,8,6
63366,2,4
63367,3,2
63368,4,0
63369,1,9
63370,0,4
63371,4,0
63372,7,5
63373,4,7
63374,7,8
63375,3,2
63376,1,7
63377,8,4
63378,2,7
63379,1,1
63380,6,1
63381,1,3
63382,5,6
63383,5,6
63384,5,2
63385,4,9
63386,6,1
63387,1,9
63388,1,4
63389,1,8
63390,1,3
63391,0,6
63392,8,9
63393,7,5
63394,9,9
63395,0,6
63396,9,2
63397,0,4
63398,8,6
63399,4,7
63400,1,7
63401,4,0
63402,5,6
63403,0,6
63404,4,9
63405,2,4
63406,1,8
63407,1,3
63408,7,5
63409,3,3
63410,4,4
63411,1,9
63412,7,0
63413,4,0
63414,7,5
63415,1,2
63416,7,5
63417,4,0
63418,1,7
63419,1,1
63420,6,1
63421,6,1
63422,5,6
63423,2,7
63424,5,6
63425,1,7
63426,8,9
63427,5,6
63428,0,6
63429,2,4
63430,1,1
63431,2,4
63432,1,3
63433,6,1
63434,6,1
63435,3,2
63436,5,2
63437,1,4
63438,1,1
63439,4,0
63440,7,8
63441,1,7
63442,5,6
63443,7,3
63444,2,4
63445,4,0
63446,4,0
63447,0,6
63448,5,3
63449,7,3
63450,4,0
63451,1,7
63452,1,1
63453,1,7
63454,1,1
63455,1,1
63456,3,3
63457,1,1
63458,4,0
63459,4,9
63460,4,9
63461,1,7
63462,7,5
63463,2,4
63464,1,1
63465,4,4
63466,7,8
63467,1,9
63468,8,5
63469,1,3
63470,7,5
63471,1,1
63472,4,9
63473,7,8
63474,3,2
63475,1,3
63476,1,3
63477,1,9
63478,4,9
63479,4,0
63480,1,1
63481,4,0
63482,3,2
63483,9,9
63484,7,3
63485,4,9
63486,7,3
63487,1,3
63488,5,6
63489,5,2
63490,8,4
63491,4,9
63492,7,8
63493,7,3
63494,6,7
63495,2,4
63496,4,0
63497,4,4
63498,4,7
63499,1,8
63500,4,4
63501,8,9
63502,8,8
63503,1,9
63504,1,9
63505,1,7
63506,5,5
63507,4,9
63508,3,2
63509,7,8
63510,3,2
63511,1,2
63512,4,0
63513,9,2
63514,3,2
63515,7,3
63516,7,8
63517,9,4
63518,8,6
63519,7,8
63520,0,6
63521,7,8
63522,1,2
63523,2,4
63524,0,6
63525,1,7
63526,1,9
63527,7,3
63528,7,3
63529,2,9
63530,2,4
63531,7,3
63532,1,1
63533,2,4
63534,1,4
63535,4,7
63536,7,0
63537,7,5
63538,1,9
63539,5,6
63540,5,0
63541,4,4
63542,0,4
63543,0,4
63544,4,4
63545,5,6
63546,1,1
63547,3,2
63548,3,3
63549,1,3
63550,5,6
63551,2,4
63552,8,5
63553,2,9
63554,0,6
63555,7,8
63556,8,5
63557,8,6
63558,3,5
63559,7,8
63560,0,6
63561,2,4
63562,6,1
63563,1,8
63564,5,6
63565,7,5
63566,1,2
63567,1,8
63568,4,4
63569,7,5
63570,7,5
63571,4,4
63572,1,7
63573,1,7
63574,4,0
63575,1,7
63576,1,8
63577,3,2
63578,3,2
63579,3,3
63580,1,7
63581,4,0
63582,1,1
63583,1,8
63584,4,0
63585,1,7
63586,1,1
63587,1,9
63588,1,8
63589,1,7
63590,7,5
63591,7,5
63592,4,9
63593,6,1
63594,1,7
63595,8,5
63596,4,4
63597,7,9
63598,1,1
63599,1,2
63600,1,2
63601,8,1
63602,5,6
63603,5,6
63604,4,7
63605,1,1
63606,6,1
63607,2,4
63608,4,0
63609,1,7
63610,2,4
63611,1,2
63612,2,4
63613,4,0
63614,0,6
63615,4,4
63616,1,7
63617,5,6
63618,1,9
63619,7,5
63620,7,3
63621,4,4
63622,0,6
63623,8,5
63624,4,0
63625,6,1
63626,7,8
63627,1,8
63628,9,2
63629,7,8
63630,7,3
63631,7,5
63632,1,7
63633,7,8
63634,4,0
63635,3,8
63636,7,5
63637,2,7
63638,1,1
63639,1,1
63640,4,0
63641,1,1
63642,7,3
63643,1,7
63644,1,8
63645,8,5
63646,4,0
63647,1,7
63648,1,1
63649,1,1
63650,4,0
63651,1,1
63652,6,1
63653,4,4
63654,8,5
63655,1,2
63656,1,7
63657,0,6
63658,1,2
63659,7,3
63660,4,0
63661,1,2
63662,7,8
63663,8,5
63664,4,9
63665,0,6
63666,2,9
63667,1,7
63668,9,2
63669,1,1
63670,3,3
63671,5,6
63672,8,4
63673,1,1
63674,7,8
63675,3,2
63676,2,4
63677,4,0
63678,7,5
63679,1,1
63680,4,0
63681,3,2
63682,3,2
63683,4,6
63684,4,4
63685,4,4
63686,1,3
63687,2,9
63688,8,6
63689,1,1
63690,5,6
63691,7,5
63692,2,7
63693,1,9
63694,6,2
63695,4,0
63696,3,2
63697,5,6
63698,4,0
63699,1,1
63700,2,4
63701,3,3
63702,1,5
63703,3,2
63704,1,8
63705,7,8
63706,4,0
63707,1,8
63708,3,8
63709,8,9
63710,4,0
63711,1,9
63712,5,6
63713,6,7
63714,5,6
63715,7,3
63716,7,9
63717,7,3
63718,8,4
63719,1,7
63720,1,7
63721,1,7
63722,2,4
63723,4,9
63724,4,0
63725,0,6
63726,1,4
63727,3,8
63728,2,4
63729,1,2
63730,2,7
63731,3,2
63732,1,8
63733,6,1
63734,4,0
63735,4,0
63736,1,7
63737,8,8
63738,5,3
63739,7,3
63740,7,3
63741,1,1
63742,1,3
63743,1,7
63744,5,6
63745,1,1
63746,7,3
63747,1,1
63748,5,6
63749,4,6
63750,7,5
63751,6,7
63752,9,4
63753,1,7
63754,8,5
63755,4,9
63756,7,5
63757,3,8
63758,8,4
63759,4,9
63760,1,9
63761,6,1
63762,8,6
63763,7,5
63764,4,0
63765,1,1
63766,7,3
63767,6,7
63768,5,0
63769,1,3
63770,4,4
63771,1,8
63772,1,2
63773,3,2
63774,4,0
63775,3,2
63776,7,5
63777,1,1
63778,8,5
63779,1,1
63780,0,4
63781,7,8
63782,7,8
63783,4,9
63784,1,1
63785,1,2
63786,1,1
63787,1,3
63788,7,5
63789,1,1
63790,4,0
63791,4,9
63792,4,4
63793,4,4
63794,1,8
63795,7,3
63796,1,2
63797,8,5
63798,8,9
63799,1,7
63800,8,6
63801,5,6
63802,9,2
63803,4,0
63804,4,0
63805,4,0
63806,8,5
63807,1,8
63808,6,7
63809,6,1
63810,7,5
63811,3,2
63812,3,3
63813,7,8
63814,8,5
63815,1,1
63816,7,8
63817,9,2
63818,9,0
63819,4,4
63820,4,9
63821,4,9
63822,0,6
63823,9,2
63824,7,3
63825,7,3
63826,8,5
63827,0,6
63828,0,4
63829,3,8
63830,4,0
63831,1,9
63832,3,2
63833,1,8
63834,3,3
63835,5,6
63836,4,7
63837,7,5
63838,6,7
63839,3,2
63840,4,9
63841,9,4
63842,2,9
63843,6,1
63844,1,2
63845,1,8
63846,9,6
63847,4,0
63848,1,7
63849,4,0
63850,4,9
63851,6,1
63852,6,1
63853,8,6
63854,4,7
63855,1,5
63856,1,9
63857,8,9
63858,6,1
63859,4,9
63860,7,5
63861,1,9
63862,1,2
63863,7,5
63864,4,0
63865,4,4
63866,1,1
63867,4,0
63868,1,8
63869,2,9
63870,4,0
63871,7,8
63872,2,9
63873,8,8
63874,2,9
63875,9,4
63876,1,2
63877,7,5
63878,1,7
63879,4,9
63880,1,8
63881,4,9
63882,1,8
63883,4,0
63884,4,9
63885,4,9
63886,0,6
63887,7,8
63888,4,9
63889,2,9
63890,7,5
63891,1,9
63892,1,8
63893,5,5
63894,1,1
63895,4,0
63896,7,3
63897,1,3
63898,7,5
63899,9,2
63900,1,1
63901,5,6
63902,5,5
63903,4,0
63904,1,2
63905,7,8
63906,1,1
63907,7,5
63908,5,6
63909,1,2
63910,7,3
63911,4,0
63912,3,2
63913,3,2
63914,0,6
63915,2,4
63916,1,3
63917,7,5
63918,8,5
63919,1,1
63920,4,7
63921,9,2
63922,6,1
63923,0,6
63924,2,9
63925,6,1
63926,7,9
63927,2,9
63928,7,5
63929,7,5
63930,1,1
63931,0,6
63932,3,2
63933,9,2
63934,1,8
63935,5,6
63936,2,7
63937,8,1
63938,2,4
63939,0,6
63940,4,0
63941,0,4
63942,4,0
63943,7,3
63944,7,3
63945,3,2
63946,1,2
63947,7,3
63948,0,6
63949,7,8
63950,1,9
63951,1,8
63952,7,5
63953,7,3
63954,1,8
63955,8,5
63956,4,4
63957,7,5
63958,9,2
63959,4,0
63960,8,5
63961,5,6
63962,5,3
63963,3,2
63964,1,8
63965,7,3
63966,4,9
63967,2,9
63968,7,5
63969,1,7
63970,1,9
63971,0,4
63972,5,6
63973,1,7
63974,6,1
63975,3,3
63976,1,7
63977,1,3
63978,5,6
63979,5,6
63980,4,0
63981,4,9
63982,4,0
63983,6,1
63984,1,9
63985,1,9
63986,1,2
63987,1,8
63988,7,8
63989,4,0
63990,1,1
63991,0,6
63992,4,9
63993,1,7
63994,7,5
63995,7,3
63996,4,4
63997,1,7
63998,0,4
63999,4,9
64000,4,9
64001,2,4
64002,7,3
64003,0,6
64004,7,3
64005,1,1
64006,1,1
64007,1,7
64008,5,6
64009,1,9
64010,1,1
64011,1,8
64012,4,4
64013,1,1
64014,1,1
64015,8,9
64016,2,9
64017,1,4
64018,7,3
64019,5,6
64020,1,8
64021,1,1
64022,5,6
64023,4,0
64024,2,4
64025,1,1
64026,7,3
64027,2,7
64028,1,7
64029,2,4
64030,1,9
64031,7,5
64032,1,1
64033,4,0
64034,4,0
64035,1,1
64036,1,1
64037,8,6
64038,3,2
64039,6,1
64040,4,9
64041,7,8
64042,4,4
64043,4,0
64044,7,3
64045,5,6
64046,2,4
64047,1,9
64048,4,0
64049,1,7
64050,1,1
64051,0,6
64052,7,5
64053,2,7
64054,7,5
64055,3,2
64056,8,5
64057,1,1
64058,7,8
64059,8,5
64060,4,4
64061,1,7
64062,4,0
64063,8,6
64064,1,7
64065,5,0
64066,3,2
64067,7,5
64068,7,8
64069,1,1
64070,4,0
64071,4,4
64072,7,5
64073,1,7
64074,1,1
64075,7,8
64076,8,5
64077,1,1
64078,1,9
64079,4,0
64080,4,0
64081,5,6
64082,4,0
64083,1,7
64084,1,3
64085,1,1
64086,1,8
64087,7,3
64088,4,9
64089,1,7
64090,4,0
64091,3,0
64092,1,8
64093,4,9
64094,8,5
64095,4,9
64096,7,8
64097,7,3
64098,9,2
64099,1,7
64100,3,2
64101,1,9
64102,4,7
64103,9,2
64104,1,1
64105,1,1
64106,1,3
64107,2,7
64108,7,5
64109,7,3
64110,6,1
64111,4,9
64112,1,8
64113,1,2
64114,3,2
64115,3,2
64116,7,8
64117,7,8
64118,8,5
64119,2,7
64120,7,3
64121,7,8
64122,4,9
64123,3,8
64124,7,8
64125,0,6
64126,1,8
64127,1,2
64128,7,3
64129,2,9
64130,1,7
64131,7,5
64132,0,6
64133,9,2
64134,2,9
64135,1,2
64136,1,8
64137,8,8
64138,1,1
64139,0,6
64140,3,8
64141,1,8
64142,1,7
64143,1,9
64144,1,1
64145,7,8
64146,4,0
64147,1,1
64148,1,7
64149,1,2
64150,4,0
64151,4,7
64152,8,5
64153,1,1
64154,4,9
64155,4,0
64156,1,2
64157,5,0
64158,4,9
64159,1,8
64160,5,6
64161,1,2
64162,7,3
64163,4,9
64164,7,3
64165,7,8
64166,4,0
64167,3,2
64168,1,1
64169,1,1
64170,1,1
64171,1,1
64172,2,4
64173,9,2
64174,1,9
64175,1,7
64176,1,2
64177,8,5
64178,6,1
64179,1,1
64180,3,2
64181,1,1
64182,4,9
64183,4,9
64184,2,9
64185,6,1
64186,4,0
64187,5,2
64188,4,0
64189,3,2
64190,1,1
64191,1,1
64192,4,4
64193,0,6
64194,2,4
64195,1,1
64196,7,5
64197,0,4
64198,2,9
64199,2,7
64200,1,7
64201,1,1
64202,8,5
64203,4,6
64204,5,2
64205,5,2
64206,3,2
64207,1,8
64208,4,0
64209,5,6
64210,4,9
64211,8,6
64212,1,1
64213,1,9
64214,2,7
64215,1,7
64216,6,1
64217,0,4
64218,1,8
64219,7,5
64220,7,3
64221,8,4
64222,3,3
64223,4,4
64224,2,9
64225,1,7
64226,7,5
64227,4,0
64228,1,7
64229,4,4
64230,9,8
64231,1,8
64232,1,1
64233,7,5
64234,7,3
64235,4,9
64236,8,5
64237,4,9
64238,1,7
64239,5,6
64240,4,9
64241,4,0
64242,7,3
64243,8,6
64244,7,3
64245,4,9
64246,1,8
64247,1,2
64248,1,2
64249,1,1
64250,3,2
64251,1,8
64252,0,6
64253,7,8
64254,7,5
64255,7,5
64256,3,3
64257,4,9
64258,2,4
64259,8,9
64260,1,2
64261,7,5
64262,6,1
64263,7,5
64264,1,1
64265,1,4
64266,8,4
64267,1,1
64268,0,4
64269,9,4
64270,3,3
64271,7,5
64272,1,9
64273,1,1
64274,1,2
64275,9,2
64276,7,3
64277,3,3
64278,4,0
64279,9,2
64280,8,9
64281,4,0
64282,4,0
64283,4,9
64284,1,9
64285,5,6
64286,3,0
64287,4,9
64288,7,3
64289,4,2
64290,1,8
64291,9,4
64292,1,1
64293,4,9
64294,4,9
64295,1,7
64296,1,2
64297,1,7
64298,4,9
64299,2,9
64300,8,5
64301,4,9
64302,5,5
64303,6,1
64304,1,1
64305,1,8
64306,1,3
64307,7,5
64308,6,1
64309,8,9
64310,8,5
64311,7,3
64312,8,5
64313,2,4
64314,2,9
64315,8,5
64316,1,9
64317,7,3
64318,6,1
64319,4,9
64320,4,0
64321,7,9
64322,1,7
64323,7,5
64324,2,4
64325,1,9
64326,1,2
64327,3,0
64328,1,1
64329,4,0
64330,7,5
64331,1,1
64332,2,4
64333,8,9
64334,7,3
64335,1,3
64336,0,6
64337,1,1
64338,7,5
64339,1,2
64340,7,5
64341,3,2
64342,9,2
64343,7,0
64344,5,9
64345,3,2
64346,0,6
64347,5,6
64348,4,0
64349,1,1
64350,3,2
64351,4,0
64352,7,3
64353,4,0
64354,1,2
64355,7,5
64356,8,5
64357,4,7
64358,1,9
64359,7,5
64360,7,5
64361,4,0
64362,7,8
64363,8,9
64364,7,5
64365,4,0
64366,3,3
64367,5,2
64368,4,5
64369,6,9
64370,4,0
64371,1,8
64372,1,8
64373,0,4
64374,5,5
64375,7,8
64376,7,8
64377,2,4
64378,7,5
64379,4,4
64380,8,8
64381,7,5
64382,1,4
64383,4,9
64384,3,2
64385,1,2
64386,1,1
64387,3,2
64388,5,6
64389,1,8
64390,1,8
64391,4,7
64392,4,0
64393,1,3
64394,0,6
64395,9,6
64396,2,4
64397,7,3
64398,1,8
64399,7,8
64400,2,7
64401,1,2
64402,1,2
64403,4,0
64404,4,0
64405,1,9
64406,3,3
64407,2,9
64408,4,9
64409,6,1
64410,1,9
64411,7,8
64412,0,6
64413,5,6
64414,2,4
64415,3,2
64416,5,6
64417,8,9
64418,9,2
64419,7,8
64420,7,5
64421,4,4
64422,7,5
64423,6,7
64424,2,9
64425,1,9
64426,1,9
64427,1,2
64428,6,1
64429,7,8
64430,7,3
64431,1,4
64432,4,0
64433,1,7
64434,1,8
64435,1,3
64436,1,9
64437,1,3
64438,8,4
64439,4,6
64440,7,5
64441,0,6
64442,3,2
64443,1,3
64444,4,9
64445,9,2
64446,0,6
64447,4,0
64448,4,0
64449,5,6
64450,1,1
64451,1,2
64452,7,8
64453,1,7
64454,1,9
64455,1,8
64456,1,2
64457,4,0
64458,9,4
64459,1,7
64460,1,7
64461,7,5
64462,4,0
64463,8,5
64464,0,6
64465,0,4
64466,0,6
64467,1,7
64468,2,4
64469,1,3
64470,4,0
64471,1,7
64472,8,5
64473,4,0
64474,1,7
64475,4,4
64476,1,2
64477,4,0
64478,1,8
64479,1,9
64480,8,9
64481,8,4
64482,3,2
64483,2,4
64484,5,6
64485,1,7
64486,7,8
64487,1,7
64488,0,6
64489,1,9
64490,4,4
64491,1,1
64492,7,3
64493,1,7
64494,1,3
64495,4,0
64496,1,8
64497,1,8
64498,1,7
64499,5,6
64500,8,9
64501,3,3
64502,1,9
64503,1,2
64504,9,2
64505,1,9
64506,3,2
64507,6,1
64508,7,8
64509,1,3
64510,3,2
64511,9,9
64512,0,6
64513,1,8
64514,2,4
64515,4,0
64516,1,1
64517,3,2
64518,7,8
64519,2,4
64520,8,5
64521,9,2
64522,2,7
64523,1,8
64524,1,1
64525,1,1
64526,7,3
64527,4,0
64528,7,3
64529,7,5
64530,4,7
64531,4,0
64532,7,3
64533,6,1
64534,2,9
64535,7,3
64536,5,6
64537,7,3
64538,1,1
64539,1,7
64540,1,7
64541,1,3
64542,4,0
64543,1,8
64544,4,4
64545,1,8
64546,3,2
64547,0,6
64548,5,5
64549,1,2
64550,4,9
64551,2,7
64552,7,3
64553,4,9
64554,4,0
64555,1,9
64556,8,9
64557,5,6
64558,4,4
64559,3,2
64560,4,9
64561,1,7
64562,3,2
64563,6,1
64564,1,1
64565,8,6
64566,1,7
64567,2,4
64568,1,7
64569,7,5
64570,2,9
64571,5,6
64572,3,8
64573,1,2
64574,1,1
64575,9,4
64576,4,4
64577,8,5
64578,1,7
64579,8,6
64580,1,1
64581,7,3
64582,9,2
64583,5,5
64584,4,9
64585,4,9
64586,3,3
64587,0,6
64588,1,1
64589,6,1
64590,2,4
64591,0,6
64592,4,9
64593,1,7
64594,3,2
64595,1,1
64596,7,5
64597,6,1
64598,2,4
64599,5,6
64600,3,3
64601,2,8
64602,6,1
64603,1,1
64604,5,0
64605,1,3
64606,6,1
64607,5,6
64608,7,8
64609,2,4
64610,1,9
64611,4,0
64612,1,7
64613,1,3
64614,5,0
64615,5,2
64616,4,9
64617,5,0
64618,0,6
64619,8,6
64620,5,6
64621,3,3
64622,5,6
64623,4,7
64624,1,7
64625,3,2
64626,7,8
64627,5,6
64628,4,0
64629,1,8
64630,7,3
64631,4,0
64632,1,2
64633,4,9
64634,1,8
64635,7,3
64636,9,2
64637,7,5
64638,7,3
64639,1,8
64640,1,8
64641,4,0
64642,4,0
64643,1,1
64644,2,9
64645,7,5
64646,6,1
64647,7,3
64648,1,9
64649,0,6
64650,4,0
64651,1,1
64652,0,4
64653,1,1
64654,1,7
64655,6,1
64656,9,2
64657,3,3
64658,1,7
64659,4,9
64660,1,7
64661,4,4
64662,1,9
64663,4,9
64664,7,3
64665,8,9
64666,3,2
64667,7,8
64668,5,2
64669,2,7
64670,6,1
64671,7,8
64672,4,0
64673,2,9
64674,1,1
64675,4,0
64676,1,1
64677,1,7
64678,1,7
64679,4,9
64680,0,6
64681,4,9
64682,1,9
64683,2,9
64684,1,2
64685,1,1
64686,5,6
64687,6,1
64688,7,3
64689,8,5
64690,9,7
64691,6,1
64692,7,9
64693,4,7
64694,5,6
64695,8,4
64696,7,5
64697,1,7
64698,5,6
64699,8,6
64700,1,9
64701,4,9
64702,8,6
64703,7,3
64704,8,6
64705,3,2
64706,2,9
64707,1,8
64708,1,1
64709,5,2
64710,3,2
64711,7,5
64712,8,5
64713,5,2
64714,7,3
64715,4,7
64716,9,2
64717,6,1
64718,4,0
64719,6,1
64720,4,0
64721,4,4
64722,5,5
64723,9,2
64724,5,8
64725,1,2
64726,1,8
64727,1,3
64728,7,5
64729,1,1
64730,4,7
64731,1,8
64732,6,1
64733,6,1
64734,3,2
64735,8,9
64736,9,7
64737,8,8
64738,1,4
64739,0,0
64740,1,3
64741,4,0
64742,1,7
64743,5,8
64744,1,8
64745,8,4
64746,1,7
64747,1,7
64748,1,8
64749,7,5
64750,1,8
64751,1,4
64752,1,9
64753,1,8
64754,1,1
64755,1,3
64756,1,8
64757,4,0
64758,3,3
64759,6,1
64760,1,7
64761,2,9
64762,7,5
64763,5,5
64764,6,1
64765,5,6
64766,7,5
64767,4,7
64768,4,4
64769,4,9
64770,7,3
64771,8,5
64772,2,4
64773,1,7
64774,1,1
64775,5,2
64776,4,0
64777,1,8
64778,1,1
64779,5,6
64780,4,0
64781,1,7
64782,7,3
64783,8,4
64784,2,7
64785,1,3
64786,2,9
64787,5,6
64788,4,0
64789,7,8
64790,5,6
64791,8,4
64792,7,8
64793,1,7
64794,1,7
64795,8,9
64796,1,3
64797,1,8
64798,8,6
64799,4,9
64800,1,7
64801,6,2
64802,7,3
64803,2,4
64804,5,0
64805,3,2
64806,1,1
64807,7,8
64808,7,3
64809,8,5
64810,8,5
64811,1,7
64812,1,2
64813,8,4
64814,4,6
64815,2,7
64816,5,2
64817,7,8
64818,7,3
64819,4,0
64820,7,8
64821,4,7
64822,7,8
64823,4,9
64824,4,0
64825,1,8
64826,9,4
64827,1,4
64828,7,5
64829,7,8
64830,7,5
64831,5,6
64832,0,6
64833,3,3
64834,4,0
64835,1,9
64836,7,3
64837,1,7
64838,8,6
64839,1,8
64840,1,9
64841,1,3
64842,8,4
64843,1,9
64844,7,5
64845,7,8
64846,4,9
64847,1,1
64848,3,2
64849,1,8
64850,1,8
64851,5,6
64852,5,8
64853,1,1
64854,7,3
64855,1,7
64856,1,9
64857,4,0
64858,1,1
64859,1,1
64860,2,4
64861,1,7
64862,4,0
64863,1,8
64864,6,1
64865,1,7
64866,1,4
64867,7,5
64868,1,7
64869,1,1
64870,9,2
64871,1,1
64872,6,1
64873,1,3
64874,0,9
64875,5,6
64876,5,2
64877,1,1
64878,3,2
64879,4,8
64880,4,0
64881,1,7
64882,5,6
64883,5,6
64884,8,9
64885,7,3
64886,1,7
64887,4,0
64888,4,5
64889,3,2
64890,5,8
64891,4,0
64892,7,5
64893,8,4
64894,7,3
64895,1,8
64896,0,4
64897,5,6
64898,8,6
64899,3,2
64900,6,7
64901,2,9
64902,7,5
64903,1,1
64904,7,3
64905,3,2
64906,8,4
64907,7,3
64908,0,6
64909,1,1
64910,1,9
64911,2,4
64912,2,4
64913,1,7
64914,5,6
64915,8,5
64916,2,4
64917,6,1
64918,2,9
64919,1,9
64920,9,2
64921,1,7
64922,1,8
64923,5,0
64924,1,1
64925,7,3
64926,0,6
64927,1,1
64928,1,3
64929,4,4
64930,1,1
64931,1,1
64932,6,1
64933,8,5
64934,5,6
64935,4,0
64936,1,7
64937,4,0
64938,1,7
64939,1,2
64940,7,3
64941,5,2
64942,7,5
64943,3,2
64944,3,2
64945,4,9
64946,2,4
64947,2,9
64948,1,8
64949,1,1
64950,3,2
64951,6,1
64952,8,6
64953,1,1
64954,3,2
64955,4,7
64956,8,8
64957,4,0
64958,4,0
64959,4,0
64960,8,8
64961,3,2
64962,5,2
64963,2,9
64964,1,2
64965,3,2
64966,1,7
64967,4,9
64968,4,9
64969,3,2
64970,1,7
64971,7,5
64972,6,1
64973,7,3
64974,4,4
64975,2,9
64976,2,4
64977,1,1
64978,1,8
64979,7,5
64980,0,6
64981,3,2
64982,7,8
64983,1,3
64984,1,1
64985,5,2
64986,8,8
64987,0,4
64988,2,9
64989,1,9
64990,1,3
64991,1,7
64992,4,0
64993,1,7
64994,1,7
64995,1,2
64996,3,3
64997,3,2
64998,2,4
64999,4,0
65000,7,3
65001,8,9
65002,2,9
65003,1,8
65004,2,4
65005,6,1
65006,4,0
65007,5,6
65008,4,0
65009,2,9
65010,0,6
65011,1,8
65012,0,6
65013,6,1
65014,1,1
65015,1,9
65016,1,8
65017,4,9
65018,9,2
65019,3,3
65020,7,5
65021,7,5
65022,2,9
65023,2,4
65024,5,2
65025,6,1
65026,2,9
65027,2,4
65028,7,3
65029,2,9
65030,5,6
65031,4,0
65032,2,4
65033,4,0
65034,5,6
65035,5,0
65036,1,1
65037,5,2
65038,3,3
65039,2,4
65040,2,7
65041,1,8
65042,1,9
65043,4,0
65044,1,1
65045,3,2
65046,5,3
65047,2,4
65048,1,7
65049,1,8
65050,1,9
65051,5,0
65052,6,1
65053,5,2
65054,7,3
65055,2,4
65056,8,5
65057,5,6
65058,6,7
65059,1,8
65060,2,9
65061,1,8
65062,1,3
65063,6,4
65064,1,7
65065,1,8
65066,5,6
65067,3,3
65068,1,4
65069,4,0
65070,2,9
65071,1,7
65072,1,1
65073,2,9
65074,7,3
65075,1,8
65076,2,4
65077,1,7
65078,3,3
65079,4,0
65080,2,9
65081,6,1
65082,2,4
65083,5,5
65084,2,4
65085,5,6
65086,5,2
65087,4,0
65088,5,6
65089,3,2
65090,6,1
65091,6,1
65092,1,1
65093,1,1
65094,2,7
65095,9,2
65096,2,4
65097,2,7
65098,8,5
65099,3,2
65100,2,9
65101,2,4
65102,8,5
65103,1,8
65104,2,4
65105,9,2
65106,2,9
65107,1,7
65108,5,0
65109,4,0
65110,1,7
65111,5,5
65112,6,1
65113,6,1
65114,1,7
65115,5,6
65116,0,6
65117,5,6
65118,7,8
65119,9,2
65120,9,2
65121,2,7
65122,1,7
65123,2,4
65124,4,0
65125,5,2
65126,2,4
65127,1,2
65128,6,1
65129,8,8
65130,2,9
65131,5,6
65132,6,1
65133,4,0
65134,5,5
65135,2,9
65136,5,6
65137,1,9
65138,7,8
65139,4,0
65140,5,3
65141,4,0
65142,7,8
65143,3,3
65144,8,9
65145,5,6
65146,3,3
65147,4,0
65148,6,1
65149,3,2
65150,3,3
65151,2,4
65152,7,5
65153,5,6
65154,1,7
65155,5,0
65156,6,1
65157,3,2
65158,7,3
65159,2,4
65160,7,5
65161,0,6
65162,1,7
65163,1,8
65164,8,9
65165,5,0
65166,6,1
65167,3,2
65168,3,3
65169,2,4
65170,7,5
65171,0,6
65172,1,7
65173,1,8
65174,8,5
65175,2,4
65176,8,8
65177,2,7
65178,2,4
65179,1,7
65180,1,7
65181,7,3
65182,1,9
65183,8,8
65184,8,8
65185,7,3
65186,1,1
65187,7,5
65188,8,8
65189,3,2
65190,1,7
65191,4,4
65192,3,2
65193,6,1
65194,8,5
65195,4,4
65196,7,5
65197,7,5
65198,1,8
65199,0,6
65200,2,4
65201,4,4
65202,4,4
65203,1,1
65204,1,8
65205,1,7
65206,5,5
65207,5,5
65208,1,1
65209,3,8
65210,4,9
65211,1,1
65212,7,3
65213,0,6
65214,3,3
65215,7,3
65216,3,2
65217,3,2
65218,0,6
65219,2,9
65220,8,9
65221,0,6
65222,7,5
65223,7,5
65224,3,3
65225,3,3
65226,1,8
65227,1,1
65228,0,6
65229,7,5
65230,0,6
65231,1,8
65232,6,1
65233,2,9
65234,1,7
65235,0,6
65236,8,8
65237,3,3
65238,1,7
65239,2,4
65240,1,7
65241,4,0
65242,1,9
65243,4,0
65244,4,0
65245,1,3
65246,1,7
65247,2,9
65248,3,3
65249,4,0
65250,3,2
65251,4,0
65252,6,1
65253,4,0
65254,6,1
65255,4,0
65256,2,4
65257,4,0
65258,6,1
65259,4,0
65260,8,4
65261,1,7
65262,8,9
65263,0,6
65264,3,2
65265,0,6
65266,3,2
65267,3,2
65268,1,9
65269,1,9
65270,4,0
65271,1,1
65272,3,2
65273,7,3
65274,2,4
65275,7,5
65276,0,6
65277,1,7
65278,1,8
65279,1,9
65280,4,0
65281,6,1
65282,9,2
65283,7,3
65284,2,4
65285,7,5
65286,5,6
65287,4,7
65288,2,8
65289,1,9
65290,4,0
65291,1,1
65292,9,2
65293,7,3
65294,2,4
65295,7,5
65296,5,6
65297,1,7
65298,1,8
65299,1,9
65300,1,8
65301,4,0
65302,7,5
65303,0,6
65304,5,6
65305,4,0
65306,1,8
65307,4,0
65308,3,2
65309,7,3
65310,1,7
65311,1,9
65312,2,4
65313,1,7
65314,6,1
65315,1,9
65316,6,1
65317,1,7
65318,1,1
65319,2,4
65320,4,0
65321,4,0
65322,2,4
65323,1,1
65324,1,7
65325,7,5
65326,1,7
65327,6,1
65328,7,3
65329,7,3
65330,7,3
65331,6,1
65332,5,6
65333,1,9
65334,1,7
65335,2,4
65336,7,3
65337,4,0
65338,3,2
65339,7,5
65340,3,2
65341,5,6
65342,4,0
65343,1,8
65344,1,9
65345,2,4
65346,7,3
65347,7,5
65348,2,4
65349,1,8
65350,1,1
65351,7,5
65352,4,9
65353,4,0
65354,5,6
65355,2,4
65356,7,3
65357,5,6
65358,7,3
65359,3,3
65360,1,8
65361,6,1
65362,2,4
65363,2,7
65364,7,5
65365,2,7
65366,9,2
65367,9,2
65368,4,0
65369,4,0
65370,1,1
65371,2,7
65372,1,7
65373,4,9
65374,7,5
65375,1,9
65376,1,8
65377,4,9
65378,5,6
65379,1,8
65380,1,8
65381,3,2
65382,7,3
65383,5,6
65384,1,1
65385,3,2
65386,1,9
65387,1,8
65388,1,9
65389,7,5
65390,3,2
65391,0,6
65392,3,2
65393,2,4
65394,1,8
65395,2,4
65396,0,6
65397,7,5
65398,4,0
65399,6,1
65400,7,5
65401,5,6
65402,1,7
65403,7,8
65404,8,9
65405,4,0
65406,6,1
65407,1,2
65408,3,3
65409,0,4
65410,7,5
65411,5,6
65412,1,7
65413,7,8
65414,2,9
65415,4,0
65416,1,1
65417,9,2
65418,3,3
65419,2,4
65420,7,5
65421,5,6
65422,4,7
65423,1,8
65424,2,9
65425,1,7
65426,0,4
65427,3,2
65428,4,0
65429,2,9
65430,4,0
65431,1,1
65432,7,5
65433,1,8
65434,1,8
65435,4,0
65436,3,2
65437,1,7
65438,1,8
65439,2,4
65440,2,4
65441,0,6
65442,6,1
65443,4,0
65444,6,4
65445,7,5
65446,7,3
65447,1,9
65448,2,4
65449,9,2
65450,4,0
65451,7,5
65452,4,0
65453,6,1
65454,7,3
65455,3,2
65456,4,9
65457,4,1
65458,5,6
65459,5,0
65460,1,1
65461,6,1
65462,1,8
65463,4,0
65464,0,4
65465,1,7
65466,1,7
65467,5,6
65468,3,3
65469,5,6
65470,4,0
65471,1,7
65472,7,3
65473,7,5
65474,0,4
65475,3,2
65476,0,4
65477,6,1
65478,1,8
65479,7,3
65480,8,5
65481,5,6
65482,2,7
65483,4,0
65484,5,6
65485,1,7
65486,6,1
65487,3,2
65488,7,5
65489,1,8
65490,6,1
65491,2,9
65492,3,3
65493,1,8
65494,3,2
65495,1,8
65496,1,7
65497,0,6
65498,1,7
65499,1,1
65500,2,4
65501,5,6
65502,5,2
65503,1,9
65504,3,3
65505,4,0
65506,1,1
65507,5,2
65508,7,3
65509,2,4
65510,7,5
65511,0,6
65512,2,7
65513,4,0
65514,1,1
65515,5,2
65516,7,3
65517,2,4
65518,7,5
65519,7,0
65520,1,1
65521,5,2
65522,7,8
65523,1,9
65524,1,1
65525,2,4
65526,7,0
65527,2,9
65528,7,5
65529,4,0
65530,7,8
65531,4,0
65532,2,7
65533,2,7
65534,1,1
65535,1,1
65536,1,2
65537,2,9
65538,7,3
65539,0,6
65540,1,7
65541,3,2
65542,1,3
65543,7,8
65544,1,1
65545,5,2
65546,2,9
65547,7,8
65548,7,8
65549,2,7
65550,1,1
65551,2,7
65552,1,1
65553,1,1
65554,4,0
65555,7,3
65556,0,4
65557,3,2
65558,5,6
65559,2,4
65560,2,7
65561,0,4
65562,3,2
65563,1,7
65564,0,4
65565,1,9
65566,1,1
65567,4,0
65568,5,6
65569,7,8
65570,5,5
65571,7,5
65572,5,5
65573,7,3
65574,7,5
65575,2,9
65576,1,7
65577,1,4
65578,7,8
65579,8,5
65580,2,9
65581,5,6
65582,2,9
65583,7,3
65584,4,0
65585,7,3
65586,1,8
65587,1,9
65588,1,1
65589,1,8
65590,1,1
65591,5,6
65592,4,0
65593,4,0
65594,1,1
65595,5,2
65596,7,3
65597,1,4
65598,7,5
65599,0,6
65600,1,7
65601,6,8
65602,1,9
65603,4,0
65604,1,1
65605,3,2
65606,7,3
65607,1,4
65608,5,5
65609,5,6
65610,4,7
65611,8,8
65612,1,9
65613,4,0
65614,1,1
65615,3,2
65616,7,3
65617,1,4
65618,7,5
65619,0,6
65620,2,7
65621,8,8
65622,1,9
65623,7,3
65624,7,5
65625,7,3
65626,3,2
65627,1,9
65628,7,3
65629,3,2
65630,1,1
65631,6,4
65632,7,5
65633,8,5
65634,3,2
65635,7,3
65636,5,2
65637,1,1
65638,7,3
65639,8,9
65640,2,7
65641,3,2
65642,6,1
65643,3,2
65644,8,8
65645,1,9
65646,1,1
65647,8,8
65648,1,8
65649,2,7
65650,8,8
65651,1,1
65652,4,0
65653,4,0
65654,2,7
65655,1,7
65656,7,8
65657,2,7
65658,7,5
65659,4,0
65660,5,6
65661,1,1
65662,7,5
65663,2,7
65664,6,4
65665,5,6
65666,1,1
65667,5,2
65668,7,5
65669,4,0
65670,2,7
65671,1,9
65672,1,9
65673,4,0
65674,3,3
65675,7,8
65676,2,4
65677,0,4
65678,8,8
65679,1,1
65680,7,8
65681,0,6
65682,8,5
65683,4,9
65684,4,0
65685,4,0
65686,4,0
65687,7,3
65688,2,7
65689,1,1
65690,0,6
65691,0,4
65692,3,2
65693,0,6
65694,0,6
65695,4,0
65696,0,4
65697,7,5
65698,1,4
65699,1,1
65700,7,3
65701,1,8
65702,0,6
65703,7,3
65704,4,9
65705,1,9
65706,8,5
65707,2,9
65708,7,3
65709,1,7
65710,1,8
65711,7,5
65712,0,6
65713,0,4
65714,2,7
65715,0,6
65716,3,2
65717,3,2
65718,4,0
65719,4,9
65720,6,4
65721,4,0
65722,1,1
65723,9,2
65724,7,3
65725,4,4
65726,7,5
65727,0,6
65728,2,7
65729,1,8
65730,2,9
65731,4,0
65732,1,1
65733,9,2
65734,1,3
65735,8,5
65736,0,6
65737,7,0
65738,1,1
65739,9,2
65740,7,3
65741,8,4
65742,7,5
65743,0,6
65744,1,8
65745,1,7
65746,6,1
65747,3,3
65748,3,2
65749,8,8
65750,3,0
65751,1,7
65752,5,5
65753,2,9
65754,4,9
65755,5,6
65756,4,0
65757,1,9
65758,2,4
65759,6,1
65760,3,3
65761,9,2
65762,1,1
65763,3,2
65764,3,3
65765,1,8
65766,7,3
65767,9,2
65768,0,6
65769,7,5
65770,0,6
65771,1,8
65772,9,2
65773,1,7
65774,2,4
65775,1,8
65776,1,1
65777,1,8
65778,4,0
65779,7,5
65780,1,3
65781,1,9
65782,4,4
65783,1,1
65784,4,9
65785,3,2
65786,1,1
65787,4,9
65788,5,6
65789,1,7
65790,1,9
65791,5,0
65792,2,4
65793,0,6
65794,6,1
65795,1,7
65796,3,3
65797,7,8
65798,1,7
65799,3,2
65800,4,9
65801,5,6
65802,7,5
65803,1,8
65804,7,3
65805,1,9
65806,4,0
65807,7,5
65808,1,7
65809,6,1
65810,0,6
65811,6,1
65812,4,0
65813,1,9
65814,5,3
65815,7,3
65816,0,4
65817,0,4
65818,4,0
65819,0,6
65820,3,2
65821,7,5
65822,4,4
65823,1,2
65824,3,3
65825,4,4
65826,0,6
65827,4,0
65828,4,0
65829,9,2
65830,3,0
65831,1,1
65832,0,4
65833,7,5
65834,5,6
65835,4,7
65836,7,8
65837,2,9
65838,7,0
65839,6,1
65840,3,2
65841,5,3
65842,2,4
65843,5,5
65844,5,6
65845,2,7
65846,7,8
65847,7,0
65848,1,1
65849,3,2
65850,7,3
65851,0,4
65852,7,5
65853,5,6
65854,2,7
65855,7,8
65856,2,9
65857,3,8
65858,1,7
65859,1,1
65860,7,3
65861,2,7
65862,7,5
65863,3,2
65864,1,8
65865,4,0
65866,2,7
65867,7,5
65868,8,9
65869,4,9
65870,7,0
65871,4,9
65872,1,1
65873,6,1
65874,7,5
65875,7,8
65876,7,8
65877,5,6
65878,3,3
65879,3,2
65880,1,1
65881,7,8
65882,7,3
65883,3,2
65884,5,6
65885,7,5
65886,5,6
65887,4,7
65888,5,4
65889,1,1
65890,4,0
65891,5,5
65892,3,3
65893,1,1
65894,1,9
65895,5,2
65896,1,1
65897,4,9
65898,5,6
65899,4,0
65900,0,4
65901,0,6
65902,6,1
65903,2,7
65904,7,3
65905,7,8
65906,2,7
65907,3,2
65908,4,9
65909,5,6
65910,7,5
65911,1,8
65912,3,3
65913,7,5
65914,2,7
65915,1,1
65916,0,6
65917,1,1
65918,7,0
65919,2,9
65920,5,6
65921,1,2
65922,7,5
65923,0,4
65924,1,2
65925,7,3
65926,0,4
65927,4,4
65928,0,6
65929,4,0
65930,4,0
65931,5,2
65932,4,0
65933,1,1
65934,1,2
65935,1,3
65936,8,4
65937,7,5
65938,5,6
65939,1,7
65940,1,8
65941,4,9
65942,5,0
65943,1,1
65944,1,2
65945,1,3
65946,2,4
65947,7,5
65948,0,6
65949,1,7
65950,1,8
65951,8,9
65952,4,0
65953,1,1
65954,9,2
65955,7,3
65956,2,4
65957,7,5
65958,5,6
65959,1,7
65960,1,8
65961,8,9
65962,7,8
65963,5,6
65964,7,5
65965,4,0
65966,5,6
65967,1,8
65968,4,9
65969,2,4
65970,1,1
65971,1,9
65972,7,5
65973,7,3
65974,4,0
65975,1,4
65976,1,8
65977,1,9
65978,1,1
65979,4,4
65980,5,0
65981,7,5
65982,7,5
65983,1,2
65984,1,1
65985,7,5
65986,2,4
65987,4,0
65988,1,7
65989,0,6
65990,4,0
65991,1,1
65992,1,7
65993,4,0
65994,5,6
65995,7,8
65996,4,9
65997,7,5
65998,1,1
65999,4,7
66000,1,9
66001,1,8
66002,0,6
66003,4,0
66004,1,8
66005,8,1
66006,1,7
66007,1,7
66008,1,1
66009,7,3
66010,1,2
66011,3,3
66012,1,1
66013,4,4
66014,1,2
66015,3,0
66016,4,0
66017,1,7
66018,1,8
66019,8,4
66020,5,6
66021,8,4
66022,1,9
66023,7,3
66024,1,8
66025,9,4
66026,1,7
66027,1,2
66028,7,5
66029,0,6
66030,7,3
66031,5,6
66032,4,9
66033,5,6
66034,7,3
66035,4,2
66036,1,2
66037,8,4
66038,0,6
66039,8,9
66040,4,0
66041,5,2
66042,7,5
66043,7,5
66044,1,1
66045,7,3
66046,3,3
66047,8,9
66048,1,7
66049,1,8
66050,1,7
66051,1,2
66052,1,2
66053,7,5
66054,1,7
66055,1,9
66056,7,8
66057,9,2
66058,1,1
66059,7,3
66060,1,1
66061,3,3
66062,5,0
66063,1,1
66064,5,2
66065,1,3
66066,0,4
66067,7,5
66068,5,6
66069,1,7
66070,7,8
66071,1,9
66072,5,0
66073,1,1
66074,1,2
66075,7,3
66076,0,4
66077,7,5
66078,5,6
66079,1,7
66080,3,8
66081,1,9
66082,5,0
66083,1,1
66084,3,2
66085,7,3
66086,2,4
66087,5,5
66088,5,6
66089,1,7
66090,7,8
66091,1,9
66092,1,1
66093,1,2
66094,5,6
66095,5,5
66096,7,3
66097,4,0
66098,1,7
66099,5,0
66100,0,4
66101,1,1
66102,0,4
66103,7,3
66104,5,6
66105,1,7
66106,5,2
66107,7,3
66108,1,1
66109,1,2
66110,1,1
66111,1,2
66112,1,9
66113,5,6
66114,4,0
66115,1,1
66116,7,3
66117,4,0
66118,1,2
66119,1,7
66120,5,5
66121,2,7
66122,5,6
66123,3,2
66124,1,9
66125,1,1
66126,1,9
66127,4,0
66128,5,6
66129,4,0
66130,5,6
66131,4,0
66132,1,2
66133,4,0
66134,5,6
66135,1,1
66136,7,5
66137,7,8
66138,0,4
66139,3,3
66140,4,0
66141,1,1
66142,7,5
66143,2,4
66144,0,4
66145,7,8
66146,7,5
66147,1,7
66148,7,5
66149,1,7
66150,7,8
66151,7,3
66152,2,4
66153,3,8
66154,7,8
66155,7,5
66156,5,2
66157,1,9
66158,1,7
66159,1,1
66160,7,3
66161,5,8
66162,1,1
66163,5,0
66164,1,7
66165,7,5
66166,1,9
66167,5,6
66168,1,9
66169,0,4
66170,1,7
66171,1,7
66172,1,9
66173,1,9
66174,7,3
66175,2,4
66176,0,4
66177,7,3
66178,3,8
66179,5,6
66180,5,2
66181,7,0
66182,1,1
66183,3,2
66184,7,3
66185,2,4
66186,7,5
66187,0,6
66188,2,7
66189,1,8
66190,1,9
66191,4,0
66192,1,1
66193,3,2
66194,7,3
66195,2,4
66196,7,5
66197,0,6
66198,2,7
66199,7,8
66200,4,9
66201,4,0
66202,6,1
66203,3,2
66204,7,3
66205,2,4
66206,7,5
66207,5,6
66208,1,7
66209,1,8
66210,1,9
66211,4,0
66212,1,8
66213,7,3
66214,1,9
66215,7,5
66216,7,5
66217,3,2
66218,0,6
66219,7,8
66220,2,4
66221,2,9
66222,1,1
66223,2,7
66224,6,1
66225,9,2
66226,7,3
66227,7,5
66228,4,9
66229,0,6
66230,8,9
66231,6,1
66232,1,1
66233,6,1
66234,1,2
66235,2,9
66236,7,5
66237,0,6
66238,7,8
66239,6,1
66240,3,2
66241,7,0
66242,2,7
66243,2,7
66244,7,5
66245,1,8
66246,9,2
66247,2,9
66248,1,8
66249,2,9
66250,4,0
66251,2,4
66252,0,6
66253,1,7
66254,6,1
66255,3,3
66256,2,4
66257,7,5
66258,0,6
66259,4,0
66260,7,3
66261,0,6
66262,7,8
66263,4,7
66264,4,0
66265,2,4
66266,9,2
66267,2,7
66268,2,4
66269,2,7
66270,7,5
66271,2,4
66272,7,3
66273,2,4
66274,3,2
66275,1,8
66276,6,1
66277,7,5
66278,6,1
66279,9,2
66280,4,0
66281,9,2
66282,7,5
66283,5,6
66284,2,4
66285,3,3
66286,4,0
66287,7,0
66288,4,0
66289,7,3
66290,3,3
66291,7,5
66292,2,7
66293,4,0
66294,0,6
66295,2,4
66296,7,8
66297,7,8
66298,5,6
66299,3,3
66300,2,4
66301,0,6
66302,2,9
66303,2,9
66304,7,8
66305,3,2
66306,1,7
66307,1,7
66308,1,1
66309,4,0
66310,1,1
66311,9,2
66312,7,3
66313,2,4
66314,7,5
66315,0,6
66316,1,7
66317,1,8
66318,2,9
66319,4,0
66320,1,1
66321,3,2
66322,3,3
66323,4,4
66324,5,5
66325,0,6
66326,1,7
66327,1,8
66328,4,0
66329,6,1
66330,9,2
66331,5,3
66332,4,4
66333,7,5
66334,0,6
66335,4,7
66336,1,8
66337,9,2
66338,1,1
66339,2,7
66340,9,2
66341,5,5
66342,4,0
66343,1,8
66344,4,0
66345,9,2
66346,2,7
66347,5,8
66348,1,8
66349,3,3
66350,0,6
66351,4,0
66352,9,2
66353,4,7
66354,5,6
66355,5,6
66356,1,1
66357,9,2
66358,7,8
66359,3,8
66360,4,7
66361,1,7
66362,2,4
66363,4,7
66364,4,7
66365,3,3
66366,1,7
66367,2,4
66368,7,5
66369,2,4
66370,1,3
66371,1,3
66372,1,8
66373,0,4
66374,1,1
66375,1,1
66376,1,9
66377,1,7
66378,2,4
66379,1,3
66380,4,7
66381,1,3
66382,3,3
66383,4,0
66384,9,2
66385,5,5
66386,5,5
66387,5,6
66388,5,6
66389,3,3
66390,5,5
66391,5,2
66392,5,5
66393,1,9
66394,4,9
66395,1,8
66396,6,4
66397,1,1
66398,4,0
66399,0,6
66400,4,0
66401,1,9
66402,5,6
66403,1,8
66404,1,8
66405,7,5
66406,5,6
66407,1,1
66408,1,1
66409,4,9
66410,1,8
66411,2,9
66412,3,2
66413,3,3
66414,5,5
66415,7,5
66416,4,9
66417,6,4
66418,9,2
66419,1,1
66420,1,9
66421,1,3
66422,8,9
66423,9,2
66424,4,0
66425,5,6
66426,4,0
66427,2,4
66428,4,0
66429,4,0
66430,1,1
66431,3,2
66432,7,3
66433,2,4
66434,2,7
66435,1,8
66436,2,9
66437,4,0
66438,6,1
66439,3,2
66440,7,3
66441,2,7
66442,1,8
66443,2,9
66444,4,0
66445,6,1
66446,3,2
66447,7,3
66448,2,4
66449,2,7
66450,1,8
66451,4,9
66452,2,7
66453,7,3
66454,4,0
66455,7,3
66456,6,1
66457,1,8
66458,2,7
66459,5,6
66460,8,4
66461,4,0
66462,9,2
66463,5,6
66464,1,8
66465,3,3
66466,3,2
66467,1,8
66468,6,1
66469,9,2
66470,7,0
66471,2,7
66472,6,1
66473,7,0
66474,2,4
66475,0,4
66476,7,5
66477,1,8
66478,7,0
66479,5,6
66480,5,2
66481,7,3
66482,6,1
66483,7,5
66484,6,1
66485,1,8
66486,7,5
66487,2,9
66488,2,4
66489,4,0
66490,2,7
66491,7,5
66492,1,8
66493,1,8
66494,7,3
66495,1,8
66496,2,9
66497,3,2
66498,5,6
66499,3,2
66500,7,5
66501,7,3
66502,6,1
66503,2,7
66504,3,3
66505,4,9
66506,6,1
66507,2,9
66508,2,9
66509,0,6
66510,4,0
66511,7,3
66512,4,9
66513,9,2
66514,1,8
66515,6,1
66516,2,4
66517,3,3
66518,8,5
66519,9,2
66520,2,9
66521,9,2
66522,8,5
66523,1,8
66524,8,9
66525,7,5
66526,4,0
66527,1,1
66528,9,2
66529,2,4
66530,8,5
66531,5,6
66532,4,0
66533,6,1
66534,1,2
66535,1,3
66536,2,4
66537,8,5
66538,0,6
66539,1,7
66540,1,1
66541,1,2
66542,7,3
66543,0,4
66544,7,5
66545,1,1
66546,4,0
66547,2,4
66548,7,5
66549,0,6
66550,0,6
66551,7,3
66552,9,4
66553,0,4
66554,9,2
66555,1,8
66556,6,1
66557,4,0
66558,0,6
66559,9,4
66560,7,9
66561,6,7
66562,1,2
66563,3,3
66564,1,3
66565,8,9
66566,3,2
66567,4,0
66568,8,9
66569,1,3
66570,7,3
66571,4,9
66572,6,1
66573,7,5
66574,0,2
66575,7,3
66576,6,7
66577,6,7
66578,1,8
66579,2,4
66580,4,0
66581,3,2
66582,2,4
66583,4,0
66584,3,2
66585,2,4
66586,1,7
66587,1,8
66588,4,0
66589,1,7
66590,4,0
66591,5,6
66592,4,9
66593,7,3
66594,9,2
66595,1,8
66596,0,6
66597,1,0
66598,3,5
66599,1,7
66600,8,5
66601,1,1
66602,4,0
66603,1,8
66604,6,1
66605,0,6
66606,2,7
66607,3,2
66608,8,9
66609,1,7
66610,8,9
66611,5,5
66612,1,8
66613,0,6
66614,9,2
66615,0,6
66616,1,2
66617,1,8
66618,6,1
66619,4,7
66620,8,5
66621,4,0
66622,6,1
66623,6,1
66624,7,3
66625,1,8
66626,2,4
66627,8,9
66628,1,1
66629,7,8
66630,0,6
66631,1,8
66632,8,9
66633,4,0
66634,6,1
66635,1,2
66636,7,3
66637,2,4
66638,7,5
66639,5,6
66640,1,7
66641,7,8
66642,8,9
66643,7,0
66644,6,1
66645,9,2
66646,7,3
66647,2,4
66648,1,7
66649,7,8
66650,2,9
66651,1,0
66652,6,1
66653,1,7
66654,3,8
66655,2,9
66656,2,9
66657,7,8
66658,2,9
66659,1,8
66660,2,4
66661,6,1
66662,1,7
66663,1,7
66664,3,3
66665,7,3
66666,2,7
66667,5,6
66668,5,6
66669,5,6
66670,6,1
66671,2,9
66672,5,0
66673,6,1
66674,2,7
66675,5,6
66676,3,3
66677,9,2
66678,6,1
66679,1,7
66680,6,1
66681,3,3
66682,2,9
66683,6,1
66684,2,7
66685,5,6
66686,1,8
66687,2,4
66688,6,1
66689,0,4
66690,7,3
66691,5,6
66692,1,9
66693,5,6
66694,6,1
66695,2,4
66696,2,4
66697,1,7
66698,3,2
66699,2,4
66700,6,4
66701,4,0
66702,1,1
66703,1,2
66704,1,3
66705,0,4
66706,5,5
66707,0,6
66708,1,7
66709,1,8
66710,2,9
66711,7,0
66712,6,1
66713,3,2
66714,7,3
66715,4,4
66716,5,5
66717,0,6
66718,2,9
66719,4,0
66720,1,1
66721,5,2
66722,3,3
66723,0,4
66724,1,7
66725,1,8
66726,1,1
66727,7,3
66728,7,5
66729,6,1
66730,1,7
66731,1,7
66732,5,2
66733,6,1
66734,2,4
66735,1,8
66736,3,3
66737,0,4
66738,2,4
66739,3,3
66740,4,9
66741,1,7
66742,0,4
66743,1,1
66744,5,2
66745,7,3
66746,5,5
66747,2,9
66748,6,1
66749,8,6
66750,4,0
66751,6,1
66752,4,0
66753,4,0
66754,9,2
66755,1,8
66756,1,7
66757,1,1
66758,1,1
66759,0,4
66760,4,0
66761,0,4
66762,1,7
66763,3,3
66764,5,6
66765,1,8
66766,4,0
66767,3,3
66768,1,7
66769,6,4
66770,4,0
66771,0,6
66772,2,9
66773,3,2
66774,0,6
66775,5,5
66776,1,8
66777,5,6
66778,2,9
66779,5,0
66780,8,4
66781,5,0
66782,5,6
66783,1,1
66784,2,9
66785,5,2
66786,4,0
66787,1,9
66788,5,5
66789,6,1
66790,3,3
66791,1,7
66792,0,6
66793,1,9
66794,3,3
66795,4,0
66796,5,2
66797,3,2
66798,4,0
66799,1,1
66800,5,2
66801,7,3
66802,0,4
66803,7,5
66804,0,6
66805,1,7
66806,1,8
66807,1,9
66808,4,0
66809,1,1
66810,1,2
66811,7,3
66812,2,4
66813,5,5
66814,0,6
66815,1,7
66816,7,8
66817,1,9
66818,4,0
66819,1,1
66820,1,2
66821,3,3
66822,2,4
66823,5,5
66824,0,6
66825,1,7
66826,1,8
66827,1,9
66828,3,2
66829,1,1
66830,1,7
66831,3,2
66832,7,5
66833,4,0
66834,1,8
66835,4,0
66836,5,2
66837,1,7
66838,7,8
66839,7,8
66840,5,3
66841,4,0
66842,5,6
66843,4,0
66844,5,2
66845,1,7
66846,0,6
66847,0,6
66848,1,1
66849,1,2
66850,1,8
66851,1,8
66852,1,7
66853,1,7
66854,6,4
66855,4,7
66856,1,7
66857,1,3
66858,1,7
66859,2,4
66860,7,5
66861,2,4
66862,3,3
66863,7,3
66864,7,8
66865,2,4
66866,7,5
66867,6,4
66868,1,1
66869,1,1
66870,4,9
66871,1,7
66872,2,4
66873,3,3
66874,1,7
66875,3,3
66876,3,3
66877,4,0
66878,5,2
66879,7,5
66880,7,5
66881,5,6
66882,1,3
66883,5,1
66884,7,5
66885,5,2
66886,5,5
66887,8,9
66888,1,9
66889,1,8
66890,2,4
66891,1,1
66892,4,0
66893,5,6
66894,1,0
66895,1,9
66896,0,6
66897,1,8
66898,1,8
66899,8,5
66900,5,6
66901,1,1
66902,1,1
66903,1,9
66904,1,8
66905,1,9
66906,5,2
66907,7,3
66908,7,5
66909,7,5
66910,1,9
66911,0,4
66912,5,2
66913,1,1
66914,1,9
66915,2,4
66916,2,9
66917,1,1
66918,1,3
66919,1,9
66920,3,2
66921,4,0
66922,0,6
66923,4,0
66924,2,4
66925,4,0
66926,0,6
66927,4,0
66928,1,1
66929,9,2
66930,3,3
66931,2,4
66932,7,5
66933,0,6
66934,1,7
66935,1,8
66936,1,9
66937,4,0
66938,1,1
66939,1,2
66940,3,3
66941,2,4
66942,7,5
66943,0,6
66944,4,7
66945,1,8
66946,1,9
66947,4,0
66948,1,1
66949,3,2
66950,3,3
66951,2,4
66952,5,5
66953,5,6
66954,1,7
66955,1,8
66956,2,9
66957,3,3
66958,1,8
66959,4,0
66960,1,7
66961,1,1
66962,5,0
66963,1,7
66964,7,5
66965,7,5
66966,5,6
66967,2,9
66968,4,0
66969,6,1
66970,4,0
66971,4,0
66972,1,8
66973,3,3
66974,2,4
66975,3,3
66976,6,1
66977,7,5
66978,4,0
66979,4,0
66980,1,9
66981,5,5
66982,7,3
66983,2,4
66984,1,9
66985,3,3
66986,1,7
66987,5,6
66988,1,9
66989,9,2
66990,6,4
66991,7,5
66992,2,7
66993,9,2
66994,5,6
66995,2,4
66996,2,9
66997,6,4
66998,2,9
66999,2,4
67000,6,1
67001,1,2
67002,1,2
67003,7,5
67004,1,8
67005,6,1
67006,3,3
67007,9,2
67008,4,9
67009,2,4
67010,1,3
67011,1,8
67012,9,2
67013,9,2
67014,1,1
67015,9,2
67016,1,8
67017,5,6
67018,7,5
67019,1,1
67020,5,6
67021,1,7
67022,9,2
67023,1,1
67024,3,3
67025,1,9
67026,3,3
67027,7,8
67028,2,7
67029,5,5
67030,1,7
67031,4,0
67032,1,7
67033,2,4
67034,7,8
67035,7,8
67036,7,5
67037,4,0
67038,0,6
67039,5,6
67040,3,3
67041,1,7
67042,5,6
67043,1,9
67044,1,9
67045,6,4
67046,1,8
67047,2,4
67048,6,1
67049,0,0
67050,5,6
67051,5,6
67052,4,0
67053,1,1
67054,1,2
67055,7,3
67056,2,4
67057,8,5
67058,0,6
67059,1,7
67060,1,8
67061,1,9
67062,4,0
67063,1,1
67064,5,2
67065,1,3
67066,2,4
67067,8,5
67068,0,6
67069,1,7
67070,1,8
67071,2,9
67072,4,0
67073,1,1
67074,1,2
67075,7,3
67076,2,4
67077,8,5
67078,0,6
67079,1,7
67080,1,8
67081,1,9
67082,1,7
67083,6,4
67084,1,0
67085,2,4
67086,4,0
67087,1,1
67088,1,7
67089,1,9
67090,8,5
67091,6,1
67092,0,4
67093,1,2
67094,1,8
67095,2,9
67096,8,4
67097,1,3
67098,1,7
67099,1,8
67100,6,2
67101,2,4
67102,2,4
67103,1,3
67104,3,3
67105,0,6
67106,1,9
67107,1,9
67108,8,5
67109,1,8
67110,5,6
67111,1,7
67112,4,0
67113,0,6
67114,1,8
67115,6,2
67116,0,6
67117,3,3
67118,8,9
67119,7,3
67120,6,2
67121,1,8
67122,0,6
67123,1,1
67124,1,7
67125,2,4
67126,1,8
67127,1,8
67128,2,9
67129,4,0
67130,1,3
67131,1,3
67132,2,9
67133,7,0
67134,8,5
67135,6,2
67136,2,9
67137,2,4
67138,6,1
67139,4,0
67140,1,3
67141,1,7
67142,8,5
67143,8,8
67144,1,7
67145,1,7
67146,1,8
67147,1,2
67148,2,9
67149,1,7
67150,6,1
67151,6,2
67152,5,6
67153,2,4
67154,1,2
67155,8,5
67156,9,2
67157,1,3
67158,0,6
67159,0,6
67160,8,5
67161,4,0
67162,1,0
67163,1,2
67164,1,8
67165,6,1
67166,0,6
67167,6,1
67168,4,0
67169,2,4
67170,1,3
67171,6,1
67172,0,6
67173,6,1
67174,2,9
67175,4,0
67176,6,1
67177,2,4
67178,5,5
67179,5,6
67180,2,7
67181,7,8
67182,4,9
67183,6,1
67184,9,2
67185,7,3
67186,2,4
67187,5,5
67188,0,6
67189,2,7
67190,3,0
67191,6,1
67192,9,2
67193,3,3
67194,2,4
67195,5,5
67196,5,6
67197,4,7
67198,1,8
67199,2,9
67200,1,8
67201,2,4
67202,4,0
67203,4,0
67204,1,7
67205,9,2
67206,2,4
67207,3,3
67208,1,8
67209,5,6
67210,8,6
67211,3,3
67212,9,2
67213,0,6
67214,3,3
67215,7,3
67216,5,0
67217,6,1
67218,0,4
67219,2,7
67220,7,8
67221,4,0
67222,3,3
67223,6,1
67224,2,9
67225,4,0
67226,6,1
67227,2,9
67228,6,1
67229,9,2
67230,2,7
67231,7,0
67232,6,1
67233,7,3
67234,1,8
67235,9,2
67236,2,9
67237,9,2
67238,2,7
67239,0,6
67240,5,5
67241,5,5
67242,2,9
67243,2,9
67244,7,8
67245,9,2
67246,1,9
67247,6,1
67248,7,3
67249,9,2
67250,3,3
67251,2,4
67252,3,3
67253,6,1
67254,2,9
67255,4,0
67256,1,9
67257,3,3
67258,5,6
67259,7,8
67260,2,7
67261,4,0
67262,6,1
67263,4,0
67264,5,5
67265,7,8
67266,3,2
67267,1,7
67268,2,7
67269,4,0
67270,1,1
67271,9,2
67272,1,3
67273,2,4
67274,8,5
67275,0,6
67276,1,7
67277,1,8
67278,1,9
67279,4,0
67280,1,1
67281,9,2
67282,1,3
67283,1,4
67284,8,5
67285,5,6
67286,1,7
67287,1,8
67288,1,9
67289,4,0
67290,1,1
67291,3,2
67292,1,3
67293,1,4
67294,8,5
67295,0,6
67296,1,7
67297,1,8
67298,1,9
67299,1,1
67300,2,7
67301,8,4
67302,1,8
67303,1,1
67304,7,5
67305,0,6
67306,8,5
67307,1,7
67308,3,2
67309,1,8
67310,0,6
67311,3,3
67312,1,3
67313,1,8
67314,0,6
67315,7,5
67316,2,4
67317,4,0
67318,1,9
67319,1,1
67320,2,7
67321,3,2
67322,1,9
67323,1,1
67324,7,5
67325,1,1
67326,3,3
67327,3,2
67328,9,2
67329,3,3
67330,4,0
67331,5,6
67332,1,4
67333,1,3
67334,1,7
67335,0,6
67336,1,9
67337,5,0
67338,1,4
67339,1,8
67340,1,1
67341,2,4
67342,4,0
67343,0,6
67344,1,1
67345,1,2
67346,5,6
67347,8,9
67348,1,2
67349,1,2
67350,1,3
67351,7,5
67352,8,5
67353,1,1
67354,5,0
67355,2,7
67356,1,7
67357,1,9
67358,0,6
67359,3,2
67360,1,9
67361,2,4
67362,1,7
67363,5,0
67364,9,2
67365,1,3
67366,2,4
67367,5,0
67368,5,0
67369,1,8
67370,7,8
67371,1,8
67372,7,5
67373,1,1
67374,1,3
67375,1,7
67376,2,4
67377,1,9
67378,1,8
67379,1,8
67380,1,9
67381,4,0
67382,1,9
67383,1,8
67384,1,9
67385,4,0
67386,9,2
67387,0,6
67388,7,5
67389,0,6
67390,1,7
67391,2,4
67392,1,7
67393,7,5
67394,2,4
67395,6,1
67396,7,3
67397,7,5
67398,1,3
67399,6,1
67400,1,2
67401,3,3
67402,6,4
67403,8,5
67404,0,6
67405,6,1
67406,3,2
67407,7,3
67408,2,4
67409,0,6
67410,3,0
67411,6,1
67412,3,2
67413,6,4
67414,8,5
67415,0,6
67416,1,7
67417,8,8
67418,6,1
67419,1,7
67420,1,2
67421,2,4
67422,6,1
67423,6,4
67424,6,1
67425,2,4
67426,8,9
67427,0,6
67428,7,8
67429,2,4
67430,5,5
67431,7,3
67432,6,7
67433,1,8
67434,6,4
67435,7,3
67436,1,3
67437,8,5
67438,0,6
67439,1,7
67440,4,0
67441,0,6
67442,6,1
67443,0,6
67444,8,8
67445,1,7
67446,3,0
67447,6,1
67448,5,5
67449,4,0
67450,1,8
67451,5,5
67452,5,0
67453,6,1
67454,5,5
67455,1,8
67456,2,4
67457,1,2
67458,7,3
67459,8,9
67460,1,7
67461,0,6
67462,1,9
67463,6,1
67464,8,9
67465,4,0
67466,0,6
67467,1,7
67468,6,1
67469,9,2
67470,7,3
67471,8,9
67472,9,2
67473,2,4
67474,5,5
67475,7,5
67476,1,3
67477,1,7
67478,7,5
67479,7,3
67480,6,1
67481,1,8
67482,1,2
67483,9,2
67484,7,3
67485,4,0
67486,1,2
67487,8,9
67488,2,4
67489,8,9
67490,1,7
67491,4,0
67492,1,2
67493,1,7
67494,2,4
67495,1,9
67496,1,9
67497,6,2
67498,5,5
67499,1,9
67500,1,8
67501,7,3
67502,7,8
67503,0,6
67504,1,7
67505,4,0
67506,4,0
67507,6,1
67508,3,2
67509,7,3
67510,6,4
67511,5,5
67512,5,6
67513,2,7
67514,7,8
67515,1,9
67516,4,0
67517,1,1
67518,3,2
67519,3,3
67520,2,4
67521,5,5
67522,5,6
67523,1,7
67524,7,8
67525,1,9
67526,4,0
67527,1,1
67528,3,2
67529,7,3
67530,2,4
67531,5,5
67532,0,6
67533,2,7
67534,7,8
67535,1,9
67536,4,0
67537,4,0
67538,2,7
67539,1,2
67540,0,6
67541,5,5
67542,5,5
67543,3,3
67544,1,7
67545,7,8
67546,0,6
67547,0,6
67548,0,6
67549,0,6
67550,2,4
67551,7,3
67552,1,8
67553,7,8
67554,7,3
67555,4,0
67556,6,1
67557,1,9
67558,5,0
67559,7,5
67560,6,4
67561,1,1
67562,1,9
67563,6,1
67564,3,2
67565,2,7
67566,5,0
67567,6,1
67568,3,3
67569,7,8
67570,3,2
67571,8,9
67572,3,2
67573,1,7
67574,6,4
67575,3,2
67576,5,6
67577,5,5
67578,5,5
67579,8,9
67580,2,9
67581,6,1
67582,6,1
67583,5,5
67584,2,7
67585,0,6
67586,7,8
67587,3,2
67588,1,9
67589,2,4
67590,7,3
67591,1,1
67592,2,9
67593,4,0
67594,1,9
67595,7,3
67596,0,6
67597,7,8
67598,2,7
67599,4,0
67600,6,1
67601,4,0
67602,5,5
67603,7,8
67604,3,2
67605,1,7
67606,1,7
67607,4,0
67608,1,1
67609,3,2
67610,7,3
67611,2,4
67612,7,5
67613,5,6
67614,2,7
67615,1,8
67616,4,9
67617,4,0
67618,1,1
67619,3,2
67620,7,3
67621,4,4
67622,7,5
67623,1,8
67624,4,9
67625,4,0
67626,1,1
67627,3,2
67628,7,3
67629,4,4
67630,7,5
67631,5,6
67632,1,7
67633,1,8
67634,2,9
67635,3,2
67636,1,1
67637,3,2
67638,1,1
67639,7,3
67640,8,9
67641,8,9
67642,1,8
67643,5,5
67644,7,3
67645,1,7
67646,4,0
67647,1,7
67648,1,7
67649,7,5
67650,1,7
67651,2,9
67652,2,9
67653,4,4
67654,1,7
67655,4,0
67656,7,3
67657,2,4
67658,1,1
67659,7,5
67660,7,8
67661,1,1
67662,2,4
67663,1,8
67664,4,4
67665,1,1
67666,1,8
67667,5,6
67668,0,6
67669,2,4
67670,0,6
67671,4,0
67672,7,5
67673,8,5
67674,7,3
67675,7,3
67676,7,5
67677,1,7
67678,3,2
67679,7,5
67680,2,9
67681,5,6
67682,2,9
67683,3,2
67684,0,6
67685,3,2
67686,1,1
67687,3,2
67688,4,0
67689,1,8
67690,7,3
67691,1,8
67692,7,3
67693,4,0
67694,7,8
67695,4,7
67696,2,4
67697,2,9
67698,7,5
67699,4,0
67700,8,9
67701,1,7
67702,4,0
67703,4,0
67704,2,4
67705,5,6
67706,4,0
67707,2,9
67708,6,1
67709,5,6
67710,3,2
67711,4,7
67712,5,6
67713,7,8
67714,7,3
67715,7,5
67716,3,2
67717,1,1
67718,7,8
67719,7,3
67720,7,8
67721,5,6
67722,6,1
67723,4,0
67724,3,2
67725,1,1
67726,2,4
67727,4,0
67728,1,1
67729,3,2
67730,3,3
67731,6,4
67732,8,5
67733,5,6
67734,1,7
67735,1,8
67736,1,9
67737,5,0
67738,1,1
67739,9,2
67740,1,3
67741,2,4
67742,5,5
67743,5,6
67744,1,7
67745,1,8
67746,1,9
67747,4,0
67748,1,1
67749,9,2
67750,3,3
67751,2,4
67752,5,5
67753,5,6
67754,1,7
67755,1,8
67756,1,9
67757,1,7
67758,5,6
67759,2,4
67760,1,7
67761,5,6
67762,3,2
67763,1,3
67764,2,4
67765,1,8
67766,2,7
67767,7,8
67768,5,6
67769,1,9
67770,1,8
67771,1,3
67772,9,2
67773,9,2
67774,1,8
67775,2,4
67776,1,8
67777,5,5
67778,5,6
67779,5,5
67780,5,0
67781,9,2
67782,5,0
67783,1,1
67784,1,1
67785,9,2
67786,1,9
67787,5,6
67788,1,8
67789,9,2
67790,1,1
67791,4,0
67792,5,6
67793,7,5
67794,5,2
67795,1,9
67796,1,7
67797,5,5
67798,3,3
67799,1,9
67800,3,3
67801,1,7
67802,1,1
67803,7,8
67804,3,3
67805,8,8
67806,1,1
67807,1,9
67808,5,5
67809,5,5
67810,4,0
67811,1,1
67812,1,1
67813,1,9
67814,7,8
67815,9,2
67816,5,6
67817,4,0
67818,2,4
67819,5,5
67820,4,0
67821,3,3
67822,1,1
67823,3,8
67824,5,6
67825,1,7
67826,5,5
67827,1,9
67828,2,9
67829,3,3
67830,5,0
67831,3,3
67832,1,1
67833,2,4
67834,2,4
67835,5,0
67836,0,4
67837,1,9
67838,4,0
67839,1,1
67840,5,2
67841,3,3
67842,5,5
67843,0,6
67844,1,7
67845,1,8
67846,4,0
67847,1,1
67848,9,2
67849,5,3
67850,5,5
67851,5,6
67852,1,7
67853,1,8
67854,2,9
67855,4,0
67856,1,1
67857,5,2
67858,3,3
67859,5,5
67860,5,6
67861,1,7
67862,1,8
67863,1,9
67864,1,9
67865,1,7
67866,5,0
67867,1,9
67868,7,0
67869,1,1
67870,5,5
67871,1,8
67872,1,8
67873,4,0
67874,2,9
67875,3,3
67876,9,2
67877,1,7
67878,1,8
67879,2,4
67880,5,6
67881,1,1
67882,5,0
67883,2,4
67884,2,9
67885,0,4
67886,5,2
67887,4,0
67888,5,5
67889,5,0
67890,1,1
67891,5,6
67892,1,9
67893,3,3
67894,5,2
67895,1,9
67896,1,1
67897,5,6
67898,5,0
67899,1,1
67900,1,1
67901,1,8
67902,1,7
67903,1,7
67904,5,6
67905,3,3
67906,5,6
67907,5,0
67908,1,7
67909,3,2
67910,2,4
67911,1,1
67912,1,7
67913,4,0
67914,5,6
67915,1,7
67916,1,1
67917,5,2
67918,5,5
67919,1,8
67920,1,1
67921,1,8
67922,9,2
67923,1,8
67924,1,7
67925,5,6
67926,1,8
67927,1,7
67928,1,1
67929,5,6
67930,5,2
67931,1,9
67932,3,3
67933,4,0
67934,1,1
67935,1,2
67936,1,3
67937,2,4
67938,7,5
67939,5,6
67940,1,7
67941,1,8
67942,1,9
67943,4,0
67944,1,1
67945,5,2
67946,3,3
67947,2,4
67948,7,5
67949,5,6
67950,1,7
67951,1,8
67952,1,9
67953,4,0
67954,1,1
67955,9,2
67956,3,3
67957,6,4
67958,7,5
67959,5,6
67960,1,7
67961,1,8
67962,1,9
67963,1,8
67964,1,9
67965,7,5
67966,1,7
67967,4,0
67968,3,3
67969,1,1
67970,0,6
67971,1,8
67972,2,4
67973,1,1
67974,7,5
67975,5,6
67976,2,4
67977,5,2
67978,1,7
67979,1,8
67980,1,1
67981,3,3
67982,2,4
67983,7,3
67984,2,4
67985,1,7
67986,1,2
67987,4,0
67988,5,5
67989,4,0
67990,1,1
67991,1,9
67992,9,2
67993,7,3
67994,9,2
67995,7,3
67996,5,5
67997,7,5
67998,1,7
67999,1,8
68000,0,4
68001,1,9
68002,1,9
68003,1,7
68004,6,1
68005,1,1
68006,1,9
68007,4,0
68008,1,7
68009,1,8
68010,3,3
68011,6,4
68012,1,8
68013,5,6
68014,3,3
68015,1,8
68016,5,0
68017,1,9
68018,5,6
68019,1,2
68020,1,1
68021,4,0
68022,1,1
68023,4,0
68024,5,6
68025,9,2
68026,3,3
68027,1,8
68028,1,9
68029,4,0
68030,1,7
68031,9,2
68032,7,3
68033,2,4
68034,7,5
68035,7,5
68036,5,2
68037,1,8
68038,7,5
68039,2,4
68040,5,6
68041,5,6
68042,5,6
68043,1,7
68044,1,9
68045,1,1
68046,1,8
68047,3,2
68048,1,1
68049,7,5
68050,3,3
68051,2,4
68052,1,7
68053,1,9
68054,2,4
68055,5,0
68056,4,0
68057,5,0
68058,1,1
68059,1,2
68060,1,3
68061,1,4
68062,8,5
68063,5,6
68064,1,7
68065,1,8
68066,1,9
68067,4,0
68068,1,1
68069,1,2
68070,7,3
68071,2,4
68072,7,5
68073,5,6
68074,1,7
68075,1,8
68076,1,9
68077,4,0
68078,1,1
68079,1,2
68080,1,3
68081,0,4
68082,7,5
68083,5,6
68084,1,9
68085,4,0
68086,1,1
68087,1,3
68088,1,1
68089,7,5
68090,1,1
68091,1,2
68092,1,4
68093,1,9
68094,1,2
68095,1,4
68096,5,6
68097,7,8
68098,4,0
68099,1,1
68100,1,1
68101,1,9
68102,1,2
68103,5,6
68104,5,6
68105,1,8
68106,1,7
68107,0,4
68108,1,2
68109,1,9
68110,1,7
68111,5,0
68112,1,2
68113,1,1
68114,5,0
68115,1,3
68116,5,6
68117,4,0
68118,6,1
68119,9,2
68120,3,3
68121,0,4
68122,8,5
68123,0,6
68124,1,7
68125,1,8
68126,4,9
68127,4,0
68128,1,1
68129,9,2
68130,7,3
68131,2,4
68132,7,5
68133,5,6
68134,1,7
68135,8,8
68136,2,9
68137,4,0
68138,6,1
68139,3,2
68140,3,3
68141,2,4
68142,5,5
68143,5,6
68144,1,7
68145,7,8
68146,1,9
68147,1,8
68148,5,6
68149,7,5
68150,1,9
68151,1,7
68152,4,0
68153,5,2
68154,7,3
68155,2,4
68156,7,3
68157,1,8
68158,5,5
68159,6,1
68160,5,5
68161,9,2
68162,3,3
68163,4,0
68164,6,1
68165,5,2
68166,6,1
68167,7,3
68168,5,2
68169,5,6
68170,5,5
68171,7,3
68172,4,0
68173,1,7
68174,5,2
68175,1,7
68176,2,4
68177,5,6
68178,2,4
68179,4,0
68180,5,5
68181,1,9
68182,2,9
68183,1,8
68184,2,9
68185,7,5
68186,7,3
68187,6,1
68188,1,7
68189,2,4
68190,1,7
68191,0,6
68192,5,5
68193,4,4
68194,4,0
68195,4,0
68196,5,6
68197,5,6
68198,9,2
68199,4,0
68200,5,6
68201,3,3
68202,2,7
68203,2,7
68204,4,4
68205,0,4
68206,3,3
68207,8,9
68208,3,2
68209,1,8
68210,4,9
68211,5,6
68212,4,0
68213,4,9
68214,7,5
68215,7,3
68216,3,8
68217,4,8
68218,1,7
68219,6,1
68220,2,4
68221,4,0
68222,2,4
68223,3,8
68224,7,5
68225,9,2
68226,3,3
68227,2,9
68228,5,0
68229,6,1
68230,2,9
68231,6,1
68232,5,5
68233,6,1
68234,1,7
68235,2,4
68236,4,8
68237,5,6
68238,9,2
68239,6,1
68240,5,6
68241,1,8
68242,1,8
68243,5,0
68244,1,1
68245,9,2
68246,7,3
68247,2,4
68248,1,7
68249,1,8
68250,2,9
68251,5,0
68252,6,1
68253,9,2
68254,7,3
68255,8,4
68256,5,6
68257,1,7
68258,1,8
68259,8,9
68260,5,0
68261,6,1
68262,6,2
68263,7,3
68264,2,4
68265,1,7
68266,1,8
68267,1,9
68268,6,1
68269,2,4
68270,8,5
68271,7,3
68272,7,3
68273,5,0
68274,2,9
68275,5,5
68276,0,4
68277,7,3
68278,5,0
68279,1,8
68280,6,4
68281,5,6
68282,1,7
68283,5,0
68284,1,7
68285,1,7
68286,6,1
68287,5,6
68288,4,9
68289,6,1
68290,7,3
68291,5,6
68292,1,2
68293,7,3
68294,1,8
68295,1,2
68296,7,3
68297,1,8
68298,2,9
68299,7,5
68300,1,8
68301,8,8
68302,1,7
68303,1,1
68304,1,7
68305,6,1
68306,6,1
68307,4,0
68308,7,3
68309,2,4
68310,5,2
68311,0,6
68312,2,4
68313,1,7
68314,2,4
68315,9,2
68316,1,7
68317,8,4
68318,1,2
68319,2,9
68320,6,2
68321,1,7
68322,4,9
68323,3,2
68324,6,1
68325,5,0
68326,5,6
68327,7,5
68328,7,3
68329,2,4
68330,1,8
68331,8,5
68332,1,9
68333,5,6
68334,8,9
68335,5,0
68336,5,6
68337,7,3
68338,4,0
68339,1,8
68340,6,1
68341,5,6
68342,4,0
68343,4,0
68344,1,1
68345,5,2
68346,7,3
68347,2,4
68348,5,5
68349,0,6
68350,2,7
68351,5,0
68352,1,1
68353,5,2
68354,7,3
68355,2,4
68356,2,7
68357,1,8
68358,1,9
68359,4,0
68360,1,1
68361,5,2
68362,7,3
68363,2,4
68364,1,7
68365,9,2
68366,7,5
68367,6,1
68368,0,6
68369,2,4
68370,7,3
68371,8,9
68372,2,9
68373,4,0
68374,4,9
68375,2,7
68376,1,1
68377,5,6
68378,2,4
68379,7,3
68380,0,6
68381,5,2
68382,5,0
68383,8,9
68384,1,8
68385,0,6
68386,7,5
68387,2,7
68388,4,0
68389,4,0
68390,6,1
68391,2,7
68392,2,4
68393,7,3
68394,9,2
68395,2,4
68396,1,1
68397,7,3
68398,2,7
68399,0,6
68400,2,4
68401,2,7
68402,2,7
68403,2,7
68404,8,9
68405,1,8
68406,2,4
68407,7,3
68408,3,8
68409,5,2
68410,7,8
68411,7,3
68412,7,5
68413,7,8
68414,4,0
68415,5,5
68416,6,4
68417,4,7
68418,1,1
68419,7,3
68420,6,1
68421,1,7
68422,8,9
68423,0,6
68424,9,2
68425,4,0
68426,4,9
68427,6,1
68428,2,7
68429,7,3
68430,7,3
68431,4,9
68432,6,1
68433,0,6
68434,4,4
68435,3,3
68436,2,9
68437,1,8
68438,9,2
68439,1,1
68440,1,8
68441,0,6
68442,0,4
68443,1,1
68444,5,5
68445,5,5
68446,5,6
68447,7,5
68448,4,0
68449,1,1
68450,9,2
68451,3,3
68452,2,4
68453,5,5
68454,5,6
68455,1,7
68456,7,8
68457,1,9
68458,4,0
68459,1,1
68460,9,2
68461,1,3
68462,2,4
68463,5,5
68464,5,6
68465,1,7
68466,7,8
68467,1,9
68468,4,0
68469,1,1
68470,5,2
68471,3,3
68472,2,4
68473,7,5
68474,5,6
68475,1,7
68476,3,8
68477,1,9
68478,5,6
68479,1,9
68480,1,7
68481,4,0
68482,3,2
68483,3,3
68484,2,4
68485,1,3
68486,3,8
68487,7,5
68488,1,1
68489,1,3
68490,5,0
68491,1,1
68492,5,2
68493,1,1
68494,1,3
68495,5,2
68496,4,0
68497,1,7
68498,1,2
68499,5,6
68500,0,4
68501,4,0
68502,7,5
68503,1,9
68504,8,9
68505,1,8
68506,1,9
68507,5,5
68508,7,3
68509,1,1
68510,1,7
68511,2,4
68512,1,7
68513,5,0
68514,4,0
68515,5,6
68516,5,6
68517,5,6
68518,3,3
68519,1,7
68520,1,4
68521,1,2
68522,1,8
68523,1,9
68524,1,8
68525,1,7
68526,1,1
68527,1,4
68528,4,0
68529,4,4
68530,3,8
68531,7,5
68532,5,2
68533,3,3
68534,4,9
68535,4,0
68536,1,1
68537,1,9
68538,1,1
68539,7,5
68540,1,1
68541,1,7
68542,5,6
68543,1,1
68544,3,2
68545,1,1
68546,5,6
68547,7,8
68548,4,0
68549,1,1
68550,9,2
68551,7,3
68552,2,4
68553,7,5
68554,0,6
68555,2,7
68556,1,8
68557,4,9
68558,4,0
68559,1,1
68560,3,2
68561,7,3
68562,0,4
68563,7,5
68564,5,6
68565,1,7
68566,1,8
68567,4,0
68568,1,1
68569,3,2
68570,7,3
68571,7,5
68572,5,6
68573,4,7
68574,1,8
68575,1,1
68576,4,0
68577,2,4
68578,5,5
68579,0,6
68580,0,6
68581,7,3
68582,2,4
68583,2,4
68584,3,2
68585,1,8
68586,1,1
68587,4,0
68588,0,6
68589,2,4
68590,4,9
68591,1,7
68592,3,2
68593,2,9
68594,9,2
68595,4,0
68596,4,9
68597,7,3
68598,7,3
68599,4,9
68600,1,1
68601,7,5
68602,3,2
68603,3,3
68604,1,1
68605,5,6
68606,1,7
68607,7,3
68608,1,7
68609,1,8
68610,2,4
68611,4,0
68612,9,2
68613,2,4
68614,4,0
68615,3,2
68616,2,4
68617,2,7
68618,1,8
68619,4,0
68620,2,7
68621,4,0
68622,0,6
68623,4,9
68624,7,3
68625,9,2
68626,2,4
68627,1,8
68628,5,6
68629,4,0
68630,7,5
68631,4,7
68632,7,5
68633,1,1
68634,4,0
68635,1,8
68636,1,1
68637,0,6
68638,2,7
68639,3,2
68640,8,9
68641,1,7
68642,4,9
68643,7,5
68644,0,6
68645,7,5
68646,3,2
68647,0,6
68648,3,2
68649,1,8
68650,6,1
68651,2,7
68652,7,5
68653,7,5
68654,1,7
68655,7,3
68656,7,5
68657,4,0
68658,1,1
68659,1,1
68660,7,3
68661,1,8
68662,4,4
68663,2,9
68664,2,4
68665,7,5
68666,1,1
68667,7,8
68668,0,6
68669,1,8
68670,2,9
68671,4,0
68672,6,1
68673,1,2
68674,1,3
68675,2,4
68676,7,5
68677,0,6
68678,2,7
68679,7,8
68680,1,9
68681,4,0
68682,1,1
68683,1,2
68684,3,3
68685,2,4
68686,8,5
68687,0,6
68688,1,7
68689,1,8
68690,1,9
68691,7,0
68692,1,1
68693,1,2
68694,3,3
68695,2,4
68696,8,5
68697,0,6
68698,2,7
68699,7,8
68700,1,9
68701,7,3
68702,8,5
68703,3,3
68704,1,2
68705,2,9
68706,3,3
68707,9,2
68708,1,1
68709,2,4
68710,8,5
68711,7,5
68712,9,2
68713,7,3
68714,9,2
68715,1,1
68716,7,3
68717,1,9
68718,1,7
68719,5,2
68720,6,1
68721,9,2
68722,7,8
68723,1,9
68724,6,1
68725,1,8
68726,1,8
68727,2,7
68728,7,8
68729,1,1
68730,4,0
68731,4,0
68732,0,6
68733,2,7
68734,1,7
68735,1,8
68736,1,7
68737,7,5
68738,4,0
68739,5,6
68740,1,1
68741,7,5
68742,1,7
68743,2,4
68744,5,6
68745,6,1
68746,3,2
68747,8,5
68748,4,0
68749,2,7
68750,4,9
68751,1,9
68752,1,0
68753,1,3
68754,2,4
68755,2,4
68756,1,8
68757,2,4
68758,6,1
68759,1,8
68760,0,6
68761,8,5
68762,1,9
68763,4,0
68764,4,0
68765,4,0
68766,3,3
68767,2,7
68768,6,1
68769,0,6
68770,2,4
68771,5,6
68772,4,0
68773,2,4
68774,7,5
68775,2,4
68776,1,1
68777,7,3
68778,1,8
68779,0,6
68780,7,3
68781,2,9
68782,2,9
68783,8,5
68784,1,9
68785,3,3
68786,1,7
68787,1,8
68788,7,5
68789,5,6
68790,2,4
68791,1,7
68792,0,6
68793,1,2
68794,9,2
68795,4,0
68796,1,9
68797,2,4
68798,4,0
68799,1,1
68800,9,2
68801,7,3
68802,2,4
68803,8,5
68804,0,6
68805,1,7
68806,1,8
68807,4,9
68808,4,0
68809,6,1
68810,5,2
68811,7,3
68812,2,4
68813,7,5
68814,0,6
68815,1,7
68816,1,8
68817,8,9
68818,3,0
68819,6,1
68820,9,2
68821,7,3
68822,2,4
68823,8,5
68824,0,6
68825,1,7
68826,1,8
68827,2,9
68828,0,6
68829,2,4
68830,9,2
68831,0,6
68832,2,4
68833,2,7
68834,7,5
68835,5,5
68836,2,4
68837,2,7
68838,9,2
68839,8,9
68840,3,3
68841,2,9
68842,7,3
68843,1,8
68844,3,2
68845,4,0
68846,1,9
68847,5,5
68848,0,6
68849,4,0
68850,1,1
68851,4,0
68852,5,6
68853,8,5
68854,3,3
68855,7,5
68856,7,3
68857,1,8
68858,4,0
68859,4,0
68860,7,3
68861,2,4
68862,6,1
68863,8,5
68864,7,3
68865,4,0
68866,1,8
68867,3,3
68868,4,0
68869,5,6
68870,9,2
68871,1,7
68872,1,8
68873,6,1
68874,1,7
68875,6,1
68876,7,3
68877,1,8
68878,7,5
68879,2,4
68880,9,2
68881,4,0
68882,2,9
68883,1,7
68884,0,6
68885,1,7
68886,2,4
68887,6,1
68888,0,6
68889,3,2
68890,0,6
68891,1,7
68892,1,1
68893,2,9
68894,1,8
68895,4,0
68896,0,6
68897,2,9
68898,2,4
68899,2,9
68900,2,9
68901,5,6
68902,9,2
68903,7,3
68904,4,7
68905,6,1
68906,2,9
68907,3,2
68908,9,2
68909,7,5
68910,7,3
68911,1,7
68912,1,8
68913,7,0
68914,6,1
68915,3,2
68916,7,3
68917,2,4
68918,2,7
68919,1,8
68920,2,9
68921,4,0
68922,6,1
68923,3,2
68924,3,3
68925,2,4
68926,2,7
68927,1,8
68928,2,9
68929,4,0
68930,6,1
68931,2,7
68932,1,8
68933,2,9
68934,1,8
68935,1,9
68936,9,2
68937,0,6
68938,6,1
68939,3,3
68940,7,5
68941,4,4
68942,1,8
68943,3,2
68944,5,6
68945,2,4
68946,7,3
68947,2,4
68948,8,5
68949,2,9
68950,3,2
68951,5,0
68952,7,3
68953,2,9
68954,2,4
68955,1,9
68956,1,7
68957,7,3
68958,1,8
68959,2,7
68960,2,4
68961,2,4
68962,1,9
68963,1,8
68964,7,5
68965,1,8
68966,9,2
68967,5,6
68968,5,6
68969,9,2
68970,3,3
68971,6,1
68972,3,3
68973,9,2
68974,2,7
68975,7,3
68976,6,1
68977,2,9
68978,4,0
68979,6,1
68980,6,1
68981,3,3
68982,5,5
68983,4,0
68984,2,7
68985,1,8
68986,6,1
68987,7,5
68988,6,1
68989,2,4
68990,5,6
68991,4,0
68992,4,0
68993,2,4
68994,2,9
68995,6,1
68996,5,6
68997,5,6
68998,2,9
68999,4,0
69000,1,7
69001,5,6
69002,6,1
69003,6,1
69004,4,0
69005,6,1
69006,3,2
69007,3,3
69008,2,4
69009,1,7
69010,3,2
69011,3,3
69012,0,4
69013,7,5
69014,5,6
69015,1,7
69016,4,0
69017,6,1
69018,3,2
69019,1,7
69020,8,8
69021,0,6
69022,7,3
69023,4,9
69024,9,7
69025,6,1
69026,2,9
69027,3,3
69028,1,9
69029,5,6
69030,6,1
69031,1,7
69032,3,2
69033,2,4
69034,2,4
69035,8,5
69036,6,7
69037,4,0
69038,5,0
69039,6,1
69040,5,6
69041,5,6
69042,1,8
69043,3,2
69044,1,7
69045,9,7
69046,3,2
69047,2,4
69048,5,2
69049,6,1
69050,5,6
69051,1,1
69052,5,0
69053,0,6
69054,1,9
69055,1,8
69056,7,3
69057,1,9
69058,0,6
69059,7,3
69060,4,0
69061,1,1
69062,1,2
69063,3,3
69064,2,4
69065,7,5
69066,5,6
69067,2,7
69068,1,8
69069,1,9
69070,4,0
69071,1,1
69072,3,2
69073,5,3
69074,0,4
69075,7,5
69076,5,6
69077,4,7
69078,1,8
69079,4,9
69080,4,0
69081,1,1
69082,1,2
69083,3,3
69084,2,4
69085,7,5
69086,5,6
69087,1,7
69088,1,8
69089,8,9
69090,1,1
69091,5,6
69092,1,8
69093,1,9
69094,1,9
69095,4,0
69096,1,1
69097,1,2
69098,2,4
69099,0,4
69100,1,3
69101,1,7
69102,1,4
69103,1,4
69104,2,4
69105,4,0
69106,3,3
69107,7,8
69108,4,7
69109,7,5
69110,5,8
69111,3,2
69112,1,1
69113,1,7
69114,7,5
69115,3,3
69116,1,8
69117,7,5
69118,3,2
69119,7,5
69120,1,1
69121,1,1
69122,5,6
69123,3,2
69124,1,1
69125,3,3
69126,1,8
69127,0,6
69128,1,4
69129,3,2
69130,5,6
69131,1,2
69132,8,5
69133,8,5
69134,4,0
69135,5,2
69136,8,8
69137,4,0
69138,5,6
69139,1,8
69140,1,1
69141,4,7
69142,1,9
69143,1,1
69144,4,9
69145,3,2
69146,5,6
69147,2,7
69148,5,6
69149,5,6
69150,5,8
69151,4,7
69152,2,4
69153,1,9
69154,3,2
69155,1,1
69156,3,3
69157,7,3
69158,4,0
69159,7,5
69160,8,5
69161,7,8
69162,5,0
69163,1,3
69164,1,7
69165,2,9
69166,4,7
69167,4,0
69168,1,2
69169,2,7
69170,8,9
69171,1,1
69172,1,7
69173,1,8
69174,4,0
69175,1,3
69176,8,5
69177,3,3
69178,5,6
69179,4,0
69180,6,1
69181,3,2
69182,7,3
69183,6,4
69184,8,5
69185,0,6
69186,2,7
69187,1,8
69188,2,9
69189,4,0
69190,6,1
69191,3,2
69192,7,3
69193,0,4
69194,5,5
69195,5,6
69196,2,7
69197,1,8
69198,1,9
69199,4,0
69200,6,1
69201,3,2
69202,1,3
69203,2,4
69204,1,7
69205,1,8
69206,2,9
69207,0,6
69208,2,4
69209,1,2
69210,0,6
69211,2,4
69212,2,7
69213,1,8
69214,2,9
69215,9,2
69216,1,9
69217,3,3
69218,2,9
69219,3,3
69220,7,0
69221,3,0
69222,6,1
69223,4,0
69224,2,4
69225,3,2
69226,0,6
69227,3,3
69228,7,5
69229,3,3
69230,4,0
69231,7,3
69232,2,4
69233,1,1
69234,5,5
69235,3,3
69236,7,0
69237,1,8
69238,3,3
69239,4,0
69240,5,6
69241,6,1
69242,2,7
69243,1,8
69244,4,0
69245,2,9
69246,3,2
69247,5,6
69248,2,7
69249,6,1
69250,2,9
69251,0,6
69252,2,9
69253,6,4
69254,2,9
69255,2,9
69256,0,6
69257,2,7
69258,6,1
69259,3,2
69260,7,5
69261,7,3
69262,2,7
69263,1,8
69264,4,0
69265,1,1
69266,3,2
69267,4,4
69268,7,5
69269,0,6
69270,1,7
69271,7,8
69272,1,9
69273,4,0
69274,1,1
69275,3,3
69276,4,4
69277,8,5
69278,0,6
69279,1,7
69280,7,8
69281,3,0
69282,1,1
69283,1,3
69284,0,4
69285,1,7
69286,7,8
69287,2,9
69288,1,7
69289,7,5
69290,8,5
69291,1,1
69292,1,9
69293,1,9
69294,1,7
69295,6,1
69296,4,0
69297,4,0
69298,7,5
69299,2,9
69300,4,7
69301,1,1
69302,4,7
69303,1,2
69304,1,2
69305,3,3
69306,5,6
69307,7,8
69308,3,3
69309,1,2
69310,4,0
69311,4,0
69312,0,6
69313,1,1
69314,1,7
69315,8,5
69316,7,8
69317,0,6
69318,1,2
69319,8,9
69320,2,4
69321,7,8
69322,7,8
69323,4,7
69324,1,1
69325,4,0
69326,7,8
69327,1,7
69328,1,7
69329,7,5
69330,7,8
69331,7,5
69332,1,3
69333,2,4
69334,0,6
69335,1,1
69336,1,1
69337,7,5
69338,7,5
69339,4,0
69340,1,7
69341,1,2
69342,3,3
69343,5,6
69344,2,4
69345,1,1
69346,3,2
69347,2,4
69348,1,1
69349,7,5
69350,2,4
69351,1,2
69352,4,0
69353,2,4
69354,7,8
69355,0,6
69356,6,1
69357,1,9
69358,4,0
69359,3,2
69360,8,5
69361,0,6
69362,2,9
69363,1,3
69364,0,6
69365,3,3
69366,0,6
69367,4,0
69368,1,1
69369,9,2
69370,3,3
69371,9,4
69372,7,5
69373,0,6
69374,2,7
69375,7,8
69376,4,9
69377,5,0
69378,1,1
69379,3,2
69380,5,3
69381,2,4
69382,7,5
69383,0,6
69384,2,7
69385,1,8
69386,8,9
69387,4,0
69388,1,1
69389,9,2
69390,3,3
69391,7,5
69392,0,6
69393,2,7
69394,1,8
69395,1,1
69396,4,0
69397,8,9
69398,7,5
69399,4,7
69400,7,5
69401,1,1
69402,7,8
69403,0,6
69404,4,9
69405,4,0
69406,2,4
69407,1,1
69408,4,9
69409,3,3
69410,1,8
69411,2,4
69412,2,4
69413,1,7
69414,4,0
69415,1,1
69416,4,9
69417,3,2
69418,1,8
69419,4,7
69420,1,8
69421,3,2
69422,5,5
69423,1,9
69424,0,6
69425,4,0
69426,0,6
69427,5,5
69428,7,5
69429,3,3
69430,3,3
69431,7,3
69432,4,9
69433,1,8
69434,1,1
69435,1,1
69436,4,0
69437,0,6
69438,1,1
69439,4,0
69440,4,0
69441,5,6
69442,9,2
69443,1,1
69444,1,1
69445,7,3
69446,5,2
69447,1,7
69448,2,7
69449,1,8
69450,7,8
69451,4,7
69452,1,8
69453,4,4
69454,0,6
69455,4,0
69456,9,2
69457,4,0
69458,2,7
69459,4,0
69460,3,3
69461,5,6
69462,1,8
69463,1,7
69464,1,1
69465,7,5
69466,8,9
69467,2,9
69468,3,3
69469,1,7
69470,9,2
69471,4,4
69472,4,9
69473,2,4
69474,7,3
69475,5,6
69476,9,2
69477,9,2
69478,7,5
69479,3,3
69480,3,2
69481,8,5
69482,7,5
69483,8,9
69484,2,4
69485,6,1
69486,1,7
69487,9,2
69488,5,0
69489,1,1
69490,1,2
69491,7,3
69492,2,4
69493,8,5
69494,5,6
69495,1,7
69496,1,8
69497,1,9
69498,4,0
69499,1,1
69500,1,2
69501,1,3
69502,8,4
69503,8,5
69504,5,6
69505,1,7
69506,1,8
69507,2,9
69508,7,0
69509,1,1
69510,1,2
69511,7,3
69512,2,4
69513,1,5
69514,0,6
69515,1,7
69516,1,8
69517,1,9
69518,1,1
69519,4,0
69520,1,1
69521,3,2
69522,2,7
69523,8,5
69524,1,3
69525,2,4
69526,4,4
69527,5,0
69528,4,0
69529,0,6
69530,1,9
69531,0,6
69532,0,6
69533,8,5
69534,2,7
69535,3,2
69536,1,3
69537,2,4
69538,6,4
69539,1,9
69540,6,1
69541,2,4
69542,7,0
69543,1,7
69544,1,9
69545,7,5
69546,2,7
69547,9,2
69548,3,3
69549,6,1
69550,2,4
69551,2,4
69552,4,0
69553,2,9
69554,1,9
69555,0,6
69556,1,1
69557,1,8
69558,7,3
69559,3,3
69560,1,7
69561,1,3
69562,1,9
69563,1,8
69564,1,8
69565,4,4
69566,1,7
69567,1,7
69568,5,6
69569,9,2
69570,1,1
69571,2,9
69572,1,8
69573,1,7
69574,1,8
69575,1,8
69576,1,7
69577,1,2
69578,9,2
69579,7,3
69580,1,9
69581,7,3
69582,1,3
69583,7,5
69584,8,5
69585,5,0
69586,1,7
69587,2,9
69588,8,5
69589,5,6
69590,8,5
69591,1,1
69592,8,4
69593,1,1
69594,1,1
69595,5,2
69596,7,8
69597,3,2
69598,0,6
69599,1,1
69600,8,5
69601,4,0
69602,6,1
69603,5,2
69604,7,3
69605,2,4
69606,5,5
69607,5,6
69608,1,7
69609,1,8
69610,1,9
69611,4,0
69612,6,1
69613,1,2
69614,7,3
69615,4,4
69616,7,5
69617,5,6
69618,1,7
69619,7,8
69620,8,9
69621,4,0
69622,1,1
69623,1,2
69624,7,3
69625,2,4
69626,7,5
69627,0,6
69628,1,7
69629,3,8
69630,1,8
69631,4,0
69632,5,6
69633,7,0
69634,1,0
69635,3,2
69636,3,3
69637,1,7
69638,2,9
69639,2,4
69640,1,7
69641,6,1
69642,4,9
69643,6,1
69644,1,7
69645,6,1
69646,6,4
69647,4,0
69648,4,0
69649,6,1
69650,2,7
69651,5,5
69652,1,7
69653,6,1
69654,3,3
69655,3,3
69656,3,3
69657,6,1
69658,5,6
69659,1,9
69660,2,7
69661,1,1
69662,3,3
69663,3,0
69664,1,2
69665,0,6
69666,1,0
69667,7,8
69668,2,9
69669,2,4
69670,3,3
69671,7,5
69672,6,4
69673,1,8
69674,6,1
69675,5,5
69676,2,9
69677,4,0
69678,0,6
69679,5,6
69680,1,3
69681,7,8
69682,6,1
69683,2,4
69684,2,7
69685,7,5
69686,6,2
69687,7,0
69688,4,0
69689,6,1
69690,2,7
69691,8,8
69692,2,9
69693,5,6
69694,1,8
69695,7,8
69696,6,2
69697,3,3
69698,0,6
69699,1,1
69700,6,2
69701,4,9
69702,8,5
69703,3,2
69704,4,0
69705,6,1
69706,3,2
69707,3,3
69708,2,4
69709,5,5
69710,5,6
69711,2,7
69712,8,8
69713,2,9
69714,4,0
69715,6,1
69716,3,2
69717,3,3
69718,2,4
69719,7,5
69720,5,6
69721,2,7
69722,1,8
69723,2,9
69724,7,0
69725,6,1
69726,3,2
69727,3,3
69728,2,4
69729,5,5
69730,5,6
69731,2,7
69732,7,8
69733,1,9
69734,2,7
69735,1,4
69736,5,6
69737,6,1
69738,2,4
69739,4,0
69740,2,9
69741,2,9
69742,3,3
69743,2,7
69744,1,8
69745,1,4
69746,2,7
69747,5,5
69748,1,8
69749,5,5
69750,3,3
69751,3,2
69752,3,2
69753,4,0
69754,5,5
69755,8,8
69756,5,6
69757,4,0
69758,7,3
69759,1,8
69760,6,1
69761,4,0
69762,7,3
69763,4,0
69764,2,4
69765,2,7
69766,2,4
69767,2,9
69768,3,2
69769,6,9
69770,5,5
69771,2,7
69772,6,1
69773,2,7
69774,6,1
69775,5,6
69776,5,6
69777,5,5
69778,5,6
69779,3,2
69780,1,8
69781,2,7
69782,5,6
69783,2,4
69784,1,9
69785,2,9
69786,5,5
69787,3,3
69788,2,7
69789,2,4
69790,1,3
69791,4,0
69792,1,4
69793,8,6
69794,5,6
69795,6,1
69796,6,1
69797,3,3
69798,3,2
69799,6,1
69800,5,0
69801,4,0
69802,6,1
69803,3,2
69804,7,3
69805,2,4
69806,1,7
69807,7,8
69808,2,9
69809,4,0
69810,6,1
69811,1,2
69812,7,3
69813,2,4
69814,8,5
69815,5,6
69816,1,7
69817,1,8
69818,4,0
69819,6,1
69820,1,2
69821,3,3
69822,2,4
69823,1,7
69824,1,8
69825,1,9
69826,4,0
69827,1,8
69828,7,3
69829,2,9
69830,8,5
69831,8,5
69832,1,2
69833,0,6
69834,1,8
69835,2,4
69836,1,1
69837,1,7
69838,1,1
69839,1,2
69840,3,3
69841,8,5
69842,5,6
69843,2,9
69844,6,1
69845,6,1
69846,1,1
69847,1,2
69848,6,1
69849,1,2
69850,5,0
69851,1,7
69852,1,7
69853,8,5
69854,7,8
69855,1,2
69856,8,9
69857,1,8
69858,7,6
69859,2,7
69860,7,3
69861,2,4
69862,5,6
69863,8,8
69864,1,7
69865,4,0
69866,0,4
69867,1,2
69868,1,7
69869,2,7
69870,8,5
69871,2,4
69872,3,3
69873,0,4
69874,1,2
69875,8,8
69876,6,1
69877,8,5
69878,6,1
69879,1,0
69880,3,2
69881,7,3
69882,7,3
69883,8,5
69884,2,7
69885,4,0
69886,0,6
69887,1,8
69888,5,6
69889,1,3
69890,4,9
69891,4,9
69892,8,8
69893,1,2
69894,1,7
69895,2,7
69896,6,1
69897,4,0
69898,6,1
69899,1,7
69900,1,8
69901,8,9
69902,4,0
69903,6,1
69904,3,2
69905,1,3
69906,2,4
69907,8,5
69908,0,6
69909,2,7
69910,7,8
69911,4,0
69912,6,1
69913,9,2
69914,1,3
69915,6,4
69916,2,7
69917,1,8
69918,2,9
69919,2,7
69920,1,8
69921,5,6
69922,2,4
69923,6,1
69924,2,9
69925,3,3
69926,1,8
69927,0,4
69928,2,4
69929,2,7
69930,4,0
69931,6,1
69932,4,9
69933,3,2
69934,7,8
69935,1,7
69936,7,8
69937,3,2
69938,0,6
69939,4,0
69940,0,6
69941,5,5
69942,7,3
69943,7,3
69944,7,3
69945,2,9
69946,6,1
69947,2,4
69948,4,0
69949,0,6
69950,6,1
69951,7,0
69952,4,0
69953,5,6
69954,3,2
69955,6,1
69956,6,1
69957,2,7
69958,1,7
69959,1,8
69960,2,4
69961,0,6
69962,7,0
69963,1,7
69964,4,0
69965,3,3
69966,0,6
69967,7,8
69968,1,7
69969,6,1
69970,5,5
69971,9,2
69972,2,4
69973,2,9
69974,2,4
69975,3,3
69976,0,6
69977,2,4
69978,6,1
69979,2,7
69980,3,2
69981,5,6
69982,5,5
69983,4,0
69984,1,1
69985,1,2
69986,1,3
69987,2,4
69988,7,5
69989,5,6
69990,1,7
69991,7,8
69992,4,9
69993,5,0
69994,1,1
69995,1,2
69996,1,3
69997,2,4
69998,7,5
69999,5,6
