index,cluster,label
0,7,5
1,4,0
2,2,4
3,6,1
4,2,9
5,3,2
6,6,1
7,3,3
8,6,1
9,0,4
10,1,3
11,6,5
12,1,3
13,0,6
14,6,1
15,2,7
16,3,2
17,6,8
18,0,6
19,6,9
20,2,4
21,4,0
22,6,9
23,6,1
24,6,1
25,3,2
26,2,4
27,1,3
28,1,2
29,6,7
30,5,3
31,6,8
32,0,6
33,6,9
34,4,0
35,6,5
36,0,6
37,4,0
38,2,7
39,0,6
40,6,1
41,6,8
42,2,7
43,6,9
44,7,3
45,2,9
46,7,8
47,7,5
48,8,9
49,1,3
50,3,3
51,4,0
52,2,7
53,6,4
54,2,9
55,7,8
56,4,0
57,2,9
58,2,4
59,6,1
60,4,4
61,6,4
62,0,6
63,7,0
64,4,4
65,6,5
66,0,6
67,6,1
68,4,0
69,4,0
70,6,1
71,2,7
72,6,1
73,0,6
74,1,3
75,4,0
76,3,2
77,6,1
78,6,1
79,2,7
80,3,9
81,4,0
82,3,2
83,0,6
84,2,7
85,6,8
86,1,3
87,2,9
88,4,0
89,2,4
90,0,6
91,2,7
92,2,4
93,0,6
94,6,8
95,4,0
96,2,7
97,6,8
98,3,3
99,6,1
100,8,5
101,2,7
102,6,1
103,2,7
104,6,1
105,6,1
106,8,6
107,3,3
108,4,0
109,5,2
110,2,9
111,7,3
112,6,1
113,6,1
114,4,0
115,2,4
116,2,9
117,5,2
118,4,0
119,4,0
120,1,2
121,4,0
122,6,2
123,2,7
124,6,1
125,6,8
126,8,6
127,0,4
128,6,1
129,0,6
130,1,3
131,0,4
132,6,5
133,2,9
134,8,1
135,3,3
136,3,3
137,6,8
138,3,5
139,0,4
140,6,7
141,6,7
142,2,4
143,5,2
144,8,8
145,7,5
146,6,8
147,0,6
148,2,7
149,7,3
150,2,4
151,0,6
152,6,1
153,2,9
154,2,9
155,0,6
156,4,0
157,3,3
158,2,7
159,3,2
160,8,8
161,3,2
162,2,9
163,6,4
164,4,4
165,0,6
166,2,4
167,2,9
168,1,7
169,4,0
170,2,9
171,3,2
172,2,9
173,6,5
174,6,1
175,7,5
176,2,9
177,6,1
178,3,2
179,7,3
180,6,2
181,7,3
182,1,5
183,2,9
184,6,1
185,2,7
186,0,6
187,3,2
188,4,8
189,5,2
190,5,2
191,7,5
192,4,0
193,2,7
194,2,4
195,2,9
196,2,7
197,6,8
198,1,3
199,5,2
200,6,1
201,6,1
202,7,8
203,7,3
204,0,6
205,6,1
206,4,0
207,3,3
208,6,1
209,4,0
210,4,0
211,6,1
212,2,7
213,3,2
214,2,7
215,3,3
216,4,0
217,2,4
218,0,6
219,7,5
220,3,2
221,0,6
222,4,4
223,2,7
224,6,1
225,3,8
226,2,9
227,2,9
228,8,3
229,4,0
230,2,7
231,6,1
232,4,0
233,3,2
234,4,0
235,3,3
236,7,5
237,2,4
238,0,6
239,7,5
240,6,8
241,0,6
242,3,3
243,2,7
244,7,5
245,6,8
246,4,0
247,2,9
248,6,1
249,4,0
250,5,3
251,6,1
252,1,2
253,3,2
254,3,3
255,3,3
256,6,6
257,2,4
258,2,7
259,7,5
260,4,0
261,0,6
262,0,2
263,2,7
264,2,9
265,6,8
266,7,5
267,2,9
268,2,2
269,6,1
270,6,1
271,2,4
272,2,4
273,7,5
274,0,6
275,2,4
276,6,1
277,3,2
278,3,5
279,3,3
280,2,9
281,3,3
282,2,9
283,4,0
284,7,5
285,2,9
286,0,6
287,5,5
288,2,7
289,2,4
290,6,1
291,3,3
292,0,4
293,4,0
294,4,4
295,6,8
296,4,0
297,2,4
298,1,3
299,0,6
300,6,8
301,2,7
302,0,6
303,4,0
304,2,9
305,2,7
306,5,5
307,2,7
308,3,2
309,6,1
310,6,1
311,0,6
312,4,8
313,2,9
314,4,4
315,6,1
316,4,5
317,3,2
318,6,2
319,2,9
320,4,0
321,3,3
322,2,9
323,0,6
324,2,7
325,3,2
326,4,0
327,3,3
328,7,5
329,2,4
330,1,3
331,0,6
332,7,5
333,7,8
334,4,9
335,0,5
336,2,4
337,2,7
338,2,4
339,3,2
340,2,7
341,3,3
342,2,4
343,6,8
344,2,9
345,6,1
346,3,9
347,3,2
348,7,8
349,2,7
350,2,9
351,6,1
352,3,8
353,2,7
354,8,4
355,6,1
356,1,3
357,6,1
358,6,1
359,4,0
360,1,2
361,3,3
362,2,9
363,2,4
364,2,9
365,3,2
366,6,1
367,0,6
368,6,8
369,2,4
370,6,7
371,2,7
372,2,4
373,2,4
374,2,9
375,3,2
376,8,5
377,2,7
378,3,2
379,2,4
380,4,4
381,3,2
382,6,1
383,2,9
384,2,7
385,3,2
386,4,8
387,2,7
388,0,6
389,2,9
390,6,2
391,3,2
392,3,3
393,6,8
394,6,1
395,0,6
396,7,5
397,6,1
398,6,1
399,4,0
400,1,2
401,0,6
402,2,4
403,7,5
404,3,8
405,3,3
406,6,1
407,7,5
408,6,1
409,2,9
410,6,2
411,2,7
412,2,4
413,2,4
414,0,4
415,6,8
416,6,1
417,6,5
418,6,8
419,2,9
420,8,5
421,0,6
422,2,7
423,2,9
424,2,9
425,3,3
426,2,7
427,4,0
428,2,9
429,4,0
430,0,6
431,0,6
432,3,2
433,3,3
434,2,9
435,4,0
436,2,7
437,5,5
438,2,4
439,6,8
440,4,0
441,2,9
442,2,4
443,6,1
444,6,2
445,6,8
446,4,7
447,6,1
448,6,2
449,0,6
450,6,1
451,1,0
452,5,3
453,4,0
454,6,1
455,6,1
456,6,8
457,6,2
458,4,0
459,7,3
460,2,9
461,2,4
462,4,0
463,6,5
464,4,0
465,0,6
466,6,1
467,2,7
468,4,7
469,7,8
470,8,1
471,2,9
472,6,2
473,3,0
474,7,5
475,6,1
476,3,2
477,3,2
478,2,7
479,3,3
480,7,5
481,0,4
482,2,9
483,6,7
484,6,1
485,7,8
486,7,3
487,6,9
488,4,6
489,0,0
490,3,3
491,6,1
492,6,1
493,3,2
494,4,6
495,3,3
496,7,5
497,6,7
498,0,6
499,6,8
500,2,3
501,6,9
502,8,5
503,6,8
504,7,5
505,2,7
506,0,6
507,6,1
508,6,1
509,7,3
510,6,1
511,6,7
512,7,5
513,7,5
514,3,5
515,3,2
516,7,5
517,4,8
518,2,7
519,4,0
520,2,9
521,2,7
522,2,7
523,6,5
524,4,0
525,2,9
526,4,0
527,0,0
528,7,8
529,6,9
530,3,2
531,0,4
532,7,8
533,6,1
534,0,6
535,6,1
536,0,6
537,0,5
538,6,1
539,7,8
540,7,3
541,2,4
542,4,0
543,6,5
544,5,5
545,6,8
546,3,3
547,0,6
548,3,2
549,3,3
550,2,9
551,3,2
552,6,1
553,6,1
554,7,5
555,3,2
556,6,1
557,3,3
558,5,2
559,7,8
560,6,7
561,3,3
562,2,7
563,6,2
564,2,4
565,0,6
566,2,9
567,6,7
568,6,2
569,0,4
570,1,2
571,6,8
572,6,1
573,6,1
574,6,3
575,6,8
576,2,4
577,4,0
578,8,6
579,7,5
580,2,9
581,3,3
582,4,0
583,6,9
584,3,2
585,0,4
586,6,7
587,6,1
588,6,2
589,2,9
590,2,4
591,3,2
592,0,6
593,6,1
594,3,8
595,6,9
596,4,0
597,0,6
598,0,6
599,2,7
600,2,9
601,6,9
602,3,8
603,0,0
604,6,1
605,0,4
606,2,4
607,0,6
608,2,7
609,6,1
610,7,5
611,6,7
612,4,0
613,7,3
614,0,5
615,6,8
616,4,4
617,6,7
618,6,1
619,6,2
620,7,5
621,2,9
622,7,5
623,0,6
624,2,7
625,8,5
626,2,9
627,7,8
628,7,8
629,7,3
630,0,6
631,6,9
632,2,7
633,3,0
634,6,7
635,3,5
636,2,7
637,6,1
638,6,1
639,4,0
640,2,7
641,6,9
642,3,2
643,3,3
644,6,7
645,7,3
646,6,2
647,6,4
648,6,1
649,0,6
650,5,2
651,6,7
652,8,5
653,7,5
654,2,7
655,2,4
656,4,0
657,6,2
658,0,6
659,3,3
660,0,6
661,6,4
662,4,0
663,0,4
664,5,2
665,0,6
666,4,0
667,0,0
668,4,0
669,4,0
670,5,3
671,6,1
672,0,6
673,3,2
674,6,2
675,1,3
676,6,1
677,2,4
678,6,1
679,7,5
680,0,4
681,0,6
682,2,4
683,2,7
684,3,2
685,6,8
686,2,7
687,2,9
688,6,2
689,4,0
690,8,5
691,6,1
692,2,4
693,3,2
694,6,8
695,3,3
696,6,2
697,2,4
698,6,1
699,7,5
700,2,4
701,0,6
702,4,0
703,2,7
704,9,9
705,6,8
706,2,4
707,2,9
708,8,8
709,4,0
710,6,1
711,6,1
712,0,0
713,3,2
714,3,2
715,3,3
716,3,2
717,2,4
718,8,4
719,7,5
720,6,8
721,0,6
722,7,5
723,2,7
724,2,7
725,6,8
726,8,8
727,2,9
728,6,7
729,8,4
730,2,7
731,3,3
732,3,2
733,4,0
734,7,8
735,0,6
736,3,8
737,0,6
738,6,1
739,0,6
740,7,8
741,2,9
742,0,4
743,4,0
744,2,9
745,3,0
746,0,4
747,6,1
748,8,5
749,2,4
750,2,7
751,7,5
752,3,3
753,2,7
754,2,4
755,2,9
756,7,8
757,7,5
758,7,8
759,0,6
760,7,3
761,6,8
762,0,6
763,2,9
764,2,9
765,6,1
766,7,8
767,3,3
768,7,5
769,7,8
770,4,6
771,7,5
772,2,9
773,2,7
774,3,2
775,0,5
776,4,0
777,7,8
778,2,5
779,6,1
780,6,1
781,4,0
782,2,9
783,6,1
784,6,8
785,0,6
786,2,7
787,4,0
788,4,9
789,3,3
790,4,0
791,6,8
792,7,8
793,2,9
794,0,6
795,6,7
796,6,8
797,2,4
798,2,7
799,7,5
800,2,9
801,0,2
802,0,6
803,6,7
804,2,4
805,7,5
806,2,9
807,6,2
808,6,3
809,6,1
810,0,6
811,3,3
812,2,9
813,6,2
814,3,2
815,7,5
816,0,6
817,6,8
818,4,0
819,2,7
820,2,7
821,6,1
822,6,9
823,7,8
824,2,7
825,0,0
826,4,9
827,2,9
828,4,4
829,0,6
830,3,2
831,7,8
832,6,5
833,6,1
834,2,4
835,6,1
836,7,5
837,7,5
838,6,1
839,2,7
840,1,3
841,0,6
842,8,4
843,6,3
844,3,2
845,7,5
846,8,6
847,2,4
848,2,4
849,0,0
850,0,4
851,2,4
852,0,6
853,2,7
854,2,2
855,2,4
856,6,3
857,3,3
858,6,8
859,4,0
860,4,0
861,3,3
862,1,2
863,3,2
864,6,9
865,7,8
866,4,2
867,3,3
868,2,7
869,4,0
870,6,1
871,6,1
872,4,0
873,3,2
874,1,3
875,7,3
876,6,8
877,2,4
878,6,3
879,5,5
880,2,7
881,0,6
882,4,4
883,2,7
884,6,7
885,6,8
886,5,5
887,2,9
888,2,7
889,0,0
890,1,3
891,6,1
892,0,6
893,3,2
894,2,4
895,7,3
896,0,4
897,0,4
898,2,7
899,0,5
900,2,9
901,0,6
902,4,9
903,0,0
904,2,7
905,6,1
906,2,4
907,3,2
908,2,7
909,3,3
910,0,6
911,2,7
912,8,5
913,6,8
914,2,4
915,6,5
916,8,5
917,3,2
918,6,7
919,6,1
920,6,1
921,7,5
922,0,6
923,6,8
924,7,5
925,7,8
926,2,4
927,4,0
928,2,7
929,2,9
930,2,9
931,3,2
932,2,9
933,2,7
934,2,7
935,6,8
936,2,7
937,0,4
938,6,2
939,0,6
940,4,9
941,6,1
942,2,7
943,0,0
944,0,6
945,2,4
946,6,2
947,6,5
948,6,7
949,4,0
950,1,7
951,6,1
952,4,0
953,7,3
954,2,7
955,0,6
956,7,5
957,4,0
958,8,6
959,6,1
960,7,5
961,6,1
962,2,7
963,6,8
964,6,5
965,4,0
966,5,3
967,0,4
968,2,7
969,2,7
970,8,5
971,2,7
972,7,8
973,0,6
974,7,9
975,3,3
976,7,8
977,0,6
978,6,1
979,0,0
980,2,9
981,2,7
982,6,1
983,7,3
984,4,0
985,0,5
986,0,6
987,2,4
988,0,4
989,3,2
990,8,4
991,8,4
992,3,3
993,6,1
994,2,7
995,2,7
996,8,6
997,0,0
998,3,3
999,0,6
1000,4,0
1001,2,7
1002,6,1
1003,6,1
1004,2,4
1005,2,9
1006,2,4
1007,7,3
1008,2,4
1009,6,8
1010,3,2
1011,3,2
1012,6,1
1013,6,8
1014,2,7
1015,0,0
1016,7,8
1017,6,1
1018,4,0
1019,2,7
1020,0,6
1021,3,3
1022,2,7
1023,2,7
1024,8,5
1025,6,8
1026,7,8
1027,6,9
1028,4,0
1029,0,0
1030,0,4
1031,6,1
1032,1,5
1033,3,2
1034,3,2
1035,7,3
1036,6,9
1037,0,4
1038,2,9
1039,7,5
1040,4,0
1041,0,6
1042,2,7
1043,2,7
1044,6,1
1045,3,8
1046,4,0
1047,1,2
1048,3,2
1049,4,0
1050,0,4
1051,6,1
1052,6,1
1053,3,2
1054,2,7
1055,5,3
1056,2,9
1057,6,7
1058,6,2
1059,6,8
1060,6,1
1061,2,9
1062,7,5
1063,6,8
1064,4,8
1065,6,1
1066,6,9
1067,3,8
1068,1,3
1069,6,1
1070,0,6
1071,7,5
1072,2,7
1073,0,4
1074,6,2
1075,0,7
1076,4,0
1077,7,3
1078,4,0
1079,6,4
1080,6,1
1081,6,1
1082,2,7
1083,2,9
1084,6,1
1085,6,1
1086,8,8
1087,0,5
1088,6,7
1089,0,5
1090,4,0
1091,0,6
1092,0,6
1093,4,0
1094,2,4
1095,6,1
1096,3,2
1097,3,3
1098,2,4
1099,0,4
1100,0,6
1101,6,8
1102,4,0
1103,2,9
1104,7,5
1105,7,8
1106,6,7
1107,4,0
1108,1,3
1109,1,5
1110,2,4
1111,6,5
1112,2,9
1113,0,6
1114,2,7
1115,6,1
1116,2,9
1117,0,6
1118,6,1
1119,3,3
1120,8,8
1121,3,3
1122,2,9
1123,6,1
1124,3,2
1125,2,7
1126,6,7
1127,2,7
1128,4,0
1129,0,2
1130,1,3
1131,6,1
1132,6,1
1133,6,4
1134,3,2
1135,0,5
1136,0,6
1137,3,0
1138,2,9
1139,0,6
1140,0,2
1141,3,8
1142,2,9
1143,6,2
1144,7,3
1145,3,3
1146,0,6
1147,2,9
1148,6,1
1149,0,4
1150,3,3
1151,7,3
1152,4,0
1153,2,7
1154,2,7
1155,6,1
1156,2,7
1157,2,7
1158,7,3
1159,0,6
1160,0,4
1161,2,9
1162,3,5
1163,0,4
1164,2,4
1165,6,2
1166,2,7
1167,2,9
1168,4,0
1169,2,9
1170,3,8
1171,2,4
1172,4,4
1173,2,9
1174,6,1
1175,6,2
1176,0,4
1177,2,9
1178,6,3
1179,4,0
1180,0,4
1181,6,1
1182,0,6
1183,1,2
1184,0,6
1185,1,3
1186,2,7
1187,2,4
1188,3,2
1189,0,6
1190,0,6
1191,2,7
1192,6,1
1193,7,8
1194,4,9
1195,0,0
1196,4,4
1197,6,1
1198,2,4
1199,1,2
1200,6,1
1201,1,3
1202,0,6
1203,2,4
1204,0,6
1205,2,7
1206,7,5
1207,1,8
1208,2,7
1209,4,0
1210,7,5
1211,6,1
1212,2,4
1213,5,2
1214,3,8
1215,0,4
1216,2,7
1217,2,7
1218,3,3
1219,1,8
1220,0,4
1221,2,9
1222,3,5
1223,7,8
1224,0,6
1225,2,7
1226,7,3
1227,2,4
1228,0,6
1229,6,7
1230,6,1
1231,2,7
1232,0,4
1233,1,3
1234,1,3
1235,2,9
1236,3,8
1237,1,8
1238,6,1
1239,2,8
1240,0,6
1241,1,3
1242,6,1
1243,1,1
1244,7,3
1245,7,5
1246,6,2
1247,7,8
1248,4,4
1249,5,2
1250,2,9
1251,2,7
1252,6,1
1253,2,4
1254,3,8
1255,1,2
1256,2,9
1257,0,6
1258,2,4
1259,6,1
1260,7,3
1261,2,4
1262,5,2
1263,7,5
1264,3,2
1265,7,5
1266,0,6
1267,7,8
1268,4,0
1269,0,6
1270,6,2
1271,2,4
1272,4,9
1273,2,4
1274,2,9
1275,2,4
1276,5,5
1277,6,1
1278,3,5
1279,7,8
1280,2,4
1281,2,7
1282,1,9
1283,6,5
1284,6,9
1285,7,5
1286,2,9
1287,6,1
1288,7,5
1289,1,8
1290,1,3
1291,2,9
1292,2,9
1293,6,1
1294,6,8
1295,3,3
1296,7,8
1297,0,6
1298,7,5
1299,1,2
1300,2,7
1301,1,2
1302,6,7
1303,0,6
1304,4,0
1305,2,9
1306,2,7
1307,2,9
1308,4,4
1309,0,6
1310,4,0
1311,7,5
1312,3,3
1313,7,5
1314,2,7
1315,1,3
1316,2,9
1317,1,3
1318,0,6
1319,7,8
1320,3,3
1321,6,1
1322,2,7
1323,0,6
1324,7,5
1325,7,5
1326,2,7
1327,0,6
1328,7,5
1329,6,8
1330,3,2
1331,6,1
1332,2,7
1333,2,9
1334,6,2
1335,2,7
1336,1,3
1337,0,6
1338,1,7
1339,7,8
1340,7,5
1341,1,3
1342,2,7
1343,2,7
1344,7,8
1345,0,4
1346,0,0
1347,2,7
1348,7,3
1349,1,0
1350,0,6
1351,1,3
1352,1,9
1353,2,7
1354,6,1
1355,2,9
1356,7,5
1357,1,3
1358,0,6
1359,0,0
1360,4,9
1361,0,2
1362,6,8
1363,0,0
1364,7,9
1365,6,1
1366,0,6
1367,1,0
1368,4,0
1369,6,1
1370,7,9
1371,4,0
1372,4,0
1373,2,4
1374,5,2
1375,1,1
1376,4,7
1377,1,0
1378,8,3
1379,2,4
1380,2,4
1381,2,7
1382,7,5
1383,2,9
1384,6,8
1385,1,2
1386,4,0
1387,1,0
1388,7,8
1389,0,6
1390,5,2
1391,3,2
1392,2,7
1393,0,6
1394,6,1
1395,1,2
1396,2,9
1397,1,2
1398,0,6
1399,2,9
1400,1,7
1401,2,9
1402,7,5
1403,4,0
1404,8,8
1405,6,1
1406,7,5
1407,3,2
1408,2,4
1409,3,3
1410,2,9
1411,0,4
1412,2,7
1413,7,5
1414,0,6
1415,0,6
1416,2,7
1417,2,7
1418,0,6
1419,6,8
1420,7,5
1421,6,9
1422,2,7
1423,0,0
1424,0,6
1425,6,1
1426,2,9
1427,3,2
1428,1,3
1429,7,3
1430,7,5
1431,2,4
1432,1,3
1433,0,5
1434,6,8
1435,0,6
1436,7,3
1437,2,7
1438,3,2
1439,6,8
1440,4,4
1441,6,9
1442,7,5
1443,7,0
1444,3,2
1445,6,1
1446,2,4
1447,3,2
1448,0,4
1449,1,3
1450,6,1
1451,2,7
1452,6,1
1453,6,8
1454,4,0
1455,6,9
1456,0,6
1457,6,8
1458,6,1
1459,6,9
1460,4,4
1461,0,4
1462,2,9
1463,6,1
1464,6,8
1465,6,9
1466,0,6
1467,0,5
1468,7,5
1469,3,3
1470,3,3
1471,4,0
1472,1,1
1473,6,4
1474,3,3
1475,6,8
1476,6,3
1477,6,4
1478,3,2
1479,7,0
1480,1,7
1481,7,5
1482,8,5
1483,6,1
1484,7,8
1485,7,5
1486,3,3
1487,2,4
1488,0,6
1489,4,0
1490,7,5
1491,6,7
1492,6,2
1493,0,6
1494,0,6
1495,7,0
1496,6,1
1497,6,1
1498,8,4
1499,2,7
1500,2,9
1501,4,0
1502,4,0
1503,0,6
1504,0,6
1505,6,8
1506,8,6
1507,2,9
1508,2,4
1509,0,5
1510,6,2
1511,0,4
1512,1,0
1513,2,7
1514,7,5
1515,0,6
1516,8,5
1517,0,0
1518,5,9
1519,6,8
1520,0,6
1521,6,1
1522,9,9
1523,2,7
1524,8,5
1525,2,7
1526,7,5
1527,6,1
1528,6,1
1529,1,3
1530,4,0
1531,6,2
1532,4,0
1533,3,3
1534,7,8
1535,6,1
1536,0,6
1537,6,4
1538,0,6
1539,3,2
1540,0,6
1541,6,4
1542,6,8
1543,6,8
1544,6,1
1545,6,4
1546,4,4
1547,2,7
1548,6,1
1549,3,2
1550,3,2
1551,3,3
1552,2,9
1553,0,6
1554,6,4
1555,2,9
1556,7,5
1557,0,6
1558,3,2
1559,3,3
1560,2,9
1561,3,2
1562,0,6
1563,3,2
1564,2,7
1565,0,4
1566,7,3
1567,0,6
1568,4,4
1569,6,9
1570,2,7
1571,0,0
1572,6,2
1573,6,2
1574,2,9
1575,7,5
1576,2,4
1577,7,5
1578,4,0
1579,6,1
1580,2,4
1581,1,3
1582,0,6
1583,3,3
1584,3,2
1585,6,9
1586,1,7
1587,5,5
1588,7,3
1589,2,7
1590,4,0
1591,2,9
1592,7,5
1593,6,8
1594,6,3
1595,3,2
1596,4,0
1597,6,1
1598,1,8
1599,3,3
1600,4,0
1601,6,1
1602,1,2
1603,3,3
1604,2,4
1605,4,0
1606,4,0
1607,6,1
1608,2,7
1609,3,2
1610,6,9
1611,3,3
1612,2,9
1613,2,4
1614,6,2
1615,7,5
1616,7,8
1617,0,6
1618,1,7
1619,2,7
1620,2,9
1621,6,8
1622,2,9
1623,2,9
1624,3,2
1625,4,0
1626,4,0
1627,6,1
1628,2,4
1629,3,2
1630,2,4
1631,3,3
1632,2,9
1633,2,4
1634,1,3
1635,7,5
1636,2,7
1637,0,6
1638,7,5
1639,2,7
1640,6,1
1641,6,8
1642,0,6
1643,2,9
1644,7,3
1645,4,0
1646,2,4
1647,6,1
1648,6,2
1649,6,2
1650,7,5
1651,3,3
1652,7,7
1653,2,4
1654,6,1
1655,2,7
1656,6,7
1657,6,8
1658,6,1
1659,2,9
1660,3,2
1661,3,3
1662,3,2
1663,2,4
1664,4,0
1665,6,1
1666,7,8
1667,2,4
1668,3,3
1669,0,6
1670,8,5
1671,0,6
1672,2,4
1673,2,7
1674,4,9
1675,3,3
1676,2,1
1677,1,3
1678,4,0
1679,3,2
1680,6,1
1681,6,1
1682,4,0
1683,4,9
1684,2,9
1685,2,4
1686,0,6
1687,2,7
1688,4,6
1689,3,3
1690,7,5
1691,7,5
1692,2,4
1693,2,4
1694,0,6
1695,2,9
1696,6,1
1697,6,1
1698,3,3
1699,6,1
1700,6,1
1701,4,0
1702,7,5
1703,6,1
1704,6,4
1705,2,4
1706,0,6
1707,0,6
1708,0,6
1709,4,0
1710,6,1
1711,6,2
1712,4,0
1713,6,8
1714,6,2
1715,3,2
1716,6,1
1717,6,1
1718,3,3
1719,2,7
1720,2,9
1721,7,5
1722,3,3
1723,4,0
1724,3,2
1725,4,0
1726,0,6
1727,3,2
1728,2,9
1729,4,0
1730,2,7
1731,0,6
1732,4,9
1733,2,9
1734,6,1
1735,6,2
1736,2,9
1737,1,3
1738,2,4
1739,2,7
1740,2,9
1741,0,6
1742,4,0
1743,2,9
1744,2,4
1745,6,8
1746,2,7
1747,2,7
1748,2,9
1749,6,8
1750,0,6
1751,2,9
1752,8,5
1753,3,2
1754,3,2
1755,3,2
1756,7,3
1757,2,9
1758,6,8
1759,7,8
1760,3,8
1761,0,6
1762,0,4
1763,2,4
1764,4,4
1765,2,4
1766,3,2
1767,2,4
1768,0,6
1769,4,0
1770,2,7
1771,4,0
1772,1,7
1773,6,8
1774,3,2
1775,4,0
1776,7,8
1777,6,8
1778,3,3
1779,0,6
1780,7,8
1781,0,6
1782,4,6
1783,3,8
1784,7,6
1785,6,5
1786,6,1
1787,6,1
1788,6,8
1789,2,7
1790,7,8
1791,3,3
1792,0,6
1793,6,8
1794,2,9
1795,7,5
1796,4,0
1797,4,0
1798,4,0
1799,3,3
1800,3,2
1801,0,6
1802,0,6
1803,2,7
1804,7,8
1805,3,3
1806,8,5
1807,6,1
1808,0,4
1809,3,3
1810,7,5
1811,2,9
1812,0,4
1813,6,5
1814,0,4
1815,6,1
1816,6,1
1817,7,5
1818,0,4
1819,4,0
1820,4,9
1821,6,7
1822,6,1
1823,6,2
1824,8,5
1825,2,7
1826,1,9
1827,2,4
1828,4,0
1829,3,3
1830,0,6
1831,6,1
1832,6,7
1833,2,7
1834,7,5
1835,0,6
1836,1,3
1837,4,0
1838,6,1
1839,6,1
1840,2,4
1841,5,2
1842,2,4
1843,1,3
1844,0,6
1845,0,4
1846,6,7
1847,7,5
1848,2,7
1849,0,6
1850,2,9
1851,2,7
1852,6,2
1853,7,8
1854,2,4
1855,2,9
1856,7,8
1857,4,0
1858,2,7
1859,6,1
1860,6,1
1861,1,2
1862,1,3
1863,7,3
1864,7,5
1865,2,4
1866,0,6
1867,7,5
1868,4,0
1869,0,6
1870,1,3
1871,2,7
1872,3,3
1873,3,8
1874,6,2
1875,6,9
1876,4,0
1877,4,0
1878,2,9
1879,6,1
1880,6,2
1881,1,2
1882,2,9
1883,1,3
1884,2,9
1885,2,4
1886,4,6
1887,7,5
1888,3,2
1889,0,6
1890,0,6
1891,2,7
1892,0,6
1893,6,8
1894,6,2
1895,2,9
1896,3,2
1897,4,0
1898,0,6
1899,2,7
1900,3,2
1901,6,8
1902,0,6
1903,2,9
1904,4,0
1905,2,9
1906,6,6
1907,4,0
1908,3,3
1909,6,1
1910,6,1
1911,2,4
1912,2,9
1913,3,5
1914,7,8
1915,6,1
1916,5,0
1917,0,6
1918,0,6
1919,2,7
1920,1,2
1921,3,3
1922,2,4
1923,3,2
1924,7,3
1925,7,9
1926,4,0
1927,4,0
1928,2,4
1929,1,5
1930,7,0
1931,0,6
1932,2,4
1933,2,7
1934,4,4
1935,3,3
1936,6,1
1937,2,9
1938,6,3
1939,2,9
1940,2,9
1941,3,3
1942,6,1
1943,7,8
1944,2,7
1945,6,1
1946,2,7
1947,1,2
1948,1,8
1949,2,9
1950,2,9
1951,0,6
1952,3,2
1953,2,7
1954,6,2
1955,7,5
1956,4,0
1957,0,6
1958,2,7
1959,1,3
1960,2,9
1961,7,5
1962,2,9
1963,1,0
1964,1,8
1965,7,5
1966,3,8
1967,2,4
1968,2,9
1969,4,0
1970,7,5
1971,1,3
1972,3,2
1973,2,4
1974,4,8
1975,2,7
1976,2,4
1977,6,1
1978,8,5
1979,0,4
1980,0,6
1981,1,3
1982,2,7
1983,2,7
1984,2,9
1985,0,6
1986,0,6
1987,1,2
1988,6,2
1989,6,1
1990,0,6
1991,7,5
1992,2,4
1993,7,5
1994,1,3
1995,4,0
1996,8,5
1997,7,5
1998,6,2
1999,1,0
2000,8,5
2001,7,8
2002,7,8
2003,2,4
2004,3,2
2005,0,6
2006,2,9
2007,2,7
2008,6,1
2009,4,0
2010,6,2
2011,1,3
2012,6,1
2013,6,8
2014,4,7
2015,6,1
2016,7,8
2017,1,2
2018,6,7
2019,1,2
2020,0,6
2021,1,3
2022,3,2
2023,1,3
2024,2,7
2025,0,6
2026,7,8
2027,2,7
2028,8,5
2029,1,3
2030,8,8
2031,2,4
2032,8,4
2033,2,9
2034,2,4
2035,0,6
2036,4,4
2037,7,5
2038,7,5
2039,6,1
2040,8,1
2041,2,9
2042,6,3
2043,6,8
2044,6,6
2045,6,1
2046,2,4
2047,6,1
2048,2,7
2049,7,5
2050,2,4
2051,0,0
2052,2,4
2053,3,2
2054,2,7
2055,2,7
2056,8,5
2057,7,8
2058,4,0
2059,0,6
2060,2,9
2061,0,6
2062,0,6
2063,7,8
2064,2,7
2065,1,2
2066,4,0
2067,7,8
2068,3,8
2069,2,4
2070,6,8
2071,0,4
2072,2,4
2073,1,2
2074,8,3
2075,1,2
2076,3,3
2077,7,8
2078,6,2
2079,4,0
2080,8,5
2081,4,0
2082,4,0
2083,6,1
2084,4,0
2085,3,2
2086,6,1
2087,1,3
2088,1,3
2089,2,4
2090,2,7
2091,8,5
2092,7,3
2093,0,6
2094,6,1
2095,2,7
2096,0,6
2097,7,8
2098,6,3
2099,2,9
2100,4,0
2101,4,0
2102,2,7
2103,6,1
2104,3,2
2105,3,2
2106,2,4
2107,3,3
2108,6,7
2109,4,4
2110,6,1
2111,7,5
2112,4,0
2113,0,6
2114,1,3
2115,2,7
2116,2,9
2117,7,8
2118,2,7
2119,2,9
2120,8,5
2121,4,0
2122,6,1
2123,6,1
2124,3,8
2125,4,2
2126,0,6
2127,7,3
2128,1,3
2129,0,4
2130,1,3
2131,7,5
2132,6,3
2133,2,7
2134,6,1
2135,7,8
2136,6,1
2137,2,9
2138,0,6
2139,7,8
2140,2,9
2141,2,9
2142,2,7
2143,7,5
2144,4,0
2145,2,7
2146,7,3
2147,4,0
2148,0,6
2149,1,3
2150,8,8
2151,6,1
2152,0,6
2153,0,6
2154,6,1
2155,7,8
2156,0,6
2157,2,4
2158,0,6
2159,6,1
2160,3,0
2161,2,7
2162,6,1
2163,0,6
2164,4,4
2165,7,5
2166,6,1
2167,0,6
2168,6,7
2169,2,4
2170,7,8
2171,3,2
2172,1,5
2173,2,7
2174,6,3
2175,7,8
2176,2,4
2177,6,1
2178,0,6
2179,7,3
2180,3,3
2181,2,4
2182,7,5
2183,3,3
2184,3,2
2185,2,4
2186,7,5
2187,2,7
2188,6,1
2189,3,2
2190,2,4
2191,4,0
2192,4,0
2193,7,5
2194,2,8
2195,4,0
2196,0,6
2197,6,1
2198,6,1
2199,2,9
2200,7,3
2201,3,2
2202,1,1
2203,3,3
2204,4,4
2205,3,2
2206,2,4
2207,7,3
2208,2,4
2209,3,5
2210,4,8
2211,8,5
2212,0,6
2213,2,7
2214,0,6
2215,7,8
2216,2,9
2217,2,4
2218,3,0
2219,2,9
2220,0,4
2221,2,9
2222,2,4
2223,2,7
2224,0,4
2225,6,1
2226,0,6
2227,6,1
2228,1,3
2229,2,7
2230,7,3
2231,4,8
2232,1,3
2233,3,3
2234,1,2
2235,0,4
2236,4,4
2237,7,8
2238,2,7
2239,0,6
2240,2,4
2241,3,3
2242,0,6
2243,4,8
2244,2,7
2245,4,0
2246,2,7
2247,2,9
2248,8,5
2249,0,6
2250,8,5
2251,3,2
2252,6,3
2253,4,0
2254,2,4
2255,6,1
2256,2,4
2257,4,0
2258,4,5
2259,0,6
2260,6,1
2261,3,2
2262,0,6
2263,3,3
2264,2,4
2265,7,8
2266,8,5
2267,2,9
2268,7,5
2269,4,0
2270,3,2
2271,2,7
2272,3,5
2273,3,2
2274,2,9
2275,1,3
2276,2,4
2277,8,4
2278,4,0
2279,7,5
2280,3,2
2281,7,5
2282,7,5
2283,3,2
2284,2,9
2285,7,8
2286,6,3
2287,7,5
2288,3,2
2289,2,4
2290,2,4
2291,0,6
2292,9,7
2293,0,6
2294,2,4
2295,0,6
2296,0,6
2297,2,7
2298,4,0
2299,2,9
2300,0,6
2301,6,1
2302,3,8
2303,7,8
2304,7,5
2305,3,2
2306,6,1
2307,6,1
2308,7,5
2309,3,2
2310,4,0
2311,0,6
2312,2,9
2313,7,5
2314,3,2
2315,3,3
2316,6,1
2317,2,4
2318,6,1
2319,2,7
2320,0,6
2321,2,9
2322,0,2
2323,2,4
2324,4,6
2325,4,0
2326,6,1
2327,4,0
2328,7,5
2329,7,5
2330,8,5
2331,2,9
2332,6,2
2333,4,0
2334,2,4
2335,6,1
2336,6,1
2337,3,2
2338,2,4
2339,3,3
2340,4,0
2341,2,4
2342,6,2
2343,6,5
2344,2,7
2345,0,6
2346,6,2
2347,2,7
2348,2,7
2349,6,8
2350,3,3
2351,2,9
2352,5,0
2353,4,0
2354,3,2
2355,6,1
2356,6,1
2357,3,2
2358,6,8
2359,3,3
2360,4,4
2361,2,4
2362,6,1
2363,6,5
2364,2,9
2365,0,6
2366,6,1
2367,2,7
2368,1,5
2369,6,8
2370,2,9
2371,6,9
2372,0,6
2373,4,0
2374,6,1
2375,6,1
2376,2,7
2377,3,2
2378,7,8
2379,3,3
2380,2,7
2381,2,7
2382,7,8
2383,7,8
2384,6,8
2385,2,9
2386,2,7
2387,0,6
2388,6,8
2389,3,2
2390,2,4
2391,2,7
2392,2,4
2393,6,1
2394,7,8
2395,7,5
2396,4,0
2397,0,6
2398,2,9
2399,3,2
2400,7,8
2401,7,5
2402,6,2
2403,4,0
2404,4,0
2405,7,5
2406,0,4
2407,2,4
2408,1,3
2409,3,2
2410,6,1
2411,4,0
2412,4,5
2413,6,8
2414,8,5
2415,6,1
2416,2,4
2417,2,7
2418,6,2
2419,6,1
2420,8,4
2421,7,8
2422,0,6
2423,3,3
2424,4,4
2425,6,8
2426,6,1
2427,2,7
2428,8,5
2429,6,1
2430,1,3
2431,2,7
2432,6,1
2433,2,7
2434,2,9
2435,4,0
2436,4,0
2437,6,1
2438,2,9
2439,2,4
2440,4,0
2441,2,4
2442,6,8
2443,2,4
2444,6,8
2445,7,5
2446,6,1
2447,2,7
2448,6,1
2449,6,4
2450,5,2
2451,2,4
2452,2,4
2453,2,9
2454,3,2
2455,2,7
2456,6,3
2457,3,2
2458,2,4
2459,0,6
2460,2,9
2461,6,5
2462,6,1
2463,3,3
2464,3,2
2465,2,9
2466,2,4
2467,2,4
2468,2,3
2469,3,3
2470,0,6
2471,2,9
2472,1,2
2473,4,0
2474,0,6
2475,7,8
2476,3,8
2477,2,7
2478,7,5
2479,0,6
2480,0,6
2481,3,3
2482,1,8
2483,4,0
2484,0,4
2485,2,4
2486,8,6
2487,0,6
2488,2,7
2489,3,3
2490,2,4
2491,2,7
2492,2,7
2493,4,0
2494,0,6
2495,6,1
2496,0,6
2497,6,1
2498,0,6
2499,3,2
2500,4,0
2501,2,9
2502,2,7
2503,3,3
2504,0,6
2505,6,1
2506,7,3
2507,6,8
2508,1,2
2509,2,9
2510,3,2
2511,6,8
2512,2,7
2513,3,2
2514,2,9
2515,7,5
2516,0,6
2517,3,2
2518,3,2
2519,0,6
2520,8,4
2521,2,9
2522,2,7
2523,0,6
2524,1,3
2525,4,0
2526,4,0
2527,7,5
2528,0,0
2529,3,3
2530,6,1
2531,3,3
2532,4,0
2533,0,6
2534,3,2
2535,3,3
2536,3,3
2537,7,5
2538,4,0
2539,0,0
2540,2,7
2541,3,3
2542,2,4
2543,2,7
2544,7,5
2545,0,6
2546,2,4
2547,6,1
2548,2,4
2549,6,5
2550,6,2
2551,6,5
2552,6,1
2553,6,9
2554,1,5
2555,7,8
2556,8,6
2557,0,0
2558,2,7
2559,6,9
2560,2,4
2561,4,0
2562,2,9
2563,6,1
2564,6,3
2565,3,2
2566,7,5
2567,3,3
2568,3,3
2569,2,4
2570,0,6
2571,7,5
2572,6,1
2573,0,6
2574,2,7
2575,2,7
2576,2,7
2577,7,8
2578,2,4
2579,2,9
2580,6,3
2581,4,0
2582,1,0
2583,6,1
2584,4,0
2585,3,2
2586,4,0
2587,3,3
2588,0,6
2589,2,4
2590,0,6
2591,2,7
2592,7,5
2593,3,8
2594,6,1
2595,2,9
2596,0,4
2597,4,0
2598,1,8
2599,6,1
2600,2,9
2601,3,2
2602,0,6
2603,3,3
2604,6,1
2605,7,5
2606,4,0
2607,0,6
2608,4,4
2609,6,7
2610,6,8
2611,3,8
2612,2,7
2613,2,9
2614,0,6
2615,4,0
2616,6,1
2617,4,0
2618,6,7
2619,6,1
2620,8,5
2621,4,0
2622,8,5
2623,6,1
2624,4,0
2625,3,2
2626,6,2
2627,3,3
2628,6,8
2629,4,0
2630,6,1
2631,0,6
2632,3,3
2633,2,9
2634,6,7
2635,0,6
2636,3,8
2637,0,6
2638,0,6
2639,7,5
2640,2,9
2641,3,2
2642,4,0
2643,2,9
2644,0,6
2645,6,1
2646,7,5
2647,2,4
2648,4,2
2649,2,9
2650,2,7
2651,7,5
2652,7,3
2653,2,7
2654,6,1
2655,7,5
2656,0,6
2657,0,6
2658,1,7
2659,2,7
2660,1,3
2661,3,3
2662,0,6
2663,6,1
2664,3,2
2665,0,4
2666,2,7
2667,6,1
2668,6,8
2669,3,3
2670,3,2
2671,1,3
2672,3,8
2673,6,7
2674,8,5
2675,3,3
2676,5,7
2677,2,9
2678,7,8
2679,3,8
2680,0,6
2681,3,8
2682,3,8
2683,7,8
2684,3,2
2685,7,8
2686,2,4
2687,3,8
2688,6,1
2689,2,4
2690,7,5
2691,2,7
2692,6,1
2693,0,2
2694,1,2
2695,6,1
2696,9,9
2697,2,9
2698,4,5
2699,6,8
2700,3,2
2701,2,7
2702,4,9
2703,2,9
2704,2,7
2705,3,3
2706,2,7
2707,5,3
2708,6,1
2709,4,0
2710,0,6
2711,2,7
2712,2,9
2713,0,5
2714,6,2
2715,0,4
2716,6,1
2717,6,1
2718,4,0
2719,6,1
2720,6,3
2721,3,2
2722,2,9
2723,0,6
2724,2,4
2725,6,1
2726,3,3
2727,7,5
2728,6,9
2729,4,0
2730,6,1
2731,6,1
2732,4,4
2733,1,2
2734,3,3
2735,1,3
2736,4,0
2737,4,4
2738,5,2
2739,7,5
2740,1,3
2741,0,6
2742,2,4
2743,2,7
2744,8,5
2745,4,0
2746,4,0
2747,6,1
2748,3,2
2749,3,2
2750,2,7
2751,1,3
2752,2,7
2753,2,4
2754,2,7
2755,7,5
2756,0,6
2757,0,6
2758,3,5
2759,2,7
2760,3,3
2761,9,8
2762,6,1
2763,7,9
2764,2,9
2765,0,0
2766,2,7
2767,6,1
2768,6,8
2769,1,2
2770,4,0
2771,1,3
2772,2,4
2773,4,4
2774,7,3
2775,7,5
2776,6,1
2777,0,6
2778,2,7
2779,2,9
2780,7,5
2781,7,8
2782,5,0
2783,3,2
2784,6,1
2785,0,6
2786,3,3
2787,2,9
2788,3,3
2789,0,6
2790,6,2
2791,6,1
2792,1,2
2793,2,9
2794,6,1
2795,2,9
2796,1,3
2797,2,9
2798,4,9
2799,0,4
2800,8,4
2801,0,4
2802,6,2
2803,5,3
2804,4,9
2805,7,8
2806,4,0
2807,6,1
2808,2,4
2809,2,4
2810,7,8
2811,6,1
2812,6,2
2813,3,2
2814,2,7
2815,4,9
2816,3,3
2817,0,0
2818,1,3
2819,4,4
2820,3,3
2821,2,9
2822,0,6
2823,6,1
2824,6,2
2825,2,7
2826,4,0
2827,2,4
2828,0,6
2829,2,4
2830,6,1
2831,6,1
2832,2,4
2833,7,8
2834,6,3
2835,2,7
2836,0,6
2837,0,6
2838,6,2
2839,3,0
2840,1,2
2841,6,8
2842,7,8
2843,6,1
2844,6,7
2845,3,8
2846,3,2
2847,3,2
2848,2,7
2849,0,6
2850,0,6
2851,3,2
2852,2,7
2853,6,1
2854,4,0
2855,3,2
2856,8,4
2857,7,5
2858,6,1
2859,4,4
2860,2,9
2861,7,5
2862,5,6
2863,0,6
2864,4,0
2865,2,7
2866,3,2
2867,2,7
2868,7,5
2869,7,5
2870,6,1
2871,3,3
2872,6,1
2873,0,0
2874,8,4
2875,3,2
2876,6,1
2877,3,2
2878,6,1
2879,3,2
2880,0,6
2881,2,7
2882,4,0
2883,3,3
2884,8,6
2885,7,5
2886,3,3
2887,3,2
2888,0,4
2889,6,1
2890,4,0
2891,2,4
2892,3,2
2893,0,4
2894,6,1
2895,3,3
2896,2,4
2897,4,0
2898,0,6
2899,4,0
2900,7,5
2901,7,8
2902,2,4
2903,2,7
2904,4,0
2905,7,3
2906,6,1
2907,6,1
2908,1,2
2909,2,7
2910,0,6
2911,2,9
2912,8,5
2913,0,6
2914,4,0
2915,7,3
2916,7,5
2917,7,3
2918,6,1
2919,4,0
2920,6,1
2921,7,5
2922,4,4
2923,0,6
2924,2,9
2925,0,6
2926,1,3
2927,3,8
2928,8,5
2929,2,7
2930,0,6
2931,7,3
2932,6,1
2933,8,5
2934,4,9
2935,4,0
2936,3,2
2937,6,1
2938,6,1
2939,3,2
2940,7,8
2941,3,3
2942,3,8
2943,2,4
2944,4,0
2945,7,5
2946,8,5
2947,0,6
2948,8,5
2949,2,7
2950,2,7
2951,6,8
2952,4,0
2953,2,9
2954,0,6
2955,4,0
2956,2,9
2957,6,1
2958,7,8
2959,3,2
2960,3,3
2961,3,3
2962,4,4
2963,2,4
2964,3,3
2965,0,5
2966,4,5
2967,0,6
2968,8,5
2969,2,7
2970,6,1
2971,3,8
2972,8,8
2973,2,9
2974,4,0
2975,4,0
2976,3,2
2977,6,1
2978,0,6
2979,6,2
2980,6,7
2981,7,3
2982,2,7
2983,2,4
2984,2,7
2985,2,7
2986,2,7
2987,3,8
2988,6,1
2989,2,9
2990,0,4
2991,6,8
2992,0,6
2993,7,5
2994,6,1
2995,2,7
2996,4,0
2997,6,9
2998,6,1
2999,7,5
3000,4,9
3001,4,0
3002,2,8
3003,6,8
3004,6,1
3005,7,3
3006,3,2
3007,0,5
3008,2,7
3009,2,4
3010,2,7
3011,6,8
3012,4,0
3013,7,3
3014,7,8
3015,4,0
3016,4,0
3017,3,2
3018,0,4
3019,6,1
3020,2,9
3021,4,0
3022,2,9
3023,3,2
3024,4,0
3025,7,5
3026,8,8
3027,3,8
3028,6,8
3029,7,8
3030,4,9
3031,7,5
3032,3,8
3033,7,3
3034,7,3
3035,4,0
3036,0,6
3037,0,4
3038,2,4
3039,2,4
3040,4,8
3041,6,1
3042,3,2
3043,0,6
3044,2,9
3045,6,1
3046,0,6
3047,7,3
3048,3,3
3049,4,0
3050,0,6
3051,7,3
3052,2,4
3053,0,6
3054,3,2
3055,2,9
3056,8,4
3057,3,3
3058,0,6
3059,2,7
3060,6,7
3061,2,4
3062,7,5
3063,2,9
3064,3,2
3065,6,7
3066,2,8
3067,4,0
3068,6,1
3069,2,9
3070,8,1
3071,2,4
3072,0,4
3073,6,8
3074,2,4
3075,3,3
3076,2,9
3077,3,2
3078,3,2
3079,6,7
3080,6,1
3081,2,7
3082,7,8
3083,2,9
3084,2,9
3085,7,5
3086,7,8
3087,6,7
3088,2,4
3089,0,6
3090,2,9
3091,2,4
3092,2,4
3093,3,8
3094,8,8
3095,6,9
3096,4,6
3097,0,6
3098,0,6
3099,2,9
3100,2,4
3101,2,4
3102,3,2
3103,6,1
3104,2,9
3105,3,2
3106,4,0
3107,4,0
3108,7,3
3109,0,6
3110,2,4
3111,6,1
3112,3,2
3113,6,1
3114,6,8
3115,0,6
3116,2,7
3117,2,4
3118,8,5
3119,3,8
3120,6,1
3121,2,9
3122,6,1
3123,0,6
3124,3,3
3125,0,4
3126,8,5
3127,0,6
3128,4,0
3129,0,5
3130,6,1
3131,3,0
3132,6,1
3133,3,2
3134,6,2
3135,4,0
3136,6,6
3137,7,5
3138,2,4
3139,0,6
3140,6,7
3141,7,5
3142,3,2
3143,4,0
3144,3,8
3145,6,1
3146,6,9
3147,3,2
3148,3,8
3149,6,1
3150,6,3
3151,2,7
3152,3,8
3153,6,8
3154,8,8
3155,6,1
3156,3,2
3157,2,4
3158,4,8
3159,3,3
3160,4,0
3161,3,2
3162,2,7
3163,6,8
3164,2,9
3165,3,2
3166,6,2
3167,6,7
3168,2,8
3169,6,9
3170,8,5
3171,5,3
3172,0,6
3173,6,9
3174,1,3
3175,4,0
3176,1,2
3177,6,1
3178,6,3
3179,3,2
3180,8,5
3181,3,3
3182,2,4
3183,2,4
3184,0,4
3185,7,5
3186,4,9
3187,0,6
3188,7,5
3189,2,7
3190,2,9
3191,6,8
3192,6,3
3193,6,9
3194,4,4
3195,4,0
3196,8,8
3197,6,1
3198,4,0
3199,3,2
3200,3,2
3201,3,3
3202,2,9
3203,2,4
3204,3,5
3205,6,5
3206,2,7
3207,0,6
3208,6,2
3209,2,7
3210,2,7
3211,6,8
3212,6,1
3213,4,0
3214,2,7
3215,3,3
3216,3,5
3217,2,4
3218,4,4
3219,6,5
3220,6,3
3221,0,6
3222,2,4
3223,2,7
3224,6,2
3225,6,8
3226,6,1
3227,6,9
3228,2,7
3229,0,6
3230,6,1
3231,4,0
3232,2,9
3233,3,3
3234,6,1
3235,2,4
3236,2,7
3237,6,1
3238,2,9
3239,2,4
3240,2,4
3241,1,0
3242,3,2
3243,6,8
3244,3,2
3245,0,6
3246,2,7
3247,0,0
3248,4,0
3249,2,7
3250,2,7
3251,6,8
3252,2,7
3253,2,7
3254,7,8
3255,6,7
3256,2,9
3257,2,9
3258,1,3
3259,4,0
3260,2,4
3261,2,4
3262,4,0
3263,2,9
3264,3,3
3265,2,9
3266,7,5
3267,2,7
3268,6,6
3269,4,0
3270,2,7
3271,6,5
3272,6,1
3273,6,8
3274,3,2
3275,6,5
3276,6,7
3277,2,9
3278,2,4
3279,6,8
3280,2,4
3281,6,8
3282,2,7
3283,2,7
3284,4,9
3285,6,5
3286,4,0
3287,0,6
3288,0,6
3289,6,5
3290,2,4
3291,3,3
3292,2,9
3293,6,8
3294,0,6
3295,6,1
3296,2,9
3297,0,6
3298,2,7
3299,6,8
3300,3,2
3301,6,5
3302,2,9
3303,2,9
3304,6,2
3305,3,2
3306,6,1
3307,3,2
3308,6,2
3309,4,0
3310,2,9
3311,6,9
3312,2,4
3313,6,2
3314,1,3
3315,2,4
3316,2,9
3317,2,7
3318,6,3
3319,1,3
3320,3,3
3321,6,1
3322,4,9
3323,1,3
3324,2,7
3325,0,6
3326,6,5
3327,0,6
3328,4,0
3329,3,2
3330,0,6
3331,6,1
3332,6,3
3333,3,2
3334,2,4
3335,0,6
3336,3,3
3337,4,0
3338,7,8
3339,3,2
3340,0,4
3341,3,2
3342,3,2
3343,2,7
3344,6,1
3345,6,1
3346,9,9
3347,3,3
3348,2,9
3349,6,7
3350,6,4
3351,2,4
3352,8,4
3353,6,8
3354,7,8
3355,6,9
3356,6,5
3357,3,2
3358,6,3
3359,6,9
3360,2,4
3361,7,5
3362,3,2
3363,0,6
3364,0,6
3365,6,8
3366,0,6
3367,0,0
3368,2,7
3369,4,0
3370,4,4
3371,2,9
3372,6,7
3373,6,1
3374,1,9
3375,6,1
3376,4,0
3377,4,0
3378,7,5
3379,6,1
3380,6,1
3381,3,2
3382,9,9
3383,3,3
3384,7,5
3385,7,5
3386,3,3
3387,0,6
3388,2,4
3389,2,9
3390,1,2
3391,4,0
3392,7,6
3393,6,1
3394,6,1
3395,3,2
3396,4,0
3397,3,3
3398,2,9
3399,2,4
3400,3,3
3401,7,5
3402,1,3
3403,0,6
3404,7,3
3405,6,7
3406,6,1
3407,6,8
3408,6,7
3409,4,0
3410,4,0
3411,6,1
3412,6,1
3413,3,2
3414,2,9
3415,7,3
3416,7,5
3417,2,4
3418,6,1
3419,7,5
3420,8,8
3421,0,6
3422,1,3
3423,2,7
3424,3,3
3425,6,8
3426,2,7
3427,6,1
3428,2,7
3429,4,0
3430,6,1
3431,6,1
3432,1,8
3433,7,5
3434,4,0
3435,6,3
3436,4,4
3437,6,4
3438,6,8
3439,2,4
3440,6,1
3441,4,0
3442,2,7
3443,4,0
3444,3,2
3445,0,6
3446,7,8
3447,2,9
3448,2,7
3449,0,6
3450,8,4
3451,0,6
3452,3,3
3453,7,5
3454,0,6
3455,6,4
3456,6,1
3457,6,4
3458,2,4
3459,2,4
3460,1,3
3461,4,0
3462,6,3
3463,2,7
3464,6,1
3465,2,9
3466,3,3
3467,7,5
3468,6,1
3469,2,7
3470,3,2
3471,3,3
3472,1,3
3473,6,1
3474,8,6
3475,2,4
3476,7,8
3477,2,4
3478,6,1
3479,4,0
3480,7,8
3481,2,9
3482,3,8
3483,2,9
3484,2,4
3485,0,6
3486,0,2
3487,6,1
3488,6,1
3489,6,8
3490,0,0
3491,6,3
3492,4,0
3493,6,8
3494,6,7
3495,6,8
3496,2,4
3497,6,8
3498,2,7
3499,6,8
3500,7,5
3501,6,8
3502,7,8
3503,2,4
3504,2,4
3505,2,7
3506,7,9
3507,2,7
3508,2,9
3509,6,1
3510,6,9
3511,6,9
3512,3,8
3513,6,8
3514,4,0
3515,2,7
3516,4,0
3517,6,8
3518,2,7
3519,2,9
3520,8,6
3521,3,3
3522,1,7
3523,6,3
3524,0,6
3525,7,5
3526,7,8
3527,7,5
3528,2,9
3529,4,0
3530,0,6
3531,2,7
3532,6,1
3533,2,9
3534,3,0
3535,6,5
3536,3,2
3537,0,6
3538,2,7
3539,7,5
3540,6,1
3541,4,0
3542,3,3
3543,0,6
3544,4,9
3545,6,1
3546,6,1
3547,2,4
3548,2,4
3549,6,1
3550,3,3
3551,6,1
3552,1,3
3553,6,2
3554,3,8
3555,6,8
3556,2,7
3557,3,2
3558,7,5
3559,0,6
3560,6,1
3561,6,1
3562,4,0
3563,7,5
3564,1,2
3565,4,0
3566,4,9
3567,6,1
3568,4,0
3569,3,2
3570,2,8
3571,3,3
3572,4,6
3573,4,4
3574,3,2
3575,7,5
3576,3,3
3577,0,6
3578,3,2
3579,2,7
3580,7,5
3581,7,8
3582,1,2
3583,2,9
3584,7,8
3585,4,0
3586,0,6
3587,6,1
3588,2,9
3589,3,2
3590,4,0
3591,1,3
3592,6,1
3593,6,1
3594,2,9
3595,7,5
3596,5,3
3597,0,6
3598,6,9
3599,2,7
3600,7,8
3601,7,8
3602,6,1
3603,7,0
3604,6,1
3605,6,1
3606,3,3
3607,3,2
3608,0,4
3609,1,3
3610,4,0
3611,4,4
3612,4,0
3613,7,5
3614,1,3
3615,0,6
3616,7,8
3617,2,7
3618,2,7
3619,3,8
3620,2,7
3621,6,9
3622,4,0
3623,0,6
3624,2,4
3625,2,4
3626,6,3
3627,3,2
3628,6,1
3629,0,6
3630,7,8
3631,4,4
3632,4,0
3633,2,7
3634,6,5
3635,7,5
3636,2,9
3637,7,5
3638,8,5
3639,2,4
3640,6,7
3641,2,7
3642,3,2
3643,7,8
3644,6,1
3645,2,9
3646,0,6
3647,3,2
3648,8,5
3649,2,9
3650,0,6
3651,3,3
3652,2,4
3653,4,9
3654,0,6
3655,1,3
3656,7,3
3657,7,8
3658,3,8
3659,3,2
3660,3,2
3661,4,0
3662,6,9
3663,2,9
3664,7,8
3665,7,8
3666,2,4
3667,4,0
3668,0,4
3669,7,5
3670,3,3
3671,0,6
3672,6,2
3673,7,0
3674,1,3
3675,6,1
3676,5,2
3677,4,0
3678,2,9
3679,3,2
3680,3,2
3681,7,5
3682,7,5
3683,3,3
3684,8,3
3685,7,5
3686,2,4
3687,3,3
3688,7,8
3689,7,8
3690,2,8
3691,9,0
3692,1,7
3693,4,0
3694,4,4
3695,7,5
3696,2,9
3697,2,4
3698,4,0
3699,3,3
3700,0,6
3701,4,4
3702,4,0
3703,6,1
3704,4,9
3705,7,5
3706,0,6
3707,3,3
3708,2,4
3709,4,0
3710,1,2
3711,3,8
3712,3,2
3713,3,3
3714,6,1
3715,4,0
3716,0,4
3717,0,6
3718,2,7
3719,3,2
3720,1,0
3721,2,7
3722,6,2
3723,6,1
3724,4,4
3725,6,1
3726,0,6
3727,7,8
3728,6,7
3729,6,1
3730,7,8
3731,2,7
3732,2,4
3733,6,1
3734,4,0
3735,3,3
3736,0,6
3737,7,8
3738,4,4
3739,4,4
3740,3,3
3741,3,2
3742,4,9
3743,4,0
3744,7,8
3745,2,9
3746,2,9
3747,2,7
3748,6,2
3749,0,6
3750,2,7
3751,2,7
3752,7,5
3753,4,4
3754,3,3
3755,6,1
3756,3,3
3757,0,6
3758,6,1
3759,3,8
3760,2,9
3761,2,4
3762,4,8
3763,6,1
3764,0,6
3765,3,2
3766,4,8
3767,0,6
3768,7,5
3769,2,7
3770,2,9
3771,6,1
3772,0,6
3773,2,9
3774,0,6
3775,7,8
3776,4,0
3777,4,0
3778,4,0
3779,0,6
3780,2,7
3781,2,9
3782,2,7
3783,2,4
3784,2,9
3785,2,9
3786,2,9
3787,2,9
3788,2,7
3789,0,6
3790,2,7
3791,4,2
3792,4,8
3793,3,3
3794,0,6
3795,2,7
3796,2,9
3797,6,1
3798,6,7
3799,3,2
3800,6,1
3801,7,5
3802,6,1
3803,7,3
3804,2,7
3805,2,7
3806,4,0
3807,3,8
3808,0,6
3809,4,0
3810,3,3
3811,6,1
3812,3,3
3813,6,2
3814,0,6
3815,3,3
3816,8,8
3817,2,4
3818,2,9
3819,7,5
3820,0,6
3821,0,6
3822,6,1
3823,2,7
3824,3,3
3825,6,8
3826,3,2
3827,2,9
3828,2,4
3829,4,0
3830,1,2
3831,6,1
3832,8,5
3833,6,2
3834,2,9
3835,7,3
3836,3,2
3837,2,4
3838,8,4
3839,7,5
3840,2,7
3841,0,6
3842,3,8
3843,2,7
3844,6,3
3845,6,8
3846,2,7
3847,2,9
3848,3,2
3849,4,0
3850,6,1
3851,6,1
3852,2,9
3853,6,2
3854,2,7
3855,3,3
3856,0,6
3857,2,4
3858,0,6
3859,7,5
3860,7,5
3861,0,6
3862,0,4
3863,6,7
3864,7,5
3865,6,8
3866,7,8
3867,2,9
3868,2,7
3869,0,6
3870,7,5
3871,6,2
3872,7,8
3873,0,6
3874,2,9
3875,5,5
3876,4,0
3877,2,4
3878,6,1
3879,6,2
3880,3,2
3881,4,0
3882,4,0
3883,6,8
3884,4,0
3885,6,1
3886,6,2
3887,2,7
3888,4,0
3889,6,1
3890,1,2
3891,6,8
3892,6,8
3893,3,3
3894,2,7
3895,6,7
3896,4,0
3897,6,1
3898,6,1
3899,2,7
3900,6,1
3901,6,1
3902,1,2
3903,0,4
3904,2,9
3905,2,4
3906,4,0
3907,0,5
3908,0,6
3909,6,7
3910,0,6
3911,0,4
3912,2,9
3913,2,9
3914,2,7
3915,2,7
3916,6,7
3917,3,2
3918,8,8
3919,0,6
3920,1,3
3921,7,5
3922,7,5
3923,3,3
3924,3,2
3925,2,9
3926,6,1
3927,2,9
3928,1,8
3929,4,0
3930,3,2
3931,6,8
3932,0,6
3933,6,7
3934,3,2
3935,2,9
3936,0,6
3937,4,0
3938,1,3
3939,0,6
3940,2,7
3941,3,3
3942,2,7
3943,4,0
3944,6,5
3945,2,4
3946,2,4
3947,0,6
3948,6,7
3949,3,3
3950,0,6
3951,2,7
3952,0,6
3953,4,0
3954,6,1
3955,6,1
3956,6,1
3957,0,4
3958,7,8
3959,3,8
3960,0,6
3961,6,8
3962,6,1
3963,6,1
3964,4,0
3965,6,2
3966,6,1
3967,2,9
3968,4,8
3969,3,3
3970,2,9
3971,6,1
3972,8,5
3973,0,4
3974,7,5
3975,6,2
3976,6,8
3977,2,9
3978,4,4
3979,6,8
3980,3,2
3981,6,2
3982,2,9
3983,6,8
3984,0,4
3985,0,6
3986,7,8
3987,2,9
3988,7,5
3989,6,2
3990,4,4
3991,2,9
3992,2,7
3993,0,6
3994,0,6
3995,3,3
3996,6,1
3997,3,3
3998,4,9
3999,0,6
4000,6,7
4001,1,3
4002,4,0
4003,6,1
4004,4,5
4005,6,2
4006,6,8
4007,7,5
4008,4,0
4009,4,0
4010,6,1
4011,3,3
4012,6,1
4013,6,1
4014,6,1
4015,7,5
4016,1,2
4017,3,5
4018,0,6
4019,2,9
4020,2,7
4021,6,8
4022,1,3
4023,4,0
4024,1,7
4025,2,9
4026,2,9
4027,4,0
4028,1,2
4029,6,1
4030,0,6
4031,3,2
4032,4,9
4033,1,3
4034,2,7
4035,0,4
4036,6,8
4037,7,5
4038,4,4
4039,0,6
4040,3,8
4041,2,7
4042,6,7
4043,7,8
4044,4,0
4045,2,9
4046,2,7
4047,4,0
4048,7,5
4049,6,1
4050,2,9
4051,3,2
4052,7,8
4053,1,3
4054,0,6
4055,0,4
4056,2,9
4057,7,5
4058,7,8
4059,0,6
4060,2,9
4061,2,7
4062,7,5
4063,6,8
4064,6,1
4065,2,9
4066,1,1
4067,4,0
4068,1,3
4069,6,1
4070,6,1
4071,3,2
4072,0,6
4073,1,3
4074,2,7
4075,0,4
4076,8,5
4077,7,5
4078,0,6
4079,0,6
4080,6,2
4081,2,7
4082,4,0
4083,6,8
4084,4,8
4085,2,9
4086,6,2
4087,0,6
4088,2,4
4089,6,1
4090,0,6
4091,2,9
4092,2,9
4093,2,9
4094,1,3
4095,2,9
4096,3,2
4097,0,4
4098,2,9
4099,2,4
4100,6,8
4101,1,3
4102,0,4
4103,3,8
4104,7,5
4105,6,1
4106,4,0
4107,0,4
4108,4,0
4109,6,1
4110,8,6
4111,6,2
4112,0,6
4113,7,5
4114,4,4
4115,0,0
4116,2,7
4117,2,9
4118,2,9
4119,7,5
4120,6,1
4121,1,3
4122,2,9
4123,4,0
4124,2,9
4125,4,4
4126,7,5
4127,2,9
4128,6,1
4129,6,1
4130,2,7
4131,2,7
4132,2,4
4133,4,4
4134,4,5
4135,2,4
4136,3,3
4137,6,1
4138,3,3
4139,6,8
4140,6,1
4141,2,7
4142,0,0
4143,0,6
4144,6,2
4145,1,0
4146,2,4
4147,6,8
4148,8,8
4149,6,1
4150,8,6
4151,3,8
4152,6,1
4153,6,2
4154,1,3
4155,0,6
4156,8,3
4157,3,2
4158,8,9
4159,4,0
4160,6,1
4161,2,9
4162,6,1
4163,6,1
4164,2,7
4165,6,2
4166,6,1
4167,7,5
4168,7,5
4169,2,4
4170,0,6
4171,8,5
4172,0,4
4173,2,7
4174,4,4
4175,2,7
4176,3,8
4177,7,5
4178,6,4
4179,3,3
4180,2,4
4181,4,0
4182,6,2
4183,3,2
4184,8,5
4185,6,2
4186,6,1
4187,3,2
4188,0,6
4189,2,7
4190,6,1
4191,1,3
4192,6,5
4193,6,1
4194,7,5
4195,2,4
4196,3,3
4197,0,4
4198,0,6
4199,3,3
4200,2,7
4201,0,0
4202,6,1
4203,4,0
4204,1,2
4205,6,4
4206,2,9
4207,2,7
4208,6,2
4209,2,9
4210,0,6
4211,2,7
4212,1,2
4213,6,8
4214,0,6
4215,6,8
4216,4,0
4217,2,7
4218,4,0
4219,2,9
4220,4,0
4221,0,6
4222,2,9
4223,3,3
4224,2,4
4225,6,1
4226,2,7
4227,2,7
4228,2,4
4229,2,9
4230,6,2
4231,0,6
4232,0,6
4233,1,3
4234,1,3
4235,3,3
4236,7,3
4237,6,1
4238,3,3
4239,1,0
4240,2,4
4241,3,2
4242,2,7
4243,0,6
4244,2,9
4245,4,0
4246,1,3
4247,7,5
4248,6,1
4249,0,6
4250,7,3
4251,0,6
4252,2,4
4253,6,8
4254,2,7
4255,2,7
4256,1,3
4257,1,3
4258,0,8
4259,7,5
4260,4,9
4261,6,8
4262,6,3
4263,1,3
4264,8,4
4265,4,0
4266,2,7
4267,6,1
4268,0,6
4269,3,2
4270,7,0
4271,3,3
4272,3,8
4273,2,7
4274,2,4
4275,6,8
4276,7,3
4277,2,9
4278,6,2
4279,7,0
4280,2,7
4281,3,3
4282,7,8
4283,2,4
4284,4,0
4285,2,7
4286,6,1
4287,6,8
4288,4,0
4289,7,0
4290,7,5
4291,6,1
4292,2,4
4293,6,2
4294,6,1
4295,1,3
4296,2,7
4297,0,4
4298,2,7
4299,7,5
4300,6,1
4301,0,6
4302,7,5
4303,2,7
4304,7,5
4305,6,8
4306,2,9
4307,2,9
4308,7,8
4309,7,5
4310,4,0
4311,6,1
4312,8,5
4313,2,9
4314,0,6
4315,4,9
4316,4,0
4317,2,7
4318,8,4
4319,6,1
4320,2,9
4321,4,0
4322,6,2
4323,2,9
4324,6,8
4325,0,0
4326,2,7
4327,7,5
4328,7,3
4329,6,9
4330,2,7
4331,2,7
4332,6,7
4333,6,1
4334,2,7
4335,3,3
4336,2,4
4337,0,6
4338,2,7
4339,3,3
4340,4,0
4341,3,2
4342,3,3
4343,4,0
4344,4,0
4345,2,9
4346,2,4
4347,4,0
4348,3,8
4349,0,6
4350,2,9
4351,6,1
4352,3,3
4353,2,7
4354,2,7
4355,1,2
4356,4,0
4357,6,8
4358,2,7
4359,3,3
4360,4,6
4361,2,4
4362,0,9
4363,2,7
4364,0,6
4365,0,6
4366,2,7
4367,0,6
4368,2,9
4369,3,3
4370,8,8
4371,6,2
4372,2,7
4373,6,3
4374,4,0
4375,6,8
4376,7,5
4377,2,9
4378,2,9
4379,0,4
4380,3,2
4381,6,8
4382,0,4
4383,6,8
4384,1,8
4385,2,7
4386,2,4
4387,6,1
4388,7,8
4389,4,0
4390,6,1
4391,6,8
4392,0,6
4393,2,7
4394,2,7
4395,2,7
4396,2,7
4397,6,5
4398,6,2
4399,2,9
4400,1,3
4401,3,2
4402,0,6
4403,3,3
4404,0,6
4405,6,1
4406,0,4
4407,6,1
4408,8,6
4409,2,4
4410,2,4
4411,7,5
4412,6,1
4413,6,5
4414,1,2
4415,4,0
4416,8,5
4417,2,4
4418,1,3
4419,6,8
4420,6,1
4421,2,7
4422,2,7
4423,2,4
4424,7,5
4425,2,9
4426,0,6
4427,3,2
4428,3,2
4429,3,3
4430,0,6
4431,0,6
4432,2,7
4433,2,4
4434,4,8
4435,6,1
4436,4,4
4437,3,2
4438,2,4
4439,2,4
4440,7,8
4441,6,1
4442,5,2
4443,7,5
4444,4,0
4445,6,1
4446,1,2
4447,2,9
4448,6,8
4449,6,3
4450,8,5
4451,6,2
4452,2,7
4453,4,0
4454,2,4
4455,4,0
4456,4,9
4457,6,2
4458,2,7
4459,2,9
4460,2,4
4461,3,3
4462,7,5
4463,0,6
4464,2,4
4465,4,0
4466,4,9
4467,6,1
4468,3,8
4469,1,2
4470,6,1
4471,5,3
4472,2,7
4473,2,4
4474,3,2
4475,7,5
4476,6,2
4477,0,6
4478,2,7
4479,2,7
4480,7,5
4481,7,8
4482,7,8
4483,2,9
4484,6,1
4485,4,0
4486,6,1
4487,6,1
4488,1,0
4489,3,2
4490,3,3
4491,1,3
4492,6,1
4493,2,4
4494,2,4
4495,7,5
4496,4,0
4497,0,6
4498,2,4
4499,2,7
4500,4,0
4501,6,8
4502,6,1
4503,2,9
4504,6,1
4505,4,0
4506,1,3
4507,6,1
4508,1,3
4509,1,2
4510,1,3
4511,1,3
4512,3,3
4513,2,4
4514,6,2
4515,7,5
4516,2,7
4517,0,6
4518,6,2
4519,2,7
4520,0,6
4521,6,8
4522,2,4
4523,2,9
4524,6,1
4525,7,8
4526,0,6
4527,4,0
4528,2,7
4529,7,5
4530,2,7
4531,0,6
4532,4,0
4533,0,6
4534,6,1
4535,4,0
4536,0,6
4537,7,8
4538,0,4
4539,4,0
4540,4,4
4541,1,2
4542,1,2
4543,1,3
4544,8,9
4545,2,7
4546,0,6
4547,2,9
4548,2,7
4549,2,4
4550,6,2
4551,2,7
4552,3,3
4553,6,1
4554,6,1
4555,2,9
4556,4,0
4557,6,1
4558,7,5
4559,2,7
4560,8,6
4561,6,1
4562,8,5
4563,4,0
4564,0,4
4565,4,0
4566,6,1
4567,2,4
4568,2,9
4569,6,1
4570,1,3
4571,2,7
4572,0,6
4573,7,5
4574,3,2
4575,2,7
4576,3,2
4577,6,1
4578,6,8
4579,1,3
4580,6,8
4581,1,3
4582,7,8
4583,3,3
4584,3,3
4585,6,1
4586,0,6
4587,0,6
4588,4,0
4589,2,9
4590,8,5
4591,2,7
4592,2,7
4593,2,4
4594,2,9
4595,1,3
4596,8,5
4597,4,0
4598,6,8
4599,3,2
4600,7,5
4601,4,5
4602,6,1
4603,3,2
4604,2,7
4605,0,6
4606,4,9
4607,4,0
4608,4,0
4609,6,8
4610,1,2
4611,2,9
4612,8,6
4613,4,4
4614,8,5
4615,3,3
4616,4,4
4617,7,5
4618,2,7
4619,2,4
4620,0,6
4621,7,8
4622,7,5
4623,6,1
4624,4,0
4625,7,5
4626,4,4
4627,2,9
4628,3,3
4629,4,0
4630,2,9
4631,0,6
4632,6,3
4633,2,4
4634,6,8
4635,0,6
4636,6,4
4637,7,8
4638,6,3
4639,6,1
4640,8,6
4641,2,4
4642,4,0
4643,6,7
4644,6,1
4645,5,5
4646,0,2
4647,2,7
4648,3,2
4649,5,2
4650,6,2
4651,1,2
4652,1,8
4653,4,0
4654,6,1
4655,4,0
4656,4,0
4657,6,1
4658,1,3
4659,2,7
4660,0,6
4661,2,7
4662,3,2
4663,7,9
4664,1,2
4665,4,5
4666,8,5
4667,2,9
4668,4,9
4669,6,8
4670,7,5
4671,2,9
4672,2,7
4673,0,6
4674,1,3
4675,7,8
4676,6,1
4677,1,8
4678,4,9
4679,1,2
4680,2,7
4681,1,3
4682,4,0
4683,0,6
4684,7,8
4685,6,1
4686,4,0
4687,5,2
4688,4,0
4689,2,9
4690,2,9
4691,1,8
4692,7,8
4693,2,9
4694,1,3
4695,7,5
4696,6,1
4697,3,2
4698,7,8
4699,0,6
4700,1,8
4701,1,2
4702,0,6
4703,2,4
4704,8,5
4705,6,8
4706,6,2
4707,2,4
4708,6,1
4709,0,6
4710,6,1
4711,7,5
4712,0,6
4713,4,0
4714,6,2
4715,1,1
4716,6,2
4717,3,2
4718,4,0
4719,3,3
4720,2,9
4721,2,4
4722,1,2
4723,5,5
4724,0,6
4725,2,7
4726,2,7
4727,7,8
4728,7,5
4729,9,0
4730,4,4
4731,6,1
4732,0,6
4733,3,2
4734,2,7
4735,3,3
4736,3,3
4737,2,4
4738,5,0
4739,7,5
4740,3,3
4741,0,6
4742,6,3
4743,2,7
4744,4,0
4745,7,8
4746,2,4
4747,2,9
4748,4,0
4749,9,0
4750,6,1
4751,6,1
4752,8,5
4753,3,2
4754,2,9
4755,5,3
4756,4,0
4757,4,4
4758,2,4
4759,2,7
4760,7,5
4761,9,8
4762,1,3
4763,6,1
4764,6,1
4765,0,6
4766,6,1
4767,9,8
4768,2,4
4769,2,9
4770,0,6
4771,2,9
4772,6,1
4773,9,0
4774,2,7
4775,6,1
4776,4,0
4777,3,2
4778,0,6
4779,2,4
4780,2,4
4781,4,4
4782,2,4
4783,5,3
4784,2,7
4785,2,7
4786,8,5
4787,4,4
4788,2,9
4789,2,4
4790,6,1
4791,2,4
4792,3,3
4793,4,0
4794,2,7
4795,3,3
4796,2,4
4797,9,8
4798,2,4
4799,4,7
4800,0,6
4801,7,5
4802,8,4
4803,1,8
4804,4,0
4805,3,2
4806,2,7
4807,6,1
4808,3,3
4809,2,7
4810,6,1
4811,2,9
4812,2,4
4813,6,1
4814,7,8
4815,6,1
4816,2,9
4817,0,6
4818,0,6
4819,3,2
4820,7,5
4821,6,1
4822,8,4
4823,3,3
4824,2,9
4825,1,8
4826,2,9
4827,1,6
4828,0,6
4829,4,4
4830,2,9
4831,4,9
4832,2,7
4833,4,4
4834,7,8
4835,3,2
4836,3,3
4837,2,4
4838,4,4
4839,2,4
4840,2,7
4841,0,6
4842,2,7
4843,3,2
4844,7,5
4845,7,5
4846,1,2
4847,7,5
4848,6,8
4849,4,0
4850,3,3
4851,3,2
4852,4,0
4853,7,8
4854,4,0
4855,4,0
4856,6,2
4857,0,6
4858,6,7
4859,7,8
4860,1,8
4861,6,1
4862,7,8
4863,4,7
4864,1,3
4865,6,1
4866,2,3
4867,0,6
4868,1,3
4869,2,7
4870,4,0
4871,0,6
4872,6,1
4873,9,8
4874,2,4
4875,2,7
4876,2,7
4877,4,4
4878,3,3
4879,4,9
4880,3,2
4881,3,3
4882,0,6
4883,7,3
4884,6,1
4885,7,5
4886,0,6
4887,4,8
4888,2,7
4889,4,0
4890,2,4
4891,3,3
4892,4,0
4893,2,7
4894,2,9
4895,4,9
4896,2,4
4897,2,7
4898,3,3
4899,2,7
4900,6,1
4901,2,9
4902,2,9
4903,6,1
4904,2,7
4905,0,6
4906,4,0
4907,2,7
4908,6,5
4909,9,8
4910,0,6
4911,4,0
4912,2,9
4913,6,1
4914,5,2
4915,6,2
4916,2,9
4917,3,3
4918,0,0
4919,4,4
4920,6,1
4921,7,5
4922,0,6
4923,0,6
4924,6,1
4925,2,7
4926,4,0
4927,7,8
4928,2,7
4929,2,9
4930,0,6
4931,4,0
4932,2,9
4933,6,1
4934,0,6
4935,6,2
4936,2,9
4937,3,3
4938,3,2
4939,2,4
4940,7,5
4941,6,5
4942,6,1
4943,0,6
4944,6,1
4945,6,7
4946,2,7
4947,7,8
4948,7,5
4949,2,9
4950,6,1
4951,4,0
4952,4,4
4953,6,1
4954,2,4
4955,4,2
4956,3,3
4957,3,3
4958,6,1
4959,2,4
4960,6,1
4961,6,5
4962,4,0
4963,0,6
4964,2,7
4965,2,7
4966,1,3
4967,6,8
4968,1,9
4969,7,5
4970,2,1
4971,6,1
4972,6,1
4973,2,9
4974,8,5
4975,2,9
4976,6,1
4977,2,7
4978,6,1
4979,6,1
4980,0,6
4981,4,0
4982,6,8
4983,2,9
4984,2,7
4985,4,0
4986,1,2
4987,7,5
4988,1,3
4989,2,9
4990,0,6
4991,2,7
4992,7,8
4993,6,1
4994,4,0
4995,2,7
4996,1,3
4997,3,2
4998,6,1
4999,3,2
5000,9,7
5001,3,3
5002,2,4
5003,0,6
5004,6,1
5005,7,8
5006,6,1
5007,4,0
5008,2,9
5009,3,8
5010,4,0
5011,3,3
5012,6,1
5013,1,2
5014,2,7
5015,4,0
5016,3,2
5017,2,9
5018,0,6
5019,3,0
5020,6,1
5021,0,6
5022,1,7
5023,6,1
5024,2,9
5025,2,7
5026,0,6
5027,7,5
5028,7,5
5029,7,8
5030,6,8
5031,3,3
5032,8,4
5033,2,4
5034,3,8
5035,2,7
5036,3,3
5037,0,6
5038,2,4
5039,0,6
5040,0,6
5041,3,3
5042,8,8
5043,7,8
5044,2,9
5045,4,9
5046,2,4
5047,2,4
5048,4,0
5049,2,7
5050,6,8
5051,6,1
5052,9,0
5053,4,0
5054,6,1
5055,7,8
5056,7,5
5057,2,7
5058,6,1
5059,2,7
5060,7,5
5061,6,5
5062,2,9
5063,2,9
5064,4,4
5065,3,2
5066,7,5
5067,3,3
5068,4,7
5069,2,4
5070,0,6
5071,0,6
5072,0,0
5073,6,1
5074,4,0
5075,6,1
5076,3,2
5077,0,4
5078,8,8
5079,6,5
5080,1,3
5081,6,5
5082,4,0
5083,4,0
5084,1,6
5085,0,4
5086,3,3
5087,7,8
5088,1,3
5089,2,7
5090,6,1
5091,0,4
5092,3,3
5093,2,9
5094,6,2
5095,3,2
5096,4,0
5097,3,3
5098,0,6
5099,0,6
5100,2,7
5101,8,4
5102,7,3
5103,1,2
5104,3,2
5105,2,4
5106,4,9
5107,6,1
5108,4,0
5109,7,5
5110,1,2
5111,2,4
5112,6,8
5113,1,2
5114,6,1
5115,4,0
5116,6,8
5117,0,4
5118,2,4
5119,7,8
5120,4,0
5121,0,6
5122,2,4
5123,6,1
5124,6,4
5125,2,9
5126,4,6
5127,3,3
5128,6,1
5129,3,2
5130,2,9
5131,4,0
5132,6,1
5133,4,0
5134,2,4
5135,3,2
5136,4,9
5137,2,9
5138,0,4
5139,3,3
5140,7,8
5141,0,6
5142,2,9
5143,3,3
5144,4,0
5145,0,6
5146,2,7
5147,4,0
5148,6,3
5149,6,1
5150,2,4
5151,3,2
5152,5,3
5153,1,3
5154,0,0
5155,6,4
5156,1,2
5157,0,5
5158,6,5
5159,0,6
5160,3,3
5161,2,7
5162,3,2
5163,7,8
5164,7,5
5165,2,9
5166,3,2
5167,7,0
5168,6,1
5169,6,1
5170,7,8
5171,3,2
5172,2,9
5173,1,3
5174,2,1
5175,0,4
5176,6,1
5177,0,5
5178,2,7
5179,0,6
5180,0,4
5181,2,7
5182,2,7
5183,7,8
5184,3,3
5185,2,9
5186,7,3
5187,4,0
5188,8,5
5189,6,1
5190,3,3
5191,3,2
5192,4,0
5193,1,3
5194,5,0
5195,2,4
5196,4,0
5197,2,7
5198,4,4
5199,7,8
5200,6,8
5201,2,9
5202,4,0
5203,7,0
5204,6,1
5205,7,8
5206,2,7
5207,3,3
5208,2,9
5209,2,9
5210,7,5
5211,7,5
5212,2,9
5213,0,6
5214,2,7
5215,7,8
5216,1,2
5217,0,4
5218,0,6
5219,2,9
5220,7,8
5221,6,1
5222,0,6
5223,2,7
5224,2,9
5225,6,1
5226,0,6
5227,3,2
5228,4,0
5229,2,9
5230,0,6
5231,0,6
5232,6,2
5233,6,9
5234,6,1
5235,6,1
5236,6,2
5237,6,1
5238,1,3
5239,6,1
5240,3,5
5241,3,2
5242,6,7
5243,6,8
5244,4,0
5245,6,1
5246,4,0
5247,3,2
5248,1,8
5249,4,0
5250,3,2
5251,2,7
5252,3,3
5253,2,7
5254,7,5
5255,0,5
5256,6,1
5257,6,8
5258,3,2
5259,3,2
5260,8,6
5261,2,9
5262,6,1
5263,7,8
5264,2,7
5265,6,4
5266,4,0
5267,0,6
5268,4,0
5269,2,7
5270,1,3
5271,6,1
5272,4,0
5273,0,6
5274,0,6
5275,4,0
5276,2,9
5277,7,3
5278,0,4
5279,0,6
5280,2,7
5281,6,8
5282,2,9
5283,2,7
5284,1,3
5285,4,0
5286,4,0
5287,6,4
5288,4,0
5289,3,2
5290,0,6
5291,6,7
5292,8,5
5293,6,4
5294,0,6
5295,0,4
5296,8,8
5297,3,2
5298,0,0
5299,7,8
5300,2,7
5301,6,1
5302,4,7
5303,5,5
5304,6,1
5305,6,1
5306,6,2
5307,0,2
5308,2,7
5309,0,5
5310,0,6
5311,0,6
5312,2,7
5313,2,4
5314,3,2
5315,5,3
5316,4,9
5317,4,0
5318,3,2
5319,7,0
5320,4,9
5321,4,0
5322,2,4
5323,7,3
5324,2,4
5325,2,7
5326,2,7
5327,4,0
5328,6,3
5329,0,6
5330,4,0
5331,0,4
5332,1,3
5333,7,8
5334,0,6
5335,7,8
5336,6,1
5337,1,3
5338,8,8
5339,2,9
5340,4,0
5341,2,9
5342,4,0
5343,7,8
5344,4,0
5345,3,2
5346,6,8
5347,6,7
5348,7,8
5349,2,7
5350,2,9
5351,6,1
5352,2,7
5353,4,0
5354,3,3
5355,6,1
5356,2,4
5357,3,2
5358,3,3
5359,3,3
5360,7,8
5361,0,4
5362,2,9
5363,7,5
5364,0,6
5365,0,6
5366,4,4
5367,2,7
5368,4,0
5369,7,8
5370,1,3
5371,2,9
5372,8,8
5373,7,0
5374,0,6
5375,6,1
5376,7,8
5377,3,2
5378,7,5
5379,3,3
5380,1,2
5381,2,4
5382,7,5
5383,7,5
5384,4,6
5385,0,6
5386,2,9
5387,2,7
5388,7,3
5389,7,8
5390,6,9
5391,2,9
5392,3,3
5393,0,0
5394,8,8
5395,6,1
5396,6,3
5397,3,2
5398,4,0
5399,7,3
5400,6,2
5401,2,4
5402,4,9
5403,7,5
5404,2,9
5405,0,6
5406,4,4
5407,2,7
5408,6,3
5409,7,8
5410,0,4
5411,2,9
5412,1,3
5413,0,6
5414,6,5
5415,3,2
5416,2,7
5417,7,5
5418,7,8
5419,0,6
5420,3,2
5421,3,2
5422,1,7
5423,7,5
5424,7,5
5425,6,1
5426,2,9
5427,2,7
5428,6,1
5429,6,1
5430,4,8
5431,6,8
5432,1,3
5433,3,3
5434,3,3
5435,6,8
5436,1,2
5437,2,7
5438,3,2
5439,6,1
5440,8,5
5441,2,7
5442,1,3
5443,6,1
5444,2,4
5445,6,4
5446,2,7
5447,2,7
5448,1,7
5449,3,2
5450,6,4
5451,0,6
5452,7,5
5453,7,5
5454,6,9
5455,1,3
5456,8,5
5457,2,9
5458,1,3
5459,2,9
5460,7,8
5461,4,0
5462,4,0
5463,6,8
5464,4,0
5465,2,7
5466,8,6
5467,1,3
5468,4,0
5469,4,0
5470,3,0
5471,1,3
5472,6,7
5473,2,7
5474,8,8
5475,4,0
5476,6,8
5477,6,1
5478,2,9
5479,6,1
5480,3,2
5481,3,2
5482,2,4
5483,6,1
5484,6,1
5485,0,6
5486,0,6
5487,4,0
5488,4,0
5489,7,5
5490,2,4
5491,1,3
5492,2,9
5493,1,3
5494,6,1
5495,0,6
5496,2,7
5497,1,3
5498,4,0
5499,1,5
5500,6,1
5501,2,9
5502,4,0
5503,2,9
5504,2,7
5505,4,0
5506,7,5
5507,6,1
5508,6,2
5509,3,2
5510,7,3
5511,3,3
5512,4,0
5513,0,4
5514,4,0
5515,7,5
5516,2,1
5517,0,6
5518,2,9
5519,2,7
5520,6,1
5521,7,8
5522,2,9
5523,2,9
5524,0,6
5525,4,0
5526,8,5
5527,6,1
5528,6,2
5529,3,2
5530,6,1
5531,3,3
5532,2,9
5533,0,4
5534,7,8
5535,2,7
5536,5,8
5537,7,8
5538,6,9
5539,2,9
5540,2,7
5541,3,0
5542,3,3
5543,6,1
5544,2,9
5545,5,2
5546,2,7
5547,1,3
5548,3,8
5549,0,4
5550,8,5
5551,7,5
5552,6,1
5553,0,6
5554,7,6
5555,2,7
5556,0,6
5557,6,8
5558,2,9
5559,2,9
5560,4,0
5561,0,6
5562,7,3
5563,4,0
5564,6,7
5565,2,7
5566,0,6
5567,1,3
5568,2,7
5569,2,7
5570,6,1
5571,6,1
5572,4,9
5573,3,3
5574,6,8
5575,2,7
5576,0,6
5577,2,9
5578,1,3
5579,2,7
5580,4,4
5581,2,4
5582,6,1
5583,4,0
5584,2,7
5585,4,0
5586,0,6
5587,0,6
5588,1,3
5589,2,9
5590,8,4
5591,7,5
5592,2,9
5593,0,6
5594,8,8
5595,2,9
5596,2,7
5597,6,8
5598,7,5
5599,6,5
5600,0,6
5601,6,1
5602,1,2
5603,7,5
5604,4,0
5605,3,3
5606,7,5
5607,2,9
5608,4,0
5609,3,8
5610,6,1
5611,3,3
5612,4,0
5613,0,4
5614,2,9
5615,4,0
5616,6,3
5617,5,5
5618,3,2
5619,0,6
5620,7,5
5621,3,3
5622,4,0
5623,2,4
5624,6,2
5625,7,8
5626,2,7
5627,4,0
5628,6,8
5629,0,6
5630,8,1
5631,2,4
5632,8,6
5633,7,8
5634,4,6
5635,6,1
5636,2,4
5637,3,3
5638,6,2
5639,2,4
5640,3,3
5641,4,0
5642,5,3
5643,6,1
5644,6,1
5645,2,9
5646,4,0
5647,5,2
5648,6,1
5649,3,3
5650,6,7
5651,2,7
5652,2,7
5653,7,5
5654,0,6
5655,6,1
5656,3,2
5657,2,7
5658,2,9
5659,3,2
5660,3,3
5661,7,8
5662,4,0
5663,2,7
5664,6,9
5665,4,0
5666,7,5
5667,6,1
5668,7,5
5669,2,9
5670,3,8
5671,0,6
5672,2,9
5673,0,4
5674,4,0
5675,6,1
5676,6,7
5677,3,2
5678,8,5
5679,1,3
5680,8,8
5681,6,1
5682,0,6
5683,1,3
5684,4,6
5685,7,5
5686,0,6
5687,3,3
5688,7,5
5689,0,4
5690,4,0
5691,6,1
5692,4,0
5693,0,6
5694,4,0
5695,6,8
5696,7,8
5697,0,0
5698,4,0
5699,7,8
5700,6,2
5701,2,9
5702,7,3
5703,2,4
5704,2,9
5705,2,9
5706,6,2
5707,3,2
5708,6,1
5709,0,6
5710,1,3
5711,4,0
5712,7,5
5713,6,1
5714,6,1
5715,3,2
5716,6,7
5717,3,3
5718,2,9
5719,7,5
5720,0,4
5721,0,6
5722,3,2
5723,2,7
5724,3,2
5725,6,8
5726,2,9
5727,2,9
5728,5,3
5729,4,0
5730,4,0
5731,6,1
5732,6,1
5733,3,2
5734,2,4
5735,0,4
5736,1,3
5737,7,5
5738,7,3
5739,0,6
5740,7,9
5741,2,7
5742,8,5
5743,6,8
5744,1,2
5745,6,9
5746,2,9
5747,4,0
5748,5,3
5749,6,1
5750,0,6
5751,0,2
5752,8,5
5753,3,3
5754,2,7
5755,0,4
5756,6,1
5757,7,5
5758,1,2
5759,0,6
5760,6,1
5761,2,7
5762,4,2
5763,7,8
5764,2,4
5765,2,9
5766,0,6
5767,4,0
5768,6,7
5769,2,7
5770,7,3
5771,7,5
5772,0,6
5773,1,0
5774,1,6
5775,6,8
5776,7,5
5777,0,4
5778,2,7
5779,6,1
5780,0,6
5781,6,8
5782,0,6
5783,7,8
5784,2,7
5785,6,1
5786,2,7
5787,7,3
5788,1,3
5789,6,1
5790,0,2
5791,6,8
5792,2,4
5793,3,3
5794,4,9
5795,2,7
5796,4,4
5797,2,9
5798,7,3
5799,3,3
5800,4,8
5801,4,0
5802,4,6
5803,2,9
5804,4,6
5805,0,4
5806,2,9
5807,0,4
5808,4,0
5809,4,0
5810,0,6
5811,2,7
5812,3,3
5813,0,4
5814,6,1
5815,6,2
5816,6,2
5817,2,9
5818,2,7
5819,6,8
5820,1,3
5821,6,7
5822,2,4
5823,3,2
5824,6,1
5825,2,7
5826,6,6
5827,7,8
5828,7,5
5829,2,9
5830,4,0
5831,7,3
5832,0,6
5833,6,1
5834,6,1
5835,0,4
5836,4,9
5837,0,6
5838,3,3
5839,7,5
5840,6,1
5841,3,2
5842,6,1
5843,3,2
5844,4,0
5845,6,2
5846,0,6
5847,6,5
5848,0,6
5849,0,6
5850,6,1
5851,2,7
5852,3,3
5853,6,8
5854,2,4
5855,2,7
5856,7,5
5857,7,5
5858,3,3
5859,6,1
5860,2,9
5861,0,6
5862,6,1
5863,2,4
5864,6,1
5865,2,9
5866,7,5
5867,0,2
5868,4,9
5869,2,9
5870,3,3
5871,3,3
5872,8,5
5873,6,5
5874,2,9
5875,7,3
5876,6,1
5877,0,6
5878,2,9
5879,0,6
5880,2,4
5881,4,0
5882,6,1
5883,4,0
5884,4,0
5885,3,2
5886,4,0
5887,7,5
5888,4,0
5889,0,6
5890,3,2
5891,0,4
5892,2,9
5893,2,9
5894,3,8
5895,3,2
5896,2,8
5897,2,7
5898,6,9
5899,0,4
5900,3,2
5901,6,9
5902,3,2
5903,6,1
5904,8,5
5905,0,0
5906,2,7
5907,0,2
5908,3,2
5909,3,2
5910,0,6
5911,3,3
5912,6,7
5913,0,6
5914,6,2
5915,6,1
5916,7,8
5917,6,8
5918,4,9
5919,3,3
5920,0,6
5921,0,0
5922,3,3
5923,3,3
5924,2,9
5925,7,5
5926,1,3
5927,7,0
5928,1,2
5929,4,0
5930,6,1
5931,0,6
5932,4,0
5933,6,1
5934,8,5
5935,0,6
5936,2,4
5937,2,9
5938,4,0
5939,7,5
5940,2,9
5941,3,3
5942,3,3
5943,2,9
5944,2,4
5945,0,4
5946,2,7
5947,7,5
5948,0,6
5949,7,8
5950,6,1
5951,0,6
5952,1,2
5953,2,7
5954,2,4
5955,6,1
5956,0,6
5957,6,1
5958,7,3
5959,2,7
5960,0,4
5961,4,0
5962,0,6
5963,6,1
5964,2,9
5965,1,2
5966,6,1
5967,1,3
5968,2,7
5969,2,4
5970,1,3
5971,0,5
5972,1,8
5973,0,6
5974,6,3
5975,2,7
5976,2,7
5977,7,8
5978,4,0
5979,2,9
5980,3,3
5981,1,0
5982,4,4
5983,6,1
5984,7,5
5985,1,2
5986,6,7
5987,1,3
5988,1,2
5989,2,4
5990,0,6
5991,7,5
5992,2,9
5993,0,6
5994,6,1
5995,2,7
5996,0,6
5997,7,8
5998,0,6
5999,2,9
6000,0,6
6001,4,0
6002,6,1
6003,6,1
6004,7,5
6005,3,2
6006,4,8
6007,1,3
6008,4,0
6009,2,4
6010,2,9
6011,7,5
6012,1,2
6013,0,6
6014,6,7
6015,2,7
6016,1,3
6017,1,8
6018,8,5
6019,2,9
6020,6,1
6021,6,1
6022,8,8
6023,1,0
6024,0,6
6025,0,4
6026,6,5
6027,7,5
6028,0,4
6029,0,6
6030,7,8
6031,0,6
6032,3,3
6033,1,3
6034,4,0
6035,2,4
6036,2,9
6037,2,4
6038,3,2
6039,1,2
6040,3,3
6041,7,8
6042,4,9
6043,6,1
6044,3,2
6045,4,0
6046,6,7
6047,0,6
6048,3,3
6049,0,4
6050,1,7
6051,2,9
6052,6,1
6053,2,7
6054,2,7
6055,3,2
6056,3,2
6057,1,3
6058,2,4
6059,1,3
6060,5,2
6061,2,9
6062,6,1
6063,3,2
6064,2,7
6065,4,0
6066,7,8
6067,2,9
6068,8,5
6069,3,3
6070,6,1
6071,1,3
6072,6,8
6073,2,9
6074,2,9
6075,6,1
6076,4,0
6077,7,5
6078,2,9
6079,3,2
6080,3,2
6081,1,3
6082,6,1
6083,6,1
6084,4,9
6085,0,6
6086,8,5
6087,2,7
6088,2,7
6089,3,3
6090,0,6
6091,2,7
6092,2,9
6093,7,8
6094,4,0
6095,0,4
6096,7,5
6097,5,0
6098,1,3
6099,1,2
6100,1,9
6101,2,4
6102,7,6
6103,4,0
6104,6,1
6105,1,2
6106,7,3
6107,2,4
6108,6,1
6109,2,7
6110,6,1
6111,7,8
6112,7,5
6113,4,0
6114,3,2
6115,2,7
6116,6,1
6117,4,0
6118,7,3
6119,0,6
6120,4,4
6121,2,9
6122,6,1
6123,1,3
6124,6,2
6125,1,2
6126,3,2
6127,2,4
6128,0,4
6129,7,8
6130,6,7
6131,0,6
6132,6,7
6133,4,0
6134,2,7
6135,6,1
6136,6,8
6137,1,0
6138,1,2
6139,0,6
6140,2,7
6141,2,7
6142,6,1
6143,3,2
6144,6,2
6145,2,9
6146,4,0
6147,2,7
6148,1,3
6149,2,9
6150,0,6
6151,7,5
6152,7,8
6153,7,8
6154,2,4
6155,2,9
6156,2,9
6157,0,6
6158,7,8
6159,0,6
6160,2,4
6161,3,2
6162,4,9
6163,7,8
6164,2,9
6165,6,1
6166,2,9
6167,2,7
6168,1,2
6169,7,5
6170,1,3
6171,7,5
6172,6,2
6173,2,7
6174,2,9
6175,5,3
6176,2,7
6177,7,5
6178,0,6
6179,4,0
6180,7,5
6181,6,1
6182,5,3
6183,6,1
6184,8,4
6185,1,3
6186,6,1
6187,1,8
6188,8,5
6189,2,4
6190,3,2
6191,2,9
6192,6,1
6193,0,4
6194,0,6
6195,7,5
6196,8,8
6197,6,1
6198,7,5
6199,7,8
6200,7,5
6201,0,6
6202,2,7
6203,7,8
6204,3,2
6205,2,9
6206,6,1
6207,4,0
6208,6,1
6209,6,1
6210,4,4
6211,5,2
6212,6,2
6213,1,3
6214,7,8
6215,0,4
6216,3,3
6217,7,5
6218,8,4
6219,0,6
6220,0,4
6221,2,7
6222,6,2
6223,7,8
6224,2,7
6225,2,9
6226,6,1
6227,4,0
6228,4,0
6229,6,1
6230,3,3
6231,0,2
6232,6,1
6233,1,3
6234,2,9
6235,0,4
6236,8,6
6237,7,5
6238,4,9
6239,0,6
6240,7,8
6241,2,7
6242,7,8
6243,7,8
6244,6,1
6245,4,0
6246,8,6
6247,6,1
6248,2,7
6249,5,2
6250,6,7
6251,1,3
6252,6,2
6253,0,4
6254,6,1
6255,7,5
6256,4,4
6257,0,6
6258,4,4
6259,2,7
6260,2,4
6261,7,8
6262,6,1
6263,2,9
6264,8,5
6265,0,6
6266,0,6
6267,0,6
6268,2,4
6269,1,3
6270,1,2
6271,0,4
6272,2,9
6273,3,2
6274,7,5
6275,7,8
6276,7,5
6277,6,1
6278,2,7
6279,4,0
6280,2,7
6281,0,6
6282,1,3
6283,2,4
6284,2,8
6285,2,9
6286,3,3
6287,2,7
6288,7,8
6289,5,2
6290,8,5
6291,1,3
6292,4,0
6293,1,3
6294,2,9
6295,2,9
6296,4,0
6297,1,3
6298,1,3
6299,1,3
6300,8,5
6301,2,9
6302,4,0
6303,6,1
6304,2,7
6305,7,5
6306,4,9
6307,1,2
6308,2,4
6309,1,3
6310,2,9
6311,6,1
6312,2,4
6313,0,6
6314,4,4
6315,2,7
6316,4,0
6317,1,3
6318,6,1
6319,2,7
6320,4,0
6321,7,8
6322,7,8
6323,0,4
6324,7,5
6325,0,0
6326,4,0
6327,5,2
6328,6,1
6329,0,4
6330,4,0
6331,4,0
6332,4,0
6333,2,7
6334,2,9
6335,7,8
6336,2,4
6337,4,0
6338,0,6
6339,2,7
6340,3,3
6341,4,0
6342,1,3
6343,0,6
6344,3,2
6345,9,9
6346,6,5
6347,1,3
6348,6,2
6349,3,2
6350,1,3
6351,0,4
6352,8,5
6353,7,8
6354,3,8
6355,0,6
6356,6,1
6357,4,0
6358,2,7
6359,7,5
6360,6,2
6361,2,7
6362,9,3
6363,7,5
6364,7,8
6365,6,1
6366,6,1
6367,4,0
6368,7,9
6369,7,8
6370,8,5
6371,6,1
6372,6,1
6373,0,6
6374,8,5
6375,2,7
6376,2,9
6377,5,2
6378,1,7
6379,2,9
6380,6,1
6381,2,7
6382,2,9
6383,2,9
6384,6,1
6385,7,5
6386,6,2
6387,0,6
6388,0,6
6389,7,5
6390,6,8
6391,1,2
6392,0,6
6393,0,6
6394,4,0
6395,6,1
6396,0,6
6397,2,7
6398,6,3
6399,7,5
6400,4,0
6401,7,5
6402,0,6
6403,2,7
6404,8,8
6405,1,3
6406,4,0
6407,7,5
6408,6,1
6409,4,0
6410,1,3
6411,6,1
6412,7,5
6413,6,1
6414,1,2
6415,1,3
6416,1,3
6417,7,8
6418,8,5
6419,6,1
6420,5,3
6421,4,0
6422,4,0
6423,6,1
6424,4,4
6425,3,2
6426,8,5
6427,1,3
6428,5,3
6429,2,4
6430,7,3
6431,7,5
6432,6,7
6433,0,6
6434,8,5
6435,2,7
6436,6,1
6437,7,8
6438,2,9
6439,2,9
6440,1,3
6441,4,0
6442,3,2
6443,6,1
6444,4,0
6445,3,2
6446,4,0
6447,3,3
6448,0,4
6449,2,4
6450,5,3
6451,6,5
6452,0,6
6453,0,6
6454,2,4
6455,6,7
6456,0,6
6457,7,8
6458,6,1
6459,2,9
6460,2,9
6461,0,0
6462,4,4
6463,6,1
6464,6,6
6465,6,2
6466,3,2
6467,7,3
6468,4,0
6469,2,4
6470,7,8
6471,6,5
6472,7,5
6473,0,6
6474,0,6
6475,2,7
6476,2,7
6477,6,8
6478,6,2
6479,2,9
6480,3,2
6481,2,7
6482,0,6
6483,2,4
6484,4,4
6485,2,7
6486,8,6
6487,2,7
6488,6,1
6489,3,3
6490,2,4
6491,2,9
6492,6,2
6493,7,8
6494,6,2
6495,6,8
6496,4,0
6497,1,3
6498,7,8
6499,6,1
6500,6,3
6501,6,5
6502,4,0
6503,7,8
6504,3,5
6505,3,2
6506,8,8
6507,2,7
6508,7,8
6509,0,6
6510,2,7
6511,6,1
6512,1,8
6513,7,5
6514,2,9
6515,3,2
6516,3,3
6517,0,6
6518,9,9
6519,2,4
6520,7,9
6521,6,1
6522,3,3
6523,7,8
6524,8,5
6525,2,7
6526,0,6
6527,7,5
6528,2,7
6529,7,5
6530,6,1
6531,6,1
6532,2,4
6533,6,8
6534,6,8
6535,2,9
6536,4,4
6537,6,1
6538,4,0
6539,1,3
6540,6,2
6541,0,6
6542,2,9
6543,1,3
6544,6,8
6545,3,3
6546,6,4
6547,3,2
6548,0,6
6549,3,2
6550,2,7
6551,0,6
6552,2,4
6553,0,6
6554,6,1
6555,7,5
6556,2,4
6557,7,5
6558,6,1
6559,3,3
6560,2,4
6561,3,3
6562,0,6
6563,7,8
6564,2,9
6565,6,1
6566,2,7
6567,0,6
6568,6,1
6569,7,5
6570,6,1
6571,0,6
6572,0,6
6573,6,8
6574,0,6
6575,6,1
6576,5,3
6577,2,9
6578,0,6
6579,2,7
6580,7,8
6581,0,6
6582,8,8
6583,6,8
6584,7,3
6585,7,3
6586,6,1
6587,2,7
6588,2,9
6589,2,9
6590,2,7
6591,4,0
6592,1,3
6593,4,0
6594,7,3
6595,3,3
6596,0,4
6597,2,7
6598,2,4
6599,2,9
6600,2,7
6601,7,3
6602,0,6
6603,4,0
6604,3,8
6605,6,2
6606,6,8
6607,4,0
6608,8,4
6609,6,1
6610,7,5
6611,4,0
6612,1,3
6613,6,1
6614,4,0
6615,4,0
6616,2,7
6617,6,1
6618,2,8
6619,4,0
6620,6,8
6621,2,4
6622,6,8
6623,2,7
6624,3,2
6625,2,9
6626,3,2
6627,3,2
6628,6,2
6629,4,0
6630,4,0
6631,0,6
6632,3,3
6633,5,2
6634,2,9
6635,0,6
6636,6,5
6637,6,2
6638,0,6
6639,3,2
6640,6,1
6641,2,9
6642,6,2
6643,2,9
6644,8,5
6645,4,0
6646,8,5
6647,6,1
6648,4,0
6649,3,2
6650,2,7
6651,3,3
6652,2,4
6653,0,4
6654,6,1
6655,7,5
6656,2,4
6657,0,6
6658,4,3
6659,7,8
6660,4,5
6661,2,9
6662,1,3
6663,4,0
6664,4,5
6665,6,1
6666,2,7
6667,1,3
6668,1,9
6669,2,4
6670,8,6
6671,7,5
6672,2,4
6673,0,6
6674,8,4
6675,2,7
6676,4,0
6677,7,8
6678,6,1
6679,2,9
6680,7,5
6681,4,0
6682,6,1
6683,6,1
6684,4,0
6685,6,2
6686,6,7
6687,3,3
6688,2,7
6689,2,4
6690,0,6
6691,7,5
6692,0,6
6693,0,6
6694,2,9
6695,2,7
6696,2,7
6697,6,8
6698,6,1
6699,2,9
6700,4,0
6701,6,1
6702,6,1
6703,6,8
6704,4,0
6705,0,6
6706,7,3
6707,2,7
6708,0,0
6709,6,1
6710,7,3
6711,7,3
6712,8,5
6713,2,7
6714,2,4
6715,2,7
6716,2,4
6717,2,9
6718,6,1
6719,3,3
6720,0,6
6721,0,6
6722,2,7
6723,4,0
6724,2,4
6725,1,2
6726,4,6
6727,0,6
6728,7,8
6729,0,4
6730,4,0
6731,6,8
6732,0,6
6733,0,4
6734,2,9
6735,6,5
6736,6,1
6737,4,0
6738,4,0
6739,3,3
6740,2,7
6741,2,9
6742,0,6
6743,6,2
6744,7,8
6745,6,1
6746,7,8
6747,6,1
6748,6,1
6749,6,5
6750,3,3
6751,2,9
6752,2,7
6753,0,4
6754,1,3
6755,9,2
6756,2,7
6757,4,0
6758,4,0
6759,2,4
6760,3,8
6761,2,4
6762,3,3
6763,4,0
6764,3,2
6765,2,9
6766,5,3
6767,0,6
6768,4,0
6769,2,9
6770,6,7
6771,6,2
6772,7,5
6773,3,2
6774,7,8
6775,6,1
6776,8,5
6777,2,7
6778,2,4
6779,2,9
6780,3,2
6781,7,5
6782,8,5
6783,6,1
6784,1,3
6785,6,1
6786,7,5
6787,2,9
6788,7,8
6789,0,6
6790,2,9
6791,4,0
6792,7,8
6793,6,1
6794,2,4
6795,8,8
6796,0,6
6797,6,4
6798,2,4
6799,0,6
6800,0,6
6801,7,8
6802,4,0
6803,6,8
6804,2,4
6805,3,2
6806,6,8
6807,0,6
6808,2,8
6809,6,3
6810,2,4
6811,6,2
6812,2,4
6813,2,9
6814,7,8
6815,3,2
6816,6,8
6817,6,4
6818,2,7
6819,4,0
6820,2,9
6821,2,9
6822,6,1
6823,4,0
6824,2,7
6825,6,3
6826,7,3
6827,3,3
6828,0,6
6829,7,5
6830,7,5
6831,6,8
6832,4,0
6833,2,4
6834,6,1
6835,2,7
6836,7,5
6837,0,6
6838,2,9
6839,6,2
6840,4,5
6841,6,2
6842,2,9
6843,2,7
6844,8,3
6845,2,7
6846,6,2
6847,4,0
6848,4,5
6849,7,5
6850,2,9
6851,6,1
6852,7,5
6853,6,5
6854,0,6
6855,3,3
6856,1,3
6857,4,0
6858,6,3
6859,1,1
6860,3,2
6861,6,2
6862,2,7
6863,7,3
6864,6,1
6865,0,4
6866,2,7
6867,7,5
6868,7,5
6869,0,6
6870,6,1
6871,2,7
6872,2,9
6873,7,8
6874,8,6
6875,4,0
6876,0,6
6877,6,1
6878,2,7
6879,2,4
6880,6,1
6881,2,7
6882,2,7
6883,4,0
6884,7,5
6885,1,1
6886,2,9
6887,2,4
6888,7,5
6889,2,7
6890,4,4
6891,7,8
6892,3,3
6893,2,9
6894,3,3
6895,0,6
6896,4,8
6897,7,8
6898,1,3
6899,3,2
6900,6,1
6901,2,4
6902,2,7
6903,0,6
6904,6,3
6905,0,8
6906,5,3
6907,0,6
6908,2,7
6909,0,6
6910,6,2
6911,2,7
6912,3,3
6913,6,1
6914,2,7
6915,2,7
6916,0,8
6917,4,0
6918,9,9
6919,3,2
6920,5,3
6921,5,2
6922,2,9
6923,4,0
6924,6,8
6925,6,1
6926,6,1
6927,0,6
6928,4,0
6929,6,5
6930,8,6
6931,6,1
6932,2,7
6933,1,2
6934,4,9
6935,4,0
6936,7,5
6937,6,2
6938,7,8
6939,1,3
6940,7,8
6941,4,4
6942,3,8
6943,7,8
6944,1,2
6945,5,3
6946,6,1
6947,2,7
6948,1,2
6949,2,4
6950,2,9
6951,6,1
6952,7,8
6953,2,7
6954,0,6
6955,2,4
6956,2,7
6957,7,8
6958,4,0
6959,3,3
6960,4,0
6961,2,9
6962,4,8
6963,0,6
6964,2,9
6965,2,7
6966,3,3
6967,4,0
6968,4,0
6969,2,9
6970,1,0
6971,0,6
6972,4,0
6973,4,0
6974,6,2
6975,0,6
6976,3,8
6977,6,1
6978,7,5
6979,4,0
6980,4,5
6981,7,5
6982,0,6
6983,6,5
6984,8,5
6985,6,1
6986,2,7
6987,4,0
6988,8,5
6989,6,1
6990,2,4
6991,3,0
6992,6,2
6993,2,9
6994,7,8
6995,2,4
6996,2,4
6997,7,5
6998,6,1
6999,2,9
7000,8,8
7001,2,7
7002,4,4
7003,4,0
7004,4,0
7005,1,2
7006,1,9
7007,6,1
7008,0,6
7009,2,4
7010,2,7
7011,2,4
7012,4,0
7013,2,9
7014,3,2
7015,0,6
7016,2,9
7017,2,7
7018,4,0
7019,2,4
7020,6,1
7021,6,8
7022,6,1
7023,2,9
7024,7,5
7025,4,0
7026,4,8
7027,6,1
7028,2,7
7029,3,2
7030,1,3
7031,3,3
7032,7,5
7033,2,7
7034,7,8
7035,6,8
7036,2,4
7037,4,0
7038,4,0
7039,6,1
7040,6,1
7041,3,2
7042,4,8
7043,3,3
7044,8,5
7045,2,4
7046,1,3
7047,6,5
7048,6,8
7049,0,6
7050,4,0
7051,6,8
7052,4,0
7053,2,9
7054,2,7
7055,4,0
7056,2,9
7057,6,1
7058,6,3
7059,2,7
7060,6,1
7061,6,9
7062,4,0
7063,0,6
7064,0,6
7065,3,3
7066,4,0
7067,3,3
7068,7,5
7069,2,9
7070,2,9
7071,2,9
7072,3,2
7073,6,5
7074,1,1
7075,6,1
7076,3,8
7077,2,4
7078,6,1
7079,3,2
7080,3,3
7081,7,5
7082,6,2
7083,2,4
7084,6,1
7085,2,7
7086,0,6
7087,6,9
7088,1,2
7089,6,1
7090,4,4
7091,6,5
7092,2,7
7093,3,2
7094,2,9
7095,0,6
7096,0,6
7097,3,3
7098,4,9
7099,2,7
7100,2,4
7101,6,8
7102,0,6
7103,7,5
7104,0,6
7105,6,1
7106,1,3
7107,3,2
7108,2,9
7109,0,6
7110,2,9
7111,0,6
7112,6,5
7113,2,7
7114,8,5
7115,6,8
7116,6,1
7117,6,8
7118,2,9
7119,6,1
7120,8,4
7121,6,8
7122,8,8
7123,3,3
7124,2,4
7125,6,7
7126,0,6
7127,4,0
7128,4,0
7129,4,0
7130,4,0
7131,6,1
7132,3,3
7133,7,5
7134,3,3
7135,4,0
7136,3,8
7137,7,5
7138,6,1
7139,3,2
7140,3,2
7141,6,8
7142,9,8
7143,4,0
7144,8,5
7145,2,4
7146,3,2
7147,3,3
7148,2,9
7149,6,1
7150,3,3
7151,6,8
7152,4,4
7153,3,2
7154,4,5
7155,2,9
7156,3,3
7157,6,9
7158,4,0
7159,7,5
7160,1,1
7161,3,2
7162,1,3
7163,0,6
7164,4,0
7165,7,5
7166,2,4
7167,2,7
7168,3,8
7169,6,1
7170,1,2
7171,2,9
7172,5,5
7173,6,7
7174,6,7
7175,6,1
7176,6,1
7177,3,2
7178,2,4
7179,0,6
7180,2,9
7181,4,0
7182,6,8
7183,0,0
7184,4,8
7185,6,1
7186,2,4
7187,6,2
7188,6,1
7189,6,3
7190,8,8
7191,0,4
7192,1,3
7193,7,5
7194,2,9
7195,0,6
7196,6,2
7197,2,7
7198,2,9
7199,6,8
7200,2,9
7201,2,9
7202,0,6
7203,7,0
7204,2,4
7205,6,1
7206,0,6
7207,6,2
7208,2,9
7209,7,3
7210,2,7
7211,6,4
7212,0,6
7213,2,7
7214,6,3
7215,6,8
7216,7,5
7217,6,9
7218,3,8
7219,3,0
7220,0,6
7221,6,1
7222,6,1
7223,6,2
7224,0,6
7225,6,3
7226,6,7
7227,6,4
7228,6,8
7229,6,7
7230,0,6
7231,6,8
7232,7,5
7233,6,9
7234,6,1
7235,7,5
7236,2,7
7237,6,1
7238,7,5
7239,6,9
7240,6,1
7241,2,9
7242,3,2
7243,0,0
7244,8,5
7245,6,9
7246,7,5
7247,4,0
7248,2,4
7249,6,5
7250,1,3
7251,6,9
7252,2,9
7253,6,1
7254,4,0
7255,2,7
7256,4,9
7257,3,2
7258,2,9
7259,6,2
7260,6,5
7261,3,3
7262,1,2
7263,3,3
7264,2,9
7265,6,2
7266,3,2
7267,4,0
7268,0,6
7269,2,9
7270,8,5
7271,4,0
7272,4,0
7273,0,6
7274,2,9
7275,6,1
7276,8,5
7277,2,7
7278,6,7
7279,6,5
7280,4,4
7281,4,0
7282,2,4
7283,7,3
7284,6,7
7285,0,4
7286,4,0
7287,6,7
7288,1,3
7289,0,6
7290,6,8
7291,0,6
7292,1,2
7293,7,3
7294,4,6
7295,7,3
7296,2,4
7297,6,8
7298,0,6
7299,6,4
7300,7,8
7301,2,7
7302,7,5
7303,6,1
7304,6,7
7305,4,0
7306,2,7
7307,6,8
7308,6,8
7309,2,7
7310,2,9
7311,6,5
7312,2,9
7313,3,2
7314,2,7
7315,6,1
7316,7,8
7317,6,1
7318,4,0
7319,6,4
7320,6,8
7321,7,5
7322,1,3
7323,7,5
7324,6,1
7325,4,0
7326,3,2
7327,2,4
7328,7,8
7329,6,8
7330,6,1
7331,2,7
7332,3,3
7333,6,4
7334,2,7
7335,6,9
7336,1,3
7337,6,2
7338,4,0
7339,3,3
7340,2,7
7341,0,6
7342,0,6
7343,0,4
7344,6,2
7345,6,1
7346,7,5
7347,6,2
7348,2,7
7349,6,1
7350,6,4
7351,7,5
7352,2,7
7353,3,2
7354,5,5
7355,4,0
7356,7,8
7357,0,4
7358,4,0
7359,6,8
7360,6,2
7361,0,6
7362,2,7
7363,6,1
7364,4,0
7365,6,9
7366,2,4
7367,7,3
7368,7,5
7369,3,2
7370,6,2
7371,4,0
7372,4,0
7373,4,0
7374,1,5
7375,3,2
7376,7,8
7377,7,5
7378,4,0
7379,0,6
7380,6,7
7381,6,9
7382,8,5
7383,3,3
7384,6,7
7385,0,6
7386,2,7
7387,3,3
7388,2,7
7389,0,6
7390,8,5
7391,4,0
7392,3,2
7393,6,1
7394,5,2
7395,6,2
7396,3,3
7397,3,3
7398,0,6
7399,2,4
7400,2,8
7401,0,6
7402,6,1
7403,2,7
7404,6,1
7405,7,8
7406,6,1
7407,2,9
7408,3,2
7409,4,0
7410,6,1
7411,6,1
7412,7,3
7413,6,2
7414,6,2
7415,7,3
7416,2,9
7417,2,4
7418,2,7
7419,7,5
7420,6,7
7421,6,1
7422,6,3
7423,2,7
7424,6,1
7425,6,8
7426,0,4
7427,4,0
7428,3,2
7429,6,1
7430,7,9
7431,6,2
7432,6,2
7433,3,3
7434,0,6
7435,6,1
7436,7,8
7437,2,7
7438,1,7
7439,3,8
7440,6,1
7441,4,8
7442,2,4
7443,7,5
7444,7,5
7445,2,7
7446,2,7
7447,2,9
7448,8,5
7449,7,5
7450,7,8
7451,4,0
7452,8,6
7453,7,8
7454,6,1
7455,3,3
7456,0,6
7457,7,5
7458,4,0
7459,2,4
7460,0,6
7461,6,8
7462,4,0
7463,3,3
7464,2,4
7465,4,0
7466,1,0
7467,3,2
7468,2,9
7469,6,1
7470,6,7
7471,4,0
7472,6,1
7473,6,2
7474,2,9
7475,7,5
7476,6,2
7477,7,8
7478,2,9
7479,4,8
7480,7,5
7481,7,5
7482,8,5
7483,3,3
7484,3,2
7485,4,0
7486,1,2
7487,2,4
7488,7,8
7489,2,4
7490,0,6
7491,6,1
7492,2,9
7493,0,6
7494,2,7
7495,6,1
7496,6,1
7497,7,3
7498,6,5
7499,0,0
7500,6,2
7501,3,3
7502,2,4
7503,0,6
7504,0,6
7505,2,9
7506,4,0
7507,3,3
7508,3,8
7509,2,7
7510,3,2
7511,2,9
7512,4,8
7513,2,7
7514,1,8
7515,4,0
7516,0,6
7517,2,4
7518,6,9
7519,6,8
7520,3,2
7521,3,3
7522,0,6
7523,3,2
7524,6,1
7525,2,7
7526,2,4
7527,2,7
7528,6,2
7529,2,9
7530,6,7
7531,7,5
7532,6,1
7533,6,1
7534,2,7
7535,3,5
7536,6,1
7537,3,2
7538,2,9
7539,6,8
7540,3,8
7541,2,9
7542,6,1
7543,0,6
7544,0,6
7545,2,9
7546,3,5
7547,2,7
7548,4,0
7549,0,6
7550,7,8
7551,2,4
7552,4,0
7553,6,1
7554,3,2
7555,6,2
7556,3,3
7557,4,0
7558,1,1
7559,0,6
7560,0,4
7561,6,1
7562,0,6
7563,6,1
7564,4,6
7565,2,7
7566,4,0
7567,6,2
7568,2,7
7569,3,3
7570,8,8
7571,0,6
7572,6,1
7573,2,4
7574,6,1
7575,7,8
7576,1,2
7577,0,6
7578,2,4
7579,2,4
7580,0,6
7581,0,6
7582,1,3
7583,3,5
7584,8,3
7585,4,0
7586,7,8
7587,3,2
7588,6,1
7589,1,0
7590,3,3
7591,7,5
7592,8,5
7593,0,6
7594,3,2
7595,3,5
7596,4,4
7597,1,0
7598,0,6
7599,6,1
7600,3,3
7601,6,2
7602,1,9
7603,6,1
7604,7,8
7605,2,7
7606,6,8
7607,4,8
7608,2,7
7609,6,1
7610,2,7
7611,2,4
7612,1,2
7613,3,3
7614,1,2
7615,6,2
7616,2,7
7617,4,8
7618,3,3
7619,6,2
7620,6,9
7621,2,7
7622,1,1
7623,2,9
7624,6,2
7625,3,3
7626,1,3
7627,2,9
7628,6,2
7629,7,0
7630,6,1
7631,6,1
7632,6,1
7633,3,2
7634,3,3
7635,7,3
7636,6,8
7637,0,4
7638,6,8
7639,6,5
7640,7,5
7641,0,6
7642,6,8
7643,2,7
7644,2,7
7645,6,8
7646,3,2
7647,2,9
7648,4,0
7649,3,0
7650,6,1
7651,6,1
7652,2,4
7653,5,2
7654,3,2
7655,3,3
7656,6,1
7657,2,4
7658,6,1
7659,6,5
7660,3,3
7661,0,6
7662,0,6
7663,6,7
7664,4,0
7665,6,8
7666,1,3
7667,2,9
7668,6,1
7669,3,0
7670,7,5
7671,6,1
7672,3,3
7673,0,2
7674,3,8
7675,7,3
7676,2,9
7677,0,4
7678,8,3
7679,2,7
7680,2,9
7681,3,8
7682,4,8
7683,2,9
7684,0,6
7685,4,0
7686,2,7
7687,7,0
7688,6,2
7689,6,1
7690,2,9
7691,4,0
7692,2,3
7693,6,1
7694,6,7
7695,3,2
7696,6,1
7697,6,7
7698,3,3
7699,0,5
7700,0,6
7701,3,3
7702,2,9
7703,2,4
7704,6,8
7705,2,4
7706,3,2
7707,0,0
7708,4,0
7709,4,0
7710,4,0
7711,0,6
7712,3,8
7713,2,9
7714,2,9
7715,0,6
7716,6,1
7717,0,6
7718,0,6
7719,3,2
7720,1,1
7721,3,3
7722,2,4
7723,2,4
7724,0,6
7725,2,4
7726,0,4
7727,2,9
7728,4,0
7729,6,1
7730,2,7
7731,2,7
7732,6,2
7733,2,9
7734,2,4
7735,0,5
7736,6,2
7737,2,7
7738,7,5
7739,6,5
7740,8,5
7741,0,6
7742,2,9
7743,3,2
7744,0,6
7745,3,3
7746,6,1
7747,6,1
7748,6,1
7749,0,4
7750,6,8
7751,0,4
7752,6,1
7753,0,0
7754,2,7
7755,2,9
7756,2,9
7757,2,9
7758,6,2
7759,0,6
7760,3,2
7761,6,1
7762,8,3
7763,6,8
7764,6,1
7765,7,3
7766,3,3
7767,5,3
7768,8,8
7769,6,7
7770,6,7
7771,7,3
7772,6,2
7773,2,9
7774,2,9
7775,6,8
7776,3,2
7777,6,8
7778,3,3
7779,0,4
7780,3,2
7781,6,7
7782,6,2
7783,6,7
7784,1,3
7785,0,6
7786,4,0
7787,6,2
7788,6,1
7789,6,1
7790,1,2
7791,6,9
7792,3,2
7793,3,8
7794,3,3
7795,6,7
7796,1,2
7797,6,8
7798,2,9
7799,6,8
7800,5,3
7801,3,2
7802,7,5
7803,3,3
7804,2,4
7805,2,9
7806,6,1
7807,3,0
7808,6,7
7809,2,7
7810,6,8
7811,2,9
7812,2,9
7813,3,0
7814,1,8
7815,0,6
7816,4,0
7817,0,4
7818,3,2
7819,6,1
7820,7,5
7821,6,1
7822,2,9
7823,3,2
7824,3,8
7825,6,8
7826,2,4
7827,3,2
7828,1,1
7829,0,6
7830,0,0
7831,6,1
7832,6,3
7833,0,5
7834,6,1
7835,1,0
7836,6,8
7837,6,1
7838,6,1
7839,1,2
7840,7,5
7841,7,3
7842,1,5
7843,4,4
7844,6,8
7845,7,5
7846,4,0
7847,0,6
7848,8,5
7849,2,7
7850,6,1
7851,4,8
7852,2,7
7853,2,9
7854,0,4
7855,4,0
7856,3,8
7857,6,1
7858,4,0
7859,3,2
7860,6,1
7861,3,3
7862,1,3
7863,2,4
7864,2,4
7865,5,5
7866,2,7
7867,0,6
7868,0,6
7869,2,7
7870,3,2
7871,7,8
7872,7,8
7873,2,9
7874,4,0
7875,1,0
7876,6,1
7877,6,1
7878,7,3
7879,0,2
7880,0,6
7881,5,3
7882,4,0
7883,2,4
7884,7,5
7885,5,5
7886,7,9
7887,0,6
7888,8,5
7889,2,7
7890,2,9
7891,7,8
7892,4,0
7893,2,9
7894,4,0
7895,1,2
7896,6,1
7897,1,2
7898,6,1
7899,2,7
7900,8,5
7901,0,6
7902,7,5
7903,2,4
7904,4,9
7905,4,0
7906,2,7
7907,5,5
7908,3,8
7909,0,8
7910,6,1
7911,4,0
7912,6,1
7913,2,7
7914,2,4
7915,7,3
7916,1,2
7917,6,5
7918,6,8
7919,2,4
7920,3,2
7921,6,1
7922,2,9
7923,7,8
7924,8,8
7925,4,0
7926,0,6
7927,6,5
7928,7,8
7929,3,2
7930,4,0
7931,2,7
7932,4,0
7933,5,2
7934,4,0
7935,1,3
7936,6,9
7937,0,6
7938,6,1
7939,3,2
7940,2,9
7941,6,1
7942,3,2
7943,2,7
7944,1,0
7945,2,7
7946,2,9
7947,2,9
7948,4,0
7949,4,9
7950,2,7
7951,6,1
7952,2,9
7953,1,2
7954,0,0
7955,2,4
7956,4,8
7957,0,6
7958,2,4
7959,2,7
7960,6,2
7961,6,7
7962,8,5
7963,5,5
7964,7,5
7965,4,4
7966,1,3
7967,1,5
7968,0,6
7969,4,0
7970,0,6
7971,6,1
7972,8,6
7973,6,1
7974,2,4
7975,2,9
7976,8,3
7977,7,9
7978,4,0
7979,2,8
7980,1,3
7981,4,0
7982,3,3
7983,3,2
7984,2,4
7985,4,0
7986,3,2
7987,1,3
7988,8,5
7989,7,5
7990,4,6
7991,0,6
7992,2,7
7993,6,1
7994,2,7
7995,7,8
7996,6,1
7997,0,6
7998,7,5
7999,4,4
8000,4,0
8001,0,6
8002,3,2
8003,4,0
8004,0,6
8005,2,9
8006,4,4
8007,3,2
8008,6,8
8009,0,6
8010,7,5
8011,2,4
8012,6,3
8013,5,3
8014,3,3
8015,2,9
8016,4,0
8017,1,3
8018,1,3
8019,5,0
8020,6,7
8021,0,0
8022,8,5
8023,6,5
8024,3,2
8025,1,2
8026,2,4
8027,7,5
8028,4,0
8029,6,8
8030,2,9
8031,1,8
8032,6,1
8033,1,8
8034,0,6
8035,2,9
8036,2,9
8037,2,4
8038,6,7
8039,3,3
8040,6,1
8041,2,4
8042,0,6
8043,3,2
8044,2,7
8045,3,8
8046,4,0
8047,7,8
8048,3,3
8049,2,7
8050,4,0
8051,6,1
8052,3,3
8053,6,1
8054,7,3
8055,1,3
8056,8,5
8057,0,6
8058,3,2
8059,7,9
8060,2,9
8061,2,4
8062,8,5
8063,6,1
8064,0,6
8065,3,3
8066,2,9
8067,6,8
8068,2,7
8069,2,7
8070,6,1
8071,0,6
8072,8,6
8073,2,9
8074,0,6
8075,3,3
8076,0,6
8077,1,3
8078,6,2
8079,2,7
8080,6,1
8081,2,4
8082,3,2
8083,6,1
8084,2,7
8085,2,9
8086,2,4
8087,6,1
8088,4,0
8089,4,0
8090,2,7
8091,0,6
8092,6,1
8093,4,0
8094,1,3
8095,6,1
8096,4,0
8097,0,2
8098,4,0
8099,3,3
8100,0,6
8101,2,4
8102,3,2
8103,7,5
8104,7,5
8105,0,6
8106,6,1
8107,2,7
8108,4,0
8109,6,8
8110,1,0
8111,2,9
8112,6,1
8113,4,0
8114,2,7
8115,3,3
8116,4,0
8117,4,4
8118,1,8
8119,7,5
8120,6,3
8121,0,6
8122,1,3
8123,2,7
8124,6,1
8125,6,8
8126,7,5
8127,2,9
8128,7,5
8129,4,0
8130,2,7
8131,6,1
8132,3,8
8133,3,2
8134,4,0
8135,3,3
8136,3,8
8137,6,7
8138,2,7
8139,6,8
8140,0,6
8141,2,9
8142,2,7
8143,2,7
8144,2,7
8145,0,6
8146,0,6
8147,4,0
8148,7,8
8149,0,6
8150,0,6
8151,0,6
8152,6,2
8153,0,6
8154,3,2
8155,2,9
8156,6,1
8157,4,0
8158,4,0
8159,4,0
8160,6,1
8161,6,1
8162,6,1
8163,3,3
8164,1,3
8165,2,9
8166,6,1
8167,2,7
8168,2,7
8169,3,3
8170,2,7
8171,6,8
8172,4,0
8173,7,5
8174,2,4
8175,6,8
8176,6,1
8177,6,1
8178,7,5
8179,0,4
8180,6,1
8181,6,8
8182,1,7
8183,6,5
8184,1,3
8185,6,1
8186,2,7
8187,4,0
8188,3,3
8189,6,1
8190,8,5
8191,0,6
8192,3,3
8193,4,0
8194,6,1
8195,3,3
8196,2,7
8197,6,8
8198,2,7
8199,2,9
8200,4,3
8201,3,2
8202,6,2
8203,6,1
8204,6,2
8205,6,7
8206,0,6
8207,0,4
8208,2,4
8209,6,5
8210,4,8
8211,3,2
8212,1,2
8213,6,8
8214,2,7
8215,6,4
8216,4,9
8217,2,7
8218,6,1
8219,6,1
8220,2,9
8221,6,8
8222,6,1
8223,1,0
8224,0,6
8225,0,6
8226,1,2
8227,3,3
8228,1,3
8229,0,2
8230,1,3
8231,2,9
8232,2,7
8233,4,0
8234,3,8
8235,0,4
8236,1,3
8237,6,7
8238,2,9
8239,6,4
8240,2,4
8241,3,3
8242,6,8
8243,2,4
8244,2,9
8245,6,5
8246,3,3
8247,4,0
8248,6,7
8249,4,0
8250,4,0
8251,3,2
8252,7,5
8253,4,0
8254,6,3
8255,6,1
8256,6,7
8257,3,2
8258,6,1
8259,1,3
8260,7,5
8261,0,4
8262,1,0
8263,6,5
8264,7,3
8265,0,6
8266,0,4
8267,2,7
8268,4,7
8269,6,8
8270,0,4
8271,2,9
8272,4,0
8273,3,0
8274,4,0
8275,6,1
8276,2,9
8277,3,2
8278,2,4
8279,3,3
8280,2,7
8281,6,4
8282,0,6
8283,6,7
8284,4,0
8285,7,8
8286,2,7
8287,6,9
8288,4,0
8289,5,0
8290,0,6
8291,6,1
8292,3,2
8293,3,2
8294,4,0
8295,3,3
8296,6,1
8297,6,7
8298,2,4
8299,6,8
8300,6,8
8301,6,9
8302,6,7
8303,6,8
8304,4,0
8305,0,6
8306,7,8
8307,6,5
8308,2,9
8309,4,0
8310,7,8
8311,0,6
8312,0,6
8313,6,8
8314,4,6
8315,6,9
8316,2,9
8317,2,4
8318,4,9
8319,6,1
8320,4,5
8321,6,9
8322,2,9
8323,0,0
8324,3,8
8325,6,4
8326,0,6
8327,2,8
8328,0,6
8329,2,9
8330,6,1
8331,6,1
8332,6,1
8333,2,4
8334,6,2
8335,4,0
8336,0,6
8337,7,5
8338,1,3
8339,6,5
8340,3,8
8341,2,4
8342,1,2
8343,1,0
8344,0,4
8345,2,7
8346,2,4
8347,0,6
8348,6,1
8349,0,0
8350,1,3
8351,6,1
8352,0,6
8353,2,7
8354,4,0
8355,3,0
8356,2,9
8357,0,6
8358,2,9
8359,6,8
8360,7,3
8361,2,7
8362,2,7
8363,2,9
8364,2,7
8365,7,8
8366,6,8
8367,0,6
8368,4,0
8369,4,0
8370,0,4
8371,7,8
8372,6,2
8373,6,1
8374,3,2
8375,2,7
8376,0,6
8377,2,7
8378,7,8
8379,6,1
8380,2,4
8381,3,3
8382,6,1
8383,6,1
8384,0,6
8385,0,0
8386,7,8
8387,4,0
8388,6,1
8389,2,7
8390,1,2
8391,1,8
8392,7,5
8393,2,9
8394,6,1
8395,3,3
8396,2,7
8397,6,8
8398,0,6
8399,2,4
8400,2,4
8401,2,7
8402,6,1
8403,6,2
8404,2,9
8405,5,3
8406,6,3
8407,0,6
8408,7,9
8409,2,9
8410,0,6
8411,3,2
8412,0,4
8413,3,2
8414,7,5
8415,6,4
8416,2,9
8417,0,6
8418,6,1
8419,5,5
8420,0,6
8421,7,5
8422,6,1
8423,6,1
8424,4,9
8425,3,3
8426,7,5
8427,3,3
8428,6,2
8429,2,7
8430,6,1
8431,6,8
8432,7,8
8433,3,2
8434,8,5
8435,5,5
8436,2,7
8437,2,7
8438,2,4
8439,2,9
8440,4,9
8441,7,8
8442,2,9
8443,3,2
8444,2,7
8445,6,1
8446,3,2
8447,3,3
8448,2,9
8449,1,0
8450,1,3
8451,1,1
8452,6,1
8453,1,2
8454,0,6
8455,1,3
8456,6,1
8457,2,4
8458,0,4
8459,6,5
8460,3,2
8461,0,6
8462,0,6
8463,2,7
8464,2,1
8465,7,8
8466,4,4
8467,2,9
8468,2,9
8469,1,0
8470,6,2
8471,6,1
8472,4,0
8473,1,2
8474,3,2
8475,1,3
8476,2,7
8477,2,4
8478,0,6
8479,7,5
8480,6,2
8481,0,6
8482,6,8
8483,2,7
8484,2,9
8485,7,8
8486,6,1
8487,2,9
8488,8,6
8489,5,0
8490,3,2
8491,6,1
8492,2,9
8493,3,2
8494,1,3
8495,2,4
8496,7,8
8497,0,6
8498,3,3
8499,2,7
8500,0,6
8501,7,8
8502,2,7
8503,2,9
8504,7,5
8505,1,3
8506,6,1
8507,4,8
8508,8,4
8509,1,0
8510,2,9
8511,2,7
8512,6,1
8513,6,1
8514,2,9
8515,7,0
8516,2,7
8517,2,7
8518,2,9
8519,7,5
8520,7,8
8521,7,5
8522,3,8
8523,0,6
8524,3,3
8525,2,9
8526,0,6
8527,1,0
8528,8,3
8529,6,1
8530,6,1
8531,4,0
8532,0,6
8533,4,0
8534,2,4
8535,8,8
8536,6,8
8537,1,3
8538,6,1
8539,4,4
8540,4,0
8541,1,3
8542,6,1
8543,6,1
8544,3,3
8545,4,0
8546,0,6
8547,2,9
8548,7,5
8549,7,5
8550,6,1
8551,7,3
8552,1,2
8553,2,4
8554,1,3
8555,2,9
8556,6,7
8557,1,3
8558,2,9
8559,2,7
8560,2,4
8561,0,6
8562,2,7
8563,2,9
8564,1,2
8565,1,2
8566,2,7
8567,2,4
8568,1,3
8569,7,5
8570,4,4
8571,2,7
8572,2,7
8573,1,2
8574,6,1
8575,6,1
8576,2,7
8577,0,6
8578,6,1
8579,2,4
8580,4,4
8581,2,9
8582,1,2
8583,2,4
8584,3,8
8585,2,9
8586,9,9
8587,2,4
8588,6,1
8589,6,1
8590,0,6
8591,3,2
8592,2,9
8593,3,2
8594,2,7
8595,6,1
8596,2,7
8597,7,3
8598,3,2
8599,1,2
8600,6,4
8601,2,9
8602,6,1
8603,2,4
8604,6,7
8605,1,3
8606,3,3
8607,6,8
8608,4,9
8609,3,2
8610,6,1
8611,1,2
8612,4,0
8613,1,2
8614,5,2
8615,6,1
8616,2,7
8617,1,2
8618,7,8
8619,7,8
8620,2,9
8621,0,6
8622,2,4
8623,7,5
8624,7,5
8625,6,1
8626,2,9
8627,0,6
8628,0,6
8629,2,7
8630,2,9
8631,1,2
8632,1,2
8633,6,1
8634,0,4
8635,1,3
8636,0,6
8637,2,7
8638,4,6
8639,7,5
8640,6,2
8641,2,9
8642,7,5
8643,1,3
8644,2,4
8645,2,8
8646,8,5
8647,2,7
8648,6,1
8649,7,5
8650,2,4
8651,2,7
8652,6,1
8653,4,0
8654,2,9
8655,2,7
8656,7,5
8657,2,4
8658,0,6
8659,7,8
8660,6,1
8661,8,8
8662,7,8
8663,3,3
8664,6,1
8665,2,7
8666,7,8
8667,0,6
8668,8,5
8669,1,9
8670,1,2
8671,2,9
8672,1,3
8673,2,4
8674,9,9
8675,7,8
8676,7,5
8677,2,4
8678,8,1
8679,6,1
8680,7,8
8681,4,0
8682,4,0
8683,0,6
8684,3,3
8685,0,6
8686,1,8
8687,4,0
8688,4,6
8689,6,1
8690,6,8
8691,4,2
8692,0,6
8693,7,3
8694,6,8
8695,4,4
8696,2,4
8697,0,6
8698,2,7
8699,2,7
8700,1,3
8701,6,8
8702,4,9
8703,4,0
8704,6,1
8705,6,1
8706,2,4
8707,3,2
8708,6,3
8709,6,3
8710,3,3
8711,2,4
8712,0,5
8713,7,5
8714,7,9
8715,0,6
8716,7,3
8717,2,7
8718,2,7
8719,6,8
8720,0,6
8721,2,9
8722,6,8
8723,4,0
8724,4,0
8725,6,1
8726,0,6
8727,3,2
8728,7,5
8729,2,3
8730,6,8
8731,6,5
8732,1,8
8733,0,6
8734,7,5
8735,2,7
8736,7,9
8737,0,4
8738,6,1
8739,4,0
8740,6,2
8741,2,7
8742,3,2
8743,6,2
8744,5,5
8745,2,9
8746,7,8
8747,2,4
8748,7,5
8749,0,2
8750,2,9
8751,2,9
8752,1,2
8753,6,8
8754,4,0
8755,2,4
8756,3,3
8757,6,5
8758,2,7
8759,6,8
8760,6,1
8761,6,8
8762,1,3
8763,0,0
8764,7,8
8765,6,3
8766,7,5
8767,6,5
8768,4,4
8769,2,4
8770,0,6
8771,6,3
8772,2,1
8773,6,3
8774,0,6
8775,2,4
8776,2,9
8777,0,6
8778,6,1
8779,6,5
8780,3,8
8781,6,1
8782,7,8
8783,2,7
8784,3,2
8785,6,8
8786,6,3
8787,2,4
8788,4,0
8789,7,5
8790,6,3
8791,2,7
8792,0,6
8793,6,2
8794,1,3
8795,6,3
8796,2,4
8797,0,6
8798,6,7
8799,0,6
8800,3,3
8801,2,7
8802,2,9
8803,2,7
8804,2,7
8805,2,7
8806,6,1
8807,0,6
8808,1,3
8809,4,0
8810,1,2
8811,6,1
8812,4,0
8813,4,0
8814,8,6
8815,6,1
8816,5,3
8817,0,6
8818,1,3
8819,7,5
8820,0,6
8821,7,3
8822,0,6
8823,6,1
8824,5,3
8825,2,4
8826,4,6
8827,2,7
8828,2,7
8829,0,6
8830,1,3
8831,3,2
8832,2,4
8833,5,2
8834,6,2
8835,6,5
8836,6,1
8837,2,9
8838,4,0
8839,6,1
8840,2,4
8841,0,2
8842,8,4
8843,0,2
8844,3,2
8845,2,7
8846,0,6
8847,2,9
8848,4,6
8849,6,7
8850,0,6
8851,2,9
8852,6,2
8853,6,2
8854,2,4
8855,3,0
8856,7,5
8857,2,4
8858,6,2
8859,6,8
8860,0,6
8861,2,7
8862,0,6
8863,1,0
8864,1,2
8865,6,3
8866,2,7
8867,6,8
8868,0,6
8869,0,4
8870,0,6
8871,0,6
8872,2,4
8873,6,1
8874,2,4
8875,2,4
8876,8,5
8877,4,0
8878,6,2
8879,6,3
8880,6,3
8881,0,6
8882,7,3
8883,6,2
8884,3,3
8885,4,0
8886,1,2
8887,2,4
8888,1,3
8889,6,8
8890,2,4
8891,6,1
8892,8,8
8893,6,3
8894,4,0
8895,6,1
8896,1,0
8897,4,0
8898,8,6
8899,2,9
8900,7,5
8901,4,0
8902,2,9
8903,6,1
8904,6,1
8905,1,2
8906,2,4
8907,1,3
8908,0,6
8909,7,5
8910,2,7
8911,0,6
8912,4,0
8913,2,7
8914,2,4
8915,6,8
8916,6,1
8917,4,0
8918,8,8
8919,6,1
8920,2,8
8921,3,2
8922,6,2
8923,3,3
8924,5,2
8925,2,4
8926,4,0
8927,8,5
8928,7,8
8929,0,6
8930,2,4
8931,2,7
8932,3,0
8933,6,8
8934,6,1
8935,4,0
8936,3,3
8937,6,1
8938,7,5
8939,6,2
8940,7,6
8941,1,3
8942,8,6
8943,2,4
8944,2,4
8945,7,5
8946,1,3
8947,0,6
8948,1,3
8949,2,7
8950,2,4
8951,6,8
8952,1,2
8953,2,9
8954,4,7
8955,6,8
8956,2,4
8957,1,3
8958,1,3
8959,2,7
8960,6,2
8961,4,0
8962,0,4
8963,6,1
8964,4,4
8965,2,7
8966,2,2
8967,3,3
8968,2,9
8969,4,0
8970,6,1
8971,2,9
8972,1,2
8973,2,4
8974,0,6
8975,8,5
8976,3,3
8977,3,2
8978,4,2
8979,4,0
8980,2,7
8981,0,6
8982,4,0
8983,1,2
8984,6,1
8985,6,1
8986,8,5
8987,6,1
8988,7,5
8989,6,1
8990,2,7
8991,2,7
8992,6,1
8993,3,2
8994,0,6
8995,2,4
8996,2,4
8997,3,2
8998,2,9
8999,2,9
9000,0,6
9001,2,7
9002,6,9
9003,4,0
9004,3,3
9005,4,0
9006,3,3
9007,2,7
9008,6,8
9009,7,5
9010,0,6
9011,6,1
9012,6,1
9013,6,1
9014,7,8
9015,0,6
9016,0,6
9017,6,1
9018,4,0
9019,6,8
9020,4,8
9021,3,2
9022,2,7
9023,2,7
9024,0,6
9025,2,4
9026,4,4
9027,4,0
9028,8,5
9029,2,4
9030,2,4
9031,5,2
9032,4,0
9033,7,5
9034,4,0
9035,4,0
9036,6,2
9037,7,3
9038,4,0
9039,6,1
9040,4,4
9041,2,9
9042,0,6
9043,6,1
9044,7,5
9045,6,1
9046,4,4
9047,4,0
9048,4,0
9049,0,6
9050,6,8
9051,2,9
9052,2,7
9053,3,3
9054,6,2
9055,4,0
9056,4,0
9057,6,8
9058,0,6
9059,3,3
9060,2,7
9061,2,9
9062,7,5
9063,0,6
9064,7,5
9065,3,3
9066,2,9
9067,4,0
9068,0,6
9069,6,1
9070,2,9
9071,2,4
9072,6,1
9073,8,5
9074,7,3
9075,0,6
9076,1,8
9077,2,7
9078,1,3
9079,6,8
9080,1,3
9081,2,9
9082,2,7
9083,4,0
9084,8,5
9085,6,1
9086,2,7
9087,3,2
9088,7,8
9089,3,3
9090,0,6
9091,2,4
9092,3,2
9093,7,5
9094,0,6
9095,0,6
9096,8,5
9097,6,7
9098,3,2
9099,6,8
9100,2,4
9101,4,0
9102,2,7
9103,6,1
9104,6,2
9105,3,2
9106,6,1
9107,7,3
9108,2,4
9109,2,4
9110,6,1
9111,7,5
9112,6,8
9113,0,6
9114,2,9
9115,2,7
9116,2,4
9117,6,8
9118,4,9
9119,2,9
9120,0,6
9121,6,1
9122,2,9
9123,0,6
9124,7,5
9125,6,8
9126,8,6
9127,2,9
9128,2,9
9129,2,9
9130,6,1
9131,4,0
9132,2,9
9133,6,1
9134,6,8
9135,3,2
9136,6,1
9137,2,4
9138,7,5
9139,0,4
9140,7,3
9141,6,3
9142,4,0
9143,2,7
9144,0,6
9145,2,4
9146,3,3
9147,0,4
9148,4,4
9149,0,4
9150,2,9
9151,4,0
9152,7,8
9153,3,3
9154,7,8
9155,6,8
9156,0,6
9157,2,7
9158,5,0
9159,7,5
9160,7,5
9161,6,1
9162,2,7
9163,7,5
9164,6,8
9165,6,8
9166,4,0
9167,2,9
9168,3,3
9169,3,2
9170,8,5
9171,7,5
9172,8,4
9173,6,1
9174,0,6
9175,6,1
9176,4,9
9177,0,6
9178,8,8
9179,3,2
9180,3,3
9181,6,1
9182,7,3
9183,3,3
9184,1,3
9185,6,8
9186,6,2
9187,0,6
9188,6,7
9189,2,4
9190,2,4
9191,2,9
9192,3,3
9193,3,2
9194,4,0
9195,4,0
9196,4,0
9197,3,0
9198,2,7
9199,6,1
9200,2,7
9201,0,6
9202,0,6
9203,3,2
9204,4,0
9205,7,5
9206,0,6
9207,7,5
9208,4,8
9209,4,0
9210,0,6
9211,0,2
9212,3,2
9213,6,8
9214,2,7
9215,4,0
9216,6,4
9217,0,6
9218,1,2
9219,6,8
9220,2,8
9221,6,1
9222,4,0
9223,2,7
9224,2,7
9225,2,9
9226,7,3
9227,6,1
9228,7,5
9229,2,9
9230,1,3
9231,3,2
9232,8,5
9233,0,6
9234,6,8
9235,6,7
9236,8,5
9237,0,6
9238,2,9
9239,0,6
9240,6,1
9241,6,8
9242,5,2
9243,2,7
9244,4,6
9245,2,4
9246,3,2
9247,2,9
9248,6,2
9249,3,2
9250,7,8
9251,6,1
9252,3,2
9253,3,3
9254,0,6
9255,6,3
9256,1,1
9257,4,0
9258,3,2
9259,7,5
9260,6,1
9261,7,5
9262,0,6
9263,2,7
9264,6,1
9265,2,9
9266,6,2
9267,2,7
9268,1,3
9269,4,0
9270,2,7
9271,3,2
9272,1,3
9273,2,7
9274,2,7
9275,2,9
9276,2,7
9277,6,1
9278,1,3
9279,6,3
9280,0,6
9281,0,6
9282,2,4
9283,2,7
9284,3,2
9285,6,8
9286,2,7
9287,4,0
9288,6,1
9289,7,3
9290,0,9
9291,7,5
9292,6,1
9293,3,3
9294,6,3
9295,0,6
9296,4,0
9297,4,0
9298,6,1
9299,6,1
9300,3,3
9301,3,2
9302,7,3
9303,7,3
9304,2,9
9305,0,6
9306,4,9
9307,2,7
9308,2,9
9309,6,8
9310,4,0
9311,2,9
9312,6,1
9313,0,0
9314,6,8
9315,6,1
9316,0,6
9317,3,2
9318,1,2
9319,3,3
9320,7,5
9321,2,4
9322,4,0
9323,7,5
9324,6,3
9325,0,6
9326,3,5
9327,2,7
9328,8,5
9329,5,0
9330,6,5
9331,6,1
9332,6,1
9333,3,2
9334,6,8
9335,3,3
9336,7,5
9337,4,4
9338,0,6
9339,7,5
9340,1,5
9341,0,6
9342,4,0
9343,2,7
9344,8,5
9345,6,8
9346,2,9
9347,2,9
9348,0,4
9349,7,8
9350,6,1
9351,2,7
9352,7,5
9353,2,4
9354,6,1
9355,3,3
9356,2,7
9357,2,9
9358,6,8
9359,3,8
9360,3,2
9361,6,8
9362,2,4
9363,7,3
9364,7,8
9365,6,1
9366,7,5
9367,6,5
9368,7,5
9369,7,8
9370,6,4
9371,3,2
9372,3,9
9373,2,7
9374,6,2
9375,0,4
9376,8,5
9377,3,2
9378,8,1
9379,8,6
9380,5,3
9381,7,5
9382,2,7
9383,3,2
9384,8,5
9385,2,4
9386,3,3
9387,7,5
9388,2,4
9389,0,6
9390,9,9
9391,2,4
9392,2,4
9393,6,1
9394,2,9
9395,2,7
9396,6,2
9397,7,5
9398,1,2
9399,6,1
9400,7,3
9401,3,3
9402,4,0
9403,7,3
9404,6,1
9405,0,6
9406,4,0
9407,2,9
9408,5,8
9409,0,6
9410,4,4
9411,3,3
9412,3,3
9413,3,3
9414,7,5
9415,6,1
9416,2,7
9417,0,6
9418,7,3
9419,7,5
9420,1,3
9421,0,6
9422,4,0
9423,6,1
9424,3,3
9425,2,9
9426,2,7
9427,3,3
9428,3,9
9429,2,7
9430,6,1
9431,2,4
9432,2,7
9433,2,7
9434,2,7
9435,0,0
9436,2,4
9437,2,9
9438,0,6
9439,0,0
9440,4,0
9441,4,0
9442,2,4
9443,3,3
9444,2,7
9445,2,7
9446,0,6
9447,2,9
9448,1,9
9449,3,2
9450,7,5
9451,0,0
9452,4,0
9453,6,1
9454,2,7
9455,1,0
9456,4,0
9457,6,1
9458,4,0
9459,4,0
9460,0,6
9461,2,4
9462,8,5
9463,0,0
9464,7,5
9465,2,4
9466,7,3
9467,2,7
9468,0,6
9469,2,9
9470,2,7
9471,3,2
9472,0,2
9473,4,0
9474,6,1
9475,0,6
9476,4,0
9477,3,2
9478,4,0
9479,3,2
9480,6,1
9481,2,9
9482,1,3
9483,2,9
9484,6,2
9485,4,0
9486,0,6
9487,1,1
9488,3,2
9489,3,2
9490,4,8
9491,1,3
9492,6,1
9493,2,4
9494,2,7
9495,7,5
9496,4,4
9497,0,6
9498,2,7
9499,2,7
9500,8,6
9501,7,8
9502,2,7
9503,2,9
9504,2,9
9505,5,0
9506,4,0
9507,6,1
9508,1,2
9509,3,2
9510,2,7
9511,1,3
9512,0,6
9513,2,4
9514,8,5
9515,7,5
9516,7,3
9517,0,6
9518,3,2
9519,2,7
9520,1,3
9521,6,8
9522,2,7
9523,4,0
9524,4,0
9525,6,1
9526,0,6
9527,3,2
9528,8,8
9529,1,3
9530,4,0
9531,7,5
9532,4,9
9533,0,6
9534,8,6
9535,2,7
9536,4,4
9537,6,8
9538,2,7
9539,7,5
9540,6,1
9541,2,4
9542,6,2
9543,6,8
9544,4,0
9545,2,7
9546,3,2
9547,2,4
9548,2,7
9549,2,7
9550,6,1
9551,2,7
9552,4,0
9553,1,3
9554,6,8
9555,2,9
9556,8,6
9557,0,8
9558,0,4
9559,6,8
9560,2,7
9561,1,3
9562,6,1
9563,6,1
9564,3,8
9565,7,5
9566,0,4
9567,6,8
9568,8,5
9569,1,2
9570,6,1
9571,2,7
9572,6,2
9573,2,4
9574,4,6
9575,1,2
9576,0,6
9577,0,6
9578,8,5
9579,6,1
9580,0,6
9581,7,5
9582,2,7
9583,3,2
9584,6,1
9585,2,4
9586,2,4
9587,7,5
9588,1,7
9589,7,5
9590,6,1
9591,6,8
9592,7,3
9593,0,6
9594,7,8
9595,2,4
9596,0,6
9597,2,4
9598,2,7
9599,6,1
9600,1,2
9601,0,8
9602,1,3
9603,2,7
9604,3,2
9605,7,5
9606,2,7
9607,8,5
9608,8,8
9609,6,1
9610,1,3
9611,6,8
9612,1,3
9613,2,9
9614,2,9
9615,6,1
9616,6,1
9617,1,3
9618,6,1
9619,0,6
9620,1,3
9621,1,3
9622,6,1
9623,1,3
9624,3,3
9625,3,2
9626,2,4
9627,3,2
9628,6,1
9629,0,6
9630,2,9
9631,2,9
9632,2,4
9633,2,9
9634,4,4
9635,0,6
9636,3,3
9637,1,3
9638,7,3
9639,1,3
9640,6,8
9641,6,8
9642,2,9
9643,6,1
9644,2,7
9645,0,6
9646,7,5
9647,7,5
9648,3,3
9649,0,6
9650,7,8
9651,6,8
9652,7,5
9653,6,1
9654,2,9
9655,2,9
9656,2,7
9657,2,7
9658,3,2
9659,0,6
9660,2,7
9661,0,8
9662,0,6
9663,1,3
9664,1,3
9665,2,7
9666,4,0
9667,2,4
9668,6,2
9669,2,7
9670,1,3
9671,4,0
9672,3,2
9673,2,9
9674,6,1
9675,4,0
9676,2,7
9677,4,0
9678,6,1
9679,1,3
9680,1,3
9681,2,7
9682,3,2
9683,2,9
9684,8,5
9685,1,3
9686,4,8
9687,5,0
9688,4,0
9689,3,2
9690,7,5
9691,4,0
9692,0,6
9693,6,1
9694,3,8
9695,4,0
9696,3,3
9697,6,1
9698,4,0
9699,4,0
9700,0,6
9701,2,4
9702,0,6
9703,4,0
9704,2,4
9705,6,1
9706,3,3
9707,4,0
9708,2,9
9709,4,4
9710,4,0
9711,2,7
9712,3,2
9713,2,9
9714,2,4
9715,3,2
9716,2,7
9717,7,0
9718,2,4
9719,0,6
9720,4,0
9721,1,2
9722,6,2
9723,0,6
9724,2,7
9725,3,2
9726,4,8
9727,1,2
9728,2,9
9729,2,9
9730,3,3
9731,2,9
9732,7,8
9733,4,0
9734,6,1
9735,6,1
9736,1,2
9737,3,2
9738,7,5
9739,3,3
9740,2,7
9741,2,4
9742,4,0
9743,7,5
9744,4,0
9745,0,6
9746,2,4
9747,2,7
9748,6,2
9749,7,8
9750,4,0
9751,2,9
9752,2,9
9753,4,0
9754,2,9
9755,6,1
9756,6,2
9757,3,2
9758,2,9
9759,3,3
9760,0,6
9761,2,4
9762,6,8
9763,7,5
9764,7,8
9765,0,6
9766,1,3
9767,2,7
9768,2,7
9769,7,8
9770,7,5
9771,2,9
9772,6,2
9773,4,0
9774,6,7
9775,6,1
9776,6,2
9777,3,2
9778,5,3
9779,3,3
9780,3,2
9781,2,4
9782,8,8
9783,7,5
9784,2,9
9785,0,6
9786,3,3
9787,2,7
9788,6,7
9789,7,8
9790,4,0
9791,6,9
9792,6,8
9793,2,7
9794,7,8
9795,6,4
9796,6,1
9797,3,3
9798,0,6
9799,7,8
9800,7,5
9801,7,5
9802,0,6
9803,6,1
9804,1,1
9805,7,8
9806,4,0
9807,7,5
9808,0,6
9809,3,2
9810,4,9
9811,6,8
9812,3,3
9813,0,6
9814,5,5
9815,6,1
9816,0,6
9817,2,9
9818,0,6
9819,3,2
9820,4,0
9821,2,4
9822,4,0
9823,4,0
9824,7,5
9825,2,9
9826,4,2
9827,2,9
9828,0,6
9829,3,3
9830,1,2
9831,2,7
9832,6,8
9833,2,7
9834,4,0
9835,2,9
9836,3,2
9837,6,1
9838,2,9
9839,7,8
9840,4,0
9841,3,2
9842,6,1
9843,2,7
9844,3,8
9845,7,5
9846,2,9
9847,7,8
9848,7,3
9849,7,5
9850,3,2
9851,3,3
9852,7,8
9853,3,2
9854,2,7
9855,3,2
9856,6,1
9857,4,0
9858,7,5
9859,7,5
9860,0,6
9861,7,8
9862,5,2
9863,0,6
9864,5,3
9865,4,0
9866,8,8
9867,6,4
9868,1,3
9869,4,0
9870,2,9
9871,3,3
9872,0,6
9873,7,8
9874,4,0
9875,6,1
9876,4,9
9877,4,0
9878,2,7
9879,3,3
9880,0,4
9881,4,0
9882,2,7
9883,2,4
9884,6,1
9885,2,7
9886,2,7
9887,2,4
9888,2,7
9889,2,9
9890,4,0
9891,3,2
9892,4,6
9893,2,9
9894,5,2
9895,6,1
9896,2,9
9897,3,2
9898,8,5
9899,7,5
9900,7,8
9901,2,7
9902,6,1
9903,6,1
9904,7,3
9905,2,7
9906,6,1
9907,6,1
9908,2,7
9909,0,6
9910,6,1
9911,2,7
9912,3,2
9913,3,3
9914,4,0
9915,3,3
9916,3,3
9917,0,6
9918,6,8
9919,6,5
9920,2,4
9921,0,6
9922,4,0
9923,3,2
9924,6,8
9925,6,8
9926,0,6
9927,6,7
9928,0,6
9929,0,6
9930,6,1
9931,2,4
9932,7,3
9933,2,9
9934,4,0
9935,7,8
9936,7,8
9937,7,8
9938,2,9
9939,3,2
9940,2,4
9941,2,9
9942,6,1
9943,0,6
9944,3,8
9945,7,5
9946,0,6
9947,7,5
9948,0,8
9949,2,9
9950,2,9
9951,7,5
9952,7,8
9953,3,3
9954,2,7
9955,2,7
9956,8,8
9957,2,4
9958,7,5
9959,3,3
9960,6,1
9961,0,6
9962,3,2
9963,4,0
9964,3,2
9965,4,0
9966,7,0
9967,0,6
9968,2,9
9969,2,9
9970,6,8
9971,4,0
9972,6,2
9973,6,1
9974,3,3
9975,6,1
9976,0,4
9977,3,3
9978,1,0
9979,3,2
9980,4,4
9981,6,1
9982,6,8
9983,0,0
9984,4,4
9985,3,0
9986,4,0
9987,6,1
9988,2,7
9989,3,2
9990,2,7
9991,1,3
9992,2,7
9993,2,4
9994,4,0
9995,7,5
9996,7,8
9997,0,6
9998,2,9
9999,2,7
10000,3,3
10001,6,8
10002,2,7
10003,2,9
10004,2,9
10005,7,0
10006,6,1
10007,6,1
10008,7,5
10009,6,2
10010,4,0
10011,3,3
10012,1,8
10013,2,4
10014,2,7
10015,7,5
10016,3,2
10017,0,6
10018,2,4
10019,2,7
10020,6,1
10021,6,8
10022,4,0
10023,2,9
10024,3,2
10025,0,0
10026,4,0
10027,6,1
10028,4,9
10029,6,2
10030,7,5
10031,3,3
10032,0,6
10033,2,4
10034,1,3
10035,7,5
10036,0,6
10037,0,6
10038,9,9
10039,2,7
10040,6,1
10041,6,8
10042,3,3
10043,2,9
10044,7,6
10045,7,0
10046,2,7
10047,2,9
10048,6,1
10049,7,5
10050,2,7
10051,6,5
10052,1,3
10053,0,6
10054,7,8
10055,2,9
10056,7,5
10057,6,8
10058,6,1
10059,2,9
10060,2,4
10061,6,8
10062,7,5
10063,2,7
10064,8,8
10065,6,5
10066,3,8
10067,6,1
10068,1,1
10069,0,0
10070,7,9
10071,4,0
10072,3,2
10073,6,2
10074,3,3
10075,6,2
10076,0,6
10077,2,7
10078,6,2
10079,6,8
10080,4,0
10081,3,2
10082,1,2
10083,4,0
10084,3,2
10085,6,1
10086,2,7
10087,6,2
10088,2,9
10089,6,6
10090,3,2
10091,7,3
10092,7,5
10093,3,3
10094,2,9
10095,2,7
10096,6,7
10097,3,3
10098,6,1
10099,3,3
10100,6,2
10101,0,6
10102,2,9
10103,6,4
10104,2,4
10105,2,9
10106,6,2
10107,0,0
10108,0,6
10109,2,9
10110,6,1
10111,7,5
10112,2,9
10113,3,2
10114,8,4
10115,6,8
10116,2,3
10117,6,2
10118,6,1
10119,4,0
10120,4,0
10121,3,0
10122,6,2
10123,6,1
10124,7,8
10125,7,3
10126,7,8
10127,0,2
10128,4,0
10129,6,1
10130,3,2
10131,2,7
10132,2,9
10133,2,4
10134,6,1
10135,0,6
10136,6,1
10137,3,3
10138,1,2
10139,6,1
10140,4,0
10141,1,3
10142,2,9
10143,2,9
10144,3,3
10145,6,1
10146,6,5
10147,2,7
10148,2,7
10149,0,6
10150,0,4
10151,6,8
10152,6,1
10153,2,4
10154,2,7
10155,3,3
10156,6,1
10157,6,1
10158,3,2
10159,0,4
10160,2,7
10161,3,3
10162,8,5
10163,0,6
10164,0,6
10165,2,9
10166,2,9
10167,3,0
10168,4,0
10169,6,1
10170,2,7
10171,2,7
10172,6,4
10173,6,5
10174,0,6
10175,2,4
10176,4,0
10177,2,4
10178,2,7
10179,2,7
10180,6,1
10181,2,7
10182,7,5
10183,2,9
10184,2,9
10185,7,5
10186,2,9
10187,6,8
10188,4,0
10189,6,8
10190,0,6
10191,6,4
10192,7,5
10193,6,9
10194,1,2
10195,0,0
10196,4,4
10197,6,8
10198,2,9
10199,2,9
10200,6,2
10201,6,8
10202,4,7
10203,1,0
10204,4,0
10205,1,1
10206,1,3
10207,1,2
10208,2,9
10209,2,4
10210,5,3
10211,7,5
10212,0,4
10213,0,6
10214,6,3
10215,2,7
10216,4,4
10217,1,8
10218,0,6
10219,2,9
10220,6,1
10221,1,0
10222,8,8
10223,6,1
10224,8,6
10225,2,4
10226,7,5
10227,7,5
10228,6,2
10229,0,6
10230,4,0
10231,2,7
10232,7,9
10233,7,8
10234,0,6
10235,2,9
10236,2,4
10237,1,0
10238,1,3
10239,6,1
10240,4,0
10241,2,4
10242,4,0
10243,1,7
10244,3,5
10245,1,0
10246,0,6
10247,2,9
10248,6,1
10249,1,9
10250,4,8
10251,1,7
10252,2,4
10253,2,7
10254,4,0
10255,7,5
10256,1,2
10257,6,1
10258,7,5
10259,7,0
10260,7,3
10261,0,0
10262,8,4
10263,2,7
10264,3,2
10265,0,0
10266,6,1
10267,6,1
10268,6,1
10269,2,4
10270,0,6
10271,0,6
10272,4,0
10273,0,6
10274,3,8
10275,0,6
10276,4,0
10277,7,5
10278,3,3
10279,1,2
10280,7,5
10281,7,8
10282,3,3
10283,1,0
10284,2,9
10285,6,1
10286,8,5
10287,1,7
10288,7,5
10289,0,6
10290,6,1
10291,1,2
10292,4,9
10293,6,1
10294,0,6
10295,2,7
10296,2,7
10297,1,7
10298,0,6
10299,0,6
10300,6,2
10301,6,1
10302,2,7
10303,0,4
10304,0,6
10305,1,9
10306,2,9
10307,0,6
10308,1,2
10309,1,7
10310,0,4
10311,2,4
10312,6,2
10313,2,4
10314,3,3
10315,1,7
10316,8,5
10317,1,2
10318,6,1
10319,1,8
10320,2,4
10321,1,2
10322,3,3
10323,4,0
10324,2,7
10325,6,1
10326,4,0
10327,3,2
10328,1,3
10329,7,3
10330,3,3
10331,2,4
10332,0,6
10333,7,5
10334,4,0
10335,0,6
10336,2,9
10337,2,7
10338,2,4
10339,7,8
10340,4,0
10341,2,9
10342,6,1
10343,4,0
10344,3,6
10345,6,1
10346,6,1
10347,3,2
10348,4,0
10349,3,3
10350,4,4
10351,2,4
10352,4,0
10353,7,5
10354,1,2
10355,0,6
10356,0,6
10357,2,7
10358,6,8
10359,7,8
10360,1,3
10361,2,9
10362,6,1
10363,4,0
10364,6,1
10365,6,1
10366,4,0
10367,3,2
10368,3,2
10369,3,3
10370,7,5
10371,2,4
10372,4,0
10373,7,5
10374,2,9
10375,0,6
10376,6,1
10377,2,7
10378,6,1
10379,7,8
10380,4,0
10381,2,9
10382,8,9
10383,0,6
10384,4,0
10385,7,5
10386,7,5
10387,2,9
10388,2,7
10389,7,3
10390,1,3
10391,2,4
10392,2,7
10393,3,3
10394,2,7
10395,7,8
10396,2,4
10397,7,5
10398,6,8
10399,6,1
10400,8,5
10401,7,5
10402,3,3
10403,3,2
10404,6,1
10405,7,3
10406,6,2
10407,4,0
10408,2,7
10409,6,1
10410,2,9
10411,3,2
10412,5,5
10413,6,1
10414,2,9
10415,7,3
10416,6,1
10417,3,2
10418,0,6
10419,0,6
10420,6,1
10421,7,5
10422,6,8
10423,3,3
10424,3,3
10425,4,0
10426,6,8
10427,2,7
10428,2,9
10429,3,2
10430,3,3
10431,6,7
10432,8,5
10433,2,4
10434,6,5
10435,0,6
10436,6,2
10437,0,4
10438,4,9
10439,4,0
10440,0,6
10441,7,5
10442,0,6
10443,2,9
10444,7,8
10445,2,9
10446,8,8
10447,7,8
10448,6,1
10449,2,9
10450,6,3
10451,7,5
10452,0,6
10453,3,3
10454,3,3
10455,6,1
10456,4,0
10457,6,7
10458,6,1
10459,0,4
10460,6,4
10461,2,7
10462,2,4
10463,0,6
10464,3,2
10465,7,5
10466,6,3
10467,2,4
10468,6,1
10469,4,0
10470,1,3
10471,4,0
10472,3,2
10473,0,6
10474,2,7
10475,0,6
10476,6,2
10477,3,2
10478,2,9
10479,4,0
10480,4,9
10481,0,6
10482,1,8
10483,3,3
10484,0,6
10485,6,7
10486,7,8
10487,2,7
10488,4,0
10489,0,4
10490,7,8
10491,2,4
10492,7,5
10493,7,3
10494,2,4
10495,2,9
10496,2,7
10497,3,2
10498,7,5
10499,7,8
10500,6,1
10501,2,9
10502,6,2
10503,0,6
10504,0,4
10505,4,0
10506,8,5
10507,2,9
10508,6,1
10509,7,5
10510,6,7
10511,7,3
10512,0,6
10513,7,8
10514,6,2
10515,7,8
10516,2,9
10517,6,7
10518,1,3
10519,6,1
10520,7,3
10521,2,4
10522,2,7
10523,4,0
10524,2,9
10525,2,4
10526,3,2
10527,3,3
10528,6,2
10529,2,9
10530,4,0
10531,4,0
10532,0,6
10533,6,7
10534,0,6
10535,3,2
10536,8,5
10537,6,1
10538,7,5
10539,2,9
10540,0,6
10541,6,1
10542,4,0
10543,7,5
10544,4,7
10545,6,1
10546,7,5
10547,2,7
10548,2,7
10549,0,4
10550,0,6
10551,7,8
10552,0,6
10553,0,6
10554,1,2
10555,6,1
10556,6,1
10557,0,6
10558,2,4
10559,7,8
10560,2,4
10561,7,8
10562,6,1
10563,4,0
10564,4,0
10565,6,1
10566,7,5
10567,0,2
10568,6,1
10569,3,3
10570,3,2
10571,2,4
10572,7,8
10573,2,7
10574,1,2
10575,6,8
10576,2,9
10577,2,9
10578,7,5
10579,4,0
10580,6,1
10581,6,1
10582,3,2
10583,3,2
10584,6,8
10585,3,3
10586,7,5
10587,2,4
10588,2,9
10589,1,5
10590,2,7
10591,0,6
10592,1,8
10593,2,7
10594,2,4
10595,6,8
10596,1,8
10597,2,9
10598,7,5
10599,7,0
10600,0,6
10601,6,1
10602,6,1
10603,6,2
10604,4,0
10605,3,3
10606,1,3
10607,2,4
10608,7,3
10609,2,7
10610,7,5
10611,6,8
10612,2,4
10613,2,9
10614,2,9
10615,6,1
10616,6,2
10617,0,6
10618,4,4
10619,7,8
10620,3,2
10621,2,9
10622,8,5
10623,2,9
10624,6,1
10625,4,0
10626,4,4
10627,6,1
10628,6,8
10629,6,2
10630,0,6
10631,6,4
10632,7,8
10633,2,4
10634,2,4
10635,3,3
10636,2,4
10637,2,7
10638,6,1
10639,2,4
10640,2,7
10641,6,4
10642,0,4
10643,0,4
10644,7,3
10645,0,0
10646,2,9
10647,1,3
10648,6,7
10649,7,8
10650,0,6
10651,2,7
10652,7,5
10653,7,5
10654,0,6
10655,2,8
10656,7,5
10657,3,2
10658,2,9
10659,6,1
10660,2,9
10661,6,5
10662,6,1
10663,7,8
10664,4,0
10665,0,5
10666,1,3
10667,6,1
10668,1,3
10669,6,1
10670,2,4
10671,0,6
10672,0,6
10673,0,2
10674,7,3
10675,6,1
10676,7,3
10677,1,3
10678,1,3
10679,2,4
10680,3,2
10681,2,9
10682,2,7
10683,2,4
10684,6,1
10685,2,9
10686,6,1
10687,6,2
10688,6,2
10689,4,0
10690,2,4
10691,4,0
10692,6,1
10693,0,4
10694,6,8
10695,2,4
10696,3,3
10697,0,6
10698,0,6
10699,3,2
10700,4,0
10701,6,5
10702,2,7
10703,6,5
10704,2,4
10705,7,0
10706,2,9
10707,0,2
10708,2,7
10709,0,6
10710,8,8
10711,7,8
10712,6,1
10713,6,1
10714,3,2
10715,2,7
10716,1,7
10717,2,9
10718,1,7
10719,6,1
10720,3,8
10721,2,9
10722,9,9
10723,0,2
10724,4,4
10725,0,6
10726,8,8
10727,2,7
10728,1,3
10729,0,6
10730,7,3
10731,0,6
10732,4,0
10733,7,8
10734,1,3
10735,2,7
10736,4,4
10737,2,4
10738,4,8
10739,3,2
10740,7,5
10741,6,1
10742,8,5
10743,3,3
10744,2,7
10745,7,3
10746,6,9
10747,4,0
10748,0,6
10749,6,5
10750,4,0
10751,7,5
10752,2,9
10753,6,8
10754,0,6
10755,3,0
10756,5,3
10757,3,3
10758,0,4
10759,2,7
10760,1,3
10761,2,9
10762,7,3
10763,2,7
10764,7,5
10765,7,3
10766,6,2
10767,0,6
10768,4,4
10769,2,7
10770,7,5
10771,6,8
10772,2,9
10773,4,0
10774,8,6
10775,1,3
10776,3,2
10777,6,5
10778,2,4
10779,3,3
10780,2,9
10781,4,0
10782,6,5
10783,6,1
10784,2,9
10785,3,2
10786,0,6
10787,1,3
10788,2,7
10789,2,4
10790,0,6
10791,0,5
10792,0,6
10793,0,6
10794,2,9
10795,2,7
10796,3,3
10797,6,8
10798,8,5
10799,2,9
10800,1,8
10801,4,0
10802,3,2
10803,6,1
10804,8,5
10805,3,2
10806,4,0
10807,1,3
10808,2,9
10809,2,4
10810,2,9
10811,5,5
10812,0,4
10813,0,6
10814,7,5
10815,2,7
10816,0,6
10817,6,8
10818,6,8
10819,2,9
10820,2,9
10821,4,0
10822,8,5
10823,6,1
10824,6,2
10825,1,2
10826,1,3
10827,1,3
10828,2,7
10829,2,4
10830,3,3
10831,7,5
10832,2,4
10833,0,6
10834,6,1
10835,2,7
10836,0,6
10837,6,8
10838,6,1
10839,2,9
10840,4,0
10841,2,7
10842,6,1
10843,0,6
10844,4,0
10845,2,4
10846,6,2
10847,3,3
10848,2,9
10849,4,0
10850,0,4
10851,0,6
10852,6,1
10853,0,6
10854,8,4
10855,0,6
10856,7,8
10857,2,9
10858,4,4
10859,4,0
10860,2,9
10861,4,0
10862,7,8
10863,6,1
10864,2,7
10865,1,3
10866,4,8
10867,2,9
10868,6,1
10869,2,4
10870,4,4
10871,7,5
10872,3,3
10873,2,7
10874,4,0
10875,2,9
10876,3,3
10877,7,5
10878,6,1
10879,0,6
10880,1,3
10881,6,8
10882,3,3
10883,2,9
10884,6,5
10885,6,1
10886,6,1
10887,1,3
10888,4,4
10889,7,8
10890,2,7
10891,7,5
10892,6,1
10893,2,7
10894,8,5
10895,1,8
10896,1,3
10897,6,1
10898,3,2
10899,2,4
10900,3,3
10901,6,8
10902,3,3
10903,7,5
10904,5,5
10905,6,8
10906,2,9
10907,6,1
10908,2,4
10909,4,0
10910,0,6
10911,2,7
10912,2,4
10913,0,6
10914,4,0
10915,6,1
10916,4,0
10917,0,6
10918,4,4
10919,4,0
10920,6,2
10921,1,3
10922,6,1
10923,2,4
10924,4,0
10925,0,6
10926,6,1
10927,6,8
10928,2,4
10929,2,9
10930,0,6
10931,3,2
10932,2,7
10933,6,1
10934,2,9
10935,2,7
10936,1,8
10937,2,4
10938,4,0
10939,7,5
10940,6,7
10941,3,2
10942,2,4
10943,7,5
10944,8,9
10945,3,2
10946,2,7
10947,6,1
10948,6,8
10949,3,2
10950,0,6
10951,2,9
10952,2,4
10953,1,3
10954,8,5
10955,2,9
10956,0,6
10957,1,2
10958,7,5
10959,3,2
10960,4,4
10961,7,5
10962,1,2
10963,6,8
10964,2,4
10965,2,7
10966,7,3
10967,2,4
10968,0,6
10969,2,7
10970,2,9
10971,6,1
10972,1,2
10973,6,8
10974,4,0
10975,1,0
10976,0,6
10977,2,9
10978,3,2
10979,0,6
10980,0,6
10981,6,8
10982,6,1
10983,6,1
10984,1,3
10985,6,1
10986,2,7
10987,7,5
10988,6,2
10989,2,7
10990,2,4
10991,0,6
10992,1,0
10993,1,3
10994,4,3
10995,5,5
10996,0,6
10997,2,4
10998,7,3
10999,3,2
11000,0,6
11001,2,9
11002,1,3
11003,4,0
11004,6,1
11005,2,4
11006,6,2
11007,2,7
11008,4,4
11009,2,4
11010,1,3
11011,3,3
11012,1,3
11013,3,2
11014,4,0
11015,2,9
11016,0,4
11017,3,2
11018,5,2
11019,4,0
11020,2,7
11021,1,3
11022,4,0
11023,2,4
11024,0,4
11025,5,5
11026,4,0
11027,4,0
11028,7,8
11029,7,0
11030,1,2
11031,3,3
11032,6,2
11033,3,2
11034,3,3
11035,1,8
11036,0,0
11037,1,3
11038,0,6
11039,7,3
11040,2,4
11041,0,0
11042,3,3
11043,6,1
11044,2,4
11045,4,0
11046,2,4
11047,6,1
11048,0,6
11049,2,7
11050,6,1
11051,6,1
11052,4,0
11053,3,3
11054,2,7
11055,7,5
11056,2,7
11057,6,1
11058,6,1
11059,2,7
11060,4,0
11061,6,1
11062,0,6
11063,3,8
11064,8,5
11065,0,6
11066,3,2
11067,7,8
11068,2,9
11069,6,1
11070,6,8
11071,4,0
11072,4,0
11073,2,4
11074,7,9
11075,3,3
11076,6,7
11077,4,0
11078,2,9
11079,6,1
11080,2,7
11081,6,2
11082,6,1
11083,1,3
11084,1,2
11085,2,7
11086,1,2
11087,7,8
11088,2,7
11089,2,9
11090,2,9
11091,4,0
11092,2,7
11093,6,1
11094,7,5
11095,6,2
11096,2,9
11097,1,3
11098,0,6
11099,2,7
11100,8,6
11101,7,8
11102,2,9
11103,2,9
11104,9,3
11105,4,0
11106,3,2
11107,6,1
11108,7,8
11109,0,2
11110,3,2
11111,1,3
11112,6,1
11113,2,4
11114,3,3
11115,6,5
11116,4,0
11117,0,6
11118,7,5
11119,2,7
11120,3,8
11121,7,8
11122,2,7
11123,2,9
11124,2,4
11125,2,7
11126,2,4
11127,2,4
11128,0,6
11129,4,0
11130,2,7
11131,2,4
11132,0,6
11133,4,0
11134,6,1
11135,6,1
11136,7,5
11137,2,7
11138,1,3
11139,2,9
11140,0,6
11141,7,5
11142,7,8
11143,6,1
11144,2,4
11145,2,4
11146,1,8
11147,3,2
11148,2,4
11149,7,8
11150,2,9
11151,6,9
11152,6,1
11153,2,4
11154,7,5
11155,3,3
11156,6,1
11157,6,1
11158,0,6
11159,2,7
11160,8,8
11161,3,8
11162,0,0
11163,3,2
11164,2,7
11165,2,4
11166,2,7
11167,2,4
11168,2,7
11169,1,3
11170,2,7
11171,1,3
11172,4,0
11173,0,6
11174,0,6
11175,2,9
11176,6,8
11177,2,9
11178,6,1
11179,7,5
11180,2,7
11181,7,8
11182,7,5
11183,0,6
11184,2,4
11185,2,7
11186,4,9
11187,4,0
11188,6,7
11189,0,6
11190,2,9
11191,7,8
11192,2,9
11193,3,2
11194,4,9
11195,0,6
11196,7,9
11197,1,3
11198,7,5
11199,6,9
11200,6,1
11201,3,3
11202,7,9
11203,3,2
11204,1,7
11205,6,1
11206,6,9
11207,2,7
11208,3,9
11209,0,4
11210,2,8
11211,7,8
11212,2,9
11213,7,8
11214,6,1
11215,2,9
11216,6,3
11217,4,0
11218,8,6
11219,3,3
11220,2,7
11221,3,3
11222,4,0
11223,2,9
11224,2,9
11225,2,9
11226,0,6
11227,2,4
11228,6,1
11229,6,1
11230,1,2
11231,4,0
11232,7,3
11233,7,3
11234,5,3
11235,2,7
11236,6,1
11237,7,5
11238,8,5
11239,4,8
11240,4,0
11241,3,8
11242,6,2
11243,3,2
11244,7,3
11245,2,9
11246,2,9
11247,6,7
11248,6,1
11249,6,1
11250,6,2
11251,6,2
11252,2,9
11253,0,6
11254,6,7
11255,2,4
11256,2,4
11257,3,2
11258,8,8
11259,3,3
11260,6,5
11261,0,6
11262,6,1
11263,0,6
11264,2,4
11265,7,5
11266,2,7
11267,4,0
11268,6,1
11269,4,0
11270,3,5
11271,6,2
11272,6,1
11273,7,8
11274,2,7
11275,6,1
11276,2,9
11277,0,6
11278,6,1
11279,6,1
11280,2,9
11281,4,0
11282,0,6
11283,2,4
11284,7,3
11285,3,3
11286,1,2
11287,6,1
11288,7,8
11289,0,6
11290,2,7
11291,6,1
11292,6,1
11293,2,9
11294,2,7
11295,4,0
11296,1,3
11297,6,1
11298,1,2
11299,1,2
11300,9,9
11301,1,3
11302,7,8
11303,2,4
11304,5,0
11305,7,5
11306,1,2
11307,0,6
11308,6,1
11309,2,7
11310,7,5
11311,6,8
11312,6,1
11313,2,9
11314,2,4
11315,4,0
11316,0,6
11317,6,1
11318,4,0
11319,3,2
11320,4,0
11321,1,3
11322,6,8
11323,2,4
11324,8,5
11325,7,5
11326,6,1
11327,0,6
11328,6,7
11329,2,7
11330,4,0
11331,6,8
11332,2,7
11333,2,9
11334,2,7
11335,4,0
11336,4,6
11337,6,1
11338,7,5
11339,6,2
11340,4,0
11341,3,3
11342,6,1
11343,2,4
11344,6,2
11345,7,5
11346,3,2
11347,0,6
11348,0,6
11349,2,7
11350,2,7
11351,6,8
11352,6,1
11353,2,9
11354,4,0
11355,6,8
11356,7,5
11357,0,6
11358,6,1
11359,7,5
11360,6,1
11361,4,0
11362,6,1
11363,0,6
11364,6,2
11365,7,8
11366,2,9
11367,2,9
11368,2,9
11369,2,4
11370,2,7
11371,6,1
11372,2,7
11373,2,9
11374,8,8
11375,7,5
11376,2,9
11377,3,3
11378,2,4
11379,1,0
11380,1,2
11381,2,4
11382,7,8
11383,6,8
11384,1,2
11385,2,9
11386,4,6
11387,6,1
11388,2,9
11389,2,4
11390,0,6
11391,1,0
11392,3,3
11393,7,5
11394,3,2
11395,6,1
11396,7,5
11397,7,5
11398,7,8
11399,2,7
11400,2,7
11401,0,6
11402,7,5
11403,4,0
11404,6,1
11405,6,1
11406,7,8
11407,2,7
11408,2,4
11409,4,0
11410,3,5
11411,0,6
11412,6,1
11413,6,8
11414,0,4
11415,2,9
11416,2,9
11417,1,5
11418,6,1
11419,2,4
11420,3,2
11421,2,7
11422,4,0
11423,2,9
11424,2,4
11425,6,8
11426,2,7
11427,0,6
11428,4,0
11429,4,0
11430,2,7
11431,6,8
11432,6,1
11433,6,1
11434,2,4
11435,2,7
11436,3,2
11437,2,7
11438,1,2
11439,6,1
11440,6,1
11441,6,3
11442,2,9
11443,3,2
11444,6,8
11445,6,1
11446,6,2
11447,2,4
11448,0,6
11449,3,2
11450,3,8
11451,4,0
11452,2,9
11453,4,0
11454,1,3
11455,2,7
11456,7,5
11457,6,8
11458,3,2
11459,2,4
11460,0,4
11461,0,6
11462,4,0
11463,2,4
11464,2,9
11465,2,9
11466,0,6
11467,3,3
11468,0,4
11469,6,8
11470,7,5
11471,2,4
11472,7,5
11473,2,7
11474,2,9
11475,3,2
11476,3,3
11477,7,5
11478,6,8
11479,0,6
11480,7,3
11481,3,3
11482,0,8
11483,0,6
11484,7,5
11485,2,9
11486,7,5
11487,0,6
11488,2,7
11489,1,3
11490,0,6
11491,3,2
11492,7,5
11493,3,2
11494,2,4
11495,2,4
11496,2,4
11497,0,6
11498,2,7
11499,2,9
11500,8,5
11501,4,0
11502,6,1
11503,3,2
11504,6,1
11505,7,5
11506,6,8
11507,7,5
11508,6,1
11509,6,1
11510,2,7
11511,3,3
11512,8,4
11513,3,3
11514,4,0
11515,2,9
11516,2,7
11517,2,7
11518,6,1
11519,3,2
11520,3,3
11521,3,2
11522,6,1
11523,7,5
11524,1,3
11525,2,7
11526,4,0
11527,2,9
11528,2,7
11529,6,8
11530,0,6
11531,3,2
11532,4,0
11533,6,1
11534,2,7
11535,3,3
11536,4,9
11537,6,1
11538,2,9
11539,6,3
11540,2,7
11541,4,0
11542,8,5
11543,6,1
11544,1,3
11545,6,3
11546,6,8
11547,2,4
11548,2,7
11549,6,5
11550,6,9
11551,0,6
11552,3,2
11553,2,7
11554,6,3
11555,6,8
11556,3,3
11557,2,9
11558,6,1
11559,0,0
11560,3,2
11561,6,1
11562,4,0
11563,3,2
11564,6,7
11565,6,3
11566,2,7
11567,2,4
11568,6,8
11569,6,5
11570,2,3
11571,0,6
11572,4,5
11573,2,7
11574,4,0
11575,6,8
11576,6,2
11577,4,0
11578,0,4
11579,6,1
11580,2,9
11581,6,2
11582,2,9
11583,6,3
11584,4,0
11585,8,4
11586,3,8
11587,6,5
11588,4,0
11589,0,6
11590,7,5
11591,2,7
11592,0,6
11593,2,9
11594,4,7
11595,2,7
11596,7,5
11597,4,0
11598,6,4
11599,7,5
11600,8,2
11601,3,2
11602,6,8
11603,2,9
11604,6,1
11605,4,0
11606,6,1
11607,6,1
11608,6,1
11609,6,5
11610,8,6
11611,6,8
11612,4,0
11613,6,8
11614,7,8
11615,4,0
11616,2,7
11617,6,9
11618,1,3
11619,6,3
11620,4,0
11621,6,2
11622,6,1
11623,2,7
11624,2,4
11625,6,8
11626,4,9
11627,8,4
11628,2,9
11629,2,4
11630,6,1
11631,6,5
11632,6,2
11633,6,9
11634,6,1
11635,0,6
11636,0,0
11637,6,1
11638,7,5
11639,0,0
11640,2,7
11641,2,4
11642,2,7
11643,6,5
11644,7,5
11645,6,3
11646,2,4
11647,2,9
11648,3,2
11649,8,4
11650,2,7
11651,1,3
11652,2,4
11653,2,4
11654,4,0
11655,3,2
11656,7,5
11657,0,0
11658,0,4
11659,7,5
11660,2,7
11661,1,0
11662,6,8
11663,6,1
11664,2,7
11665,6,3
11666,6,1
11667,1,2
11668,4,9
11669,2,9
11670,2,4
11671,6,1
11672,7,8
11673,0,6
11674,8,5
11675,0,0
11676,6,1
11677,6,1
11678,0,6
11679,6,1
11680,0,6
11681,6,8
11682,2,9
11683,4,0
11684,0,6
11685,2,4
11686,2,7
11687,6,7
11688,8,9
11689,6,7
11690,2,4
11691,0,6
11692,2,4
11693,6,3
11694,4,0
11695,7,5
11696,7,5
11697,0,6
11698,2,9
11699,0,6
11700,3,2
11701,0,0
11702,6,1
11703,6,7
11704,7,8
11705,3,3
11706,4,5
11707,8,5
11708,1,3
11709,6,4
11710,3,3
11711,0,2
11712,4,0
11713,2,4
11714,3,3
11715,6,1
11716,2,7
11717,6,8
11718,3,2
11719,6,3
11720,7,8
11721,6,5
11722,7,8
11723,0,6
11724,6,8
11725,6,5
11726,3,8
11727,6,2
11728,6,1
11729,4,0
11730,0,6
11731,0,6
11732,2,9
11733,2,7
11734,5,8
11735,6,1
11736,2,7
11737,3,2
11738,6,2
11739,6,5
11740,0,4
11741,6,8
11742,4,0
11743,6,1
11744,0,4
11745,6,9
11746,4,0
11747,6,3
11748,1,2
11749,6,8
11750,3,8
11751,6,8
11752,3,3
11753,6,8
11754,4,0
11755,1,3
11756,7,3
11757,2,7
11758,4,0
11759,6,6
11760,6,1
11761,6,8
11762,4,9
11763,2,7
11764,2,4
11765,6,1
11766,2,7
11767,6,4
11768,6,7
11769,0,6
11770,2,4
11771,2,7
11772,3,2
11773,2,9
11774,3,2
11775,2,9
11776,7,5
11777,6,3
11778,2,7
11779,0,0
11780,4,0
11781,1,3
11782,7,5
11783,2,4
11784,3,6
11785,7,5
11786,2,7
11787,0,6
11788,3,3
11789,2,7
11790,8,5
11791,4,0
11792,4,0
11793,6,1
11794,4,0
11795,0,2
11796,7,8
11797,1,3
11798,2,7
11799,2,4
11800,0,6
11801,7,5
11802,7,5
11803,0,6
11804,7,3
11805,2,7
11806,7,5
11807,4,0
11808,6,8
11809,6,1
11810,2,7
11811,3,2
11812,6,2
11813,1,3
11814,2,9
11815,6,4
11816,2,9
11817,7,5
11818,2,4
11819,0,6
11820,2,9
11821,2,7
11822,2,7
11823,7,8
11824,2,4
11825,2,9
11826,6,2
11827,6,8
11828,0,6
11829,2,7
11830,4,9
11831,2,7
11832,0,6
11833,4,0
11834,4,0
11835,6,1
11836,7,8
11837,1,3
11838,2,7
11839,7,5
11840,2,9
11841,1,2
11842,7,5
11843,2,8
11844,3,2
11845,0,0
11846,4,0
11847,2,9
11848,7,0
11849,0,6
11850,8,5
11851,1,0
11852,4,4
11853,6,9
11854,2,7
11855,6,1
11856,3,2
11857,6,1
11858,6,8
11859,6,8
11860,4,0
11861,0,4
11862,2,9
11863,6,3
11864,4,5
11865,1,2
11866,0,6
11867,6,1
11868,6,1
11869,6,2
11870,0,6
11871,0,6
11872,6,8
11873,7,5
11874,3,3
11875,0,6
11876,7,5
11877,2,7
11878,8,6
11879,0,4
11880,6,8
11881,6,8
11882,8,5
11883,6,1
11884,2,9
11885,2,8
11886,2,4
11887,0,0
11888,4,0
11889,0,5
11890,6,8
11891,2,9
11892,0,6
11893,2,4
11894,2,7
11895,6,1
11896,6,2
11897,2,9
11898,2,7
11899,6,2
11900,2,9
11901,6,1
11902,4,0
11903,2,9
11904,3,8
11905,0,6
11906,2,9
11907,2,7
11908,7,8
11909,2,9
11910,3,3
11911,0,0
11912,2,9
11913,2,4
11914,4,0
11915,0,6
11916,4,4
11917,6,1
11918,2,9
11919,2,7
11920,4,0
11921,1,3
11922,7,5
11923,6,8
11924,2,9
11925,2,9
11926,2,9
11927,0,6
11928,7,5
11929,1,3
11930,8,4
11931,2,9
11932,0,6
11933,4,0
11934,2,9
11935,7,5
11936,7,5
11937,2,7
11938,4,9
11939,6,1
11940,3,8
11941,0,6
11942,3,8
11943,6,1
11944,2,7
11945,4,0
11946,2,7
11947,2,9
11948,4,0
11949,1,3
11950,4,8
11951,1,3
11952,0,6
11953,6,4
11954,6,1
11955,0,4
11956,4,4
11957,4,0
11958,7,3
11959,0,6
11960,3,3
11961,1,2
11962,4,4
11963,7,5
11964,0,6
11965,6,4
11966,7,5
11967,6,4
11968,6,1
11969,0,0
11970,2,9
11971,3,2
11972,0,6
11973,7,0
11974,4,0
11975,6,1
11976,0,6
11977,3,2
11978,1,3
11979,1,3
11980,7,5
11981,2,4
11982,6,1
11983,6,5
11984,7,8
11985,0,6
11986,0,4
11987,2,7
11988,2,4
11989,7,8
11990,2,9
11991,2,9
11992,6,9
11993,4,0
11994,2,7
11995,6,1
11996,0,6
11997,3,2
11998,7,8
11999,1,3
12000,2,7
12001,2,4
12002,0,6
12003,6,5
12004,4,0
12005,0,6
12006,2,9
12007,2,7
12008,4,0
12009,7,8
12010,7,8
12011,4,0
12012,6,3
12013,6,1
12014,3,8
12015,3,2
12016,7,5
12017,1,3
12018,1,7
12019,0,4
12020,4,0
12021,7,5
12022,7,3
12023,0,6
12024,1,3
12025,6,7
12026,6,8
12027,1,8
12028,2,4
12029,2,9
12030,6,1
12031,2,7
12032,4,8
12033,2,4
12034,2,4
12035,1,3
12036,2,4
12037,7,8
12038,6,1
12039,6,5
12040,6,1
12041,6,1
12042,6,1
12043,1,8
12044,3,3
12045,7,8
12046,7,5
12047,0,6
12048,2,7
12049,6,1
12050,2,9
12051,2,9
12052,2,4
12053,3,2
12054,3,8
12055,2,4
12056,6,1
12057,4,0
12058,2,4
12059,2,9
12060,6,1
12061,2,9
12062,2,7
12063,1,3
12064,2,4
12065,6,7
12066,3,8
12067,1,7
12068,0,6
12069,2,9
12070,8,4
12071,6,1
12072,6,1
12073,7,8
12074,2,9
12075,2,4
12076,6,9
12077,2,4
12078,8,1
12079,1,2
12080,7,3
12081,2,7
12082,7,5
12083,7,5
12084,6,8
12085,7,8
12086,1,3
12087,7,5
12088,0,6
12089,3,3
12090,0,6
12091,3,2
12092,7,5
12093,1,2
12094,1,3
12095,4,0
12096,2,9
12097,6,5
12098,0,4
12099,7,8
12100,1,3
12101,0,6
12102,2,4
12103,4,0
12104,0,6
12105,2,4
12106,6,1
12107,4,0
12108,3,3
12109,1,3
12110,8,5
12111,6,8
12112,3,8
12113,6,1
12114,0,6
12115,4,0
12116,2,7
12117,1,3
12118,6,8
12119,1,0
12120,2,9
12121,2,4
12122,2,4
12123,6,7
12124,7,3
12125,2,4
12126,6,7
12127,2,9
12128,6,1
12129,3,2
12130,7,8
12131,2,9
12132,6,1
12133,6,1
12134,4,0
12135,3,2
12136,6,1
12137,6,5
12138,2,7
12139,6,7
12140,4,0
12141,6,1
12142,4,0
12143,2,7
12144,4,0
12145,6,1
12146,7,5
12147,0,6
12148,3,3
12149,2,7
12150,4,0
12151,3,3
12152,1,3
12153,6,3
12154,6,1
12155,0,6
12156,3,2
12157,6,5
12158,6,1
12159,0,6
12160,2,9
12161,3,2
12162,2,9
12163,6,8
12164,3,8
12165,2,7
12166,6,1
12167,0,6
12168,4,0
12169,2,4
12170,0,6
12171,2,9
12172,2,9
12173,7,8
12174,7,8
12175,2,9
12176,2,7
12177,0,6
12178,6,1
12179,2,9
12180,4,0
12181,6,5
12182,3,8
12183,6,3
12184,4,0
12185,6,7
12186,3,3
12187,2,4
12188,2,7
12189,6,3
12190,6,8
12191,0,6
12192,4,4
12193,0,0
12194,4,4
12195,4,0
12196,5,2
12197,2,4
12198,6,8
12199,0,6
12200,2,9
12201,0,6
12202,4,9
12203,2,9
12204,6,2
12205,4,0
12206,6,7
12207,6,1
12208,2,7
12209,6,1
12210,7,5
12211,6,3
12212,6,1
12213,3,2
12214,1,3
12215,6,1
12216,0,6
12217,0,0
12218,3,3
12219,0,0
12220,0,6
12221,6,1
12222,3,3
12223,1,2
12224,4,4
12225,1,3
12226,6,1
12227,2,4
12228,3,3
12229,7,5
12230,6,1
12231,0,6
12232,8,5
12233,2,7
12234,3,2
12235,6,8
12236,6,1
12237,2,9
12238,6,2
12239,3,0
12240,2,9
12241,6,1
12242,7,8
12243,1,2
12244,7,3
12245,3,3
12246,3,3
12247,2,4
12248,2,9
12249,7,5
12250,7,8
12251,0,6
12252,2,7
12253,6,7
12254,1,2
12255,6,8
12256,4,4
12257,2,9
12258,0,6
12259,0,0
12260,3,3
12261,6,1
12262,8,6
12263,1,2
12264,4,0
12265,1,3
12266,4,0
12267,0,4
12268,5,8
12269,6,5
12270,0,6
12271,0,6
12272,2,9
12273,6,7
12274,7,3
12275,6,8
12276,4,0
12277,6,9
12278,2,7
12279,2,4
12280,2,9
12281,6,2
12282,3,8
12283,0,6
12284,7,5
12285,0,4
12286,6,2
12287,2,7
12288,8,8
12289,7,5
12290,0,6
12291,2,4
12292,2,7
12293,2,7
12294,2,9
12295,7,8
12296,2,7
12297,2,9
12298,7,8
12299,6,2
12300,7,3
12301,6,9
12302,6,2
12303,7,3
12304,2,7
12305,2,9
12306,2,4
12307,3,3
12308,8,8
12309,6,8
12310,6,1
12311,3,2
12312,3,3
12313,0,0
12314,6,1
12315,2,9
12316,4,4
12317,6,8
12318,6,1
12319,0,6
12320,2,9
12321,0,0
12322,0,4
12323,6,1
12324,4,0
12325,4,0
12326,1,3
12327,4,4
12328,2,4
12329,1,3
12330,3,3
12331,6,5
12332,4,4
12333,1,3
12334,7,3
12335,6,8
12336,6,1
12337,3,0
12338,3,3
12339,0,0
12340,0,6
12341,7,5
12342,4,9
12343,6,4
12344,3,3
12345,1,3
12346,3,3
12347,6,5
12348,2,7
12349,3,3
12350,3,3
12351,0,0
12352,3,2
12353,6,8
12354,0,6
12355,3,3
12356,6,1
12357,0,0
12358,4,5
12359,0,6
12360,4,0
12361,1,2
12362,6,1
12363,6,7
12364,2,7
12365,6,1
12366,1,2
12367,6,1
12368,2,9
12369,7,8
12370,1,2
12371,6,1
12372,2,2
12373,6,7
12374,4,0
12375,6,1
12376,7,5
12377,1,3
12378,7,8
12379,1,8
12380,2,9
12381,7,5
12382,6,1
12383,6,1
12384,2,4
12385,6,2
12386,7,5
12387,3,0
12388,6,1
12389,6,9
12390,2,7
12391,2,7
12392,6,3
12393,0,6
12394,1,1
12395,2,7
12396,4,4
12397,0,4
12398,2,4
12399,6,1
12400,6,8
12401,0,6
12402,0,6
12403,2,7
12404,3,2
12405,7,5
12406,4,9
12407,6,1
12408,2,7
12409,3,2
12410,0,6
12411,0,6
12412,6,1
12413,2,7
12414,4,0
12415,6,1
12416,3,3
12417,2,9
12418,4,4
12419,7,8
12420,2,7
12421,0,0
12422,1,2
12423,0,6
12424,3,2
12425,2,9
12426,3,2
12427,0,4
12428,2,7
12429,2,9
12430,1,3
12431,6,9
12432,6,9
12433,0,6
12434,6,1
12435,1,2
12436,6,1
12437,1,3
12438,0,4
12439,2,7
12440,2,9
12441,6,1
12442,2,9
12443,6,9
12444,7,8
12445,5,2
12446,3,3
12447,1,2
12448,0,6
12449,6,5
12450,0,6
12451,3,3
12452,8,6
12453,6,7
12454,2,7
12455,7,8
12456,4,0
12457,0,0
12458,0,4
12459,6,1
12460,4,4
12461,3,2
12462,0,6
12463,7,3
12464,6,7
12465,2,4
12466,8,8
12467,7,5
12468,0,6
12469,0,6
12470,4,5
12471,2,7
12472,2,4
12473,7,8
12474,6,2
12475,2,9
12476,8,5
12477,0,0
12478,2,7
12479,6,1
12480,0,6
12481,5,2
12482,7,8
12483,1,3
12484,7,5
12485,0,4
12486,6,1
12487,7,5
12488,8,5
12489,0,6
12490,3,3
12491,2,7
12492,2,7
12493,7,8
12494,3,8
12495,2,9
12496,2,9
12497,0,0
12498,6,3
12499,6,1
12500,4,0
12501,6,2
12502,7,5
12503,7,3
12504,4,0
12505,2,4
12506,1,3
12507,7,5
12508,6,1
12509,0,6
12510,6,1
12511,2,7
12512,6,1
12513,3,8
12514,4,2
12515,2,9
12516,4,0
12517,3,2
12518,0,6
12519,7,5
12520,0,6
12521,6,1
12522,6,8
12523,0,6
12524,2,7
12525,2,4
12526,2,7
12527,1,3
12528,0,6
12529,2,9
12530,4,4
12531,2,9
12532,6,1
12533,4,0
12534,2,8
12535,2,9
12536,6,3
12537,2,7
12538,2,4
12539,6,1
12540,7,5
12541,0,6
12542,4,0
12543,0,4
12544,1,3
12545,7,3
12546,7,3
12547,0,6
12548,7,5
12549,3,2
12550,4,0
12551,3,2
12552,0,6
12553,0,0
12554,4,0
12555,0,0
12556,6,1
12557,7,8
12558,2,7
12559,6,2
12560,3,2
12561,7,5
12562,2,9
12563,2,9
12564,2,4
12565,7,8
12566,5,5
12567,0,6
12568,4,0
12569,7,5
12570,2,9
12571,2,7
12572,8,5
12573,4,0
12574,7,5
12575,4,0
12576,2,7
12577,0,4
12578,6,1
12579,2,7
12580,7,8
12581,0,4
12582,3,2
12583,7,3
12584,4,0
12585,7,2
12586,3,8
12587,3,2
12588,8,5
12589,0,4
12590,6,1
12591,6,1
12592,6,3
12593,3,3
12594,1,8
12595,2,4
12596,0,6
12597,2,7
12598,0,2
12599,2,7
12600,2,9
12601,2,7
12602,3,3
12603,7,2
12604,7,5
12605,4,0
12606,0,6
12607,2,9
12608,3,2
12609,7,8
12610,2,4
12611,7,5
12612,2,4
12613,0,6
12614,4,9
12615,0,4
12616,7,8
12617,7,3
12618,2,4
12619,7,8
12620,3,2
12621,3,2
12622,6,8
12623,3,8
12624,2,7
12625,3,3
12626,8,5
12627,7,8
12628,2,7
12629,2,9
12630,5,8
12631,7,5
12632,6,1
12633,3,8
12634,6,1
12635,4,0
12636,0,6
12637,7,5
12638,7,5
12639,2,4
12640,0,6
12641,2,7
12642,6,1
12643,6,1
12644,4,4
12645,7,3
12646,2,9
12647,6,1
12648,3,8
12649,2,7
12650,7,5
12651,3,9
12652,4,0
12653,0,0
12654,2,4
12655,6,9
12656,3,3
12657,6,1
12658,6,8
12659,6,7
12660,7,8
12661,7,3
12662,4,0
12663,3,8
12664,6,1
12665,4,0
12666,4,0
12667,7,3
12668,2,7
12669,2,9
12670,4,0
12671,6,1
12672,3,2
12673,0,6
12674,2,9
12675,2,4
12676,2,7
12677,7,3
12678,2,7
12679,7,2
12680,6,1
12681,6,1
12682,3,2
12683,3,8
12684,7,5
12685,0,6
12686,6,0
12687,0,4
12688,7,5
12689,7,5
12690,4,0
12691,4,0
12692,8,5
12693,6,1
12694,7,5
12695,7,5
12696,2,9
12697,7,5
12698,3,3
12699,0,6
12700,7,3
12701,7,5
12702,7,3
12703,4,0
12704,6,1
12705,6,1
12706,6,1
12707,3,2
12708,2,9
12709,3,3
12710,6,8
12711,2,4
12712,7,8
12713,7,5
12714,7,5
12715,0,6
12716,1,0
12717,2,7
12718,6,2
12719,2,8
12720,3,3
12721,2,9
12722,6,1
12723,4,0
12724,2,7
12725,6,1
12726,4,4
12727,3,2
12728,0,6
12729,1,3
12730,2,7
12731,2,4
12732,4,0
12733,7,5
12734,6,1
12735,0,6
12736,8,5
12737,2,7
12738,2,9
12739,2,9
12740,6,2
12741,4,0
12742,2,7
12743,6,1
12744,8,6
12745,3,2
12746,6,1
12747,3,3
12748,4,0
12749,2,4
12750,1,3
12751,2,7
12752,1,2
12753,4,9
12754,2,7
12755,2,4
12756,8,5
12757,2,7
12758,0,6
12759,0,6
12760,0,4
12761,3,3
12762,4,6
12763,0,4
12764,4,0
12765,4,0
12766,6,2
12767,4,9
12768,4,9
12769,2,7
12770,8,5
12771,6,1
12772,2,7
12773,2,9
12774,6,7
12775,3,3
12776,4,0
12777,7,8
12778,8,8
12779,2,4
12780,3,3
12781,2,7
12782,3,8
12783,3,3
12784,3,2
12785,4,0
12786,2,4
12787,2,9
12788,2,4
12789,2,9
12790,6,4
12791,6,1
12792,8,9
12793,6,1
12794,6,7
12795,0,4
12796,4,0
12797,3,2
12798,6,1
12799,4,0
12800,7,5
12801,0,6
12802,3,2
12803,3,2
12804,7,5
12805,6,1
12806,2,7
12807,6,1
12808,6,2
12809,6,1
12810,0,6
12811,6,1
12812,6,3
12813,4,7
12814,3,3
12815,3,2
12816,7,5
12817,2,4
12818,7,5
12819,2,7
12820,2,4
12821,7,5
12822,3,2
12823,3,2
12824,6,1
12825,4,9
12826,3,3
12827,2,4
12828,3,3
12829,7,5
12830,8,4
12831,6,8
12832,1,9
12833,2,9
12834,7,6
12835,2,7
12836,2,3
12837,4,0
12838,1,3
12839,4,0
12840,7,9
12841,2,7
12842,6,1
12843,0,5
12844,6,2
12845,6,1
12846,2,9
12847,6,1
12848,7,8
12849,2,7
12850,2,7
12851,0,6
12852,2,9
12853,0,6
12854,3,2
12855,0,6
12856,8,5
12857,7,8
12858,6,2
12859,3,2
12860,6,2
12861,3,2
12862,7,5
12863,2,7
12864,3,2
12865,2,7
12866,0,6
12867,2,4
12868,8,9
12869,4,0
12870,0,4
12871,3,2
12872,4,0
12873,6,4
12874,3,3
12875,3,2
12876,0,6
12877,1,3
12878,6,1
12879,3,3
12880,4,0
12881,3,3
12882,3,3
12883,6,1
12884,2,9
12885,6,1
12886,6,8
12887,0,6
12888,4,0
12889,2,9
12890,7,8
12891,8,5
12892,6,8
12893,8,5
12894,2,9
12895,7,3
12896,2,7
12897,4,0
12898,6,5
12899,7,8
12900,2,9
12901,3,3
12902,0,6
12903,4,9
12904,3,8
12905,0,6
12906,3,2
12907,1,0
12908,6,7
12909,6,1
12910,2,9
12911,3,2
12912,2,4
12913,3,3
12914,2,9
12915,2,4
12916,3,2
12917,6,5
12918,6,1
12919,0,6
12920,3,3
12921,2,7
12922,4,4
12923,7,8
12924,3,3
12925,2,9
12926,4,0
12927,0,0
12928,8,8
12929,6,1
12930,6,1
12931,1,2
12932,6,1
12933,1,3
12934,7,8
12935,2,4
12936,6,8
12937,6,5
12938,6,2
12939,0,6
12940,6,5
12941,2,7
12942,7,3
12943,7,8
12944,8,8
12945,2,9
12946,2,9
12947,0,0
12948,0,4
12949,6,1
12950,6,2
12951,1,2
12952,6,1
12953,1,3
12954,3,2
12955,0,4
12956,2,7
12957,0,5
12958,6,8
12959,0,6
12960,6,8
12961,2,7
12962,7,5
12963,7,8
12964,4,6
12965,2,9
12966,2,4
12967,1,3
12968,3,3
12969,2,4
12970,2,7
12971,6,1
12972,2,4
12973,2,4
12974,7,8
12975,0,6
12976,4,4
12977,0,6
12978,8,5
12979,2,7
12980,4,6
12981,7,3
12982,2,7
12983,3,3
12984,6,8
12985,0,2
12986,7,5
12987,6,1
12988,7,8
12989,2,9
12990,1,3
12991,0,4
12992,4,0
12993,2,7
12994,2,7
12995,1,3
12996,6,5
12997,8,4
12998,3,3
12999,2,9
13000,2,7
13001,6,1
13002,6,9
13003,6,1
13004,7,8
13005,0,0
13006,6,1
13007,6,1
13008,4,4
13009,2,4
13010,0,6
13011,0,6
13012,2,9
13013,4,0
13014,8,8
13015,3,2
13016,7,8
13017,7,8
13018,1,8
13019,1,2
13020,0,6
13021,1,5
13022,3,2
13023,5,2
13024,2,7
13025,6,1
13026,2,3
13027,2,7
13028,2,9
13029,1,0
13030,5,0
13031,0,2
13032,2,9
13033,0,0
13034,2,9
13035,0,6
13036,7,5
13037,7,8
13038,6,2
13039,3,2
13040,7,5
13041,2,9
13042,2,7
13043,3,2
13044,4,0
13045,3,3
13046,0,6
13047,0,6
13048,2,7
13049,6,9
13050,2,9
13051,6,8
13052,2,4
13053,6,7
13054,4,0
13055,7,8
13056,2,7
13057,2,9
13058,8,5
13059,3,2
13060,7,5
13061,0,2
13062,8,8
13063,2,9
13064,2,7
13065,1,8
13066,4,0
13067,0,6
13068,2,4
13069,0,4
13070,8,5
13071,0,4
13072,2,9
13073,8,4
13074,1,0
13075,3,0
13076,4,0
13077,0,0
13078,0,5
13079,7,8
13080,1,1
13081,0,0
13082,2,2
13083,6,8
13084,4,6
13085,0,6
13086,3,2
13087,0,6
13088,2,9
13089,6,8
13090,6,1
13091,2,7
13092,8,5
13093,1,3
13094,7,5
13095,7,8
13096,4,9
13097,0,0
13098,4,0
13099,1,3
13100,3,2
13101,0,6
13102,6,1
13103,7,8
13104,2,4
13105,1,3
13106,6,1
13107,6,1
13108,2,9
13109,1,3
13110,1,3
13111,2,9
13112,6,1
13113,6,1
13114,3,3
13115,2,9
13116,2,9
13117,0,0
13118,7,8
13119,2,7
13120,6,5
13121,0,2
13122,7,8
13123,2,7
13124,3,3
13125,0,4
13126,3,0
13127,1,3
13128,2,4
13129,6,1
13130,4,9
13131,1,7
13132,0,4
13133,0,6
13134,1,3
13135,4,0
13136,2,7
13137,6,1
13138,6,2
13139,6,2
13140,6,1
13141,3,3
13142,1,3
13143,2,4
13144,6,3
13145,6,5
13146,1,3
13147,0,6
13148,3,2
13149,6,7
13150,2,7
13151,7,8
13152,7,8
13153,6,9
13154,6,1
13155,3,0
13156,6,2
13157,6,1
13158,2,7
13159,6,2
13160,6,1
13161,3,3
13162,2,7
13163,0,4
13164,4,0
13165,0,5
13166,2,7
13167,0,6
13168,6,1
13169,2,7
13170,0,6
13171,7,8
13172,0,6
13173,2,9
13174,2,7
13175,0,0
13176,3,8
13177,6,1
13178,2,9
13179,3,2
13180,2,7
13181,3,3
13182,7,5
13183,0,4
13184,4,0
13185,1,5
13186,8,8
13187,6,7
13188,2,7
13189,7,8
13190,5,3
13191,2,9
13192,2,7
13193,3,3
13194,2,9
13195,6,8
13196,4,0
13197,3,0
13198,1,2
13199,2,7
13200,3,2
13201,6,1
13202,7,3
13203,0,0
13204,6,8
13205,2,7
13206,4,0
13207,0,6
13208,7,3
13209,2,9
13210,0,6
13211,0,0
13212,3,3
13213,6,1
13214,4,0
13215,0,0
13216,4,0
13217,0,0
13218,5,3
13219,7,8
13220,0,6
13221,3,3
13222,6,3
13223,0,4
13224,0,6
13225,3,3
13226,0,6
13227,6,1
13228,7,3
13229,6,5
13230,4,0
13231,0,0
13232,7,5
13233,4,0
13234,7,5
13235,2,9
13236,2,4
13237,6,5
13238,4,0
13239,3,3
13240,4,0
13241,6,4
13242,3,3
13243,6,7
13244,2,7
13245,0,6
13246,0,6
13247,2,9
13248,8,5
13249,3,2
13250,3,3
13251,0,4
13252,4,4
13253,6,5
13254,6,1
13255,2,7
13256,8,5
13257,3,2
13258,4,8
13259,6,1
13260,6,1
13261,0,6
13262,7,5
13263,0,4
13264,8,5
13265,6,9
13266,6,1
13267,2,4
13268,4,0
13269,2,9
13270,2,9
13271,2,4
13272,6,1
13273,6,1
13274,7,8
13275,3,2
13276,5,5
13277,3,2
13278,2,9
13279,6,5
13280,4,0
13281,7,8
13282,0,6
13283,6,1
13284,7,5
13285,3,3
13286,4,0
13287,3,2
13288,3,3
13289,2,9
13290,4,6
13291,0,4
13292,2,7
13293,3,3
13294,1,3
13295,3,2
13296,6,1
13297,6,1
13298,7,3
13299,3,2
13300,7,5
13301,7,8
13302,2,4
13303,0,6
13304,4,9
13305,0,5
13306,0,6
13307,6,1
13308,2,9
13309,0,6
13310,6,2
13311,6,7
13312,7,5
13313,0,2
13314,4,0
13315,6,1
13316,6,8
13317,3,3
13318,7,6
13319,2,7
13320,1,8
13321,6,5
13322,0,6
13323,2,9
13324,7,5
13325,3,3
13326,2,9
13327,6,8
13328,8,5
13329,6,7
13330,6,2
13331,7,5
13332,1,3
13333,2,7
13334,6,1
13335,0,0
13336,7,5
13337,6,7
13338,1,1
13339,2,4
13340,2,4
13341,7,8
13342,6,8
13343,7,8
13344,4,0
13345,6,5
13346,3,8
13347,0,0
13348,7,5
13349,0,6
13350,8,4
13351,0,6
13352,7,3
13353,3,3
13354,3,8
13355,2,7
13356,2,9
13357,0,6
13358,2,9
13359,2,9
13360,7,5
13361,6,9
13362,2,9
13363,0,4
13364,0,6
13365,6,8
13366,4,0
13367,0,4
13368,7,5
13369,6,1
13370,1,2
13371,0,0
13372,6,1
13373,0,6
13374,3,2
13375,0,6
13376,8,3
13377,3,0
13378,6,8
13379,6,1
13380,2,7
13381,3,2
13382,2,7
13383,3,3
13384,6,2
13385,2,4
13386,1,8
13387,7,5
13388,1,3
13389,0,6
13390,6,1
13391,2,7
13392,6,1
13393,7,8
13394,8,5
13395,2,9
13396,7,8
13397,3,0
13398,6,1
13399,6,1
13400,7,5
13401,3,2
13402,7,8
13403,3,3
13404,8,5
13405,2,7
13406,3,2
13407,3,8
13408,4,0
13409,2,9
13410,6,7
13411,4,0
13412,7,8
13413,6,1
13414,2,9
13415,3,2
13416,2,7
13417,1,3
13418,2,4
13419,2,4
13420,7,8
13421,2,7
13422,7,8
13423,6,8
13424,6,8
13425,2,9
13426,2,4
13427,0,6
13428,7,9
13429,2,9
13430,2,4
13431,0,6
13432,3,2
13433,6,1
13434,3,2
13435,2,9
13436,7,8
13437,2,9
13438,3,3
13439,2,9
13440,7,8
13441,0,4
13442,1,3
13443,2,4
13444,0,6
13445,3,3
13446,2,4
13447,7,8
13448,3,3
13449,6,1
13450,4,0
13451,2,4
13452,6,2
13453,6,1
13454,4,0
13455,3,2
13456,2,9
13457,7,5
13458,4,4
13459,4,0
13460,8,5
13461,2,9
13462,2,9
13463,2,4
13464,4,0
13465,2,9
13466,5,5
13467,4,0
13468,0,6
13469,2,7
13470,6,1
13471,4,4
13472,2,9
13473,2,4
13474,6,1
13475,6,1
13476,2,8
13477,7,8
13478,3,3
13479,2,7
13480,2,9
13481,0,6
13482,2,7
13483,4,0
13484,6,2
13485,7,8
13486,3,2
13487,6,1
13488,6,3
13489,7,8
13490,3,2
13491,3,2
13492,4,0
13493,0,6
13494,8,6
13495,3,2
13496,3,3
13497,4,0
13498,7,8
13499,2,9
13500,2,4
13501,6,1
13502,8,5
13503,3,2
13504,6,1
13505,7,5
13506,6,2
13507,2,4
13508,0,2
13509,7,5
13510,6,1
13511,0,6
13512,2,7
13513,2,7
13514,6,1
13515,2,7
13516,1,3
13517,7,5
13518,6,8
13519,1,3
13520,4,4
13521,1,0
13522,3,2
13523,3,2
13524,5,3
13525,3,2
13526,7,9
13527,3,2
13528,4,0
13529,2,7
13530,4,9
13531,1,3
13532,8,5
13533,7,5
13534,2,7
13535,3,2
13536,0,6
13537,6,1
13538,8,5
13539,4,4
13540,2,7
13541,2,4
13542,6,1
13543,3,3
13544,4,0
13545,7,0
13546,0,6
13547,4,0
13548,2,4
13549,7,8
13550,3,2
13551,7,5
13552,5,2
13553,2,4
13554,3,8
13555,2,7
13556,6,1
13557,2,9
13558,6,1
13559,7,8
13560,7,3
13561,2,7
13562,7,8
13563,2,9
13564,2,4
13565,0,6
13566,2,7
13567,3,3
13568,6,3
13569,6,1
13570,2,7
13571,2,7
13572,2,9
13573,2,9
13574,6,1
13575,0,6
13576,3,3
13577,3,3
13578,7,8
13579,1,3
13580,7,5
13581,6,1
13582,4,0
13583,4,0
13584,6,1
13585,3,2
13586,1,2
13587,0,6
13588,7,8
13589,4,0
13590,6,1
13591,7,5
13592,7,8
13593,0,6
13594,7,5
13595,0,6
13596,2,9
13597,7,8
13598,8,6
13599,2,7
13600,2,7
13601,1,3
13602,7,5
13603,7,5
13604,6,1
13605,7,8
13606,3,2
13607,7,3
13608,8,8
13609,4,0
13610,6,1
13611,6,1
13612,3,2
13613,3,2
13614,8,6
13615,7,3
13616,2,9
13617,6,1
13618,3,8
13619,8,5
13620,6,8
13621,0,6
13622,0,6
13623,4,0
13624,3,2
13625,6,1
13626,8,8
13627,1,2
13628,1,3
13629,3,3
13630,6,1
13631,6,1
13632,4,8
13633,6,5
13634,2,4
13635,0,6
13636,6,1
13637,2,7
13638,2,7
13639,6,8
13640,2,4
13641,4,0
13642,7,5
13643,6,1
13644,2,7
13645,3,2
13646,2,9
13647,1,3
13648,6,1
13649,6,1
13650,4,4
13651,6,7
13652,0,9
13653,2,4
13654,6,2
13655,3,8
13656,3,3
13657,6,1
13658,1,3
13659,8,5
13660,3,3
13661,0,6
13662,2,7
13663,6,5
13664,4,4
13665,2,7
13666,4,9
13667,3,2
13668,2,9
13669,3,8
13670,7,3
13671,0,6
13672,2,9
13673,3,3
13674,6,1
13675,3,3
13676,1,3
13677,7,8
13678,2,9
13679,0,6
13680,8,8
13681,8,5
13682,7,8
13683,2,4
13684,2,7
13685,4,0
13686,0,6
13687,2,9
13688,2,4
13689,6,1
13690,6,2
13691,6,7
13692,2,9
13693,6,2
13694,6,2
13695,2,9
13696,0,6
13697,6,1
13698,2,9
13699,7,5
13700,6,1
13701,6,1
13702,0,6
13703,1,3
13704,3,3
13705,3,2
13706,3,3
13707,1,3
13708,8,5
13709,0,6
13710,6,7
13711,6,1
13712,4,6
13713,3,3
13714,2,4
13715,0,6
13716,8,5
13717,2,9
13718,6,7
13719,7,0
13720,4,9
13721,6,1
13722,3,2
13723,6,8
13724,7,5
13725,6,1
13726,4,0
13727,2,4
13728,2,9
13729,4,0
13730,4,0
13731,0,6
13732,8,5
13733,6,1
13734,4,0
13735,1,2
13736,7,3
13737,0,6
13738,4,0
13739,2,9
13740,1,3
13741,3,2
13742,7,9
13743,3,2
13744,2,7
13745,3,3
13746,2,7
13747,7,5
13748,6,1
13749,6,5
13750,3,3
13751,4,0
13752,8,9
13753,6,7
13754,2,7
13755,6,7
13756,2,7
13757,6,9
13758,8,6
13759,0,6
13760,4,6
13761,3,2
13762,3,2
13763,2,9
13764,4,0
13765,2,4
13766,0,4
13767,2,7
13768,4,9
13769,4,0
13770,0,6
13771,3,2
13772,0,6
13773,3,3
13774,3,2
13775,0,4
13776,1,7
13777,4,0
13778,6,3
13779,3,0
13780,0,6
13781,6,8
13782,6,1
13783,7,5
13784,8,5
13785,6,1
13786,2,7
13787,3,3
13788,6,1
13789,6,7
13790,6,1
13791,2,9
13792,6,8
13793,6,8
13794,2,7
13795,7,8
13796,8,5
13797,2,9
13798,4,0
13799,4,0
13800,7,5
13801,2,9
13802,2,7
13803,6,8
13804,1,2
13805,2,9
13806,2,9
13807,4,0
13808,4,0
13809,0,6
13810,2,7
13811,6,5
13812,3,8
13813,0,6
13814,2,7
13815,2,7
13816,4,0
13817,0,4
13818,6,2
13819,6,7
13820,3,2
13821,6,5
13822,4,0
13823,2,4
13824,3,3
13825,6,1
13826,4,0
13827,3,3
13828,0,6
13829,6,5
13830,4,0
13831,5,3
13832,0,6
13833,4,0
13834,2,7
13835,6,1
13836,1,3
13837,6,2
13838,0,6
13839,3,3
13840,6,1
13841,2,4
13842,2,7
13843,6,5
13844,6,2
13845,0,6
13846,0,6
13847,2,7
13848,4,4
13849,6,8
13850,2,4
13851,2,9
13852,2,4
13853,0,0
13854,4,0
13855,6,1
13856,2,4
13857,3,2
13858,0,6
13859,3,3
13860,0,6
13861,0,4
13862,7,5
13863,6,5
13864,2,4
13865,0,6
13866,8,8
13867,2,7
13868,4,4
13869,6,8
13870,2,4
13871,2,9
13872,4,0
13873,4,0
13874,4,0
13875,6,1
13876,4,8
13877,3,2
13878,8,4
13879,3,3
13880,4,0
13881,0,6
13882,6,1
13883,2,7
13884,6,1
13885,6,8
13886,8,5
13887,2,9
13888,6,8
13889,4,0
13890,1,7
13891,2,9
13892,6,1
13893,2,9
13894,7,3
13895,6,8
13896,4,0
13897,2,9
13898,2,9
13899,6,8
13900,2,7
13901,0,4
13902,4,4
13903,6,1
13904,4,9
13905,6,7
13906,6,3
13907,2,7
13908,0,4
13909,3,3
13910,3,2
13911,0,0
13912,4,6
13913,0,0
13914,3,2
13915,2,7
13916,4,0
13917,6,8
13918,4,0
13919,6,2
13920,2,8
13921,0,0
13922,1,2
13923,6,1
13924,7,8
13925,3,2
13926,4,0
13927,0,6
13928,3,2
13929,3,3
13930,3,2
13931,3,3
13932,2,9
13933,2,7
13934,7,8
13935,3,3
13936,9,9
13937,3,3
13938,8,5
13939,0,6
13940,8,5
13941,0,6
13942,2,4
13943,0,4
13944,7,8
13945,2,9
13946,7,5
13947,6,1
13948,8,5
13949,2,9
13950,6,1
13951,6,8
13952,3,2
13953,3,2
13954,7,8
13955,0,0
13956,6,1
13957,3,3
13958,7,5
13959,3,2
13960,7,8
13961,6,1
13962,4,0
13963,2,7
13964,8,6
13965,3,3
13966,3,8
13967,6,1
13968,2,4
13969,4,3
13970,0,6
13971,2,9
13972,6,2
13973,6,1
13974,6,1
13975,2,7
13976,7,8
13977,0,6
13978,2,7
13979,6,8
13980,1,3
13981,0,4
13982,2,9
13983,3,3
13984,6,2
13985,6,1
13986,4,4
13987,0,4
13988,8,5
13989,3,0
13990,3,8
13991,3,5
13992,8,1
13993,3,3
13994,3,2
13995,0,6
13996,4,9
13997,2,9
13998,9,9
13999,0,6
14000,6,1
14001,6,1
14002,1,3
14003,6,8
14004,2,7
14005,3,2
14006,7,5
14007,6,2
14008,2,8
14009,6,5
14010,2,9
14011,2,7
14012,4,0
14013,6,8
14014,6,8
14015,6,9
14016,6,1
14017,6,8
14018,2,4
14019,4,0
14020,7,8
14021,6,1
14022,2,7
14023,1,2
14024,3,2
14025,1,3
14026,7,3
14027,2,4
14028,1,3
14029,7,5
14030,7,3
14031,0,6
14032,6,7
14033,2,7
14034,4,0
14035,3,8
14036,2,4
14037,2,9
14038,6,1
14039,4,0
14040,3,2
14041,1,1
14042,2,9
14043,1,2
14044,0,6
14045,1,3
14046,2,7
14047,2,4
14048,7,5
14049,7,5
14050,1,2
14051,0,6
14052,4,0
14053,2,7
14054,8,5
14055,7,8
14056,6,1
14057,2,9
14058,2,9
14059,3,0
14060,6,1
14061,1,1
14062,3,8
14063,1,2
14064,2,4
14065,1,3
14066,2,4
14067,2,4
14068,7,8
14069,7,5
14070,8,1
14071,0,6
14072,0,6
14073,2,7
14074,8,5
14075,7,8
14076,2,7
14077,2,9
14078,1,5
14079,6,1
14080,7,3
14081,1,2
14082,2,9
14083,0,6
14084,3,2
14085,7,5
14086,4,4
14087,1,3
14088,2,7
14089,4,0
14090,3,5
14091,1,2
14092,4,0
14093,1,8
14094,2,7
14095,2,7
14096,7,5
14097,4,0
14098,6,1
14099,1,3
14100,8,5
14101,0,6
14102,4,0
14103,2,4
14104,6,7
14105,2,4
14106,7,5
14107,1,3
14108,6,2
14109,0,6
14110,4,0
14111,2,7
14112,6,2
14113,1,2
14114,6,7
14115,1,3
14116,2,9
14117,2,9
14118,1,2
14119,1,1
14120,3,9
14121,1,2
14122,7,5
14123,6,1
14124,3,2
14125,5,2
14126,6,1
14127,9,9
14128,6,8
14129,0,6
14130,3,2
14131,4,0
14132,1,2
14133,1,1
14134,0,4
14135,1,3
14136,8,6
14137,4,0
14138,2,7
14139,1,2
14140,3,8
14141,2,7
14142,8,9
14143,7,5
14144,4,5
14145,2,7
14146,2,9
14147,0,6
14148,3,0
14149,6,1
14150,7,5
14151,2,9
14152,6,7
14153,4,0
14154,6,1
14155,0,6
14156,4,4
14157,4,0
14158,4,0
14159,0,6
14160,4,0
14161,4,0
14162,6,8
14163,1,2
14164,4,9
14165,4,0
14166,7,3
14167,0,6
14168,8,5
14169,6,1
14170,1,8
14171,7,5
14172,0,6
14173,7,8
14174,3,2
14175,2,4
14176,0,4
14177,1,3
14178,0,6
14179,1,0
14180,7,5
14181,6,1
14182,2,9
14183,7,5
14184,3,3
14185,2,4
14186,3,6
14187,2,4
14188,2,4
14189,7,8
14190,0,6
14191,8,8
14192,3,8
14193,2,4
14194,2,4
14195,8,5
14196,6,1
14197,2,7
14198,2,4
14199,7,5
14200,3,3
14201,2,7
14202,4,0
14203,7,8
14204,7,5
14205,1,3
14206,8,4
14207,2,4
14208,2,9
14209,7,8
14210,3,3
14211,7,8
14212,6,1
14213,7,5
14214,8,5
14215,1,2
14216,2,9
14217,7,9
14218,8,5
14219,2,7
14220,0,4
14221,6,1
14222,7,9
14223,1,3
14224,6,1
14225,7,8
14226,6,8
14227,6,1
14228,6,1
14229,4,0
14230,3,2
14231,2,7
14232,0,6
14233,7,5
14234,6,1
14235,7,9
14236,1,3
14237,0,6
14238,6,7
14239,7,9
14240,2,9
14241,2,4
14242,6,7
14243,2,7
14244,6,2
14245,2,7
14246,1,7
14247,2,9
14248,3,6
14249,2,9
14250,2,8
14251,7,5
14252,6,1
14253,7,8
14254,6,9
14255,1,3
14256,0,6
14257,2,4
14258,4,0
14259,2,4
14260,0,4
14261,1,3
14262,3,3
14263,3,8
14264,3,2
14265,0,6
14266,5,3
14267,1,2
14268,6,1
14269,4,0
14270,7,8
14271,6,1
14272,2,4
14273,5,2
14274,2,4
14275,3,3
14276,4,0
14277,6,7
14278,4,0
14279,6,8
14280,2,7
14281,2,9
14282,4,0
14283,7,3
14284,2,7
14285,0,4
14286,2,3
14287,2,7
14288,6,7
14289,2,9
14290,0,4
14291,4,0
14292,0,6
14293,6,1
14294,6,9
14295,3,2
14296,2,4
14297,1,3
14298,6,1
14299,6,7
14300,0,6
14301,6,8
14302,6,2
14303,1,3
14304,7,8
14305,2,8
14306,4,9
14307,6,7
14308,0,6
14309,6,1
14310,6,1
14311,5,0
14312,6,1
14313,6,7
14314,2,1
14315,0,6
14316,7,5
14317,2,9
14318,7,5
14319,4,0
14320,1,3
14321,6,1
14322,3,8
14323,4,0
14324,4,9
14325,0,0
14326,2,4
14327,6,1
14328,0,6
14329,1,0
14330,0,6
14331,2,9
14332,4,9
14333,1,3
14334,4,0
14335,0,4
14336,2,9
14337,6,7
14338,1,8
14339,0,6
14340,3,2
14341,2,9
14342,6,2
14343,3,2
14344,0,6
14345,6,1
14346,6,1
14347,0,6
14348,2,7
14349,0,4
14350,3,3
14351,2,4
14352,3,3
14353,6,1
14354,6,1
14355,0,2
14356,4,0
14357,3,2
14358,9,9
14359,6,1
14360,2,7
14361,3,3
14362,7,8
14363,3,2
14364,2,9
14365,2,9
14366,6,1
14367,3,3
14368,7,5
14369,3,2
14370,7,5
14371,6,1
14372,0,6
14373,0,2
14374,6,6
14375,6,1
14376,7,5
14377,0,6
14378,9,2
14379,6,7
14380,6,8
14381,5,2
14382,7,8
14383,7,3
14384,4,0
14385,2,8
14386,6,7
14387,2,7
14388,7,3
14389,6,5
14390,4,4
14391,2,7
14392,3,2
14393,4,0
14394,5,3
14395,6,7
14396,8,8
14397,6,4
14398,2,7
14399,0,6
14400,0,6
14401,3,3
14402,4,0
14403,6,7
14404,8,5
14405,0,6
14406,3,8
14407,2,9
14408,6,1
14409,2,9
14410,3,3
14411,2,4
14412,4,0
14413,6,8
14414,6,1
14415,2,4
14416,0,6
14417,6,1
14418,4,6
14419,4,0
14420,3,3
14421,0,6
14422,3,2
14423,0,6
14424,2,4
14425,4,0
14426,2,4
14427,6,1
14428,7,5
14429,6,2
14430,4,0
14431,3,3
14432,2,4
14433,2,4
14434,2,9
14435,7,5
14436,4,9
14437,0,6
14438,8,8
14439,2,7
14440,2,4
14441,7,8
14442,2,9
14443,2,9
14444,7,5
14445,4,0
14446,3,2
14447,3,3
14448,2,7
14449,2,4
14450,6,3
14451,7,5
14452,3,8
14453,0,6
14454,7,3
14455,2,7
14456,1,3
14457,6,8
14458,1,2
14459,2,9
14460,2,7
14461,4,0
14462,6,1
14463,6,1
14464,6,1
14465,3,2
14466,6,1
14467,7,3
14468,3,2
14469,2,4
14470,2,7
14471,7,5
14472,4,0
14473,0,6
14474,1,8
14475,6,7
14476,1,3
14477,6,8
14478,6,8
14479,2,9
14480,3,8
14481,4,0
14482,4,4
14483,7,5
14484,3,2
14485,7,5
14486,8,5
14487,0,6
14488,3,3
14489,7,5
14490,1,2
14491,4,0
14492,0,6
14493,2,9
14494,7,8
14495,6,8
14496,2,4
14497,2,9
14498,6,1
14499,6,8
14500,6,6
14501,2,4
14502,2,9
14503,6,1
14504,2,9
14505,2,7
14506,6,7
14507,7,5
14508,5,2
14509,6,1
14510,6,2
14511,4,0
14512,8,5
14513,4,0
14514,5,3
14515,6,2
14516,6,1
14517,3,2
14518,4,0
14519,2,7
14520,0,4
14521,6,1
14522,4,7
14523,6,2
14524,6,6
14525,0,6
14526,0,6
14527,7,3
14528,8,4
14529,3,3
14530,4,0
14531,6,7
14532,2,7
14533,3,3
14534,7,5
14535,3,3
14536,6,7
14537,2,4
14538,4,4
14539,2,4
14540,6,7
14541,6,1
14542,2,4
14543,7,5
14544,7,5
14545,3,0
14546,4,4
14547,2,9
14548,6,3
14549,7,5
14550,3,2
14551,6,2
14552,1,3
14553,6,8
14554,2,9
14555,6,2
14556,2,7
14557,0,0
14558,1,3
14559,4,0
14560,6,1
14561,6,1
14562,8,5
14563,2,7
14564,4,0
14565,0,6
14566,1,3
14567,3,3
14568,2,9
14569,6,2
14570,0,6
14571,6,1
14572,2,4
14573,6,7
14574,4,0
14575,6,1
14576,0,6
14577,7,3
14578,2,4
14579,2,9
14580,3,9
14581,2,7
14582,2,9
14583,0,6
14584,6,1
14585,6,1
14586,6,7
14587,0,4
14588,3,3
14589,4,0
14590,2,7
14591,7,5
14592,4,4
14593,0,6
14594,2,7
14595,6,1
14596,3,2
14597,6,7
14598,1,7
14599,7,5
14600,2,7
14601,6,7
14602,6,4
14603,3,2
14604,0,6
14605,6,7
14606,6,1
14607,2,9
14608,0,6
14609,7,5
14610,0,6
14611,6,8
14612,6,1
14613,4,0
14614,7,8
14615,6,1
14616,2,4
14617,1,2
14618,0,6
14619,3,3
14620,2,4
14621,2,4
14622,2,7
14623,5,5
14624,3,3
14625,7,8
14626,6,8
14627,2,9
14628,7,5
14629,4,0
14630,7,5
14631,8,1
14632,0,6
14633,1,2
14634,0,6
14635,7,3
14636,7,3
14637,2,4
14638,7,8
14639,8,5
14640,7,8
14641,0,6
14642,2,7
14643,2,7
14644,1,0
14645,8,8
14646,6,2
14647,2,9
14648,6,8
14649,4,0
14650,6,4
14651,8,1
14652,4,4
14653,1,2
14654,0,4
14655,1,3
14656,6,1
14657,2,4
14658,0,6
14659,7,5
14660,0,6
14661,0,6
14662,2,9
14663,2,7
14664,8,8
14665,8,8
14666,0,6
14667,2,9
14668,4,0
14669,8,8
14670,7,5
14671,0,6
14672,8,5
14673,7,5
14674,1,3
14675,4,0
14676,0,6
14677,0,6
14678,6,8
14679,7,8
14680,2,9
14681,2,9
14682,6,1
14683,4,4
14684,2,7
14685,6,1
14686,7,3
14687,2,9
14688,7,5
14689,7,5
14690,8,8
14691,1,3
14692,1,3
14693,4,0
14694,6,2
14695,2,4
14696,2,9
14697,2,8
14698,6,1
14699,2,9
14700,2,4
14701,6,1
14702,1,2
14703,2,4
14704,1,3
14705,4,0
14706,8,8
14707,7,5
14708,0,6
14709,3,5
14710,2,7
14711,1,2
14712,4,0
14713,7,5
14714,7,5
14715,4,4
14716,2,9
14717,4,0
14718,2,7
14719,2,7
14720,4,4
14721,0,6
14722,4,0
14723,4,0
14724,6,1
14725,6,1
14726,2,9
14727,2,7
14728,7,8
14729,4,0
14730,1,8
14731,0,6
14732,0,6
14733,2,8
14734,6,1
14735,2,9
14736,3,3
14737,7,5
14738,3,3
14739,2,4
14740,4,4
14741,2,7
14742,8,5
14743,2,9
14744,2,9
14745,1,8
14746,4,0
14747,0,6
14748,7,5
14749,4,0
14750,2,7
14751,1,8
14752,4,0
14753,8,1
14754,1,8
14755,2,7
14756,6,1
14757,2,7
14758,6,1
14759,8,1
14760,3,2
14761,1,3
14762,4,9
14763,1,2
14764,0,6
14765,5,3
14766,8,8
14767,8,1
14768,0,6
14769,2,4
14770,2,7
14771,1,2
14772,7,8
14773,4,0
14774,0,4
14775,4,0
14776,6,2
14777,2,7
14778,0,6
14779,1,8
14780,2,9
14781,2,4
14782,6,8
14783,0,6
14784,0,6
14785,2,4
14786,3,3
14787,2,9
14788,4,4
14789,1,3
14790,4,9
14791,1,8
14792,3,3
14793,2,4
14794,6,1
14795,2,7
14796,2,9
14797,3,2
14798,3,2
14799,7,5
14800,3,2
14801,0,6
14802,2,7
14803,1,3
14804,0,6
14805,0,6
14806,8,5
14807,3,2
14808,3,8
14809,3,2
14810,3,3
14811,2,4
14812,6,1
14813,0,6
14814,6,7
14815,2,9
14816,2,9
14817,4,0
14818,2,9
14819,1,2
14820,4,0
14821,8,1
14822,2,9
14823,1,3
14824,2,7
14825,5,3
14826,4,8
14827,2,9
14828,6,5
14829,2,7
14830,2,8
14831,1,8
14832,2,7
14833,2,7
14834,6,1
14835,1,2
14836,1,2
14837,1,2
14838,6,2
14839,8,5
14840,4,0
14841,2,7
14842,2,9
14843,2,9
14844,4,9
14845,1,8
14846,6,1
14847,1,2
14848,0,6
14849,6,1
14850,2,7
14851,1,3
14852,6,2
14853,6,1
14854,8,5
14855,1,3
14856,3,3
14857,4,0
14858,6,1
14859,6,1
14860,6,1
14861,6,2
14862,7,5
14863,7,3
14864,3,3
14865,0,4
14866,1,7
14867,7,5
14868,5,2
14869,0,6
14870,6,1
14871,2,7
14872,3,8
14873,6,8
14874,6,1
14875,2,9
14876,6,2
14877,3,0
14878,5,3
14879,6,1
14880,7,3
14881,6,2
14882,4,4
14883,7,3
14884,4,9
14885,2,4
14886,0,9
14887,0,5
14888,2,9
14889,0,6
14890,4,0
14891,2,7
14892,6,1
14893,6,8
14894,6,5
14895,2,9
14896,7,8
14897,4,0
14898,2,7
14899,6,1
14900,6,1
14901,9,2
14902,4,8
14903,7,3
14904,2,4
14905,2,4
14906,6,1
14907,7,5
14908,6,8
14909,0,6
14910,0,6
14911,2,7
14912,3,6
14913,6,8
14914,1,2
14915,2,9
14916,8,3
14917,7,5
14918,7,5
14919,4,0
14920,2,7
14921,0,6
14922,4,9
14923,7,8
14924,6,1
14925,2,9
14926,2,7
14927,2,4
14928,2,9
14929,6,1
14930,2,7
14931,2,9
14932,6,2
14933,7,5
14934,2,9
14935,7,3
14936,6,1
14937,0,0
14938,3,2
14939,0,4
14940,0,6
14941,6,8
14942,6,1
14943,2,9
14944,4,0
14945,6,1
14946,7,5
14947,2,4
14948,6,1
14949,3,0
14950,2,9
14951,7,5
14952,0,6
14953,6,1
14954,6,7
14955,7,5
14956,2,9
14957,2,4
14958,6,1
14959,4,0
14960,0,6
14961,2,7
14962,6,2
14963,0,6
14964,6,1
14965,4,0
14966,2,4
14967,6,1
14968,6,8
14969,2,7
14970,7,5
14971,4,0
14972,2,4
14973,0,6
14974,2,9
14975,6,8
14976,2,4
14977,2,9
14978,1,2
14979,7,5
14980,6,1
14981,2,4
14982,4,9
14983,2,7
14984,2,9
14985,2,9
14986,6,1
14987,6,8
14988,2,9
14989,0,6
14990,8,4
14991,4,0
14992,6,1
14993,6,8
14994,4,5
14995,6,1
14996,6,2
14997,2,7
14998,6,1
14999,2,7
15000,8,5
15001,6,1
15002,6,1
15003,3,3
15004,0,6
15005,3,2
15006,0,6
15007,7,3
15008,3,3
15009,6,1
15010,1,3
15011,2,4
15012,8,5
15013,3,2
15014,3,3
15015,4,0
15016,3,2
15017,4,0
15018,2,9
15019,2,7
15020,6,1
15021,6,8
15022,6,3
15023,2,4
15024,7,5
15025,0,6
15026,6,1
15027,2,4
15028,4,0
15029,2,9
15030,3,2
15031,7,3
15032,0,6
15033,6,8
15034,6,1
15035,2,4
15036,0,6
15037,2,7
15038,2,4
15039,3,2
15040,3,2
15041,7,5
15042,4,0
15043,0,6
15044,6,1
15045,7,3
15046,4,0
15047,0,6
15048,6,1
15049,2,9
15050,6,8
15051,0,6
15052,3,3
15053,7,3
15054,7,5
15055,3,2
15056,6,8
15057,3,2
15058,0,4
15059,2,4
15060,4,0
15061,0,6
15062,2,7
15063,2,9
15064,0,0
15065,4,0
15066,7,5
15067,3,2
15068,6,1
15069,7,5
15070,8,5
15071,7,5
15072,4,9
15073,6,1
15074,2,7
15075,3,3
15076,3,3
15077,3,3
15078,2,4
15079,2,9
15080,1,3
15081,2,7
15082,6,1
15083,3,2
15084,0,6
15085,7,5
15086,6,7
15087,2,7
15088,0,6
15089,2,9
15090,1,3
15091,6,8
15092,2,4
15093,3,2
15094,3,2
15095,6,1
15096,7,8
15097,3,3
15098,2,7
15099,6,1
15100,8,4
15101,3,3
15102,7,8
15103,3,0
15104,7,8
15105,6,1
15106,6,7
15107,6,2
15108,4,0
15109,7,3
15110,7,5
15111,6,4
15112,4,9
15113,2,7
15114,3,6
15115,6,8
15116,7,5
15117,2,9
15118,7,5
15119,3,0
15120,4,0
15121,6,1
15122,1,7
15123,6,2
15124,2,9
15125,7,3
15126,7,5
15127,2,7
15128,2,9
15129,7,8
15130,4,0
15131,2,9
15132,6,2
15133,3,0
15134,0,6
15135,6,1
15136,7,5
15137,3,2
15138,6,1
15139,3,3
15140,7,5
15141,6,4
15142,4,0
15143,7,5
15144,7,5
15145,0,6
15146,2,9
15147,2,7
15148,6,1
15149,7,8
15150,4,0
15151,2,9
15152,6,1
15153,3,2
15154,6,1
15155,7,5
15156,4,0
15157,6,1
15158,1,8
15159,0,6
15160,4,0
15161,0,4
15162,2,9
15163,1,3
15164,6,1
15165,2,9
15166,0,6
15167,6,9
15168,6,7
15169,4,0
15170,2,9
15171,2,9
15172,2,7
15173,2,7
15174,7,3
15175,6,1
15176,1,3
15177,0,6
15178,8,5
15179,2,4
15180,8,4
15181,7,3
15182,1,1
15183,0,6
15184,2,4
15185,0,2
15186,7,3
15187,0,2
15188,8,6
15189,5,0
15190,0,6
15191,5,0
15192,2,7
15193,8,5
15194,2,9
15195,2,9
15196,0,6
15197,6,5
15198,4,0
15199,2,7
15200,2,7
15201,7,3
15202,6,7
15203,3,2
15204,6,7
15205,3,2
15206,7,5
15207,6,4
15208,4,0
15209,2,7
15210,1,3
15211,0,6
15212,2,9
15213,2,7
15214,2,4
15215,2,7
15216,1,3
15217,3,2
15218,2,4
15219,7,8
15220,0,6
15221,7,8
15222,2,9
15223,3,2
15224,6,1
15225,7,8
15226,3,3
15227,7,3
15228,3,2
15229,2,7
15230,2,7
15231,6,1
15232,7,5
15233,7,3
15234,0,6
15235,2,9
15236,7,8
15237,4,0
15238,8,5
15239,2,9
15240,6,1
15241,6,1
15242,4,0
15243,2,7
15244,2,9
15245,3,3
15246,1,3
15247,7,8
15248,6,8
15249,5,0
15250,3,3
15251,7,3
15252,1,1
15253,2,9
15254,2,7
15255,6,1
15256,2,7
15257,0,6
15258,6,8
15259,2,4
15260,2,7
15261,7,3
15262,1,2
15263,3,2
15264,1,1
15265,6,1
15266,6,1
15267,8,8
15268,2,9
15269,0,6
15270,3,2
15271,6,1
15272,6,2
15273,7,5
15274,2,4
15275,4,0
15276,2,7
15277,6,1
15278,3,2
15279,3,2
15280,8,6
15281,3,3
15282,7,8
15283,2,4
15284,7,5
15285,7,5
15286,4,8
15287,0,6
15288,4,0
15289,6,8
15290,6,1
15291,4,0
15292,1,3
15293,6,1
15294,2,4
15295,6,2
15296,3,2
15297,3,3
15298,2,4
15299,2,4
15300,6,1
15301,7,5
15302,2,9
15303,0,6
15304,7,5
15305,2,7
15306,7,5
15307,6,8
15308,6,1
15309,6,9
15310,4,4
15311,4,0
15312,2,9
15313,0,4
15314,0,6
15315,7,5
15316,6,1
15317,0,6
15318,4,0
15319,2,7
15320,8,6
15321,6,8
15322,1,3
15323,2,9
15324,3,6
15325,4,0
15326,2,9
15327,2,7
15328,3,2
15329,4,0
15330,4,0
15331,2,7
15332,1,3
15333,7,8
15334,0,6
15335,7,3
15336,3,3
15337,7,5
15338,8,6
15339,3,3
15340,2,7
15341,6,8
15342,7,3
15343,6,8
15344,4,0
15345,6,1
15346,3,3
15347,0,4
15348,0,6
15349,2,9
15350,1,3
15351,0,6
15352,0,4
15353,6,1
15354,6,9
15355,6,8
15356,1,1
15357,2,9
15358,7,5
15359,0,4
15360,2,9
15361,6,1
15362,3,5
15363,6,2
15364,6,8
15365,7,5
15366,6,8
15367,2,9
15368,6,2
15369,6,9
15370,0,6
15371,7,5
15372,8,3
15373,6,4
15374,8,5
15375,3,3
15376,4,4
15377,3,3
15378,7,5
15379,3,3
15380,6,1
15381,2,9
15382,4,0
15383,4,0
15384,0,6
15385,6,1
15386,4,6
15387,2,9
15388,3,3
15389,6,1
15390,8,5
15391,6,2
15392,6,1
15393,2,7
15394,2,4
15395,2,9
15396,6,1
15397,6,1
15398,7,5
15399,7,0
15400,2,4
15401,0,6
15402,4,5
15403,6,2
15404,4,6
15405,2,4
15406,3,8
15407,3,0
15408,6,8
15409,3,3
15410,2,7
15411,6,8
15412,1,3
15413,2,9
15414,2,9
15415,7,5
15416,2,4
15417,0,6
15418,6,2
15419,0,6
15420,2,4
15421,7,5
15422,2,7
15423,6,1
15424,8,8
15425,6,7
15426,2,4
15427,6,1
15428,6,1
15429,6,4
15430,7,8
15431,0,6
15432,4,4
15433,2,9
15434,0,2
15435,6,1
15436,6,8
15437,3,3
15438,6,1
15439,6,1
15440,3,2
15441,0,6
15442,4,0
15443,3,3
15444,8,5
15445,4,0
15446,2,9
15447,0,6
15448,0,6
15449,6,7
15450,3,6
15451,6,1
15452,2,7
15453,3,3
15454,4,0
15455,6,8
15456,2,4
15457,6,2
15458,7,8
15459,0,6
15460,2,7
15461,6,2
15462,6,5
15463,0,6
15464,8,5
15465,2,7
15466,6,2
15467,6,8
15468,2,7
15469,2,7
15470,3,2
15471,4,0
15472,1,3
15473,6,1
15474,6,3
15475,1,2
15476,1,2
15477,3,3
15478,0,6
15479,0,4
15480,4,0
15481,6,5
15482,1,3
15483,0,6
15484,0,6
15485,2,7
15486,2,3
15487,6,8
15488,7,5
15489,2,9
15490,2,7
15491,3,0
15492,4,0
15493,6,1
15494,2,7
15495,3,2
15496,2,3
15497,3,3
15498,2,9
15499,2,7
15500,4,6
15501,6,8
15502,7,8
15503,2,9
15504,4,0
15505,7,0
15506,3,2
15507,6,1
15508,4,0
15509,3,2
15510,6,2
15511,1,3
15512,4,9
15513,2,7
15514,2,4
15515,6,8
15516,4,0
15517,2,9
15518,6,7
15519,7,3
15520,4,0
15521,2,4
15522,7,8
15523,6,1
15524,4,0
15525,0,4
15526,0,6
15527,0,6
15528,8,5
15529,0,6
15530,4,0
15531,2,7
15532,3,8
15533,7,3
15534,1,3
15535,3,3
15536,6,1
15537,3,2
15538,8,5
15539,6,1
15540,1,3
15541,2,9
15542,4,0
15543,0,4
15544,6,3
15545,2,7
15546,7,8
15547,3,3
15548,8,1
15549,7,5
15550,6,1
15551,0,4
15552,3,5
15553,2,9
15554,2,7
15555,6,1
15556,4,4
15557,6,1
15558,7,5
15559,4,0
15560,2,9
15561,6,1
15562,7,9
15563,6,4
15564,4,0
15565,0,6
15566,4,0
15567,4,0
15568,0,4
15569,6,2
15570,2,7
15571,7,5
15572,7,3
15573,6,2
15574,6,1
15575,6,1
15576,4,4
15577,2,7
15578,6,1
15579,7,5
15580,4,0
15581,4,0
15582,4,0
15583,4,0
15584,2,9
15585,3,2
15586,2,7
15587,1,3
15588,3,2
15589,2,7
15590,4,0
15591,0,6
15592,4,9
15593,2,9
15594,7,5
15595,6,8
15596,6,2
15597,2,7
15598,7,8
15599,6,8
15600,4,0
15601,2,9
15602,2,9
15603,6,2
15604,4,4
15605,3,2
15606,6,3
15607,2,9
15608,6,1
15609,2,9
15610,6,8
15611,6,5
15612,6,1
15613,0,4
15614,1,2
15615,2,4
15616,7,8
15617,0,4
15618,6,2
15619,4,0
15620,0,6
15621,4,0
15622,4,4
15623,7,8
15624,7,8
15625,0,6
15626,6,8
15627,0,6
15628,4,0
15629,6,8
15630,1,3
15631,7,5
15632,6,1
15633,6,1
15634,0,6
15635,2,7
15636,6,8
15637,4,0
15638,0,6
15639,3,3
15640,7,8
15641,0,6
15642,1,2
15643,2,7
15644,2,9
15645,6,8
15646,2,7
15647,1,3
15648,4,0
15649,6,1
15650,3,2
15651,3,3
15652,8,6
15653,2,9
15654,2,9
15655,7,5
15656,3,3
15657,2,9
15658,2,9
15659,2,9
15660,3,2
15661,7,5
15662,4,0
15663,0,0
15664,6,8
15665,8,4
15666,2,9
15667,3,3
15668,2,4
15669,6,1
15670,2,9
15671,2,7
15672,0,6
15673,0,6
15674,0,6
15675,3,0
15676,8,5
15677,6,1
15678,1,8
15679,4,2
15680,6,2
15681,3,3
15682,2,4
15683,0,4
15684,6,1
15685,7,5
15686,2,4
15687,0,6
15688,3,2
15689,2,7
15690,2,7
15691,7,8
15692,4,0
15693,2,9
15694,5,0
15695,0,0
15696,6,1
15697,6,1
15698,7,5
15699,0,2
15700,4,0
15701,7,3
15702,7,5
15703,2,4
15704,4,0
15705,2,7
15706,0,6
15707,7,8
15708,0,6
15709,2,9
15710,6,1
15711,0,0
15712,3,2
15713,6,1
15714,0,6
15715,0,2
15716,6,1
15717,7,3
15718,2,7
15719,0,4
15720,8,5
15721,2,7
15722,6,1
15723,7,8
15724,7,8
15725,2,9
15726,8,5
15727,0,6
15728,6,9
15729,2,4
15730,0,1
15731,3,2
15732,8,5
15733,0,6
15734,4,0
15735,2,4
15736,3,2
15737,2,7
15738,4,8
15739,7,8
15740,6,7
15741,2,9
15742,8,5
15743,7,3
15744,0,6
15745,2,9
15746,2,9
15747,7,3
15748,6,2
15749,7,8
15750,6,7
15751,0,2
15752,2,4
15753,0,0
15754,2,7
15755,2,9
15756,8,6
15757,6,8
15758,6,1
15759,1,0
15760,1,3
15761,3,0
15762,3,3
15763,6,1
15764,3,3
15765,0,0
15766,8,8
15767,5,5
15768,7,5
15769,3,3
15770,4,0
15771,0,5
15772,6,8
15773,3,3
15774,6,3
15775,7,8
15776,6,1
15777,0,0
15778,8,5
15779,0,0
15780,0,6
15781,5,5
15782,6,8
15783,0,4
15784,2,4
15785,3,3
15786,6,1
15787,2,4
15788,0,6
15789,6,1
15790,6,1
15791,0,5
15792,2,7
15793,3,3
15794,7,5
15795,3,0
15796,3,2
15797,0,6
15798,4,0
15799,0,2
15800,8,5
15801,2,7
15802,6,2
15803,6,1
15804,7,5
15805,6,1
15806,0,6
15807,7,8
15808,2,7
15809,6,1
15810,7,5
15811,2,7
15812,6,5
15813,6,1
15814,4,0
15815,5,3
15816,3,3
15817,7,8
15818,2,7
15819,7,5
15820,8,8
15821,0,4
15822,2,4
15823,3,2
15824,6,7
15825,4,0
15826,0,6
15827,2,9
15828,4,0
15829,3,2
15830,7,5
15831,0,6
15832,9,9
15833,2,7
15834,7,5
15835,6,1
15836,6,2
15837,2,9
15838,6,1
15839,0,6
15840,2,4
15841,6,4
15842,7,3
15843,0,6
15844,2,9
15845,3,2
15846,3,2
15847,3,3
15848,1,3
15849,2,7
15850,3,3
15851,6,1
15852,0,4
15853,3,2
15854,4,0
15855,5,5
15856,2,7
15857,7,3
15858,2,9
15859,2,7
15860,2,9
15861,7,8
15862,4,6
15863,4,0
15864,4,0
15865,6,1
15866,8,4
15867,1,2
15868,4,0
15869,6,3
15870,0,6
15871,2,4
15872,1,3
15873,6,5
15874,4,5
15875,0,6
15876,0,4
15877,2,7
15878,6,1
15879,7,8
15880,7,5
15881,2,9
15882,4,0
15883,4,0
15884,7,5
15885,6,1
15886,7,5
15887,1,2
15888,6,1
15889,1,3
15890,4,0
15891,2,4
15892,7,5
15893,1,5
15894,8,9
15895,2,7
15896,0,6
15897,6,8
15898,6,1
15899,6,9
15900,2,7
15901,7,0
15902,3,2
15903,6,1
15904,4,0
15905,1,2
15906,2,7
15907,1,3
15908,0,6
15909,2,7
15910,4,0
15911,7,8
15912,2,9
15913,6,9
15914,0,6
15915,7,5
15916,0,4
15917,5,2
15918,7,5
15919,7,8
15920,6,1
15921,6,1
15922,2,7
15923,2,7
15924,0,6
15925,1,2
15926,4,0
15927,2,4
15928,4,0
15929,6,1
15930,3,3
15931,2,4
15932,4,7
15933,6,1
15934,0,0
15935,7,8
15936,3,3
15937,1,3
15938,6,3
15939,2,7
15940,6,1
15941,7,8
15942,1,4
15943,6,4
15944,2,9
15945,1,3
15946,4,0
15947,1,3
15948,6,2
15949,6,5
15950,6,8
15951,0,6
15952,6,7
15953,2,7
15954,2,7
15955,0,0
15956,6,8
15957,0,6
15958,6,2
15959,6,1
15960,8,6
15961,0,6
15962,6,1
15963,7,8
15964,6,1
15965,0,0
15966,6,2
15967,6,1
15968,1,3
15969,6,5
15970,2,9
15971,0,0
15972,2,9
15973,7,8
15974,6,1
15975,8,5
15976,2,7
15977,6,1
15978,0,6
15979,7,8
15980,6,3
15981,2,4
15982,3,2
15983,2,7
15984,8,5
15985,0,6
15986,1,3
15987,6,9
15988,8,8
15989,6,1
15990,6,3
15991,6,9
15992,4,0
15993,4,0
15994,6,2
15995,0,6
15996,7,5
15997,2,7
15998,2,7
15999,6,1
16000,7,8
16001,1,2
16002,0,6
16003,6,3
16004,6,7
16005,2,9
16006,4,9
16007,5,2
16008,6,9
16009,2,4
16010,8,5
16011,6,5
16012,6,1
16013,1,3
16014,6,1
16015,2,7
16016,2,7
16017,7,5
16018,6,2
16019,6,3
16020,2,9
16021,6,1
16022,7,8
16023,7,8
16024,6,2
16025,1,2
16026,6,8
16027,5,2
16028,4,5
16029,1,3
16030,1,2
16031,0,0
16032,0,6
16033,1,2
16034,2,9
16035,6,9
16036,8,8
16037,2,4
16038,8,5
16039,6,9
16040,6,8
16041,6,7
16042,7,8
16043,0,0
16044,8,8
16045,0,0
16046,3,2
16047,6,2
16048,2,4
16049,6,7
16050,6,1
16051,6,4
16052,2,7
16053,1,9
16054,0,6
16055,2,9
16056,8,6
16057,1,2
16058,3,2
16059,7,8
16060,3,2
16061,6,1
16062,6,1
16063,7,5
16064,0,6
16065,0,6
16066,3,8
16067,2,9
16068,4,4
16069,6,8
16070,0,6
16071,6,3
16072,8,5
16073,7,8
16074,7,3
16075,3,3
16076,6,1
16077,0,6
16078,1,3
16079,6,7
16080,6,1
16081,0,0
16082,2,9
16083,4,0
16084,7,5
16085,4,0
16086,6,1
16087,6,1
16088,0,6
16089,3,2
16090,2,9
16091,3,3
16092,6,5
16093,2,4
16094,2,4
16095,7,5
16096,3,3
16097,0,6
16098,4,4
16099,2,7
16100,2,7
16101,6,8
16102,0,6
16103,2,9
16104,3,2
16105,4,0
16106,2,9
16107,6,1
16108,1,2
16109,5,2
16110,6,1
16111,1,3
16112,7,5
16113,2,7
16114,7,8
16115,7,8
16116,3,5
16117,2,9
16118,0,6
16119,4,0
16120,8,5
16121,6,1
16122,4,0
16123,0,2
16124,1,2
16125,1,3
16126,7,5
16127,0,4
16128,6,8
16129,7,5
16130,6,1
16131,0,6
16132,2,9
16133,2,7
16134,3,3
16135,6,8
16136,4,0
16137,2,9
16138,1,7
16139,1,0
16140,3,2
16141,6,8
16142,3,2
16143,2,7
16144,4,0
16145,6,8
16146,3,2
16147,2,9
16148,6,1
16149,2,9
16150,2,7
16151,4,0
16152,2,9
16153,6,1
16154,1,8
16155,2,4
16156,6,3
16157,7,5
16158,8,8
16159,6,1
16160,0,6
16161,0,6
16162,2,7
16163,4,0
16164,8,5
16165,6,5
16166,3,2
16167,0,6
16168,2,4
16169,2,7
16170,4,9
16171,3,3
16172,7,8
16173,2,9
16174,8,5
16175,2,9
16176,3,2
16177,1,3
16178,4,0
16179,6,8
16180,0,4
16181,6,1
16182,6,8
16183,0,2
16184,7,8
16185,2,9
16186,2,7
16187,0,6
16188,4,6
16189,2,7
16190,7,3
16191,1,3
16192,4,0
16193,3,3
16194,2,7
16195,6,4
16196,4,2
16197,2,7
16198,6,2
16199,2,7
16200,6,2
16201,2,9
16202,4,0
16203,6,1
16204,6,1
16205,2,7
16206,2,4
16207,0,6
16208,7,3
16209,5,2
16210,8,5
16211,6,1
16212,6,7
16213,5,5
16214,2,4
16215,7,5
16216,2,4
16217,4,0
16218,6,1
16219,7,5
16220,5,3
16221,4,0
16222,6,1
16223,7,8
16224,6,1
16225,0,4
16226,2,7
16227,3,0
16228,6,1
16229,1,3
16230,7,8
16231,6,8
16232,6,8
16233,6,1
16234,6,1
16235,3,2
16236,6,1
16237,3,2
16238,4,0
16239,3,3
16240,2,7
16241,6,1
16242,7,5
16243,3,3
16244,4,0
16245,0,6
16246,7,8
16247,2,7
16248,2,7
16249,1,3
16250,2,9
16251,0,4
16252,7,8
16253,2,9
16254,6,1
16255,0,6
16256,2,9
16257,7,5
16258,0,6
16259,6,1
16260,7,3
16261,2,9
16262,6,1
16263,6,8
16264,6,7
16265,6,1
16266,4,8
16267,6,1
16268,7,5
16269,3,2
16270,2,9
16271,2,7
16272,2,7
16273,0,6
16274,6,8
16275,6,8
16276,7,5
16277,6,8
16278,6,1
16279,2,4
16280,2,9
16281,3,2
16282,8,8
16283,3,2
16284,8,8
16285,4,0
16286,4,0
16287,6,1
16288,2,7
16289,6,2
16290,2,4
16291,3,3
16292,6,1
16293,2,4
16294,3,2
16295,7,5
16296,7,3
16297,0,6
16298,3,2
16299,2,7
16300,6,1
16301,1,8
16302,4,4
16303,2,9
16304,6,7
16305,4,0
16306,4,0
16307,6,1
16308,6,1
16309,3,2
16310,7,5
16311,1,3
16312,2,4
16313,2,4
16314,4,4
16315,7,5
16316,2,7
16317,0,6
16318,4,0
16319,2,7
16320,3,2
16321,1,8
16322,3,8
16323,4,0
16324,2,7
16325,6,1
16326,4,0
16327,4,2
16328,6,2
16329,3,3
16330,4,9
16331,2,4
16332,0,6
16333,7,5
16334,6,1
16335,0,6
16336,1,3
16337,2,7
16338,2,4
16339,6,8
16340,7,8
16341,2,9
16342,2,9
16343,2,7
16344,3,3
16345,6,1
16346,0,6
16347,7,5
16348,6,1
16349,0,6
16350,2,9
16351,3,2
16352,4,0
16353,7,5
16354,4,0
16355,4,0
16356,7,5
16357,7,5
16358,8,5
16359,2,4
16360,4,9
16361,6,2
16362,6,1
16363,4,0
16364,8,5
16365,3,8
16366,6,3
16367,6,1
16368,6,1
16369,2,7
16370,3,3
16371,6,1
16372,1,3
16373,6,8
16374,0,5
16375,7,3
16376,1,1
16377,6,8
16378,0,6
16379,2,7
16380,7,5
16381,6,1
16382,7,8
16383,2,7
16384,8,5
16385,6,1
16386,3,3
16387,2,4
16388,2,9
16389,0,4
16390,3,2
16391,2,4
16392,6,1
16393,7,5
16394,2,7
16395,2,7
16396,4,0
16397,2,4
16398,6,8
16399,2,4
16400,8,5
16401,2,7
16402,4,0
16403,6,2
16404,3,2
16405,7,5
16406,8,5
16407,3,3
16408,3,2
16409,2,9
16410,0,6
16411,1,3
16412,4,0
16413,2,9
16414,1,3
16415,4,0
16416,7,8
16417,7,8
16418,6,1
16419,2,7
16420,2,7
16421,2,9
16422,2,9
16423,4,0
16424,7,5
16425,0,6
16426,7,5
16427,3,3
16428,4,0
16429,4,0
16430,0,6
16431,2,4
16432,6,8
16433,0,6
16434,2,4
16435,7,3
16436,0,6
16437,2,7
16438,2,4
16439,7,0
16440,2,8
16441,6,1
16442,7,5
16443,2,4
16444,8,9
16445,6,8
16446,8,5
16447,6,1
16448,0,4
16449,6,2
16450,4,4
16451,2,9
16452,0,6
16453,3,3
16454,2,7
16455,6,1
16456,3,2
16457,1,8
16458,6,1
16459,2,4
16460,4,0
16461,6,2
16462,3,3
16463,2,9
16464,2,4
16465,6,8
16466,2,4
16467,6,8
16468,6,1
16469,0,6
16470,2,9
16471,7,5
16472,0,2
16473,4,2
16474,4,0
16475,6,1
16476,2,9
16477,2,9
16478,2,7
16479,6,2
16480,2,9
16481,2,9
16482,6,2
16483,6,1
16484,4,0
16485,4,0
16486,3,8
16487,7,5
16488,4,9
16489,3,3
16490,8,5
16491,7,3
16492,7,3
16493,0,6
16494,7,5
16495,6,1
16496,2,7
16497,3,2
16498,4,0
16499,7,5
16500,7,8
16501,1,0
16502,1,3
16503,7,3
16504,3,3
16505,2,7
16506,0,6
16507,0,6
16508,6,1
16509,6,1
16510,6,3
16511,3,5
16512,3,3
16513,7,5
16514,2,7
16515,2,9
16516,4,0
16517,6,8
16518,4,0
16519,4,0
16520,4,0
16521,2,9
16522,2,9
16523,4,0
16524,2,7
16525,6,1
16526,2,4
16527,6,2
16528,2,7
16529,7,3
16530,1,3
16531,2,4
16532,1,2
16533,7,5
16534,0,6
16535,0,6
16536,6,1
16537,2,7
16538,0,6
16539,6,8
16540,4,0
16541,2,9
16542,2,4
16543,3,0
16544,6,2
16545,6,1
16546,6,1
16547,3,2
16548,2,7
16549,3,3
16550,0,6
16551,2,4
16552,4,8
16553,7,5
16554,6,8
16555,0,6
16556,1,3
16557,2,7
16558,7,5
16559,6,8
16560,7,6
16561,2,9
16562,1,1
16563,4,0
16564,6,3
16565,6,1
16566,2,4
16567,3,2
16568,2,9
16569,1,3
16570,2,9
16571,2,4
16572,4,4
16573,7,5
16574,7,5
16575,0,6
16576,3,2
16577,2,7
16578,0,4
16579,6,8
16580,2,9
16581,2,9
16582,8,5
16583,0,6
16584,7,3
16585,4,0
16586,8,5
16587,3,3
16588,2,9
16589,2,4
16590,4,6
16591,6,1
16592,7,5
16593,2,4
16594,2,7
16595,4,0
16596,2,7
16597,6,8
16598,4,0
16599,0,6
16600,2,4
16601,2,4
16602,2,9
16603,7,5
16604,0,6
16605,2,4
16606,4,0
16607,4,0
16608,6,1
16609,2,7
16610,6,1
16611,7,8
16612,4,4
16613,2,7
16614,6,1
16615,2,7
16616,0,6
16617,2,9
16618,4,0
16619,4,0
16620,3,3
16621,2,9
16622,2,9
16623,2,7
16624,6,8
16625,0,4
16626,3,3
16627,3,2
16628,2,9
16629,3,5
16630,2,7
16631,6,8
16632,0,6
16633,7,5
16634,4,0
16635,2,9
16636,6,1
16637,6,8
16638,6,2
16639,6,8
16640,4,0
16641,6,7
16642,4,0
16643,6,1
16644,6,7
16645,1,3
16646,7,5
16647,7,5
16648,0,6
16649,3,3
16650,3,2
16651,6,1
16652,0,4
16653,0,6
16654,6,2
16655,7,5
16656,6,1
16657,1,3
16658,6,8
16659,2,8
16660,6,1
16661,2,7
16662,3,2
16663,1,3
16664,5,2
16665,6,1
16666,0,6
16667,0,6
16668,0,6
16669,2,8
16670,6,1
16671,7,5
16672,2,7
16673,2,9
16674,6,1
16675,6,2
16676,1,3
16677,6,2
16678,7,3
16679,4,0
16680,2,4
16681,2,9
16682,7,5
16683,6,2
16684,0,6
16685,2,4
16686,6,1
16687,2,7
16688,3,8
16689,3,3
16690,3,2
16691,6,1
16692,7,5
16693,1,3
16694,6,1
16695,0,6
16696,2,7
16697,6,2
16698,8,5
16699,6,1
16700,2,7
16701,6,2
16702,2,9
16703,0,6
16704,2,9
16705,4,0
16706,2,4
16707,3,2
16708,3,3
16709,6,2
16710,6,7
16711,2,7
16712,2,7
16713,6,1
16714,6,1
16715,3,3
16716,3,2
16717,6,7
16718,6,1
16719,2,4
16720,6,1
16721,2,7
16722,6,1
16723,2,4
16724,7,8
16725,7,8
16726,0,6
16727,2,9
16728,0,6
16729,6,2
16730,6,8
16731,2,9
16732,7,3
16733,7,5
16734,2,9
16735,6,1
16736,0,6
16737,5,5
16738,2,4
16739,0,6
16740,2,9
16741,7,8
16742,6,1
16743,3,3
16744,1,2
16745,3,5
16746,0,6
16747,0,6
16748,7,3
16749,4,0
16750,8,8
16751,4,9
16752,8,8
16753,2,9
16754,3,2
16755,3,3
16756,2,7
16757,6,1
16758,4,0
16759,6,1
16760,3,2
16761,4,0
16762,6,8
16763,3,3
16764,1,3
16765,0,4
16766,0,6
16767,6,5
16768,8,6
16769,0,6
16770,2,9
16771,6,7
16772,3,2
16773,6,8
16774,3,3
16775,2,9
16776,2,9
16777,7,0
16778,4,9
16779,6,1
16780,7,5
16781,3,2
16782,0,6
16783,3,3
16784,7,5
16785,6,8
16786,0,6
16787,3,0
16788,0,6
16789,6,1
16790,3,8
16791,3,2
16792,0,6
16793,3,3
16794,3,2
16795,6,7
16796,0,6
16797,6,8
16798,7,8
16799,6,9
16800,2,7
16801,2,9
16802,4,4
16803,4,0
16804,2,9
16805,6,1
16806,2,9
16807,6,4
16808,4,9
16809,6,7
16810,3,2
16811,3,3
16812,6,2
16813,3,2
16814,2,9
16815,2,9
16816,9,9
16817,7,0
16818,0,4
16819,6,5
16820,7,8
16821,0,6
16822,0,6
16823,6,7
16824,6,8
16825,5,3
16826,7,8
16827,2,9
16828,6,8
16829,2,9
16830,0,6
16831,3,3
16832,8,5
16833,6,8
16834,3,5
16835,6,1
16836,2,7
16837,6,2
16838,6,1
16839,2,9
16840,2,7
16841,0,6
16842,2,7
16843,6,7
16844,7,5
16845,6,5
16846,2,9
16847,0,6
16848,6,7
16849,1,3
16850,4,4
16851,2,4
16852,2,7
16853,2,9
16854,2,9
16855,6,1
16856,8,4
16857,3,2
16858,3,2
16859,6,9
16860,8,8
16861,3,3
16862,7,5
16863,6,4
16864,6,8
16865,6,4
16866,5,0
16867,3,3
16868,4,0
16869,6,1
16870,7,8
16871,2,7
16872,6,1
16873,3,3
16874,0,4
16875,6,4
16876,6,1
16877,2,9
16878,2,9
16879,0,6
16880,6,8
16881,2,9
16882,2,7
16883,6,8
16884,2,9
16885,6,1
16886,0,4
16887,6,1
16888,4,0
16889,0,6
16890,0,6
16891,0,6
16892,3,3
16893,7,8
16894,4,6
16895,0,2
16896,0,6
16897,6,8
16898,0,6
16899,6,4
16900,1,3
16901,6,8
16902,3,2
16903,4,0
16904,6,1
16905,4,0
16906,6,1
16907,6,1
16908,8,5
16909,5,2
16910,7,5
16911,1,3
16912,2,4
16913,2,4
16914,6,1
16915,2,7
16916,3,2
16917,7,8
16918,2,9
16919,2,9
16920,4,8
16921,4,0
16922,5,3
16923,6,1
16924,1,3
16925,1,2
16926,7,5
16927,1,3
16928,4,0
16929,2,4
16930,6,1
16931,6,5
16932,6,1
16933,8,6
16934,2,9
16935,2,7
16936,0,6
16937,3,8
16938,6,1
16939,2,9
16940,5,3
16941,4,0
16942,2,4
16943,6,1
16944,6,1
16945,1,3
16946,6,1
16947,6,4
16948,6,2
16949,2,7
16950,6,1
16951,4,8
16952,1,2
16953,2,9
16954,3,3
16955,1,8
16956,7,5
16957,8,6
16958,1,2
16959,1,5
16960,6,1
16961,4,0
16962,2,7
16963,0,6
16964,4,8
16965,6,8
16966,2,7
16967,2,9
16968,2,9
16969,6,4
16970,6,7
16971,6,1
16972,2,8
16973,2,9
16974,4,8
16975,4,0
16976,0,6
16977,6,4
16978,6,7
16979,2,8
16980,7,5
16981,2,9
16982,0,4
16983,6,1
16984,2,7
16985,6,4
16986,2,7
16987,4,0
16988,6,1
16989,1,2
16990,2,7
16991,6,1
16992,4,9
16993,7,5
16994,1,8
16995,6,4
16996,4,4
16997,1,0
16998,0,6
16999,6,7
17000,3,3
17001,8,6
17002,2,9
17003,4,0
17004,0,6
17005,6,1
17006,8,5
17007,2,7
17008,0,6
17009,4,0
17010,1,3
17011,6,6
17012,6,1
17013,6,8
17014,0,6
17015,2,4
17016,8,5
17017,2,7
17018,4,4
17019,2,9
17020,2,4
17021,6,8
17022,6,1
17023,0,6
17024,8,5
17025,4,0
17026,3,3
17027,6,8
17028,6,1
17029,6,1
17030,6,1
17031,2,7
17032,6,1
17033,2,7
17034,0,6
17035,6,1
17036,7,8
17037,1,3
17038,3,3
17039,0,2
17040,1,3
17041,1,3
17042,6,1
17043,6,1
17044,1,7
17045,6,4
17046,3,2
17047,5,2
17048,4,0
17049,4,0
17050,4,0
17051,4,0
17052,1,2
17053,6,7
17054,2,7
17055,1,8
17056,7,8
17057,2,4
17058,6,1
17059,8,6
17060,1,8
17061,2,9
17062,3,3
17063,1,3
17064,4,0
17065,6,8
17066,8,6
17067,2,4
17068,2,7
17069,2,7
17070,6,2
17071,5,2
17072,6,1
17073,8,5
17074,2,4
17075,8,6
17076,2,4
17077,1,3
17078,3,2
17079,8,6
17080,1,2
17081,2,9
17082,6,3
17083,0,6
17084,8,8
17085,1,3
17086,2,7
17087,3,2
17088,1,3
17089,5,2
17090,6,1
17091,2,4
17092,2,9
17093,7,6
17094,8,5
17095,4,0
17096,2,8
17097,7,5
17098,0,6
17099,7,5
17100,3,3
17101,6,1
17102,4,4
17103,1,3
17104,3,3
17105,1,3
17106,4,0
17107,2,9
17108,4,0
17109,2,7
17110,3,2
17111,6,8
17112,3,8
17113,6,7
17114,2,7
17115,1,2
17116,3,3
17117,2,7
17118,7,5
17119,2,9
17120,4,6
17121,6,8
17122,4,0
17123,1,2
17124,4,0
17125,6,1
17126,0,6
17127,1,3
17128,6,8
17129,6,1
17130,6,1
17131,3,3
17132,6,5
17133,4,0
17134,4,0
17135,6,1
17136,2,7
17137,3,2
17138,7,5
17139,1,3
17140,2,7
17141,2,4
17142,2,9
17143,2,7
17144,2,7
17145,7,8
17146,1,3
17147,2,9
17148,3,3
17149,4,0
17150,0,6
17151,6,1
17152,2,9
17153,0,2
17154,7,3
17155,1,3
17156,7,5
17157,2,4
17158,2,4
17159,5,5
17160,7,8
17161,0,6
17162,7,8
17163,2,7
17164,0,6
17165,3,8
17166,2,9
17167,2,9
17168,0,6
17169,0,0
17170,1,8
17171,6,1
17172,7,5
17173,3,2
17174,0,6
17175,1,3
17176,0,6
17177,2,7
17178,4,8
17179,7,8
17180,6,1
17181,2,9
17182,0,4
17183,2,7
17184,1,1
17185,2,7
17186,4,9
17187,0,0
17188,0,2
17189,1,3
17190,2,9
17191,6,1
17192,1,3
17193,3,8
17194,6,8
17195,2,9
17196,6,8
17197,3,8
17198,2,4
17199,0,6
17200,4,0
17201,7,5
17202,3,2
17203,0,4
17204,4,6
17205,2,7
17206,2,7
17207,5,3
17208,3,3
17209,6,1
17210,4,0
17211,2,9
17212,3,2
17213,6,1
17214,4,0
17215,0,4
17216,6,2
17217,7,5
17218,4,4
17219,7,5
17220,6,2
17221,0,6
17222,6,8
17223,4,0
17224,8,5
17225,6,1
17226,2,9
17227,1,3
17228,2,7
17229,0,6
17230,6,2
17231,0,4
17232,6,1
17233,6,8
17234,2,9
17235,2,9
17236,4,0
17237,7,8
17238,4,4
17239,7,5
17240,6,1
17241,3,2
17242,7,3
17243,6,1
17244,1,8
17245,1,0
17246,3,2
17247,7,5
17248,1,7
17249,0,6
17250,2,4
17251,0,6
17252,0,6
17253,3,3
17254,6,1
17255,1,3
17256,2,4
17257,3,3
17258,3,3
17259,6,1
17260,6,1
17261,2,7
17262,2,1
17263,1,2
17264,7,5
17265,5,2
17266,3,2
17267,2,7
17268,2,4
17269,3,2
17270,7,8
17271,7,3
17272,3,2
17273,0,6
17274,1,3
17275,7,8
17276,2,4
17277,5,5
17278,2,7
17279,6,1
17280,1,3
17281,2,4
17282,2,7
17283,2,9
17284,0,6
17285,4,0
17286,6,1
17287,0,6
17288,1,3
17289,6,8
17290,6,8
17291,3,8
17292,6,3
17293,4,0
17294,7,5
17295,3,3
17296,9,9
17297,2,9
17298,7,5
17299,2,4
17300,0,4
17301,7,3
17302,6,8
17303,2,7
17304,4,0
17305,6,1
17306,2,7
17307,2,7
17308,3,3
17309,0,6
17310,2,9
17311,2,9
17312,7,5
17313,2,4
17314,4,0
17315,3,2
17316,2,7
17317,2,9
17318,3,3
17319,2,9
17320,3,3
17321,2,4
17322,4,0
17323,2,9
17324,1,3
17325,0,4
17326,0,6
17327,4,0
17328,1,3
17329,2,7
17330,3,3
17331,6,1
17332,0,6
17333,1,3
17334,1,0
17335,4,0
17336,6,2
17337,6,1
17338,7,5
17339,3,2
17340,2,7
17341,7,3
17342,2,9
17343,2,7
17344,0,6
17345,7,8
17346,4,9
17347,6,9
17348,3,8
17349,3,0
17350,2,7
17351,6,1
17352,3,3
17353,0,2
17354,6,3
17355,3,3
17356,2,7
17357,2,4
17358,1,8
17359,2,7
17360,4,0
17361,6,8
17362,7,8
17363,2,9
17364,8,8
17365,4,0
17366,7,5
17367,6,1
17368,2,7
17369,3,2
17370,2,7
17371,3,3
17372,0,2
17373,2,7
17374,3,2
17375,7,8
17376,4,0
17377,6,9
17378,6,1
17379,0,0
17380,2,7
17381,0,0
17382,0,6
17383,2,7
17384,6,9
17385,6,5
17386,3,3
17387,6,5
17388,2,7
17389,6,3
17390,2,4
17391,2,7
17392,4,0
17393,6,8
17394,6,1
17395,0,6
17396,7,6
17397,0,6
17398,2,9
17399,6,4
17400,7,5
17401,0,6
17402,6,1
17403,3,3
17404,7,3
17405,7,8
17406,2,4
17407,7,8
17408,4,6
17409,1,3
17410,4,9
17411,4,0
17412,2,4
17413,6,1
17414,7,5
17415,0,4
17416,0,6
17417,0,4
17418,6,1
17419,6,7
17420,6,7
17421,3,3
17422,6,1
17423,6,1
17424,2,7
17425,6,1
17426,0,6
17427,2,9
17428,4,4
17429,6,1
17430,6,1
17431,3,2
17432,3,2
17433,6,1
17434,0,2
17435,3,3
17436,8,5
17437,2,9
17438,6,1
17439,3,2
17440,2,7
17441,2,7
17442,1,3
17443,2,7
17444,2,4
17445,2,9
17446,8,5
17447,2,9
17448,1,2
17449,4,0
17450,8,4
17451,0,4
17452,4,0
17453,7,5
17454,1,0
17455,2,9
17456,6,8
17457,6,1
17458,4,0
17459,6,1
17460,7,3
17461,7,5
17462,4,0
17463,2,9
17464,1,2
17465,6,1
17466,7,0
17467,3,3
17468,7,5
17469,0,4
17470,1,3
17471,3,3
17472,6,1
17473,6,1
17474,2,4
17475,2,9
17476,4,0
17477,6,1
17478,0,4
17479,4,0
17480,6,2
17481,2,7
17482,1,2
17483,6,7
17484,0,6
17485,4,0
17486,2,7
17487,6,1
17488,1,1
17489,3,2
17490,2,7
17491,3,3
17492,0,4
17493,2,4
17494,1,5
17495,6,5
17496,1,3
17497,2,7
17498,2,4
17499,6,8
17500,3,2
17501,2,9
17502,7,5
17503,3,0
17504,7,5
17505,6,1
17506,6,8
17507,3,2
17508,4,0
17509,7,3
17510,0,6
17511,2,4
17512,3,8
17513,2,7
17514,8,5
17515,6,8
17516,3,2
17517,2,9
17518,4,0
17519,3,0
17520,1,2
17521,3,3
17522,7,5
17523,6,4
17524,0,6
17525,2,7
17526,3,3
17527,3,8
17528,8,6
17529,2,9
17530,8,8
17531,2,9
17532,2,7
17533,2,7
17534,4,0
17535,3,0
17536,2,4
17537,2,9
17538,6,1
17539,1,0
17540,1,1
17541,6,1
17542,4,6
17543,5,5
17544,8,5
17545,6,8
17546,0,6
17547,7,8
17548,6,2
17549,9,0
17550,2,9
17551,2,9
17552,2,4
17553,3,3
17554,6,1
17555,3,2
17556,0,6
17557,2,7
17558,8,5
17559,6,8
17560,6,1
17561,2,4
17562,2,9
17563,0,6
17564,6,8
17565,6,4
17566,6,2
17567,0,5
17568,4,4
17569,3,3
17570,2,9
17571,2,9
17572,8,5
17573,2,4
17574,1,3
17575,3,3
17576,4,4
17577,0,4
17578,7,5
17579,3,2
17580,7,3
17581,3,0
17582,5,3
17583,5,5
17584,7,5
17585,4,0
17586,6,1
17587,6,1
17588,3,3
17589,0,6
17590,8,4
17591,2,9
17592,2,4
17593,3,3
17594,6,8
17595,3,2
17596,7,8
17597,2,9
17598,8,5
17599,6,1
17600,3,2
17601,0,6
17602,1,8
17603,3,0
17604,2,4
17605,6,1
17606,4,0
17607,6,1
17608,7,5
17609,6,8
17610,8,5
17611,3,0
17612,2,9
17613,0,4
17614,6,8
17615,2,7
17616,0,6
17617,2,7
17618,6,1
17619,0,6
17620,1,0
17621,3,3
17622,2,9
17623,0,6
17624,7,3
17625,3,0
17626,0,6
17627,6,1
17628,6,8
17629,3,3
17630,2,7
17631,7,5
17632,3,3
17633,2,4
17634,3,3
17635,3,2
17636,0,6
17637,6,1
17638,6,1
17639,6,1
17640,0,4
17641,7,8
17642,7,5
17643,3,3
17644,2,9
17645,5,5
17646,7,3
17647,0,6
17648,4,0
17649,2,7
17650,6,1
17651,5,5
17652,0,6
17653,3,2
17654,2,8
17655,3,0
17656,2,9
17657,0,6
17658,8,8
17659,2,7
17660,5,2
17661,6,1
17662,6,1
17663,3,2
17664,6,1
17665,7,5
17666,2,9
17667,3,8
17668,7,8
17669,6,1
17670,8,6
17671,2,9
17672,6,8
17673,5,3
17674,2,9
17675,6,8
17676,3,3
17677,3,2
17678,0,4
17679,7,8
17680,7,5
17681,6,8
17682,2,9
17683,2,7
17684,6,2
17685,6,1
17686,0,6
17687,2,7
17688,3,8
17689,2,9
17690,2,4
17691,3,2
17692,2,9
17693,4,0
17694,2,4
17695,6,1
17696,2,7
17697,6,2
17698,1,9
17699,3,3
17700,7,8
17701,2,4
17702,2,9
17703,2,7
17704,6,1
17705,6,8
17706,1,1
17707,8,9
17708,2,9
17709,4,0
17710,5,3
17711,6,1
17712,7,3
17713,6,2
17714,2,7
17715,1,3
17716,7,5
17717,2,4
17718,2,7
17719,2,7
17720,2,9
17721,6,8
17722,8,5
17723,2,9
17724,2,7
17725,4,0
17726,4,0
17727,6,1
17728,0,6
17729,6,2
17730,0,4
17731,1,3
17732,7,5
17733,2,4
17734,6,3
17735,2,7
17736,4,4
17737,2,9
17738,4,0
17739,6,5
17740,2,4
17741,1,0
17742,7,5
17743,8,8
17744,2,4
17745,1,3
17746,2,4
17747,8,5
17748,6,1
17749,2,4
17750,6,1
17751,6,8
17752,3,3
17753,3,3
17754,3,3
17755,4,0
17756,7,8
17757,3,2
17758,2,9
17759,6,1
17760,2,8
17761,4,0
17762,2,7
17763,6,2
17764,8,6
17765,6,8
17766,1,3
17767,2,4
17768,6,8
17769,2,4
17770,4,0
17771,6,1
17772,6,7
17773,0,6
17774,2,4
17775,6,1
17776,6,7
17777,7,3
17778,3,3
17779,4,0
17780,7,5
17781,3,3
17782,6,1
17783,0,6
17784,7,8
17785,2,9
17786,1,2
17787,5,3
17788,0,6
17789,2,7
17790,1,3
17791,2,4
17792,4,9
17793,2,9
17794,7,5
17795,2,7
17796,4,6
17797,4,0
17798,2,7
17799,8,9
17800,6,7
17801,0,4
17802,6,1
17803,6,8
17804,7,8
17805,1,2
17806,1,1
17807,2,7
17808,7,8
17809,2,7
17810,7,3
17811,8,5
17812,6,1
17813,2,7
17814,0,6
17815,6,1
17816,2,7
17817,4,9
17818,7,8
17819,8,5
17820,2,3
17821,3,2
17822,2,4
17823,2,4
17824,2,9
17825,6,8
17826,2,9
17827,8,9
17828,4,0
17829,0,6
17830,2,7
17831,2,9
17832,1,3
17833,2,7
17834,6,1
17835,0,6
17836,1,2
17837,2,4
17838,4,0
17839,6,1
17840,3,2
17841,6,2
17842,2,4
17843,0,6
17844,6,4
17845,6,1
17846,6,1
17847,6,1
17848,2,9
17849,2,7
17850,2,4
17851,6,2
17852,0,6
17853,3,3
17854,6,1
17855,0,6
17856,6,1
17857,2,4
17858,4,9
17859,6,8
17860,2,9
17861,2,9
17862,4,4
17863,0,6
17864,7,3
17865,2,4
17866,2,7
17867,0,6
17868,8,4
17869,8,5
17870,0,4
17871,4,0
17872,1,1
17873,6,2
17874,0,6
17875,6,1
17876,4,6
17877,4,0
17878,7,8
17879,8,5
17880,6,2
17881,4,0
17882,2,7
17883,6,1
17884,3,2
17885,6,1
17886,7,5
17887,2,7
17888,6,1
17889,8,8
17890,8,5
17891,2,4
17892,6,2
17893,3,3
17894,3,8
17895,6,2
17896,8,4
17897,2,7
17898,4,4
17899,2,9
17900,6,1
17901,3,3
17902,2,9
17903,2,9
17904,1,3
17905,4,0
17906,7,3
17907,6,1
17908,7,3
17909,3,2
17910,0,6
17911,3,3
17912,6,2
17913,0,4
17914,7,5
17915,7,5
17916,2,4
17917,2,7
17918,2,7
17919,6,8
17920,7,5
17921,2,9
17922,2,4
17923,4,0
17924,6,8
17925,6,1
17926,4,4
17927,3,2
17928,6,1
17929,3,3
17930,4,0
17931,2,4
17932,4,0
17933,0,6
17934,2,4
17935,2,7
17936,2,9
17937,2,8
17938,6,1
17939,2,9
17940,4,4
17941,3,0
17942,6,1
17943,6,1
17944,2,4
17945,3,2
17946,2,7
17947,7,3
17948,7,8
17949,0,4
17950,6,8
17951,7,5
17952,7,8
17953,0,6
17954,2,4
17955,6,7
17956,4,0
17957,6,8
17958,8,9
17959,2,9
17960,6,1
17961,2,7
17962,2,7
17963,2,7
17964,6,1
17965,6,1
17966,3,3
17967,3,3
17968,4,0
17969,2,7
17970,2,4
17971,7,5
17972,4,9
17973,3,2
17974,2,7
17975,6,8
17976,4,4
17977,4,0
17978,2,9
17979,2,7
17980,0,6
17981,7,5
17982,0,6
17983,2,9
17984,6,1
17985,0,6
17986,6,1
17987,4,0
17988,3,3
17989,2,9
17990,3,8
17991,0,4
17992,3,2
17993,3,3
17994,2,9
17995,3,2
17996,0,6
17997,3,3
17998,0,6
17999,6,8
18000,0,4
18001,7,3
18002,2,7
18003,1,2
18004,1,3
18005,7,5
18006,6,7
18007,1,3
18008,2,4
18009,2,9
18010,6,2
18011,2,4
18012,6,8
18013,6,1
18014,3,8
18015,2,9
18016,6,1
18017,3,2
18018,7,5
18019,6,1
18020,2,7
18021,2,9
18022,4,0
18023,0,6
18024,2,9
18025,2,7
18026,4,4
18027,2,9
18028,4,0
18029,0,0
18030,1,3
18031,6,4
18032,0,6
18033,0,6
18034,0,6
18035,6,1
18036,3,2
18037,6,7
18038,3,2
18039,1,3
18040,1,2
18041,6,8
18042,4,0
18043,6,9
18044,1,3
18045,0,6
18046,2,7
18047,6,8
18048,2,7
18049,3,3
18050,6,1
18051,6,9
18052,0,6
18053,6,1
18054,2,4
18055,4,0
18056,2,4
18057,6,9
18058,0,6
18059,3,3
18060,2,9
18061,3,3
18062,2,4
18063,0,6
18064,4,0
18065,6,2
18066,6,7
18067,7,5
18068,0,6
18069,3,3
18070,6,1
18071,2,4
18072,6,1
18073,4,0
18074,6,1
18075,6,1
18076,8,6
18077,6,2
18078,6,8
18079,3,3
18080,7,5
18081,2,4
18082,2,9
18083,8,5
18084,3,2
18085,0,6
18086,2,7
18087,2,7
18088,0,4
18089,6,8
18090,8,5
18091,2,9
18092,4,4
18093,4,0
18094,0,6
18095,6,1
18096,0,6
18097,6,2
18098,0,4
18099,7,3
18100,2,7
18101,2,4
18102,4,0
18103,7,5
18104,6,8
18105,0,6
18106,2,9
18107,2,7
18108,1,3
18109,7,8
18110,6,2
18111,2,9
18112,4,0
18113,4,0
18114,6,8
18115,6,1
18116,6,1
18117,3,2
18118,2,9
18119,1,3
18120,3,3
18121,2,4
18122,2,7
18123,7,5
18124,4,0
18125,0,6
18126,6,8
18127,2,7
18128,0,6
18129,7,8
18130,3,8
18131,2,9
18132,4,0
18133,0,4
18134,0,6
18135,5,2
18136,2,4
18137,4,0
18138,2,9
18139,3,2
18140,0,6
18141,8,5
18142,2,7
18143,2,9
18144,0,6
18145,2,4
18146,2,9
18147,1,2
18148,6,1
18149,0,6
18150,7,8
18151,8,5
18152,2,7
18153,2,9
18154,0,6
18155,1,3
18156,6,8
18157,8,5
18158,3,2
18159,4,0
18160,2,7
18161,2,7
18162,7,5
18163,6,1
18164,1,2
18165,6,1
18166,1,9
18167,7,5
18168,0,6
18169,1,3
18170,2,7
18171,4,0
18172,6,5
18173,2,7
18174,6,1
18175,2,9
18176,6,1
18177,0,6
18178,4,0
18179,6,1
18180,0,4
18181,0,6
18182,6,1
18183,2,7
18184,8,4
18185,4,4
18186,7,5
18187,2,9
18188,6,1
18189,7,5
18190,2,4
18191,2,7
18192,6,2
18193,2,9
18194,0,6
18195,3,8
18196,6,1
18197,7,5
18198,3,2
18199,0,6
18200,2,4
18201,1,2
18202,2,4
18203,2,4
18204,6,7
18205,7,8
18206,1,2
18207,6,1
18208,4,0
18209,7,5
18210,6,2
18211,2,9
18212,4,0
18213,1,2
18214,7,8
18215,1,2
18216,3,2
18217,7,8
18218,1,3
18219,4,0
18220,0,6
18221,0,6
18222,1,0
18223,8,4
18224,1,2
18225,1,3
18226,6,1
18227,1,3
18228,4,9
18229,6,1
18230,6,2
18231,1,2
18232,4,0
18233,2,4
18234,7,5
18235,6,1
18236,3,2
18237,7,5
18238,0,6
18239,1,8
18240,7,3
18241,2,9
18242,7,8
18243,1,3
18244,8,3
18245,2,4
18246,2,4
18247,1,0
18248,3,5
18249,1,3
18250,8,6
18251,2,9
18252,3,3
18253,4,0
18254,7,5
18255,1,2
18256,8,1
18257,2,7
18258,6,1
18259,6,1
18260,6,2
18261,6,1
18262,0,6
18263,4,0
18264,5,2
18265,2,7
18266,6,1
18267,0,6
18268,5,3
18269,2,7
18270,6,1
18271,0,6
18272,7,8
18273,4,0
18274,3,3
18275,0,6
18276,7,5
18277,2,9
18278,4,0
18279,2,4
18280,3,3
18281,6,8
18282,6,1
18283,2,4
18284,4,0
18285,1,3
18286,6,1
18287,1,3
18288,7,8
18289,2,7
18290,3,2
18291,6,8
18292,0,6
18293,8,1
18294,2,4
18295,4,0
18296,2,9
18297,2,4
18298,8,5
18299,1,3
18300,3,2
18301,4,0
18302,0,6
18303,0,6
18304,6,1
18305,6,8
18306,2,4
18307,3,3
18308,2,4
18309,2,7
18310,8,8
18311,7,8
18312,0,6
18313,7,5
18314,6,1
18315,2,7
18316,6,1
18317,7,8
18318,6,2
18319,4,0
18320,2,7
18321,6,1
18322,1,7
18323,6,2
18324,4,0
18325,1,3
18326,3,5
18327,2,4
18328,0,6
18329,7,5
18330,0,6
18331,0,6
18332,2,4
18333,2,7
18334,4,8
18335,7,8
18336,0,6
18337,4,0
18338,6,8
18339,6,1
18340,7,5
18341,3,2
18342,7,5
18343,1,3
18344,0,6
18345,2,4
18346,2,7
18347,7,5
18348,2,8
18349,0,6
18350,2,9
18351,2,7
18352,6,1
18353,7,8
18354,0,6
18355,2,9
18356,1,2
18357,4,0
18358,2,7
18359,6,1
18360,6,1
18361,6,2
18362,4,4
18363,1,3
18364,8,5
18365,2,4
18366,8,5
18367,2,7
18368,4,8
18369,3,8
18370,3,2
18371,4,0
18372,6,1
18373,6,8
18374,2,9
18375,1,3
18376,0,6
18377,2,9
18378,1,8
18379,7,5
18380,1,3
18381,0,6
18382,2,9
18383,7,8
18384,6,1
18385,2,4
18386,3,2
18387,2,9
18388,0,6
18389,6,1
18390,7,3
18391,2,7
18392,2,7
18393,6,1
18394,3,2
18395,1,2
18396,6,8
18397,1,3
18398,2,4
18399,7,5
18400,6,1
18401,2,9
18402,2,7
18403,0,6
18404,6,5
18405,0,9
18406,1,8
18407,6,1
18408,2,7
18409,6,1
18410,2,7
18411,6,1
18412,4,0
18413,1,2
18414,7,8
18415,2,9
18416,7,5
18417,7,5
18418,3,5
18419,7,8
18420,0,4
18421,6,1
18422,0,6
18423,1,2
18424,4,0
18425,4,0
18426,6,3
18427,6,7
18428,4,6
18429,2,7
18430,0,6
18431,7,5
18432,0,6
18433,7,8
18434,7,8
18435,3,2
18436,2,4
18437,2,9
18438,0,4
18439,7,8
18440,8,5
18441,2,9
18442,6,1
18443,4,0
18444,6,1
18445,6,4
18446,8,5
18447,0,6
18448,2,9
18449,6,7
18450,8,8
18451,6,1
18452,6,1
18453,3,3
18454,6,2
18455,2,4
18456,8,5
18457,7,5
18458,2,9
18459,0,6
18460,6,2
18461,4,0
18462,4,0
18463,3,3
18464,4,0
18465,0,6
18466,7,8
18467,7,8
18468,6,1
18469,6,7
18470,7,5
18471,4,0
18472,6,7
18473,2,4
18474,6,1
18475,2,9
18476,8,5
18477,1,3
18478,1,8
18479,1,7
18480,6,2
18481,7,5
18482,6,1
18483,2,4
18484,2,4
18485,1,3
18486,4,0
18487,6,4
18488,6,1
18489,1,2
18490,0,4
18491,7,8
18492,6,1
18493,6,1
18494,2,7
18495,8,5
18496,2,4
18497,6,1
18498,6,7
18499,3,2
18500,2,9
18501,6,4
18502,2,7
18503,3,3
18504,2,4
18505,4,0
18506,2,9
18507,4,0
18508,7,5
18509,4,0
18510,2,9
18511,8,5
18512,2,4
18513,6,7
18514,5,2
18515,0,0
18516,6,1
18517,0,6
18518,7,5
18519,6,4
18520,0,6
18521,7,8
18522,3,3
18523,6,8
18524,6,1
18525,0,6
18526,6,2
18527,1,3
18528,1,3
18529,2,9
18530,0,6
18531,2,9
18532,2,7
18533,4,8
18534,2,7
18535,3,2
18536,0,6
18537,1,7
18538,4,0
18539,2,7
18540,6,1
18541,6,1
18542,7,3
18543,4,0
18544,3,2
18545,6,1
18546,6,1
18547,4,2
18548,0,6
18549,3,3
18550,8,5
18551,4,4
18552,2,9
18553,7,5
18554,2,9
18555,0,6
18556,2,7
18557,2,7
18558,2,9
18559,1,8
18560,2,4
18561,2,9
18562,4,9
18563,4,0
18564,9,0
18565,6,1
18566,6,2
18567,3,2
18568,6,1
18569,3,3
18570,2,4
18571,2,4
18572,4,0
18573,5,5
18574,7,8
18575,0,6
18576,0,6
18577,6,8
18578,0,4
18579,2,9
18580,6,8
18581,4,0
18582,2,4
18583,6,1
18584,3,3
18585,3,2
18586,4,0
18587,3,3
18588,3,3
18589,4,4
18590,4,0
18591,7,5
18592,4,4
18593,0,6
18594,3,5
18595,6,8
18596,4,4
18597,2,7
18598,3,9
18599,4,0
18600,8,5
18601,2,4
18602,2,9
18603,4,0
18604,2,4
18605,0,6
18606,4,0
18607,2,4
18608,7,6
18609,6,7
18610,2,9
18611,0,6
18612,3,3
18613,3,2
18614,1,8
18615,3,3
18616,2,7
18617,2,4
18618,6,8
18619,6,8
18620,3,2
18621,2,7
18622,3,2
18623,6,8
18624,2,9
18625,0,6
18626,1,3
18627,3,3
18628,9,9
18629,6,8
18630,7,3
18631,4,2
18632,3,2
18633,3,2
18634,3,2
18635,6,8
18636,0,4
18637,2,4
18638,2,4
18639,7,5
18640,6,1
18641,4,0
18642,7,8
18643,3,2
18644,7,8
18645,4,0
18646,3,3
18647,6,1
18648,2,7
18649,6,1
18650,7,0
18651,3,2
18652,7,6
18653,2,9
18654,4,4
18655,0,6
18656,6,1
18657,3,8
18658,4,0
18659,6,1
18660,6,8
18661,3,2
18662,3,2
18663,6,1
18664,6,1
18665,4,0
18666,2,9
18667,0,6
18668,2,9
18669,2,9
18670,0,6
18671,4,7
18672,0,6
18673,7,5
18674,4,8
18675,1,3
18676,7,5
18677,2,9
18678,0,6
18679,5,3
18680,4,9
18681,2,7
18682,2,7
18683,6,1
18684,6,2
18685,7,8
18686,2,4
18687,3,3
18688,7,9
18689,3,8
18690,4,8
18691,2,7
18692,6,1
18693,3,2
18694,2,9
18695,6,1
18696,7,5
18697,2,9
18698,2,9
18699,7,5
18700,6,9
18701,7,5
18702,0,6
18703,4,0
18704,6,6
18705,6,1
18706,2,7
18707,6,1
18708,2,4
18709,2,9
18710,7,8
18711,4,8
18712,4,0
18713,3,2
18714,7,8
18715,4,0
18716,0,6
18717,2,4
18718,4,0
18719,7,5
18720,2,7
18721,0,6
18722,9,9
18723,7,5
18724,2,4
18725,4,0
18726,4,4
18727,3,3
18728,1,9
18729,2,7
18730,2,4
18731,2,9
18732,8,6
18733,2,9
18734,2,7
18735,3,3
18736,2,7
18737,5,0
18738,2,9
18739,5,3
18740,5,8
18741,6,1
18742,3,3
18743,3,0
18744,2,9
18745,2,4
18746,2,9
18747,2,9
18748,6,2
18749,7,5
18750,4,0
18751,4,4
18752,1,3
18753,2,7
18754,2,7
18755,2,9
18756,2,9
18757,2,7
18758,6,1
18759,4,0
18760,6,1
18761,6,1
18762,4,8
18763,1,2
18764,6,2
18765,1,3
18766,3,3
18767,2,4
18768,6,1
18769,7,5
18770,7,3
18771,0,6
18772,3,6
18773,2,7
18774,6,8
18775,7,8
18776,3,2
18777,2,9
18778,7,5
18779,4,0
18780,3,2
18781,6,1
18782,7,5
18783,3,2
18784,2,7
18785,1,3
18786,2,9
18787,2,4
18788,0,6
18789,7,5
18790,6,1
18791,0,6
18792,6,1
18793,2,7
18794,4,0
18795,6,8
18796,1,3
18797,2,9
18798,7,8
18799,4,0
18800,6,1
18801,6,1
18802,3,3
18803,6,2
18804,1,2
18805,7,3
18806,6,1
18807,0,4
18808,8,5
18809,2,7
18810,6,7
18811,6,8
18812,1,3
18813,2,9
18814,6,3
18815,6,2
18816,6,7
18817,6,2
18818,2,7
18819,2,7
18820,2,9
18821,0,6
18822,7,5
18823,2,4
18824,6,7
18825,2,7
18826,3,3
18827,1,3
18828,2,9
18829,7,5
18830,6,1
18831,0,4
18832,4,0
18833,6,1
18834,2,7
18835,7,8
18836,4,0
18837,4,0
18838,0,6
18839,7,5
18840,7,3
18841,5,2
18842,4,9
18843,2,7
18844,2,7
18845,0,2
18846,4,4
18847,1,3
18848,0,6
18849,0,6
18850,6,2
18851,6,2
18852,6,1
18853,6,1
18854,2,4
18855,6,7
18856,7,8
18857,2,7
18858,4,0
18859,2,9
18860,2,9
18861,2,9
18862,6,3
18863,6,1
18864,3,2
18865,5,2
18866,2,4
18867,2,4
18868,4,0
18869,0,6
18870,6,1
18871,2,7
18872,4,8
18873,6,7
18874,2,9
18875,7,5
18876,2,7
18877,0,4
18878,4,0
18879,7,5
18880,6,1
18881,4,0
18882,7,5
18883,2,9
18884,6,8
18885,2,9
18886,6,1
18887,7,8
18888,2,4
18889,4,0
18890,7,8
18891,6,2
18892,4,0
18893,4,0
18894,1,7
18895,1,3
18896,4,0
18897,7,5
18898,2,4
18899,6,1
18900,3,2
18901,6,8
18902,6,8
18903,0,6
18904,0,6
18905,2,4
18906,8,1
18907,0,6
18908,0,6
18909,4,0
18910,4,7
18911,0,6
18912,6,1
18913,0,4
18914,4,0
18915,3,3
18916,2,9
18917,2,9
18918,6,1
18919,3,3
18920,1,3
18921,4,0
18922,3,2
18923,4,0
18924,1,3
18925,7,5
18926,4,0
18927,6,2
18928,2,9
18929,7,5
18930,6,2
18931,7,8
18932,8,5
18933,6,8
18934,7,5
18935,2,9
18936,4,0
18937,2,4
18938,8,5
18939,1,3
18940,6,1
18941,0,4
18942,6,1
18943,6,2
18944,2,9
18945,7,8
18946,3,2
18947,7,5
18948,7,3
18949,7,5
18950,2,7
18951,6,7
18952,6,8
18953,6,1
18954,4,4
18955,3,3
18956,0,6
18957,0,6
18958,6,1
18959,2,9
18960,6,3
18961,2,4
18962,2,7
18963,6,1
18964,7,3
18965,3,3
18966,2,7
18967,6,8
18968,8,5
18969,2,7
18970,4,0
18971,0,6
18972,1,2
18973,2,9
18974,3,3
18975,1,3
18976,2,9
18977,3,3
18978,6,2
18979,2,7
18980,6,1
18981,6,4
18982,0,6
18983,6,1
18984,1,9
18985,2,9
18986,6,3
18987,6,1
18988,0,4
18989,0,0
18990,2,4
18991,4,0
18992,1,3
18993,6,1
18994,7,8
18995,3,2
18996,2,9
18997,3,3
18998,1,2
18999,2,4
19000,6,8
19001,3,5
19002,0,6
19003,2,7
19004,4,0
19005,6,8
19006,4,0
19007,6,9
19008,4,0
19009,4,0
19010,6,1
19011,6,1
19012,4,0
19013,3,2
19014,3,3
19015,6,3
19016,6,3
19017,2,4
19018,6,1
19019,7,5
19020,7,5
19021,0,6
19022,7,5
19023,6,7
19024,2,9
19025,6,8
19026,2,4
19027,0,0
19028,6,2
19029,6,1
19030,2,9
19031,0,2
19032,4,4
19033,0,4
19034,2,4
19035,6,5
19036,6,1
19037,0,6
19038,4,0
19039,6,7
19040,0,6
19041,6,8
19042,4,9
19043,6,8
19044,4,4
19045,6,9
19046,7,8
19047,2,9
19048,0,6
19049,4,0
19050,2,7
19051,6,1
19052,1,8
19053,3,2
19054,6,7
19055,2,4
19056,8,5
19057,2,7
19058,6,1
19059,2,4
19060,4,0
19061,0,0
19062,0,6
19063,3,3
19064,2,4
19065,6,8
19066,0,6
19067,6,8
19068,6,1
19069,3,2
19070,6,1
19071,6,1
19072,4,0
19073,2,7
19074,4,0
19075,3,3
19076,0,4
19077,5,5
19078,7,5
19079,6,8
19080,4,0
19081,5,5
19082,4,0
19083,7,5
19084,3,2
19085,2,9
19086,6,7
19087,3,2
19088,2,4
19089,1,5
19090,6,1
19091,6,1
19092,3,3
19093,6,1
19094,6,1
19095,0,6
19096,2,1
19097,3,2
19098,4,9
19099,6,1
19100,6,1
19101,3,3
19102,6,1
19103,6,8
19104,4,0
19105,0,6
19106,7,5
19107,2,4
19108,7,5
19109,6,9
19110,6,3
19111,2,4
19112,2,4
19113,6,9
19114,1,3
19115,3,2
19116,3,3
19117,4,0
19118,0,6
19119,4,0
19120,2,9
19121,2,4
19122,6,1
19123,2,4
19124,4,8
19125,0,6
19126,2,9
19127,4,0
19128,6,8
19129,3,2
19130,8,5
19131,6,8
19132,1,2
19133,4,0
19134,0,6
19135,0,6
19136,6,1
19137,6,8
19138,2,4
19139,6,1
19140,2,9
19141,2,7
19142,0,6
19143,2,9
19144,2,9
19145,6,1
19146,2,9
19147,2,9
19148,4,8
19149,3,2
19150,6,1
19151,0,6
19152,1,2
19153,6,7
19154,3,2
19155,0,6
19156,4,0
19157,0,6
19158,8,1
19159,6,8
19160,7,5
19161,2,4
19162,7,5
19163,2,9
19164,2,7
19165,3,2
19166,4,0
19167,6,1
19168,2,1
19169,3,3
19170,7,5
19171,4,0
19172,2,7
19173,6,5
19174,7,5
19175,7,5
19176,6,1
19177,6,8
19178,2,9
19179,4,0
19180,4,0
19181,3,3
19182,6,8
19183,2,7
19184,2,7
19185,2,9
19186,8,5
19187,2,7
19188,6,1
19189,4,0
19190,9,9
19191,3,2
19192,8,4
19193,6,7
19194,8,8
19195,3,3
19196,0,6
19197,0,6
19198,2,4
19199,6,7
19200,1,3
19201,6,8
19202,2,4
19203,4,0
19204,7,8
19205,3,3
19206,0,6
19207,7,5
19208,0,6
19209,4,0
19210,6,2
19211,6,1
19212,4,9
19213,1,2
19214,6,8
19215,7,3
19216,4,0
19217,2,4
19218,0,6
19219,7,5
19220,2,9
19221,2,7
19222,3,3
19223,7,8
19224,7,8
19225,5,0
19226,6,7
19227,6,1
19228,0,6
19229,3,2
19230,1,3
19231,7,3
19232,3,2
19233,2,4
19234,7,3
19235,2,7
19236,7,5
19237,7,8
19238,6,3
19239,2,9
19240,4,0
19241,7,0
19242,7,8
19243,6,1
19244,3,9
19245,3,2
19246,3,3
19247,1,3
19248,6,2
19249,0,4
19250,3,3
19251,2,7
19252,0,4
19253,7,8
19254,1,9
19255,2,9
19256,2,9
19257,2,7
19258,4,0
19259,2,7
19260,2,7
19261,4,0
19262,2,7
19263,3,3
19264,3,3
19265,6,1
19266,3,3
19267,7,8
19268,2,9
19269,2,9
19270,2,7
19271,3,2
19272,4,6
19273,6,1
19274,0,6
19275,7,8
19276,4,6
19277,0,6
19278,6,1
19279,6,5
19280,1,3
19281,0,4
19282,6,1
19283,2,7
19284,2,7
19285,3,3
19286,0,4
19287,2,4
19288,8,5
19289,6,1
19290,8,6
19291,7,8
19292,4,0
19293,0,6
19294,4,4
19295,2,9
19296,6,2
19297,6,1
19298,4,6
19299,2,4
19300,2,9
19301,6,5
19302,1,3
19303,4,0
19304,6,1
19305,6,1
19306,7,5
19307,3,3
19308,4,0
19309,0,6
19310,2,9
19311,2,4
19312,2,7
19313,1,8
19314,1,2
19315,2,9
19316,0,6
19317,6,8
19318,8,5
19319,6,5
19320,2,9
19321,3,2
19322,2,9
19323,6,1
19324,1,2
19325,4,0
19326,3,3
19327,2,7
19328,2,5
19329,0,6
19330,0,6
19331,0,6
19332,0,6
19333,7,3
19334,2,7
19335,7,3
19336,3,2
19337,7,3
19338,7,3
19339,6,1
19340,2,4
19341,2,7
19342,1,3
19343,3,2
19344,2,7
19345,6,2
19346,6,1
19347,3,3
19348,1,3
19349,0,6
19350,7,8
19351,7,8
19352,2,7
19353,7,5
19354,7,5
19355,6,1
19356,8,6
19357,2,4
19358,8,8
19359,2,9
19360,0,0
19361,4,0
19362,8,8
19363,0,6
19364,7,5
19365,7,8
19366,8,5
19367,7,8
19368,5,3
19369,5,0
19370,2,7
19371,7,8
19372,2,7
19373,3,2
19374,7,5
19375,0,4
19376,4,0
19377,3,3
19378,8,4
19379,2,7
19380,2,4
19381,6,1
19382,0,6
19383,2,7
19384,0,6
19385,0,6
19386,7,3
19387,2,9
19388,6,1
19389,2,4
19390,8,5
19391,3,2
19392,7,8
19393,2,9
19394,6,1
19395,2,9
19396,7,5
19397,3,2
19398,7,5
19399,4,0
19400,6,1
19401,2,4
19402,3,2
19403,2,9
19404,8,4
19405,2,4
19406,2,4
19407,4,0
19408,0,6
19409,2,7
19410,6,1
19411,6,1
19412,2,9
19413,3,3
19414,2,4
19415,3,2
19416,6,7
19417,2,9
19418,2,4
19419,4,0
19420,6,1
19421,6,1
19422,7,5
19423,1,2
19424,2,7
19425,1,3
19426,0,6
19427,2,4
19428,4,9
19429,7,5
19430,3,5
19431,0,6
19432,1,2
19433,2,7
19434,2,7
19435,6,8
19436,7,5
19437,2,9
19438,8,3
19439,4,0
19440,6,1
19441,6,1
19442,1,3
19443,1,2
19444,3,2
19445,3,3
19446,6,1
19447,2,4
19448,2,7
19449,7,5
19450,6,2
19451,0,6
19452,6,1
19453,2,7
19454,4,0
19455,3,8
19456,7,5
19457,2,9
19458,6,8
19459,4,0
19460,4,8
19461,6,1
19462,0,6
19463,3,2
19464,0,6
19465,1,3
19466,1,2
19467,8,4
19468,6,2
19469,7,5
19470,7,8
19471,0,6
19472,7,5
19473,2,7
19474,7,3
19475,6,8
19476,8,5
19477,2,9
19478,2,4
19479,2,7
19480,4,0
19481,0,6
19482,6,1
19483,2,4
19484,2,4
19485,4,0
19486,6,1
19487,7,5
19488,0,6
19489,1,8
19490,4,0
19491,4,0
19492,4,0
19493,2,7
19494,2,9
19495,1,3
19496,0,6
19497,7,5
19498,2,4
19499,2,4
19500,3,3
19501,1,3
19502,4,2
19503,0,6
19504,4,0
19505,0,2
19506,7,5
19507,6,1
19508,1,2
19509,2,7
19510,6,1
19511,2,7
19512,2,9
19513,2,9
19514,2,4
19515,2,9
19516,6,1
19517,6,1
19518,3,3
19519,1,2
19520,2,4
19521,0,4
19522,2,4
19523,0,6
19524,6,2
19525,2,7
19526,6,1
19527,2,7
19528,6,1
19529,7,5
19530,0,6
19531,2,4
19532,0,6
19533,7,5
19534,2,7
19535,4,0
19536,1,3
19537,2,9
19538,8,8
19539,4,9
19540,7,8
19541,6,8
19542,4,0
19543,4,0
19544,6,1
19545,3,2
19546,7,9
19547,4,0
19548,1,3
19549,1,3
19550,4,0
19551,7,5
19552,6,1
19553,0,6
19554,4,0
19555,6,1
19556,6,2
19557,1,8
19558,4,9
19559,0,6
19560,6,9
19561,2,4
19562,0,6
19563,0,6
19564,2,4
19565,7,0
19566,1,8
19567,2,9
19568,1,2
19569,0,2
19570,7,8
19571,0,6
19572,2,7
19573,2,4
19574,2,7
19575,3,3
19576,4,9
19577,2,9
19578,7,5
19579,1,3
19580,2,7
19581,1,0
19582,6,8
19583,4,0
19584,4,0
19585,7,5
19586,7,9
19587,1,2
19588,4,0
19589,7,5
19590,8,5
19591,7,8
19592,6,7
19593,7,8
19594,4,0
19595,1,8
19596,4,9
19597,2,9
19598,6,1
19599,2,4
19600,7,8
19601,1,3
19602,6,2
19603,6,8
19604,4,0
19605,6,8
19606,0,2
19607,7,5
19608,2,4
19609,7,5
19610,7,5
19611,2,7
19612,4,0
19613,6,1
19614,6,1
19615,1,3
19616,2,9
19617,0,6
19618,1,8
19619,2,9
19620,6,3
19621,2,4
19622,6,1
19623,6,1
19624,0,6
19625,2,7
19626,6,1
19627,0,6
19628,4,0
19629,2,9
19630,6,1
19631,3,3
19632,3,2
19633,1,3
19634,4,4
19635,2,7
19636,2,7
19637,2,4
19638,8,5
19639,6,1
19640,6,1
19641,2,9
19642,6,7
19643,6,1
19644,2,9
19645,1,0
19646,4,0
19647,0,6
19648,2,7
19649,4,0
19650,7,8
19651,6,1
19652,6,1
19653,1,2
19654,3,2
19655,1,3
19656,8,6
19657,2,4
19658,2,7
19659,7,5
19660,1,3
19661,0,6
19662,7,8
19663,2,7
19664,4,0
19665,7,8
19666,2,4
19667,2,9
19668,2,7
19669,4,0
19670,8,5
19671,6,1
19672,0,4
19673,1,2
19674,6,1
19675,1,3
19676,7,5
19677,2,4
19678,0,6
19679,7,5
19680,6,2
19681,0,6
19682,4,0
19683,6,7
19684,0,6
19685,7,8
19686,4,0
19687,2,9
19688,6,2
19689,4,0
19690,4,9
19691,6,1
19692,8,8
19693,1,2
19694,3,2
19695,1,3
19696,2,9
19697,2,4
19698,0,6
19699,7,5
19700,2,4
19701,0,6
19702,7,5
19703,2,7
19704,2,7
19705,3,8
19706,7,5
19707,2,9
19708,3,3
19709,4,0
19710,0,6
19711,7,8
19712,0,6
19713,3,3
19714,4,0
19715,2,9
19716,6,8
19717,7,5
19718,2,9
19719,7,5
19720,4,8
19721,1,2
19722,0,6
19723,0,6
19724,6,1
19725,7,8
19726,4,0
19727,2,4
19728,2,9
19729,2,9
19730,2,9
19731,6,1
19732,4,0
19733,2,7
19734,7,3
19735,6,1
19736,7,3
19737,1,2
19738,4,0
19739,1,3
19740,2,7
19741,7,5
19742,6,1
19743,2,9
19744,4,0
19745,0,6
19746,7,5
19747,2,9
19748,4,9
19749,6,1
19750,3,2
19751,6,1
19752,4,5
19753,6,1
19754,0,6
19755,1,2
19756,8,8
19757,7,9
19758,3,3
19759,7,5
19760,4,0
19761,0,6
19762,0,6
19763,4,8
19764,1,2
19765,6,1
19766,2,9
19767,3,2
19768,6,1
19769,1,0
19770,4,0
19771,2,7
19772,4,0
19773,2,7
19774,4,0
19775,7,5
19776,6,1
19777,7,8
19778,2,9
19779,3,2
19780,2,7
19781,2,9
19782,6,1
19783,7,8
19784,3,2
19785,2,9
19786,4,0
19787,4,0
19788,0,6
19789,2,4
19790,8,8
19791,2,7
19792,8,8
19793,7,3
19794,2,4
19795,2,4
19796,4,0
19797,7,5
19798,4,0
19799,0,6
19800,2,7
19801,4,0
19802,6,2
19803,1,3
19804,6,1
19805,0,6
19806,2,9
19807,6,8
19808,6,2
19809,2,7
19810,2,4
19811,4,0
19812,2,7
19813,2,4
19814,1,9
19815,1,2
19816,6,1
19817,2,7
19818,4,0
19819,2,4
19820,7,5
19821,1,3
19822,4,0
19823,2,7
19824,7,9
19825,7,5
19826,8,8
19827,2,4
19828,0,6
19829,7,3
19830,6,1
19831,2,4
19832,4,9
19833,1,2
19834,1,3
19835,6,8
19836,3,3
19837,1,1
19838,2,7
19839,7,5
19840,2,4
19841,6,1
19842,2,7
19843,5,2
19844,2,7
19845,4,0
19846,8,5
19847,5,2
19848,0,6
19849,7,5
19850,6,1
19851,0,6
19852,7,5
19853,2,4
19854,3,2
19855,7,3
19856,4,0
19857,4,0
19858,8,5
19859,4,0
19860,1,9
19861,4,0
19862,7,5
19863,1,3
19864,7,8
19865,1,3
19866,4,3
19867,7,5
19868,7,5
19869,2,7
19870,7,5
19871,4,0
19872,4,0
19873,0,6
19874,8,5
19875,2,4
19876,6,2
19877,6,8
19878,6,3
19879,7,8
19880,6,1
19881,0,6
19882,2,4
19883,1,3
19884,6,1
19885,2,9
19886,4,2
19887,2,9
19888,4,5
19889,7,8
19890,3,2
19891,3,2
19892,3,5
19893,2,7
19894,6,1
19895,1,7
19896,0,6
19897,6,1
19898,6,1
19899,4,0
19900,4,0
19901,6,1
19902,4,0
19903,1,2
19904,2,7
19905,1,3
19906,8,8
19907,2,4
19908,4,0
19909,7,5
19910,2,9
19911,7,8
19912,6,7
19913,2,9
19914,2,9
19915,4,0
19916,0,6
19917,6,1
19918,6,1
19919,5,2
19920,7,5
19921,1,3
19922,4,4
19923,8,4
19924,4,0
19925,7,5
19926,6,2
19927,0,6
19928,2,8
19929,2,7
19930,4,0
19931,7,8
19932,7,8
19933,4,9
19934,9,9
19935,4,0
19936,2,4
19937,2,1
19938,2,9
19939,1,2
19940,6,1
19941,1,3
19942,7,5
19943,0,4
19944,3,5
19945,7,5
19946,0,6
19947,0,6
19948,1,8
19949,2,7
19950,3,3
19951,3,8
19952,4,4
19953,2,9
19954,0,6
19955,6,1
19956,0,6
19957,2,4
19958,7,5
19959,7,5
19960,0,6
19961,4,4
19962,1,3
19963,1,2
19964,0,6
19965,1,3
19966,6,1
19967,1,3
19968,6,1
19969,4,0
19970,0,6
19971,2,9
19972,9,9
19973,7,5
19974,4,0
19975,2,4
19976,3,3
19977,1,3
19978,2,7
19979,4,0
19980,7,5
19981,3,8
19982,1,2
19983,8,4
19984,0,6
19985,4,0
19986,0,6
19987,2,7
19988,3,8
19989,2,7
19990,0,0
19991,6,1
19992,2,9
19993,0,6
19994,7,5
19995,2,9
19996,3,5
19997,6,1
19998,2,4
19999,3,2
20000,7,5
20001,2,9
20002,2,7
20003,1,3
20004,2,7
20005,8,6
20006,8,5
20007,1,2
20008,4,4
20009,1,3
20010,4,0
20011,2,4
20012,4,0
20013,0,6
20014,6,8
20015,7,8
20016,6,3
20017,7,5
20018,6,1
20019,2,7
20020,8,8
20021,5,2
20022,3,2
20023,1,3
20024,4,8
20025,3,8
20026,2,9
20027,2,1
20028,3,2
20029,5,2
20030,2,7
20031,2,9
20032,2,7
20033,7,5
20034,7,5
20035,3,8
20036,6,1
20037,3,8
20038,7,5
20039,2,7
20040,2,4
20041,6,1
20042,3,2
20043,2,7
20044,7,5
20045,6,1
20046,6,1
20047,6,1
20048,6,7
20049,4,0
20050,4,9
20051,1,3
20052,6,1
20053,2,4
20054,2,9
20055,1,2
20056,4,4
20057,0,6
20058,6,1
20059,2,4
20060,4,0
20061,2,7
20062,2,8
20063,2,4
20064,6,1
20065,6,2
20066,6,1
20067,2,7
20068,4,8
20069,2,4
20070,6,1
20071,1,2
20072,1,3
20073,2,9
20074,0,4
20075,2,9
20076,0,6
20077,5,2
20078,3,2
20079,7,8
20080,7,3
20081,0,6
20082,2,4
20083,6,1
20084,2,9
20085,4,0
20086,2,9
20087,0,6
20088,4,0
20089,3,8
20090,2,7
20091,7,5
20092,7,5
20093,7,5
20094,6,1
20095,4,0
20096,7,3
20097,7,5
20098,4,4
20099,1,3
20100,1,2
20101,7,5
20102,7,8
20103,2,9
20104,0,6
20105,2,7
20106,3,8
20107,4,8
20108,6,1
20109,7,5
20110,4,4
20111,2,9
20112,2,9
20113,0,6
20114,4,0
20115,2,9
20116,4,8
20117,4,0
20118,4,4
20119,0,6
20120,7,5
20121,1,3
20122,0,6
20123,4,0
20124,0,6
20125,7,5
20126,2,9
20127,3,8
20128,4,0
20129,2,9
20130,4,9
20131,6,1
20132,6,1
20133,7,8
20134,2,7
20135,8,1
20136,0,6
20137,0,6
20138,2,9
20139,4,0
20140,8,5
20141,4,0
20142,0,6
20143,6,1
20144,2,4
20145,3,2
20146,6,1
20147,3,3
20148,0,6
20149,0,4
20150,1,3
20151,8,5
20152,0,6
20153,0,6
20154,0,6
20155,2,7
20156,0,6
20157,6,8
20158,2,7
20159,2,9
20160,3,2
20161,4,0
20162,2,7
20163,6,1
20164,2,9
20165,3,2
20166,1,3
20167,1,3
20168,0,6
20169,0,4
20170,4,9
20171,1,5
20172,2,4
20173,0,6
20174,4,0
20175,4,0
20176,8,4
20177,6,1
20178,6,1
20179,3,2
20180,2,4
20181,3,3
20182,0,4
20183,0,4
20184,2,9
20185,7,5
20186,6,5
20187,0,6
20188,2,9
20189,2,7
20190,6,5
20191,6,8
20192,1,3
20193,2,9
20194,6,1
20195,6,1
20196,2,9
20197,0,4
20198,7,8
20199,7,5
20200,7,5
20201,3,3
20202,9,9
20203,3,3
20204,7,8
20205,4,0
20206,2,7
20207,2,9
20208,2,4
20209,6,5
20210,8,5
20211,2,4
20212,6,1
20213,3,3
20214,2,7
20215,4,0
20216,2,9
20217,6,8
20218,2,7
20219,0,4
20220,5,3
20221,0,6
20222,7,3
20223,2,7
20224,6,2
20225,4,0
20226,3,7
20227,2,7
20228,2,9
20229,2,7
20230,2,4
20231,6,1
20232,6,1
20233,0,6
20234,4,4
20235,2,9
20236,0,4
20237,6,1
20238,4,0
20239,6,2
20240,3,2
20241,6,9
20242,1,2
20243,3,3
20244,4,0
20245,0,6
20246,7,5
20247,6,2
20248,2,9
20249,3,3
20250,2,4
20251,6,4
20252,6,3
20253,0,6
20254,4,9
20255,2,7
20256,4,0
20257,1,2
20258,2,4
20259,1,3
20260,2,7
20261,6,8
20262,0,4
20263,6,1
20264,6,9
20265,3,2
20266,8,5
20267,2,9
20268,1,2
20269,6,8
20270,2,9
20271,6,8
20272,0,6
20273,2,7
20274,6,1
20275,6,1
20276,4,4
20277,2,7
20278,3,3
20279,6,1
20280,2,7
20281,6,1
20282,2,9
20283,0,0
20284,6,2
20285,1,3
20286,8,6
20287,0,4
20288,0,6
20289,3,2
20290,2,9
20291,0,6
20292,1,0
20293,2,4
20294,4,4
20295,2,7
20296,2,7
20297,2,4
20298,6,1
20299,3,2
20300,6,8
20301,2,7
20302,6,1
20303,2,4
20304,6,7
20305,3,2
20306,8,5
20307,2,9
20308,2,9
20309,3,2
20310,2,7
20311,2,7
20312,2,7
20313,3,2
20314,1,3
20315,6,8
20316,2,9
20317,0,6
20318,2,7
20319,6,1
20320,0,6
20321,4,0
20322,8,1
20323,0,6
20324,0,6
20325,6,5
20326,1,3
20327,6,1
20328,2,8
20329,1,3
20330,4,9
20331,7,5
20332,2,1
20333,2,9
20334,4,0
20335,2,7
20336,6,8
20337,2,4
20338,0,4
20339,6,8
20340,6,1
20341,2,9
20342,4,5
20343,0,6
20344,3,3
20345,2,9
20346,2,4
20347,3,3
20348,6,1
20349,4,0
20350,4,8
20351,4,0
20352,8,8
20353,0,6
20354,2,7
20355,7,3
20356,3,3
20357,4,0
20358,2,9
20359,7,5
20360,4,9
20361,6,1
20362,3,3
20363,6,8
20364,7,8
20365,6,1
20366,3,9
20367,0,6
20368,2,4
20369,4,0
20370,2,7
20371,4,0
20372,8,8
20373,6,1
20374,7,5
20375,3,2
20376,2,9
20377,1,3
20378,1,3
20379,2,4
20380,2,7
20381,6,5
20382,6,2
20383,0,6
20384,6,1
20385,2,7
20386,2,7
20387,6,8
20388,5,0
20389,2,9
20390,7,5
20391,4,0
20392,4,0
20393,6,1
20394,6,1
20395,3,2
20396,2,4
20397,3,3
20398,2,7
20399,2,4
20400,1,3
20401,0,6
20402,4,9
20403,2,7
20404,2,7
20405,3,8
20406,2,7
20407,4,0
20408,3,8
20409,6,1
20410,2,9
20411,3,2
20412,7,8
20413,3,3
20414,5,2
20415,2,4
20416,8,6
20417,6,7
20418,4,0
20419,7,8
20420,4,0
20421,2,9
20422,2,7
20423,3,3
20424,3,2
20425,2,4
20426,7,3
20427,6,1
20428,7,5
20429,2,4
20430,7,3
20431,0,6
20432,3,2
20433,0,6
20434,2,9
20435,2,7
20436,4,2
20437,3,3
20438,1,1
20439,3,3
20440,3,2
20441,3,2
20442,1,2
20443,6,1
20444,6,9
20445,2,9
20446,5,2
20447,2,4
20448,6,2
20449,6,7
20450,2,9
20451,3,3
20452,6,7
20453,6,5
20454,3,2
20455,2,4
20456,6,1
20457,2,9
20458,3,3
20459,6,1
20460,2,4
20461,6,1
20462,2,9
20463,1,0
20464,4,4
20465,6,1
20466,2,7
20467,6,4
20468,0,4
20469,0,6
20470,1,3
20471,4,0
20472,3,8
20473,3,2
20474,6,1
20475,6,1
20476,7,5
20477,2,7
20478,4,0
20479,6,5
20480,0,6
20481,4,0
20482,3,0
20483,4,0
20484,2,4
20485,3,2
20486,4,6
20487,4,0
20488,3,2
20489,0,6
20490,2,4
20491,7,8
20492,1,3
20493,3,2
20494,0,6
20495,2,9
20496,2,4
20497,3,2
20498,2,7
20499,3,3
20500,3,3
20501,2,7
20502,6,2
20503,0,6
20504,2,7
20505,2,9
20506,6,1
20507,6,8
20508,2,9
20509,6,7
20510,4,0
20511,6,8
20512,0,6
20513,2,9
20514,5,2
20515,3,2
20516,3,8
20517,3,2
20518,7,9
20519,2,9
20520,3,2
20521,6,8
20522,3,2
20523,0,6
20524,1,8
20525,2,4
20526,3,2
20527,6,4
20528,7,5
20529,6,4
20530,7,5
20531,4,0
20532,6,7
20533,4,0
20534,6,5
20535,6,8
20536,6,1
20537,4,0
20538,6,3
20539,6,8
20540,3,3
20541,0,6
20542,3,2
20543,0,6
20544,1,3
20545,6,8
20546,2,9
20547,5,5
20548,4,0
20549,6,7
20550,6,2
20551,4,0
20552,2,7
20553,3,3
20554,2,9
20555,0,6
20556,6,1
20557,6,7
20558,2,7
20559,7,8
20560,3,8
20561,3,3
20562,2,9
20563,6,1
20564,7,5
20565,1,3
20566,2,7
20567,2,9
20568,3,2
20569,1,5
20570,1,3
20571,2,9
20572,4,6
20573,2,9
20574,0,4
20575,8,5
20576,2,7
20577,0,0
20578,3,8
20579,6,7
20580,3,8
20581,3,2
20582,2,7
20583,6,7
20584,4,0
20585,0,4
20586,7,5
20587,3,3
20588,2,7
20589,6,1
20590,3,5
20591,0,0
20592,1,8
20593,6,1
20594,4,9
20595,3,2
20596,8,6
20597,1,3
20598,7,5
20599,2,4
20600,2,7
20601,6,5
20602,4,0
20603,0,6
20604,6,1
20605,2,7
20606,6,3
20607,7,8
20608,4,0
20609,4,0
20610,1,3
20611,6,1
20612,3,2
20613,3,2
20614,6,8
20615,1,3
20616,1,3
20617,2,4
20618,4,8
20619,2,7
20620,2,4
20621,6,8
20622,4,0
20623,6,9
20624,3,2
20625,1,0
20626,1,3
20627,6,1
20628,8,5
20629,3,2
20630,2,8
20631,1,3
20632,4,0
20633,2,4
20634,2,4
20635,8,5
20636,2,9
20637,0,6
20638,2,9
20639,6,8
20640,7,8
20641,4,9
20642,4,0
20643,6,1
20644,2,9
20645,4,0
20646,2,7
20647,0,6
20648,7,8
20649,3,3
20650,0,4
20651,2,4
20652,2,4
20653,2,4
20654,6,1
20655,3,2
20656,0,6
20657,7,8
20658,4,0
20659,6,1
20660,2,8
20661,4,0
20662,4,0
20663,0,6
20664,3,3
20665,2,4
20666,6,8
20667,2,9
20668,7,5
20669,2,7
20670,3,3
20671,3,2
20672,5,1
20673,1,3
20674,6,1
20675,3,3
20676,2,9
20677,2,9
20678,6,1
20679,3,2
20680,2,4
20681,4,0
20682,0,6
20683,2,9
20684,6,9
20685,1,3
20686,6,1
20687,3,3
20688,4,0
20689,2,9
20690,8,8
20691,6,1
20692,9,9
20693,7,5
20694,2,7
20695,3,2
20696,0,4
20697,1,3
20698,2,9
20699,6,1
20700,2,9
20701,0,6
20702,2,4
20703,6,7
20704,0,6
20705,1,3
20706,6,1
20707,2,7
20708,6,3
20709,1,8
20710,5,2
20711,6,4
20712,8,8
20713,4,0
20714,4,4
20715,3,2
20716,7,5
20717,2,4
20718,7,5
20719,1,0
20720,6,7
20721,3,2
20722,6,8
20723,6,7
20724,4,0
20725,6,8
20726,4,4
20727,4,0
20728,3,3
20729,6,7
20730,2,4
20731,4,0
20732,6,8
20733,0,6
20734,2,9
20735,4,9
20736,0,6
20737,3,3
20738,3,3
20739,3,2
20740,2,7
20741,2,4
20742,6,2
20743,6,8
20744,0,6
20745,8,6
20746,6,1
20747,4,0
20748,3,2
20749,6,1
20750,2,9
20751,1,0
20752,1,3
20753,7,8
20754,7,5
20755,6,1
20756,7,3
20757,0,6
20758,7,8
20759,2,7
20760,6,1
20761,3,2
20762,4,0
20763,2,9
20764,0,6
20765,2,7
20766,2,7
20767,6,9
20768,2,4
20769,7,5
20770,3,2
20771,1,8
20772,6,1
20773,6,9
20774,3,8
20775,0,6
20776,2,4
20777,8,5
20778,2,9
20779,3,2
20780,1,3
20781,0,6
20782,0,6
20783,3,2
20784,4,5
20785,7,8
20786,3,2
20787,6,1
20788,2,9
20789,2,7
20790,3,3
20791,7,5
20792,7,9
20793,7,5
20794,2,4
20795,2,7
20796,0,6
20797,3,3
20798,6,1
20799,7,5
20800,3,3
20801,4,0
20802,6,1
20803,6,1
20804,7,5
20805,1,3
20806,0,6
20807,7,8
20808,0,6
20809,2,4
20810,6,1
20811,2,9
20812,6,8
20813,2,4
20814,4,0
20815,7,5
20816,3,0
20817,6,1
20818,2,9
20819,6,8
20820,4,9
20821,0,6
20822,0,6
20823,1,8
20824,8,1
20825,6,9
20826,2,9
20827,4,0
20828,6,1
20829,6,1
20830,4,9
20831,3,2
20832,3,2
20833,3,3
20834,2,7
20835,0,4
20836,2,4
20837,6,5
20838,6,1
20839,0,6
20840,4,0
20841,2,9
20842,1,3
20843,0,0
20844,1,3
20845,6,1
20846,4,0
20847,9,2
20848,6,1
20849,1,3
20850,3,2
20851,0,4
20852,6,1
20853,6,5
20854,7,5
20855,0,6
20856,2,7
20857,2,7
20858,7,8
20859,6,8
20860,7,5
20861,2,9
20862,6,2
20863,4,0
20864,2,9
20865,6,1
20866,6,7
20867,9,2
20868,1,3
20869,3,3
20870,6,1
20871,6,9
20872,1,3
20873,6,8
20874,3,2
20875,6,1
20876,7,8
20877,4,0
20878,7,5
20879,2,9
20880,7,8
20881,6,5
20882,1,2
20883,2,7
20884,6,1
20885,7,5
20886,4,0
20887,6,1
20888,6,1
20889,6,8
20890,7,5
20891,0,6
20892,8,6
20893,2,9
20894,4,4
20895,4,0
20896,0,6
20897,6,4
20898,6,1
20899,6,1
20900,2,9
20901,2,9
20902,3,3
20903,3,3
20904,7,8
20905,6,8
20906,3,8
20907,0,4
20908,0,4
20909,2,7
20910,1,2
20911,4,0
20912,6,1
20913,6,1
20914,7,5
20915,2,9
20916,7,6
20917,3,2
20918,8,9
20919,6,8
20920,2,9
20921,2,7
20922,8,5
20923,6,8
20924,4,4
20925,2,9
20926,3,3
20927,0,6
20928,4,0
20929,4,0
20930,1,2
20931,0,6
20932,2,4
20933,1,5
20934,4,0
20935,7,5
20936,4,0
20937,1,3
20938,7,8
20939,1,3
20940,0,6
20941,5,3
20942,8,3
20943,2,9
20944,3,2
20945,6,8
20946,5,3
20947,1,0
20948,0,6
20949,0,6
20950,2,4
20951,6,1
20952,3,3
20953,4,0
20954,8,8
20955,4,0
20956,2,4
20957,0,6
20958,4,0
20959,3,2
20960,6,2
20961,6,1
20962,2,4
20963,6,1
20964,2,9
20965,1,3
20966,1,8
20967,8,2
20968,8,8
20969,2,7
20970,3,2
20971,2,7
20972,2,4
20973,6,8
20974,6,1
20975,6,8
20976,0,5
20977,2,7
20978,8,6
20979,4,0
20980,2,7
20981,3,2
20982,4,9
20983,4,0
20984,0,6
20985,3,3
20986,8,8
20987,6,1
20988,6,1
20989,3,3
20990,6,1
20991,2,7
20992,6,2
20993,3,2
20994,7,5
20995,0,4
20996,2,7
20997,2,9
20998,0,6
20999,0,4
21000,2,7
21001,3,3
21002,6,1
21003,0,6
21004,0,6
21005,6,5
21006,3,2
21007,3,3
21008,0,6
21009,3,2
21010,6,1
21011,7,5
21012,3,2
21013,1,5
21014,1,2
21015,2,9
21016,8,5
21017,6,4
21018,3,3
21019,6,1
21020,2,9
21021,2,7
21022,0,4
21023,9,2
21024,6,2
21025,0,6
21026,7,3
21027,7,5
21028,4,0
21029,4,0
21030,0,6
21031,6,1
21032,2,9
21033,3,2
21034,4,5
21035,3,3
21036,0,6
21037,2,4
21038,3,3
21039,7,5
21040,7,9
21041,0,6
21042,3,2
21043,2,7
21044,6,2
21045,8,8
21046,6,8
21047,2,9
21048,6,8
21049,4,0
21050,2,7
21051,6,1
21052,6,1
21053,3,2
21054,6,1
21055,3,3
21056,3,3
21057,2,4
21058,8,5
21059,7,5
21060,6,1
21061,0,6
21062,6,7
21063,2,7
21064,4,0
21065,7,8
21066,1,0
21067,2,9
21068,6,1
21069,4,0
21070,6,1
21071,6,1
21072,2,9
21073,3,2
21074,0,6
21075,3,3
21076,4,4
21077,0,4
21078,4,0
21079,7,5
21080,1,3
21081,0,6
21082,4,0
21083,2,7
21084,0,6
21085,6,8
21086,2,7
21087,2,9
21088,6,1
21089,6,8
21090,6,1
21091,2,9
21092,3,3
21093,7,5
21094,6,1
21095,2,7
21096,4,4
21097,4,0
21098,3,3
21099,3,3
21100,0,6
21101,6,1
21102,5,3
21103,0,6
21104,1,8
21105,7,8
21106,7,8
21107,2,4
21108,2,9
21109,6,1
21110,6,8
21111,2,7
21112,7,3
21113,0,6
21114,7,5
21115,7,5
21116,1,3
21117,0,6
21118,6,8
21119,2,4
21120,1,8
21121,3,2
21122,0,6
21123,2,7
21124,7,5
21125,7,8
21126,0,6
21127,6,1
21128,0,6
21129,3,3
21130,2,4
21131,2,4
21132,4,0
21133,2,7
21134,0,4
21135,3,2
21136,6,2
21137,4,0
21138,4,9
21139,7,5
21140,4,4
21141,4,0
21142,4,0
21143,6,1
21144,3,3
21145,2,9
21146,6,8
21147,5,2
21148,2,7
21149,3,3
21150,1,3
21151,3,2
21152,4,4
21153,3,3
21154,1,3
21155,7,5
21156,5,3
21157,7,5
21158,2,9
21159,2,7
21160,2,7
21161,7,8
21162,2,9
21163,2,4
21164,3,2
21165,2,9
21166,6,1
21167,2,9
21168,6,1
21169,2,7
21170,3,3
21171,6,1
21172,2,9
21173,6,1
21174,0,2
21175,2,7
21176,1,3
21177,7,8
21178,6,1
21179,3,3
21180,8,6
21181,2,4
21182,7,3
21183,6,8
21184,7,5
21185,0,6
21186,2,4
21187,3,3
21188,7,8
21189,3,8
21190,8,8
21191,4,0
21192,2,9
21193,2,9
21194,6,2
21195,0,6
21196,6,1
21197,3,2
21198,7,5
21199,3,0
21200,6,1
21201,6,1
21202,6,1
21203,4,0
21204,6,5
21205,0,6
21206,7,5
21207,6,2
21208,5,3
21209,3,3
21210,8,5
21211,6,8
21212,7,8
21213,2,9
21214,0,6
21215,4,0
21216,4,0
21217,2,7
21218,2,9
21219,5,2
21220,6,1
21221,3,3
21222,2,7
21223,6,4
21224,4,9
21225,7,5
21226,0,6
21227,7,5
21228,1,3
21229,3,2
21230,6,1
21231,7,8
21232,2,4
21233,7,5
21234,0,6
21235,2,4
21236,2,7
21237,0,6
21238,3,3
21239,0,6
21240,2,7
21241,0,6
21242,4,0
21243,2,7
21244,7,5
21245,2,9
21246,4,4
21247,6,1
21248,6,1
21249,7,8
21250,3,3
21251,3,2
21252,7,5
21253,6,1
21254,3,2
21255,3,2
21256,4,0
21257,0,6
21258,2,7
21259,7,5
21260,4,0
21261,1,3
21262,6,4
21263,2,4
21264,8,5
21265,2,7
21266,4,0
21267,2,9
21268,0,6
21269,2,4
21270,2,4
21271,4,0
21272,6,1
21273,4,0
21274,3,2
21275,7,5
21276,7,5
21277,2,9
21278,6,3
21279,7,0
21280,3,8
21281,6,1
21282,7,8
21283,1,2
21284,3,3
21285,7,3
21286,8,8
21287,0,4
21288,6,1
21289,7,5
21290,0,6
21291,0,6
21292,6,1
21293,2,7
21294,0,6
21295,7,8
21296,2,4
21297,6,9
21298,0,6
21299,4,0
21300,2,9
21301,6,1
21302,2,9
21303,1,2
21304,0,4
21305,7,3
21306,2,3
21307,0,4
21308,4,0
21309,7,5
21310,4,8
21311,0,6
21312,6,8
21313,2,7
21314,4,0
21315,7,8
21316,0,6
21317,2,9
21318,2,7
21319,4,0
21320,1,3
21321,6,1
21322,2,7
21323,5,2
21324,3,2
21325,5,3
21326,2,4
21327,0,4
21328,3,3
21329,7,5
21330,1,2
21331,0,6
21332,0,6
21333,2,7
21334,6,1
21335,2,7
21336,2,9
21337,0,6
21338,7,5
21339,0,4
21340,2,4
21341,5,3
21342,6,1
21343,3,0
21344,2,9
21345,0,6
21346,8,5
21347,0,6
21348,6,6
21349,0,6
21350,4,0
21351,6,9
21352,2,7
21353,4,0
21354,4,0
21355,4,0
21356,2,9
21357,6,1
21358,4,0
21359,3,3
21360,8,5
21361,6,9
21362,6,1
21363,0,4
21364,6,1
21365,7,5
21366,1,2
21367,2,7
21368,0,6
21369,2,9
21370,5,3
21371,7,5
21372,4,0
21373,0,6
21374,2,4
21375,7,8
21376,6,1
21377,2,9
21378,2,9
21379,6,1
21380,4,0
21381,7,3
21382,3,2
21383,7,8
21384,7,8
21385,7,5
21386,1,7
21387,2,7
21388,2,7
21389,3,8
21390,1,3
21391,6,1
21392,0,6
21393,0,4
21394,6,1
21395,7,8
21396,2,7
21397,7,5
21398,6,1
21399,7,8
21400,2,7
21401,6,1
21402,2,1
21403,4,0
21404,0,6
21405,2,7
21406,7,8
21407,0,6
21408,6,8
21409,6,1
21410,0,6
21411,0,6
21412,6,7
21413,4,0
21414,6,2
21415,3,3
21416,8,5
21417,0,4
21418,0,6
21419,0,6
21420,5,3
21421,7,8
21422,4,9
21423,2,9
21424,6,1
21425,5,2
21426,0,6
21427,6,1
21428,1,3
21429,2,7
21430,8,4
21431,0,4
21432,8,8
21433,7,5
21434,0,6
21435,5,2
21436,0,2
21437,2,7
21438,3,2
21439,7,5
21440,4,5
21441,3,2
21442,2,4
21443,1,2
21444,6,2
21445,1,9
21446,6,1
21447,3,3
21448,2,4
21449,2,9
21450,6,2
21451,5,2
21452,0,6
21453,3,2
21454,4,0
21455,7,5
21456,2,7
21457,7,8
21458,3,3
21459,2,7
21460,6,1
21461,0,4
21462,2,7
21463,2,7
21464,2,7
21465,6,1
21466,6,3
21467,7,8
21468,6,3
21469,4,0
21470,6,2
21471,2,9
21472,0,4
21473,0,6
21474,6,1
21475,7,8
21476,6,1
21477,6,1
21478,2,7
21479,6,1
21480,2,4
21481,7,5
21482,2,7
21483,2,7
21484,7,5
21485,0,6
21486,6,8
21487,5,3
21488,4,6
21489,7,5
21490,2,4
21491,0,4
21492,6,1
21493,5,2
21494,7,8
21495,2,9
21496,1,3
21497,4,0
21498,6,1
21499,0,4
21500,2,4
21501,2,7
21502,6,2
21503,0,4
21504,6,2
21505,1,3
21506,4,0
21507,1,2
21508,4,0
21509,4,9
21510,2,9
21511,3,2
21512,7,3
21513,4,0
21514,2,7
21515,7,3
21516,2,9
21517,0,4
21518,2,7
21519,7,5
21520,7,8
21521,4,0
21522,3,2
21523,4,0
21524,1,3
21525,5,3
21526,4,0
21527,1,2
21528,3,2
21529,7,8
21530,7,5
21531,1,3
21532,7,5
21533,4,0
21534,4,0
21535,6,1
21536,6,2
21537,6,2
21538,0,6
21539,3,3
21540,2,9
21541,2,4
21542,4,0
21543,8,5
21544,6,2
21545,0,6
21546,4,0
21547,2,7
21548,8,5
21549,6,8
21550,7,5
21551,6,9
21552,6,1
21553,4,0
21554,6,1
21555,6,1
21556,1,8
21557,3,2
21558,4,5
21559,3,3
21560,4,0
21561,2,4
21562,7,9
21563,8,5
21564,0,6
21565,0,6
21566,3,2
21567,2,7
21568,6,1
21569,6,8
21570,3,3
21571,2,9
21572,6,7
21573,7,0
21574,6,1
21575,6,1
21576,4,0
21577,3,2
21578,6,8
21579,3,3
21580,3,3
21581,2,4
21582,1,3
21583,7,5
21584,3,3
21585,0,6
21586,4,0
21587,6,7
21588,8,5
21589,6,8
21590,2,4
21591,6,9
21592,2,9
21593,6,8
21594,6,1
21595,2,9
21596,3,3
21597,3,2
21598,1,2
21599,0,6
21600,4,0
21601,4,1
21602,4,0
21603,2,7
21604,3,5
21605,0,6
21606,1,3
21607,3,3
21608,4,0
21609,8,5
21610,3,3
21611,2,4
21612,4,0
21613,6,8
21614,4,0
21615,3,2
21616,4,9
21617,0,6
21618,6,1
21619,2,4
21620,4,0
21621,2,7
21622,7,3
21623,6,2
21624,2,7
21625,3,3
21626,7,5
21627,2,4
21628,4,0
21629,7,5
21630,3,2
21631,2,9
21632,7,5
21633,3,2
21634,6,1
21635,4,0
21636,3,2
21637,3,3
21638,6,2
21639,2,9
21640,4,0
21641,6,7
21642,2,4
21643,3,3
21644,4,4
21645,2,9
21646,4,9
21647,3,3
21648,8,4
21649,6,8
21650,7,8
21651,6,7
21652,6,2
21653,2,4
21654,3,3
21655,2,4
21656,6,8
21657,2,9
21658,4,0
21659,6,8
21660,6,3
21661,7,5
21662,2,7
21663,6,8
21664,2,4
21665,3,2
21666,2,7
21667,0,6
21668,1,2
21669,2,9
21670,6,2
21671,8,5
21672,2,7
21673,6,3
21674,3,2
21675,0,6
21676,0,6
21677,7,5
21678,7,5
21679,2,7
21680,6,1
21681,4,0
21682,6,1
21683,3,2
21684,0,6
21685,3,3
21686,4,9
21687,6,1
21688,7,8
21689,3,3
21690,5,3
21691,3,2
21692,3,2
21693,2,7
21694,3,8
21695,3,3
21696,0,6
21697,6,1
21698,6,1
21699,6,1
21700,2,7
21701,2,7
21702,1,1
21703,4,0
21704,2,7
21705,6,8
21706,4,7
21707,8,5
21708,8,8
21709,6,1
21710,2,7
21711,6,8
21712,0,6
21713,3,2
21714,7,3
21715,6,1
21716,6,1
21717,3,3
21718,2,9
21719,2,7
21720,1,3
21721,4,0
21722,6,2
21723,6,8
21724,2,9
21725,2,7
21726,1,3
21727,3,2
21728,0,6
21729,2,4
21730,3,8
21731,6,4
21732,2,7
21733,6,8
21734,7,5
21735,4,0
21736,4,0
21737,6,1
21738,2,4
21739,7,5
21740,6,1
21741,6,1
21742,6,2
21743,2,4
21744,6,1
21745,0,6
21746,2,4
21747,4,0
21748,2,9
21749,7,5
21750,3,2
21751,6,1
21752,0,6
21753,0,6
21754,5,5
21755,0,6
21756,2,9
21757,2,9
21758,2,7
21759,4,0
21760,3,2
21761,6,7
21762,0,6
21763,0,6
21764,0,6
21765,6,1
21766,1,0
21767,6,1
21768,4,0
21769,4,0
21770,4,4
21771,6,1
21772,4,6
21773,3,2
21774,2,9
21775,1,3
21776,2,4
21777,0,4
21778,6,8
21779,7,5
21780,4,0
21781,0,6
21782,7,5
21783,2,7
21784,3,2
21785,1,8
21786,2,9
21787,2,9
21788,3,2
21789,4,0
21790,2,7
21791,6,1
21792,4,4
21793,1,2
21794,6,1
21795,1,3
21796,3,2
21797,2,4
21798,6,2
21799,7,5
21800,4,0
21801,0,6
21802,6,2
21803,2,7
21804,6,2
21805,3,8
21806,7,5
21807,2,9
21808,0,6
21809,4,0
21810,8,5
21811,6,1
21812,3,3
21813,1,2
21814,2,4
21815,1,3
21816,2,7
21817,2,4
21818,6,1
21819,7,5
21820,7,5
21821,0,6
21822,4,4
21823,2,7
21824,2,7
21825,7,8
21826,8,8
21827,2,9
21828,2,4
21829,6,1
21830,2,4
21831,1,3
21832,0,6
21833,7,5
21834,6,7
21835,2,9
21836,8,5
21837,2,4
21838,0,6
21839,6,1
21840,4,9
21841,1,7
21842,2,9
21843,1,7
21844,0,6
21845,1,2
21846,2,4
21847,6,1
21848,4,0
21849,2,4
21850,8,5
21851,7,8
21852,6,2
21853,1,3
21854,0,6
21855,7,8
21856,0,6
21857,1,2
21858,2,4
21859,2,9
21860,0,6
21861,1,3
21862,0,6
21863,1,8
21864,1,3
21865,7,5
21866,1,3
21867,2,4
21868,6,8
21869,2,9
21870,2,9
21871,2,7
21872,9,9
21873,7,5
21874,4,0
21875,2,4
21876,2,9
21877,1,3
21878,6,1
21879,2,9
21880,1,2
21881,3,2
21882,2,4
21883,7,5
21884,6,1
21885,2,7
21886,2,4
21887,2,4
21888,4,4
21889,6,1
21890,4,0
21891,3,2
21892,4,9
21893,1,3
21894,6,7
21895,7,5
21896,3,8
21897,2,9
21898,4,0
21899,6,1
21900,0,6
21901,0,6
21902,7,5
21903,4,0
21904,2,7
21905,6,1
21906,2,4
21907,4,0
21908,6,1
21909,4,0
21910,4,0
21911,3,2
21912,8,6
21913,1,8
21914,7,5
21915,2,7
21916,2,4
21917,3,2
21918,0,6
21919,7,5
21920,0,6
21921,6,1
21922,2,4
21923,6,1
21924,2,9
21925,1,8
21926,3,8
21927,7,5
21928,6,1
21929,0,6
21930,1,3
21931,2,4
21932,4,0
21933,4,0
21934,0,6
21935,4,4
21936,2,4
21937,2,7
21938,8,3
21939,1,3
21940,2,4
21941,0,6
21942,6,1
21943,7,8
21944,8,1
21945,4,0
21946,7,3
21947,1,3
21948,7,3
21949,2,7
21950,1,3
21951,4,4
21952,6,2
21953,4,0
21954,4,0
21955,0,6
21956,7,5
21957,2,9
21958,6,1
21959,3,2
21960,4,0
21961,0,6
21962,4,8
21963,7,5
21964,6,1
21965,7,8
21966,1,3
21967,0,6
21968,0,4
21969,2,9
21970,4,0
21971,4,0
21972,6,1
21973,2,4
21974,3,3
21975,4,0
21976,7,5
21977,0,6
21978,6,1
21979,6,1
21980,3,3
21981,2,9
21982,2,2
21983,5,2
21984,6,1
21985,4,0
21986,3,3
21987,2,9
21988,8,4
21989,7,5
21990,6,1
21991,6,1
21992,8,4
21993,1,3
21994,2,4
21995,0,6
21996,4,0
21997,2,9
21998,7,3
21999,2,4
22000,6,3
22001,3,8
22002,3,3
22003,1,3
22004,6,1
22005,2,7
22006,0,6
22007,2,7
22008,4,0
22009,0,6
22010,6,2
22011,1,3
22012,2,4
22013,4,0
22014,1,3
22015,7,5
22016,2,7
22017,0,6
22018,2,7
22019,3,2
22020,7,5
22021,5,2
22022,2,7
22023,4,0
22024,3,3
22025,6,1
22026,1,2
22027,6,2
22028,2,4
22029,1,3
22030,3,5
22031,2,4
22032,7,3
22033,4,5
22034,2,4
22035,4,6
22036,3,2
22037,2,7
22038,8,5
22039,3,8
22040,4,0
22041,4,9
22042,8,5
22043,4,0
22044,1,2
22045,6,1
22046,4,0
22047,1,2
22048,4,0
22049,3,3
22050,2,9
22051,4,4
22052,6,7
22053,4,5
22054,3,8
22055,0,6
22056,6,2
22057,2,7
22058,3,3
22059,7,8
22060,7,8
22061,2,9
22062,1,2
22063,4,0
22064,4,4
22065,6,1
22066,6,1
22067,3,2
22068,0,6
22069,3,3
22070,6,2
22071,4,4
22072,2,9
22073,7,5
22074,0,6
22075,0,6
22076,3,2
22077,2,7
22078,2,9
22079,7,8
22080,2,9
22081,2,9
22082,2,7
22083,3,2
22084,0,6
22085,2,4
22086,4,9
22087,6,1
22088,2,9
22089,4,5
22090,2,7
22091,0,6
22092,3,3
22093,6,1
22094,6,7
22095,8,1
22096,2,4
22097,2,7
22098,4,4
22099,7,8
22100,6,2
22101,7,5
22102,7,5
22103,3,3
22104,1,2
22105,4,4
22106,2,1
22107,0,6
22108,2,9
22109,2,7
22110,2,9
22111,4,0
22112,4,2
22113,7,3
22114,8,3
22115,3,2
22116,2,9
22117,2,9
22118,7,8
22119,7,8
22120,6,1
22121,0,6
22122,7,3
22123,7,8
22124,1,2
22125,2,9
22126,3,3
22127,4,9
22128,0,6
22129,2,7
22130,7,5
22131,2,7
22132,3,2
22133,3,2
22134,2,7
22135,6,1
22136,4,8
22137,6,1
22138,2,4
22139,4,2
22140,2,9
22141,7,8
22142,0,6
22143,4,0
22144,4,0
22145,0,6
22146,3,2
22147,4,5
22148,4,9
22149,7,3
22150,7,8
22151,7,8
22152,4,0
22153,6,1
22154,3,3
22155,3,3
22156,8,5
22157,0,6
22158,6,1
22159,4,0
22160,0,6
22161,0,4
22162,1,3
22163,7,8
22164,6,1
22165,2,9
22166,7,8
22167,2,7
22168,6,1
22169,3,2
22170,6,1
22171,2,7
22172,6,3
22173,6,1
22174,2,9
22175,7,8
22176,2,9
22177,3,2
22178,0,6
22179,6,1
22180,8,5
22181,2,7
22182,6,3
22183,2,7
22184,3,2
22185,7,3
22186,8,5
22187,3,2
22188,3,2
22189,2,4
22190,0,6
22191,0,6
22192,6,1
22193,4,5
22194,7,5
22195,2,9
22196,4,0
22197,2,4
22198,6,2
22199,3,2
22200,0,2
22201,3,8
22202,4,0
22203,3,2
22204,1,3
22205,7,5
22206,3,3
22207,6,1
22208,4,0
22209,4,0
22210,8,6
22211,7,5
22212,6,6
22213,4,0
22214,6,1
22215,0,6
22216,2,9
22217,3,2
22218,1,3
22219,5,3
22220,2,7
22221,0,6
22222,6,1
22223,2,9
22224,4,0
22225,3,0
22226,3,2
22227,6,1
22228,2,7
22229,0,2
22230,2,9
22231,1,3
22232,6,2
22233,2,4
22234,3,3
22235,7,5
22236,3,2
22237,0,6
22238,3,3
22239,2,7
22240,8,6
22241,7,8
22242,2,4
22243,2,9
22244,8,5
22245,3,0
22246,2,9
22247,6,1
22248,6,1
22249,5,2
22250,1,7
22251,1,3
22252,3,2
22253,2,4
22254,4,0
22255,7,5
22256,2,9
22257,0,6
22258,0,6
22259,2,7
22260,0,6
22261,7,8
22262,2,4
22263,2,9
22264,8,5
22265,4,0
22266,6,8
22267,6,1
22268,7,5
22269,5,2
22270,4,0
22271,3,3
22272,8,5
22273,2,4
22274,6,8
22275,6,5
22276,4,4
22277,0,6
22278,6,2
22279,6,7
22280,3,2
22281,7,8
22282,0,6
22283,6,9
22284,3,2
22285,2,4
22286,1,8
22287,6,7
22288,4,0
22289,7,8
22290,6,8
22291,0,6
22292,1,8
22293,3,3
22294,9,0
22295,2,4
22296,2,9
22297,4,0
22298,0,6
22299,2,9
22300,2,7
22301,2,7
22302,8,5
22303,6,1
22304,7,3
22305,2,9
22306,4,0
22307,3,3
22308,3,8
22309,7,8
22310,7,5
22311,2,4
22312,2,9
22313,2,7
22314,2,7
22315,7,3
22316,6,9
22317,0,0
22318,3,3
22319,2,9
22320,6,8
22321,2,9
22322,7,3
22323,0,6
22324,4,8
22325,6,1
22326,2,7
22327,2,4
22328,6,1
22329,7,5
22330,6,1
22331,2,4
22332,2,9
22333,0,6
22334,2,9
22335,6,2
22336,2,7
22337,4,0
22338,2,9
22339,0,6
22340,2,9
22341,3,2
22342,2,7
22343,6,1
22344,4,0
22345,6,1
22346,2,7
22347,6,1
22348,2,7
22349,6,1
22350,2,7
22351,2,7
22352,4,0
22353,5,2
22354,5,5
22355,2,4
22356,3,2
22357,6,2
22358,1,2
22359,2,9
22360,0,6
22361,2,4
22362,4,0
22363,7,5
22364,4,0
22365,8,8
22366,7,3
22367,2,4
22368,3,2
22369,3,2
22370,6,1
22371,2,7
22372,2,4
22373,3,0
22374,7,3
22375,3,0
22376,5,2
22377,2,7
22378,4,0
22379,7,5
22380,7,5
22381,2,7
22382,7,5
22383,0,6
22384,0,6
22385,0,6
22386,3,2
22387,0,6
22388,4,9
22389,7,8
22390,2,9
22391,1,2
22392,2,7
22393,7,5
22394,2,4
22395,3,2
22396,7,5
22397,1,2
22398,6,1
22399,2,7
22400,2,4
22401,2,7
22402,2,4
22403,0,4
22404,1,3
22405,4,0
22406,2,9
22407,3,2
22408,1,3
22409,2,4
22410,6,1
22411,5,2
22412,6,1
22413,3,3
22414,6,2
22415,3,3
22416,2,7
22417,3,3
22418,6,4
22419,6,1
22420,6,7
22421,7,8
22422,0,6
22423,6,9
22424,0,6
22425,0,6
22426,4,5
22427,6,1
22428,8,5
22429,4,0
22430,4,0
22431,7,5
22432,4,0
22433,2,9
22434,2,4
22435,0,6
22436,0,0
22437,6,9
22438,2,8
22439,7,8
22440,4,0
22441,3,0
22442,9,2
22443,3,3
22444,4,0
22445,3,0
22446,3,2
22447,6,9
22448,0,6
22449,0,6
22450,2,9
22451,3,3
22452,1,1
22453,1,0
22454,6,7
22455,6,1
22456,2,4
22457,3,2
22458,6,9
22459,1,3
22460,3,3
22461,2,4
22462,6,1
22463,6,5
22464,6,1
22465,0,6
22466,6,1
22467,2,7
22468,3,3
22469,3,8
22470,8,5
22471,2,9
22472,2,4
22473,4,0
22474,6,3
22475,6,1
22476,6,1
22477,1,3
22478,6,1
22479,0,4
22480,2,4
22481,2,7
22482,4,4
22483,3,8
22484,3,8
22485,2,9
22486,3,2
22487,3,0
22488,1,3
22489,6,1
22490,6,1
22491,6,2
22492,6,3
22493,1,3
22494,6,8
22495,6,4
22496,7,3
22497,6,7
22498,2,7
22499,3,8
22500,3,2
22501,2,9
22502,6,1
22503,2,9
22504,0,4
22505,6,9
22506,7,5
22507,1,8
22508,7,5
22509,7,5
22510,4,0
22511,4,0
22512,6,1
22513,6,7
22514,2,9
22515,6,7
22516,5,2
22517,5,5
22518,2,4
22519,6,7
22520,0,6
22521,2,9
22522,7,3
22523,2,9
22524,6,2
22525,0,4
22526,1,8
22527,6,7
22528,2,7
22529,4,0
22530,2,7
22531,6,4
22532,3,8
22533,6,1
22534,2,7
22535,0,4
22536,1,3
22537,2,4
22538,6,1
22539,6,7
22540,2,9
22541,7,5
22542,1,3
22543,3,8
22544,2,4
22545,6,1
22546,2,7
22547,6,4
22548,5,2
22549,2,9
22550,0,6
22551,3,8
22552,2,9
22553,0,4
22554,3,2
22555,6,1
22556,7,5
22557,6,8
22558,3,2
22559,0,6
22560,6,1
22561,6,6
22562,7,6
22563,2,4
22564,4,4
22565,7,5
22566,8,5
22567,1,3
22568,7,8
22569,1,3
22570,2,7
22571,6,5
22572,2,4
22573,3,2
22574,4,4
22575,7,5
22576,6,9
22577,2,7
22578,3,3
22579,6,2
22580,2,4
22581,7,5
22582,6,1
22583,0,0
22584,2,4
22585,7,8
22586,6,1
22587,1,3
22588,2,7
22589,4,0
22590,2,4
22591,3,8
22592,0,6
22593,6,7
22594,6,2
22595,6,4
22596,4,0
22597,6,9
22598,3,3
22599,6,5
22600,0,6
22601,4,0
22602,0,4
22603,0,0
22604,6,8
22605,0,0
22606,3,2
22607,6,4
22608,2,7
22609,0,6
22610,2,9
22611,3,2
22612,5,2
22613,6,7
22614,2,4
22615,7,6
22616,0,6
22617,6,8
22618,8,6
22619,1,3
22620,3,2
22621,6,1
22622,6,5
22623,6,8
22624,6,2
22625,1,3
22626,2,7
22627,6,1
22628,6,1
22629,4,0
22630,2,4
22631,1,3
22632,6,1
22633,0,6
22634,4,0
22635,3,2
22636,4,0
22637,4,0
22638,7,5
22639,6,1
22640,4,0
22641,5,2
22642,6,1
22643,1,3
22644,6,1
22645,0,4
22646,4,0
22647,7,5
22648,1,9
22649,0,6
22650,7,5
22651,2,7
22652,2,4
22653,7,8
22654,0,6
22655,2,9
22656,6,1
22657,4,0
22658,4,0
22659,6,1
22660,4,4
22661,3,2
22662,2,7
22663,1,3
22664,1,9
22665,0,6
22666,4,4
22667,2,7
22668,6,3
22669,4,0
22670,0,4
22671,6,1
22672,2,9
22673,1,2
22674,6,3
22675,1,3
22676,0,4
22677,2,4
22678,2,9
22679,7,5
22680,7,5
22681,0,6
22682,7,8
22683,2,7
22684,4,9
22685,7,8
22686,7,5
22687,2,9
22688,3,2
22689,6,1
22690,8,6
22691,4,0
22692,8,9
22693,0,6
22694,2,4
22695,1,3
22696,6,2
22697,0,4
22698,0,6
22699,0,4
22700,6,1
22701,3,2
22702,0,6
22703,6,8
22704,7,5
22705,6,1
22706,4,0
22707,4,0
22708,3,3
22709,0,6
22710,4,0
22711,2,7
22712,6,2
22713,1,2
22714,2,4
22715,1,3
22716,0,6
22717,1,3
22718,0,6
22719,2,9
22720,8,5
22721,1,3
22722,2,4
22723,1,3
22724,7,8
22725,2,9
22726,3,2
22727,6,1
22728,1,3
22729,7,5
22730,3,3
22731,1,2
22732,7,5
22733,1,3
22734,7,5
22735,6,1
22736,7,5
22737,0,6
22738,6,3
22739,2,7
22740,2,7
22741,1,3
22742,3,2
22743,2,7
22744,4,0
22745,6,8
22746,7,5
22747,0,4
22748,6,1
22749,0,0
22750,2,4
22751,3,2
22752,4,0
22753,2,7
22754,2,7
22755,6,8
22756,7,5
22757,0,0
22758,0,6
22759,2,7
22760,6,8
22761,4,0
22762,2,9
22763,0,6
22764,4,0
22765,8,9
22766,2,4
22767,1,3
22768,8,4
22769,1,2
22770,1,3
22771,0,4
22772,4,9
22773,6,8
22774,4,4
22775,0,6
22776,6,1
22777,4,0
22778,3,2
22779,5,5
22780,2,9
22781,2,7
22782,2,9
22783,6,5
22784,7,8
22785,6,1
22786,4,4
22787,4,0
22788,6,1
22789,0,6
22790,6,7
22791,2,7
22792,3,2
22793,3,2
22794,6,1
22795,2,9
22796,2,7
22797,2,7
22798,6,1
22799,2,9
22800,6,2
22801,6,5
22802,7,5
22803,0,6
22804,2,9
22805,6,5
22806,0,6
22807,3,2
22808,7,8
22809,0,6
22810,7,8
22811,1,2
22812,6,1
22813,7,8
22814,0,6
22815,6,1
22816,4,0
22817,2,7
22818,2,4
22819,7,5
22820,0,6
22821,7,5
22822,8,5
22823,2,7
22824,7,9
22825,1,3
22826,2,7
22827,7,5
22828,6,1
22829,4,0
22830,8,6
22831,6,1
22832,4,0
22833,6,1
22834,0,6
22835,1,3
22836,6,7
22837,7,8
22838,0,4
22839,0,4
22840,0,6
22841,2,9
22842,2,9
22843,0,4
22844,6,1
22845,7,5
22846,7,5
22847,6,1
22848,6,1
22849,6,8
22850,6,1
22851,0,6
22852,5,2
22853,6,8
22854,2,9
22855,2,9
22856,6,2
22857,1,0
22858,2,7
22859,6,1
22860,4,0
22861,1,2
22862,2,7
22863,1,3
22864,6,2
22865,2,4
22866,7,5
22867,7,5
22868,6,1
22869,0,6
22870,2,7
22871,2,7
22872,0,6
22873,7,8
22874,4,0
22875,2,9
22876,2,7
22877,4,0
22878,3,2
22879,6,1
22880,2,7
22881,3,2
22882,4,0
22883,3,3
22884,3,2
22885,0,4
22886,4,0
22887,7,5
22888,6,1
22889,0,6
22890,2,9
22891,2,7
22892,6,1
22893,3,8
22894,1,3
22895,6,9
22896,6,1
22897,0,0
22898,2,9
22899,6,1
22900,3,2
22901,1,2
22902,2,9
22903,1,3
22904,0,6
22905,8,4
22906,3,3
22907,7,5
22908,0,6
22909,0,6
22910,4,0
22911,2,7
22912,4,0
22913,7,8
22914,6,1
22915,2,9
22916,6,1
22917,4,0
22918,7,5
22919,7,8
22920,8,5
22921,2,7
22922,3,2
22923,7,8
22924,8,8
22925,2,9
22926,6,1
22927,2,9
22928,6,1
22929,4,0
22930,3,2
22931,6,1
22932,4,0
22933,0,4
22934,8,8
22935,7,5
22936,4,6
22937,6,1
22938,4,0
22939,0,6
22940,0,6
22941,2,7
22942,7,5
22943,3,3
22944,0,6
22945,3,2
22946,3,3
22947,2,9
22948,2,9
22949,0,0
22950,2,7
22951,6,5
22952,6,1
22953,0,6
22954,4,0
22955,2,7
22956,6,1
22957,3,3
22958,3,2
22959,2,9
22960,2,4
22961,2,9
22962,0,6
22963,3,3
22964,7,3
22965,7,8
22966,7,8
22967,2,9
22968,2,4
22969,0,6
22970,4,4
22971,2,7
22972,6,1
22973,7,5
22974,4,4
22975,0,6
22976,7,8
22977,3,3
22978,4,0
22979,7,5
22980,8,4
22981,4,0
22982,0,6
22983,6,5
22984,2,7
22985,8,4
22986,0,6
22987,4,0
22988,2,4
22989,1,3
22990,6,2
22991,2,4
22992,2,4
22993,2,7
22994,0,2
22995,2,7
22996,3,3
22997,8,4
22998,3,2
22999,3,3
23000,2,7
23001,3,2
23002,2,7
23003,6,1
23004,7,8
23005,7,5
23006,7,5
23007,7,5
23008,1,8
23009,0,0
23010,2,7
23011,7,5
23012,6,1
23013,0,0
23014,2,4
23015,7,8
23016,2,9
23017,0,4
23018,6,2
23019,0,6
23020,5,2
23021,6,7
23022,3,3
23023,0,0
23024,7,3
23025,3,2
23026,1,2
23027,2,9
23028,7,2
23029,1,3
23030,6,1
23031,2,4
23032,4,0
23033,2,4
23034,6,1
23035,7,8
23036,6,1
23037,6,1
23038,6,2
23039,3,2
23040,3,2
23041,9,2
23042,2,9
23043,1,3
23044,4,0
23045,6,1
23046,3,3
23047,3,3
23048,3,8
23049,0,6
23050,0,6
23051,2,7
23052,6,8
23053,3,3
23054,6,7
23055,0,4
23056,6,1
23057,2,9
23058,6,2
23059,6,1
23060,4,0
23061,2,9
23062,4,9
23063,7,8
23064,3,8
23065,7,5
23066,7,5
23067,4,0
23068,2,7
23069,3,2
23070,2,7
23071,2,8
23072,0,6
23073,0,6
23074,2,7
23075,0,6
23076,3,3
23077,7,8
23078,3,8
23079,3,2
23080,3,2
23081,7,8
23082,1,2
23083,2,4
23084,2,9
23085,2,4
23086,0,8
23087,3,2
23088,4,0
23089,0,2
23090,4,9
23091,7,8
23092,1,8
23093,4,0
23094,2,7
23095,4,0
23096,4,4
23097,6,1
23098,0,6
23099,5,2
23100,7,9
23101,1,3
23102,2,9
23103,2,4
23104,5,0
23105,7,5
23106,6,2
23107,0,6
23108,4,0
23109,7,8
23110,0,6
23111,4,9
23112,4,8
23113,0,0
23114,2,2
23115,6,1
23116,3,3
23117,1,2
23118,6,1
23119,1,3
23120,4,0
23121,2,4
23122,2,4
23123,7,5
23124,4,0
23125,0,6
23126,0,6
23127,2,7
23128,2,9
23129,7,8
23130,3,3
23131,4,0
23132,6,1
23133,6,1
23134,6,1
23135,2,4
23136,4,0
23137,7,5
23138,1,2
23139,8,6
23140,2,7
23141,6,7
23142,6,1
23143,7,8
23144,1,3
23145,2,9
23146,7,5
23147,3,8
23148,0,6
23149,2,7
23150,2,4
23151,2,4
23152,2,4
23153,2,7
23154,0,0
23155,2,7
23156,7,3
23157,1,3
23158,7,5
23159,2,9
23160,6,1
23161,7,8
23162,1,2
23163,7,8
23164,6,7
23165,1,3
23166,2,9
23167,6,1
23168,0,6
23169,7,5
23170,2,9
23171,5,2
23172,4,0
23173,2,7
23174,4,4
23175,4,4
23176,6,1
23177,5,2
23178,2,7
23179,8,6
23180,7,8
23181,6,1
23182,6,1
23183,7,5
23184,6,8
23185,1,2
23186,0,6
23187,2,4
23188,0,4
23189,7,5
23190,7,8
23191,7,5
23192,2,7
23193,7,8
23194,3,2
23195,8,6
23196,2,4
23197,2,4
23198,0,6
23199,2,4
23200,7,5
23201,2,4
23202,3,3
23203,6,1
23204,6,1
23205,7,8
23206,6,3
23207,2,7
23208,2,4
23209,7,5
23210,4,0
23211,7,5
23212,2,9
23213,6,1
23214,6,1
23215,7,8
23216,3,2
23217,2,9
23218,3,3
23219,6,1
23220,2,7
23221,3,3
23222,1,2
23223,0,6
23224,4,9
23225,1,3
23226,7,5
23227,1,3
23228,0,6
23229,3,2
23230,2,7
23231,1,2
23232,7,8
23233,7,6
23234,2,9
23235,7,5
23236,0,6
23237,7,5
23238,6,1
23239,1,3
23240,6,1
23241,1,3
23242,1,3
23243,7,8
23244,0,6
23245,6,1
23246,2,7
23247,7,6
23248,2,7
23249,7,5
23250,4,0
23251,0,6
23252,8,5
23253,7,8
23254,8,1
23255,6,1
23256,8,6
23257,2,9
23258,0,6
23259,2,7
23260,2,7
23261,0,6
23262,4,9
23263,7,8
23264,8,5
23265,3,3
23266,2,9
23267,2,7
23268,3,2
23269,2,4
23270,4,4
23271,2,7
23272,2,4
23273,0,0
23274,2,4
23275,2,9
23276,0,4
23277,4,0
23278,2,9
23279,0,0
23280,6,1
23281,1,3
23282,6,8
23283,2,7
23284,0,6
23285,2,9
23286,2,4
23287,1,3
23288,6,8
23289,0,0
23290,6,1
23291,6,1
23292,2,7
23293,4,0
23294,1,3
23295,6,1
23296,7,8
23297,5,0
23298,3,3
23299,2,4
23300,6,8
23301,1,0
23302,6,1
23303,6,1
23304,1,3
23305,1,0
23306,4,4
23307,2,4
23308,6,1
23309,2,7
23310,3,2
23311,2,9
23312,8,5
23313,5,2
23314,2,9
23315,0,0
23316,4,8
23317,0,6
23318,6,1
23319,1,2
23320,1,3
23321,0,6
23322,7,3
23323,1,2
23324,7,5
23325,5,2
23326,0,4
23327,2,9
23328,7,8
23329,6,9
23330,3,2
23331,4,0
23332,6,5
23333,6,1
23334,2,7
23335,3,2
23336,6,5
23337,1,3
23338,3,3
23339,2,4
23340,6,1
23341,7,5
23342,6,1
23343,0,6
23344,1,3
23345,2,7
23346,0,6
23347,3,8
23348,6,1
23349,2,9
23350,8,8
23351,4,0
23352,1,7
23353,6,1
23354,0,6
23355,1,2
23356,0,6
23357,1,3
23358,8,6
23359,0,4
23360,2,7
23361,7,5
23362,4,0
23363,0,6
23364,6,2
23365,2,9
23366,2,9
23367,4,0
23368,6,8
23369,8,1
23370,3,2
23371,1,2
23372,4,0
23373,1,3
23374,2,9
23375,2,4
23376,3,8
23377,7,5
23378,4,0
23379,0,6
23380,4,0
23381,2,7
23382,6,1
23383,6,8
23384,7,5
23385,5,5
23386,1,7
23387,2,7
23388,2,7
23389,4,0
23390,6,1
23391,7,8
23392,7,5
23393,2,4
23394,0,6
23395,4,0
23396,6,1
23397,1,2
23398,6,8
23399,1,1
23400,8,8
23401,4,0
23402,2,7
23403,1,2
23404,6,1
23405,6,8
23406,8,4
23407,8,5
23408,6,8
23409,2,4
23410,6,2
23411,2,4
23412,6,3
23413,6,1
23414,7,8
23415,0,6
23416,0,6
23417,6,1
23418,7,5
23419,3,3
23420,2,9
23421,0,6
23422,3,8
23423,2,9
23424,7,5
23425,1,3
23426,3,8
23427,2,7
23428,2,8
23429,0,4
23430,2,7
23431,2,9
23432,2,4
23433,2,7
23434,7,5
23435,2,4
23436,6,8
23437,2,8
23438,8,5
23439,1,3
23440,4,8
23441,1,2
23442,2,7
23443,2,7
23444,6,1
23445,2,7
23446,2,9
23447,2,9
23448,7,8
23449,8,5
23450,0,6
23451,2,7
23452,7,5
23453,0,6
23454,4,0
23455,8,5
23456,7,8
23457,3,2
23458,3,8
23459,2,4
23460,3,2
23461,7,8
23462,8,1
23463,8,9
23464,4,0
23465,0,6
23466,6,8
23467,2,9
23468,3,2
23469,2,7
23470,6,1
23471,0,6
23472,1,2
23473,6,1
23474,2,4
23475,0,6
23476,0,6
23477,6,1
23478,0,4
23479,2,7
23480,2,9
23481,1,2
23482,7,3
23483,1,3
23484,2,4
23485,0,6
23486,4,4
23487,0,6
23488,3,3
23489,0,6
23490,8,3
23491,1,2
23492,6,1
23493,6,1
23494,6,2
23495,4,0
23496,7,5
23497,7,5
23498,6,1
23499,4,0
23500,0,6
23501,6,1
23502,2,9
23503,1,2
23504,4,0
23505,6,1
23506,4,0
23507,2,7
23508,8,5
23509,6,8
23510,3,8
23511,6,1
23512,2,9
23513,2,4
23514,7,5
23515,2,9
23516,8,5
23517,1,3
23518,7,5
23519,8,9
23520,1,2
23521,4,0
23522,6,8
23523,6,1
23524,7,8
23525,3,2
23526,2,7
23527,3,3
23528,4,4
23529,6,4
23530,6,1
23531,6,5
23532,6,1
23533,0,6
23534,2,7
23535,2,7
23536,4,0
23537,6,8
23538,2,4
23539,2,9
23540,2,7
23541,4,0
23542,2,9
23543,6,1
23544,7,5
23545,3,2
23546,3,5
23547,3,3
23548,2,9
23549,0,4
23550,7,5
23551,2,7
23552,2,9
23553,6,8
23554,6,1
23555,6,9
23556,3,3
23557,4,0
23558,0,6
23559,6,1
23560,8,8
23561,3,2
23562,1,8
23563,3,3
23564,3,2
23565,6,4
23566,8,6
23567,6,5
23568,8,5
23569,0,6
23570,2,7
23571,2,7
23572,3,3
23573,6,8
23574,2,9
23575,6,9
23576,6,1
23577,0,6
23578,0,2
23579,4,0
23580,2,4
23581,3,3
23582,7,8
23583,2,4
23584,5,2
23585,6,1
23586,4,0
23587,0,4
23588,6,7
23589,4,0
23590,2,7
23591,6,8
23592,2,4
23593,0,6
23594,0,6
23595,6,4
23596,2,4
23597,5,5
23598,4,0
23599,0,4
23600,8,6
23601,4,0
23602,7,8
23603,2,7
23604,6,1
23605,6,8
23606,4,0
23607,2,7
23608,2,4
23609,2,7
23610,3,2
23611,2,9
23612,6,1
23613,4,0
23614,6,1
23615,6,4
23616,4,0
23617,6,9
23618,2,4
23619,2,9
23620,7,5
23621,2,7
23622,0,6
23623,2,4
23624,4,9
23625,6,2
23626,0,6
23627,0,0
23628,0,6
23629,3,5
23630,7,5
23631,6,8
23632,8,5
23633,6,5
23634,3,3
23635,2,9
23636,4,4
23637,6,8
23638,2,9
23639,6,8
23640,7,5
23641,0,4
23642,1,2
23643,4,0
23644,8,4
23645,2,7
23646,0,6
23647,6,1
23648,4,4
23649,3,3
23650,8,8
23651,6,5
23652,6,2
23653,0,6
23654,0,6
23655,7,5
23656,6,1
23657,3,3
23658,2,4
23659,6,8
23660,6,1
23661,2,7
23662,4,0
23663,3,3
23664,6,4
23665,6,1
23666,2,7
23667,0,6
23668,7,5
23669,6,8
23670,2,4
23671,7,5
23672,3,3
23673,2,9
23674,6,8
23675,3,2
23676,7,5
23677,3,2
23678,2,7
23679,4,0
23680,6,8
23681,6,9
23682,2,9
23683,3,2
23684,2,7
23685,2,4
23686,2,7
23687,0,6
23688,0,6
23689,7,5
23690,7,5
23691,3,2
23692,4,4
23693,6,1
23694,0,6
23695,3,3
23696,4,4
23697,0,6
23698,2,7
23699,0,6
23700,3,3
23701,3,2
23702,6,8
23703,6,1
23704,2,7
23705,3,2
23706,0,6
23707,0,6
23708,2,7
23709,4,0
23710,2,9
23711,2,7
23712,3,3
23713,6,4
23714,4,4
23715,2,7
23716,6,2
23717,6,8
23718,1,2
23719,2,9
23720,0,6
23721,3,2
23722,7,5
23723,6,9
23724,3,3
23725,6,5
23726,2,7
23727,6,1
23728,4,0
23729,6,8
23730,6,3
23731,3,3
23732,2,9
23733,3,5
23734,7,5
23735,0,6
23736,7,5
23737,6,8
23738,4,9
23739,4,0
23740,6,1
23741,4,0
23742,0,6
23743,6,9
23744,2,9
23745,6,9
23746,7,5
23747,3,3
23748,2,9
23749,6,1
23750,6,8
23751,6,1
23752,2,7
23753,0,0
23754,4,0
23755,6,1
23756,6,1
23757,3,2
23758,4,6
23759,7,3
23760,2,7
23761,0,4
23762,6,1
23763,7,5
23764,3,2
23765,0,6
23766,0,6
23767,2,7
23768,3,8
23769,7,8
23770,3,2
23771,2,9
23772,4,9
23773,0,0
23774,0,6
23775,6,1
23776,1,2
23777,3,2
23778,3,3
23779,7,3
23780,0,6
23781,2,4
23782,6,7
23783,7,5
23784,2,7
23785,0,6
23786,4,0
23787,2,7
23788,2,1
23789,7,8
23790,0,6
23791,2,9
23792,7,5
23793,5,0
23794,3,2
23795,6,1
23796,7,3
23797,3,2
23798,2,7
23799,7,3
23800,1,2
23801,0,4
23802,2,7
23803,2,7
23804,6,8
23805,6,8
23806,8,5
23807,2,9
23808,6,5
23809,7,0
23810,3,3
23811,2,7
23812,3,3
23813,4,0
23814,7,2
23815,2,7
23816,2,9
23817,7,8
23818,6,1
23819,7,3
23820,7,3
23821,4,0
23822,6,1
23823,0,0
23824,6,5
23825,7,5
23826,3,2
23827,7,5
23828,4,0
23829,7,3
23830,0,6
23831,7,8
23832,7,5
23833,7,8
23834,2,4
23835,6,1
23836,7,5
23837,0,4
23838,4,9
23839,0,6
23840,2,7
23841,6,1
23842,4,0
23843,7,8
23844,6,1
23845,4,0
23846,6,2
23847,6,2
23848,6,8
23849,2,7
23850,0,6
23851,7,3
23852,6,1
23853,2,9
23854,6,1
23855,0,4
23856,4,0
23857,6,1
23858,7,5
23859,3,2
23860,8,3
23861,7,5
23862,6,1
23863,4,9
23864,2,9
23865,7,8
23866,3,3
23867,2,9
23868,2,9
23869,7,5
23870,8,5
23871,0,4
23872,6,1
23873,7,3
23874,7,5
23875,4,0
23876,2,9
23877,7,3
23878,4,4
23879,7,3
23880,4,9
23881,0,4
23882,4,0
23883,2,7
23884,4,0
23885,6,1
23886,6,1
23887,3,2
23888,7,3
23889,6,1
23890,7,8
23891,4,0
23892,8,1
23893,0,6
23894,6,2
23895,3,2
23896,8,4
23897,7,3
23898,0,6
23899,7,8
23900,0,6
23901,4,9
23902,2,7
23903,7,5
23904,2,4
23905,0,6
23906,7,5
23907,0,6
23908,6,1
23909,2,7
23910,6,1
23911,6,1
23912,1,5
23913,0,4
23914,4,0
23915,0,6
23916,1,2
23917,3,2
23918,8,5
23919,4,9
23920,7,5
23921,6,1
23922,0,6
23923,7,5
23924,0,6
23925,7,5
23926,4,0
23927,7,5
23928,7,5
23929,3,3
23930,8,8
23931,6,1
23932,2,7
23933,0,4
23934,3,2
23935,7,8
23936,0,4
23937,0,6
23938,7,5
23939,7,3
23940,4,0
23941,2,7
23942,6,2
23943,0,0
23944,2,9
23945,2,9
23946,1,7
23947,7,5
23948,6,8
23949,0,6
23950,2,9
23951,2,7
23952,6,2
23953,6,1
23954,6,1
23955,3,3
23956,0,4
23957,3,2
23958,0,6
23959,0,6
23960,6,1
23961,3,2
23962,3,3
23963,0,6
23964,4,8
23965,2,7
23966,6,8
23967,6,8
23968,6,7
23969,2,7
23970,6,1
23971,4,0
23972,7,5
23973,6,1
23974,6,4
23975,3,2
23976,2,9
23977,1,3
23978,2,7
23979,2,4
23980,4,0
23981,7,5
23982,2,2
23983,0,6
23984,6,1
23985,2,7
23986,6,3
23987,6,8
23988,4,0
23989,2,9
23990,4,9
23991,4,0
23992,2,4
23993,6,1
23994,6,2
23995,3,2
23996,7,5
23997,1,3
23998,2,9
23999,2,4
24000,6,8
24001,7,5
24002,3,8
24003,0,6
24004,8,5
24005,2,7
24006,2,9
24007,6,8
24008,2,7
24009,2,9
24010,5,2
24011,4,0
24012,3,2
24013,6,1
24014,6,2
24015,6,2
24016,0,6
24017,7,3
24018,2,4
24019,2,4
24020,6,1
24021,7,5
24022,2,7
24023,0,6
24024,4,0
24025,2,7
24026,4,8
24027,6,8
24028,3,3
24029,2,9
24030,0,6
24031,0,6
24032,2,4
24033,2,4
24034,4,0
24035,6,2
24036,3,2
24037,0,6
24038,1,1
24039,2,4
24040,2,7
24041,2,7
24042,1,3
24043,7,5
24044,2,7
24045,8,5
24046,3,8
24047,2,4
24048,3,8
24049,2,7
24050,0,2
24051,6,8
24052,2,4
24053,2,9
24054,2,9
24055,6,2
24056,6,5
24057,2,9
24058,0,6
24059,1,3
24060,1,2
24061,2,9
24062,1,9
24063,6,3
24064,2,7
24065,6,8
24066,7,3
24067,6,2
24068,7,5
24069,4,0
24070,6,1
24071,2,9
24072,4,0
24073,6,8
24074,0,6
24075,4,0
24076,4,4
24077,8,5
24078,5,0
24079,0,6
24080,6,1
24081,4,0
24082,2,9
24083,6,1
24084,0,4
24085,4,0
24086,6,1
24087,2,4
24088,2,7
24089,1,2
24090,6,1
24091,0,6
24092,2,9
24093,8,5
24094,2,7
24095,1,3
24096,3,2
24097,8,5
24098,3,2
24099,6,3
24100,7,5
24101,2,8
24102,6,1
24103,4,0
24104,1,3
24105,4,0
24106,8,5
24107,8,5
24108,7,8
24109,2,4
24110,4,8
24111,1,3
24112,6,8
24113,2,4
24114,2,4
24115,6,1
24116,3,2
24117,7,5
24118,3,2
24119,1,3
24120,2,4
24121,4,0
24122,8,1
24123,6,8
24124,6,2
24125,1,3
24126,6,1
24127,0,6
24128,4,5
24129,6,2
24130,7,8
24131,2,7
24132,3,3
24133,6,1
24134,7,8
24135,6,1
24136,6,1
24137,6,8
24138,2,7
24139,6,1
24140,2,7
24141,2,7
24142,7,3
24143,6,1
24144,3,3
24145,1,3
24146,0,6
24147,6,8
24148,4,0
24149,8,5
24150,6,8
24151,4,0
24152,3,2
24153,2,9
24154,4,4
24155,2,7
24156,2,9
24157,0,6
24158,0,6
24159,2,7
24160,4,8
24161,2,4
24162,0,6
24163,6,1
24164,6,9
24165,0,6
24166,7,5
24167,6,8
24168,6,1
24169,2,4
24170,8,5
24171,2,7
24172,2,7
24173,7,5
24174,2,4
24175,6,1
24176,1,3
24177,3,2
24178,2,9
24179,0,6
24180,8,5
24181,2,7
24182,6,2
24183,6,1
24184,0,6
24185,2,9
24186,2,7
24187,6,8
24188,4,0
24189,4,0
24190,6,8
24191,0,6
24192,2,4
24193,2,9
24194,6,9
24195,2,4
24196,1,3
24197,2,9
24198,3,2
24199,2,9
24200,2,7
24201,0,6
24202,8,5
24203,3,2
24204,3,3
24205,1,3
24206,3,2
24207,2,7
24208,6,1
24209,6,1
24210,4,9
24211,2,9
24212,4,0
24213,1,2
24214,0,6
24215,3,2
24216,6,1
24217,7,5
24218,3,3
24219,1,3
24220,0,6
24221,2,7
24222,1,1
24223,6,8
24224,0,6
24225,0,0
24226,6,2
24227,6,1
24228,2,7
24229,6,2
24230,4,9
24231,7,3
24232,7,5
24233,6,4
24234,7,8
24235,6,5
24236,2,7
24237,0,6
24238,5,2
24239,2,7
24240,2,8
24241,6,8
24242,0,6
24243,2,9
24244,4,4
24245,3,0
24246,2,9
24247,6,1
24248,7,3
24249,0,2
24250,6,5
24251,3,3
24252,8,5
24253,0,4
24254,2,7
24255,0,5
24256,6,8
24257,0,6
24258,0,4
24259,2,7
24260,2,7
24261,6,8
24262,2,4
24263,6,9
24264,3,3
24265,3,0
24266,0,6
24267,6,1
24268,1,0
24269,3,2
24270,2,9
24271,7,3
24272,4,4
24273,0,4
24274,2,4
24275,6,5
24276,0,0
24277,0,6
24278,6,3
24279,6,1
24280,2,7
24281,3,3
24282,2,4
24283,7,5
24284,7,3
24285,6,9
24286,0,6
24287,0,4
24288,6,1
24289,6,1
24290,3,2
24291,2,7
24292,6,4
24293,6,1
24294,3,3
24295,2,4
24296,2,4
24297,6,8
24298,2,4
24299,3,3
24300,4,9
24301,6,8
24302,2,4
24303,3,2
24304,0,6
24305,6,9
24306,8,1
24307,3,3
24308,4,0
24309,7,8
24310,1,5
24311,7,8
24312,7,8
24313,2,9
24314,2,7
24315,2,7
24316,2,4
24317,7,5
24318,7,5
24319,2,9
24320,4,0
24321,6,2
24322,6,1
24323,6,5
24324,8,5
24325,2,7
24326,6,3
24327,0,4
24328,6,1
24329,6,1
24330,7,5
24331,6,2
24332,7,5
24333,3,3
24334,4,4
24335,6,5
24336,3,3
24337,2,9
24338,3,3
24339,6,1
24340,2,4
24341,6,1
24342,0,6
24343,4,0
24344,3,8
24345,4,0
24346,4,0
24347,6,2
24348,4,0
24349,7,8
24350,3,3
24351,2,7
24352,6,1
24353,6,5
24354,3,3
24355,6,1
24356,7,3
24357,6,1
24358,1,3
24359,6,8
24360,5,2
24361,6,5
24362,6,7
24363,0,6
24364,2,7
24365,0,4
24366,6,1
24367,4,0
24368,6,1
24369,3,3
24370,6,8
24371,4,0
24372,2,7
24373,3,3
24374,7,5
24375,2,7
24376,6,1
24377,0,6
24378,2,4
24379,2,9
24380,0,6
24381,6,2
24382,2,7
24383,0,6
24384,2,7
24385,0,6
24386,3,3
24387,2,9
24388,4,0
24389,4,0
24390,6,2
24391,0,4
24392,0,6
24393,4,0
24394,7,5
24395,0,6
24396,3,8
24397,6,1
24398,2,9
24399,4,0
24400,1,3
24401,6,9
24402,8,5
24403,6,5
24404,8,8
24405,6,1
24406,3,2
24407,3,3
24408,8,5
24409,2,7
24410,1,8
24411,0,6
24412,2,7
24413,2,9
24414,1,3
24415,2,7
24416,3,8
24417,3,3
24418,1,2
24419,4,0
24420,2,9
24421,6,5
24422,1,8
24423,0,6
24424,6,1
24425,6,2
24426,7,5
24427,6,2
24428,0,6
24429,4,0
24430,3,2
24431,6,1
24432,8,4
24433,1,2
24434,6,7
24435,1,3
24436,6,1
24437,0,4
24438,8,6
24439,7,5
24440,4,0
24441,0,6
24442,1,3
24443,2,7
24444,4,0
24445,4,0
24446,3,3
24447,6,1
24448,3,3
24449,1,2
24450,3,2
24451,7,3
24452,1,3
24453,0,6
24454,2,9
24455,2,7
24456,2,4
24457,0,8
24458,8,6
24459,2,9
24460,6,8
24461,6,1
24462,0,2
24463,4,0
24464,2,7
24465,6,1
24466,6,1
24467,5,2
24468,2,9
24469,7,3
24470,6,1
24471,0,4
24472,4,4
24473,5,5
24474,0,6
24475,0,6
24476,4,0
24477,2,7
24478,2,9
24479,7,8
24480,4,0
24481,7,3
24482,2,9
24483,6,1
24484,3,2
24485,5,2
24486,0,6
24487,6,1
24488,0,6
24489,2,9
24490,8,5
24491,5,2
24492,7,5
24493,0,4
24494,2,9
24495,4,0
24496,2,9
24497,7,9
24498,7,8
24499,2,9
24500,2,7
24501,5,3
24502,2,7
24503,6,7
24504,8,5
24505,2,7
24506,2,4
24507,2,9
24508,4,9
24509,6,1
24510,4,0
24511,0,4
24512,7,3
24513,6,2
24514,2,4
24515,2,7
24516,4,5
24517,5,2
24518,2,7
24519,7,5
24520,3,2
24521,6,8
24522,0,6
24523,0,6
24524,1,3
24525,4,0
24526,0,6
24527,0,4
24528,7,3
24529,4,0
24530,2,4
24531,7,3
24532,3,3
24533,0,8
24534,3,8
24535,6,1
24536,6,1
24537,4,0
24538,2,9
24539,7,3
24540,2,7
24541,0,0
24542,8,4
24543,0,4
24544,2,7
24545,6,7
24546,3,2
24547,0,4
24548,2,7
24549,2,9
24550,2,7
24551,1,2
24552,6,2
24553,2,9
24554,0,6
24555,6,1
24556,2,9
24557,5,2
24558,9,8
24559,7,5
24560,3,3
24561,6,7
24562,7,8
24563,6,1
24564,6,1
24565,2,7
24566,2,9
24567,6,1
24568,2,7
24569,0,6
24570,1,2
24571,2,7
24572,2,7
24573,7,3
24574,7,5
24575,1,3
24576,0,6
24577,0,6
24578,6,8
24579,5,5
24580,6,1
24581,0,6
24582,3,2
24583,2,7
24584,1,3
24585,0,6
24586,6,8
24587,0,8
24588,2,9
24589,0,8
24590,2,4
24591,1,2
24592,0,6
24593,2,9
24594,7,9
24595,7,5
24596,4,9
24597,7,3
24598,7,8
24599,2,7
24600,2,8
24601,0,4
24602,3,2
24603,3,3
24604,2,4
24605,4,0
24606,6,1
24607,2,4
24608,7,5
24609,0,6
24610,3,3
24611,0,6
24612,3,2
24613,8,9
24614,7,5
24615,0,0
24616,0,6
24617,6,1
24618,4,2
24619,6,1
24620,4,9
24621,7,3
24622,0,6
24623,6,2
24624,6,1
24625,6,1
24626,6,1
24627,4,0
24628,6,1
24629,0,0
24630,4,5
24631,6,1
24632,1,2
24633,6,2
24634,6,1
24635,1,3
24636,4,0
24637,0,4
24638,0,6
24639,2,7
24640,4,0
24641,7,8
24642,4,4
24643,2,9
24644,2,7
24645,4,0
24646,6,8
24647,6,1
24648,2,4
24649,6,2
24650,7,5
24651,1,3
24652,2,7
24653,0,4
24654,1,8
24655,2,7
24656,0,6
24657,7,8
24658,7,8
24659,2,9
24660,7,5
24661,4,0
24662,2,7
24663,6,1
24664,7,8
24665,6,2
24666,4,5
24667,1,3
24668,2,4
24669,6,4
24670,2,7
24671,7,5
24672,6,3
24673,0,6
24674,1,2
24675,2,7
24676,4,0
24677,7,8
24678,6,1
24679,7,8
24680,1,3
24681,4,0
24682,2,7
24683,7,5
24684,2,9
24685,0,6
24686,6,8
24687,0,6
24688,6,1
24689,4,0
24690,5,2
24691,7,8
24692,2,7
24693,4,0
24694,2,9
24695,6,2
24696,4,0
24697,1,3
24698,4,0
24699,2,7
24700,2,7
24701,2,9
24702,6,7
24703,6,4
24704,4,9
24705,6,7
24706,4,0
24707,6,1
24708,1,5
24709,2,7
24710,6,1
24711,6,1
24712,4,9
24713,6,4
24714,6,1
24715,0,0
24716,7,5
24717,4,0
24718,7,5
24719,2,4
24720,8,8
24721,6,1
24722,1,2
24723,2,7
24724,1,2
24725,7,5
24726,4,6
24727,2,7
24728,3,2
24729,6,1
24730,7,5
24731,1,3
24732,3,2
24733,1,3
24734,4,4
24735,1,3
24736,2,9
24737,6,1
24738,6,1
24739,0,6
24740,8,8
24741,2,9
24742,2,7
24743,2,7
24744,2,4
24745,0,4
24746,5,2
24747,1,3
24748,3,3
24749,0,0
24750,0,6
24751,3,2
24752,5,2
24753,0,6
24754,0,6
24755,0,0
24756,2,9
24757,7,8
24758,8,4
24759,2,9
24760,3,8
24761,6,4
24762,6,1
24763,1,3
24764,0,6
24765,7,5
24766,2,4
24767,6,4
24768,8,8
24769,7,8
24770,3,3
24771,6,1
24772,1,3
24773,7,5
24774,0,6
24775,2,9
24776,4,0
24777,4,0
24778,7,5
24779,0,6
24780,1,3
24781,0,4
24782,6,1
24783,1,3
24784,7,3
24785,0,6
24786,6,2
24787,1,3
24788,2,7
24789,1,3
24790,6,2
24791,7,8
24792,7,5
24793,6,1
24794,4,2
24795,2,4
24796,3,2
24797,2,7
24798,4,4
24799,7,5
24800,6,1
24801,2,7
24802,0,6
24803,6,2
24804,8,6
24805,6,2
24806,6,8
24807,0,0
24808,6,1
24809,0,0
24810,4,4
24811,6,1
24812,8,5
24813,2,7
24814,6,1
24815,6,7
24816,2,7
24817,2,9
24818,2,7
24819,6,5
24820,8,5
24821,2,9
24822,2,4
24823,7,8
24824,6,1
24825,2,9
24826,6,8
24827,0,6
24828,4,0
24829,7,8
24830,1,7
24831,7,8
24832,0,6
24833,6,2
24834,6,1
24835,1,3
24836,1,2
24837,0,6
24838,6,1
24839,6,1
24840,4,0
24841,6,2
24842,4,0
24843,2,9
24844,3,2
24845,6,8
24846,4,0
24847,7,5
24848,6,1
24849,6,2
24850,6,3
24851,0,6
24852,3,8
24853,6,2
24854,7,5
24855,0,4
24856,4,0
24857,7,8
24858,4,0
24859,6,5
24860,2,9
24861,4,0
24862,1,2
24863,6,1
24864,3,5
24865,3,2
24866,4,4
24867,3,3
24868,1,3
24869,4,4
24870,7,3
24871,0,6
24872,4,0
24873,2,7
24874,2,4
24875,6,8
24876,3,2
24877,4,0
24878,2,7
24879,6,1
24880,4,4
24881,3,2
24882,2,7
24883,1,3
24884,2,7
24885,2,4
24886,2,3
24887,6,5
24888,6,1
24889,6,8
24890,8,5
24891,2,9
24892,4,0
24893,4,0
24894,2,4
24895,6,1
24896,4,0
24897,3,2
24898,2,9
24899,1,3
24900,6,1
24901,2,4
24902,9,9
24903,6,5
24904,1,1
24905,0,6
24906,3,3
24907,2,7
24908,3,5
24909,6,8
24910,7,5
24911,2,9
24912,0,4
24913,4,0
24914,2,9
24915,6,1
24916,2,9
24917,2,7
24918,6,1
24919,2,9
24920,2,9
24921,7,5
24922,4,4
24923,6,1
24924,6,1
24925,6,8
24926,8,8
24927,2,9
24928,2,7
24929,2,4
24930,6,1
24931,3,3
24932,6,1
24933,6,1
24934,0,6
24935,2,7
24936,9,9
24937,6,8
24938,2,7
24939,0,2
24940,4,0
24941,2,4
24942,2,9
24943,3,3
24944,0,6
24945,0,6
24946,2,9
24947,2,9
24948,8,6
24949,2,9
24950,6,8
24951,6,5
24952,4,0
24953,6,8
24954,4,8
24955,0,6
24956,2,9
24957,0,6
24958,6,1
24959,6,8
24960,7,5
24961,3,2
24962,4,0
24963,0,6
24964,6,7
24965,1,3
24966,6,1
24967,2,9
24968,6,2
24969,3,3
24970,6,1
24971,5,2
24972,1,2
24973,6,1
24974,6,1
24975,2,7
24976,4,4
24977,2,4
24978,4,0
24979,6,8
24980,2,4
24981,6,8
24982,7,2
24983,2,9
24984,2,7
24985,4,0
24986,2,4
24987,3,3
24988,4,0
24989,3,3
24990,7,7
24991,2,9
24992,4,4
24993,4,0
24994,2,7
24995,7,5
24996,6,1
24997,3,2
24998,4,9
24999,2,9
25000,1,3
25001,6,4
25002,7,5
25003,6,1
25004,3,2
25005,4,0
25006,2,4
25007,3,3
25008,6,8
25009,2,7
25010,0,6
25011,2,7
25012,8,8
25013,2,7
25014,4,4
25015,6,8
25016,7,8
25017,3,2
25018,1,8
25019,2,9
25020,3,2
25021,2,7
25022,4,0
25023,6,5
25024,4,0
25025,6,5
25026,2,7
25027,6,1
25028,3,3
25029,3,2
25030,0,6
25031,0,6
25032,1,3
25033,3,3
25034,6,3
25035,0,6
25036,2,1
25037,0,6
25038,3,2
25039,0,0
25040,7,3
25041,3,2
25042,6,1
25043,6,8
25044,2,9
25045,6,1
25046,2,9
25047,0,6
25048,0,4
25049,6,1
25050,2,4
25051,4,0
25052,6,1
25053,2,4
25054,6,1
25055,3,3
25056,2,4
25057,6,1
25058,1,7
25059,0,6
25060,2,7
25061,6,1
25062,1,7
25063,2,9
25064,6,1
25065,4,0
25066,7,5
25067,6,1
25068,0,6
25069,3,2
25070,2,7
25071,1,3
25072,8,8
25073,2,4
25074,6,8
25075,7,5
25076,0,6
25077,0,6
25078,3,3
25079,2,7
25080,3,5
25081,7,8
25082,4,0
25083,2,9
25084,6,5
25085,4,0
25086,2,4
25087,6,1
25088,1,2
25089,3,2
25090,0,6
25091,1,3
25092,6,0
25093,2,4
25094,4,3
25095,2,7
25096,3,5
25097,7,8
25098,0,6
25099,2,9
25100,0,4
25101,4,0
25102,8,6
25103,6,1
25104,0,6
25105,3,2
25106,7,3
25107,1,3
25108,0,6
25109,2,4
25110,2,7
25111,7,5
25112,6,1
25113,0,6
25114,0,4
25115,2,7
25116,6,3
25117,4,8
25118,6,1
25119,2,9
25120,7,8
25121,2,7
25122,1,2
25123,2,7
25124,6,1
25125,2,7
25126,6,7
25127,3,3
25128,2,7
25129,6,1
25130,2,7
25131,7,8
25132,3,8
25133,2,7
25134,2,9
25135,0,6
25136,3,2
25137,3,0
25138,6,2
25139,3,2
25140,2,7
25141,0,6
25142,0,6
25143,6,8
25144,8,5
25145,7,3
25146,7,8
25147,3,2
25148,6,2
25149,4,8
25150,3,2
25151,6,1
25152,4,0
25153,6,1
25154,2,4
25155,2,7
25156,1,2
25157,3,2
25158,8,5
25159,3,0
25160,2,7
25161,2,7
25162,2,4
25163,6,1
25164,1,3
25165,0,6
25166,4,0
25167,4,0
25168,7,9
25169,2,4
25170,0,4
25171,0,6
25172,1,3
25173,2,4
25174,7,3
25175,2,4
25176,0,4
25177,7,5
25178,7,5
25179,7,8
25180,4,4
25181,4,0
25182,4,4
25183,0,6
25184,0,4
25185,3,2
25186,3,8
25187,1,3
25188,2,4
25189,6,1
25190,7,5
25191,3,3
25192,5,5
25193,0,6
25194,4,4
25195,7,8
25196,6,1
25197,0,4
25198,7,5
25199,4,0
25200,6,7
25201,2,7
25202,6,1
25203,7,5
25204,0,6
25205,7,8
25206,4,0
25207,7,8
25208,3,3
25209,3,3
25210,3,3
25211,2,7
25212,1,9
25213,7,8
25214,4,0
25215,2,9
25216,2,9
25217,3,2
25218,0,4
25219,0,6
25220,6,2
25221,3,2
25222,1,3
25223,7,5
25224,2,9
25225,1,3
25226,0,6
25227,6,1
25228,6,8
25229,2,7
25230,6,1
25231,3,3
25232,6,8
25233,2,9
25234,4,4
25235,6,1
25236,3,8
25237,2,9
25238,6,2
25239,2,9
25240,7,5
25241,0,6
25242,2,7
25243,4,0
25244,6,1
25245,3,3
25246,6,2
25247,2,9
25248,2,9
25249,3,2
25250,3,8
25251,6,8
25252,4,0
25253,6,1
25254,7,8
25255,2,4
25256,3,8
25257,3,3
25258,2,9
25259,5,5
25260,2,4
25261,3,2
25262,1,8
25263,2,9
25264,6,1
25265,3,2
25266,6,3
25267,2,9
25268,6,1
25269,6,1
25270,0,6
25271,0,6
25272,3,2
25273,6,5
25274,6,1
25275,7,8
25276,8,8
25277,2,9
25278,4,0
25279,2,4
25280,2,9
25281,3,2
25282,3,3
25283,6,5
25284,3,3
25285,1,0
25286,6,7
25287,1,1
25288,2,4
25289,1,2
25290,4,0
25291,1,3
25292,8,4
25293,2,4
25294,1,2
25295,7,5
25296,1,3
25297,0,6
25298,2,9
25299,2,7
25300,2,7
25301,7,8
25302,6,1
25303,2,9
25304,4,0
25305,4,0
25306,8,6
25307,1,1
25308,6,7
25309,5,2
25310,2,1
25311,1,3
25312,4,0
25313,2,4
25314,2,7
25315,7,5
25316,0,6
25317,0,6
25318,2,2
25319,2,7
25320,4,8
25321,7,8
25322,6,1
25323,2,9
25324,6,1
25325,4,0
25326,9,8
25327,1,1
25328,6,3
25329,1,2
25330,7,5
25331,7,3
25332,5,2
25333,2,4
25334,4,4
25335,7,5
25336,6,1
25337,0,6
25338,0,6
25339,2,7
25340,0,6
25341,7,8
25342,7,5
25343,2,9
25344,4,0
25345,0,6
25346,1,3
25347,2,4
25348,2,7
25349,5,2
25350,2,7
25351,0,6
25352,6,1
25353,2,4
25354,6,1
25355,2,7
25356,8,5
25357,7,5
25358,0,6
25359,7,5
25360,7,8
25361,2,4
25362,6,8
25363,2,7
25364,6,1
25365,7,8
25366,4,0
25367,2,9
25368,0,6
25369,1,2
25370,2,7
25371,2,9
25372,2,9
25373,7,3
25374,0,6
25375,2,9
25376,2,9
25377,7,3
25378,2,4
25379,7,8
25380,2,4
25381,1,2
25382,4,4
25383,4,0
25384,7,5
25385,2,9
25386,4,0
25387,7,8
25388,7,8
25389,4,0
25390,4,0
25391,7,5
25392,2,7
25393,0,6
25394,6,1
25395,4,0
25396,2,4
25397,6,1
25398,3,3
25399,4,0
25400,1,8
25401,2,4
25402,7,5
25403,1,2
25404,2,9
25405,0,6
25406,3,2
25407,7,5
25408,4,0
25409,1,3
25410,2,4
25411,7,5
25412,1,2
25413,1,3
25414,6,1
25415,7,8
25416,8,1
25417,1,3
25418,2,8
25419,2,4
25420,4,0
25421,1,1
25422,0,6
25423,7,5
25424,0,6
25425,1,3
25426,2,7
25427,4,0
25428,6,1
25429,7,8
25430,0,6
25431,1,3
25432,2,9
25433,4,0
25434,6,1
25435,0,6
25436,6,1
25437,1,2
25438,2,4
25439,2,7
25440,7,5
25441,6,1
25442,4,2
25443,6,1
25444,2,7
25445,7,8
25446,7,9
25447,6,1
25448,6,1
25449,2,7
25450,6,1
25451,6,1
25452,2,7
25453,7,3
25454,3,3
25455,7,8
25456,4,0
25457,7,5
25458,2,7
25459,1,2
25460,4,0
25461,4,0
25462,0,6
25463,2,9
25464,6,8
25465,2,7
25466,7,5
25467,0,6
25468,7,5
25469,2,7
25470,0,4
25471,2,4
25472,2,9
25473,6,1
25474,6,1
25475,0,6
25476,6,2
25477,7,8
25478,6,9
25479,2,4
25480,5,3
25481,2,7
25482,6,8
25483,7,5
25484,0,4
25485,6,1
25486,3,8
25487,3,2
25488,2,4
25489,0,6
25490,2,4
25491,2,7
25492,3,2
25493,2,9
25494,7,5
25495,7,8
25496,6,1
25497,4,0
25498,2,4
25499,0,6
25500,2,7
25501,2,9
25502,2,9
25503,2,4
25504,6,1
25505,0,6
25506,2,7
25507,1,2
25508,6,5
25509,1,3
25510,1,2
25511,2,7
25512,4,0
25513,1,1
25514,4,8
25515,2,9
25516,6,2
25517,3,2
25518,4,0
25519,3,2
25520,8,6
25521,7,5
25522,2,7
25523,7,3
25524,6,1
25525,2,7
25526,1,2
25527,7,8
25528,4,9
25529,4,0
25530,3,2
25531,6,1
25532,2,9
25533,6,2
25534,8,4
25535,3,3
25536,1,3
25537,6,1
25538,1,3
25539,7,5
25540,6,1
25541,0,6
25542,4,0
25543,2,7
25544,6,8
25545,6,8
25546,3,8
25547,4,0
25548,1,2
25549,6,1
25550,0,4
25551,3,2
25552,6,3
25553,3,3
25554,2,7
25555,2,4
25556,7,8
25557,7,5
25558,4,4
25559,0,6
25560,7,5
25561,2,7
25562,2,9
25563,6,8
25564,6,2
25565,2,9
25566,8,5
25567,4,0
25568,6,8
25569,6,1
25570,3,2
25571,3,2
25572,0,6
25573,3,3
25574,6,2
25575,2,4
25576,4,0
25577,5,5
25578,2,7
25579,0,6
25580,7,5
25581,2,7
25582,6,8
25583,7,8
25584,4,0
25585,2,9
25586,3,3
25587,6,8
25588,7,5
25589,2,9
25590,1,3
25591,3,2
25592,6,8
25593,0,6
25594,2,7
25595,6,1
25596,6,1
25597,2,7
25598,8,5
25599,0,6
25600,6,1
25601,3,3
25602,2,4
25603,7,5
25604,0,4
25605,2,4
25606,6,1
25607,7,8
25608,0,6
25609,3,2
25610,2,7
25611,0,6
25612,2,4
25613,2,4
25614,8,6
25615,2,7
25616,4,4
25617,6,2
25618,6,2
25619,1,3
25620,7,8
25621,2,4
25622,6,5
25623,7,5
25624,1,9
25625,2,9
25626,4,0
25627,3,2
25628,6,1
25629,4,0
25630,7,3
25631,3,3
25632,3,2
25633,2,9
25634,4,9
25635,2,4
25636,4,6
25637,2,9
25638,0,6
25639,2,7
25640,4,9
25641,3,3
25642,2,7
25643,2,9
25644,0,4
25645,3,3
25646,4,6
25647,3,8
25648,2,9
25649,2,7
25650,4,0
25651,6,1
25652,4,9
25653,2,4
25654,8,5
25655,2,9
25656,2,4
25657,6,8
25658,6,2
25659,7,5
25660,2,4
25661,3,8
25662,2,4
25663,3,2
25664,2,9
25665,0,6
25666,6,1
25667,2,9
25668,4,4
25669,3,5
25670,4,4
25671,1,3
25672,3,2
25673,0,6
25674,1,8
25675,7,5
25676,4,0
25677,3,2
25678,0,5
25679,7,5
25680,0,6
25681,2,7
25682,2,4
25683,0,2
25684,0,6
25685,3,3
25686,1,8
25687,6,1
25688,1,3
25689,3,3
25690,4,0
25691,3,2
25692,4,8
25693,2,7
25694,4,0
25695,3,3
25696,6,1
25697,6,1
25698,2,9
25699,2,9
25700,3,2
25701,4,0
25702,1,1
25703,6,1
25704,6,1
25705,2,7
25706,2,9
25707,4,0
25708,3,3
25709,6,8
25710,7,8
25711,3,5
25712,2,9
25713,0,6
25714,4,0
25715,4,8
25716,2,7
25717,3,2
25718,1,2
25719,6,1
25720,7,5
25721,3,3
25722,2,4
25723,7,5
25724,8,1
25725,4,0
25726,7,5
25727,2,7
25728,1,3
25729,4,0
25730,0,6
25731,7,8
25732,1,2
25733,2,7
25734,6,1
25735,3,2
25736,7,8
25737,2,4
25738,8,5
25739,2,4
25740,1,3
25741,6,8
25742,0,6
25743,4,0
25744,6,1
25745,6,1
25746,3,3
25747,7,5
25748,6,7
25749,6,1
25750,4,0
25751,6,1
25752,3,2
25753,0,6
25754,4,0
25755,4,0
25756,2,7
25757,4,0
25758,6,1
25759,2,4
25760,4,4
25761,2,9
25762,8,5
25763,7,8
25764,6,1
25765,5,5
25766,6,8
25767,6,1
25768,6,3
25769,0,6
25770,0,6
25771,0,6
25772,2,4
25773,0,0
25774,6,1
25775,2,7
25776,7,8
25777,0,6
25778,7,5
25779,6,1
25780,3,2
25781,6,1
25782,2,7
25783,4,0
25784,2,4
25785,6,1
25786,6,1
25787,3,2
25788,2,7
25789,3,3
25790,2,4
25791,2,4
25792,2,7
25793,8,5
25794,6,1
25795,0,6
25796,6,8
25797,2,7
25798,7,6
25799,6,8
25800,6,1
25801,2,9
25802,1,3
25803,4,0
25804,3,2
25805,6,1
25806,2,7
25807,3,2
25808,2,7
25809,7,3
25810,2,9
25811,2,4
25812,6,1
25813,8,5
25814,4,0
25815,0,6
25816,2,7
25817,2,7
25818,4,0
25819,6,8
25820,3,3
25821,2,9
25822,6,1
25823,4,0
25824,2,9
25825,6,1
25826,2,4
25827,6,2
25828,2,9
25829,6,3
25830,2,7
25831,2,4
25832,8,5
25833,2,7
25834,0,6
25835,6,8
25836,4,0
25837,2,9
25838,6,2
25839,4,0
25840,7,5
25841,2,7
25842,6,1
25843,6,8
25844,8,4
25845,2,4
25846,4,4
25847,6,1
25848,0,4
25849,6,8
25850,6,7
25851,6,8
25852,4,9
25853,6,1
25854,3,2
25855,7,3
25856,8,4
25857,6,1
25858,6,1
25859,6,8
25860,0,6
25861,6,3
25862,2,7
25863,2,7
25864,6,1
25865,2,9
25866,2,4
25867,7,3
25868,2,7
25869,2,4
25870,3,8
25871,2,7
25872,2,9
25873,6,8
25874,6,9
25875,2,4
25876,6,1
25877,2,7
25878,4,4
25879,6,8
25880,1,3
25881,2,9
25882,1,3
25883,6,3
25884,4,4
25885,6,1
25886,7,5
25887,2,4
25888,2,7
25889,0,6
25890,6,8
25891,7,5
25892,4,0
25893,0,6
25894,2,4
25895,2,7
25896,3,3
25897,2,7
25898,6,1
25899,6,1
25900,2,9
25901,0,6
25902,1,2
25903,2,4
25904,2,7
25905,2,9
25906,8,6
25907,1,2
25908,4,6
25909,2,9
25910,6,1
25911,6,3
25912,3,2
25913,8,5
25914,4,0
25915,3,3
25916,6,2
25917,0,6
25918,6,1
25919,4,0
25920,6,2
25921,4,0
25922,3,3
25923,3,2
25924,3,3
25925,2,4
25926,2,7
25927,3,2
25928,5,0
25929,2,7
25930,8,5
25931,2,4
25932,4,0
25933,2,9
25934,6,1
25935,8,5
25936,8,5
25937,6,1
25938,2,4
25939,3,2
25940,6,1
25941,7,3
25942,4,0
25943,0,6
25944,0,6
25945,6,1
25946,3,9
25947,6,8
25948,6,1
25949,6,3
25950,7,3
25951,6,8
25952,4,0
25953,4,0
25954,7,5
25955,1,3
25956,0,4
25957,4,0
25958,7,5
25959,0,6
25960,0,4
25961,6,1
25962,0,6
25963,0,6
25964,2,7
25965,2,9
25966,8,5
25967,7,5
25968,8,8
25969,2,9
25970,6,1
25971,8,4
25972,2,7
25973,7,5
25974,3,2
25975,6,8
25976,7,8
25977,0,6
25978,4,0
25979,2,7
25980,4,0
25981,6,1
25982,2,7
25983,6,1
25984,7,8
25985,2,7
25986,3,8
25987,4,0
25988,4,8
25989,6,1
25990,0,4
25991,1,2
25992,0,6
25993,1,3
25994,1,2
25995,2,4
25996,7,3
25997,7,5
25998,2,7
25999,0,6
26000,2,4
26001,2,7
26002,6,1
26003,7,8
26004,2,7
26005,2,9
26006,6,2
26007,4,0
26008,1,3
26009,6,1
26010,2,7
26011,1,2
26012,6,2
26013,1,3
26014,3,3
26015,2,4
26016,0,6
26017,1,5
26018,8,5
26019,0,6
26020,7,5
26021,2,7
26022,7,8
26023,0,8
26024,8,5
26025,2,9
26026,2,7
26027,4,0
26028,6,8
26029,6,1
26030,8,5
26031,3,2
26032,0,6
26033,1,3
26034,8,5
26035,2,4
26036,6,8
26037,7,5
26038,4,0
26039,0,6
26040,4,0
26041,2,7
26042,2,9
26043,3,8
26044,4,0
26045,2,9
26046,3,2
26047,2,7
26048,4,3
26049,2,7
26050,3,3
26051,2,7
26052,8,6
26053,1,3
26054,2,7
26055,4,0
26056,2,7
26057,1,3
26058,4,0
26059,6,1
26060,2,9
26061,4,8
26062,7,5
26063,2,7
26064,2,9
26065,0,6
26066,7,5
26067,2,4
26068,2,9
26069,7,5
26070,6,1
26071,0,6
26072,8,1
26073,0,0
26074,2,4
26075,3,2
26076,2,7
26077,0,6
26078,6,8
26079,6,8
26080,2,7
26081,1,3
26082,2,9
26083,1,2
26084,3,3
26085,1,8
26086,2,4
26087,6,1
26088,6,7
26089,6,1
26090,3,8
26091,2,7
26092,0,6
26093,3,2
26094,7,5
26095,4,0
26096,6,1
26097,2,7
26098,7,5
26099,6,1
26100,7,8
26101,0,6
26102,8,5
26103,4,0
26104,6,1
26105,2,4
26106,2,4
26107,0,6
26108,2,9
26109,2,4
26110,2,9
26111,2,4
26112,7,5
26113,7,5
26114,4,6
26115,7,8
26116,2,9
26117,4,0
26118,6,1
26119,0,6
26120,6,2
26121,5,2
26122,1,8
26123,3,3
26124,0,6
26125,6,1
26126,8,6
26127,3,3
26128,2,4
26129,0,6
26130,1,3
26131,7,5
26132,8,4
26133,6,1
26134,8,5
26135,4,8
26136,7,8
26137,2,4
26138,4,8
26139,4,0
26140,7,3
26141,2,7
26142,6,1
26143,7,5
26144,6,1
26145,7,8
26146,6,2
26147,4,8
26148,7,3
26149,1,3
26150,7,5
26151,2,7
26152,6,1
26153,6,8
26154,3,3
26155,2,9
26156,3,3
26157,3,2
26158,6,7
26159,0,6
26160,0,6
26161,6,2
26162,2,7
26163,7,5
26164,3,2
26165,1,3
26166,2,4
26167,6,1
26168,0,6
26169,2,7
26170,6,2
26171,1,3
26172,2,4
26173,2,9
26174,6,1
26175,6,1
26176,4,0
26177,2,9
26178,4,0
26179,2,9
26180,0,6
26181,0,6
26182,6,1
26183,1,0
26184,4,0
26185,2,9
26186,8,6
26187,1,3
26188,6,1
26189,2,7
26190,6,1
26191,4,0
26192,2,4
26193,2,4
26194,6,3
26195,7,5
26196,7,5
26197,4,0
26198,7,5
26199,2,9
26200,7,8
26201,3,2
26202,6,1
26203,7,8
26204,8,5
26205,6,1
26206,6,5
26207,2,4
26208,7,3
26209,1,3
26210,4,0
26211,7,5
26212,2,9
26213,3,2
26214,7,9
26215,2,9
26216,2,7
26217,2,4
26218,2,7
26219,4,0
26220,2,9
26221,1,2
26222,1,3
26223,2,9
26224,3,2
26225,6,1
26226,2,9
26227,0,6
26228,7,5
26229,7,5
26230,4,0
26231,3,8
26232,2,7
26233,2,9
26234,6,7
26235,2,4
26236,7,5
26237,3,2
26238,6,1
26239,7,5
26240,7,5
26241,4,0
26242,2,4
26243,6,1
26244,7,8
26245,1,2
26246,2,4
26247,3,3
26248,7,8
26249,2,4
26250,6,1
26251,7,5
26252,7,6
26253,0,6
26254,2,9
26255,2,7
26256,4,0
26257,7,8
26258,4,0
26259,2,9
26260,4,0
26261,4,0
26262,4,0
26263,6,1
26264,4,4
26265,5,2
26266,2,7
26267,7,3
26268,6,1
26269,2,4
26270,7,3
26271,2,7
26272,6,7
26273,7,8
26274,2,7
26275,2,9
26276,2,9
26277,4,0
26278,2,9
26279,6,1
26280,3,2
26281,2,4
26282,2,9
26283,7,5
26284,3,3
26285,0,6
26286,7,5
26287,2,7
26288,2,4
26289,6,8
26290,7,5
26291,3,3
26292,4,0
26293,2,4
26294,6,8
26295,6,1
26296,2,4
26297,2,4
26298,4,0
26299,0,6
26300,1,0
26301,0,6
26302,2,9
26303,6,7
26304,2,7
26305,3,3
26306,1,3
26307,6,3
26308,4,0
26309,0,4
26310,6,1
26311,3,3
26312,6,2
26313,7,5
26314,2,9
26315,4,0
26316,2,9
26317,6,1
26318,0,6
26319,2,4
26320,8,5
26321,0,6
26322,2,7
26323,4,0
26324,1,3
26325,1,2
26326,6,2
26327,7,8
26328,8,5
26329,3,2
26330,6,2
26331,7,5
26332,4,9
26333,3,2
26334,2,4
26335,6,1
26336,2,9
26337,2,7
26338,4,0
26339,4,0
26340,3,2
26341,6,2
26342,0,6
26343,4,0
26344,0,6
26345,0,6
26346,2,9
26347,0,6
26348,3,2
26349,2,9
26350,6,1
26351,6,8
26352,2,4
26353,2,9
26354,2,7
26355,3,2
26356,2,7
26357,6,2
26358,7,3
26359,2,9
26360,3,5
26361,2,9
26362,2,8
26363,7,5
26364,1,3
26365,2,4
26366,4,0
26367,2,4
26368,8,5
26369,4,0
26370,8,5
26371,4,0
26372,4,6
26373,7,8
26374,6,7
26375,0,6
26376,1,1
26377,0,6
26378,1,3
26379,6,8
26380,4,9
26381,8,5
26382,4,6
26383,1,3
26384,0,6
26385,6,8
26386,0,6
26387,7,5
26388,6,1
26389,6,0
26390,6,1
26391,6,3
26392,0,6
26393,0,6
26394,0,6
26395,6,7
26396,0,6
26397,6,8
26398,0,5
26399,6,3
26400,2,9
26401,6,1
26402,0,6
26403,6,3
26404,7,5
26405,4,9
26406,6,1
26407,8,5
26408,4,0
26409,6,1
26410,0,6
26411,6,5
26412,8,3
26413,8,5
26414,7,8
26415,4,0
26416,9,9
26417,2,7
26418,8,6
26419,6,3
26420,6,1
26421,6,1
26422,4,0
26423,2,7
26424,2,9
26425,0,6
26426,2,9
26427,4,0
26428,2,9
26429,6,1
26430,2,9
26431,3,2
26432,7,5
26433,3,3
26434,1,2
26435,2,4
26436,4,0
26437,3,5
26438,4,0
26439,0,6
26440,2,9
26441,2,7
26442,6,7
26443,4,8
26444,8,1
26445,6,1
26446,2,7
26447,3,2
26448,7,3
26449,3,3
26450,2,4
26451,7,5
26452,0,6
26453,0,6
26454,1,2
26455,6,7
26456,4,4
26457,4,0
26458,2,4
26459,6,1
26460,7,5
26461,3,2
26462,2,9
26463,3,3
26464,7,5
26465,2,4
26466,8,5
26467,7,5
26468,3,2
26469,0,6
26470,8,6
26471,6,8
26472,0,6
26473,6,1
26474,7,8
26475,4,0
26476,6,1
26477,3,2
26478,1,3
26479,6,1
26480,2,4
26481,7,5
26482,0,6
26483,0,6
26484,7,5
26485,6,1
26486,2,9
26487,6,1
26488,1,3
26489,2,7
26490,0,6
26491,6,8
26492,6,1
26493,7,5
26494,2,4
26495,6,1
26496,2,8
26497,0,6
26498,0,6
26499,2,7
26500,2,7
26501,4,0
26502,6,1
26503,3,3
26504,6,2
26505,1,3
26506,0,4
26507,4,0
26508,4,0
26509,3,2
26510,8,4
26511,0,6
26512,4,9
26513,2,9
26514,6,1
26515,6,8
26516,0,6
26517,7,5
26518,2,9
26519,6,8
26520,6,8
26521,0,6
26522,5,2
26523,6,8
26524,0,6
26525,2,9
26526,1,3
26527,4,9
26528,2,7
26529,2,7
26530,0,6
26531,6,1
26532,7,8
26533,3,2
26534,1,3
26535,6,1
26536,2,9
26537,6,1
26538,4,5
26539,6,1
26540,6,2
26541,3,2
26542,2,3
26543,6,8
26544,2,4
26545,4,0
26546,8,4
26547,7,5
26548,3,3
26549,2,7
26550,3,3
26551,0,6
26552,7,5
26553,7,5
26554,3,3
26555,3,3
26556,6,1
26557,6,8
26558,2,9
26559,6,1
26560,6,7
26561,3,3
26562,3,2
26563,0,6
26564,8,4
26565,4,0
26566,4,9
26567,2,4
26568,2,7
26569,6,8
26570,7,5
26571,2,9
26572,7,5
26573,2,4
26574,7,5
26575,2,7
26576,0,6
26577,3,2
26578,6,1
26579,2,7
26580,6,8
26581,6,1
26582,2,4
26583,6,8
26584,0,6
26585,3,2
26586,2,9
26587,6,1
26588,8,4
26589,2,7
26590,7,5
26591,2,7
26592,8,5
26593,3,3
26594,2,9
26595,3,2
26596,3,3
26597,4,0
26598,6,1
26599,2,4
26600,2,7
26601,0,6
26602,1,7
26603,0,6
26604,6,1
26605,6,8
26606,0,6
26607,3,5
26608,4,0
26609,2,9
26610,6,1
26611,6,8
26612,2,9
26613,3,2
26614,0,6
26615,7,5
26616,3,8
26617,6,1
26618,0,4
26619,4,0
26620,4,0
26621,3,5
26622,4,6
26623,4,0
26624,1,2
26625,3,3
26626,2,2
26627,2,4
26628,6,8
26629,9,3
26630,6,2
26631,2,9
26632,1,2
26633,0,6
26634,4,4
26635,3,2
26636,8,5
26637,3,5
26638,1,2
26639,4,0
26640,1,9
26641,0,6
26642,2,7
26643,2,9
26644,3,3
26645,4,0
26646,1,2
26647,6,1
26648,7,5
26649,1,2
26650,0,6
26651,1,3
26652,2,4
26653,2,4
26654,0,6
26655,7,5
26656,0,0
26657,0,6
26658,3,2
26659,2,7
26660,6,8
26661,8,8
26662,3,3
26663,2,9
26664,3,8
26665,4,0
26666,7,8
26667,6,1
26668,2,7
26669,1,2
26670,0,6
26671,1,3
26672,6,8
26673,2,4
26674,3,3
26675,7,5
26676,7,5
26677,0,6
26678,3,3
26679,2,7
26680,8,5
26681,8,8
26682,2,9
26683,2,9
26684,2,7
26685,4,0
26686,6,0
26687,6,1
26688,3,2
26689,5,2
26690,3,2
26691,1,3
26692,1,3
26693,2,4
26694,6,3
26695,7,5
26696,6,1
26697,0,6
26698,6,1
26699,2,7
26700,8,5
26701,7,8
26702,3,3
26703,2,9
26704,2,4
26705,2,7
26706,8,5
26707,2,7
26708,7,8
26709,2,7
26710,3,3
26711,1,3
26712,4,0
26713,4,0
26714,2,7
26715,1,3
26716,0,6
26717,6,1
26718,6,2
26719,7,8
26720,6,8
26721,2,7
26722,4,0
26723,0,6
26724,3,3
26725,2,4
26726,6,1
26727,7,5
26728,4,0
26729,0,6
26730,2,9
26731,4,0
26732,5,3
26733,1,2
26734,6,7
26735,0,6
26736,7,5
26737,2,8
26738,4,4
26739,1,3
26740,3,2
26741,3,2
26742,2,7
26743,7,8
26744,1,3
26745,6,1
26746,6,1
26747,6,1
26748,0,9
26749,2,7
26750,6,7
26751,1,2
26752,7,5
26753,4,0
26754,0,6
26755,2,7
26756,1,7
26757,6,1
26758,4,4
26759,0,6
26760,3,8
26761,4,0
26762,3,8
26763,2,4
26764,2,9
26765,0,6
26766,8,6
26767,2,4
26768,0,6
26769,0,4
26770,1,2
26771,7,5
26772,6,1
26773,7,8
26774,6,1
26775,4,0
26776,4,8
26777,0,6
26778,2,7
26779,1,2
26780,6,1
26781,1,3
26782,3,2
26783,1,3
26784,5,0
26785,0,6
26786,6,8
26787,7,5
26788,1,2
26789,6,1
26790,0,4
26791,8,8
26792,0,6
26793,7,5
26794,3,2
26795,2,9
26796,0,6
26797,2,4
26798,2,4
26799,4,0
26800,3,2
26801,2,7
26802,6,1
26803,7,5
26804,7,8
26805,8,8
26806,2,9
26807,8,8
26808,2,4
26809,1,3
26810,0,6
26811,2,7
26812,6,1
26813,8,8
26814,8,5
26815,2,9
26816,2,4
26817,1,2
26818,4,0
26819,0,6
26820,4,0
26821,3,2
26822,2,9
26823,7,5
26824,6,3
26825,1,3
26826,2,7
26827,6,1
26828,2,9
26829,2,7
26830,3,3
26831,1,3
26832,4,0
26833,2,9
26834,4,9
26835,6,1
26836,4,0
26837,2,9
26838,2,7
26839,2,9
26840,4,0
26841,0,6
26842,7,5
26843,4,0
26844,2,9
26845,2,9
26846,2,9
26847,2,4
26848,0,6
26849,1,3
26850,4,2
26851,2,7
26852,7,8
26853,4,0
26854,6,7
26855,0,4
26856,7,5
26857,7,5
26858,2,4
26859,4,0
26860,3,9
26861,2,9
26862,7,5
26863,1,2
26864,2,4
26865,8,8
26866,7,3
26867,6,1
26868,8,5
26869,2,4
26870,2,9
26871,1,3
26872,6,4
26873,7,5
26874,0,6
26875,6,2
26876,7,5
26877,2,9
26878,6,3
26879,2,4
26880,3,3
26881,4,0
26882,9,7
26883,3,2
26884,0,6
26885,2,9
26886,2,7
26887,6,1
26888,6,2
26889,0,6
26890,2,4
26891,7,5
26892,6,1
26893,6,8
26894,2,7
26895,2,9
26896,8,5
26897,2,4
26898,6,7
26899,6,2
26900,6,6
26901,7,5
26902,2,9
26903,4,0
26904,0,4
26905,6,1
26906,2,9
26907,6,2
26908,8,8
26909,7,3
26910,6,1
26911,2,4
26912,0,6
26913,7,5
26914,6,1
26915,0,6
26916,2,7
26917,2,7
26918,7,5
26919,7,8
26920,0,6
26921,2,9
26922,6,2
26923,4,0
26924,6,1
26925,6,1
26926,4,5
26927,6,2
26928,7,3
26929,7,3
26930,4,0
26931,0,6
26932,6,2
26933,2,7
26934,0,6
26935,3,8
26936,7,8
26937,4,0
26938,0,6
26939,6,1
26940,6,6
26941,3,2
26942,7,3
26943,3,3
26944,6,1
26945,2,7
26946,0,6
26947,7,8
26948,1,8
26949,2,9
26950,2,9
26951,6,1
26952,7,8
26953,7,8
26954,2,9
26955,0,6
26956,3,2
26957,2,7
26958,0,6
26959,6,1
26960,6,1
26961,6,1
26962,0,6
26963,2,4
26964,2,7
26965,3,3
26966,2,7
26967,2,7
26968,6,1
26969,2,7
26970,2,9
26971,7,8
26972,7,5
26973,2,9
26974,6,2
26975,3,3
26976,7,5
26977,0,6
26978,8,5
26979,3,0
26980,4,0
26981,3,3
26982,2,7
26983,0,6
26984,6,1
26985,2,4
26986,6,1
26987,7,8
26988,0,6
26989,3,3
26990,4,0
26991,6,1
26992,4,4
26993,6,1
26994,5,2
26995,7,5
26996,8,8
26997,2,9
26998,6,3
26999,4,0
27000,7,5
27001,6,4
27002,7,5
27003,6,1
27004,2,9
27005,2,7
27006,0,6
27007,2,9
27008,6,8
27009,7,5
27010,3,2
27011,6,1
27012,6,1
27013,6,1
27014,4,4
27015,2,9
27016,2,9
27017,7,8
27018,6,1
27019,0,6
27020,6,1
27021,0,6
27022,3,3
27023,4,0
27024,9,8
27025,6,1
27026,1,2
27027,7,8
27028,6,1
27029,7,8
27030,7,8
27031,7,3
27032,3,3
27033,6,2
27034,6,1
27035,4,0
27036,2,4
27037,2,9
27038,7,5
27039,2,7
27040,2,4
27041,2,4
27042,7,5
27043,7,5
27044,0,4
27045,7,8
27046,0,6
27047,3,3
27048,7,8
27049,7,5
27050,4,0
27051,7,8
27052,6,2
27053,7,5
27054,2,7
27055,2,4
27056,2,4
27057,6,7
27058,2,7
27059,2,7
27060,1,3
27061,6,7
27062,7,5
27063,6,1
27064,6,1
27065,3,5
27066,2,9
27067,3,3
27068,6,1
27069,0,0
27070,4,0
27071,6,1
27072,6,8
27073,5,2
27074,2,9
27075,1,3
27076,7,8
27077,4,4
27078,3,3
27079,7,5
27080,2,4
27081,0,6
27082,4,0
27083,1,7
27084,3,3
27085,3,8
27086,8,6
27087,2,9
27088,2,4
27089,4,0
27090,4,6
27091,6,1
27092,4,0
27093,5,2
27094,4,0
27095,1,3
27096,7,8
27097,8,4
27098,2,7
27099,8,5
27100,3,5
27101,0,6
27102,2,4
27103,1,7
27104,6,1
27105,3,8
27106,6,8
27107,2,9
27108,3,2
27109,5,0
27110,2,9
27111,6,1
27112,2,9
27113,3,2
27114,4,0
27115,1,3
27116,2,9
27117,8,5
27118,3,8
27119,0,6
27120,3,2
27121,7,8
27122,3,2
27123,6,1
27124,6,1
27125,8,4
27126,6,8
27127,7,5
27128,2,9
27129,2,4
27130,4,9
27131,3,2
27132,3,3
27133,3,3
27134,0,6
27135,1,3
27136,6,1
27137,4,0
27138,6,2
27139,3,5
27140,1,3
27141,2,4
27142,6,1
27143,1,3
27144,2,7
27145,4,0
27146,7,8
27147,7,8
27148,4,0
27149,0,6
27150,3,2
27151,2,7
27152,3,3
27153,5,0
27154,7,5
27155,1,7
27156,3,6
27157,2,7
27158,2,7
27159,6,1
27160,3,3
27161,0,6
27162,1,2
27163,2,9
27164,8,9
27165,1,2
27166,2,7
27167,1,3
27168,6,7
27169,0,6
27170,4,0
27171,3,2
27172,1,3
27173,1,3
27174,2,9
27175,0,6
27176,7,5
27177,7,8
27178,3,2
27179,7,5
27180,2,4
27181,7,2
27182,6,1
27183,1,3
27184,2,7
27185,7,8
27186,6,2
27187,6,1
27188,3,2
27189,5,2
27190,0,6
27191,2,9
27192,3,2
27193,1,5
27194,2,7
27195,7,8
27196,8,4
27197,7,8
27198,0,6
27199,2,7
27200,4,0
27201,6,1
27202,6,1
27203,1,7
27204,0,6
27205,6,1
27206,4,0
27207,6,1
27208,0,6
27209,4,0
27210,3,8
27211,1,3
27212,3,3
27213,8,4
27214,3,3
27215,3,2
27216,8,5
27217,0,6
27218,2,4
27219,1,7
27220,2,7
27221,8,4
27222,2,4
27223,3,2
27224,7,5
27225,1,7
27226,4,9
27227,2,4
27228,4,5
27229,1,2
27230,2,9
27231,2,9
27232,3,2
27233,3,2
27234,2,9
27235,1,7
27236,3,8
27237,2,9
27238,3,3
27239,3,2
27240,0,6
27241,7,8
27242,6,1
27243,0,6
27244,0,6
27245,6,1
27246,4,0
27247,4,0
27248,8,3
27249,0,6
27250,6,1
27251,7,8
27252,6,2
27253,7,5
27254,6,7
27255,7,5
27256,6,1
27257,4,0
27258,3,2
27259,7,5
27260,2,9
27261,1,3
27262,6,1
27263,7,5
27264,1,2
27265,6,7
27266,0,6
27267,2,4
27268,0,6
27269,7,8
27270,6,1
27271,5,5
27272,2,4
27273,2,9
27274,1,3
27275,0,6
27276,6,1
27277,2,9
27278,7,8
27279,1,3
27280,4,0
27281,4,0
27282,7,3
27283,4,0
27284,6,1
27285,0,6
27286,6,8
27287,1,3
27288,7,5
27289,4,0
27290,0,0
27291,7,5
27292,2,7
27293,7,8
27294,7,8
27295,2,9
27296,8,5
27297,6,1
27298,4,6
27299,7,8
27300,6,1
27301,6,1
27302,2,7
27303,0,6
27304,2,9
27305,4,0
27306,0,6
27307,1,0
27308,2,4
27309,1,1
27310,7,5
27311,3,2
27312,8,8
27313,1,3
27314,7,5
27315,4,4
27316,1,3
27317,7,5
27318,4,0
27319,0,6
27320,8,6
27321,2,7
27322,4,0
27323,2,8
27324,7,8
27325,2,9
27326,4,0
27327,4,0
27328,4,0
27329,6,1
27330,6,1
27331,1,2
27332,4,0
27333,1,3
27334,2,9
27335,4,4
27336,6,1
27337,7,5
27338,0,6
27339,0,6
27340,8,5
27341,2,7
27342,2,9
27343,4,0
27344,2,9
27345,6,1
27346,2,4
27347,3,2
27348,6,8
27349,3,3
27350,0,6
27351,4,4
27352,2,4
27353,7,5
27354,6,1
27355,4,6
27356,1,2
27357,2,7
27358,6,8
27359,3,8
27360,2,7
27361,2,9
27362,1,3
27363,0,6
27364,2,4
27365,2,4
27366,3,3
27367,3,2
27368,2,9
27369,0,6
27370,2,9
27371,2,4
27372,1,8
27373,2,7
27374,3,2
27375,7,5
27376,3,2
27377,7,5
27378,8,5
27379,2,7
27380,4,0
27381,7,8
27382,0,6
27383,2,9
27384,6,2
27385,3,2
27386,7,8
27387,2,9
27388,6,1
27389,3,3
27390,0,6
27391,2,9
27392,6,7
27393,3,2
27394,4,0
27395,3,0
27396,6,1
27397,2,9
27398,2,4
27399,6,8
27400,7,5
27401,4,0
27402,0,6
27403,7,5
27404,0,6
27405,0,6
27406,2,7
27407,4,0
27408,7,5
27409,6,1
27410,6,1
27411,4,0
27412,7,5
27413,1,2
27414,4,0
27415,0,6
27416,7,5
27417,7,5
27418,7,8
27419,3,3
27420,1,3
27421,7,5
27422,7,5
27423,1,3
27424,2,4
27425,7,8
27426,1,2
27427,3,0
27428,8,6
27429,3,0
27430,2,9
27431,7,5
27432,3,2
27433,2,4
27434,3,2
27435,1,3
27436,4,0
27437,4,4
27438,0,6
27439,6,1
27440,2,9
27441,7,5
27442,0,6
27443,3,3
27444,1,2
27445,4,0
27446,4,0
27447,3,8
27448,2,9
27449,0,6
27450,2,9
27451,3,2
27452,7,5
27453,2,7
27454,6,1
27455,6,1
27456,6,2
27457,6,1
27458,4,2
27459,3,8
27460,2,9
27461,6,1
27462,4,0
27463,2,7
27464,6,2
27465,6,1
27466,3,0
27467,3,3
27468,2,7
27469,3,8
27470,6,2
27471,7,5
27472,1,2
27473,4,4
27474,8,1
27475,3,2
27476,2,4
27477,4,0
27478,3,3
27479,2,9
27480,3,3
27481,2,7
27482,8,5
27483,0,6
27484,1,0
27485,2,7
27486,3,3
27487,4,4
27488,7,8
27489,6,1
27490,6,2
27491,0,6
27492,4,0
27493,7,8
27494,2,4
27495,2,4
27496,0,6
27497,2,7
27498,4,7
27499,7,5
27500,7,5
27501,6,1
27502,8,5
27503,9,2
27504,0,6
27505,0,6
27506,6,1
27507,2,7
27508,3,8
27509,6,1
27510,8,5
27511,4,9
27512,4,0
27513,6,8
27514,8,4
27515,4,9
27516,6,7
27517,2,4
27518,3,3
27519,2,9
27520,3,2
27521,2,9
27522,0,7
27523,0,6
27524,7,8
27525,3,2
27526,8,5
27527,3,3
27528,6,1
27529,2,7
27530,0,6
27531,6,1
27532,2,7
27533,2,9
27534,3,3
27535,3,2
27536,0,6
27537,3,2
27538,2,4
27539,7,5
27540,3,3
27541,3,3
27542,2,7
27543,2,7
27544,0,0
27545,6,8
27546,2,7
27547,4,0
27548,3,2
27549,6,1
27550,4,0
27551,3,2
27552,4,4
27553,7,3
27554,2,7
27555,2,4
27556,4,6
27557,7,5
27558,6,1
27559,0,6
27560,1,3
27561,2,7
27562,6,8
27563,6,8
27564,6,1
27565,2,9
27566,9,9
27567,4,0
27568,1,8
27569,6,1
27570,3,3
27571,3,2
27572,6,1
27573,3,3
27574,2,7
27575,2,4
27576,4,5
27577,2,7
27578,6,1
27579,6,8
27580,4,0
27581,2,9
27582,6,1
27583,4,0
27584,0,4
27585,6,1
27586,2,4
27587,3,2
27588,2,4
27589,3,3
27590,6,1
27591,2,4
27592,6,7
27593,7,5
27594,8,5
27595,0,6
27596,7,8
27597,2,7
27598,1,2
27599,6,8
27600,3,2
27601,6,9
27602,7,5
27603,4,0
27604,6,1
27605,2,9
27606,7,8
27607,7,5
27608,6,8
27609,4,0
27610,1,3
27611,2,9
27612,2,4
27613,6,8
27614,6,2
27615,2,9
27616,7,8
27617,2,4
27618,6,2
27619,6,1
27620,4,0
27621,2,7
27622,1,2
27623,2,7
27624,0,6
27625,7,3
27626,2,9
27627,7,5
27628,4,0
27629,6,1
27630,6,1
27631,4,0
27632,6,7
27633,4,0
27634,6,1
27635,2,7
27636,6,8
27637,4,0
27638,4,0
27639,6,1
27640,7,3
27641,6,2
27642,0,6
27643,3,2
27644,3,3
27645,9,3
27646,7,8
27647,2,7
27648,8,5
27649,7,3
27650,7,8
27651,7,3
27652,6,2
27653,0,6
27654,2,9
27655,0,6
27656,7,5
27657,6,1
27658,1,0
27659,4,0
27660,3,2
27661,2,9
27662,6,1
27663,4,0
27664,6,2
27665,6,1
27666,5,3
27667,2,7
27668,7,5
27669,0,6
27670,3,3
27671,3,3
27672,6,2
27673,0,2
27674,8,6
27675,5,3
27676,0,4
27677,6,1
27678,8,8
27679,2,9
27680,3,2
27681,6,1
27682,0,6
27683,2,7
27684,6,1
27685,0,6
27686,0,4
27687,6,8
27688,2,9
27689,2,4
27690,3,3
27691,7,3
27692,2,9
27693,6,1
27694,2,4
27695,2,4
27696,6,2
27697,0,0
27698,2,9
27699,8,5
27700,1,2
27701,3,3
27702,0,6
27703,0,6
27704,0,6
27705,2,9
27706,2,7
27707,6,1
27708,0,6
27709,2,7
27710,2,9
27711,7,5
27712,4,0
27713,0,4
27714,2,7
27715,4,4
27716,4,7
27717,2,7
27718,7,3
27719,6,2
27720,4,0
27721,6,2
27722,2,7
27723,2,7
27724,0,6
27725,6,9
27726,3,3
27727,7,5
27728,2,7
27729,6,8
27730,2,9
27731,6,9
27732,0,9
27733,6,8
27734,2,9
27735,4,0
27736,6,2
27737,1,1
27738,4,4
27739,2,2
27740,6,8
27741,5,3
27742,7,5
27743,0,4
27744,6,1
27745,5,5
27746,6,1
27747,2,7
27748,2,9
27749,4,0
27750,0,6
27751,6,1
27752,3,2
27753,3,2
27754,1,2
27755,3,3
27756,2,7
27757,0,6
27758,4,7
27759,6,1
27760,7,5
27761,6,2
27762,8,8
27763,3,3
27764,8,5
27765,0,4
27766,2,9
27767,3,5
27768,3,2
27769,0,6
27770,1,2
27771,2,9
27772,6,1
27773,2,9
27774,2,9
27775,0,6
27776,2,4
27777,4,5
27778,7,5
27779,2,9
27780,1,9
27781,3,2
27782,2,4
27783,7,3
27784,1,3
27785,6,1
27786,7,3
27787,3,2
27788,4,0
27789,6,1
27790,6,1
27791,5,2
27792,6,1
27793,6,1
27794,0,6
27795,7,3
27796,0,6
27797,3,2
27798,4,8
27799,0,6
27800,2,4
27801,3,5
27802,7,5
27803,3,3
27804,3,3
27805,4,0
27806,4,0
27807,0,6
27808,6,7
27809,6,4
27810,3,2
27811,4,0
27812,6,6
27813,8,5
27814,8,5
27815,2,9
27816,6,1
27817,2,9
27818,7,5
27819,7,8
27820,4,0
27821,6,1
27822,6,0
27823,2,7
27824,4,4
27825,2,4
27826,2,4
27827,2,7
27828,7,3
27829,4,0
27830,2,7
27831,6,1
27832,4,4
27833,0,6
27834,3,2
27835,3,3
27836,6,1
27837,6,7
27838,6,3
27839,2,9
27840,7,3
27841,4,0
27842,0,6
27843,2,9
27844,3,2
27845,3,5
27846,2,9
27847,3,3
27848,2,9
27849,7,8
27850,0,6
27851,9,8
27852,3,2
27853,2,7
27854,4,0
27855,6,1
27856,7,3
27857,2,4
27858,0,6
27859,4,0
27860,3,2
27861,3,3
27862,6,7
27863,2,9
27864,3,2
27865,4,0
27866,3,3
27867,2,7
27868,2,7
27869,3,2
27870,1,3
27871,6,1
27872,6,7
27873,2,9
27874,3,2
27875,6,1
27876,2,9
27877,3,5
27878,4,2
27879,6,1
27880,5,2
27881,2,7
27882,2,4
27883,3,2
27884,2,9
27885,6,1
27886,6,1
27887,0,6
27888,3,2
27889,3,8
27890,0,6
27891,7,8
27892,6,8
27893,4,0
27894,4,0
27895,6,1
27896,6,1
27897,1,2
27898,6,2
27899,3,3
27900,4,0
27901,0,4
27902,4,9
27903,7,5
27904,2,9
27905,0,6
27906,2,7
27907,7,8
27908,6,9
27909,2,9
27910,1,8
27911,4,0
27912,2,7
27913,6,1
27914,2,4
27915,5,2
27916,7,8
27917,1,3
27918,4,8
27919,2,4
27920,6,1
27921,7,5
27922,2,4
27923,0,6
27924,6,1
27925,2,7
27926,2,9
27927,7,8
27928,3,2
27929,2,9
27930,1,3
27931,4,0
27932,2,9
27933,6,1
27934,0,6
27935,1,2
27936,4,0
27937,1,3
27938,2,7
27939,0,4
27940,0,6
27941,7,5
27942,7,5
27943,0,6
27944,2,7
27945,2,7
27946,3,3
27947,3,8
27948,2,4
27949,2,9
27950,2,7
27951,1,0
27952,7,5
27953,2,9
27954,7,5
27955,2,4
27956,2,7
27957,1,2
27958,7,8
27959,2,4
27960,1,3
27961,6,1
27962,4,6
27963,7,5
27964,7,8
27965,0,6
27966,3,9
27967,6,1
27968,2,9
27969,6,1
27970,2,7
27971,2,7
27972,8,8
27973,6,8
27974,6,8
27975,7,5
27976,2,7
27977,1,3
27978,6,1
27979,0,4
27980,2,4
27981,0,6
27982,4,0
27983,2,7
27984,2,7
27985,4,0
27986,2,7
27987,1,3
27988,1,3
27989,1,2
27990,4,0
27991,0,6
27992,0,6
27993,2,9
27994,6,8
27995,7,8
27996,7,5
27997,7,5
27998,8,8
27999,7,8
28000,6,1
28001,0,6
28002,4,0
28003,1,8
28004,2,7
28005,2,9
28006,1,3
28007,2,9
28008,0,4
28009,2,7
28010,3,8
28011,2,7
28012,2,7
28013,1,2
28014,3,7
28015,6,1
28016,4,0
28017,6,1
28018,6,1
28019,6,1
28020,2,4
28021,1,2
28022,2,4
28023,6,8
28024,4,0
28025,2,7
28026,6,3
28027,0,6
28028,4,4
28029,7,5
28030,4,0
28031,1,3
28032,6,3
28033,1,8
28034,2,4
28035,6,1
28036,2,4
28037,1,3
28038,6,1
28039,0,6
28040,7,5
28041,4,0
28042,6,8
28043,2,4
28044,4,0
28045,1,8
28046,7,5
28047,2,9
28048,7,5
28049,2,4
28050,3,2
28051,2,9
28052,6,2
28053,2,7
28054,6,8
28055,2,9
28056,6,1
28057,7,5
28058,2,9
28059,1,2
28060,7,5
28061,2,7
28062,2,9
28063,6,1
28064,2,7
28065,7,8
28066,3,6
28067,1,2
28068,3,2
28069,6,1
28070,0,6
28071,2,7
28072,4,0
28073,2,7
28074,3,2
28075,1,3
28076,4,0
28077,1,2
28078,3,2
28079,4,0
28080,7,5
28081,0,4
28082,2,7
28083,0,6
28084,0,6
28085,0,6
28086,2,4
28087,2,9
28088,2,9
28089,2,4
28090,6,1
28091,1,2
28092,2,9
28093,1,8
28094,6,1
28095,3,2
28096,2,4
28097,7,5
28098,6,1
28099,6,1
28100,6,1
28101,4,0
28102,1,0
28103,7,5
28104,0,6
28105,4,0
28106,6,7
28107,1,3
28108,4,0
28109,2,4
28110,6,1
28111,1,3
28112,3,2
28113,2,9
28114,2,9
28115,0,6
28116,7,5
28117,2,7
28118,6,7
28119,1,3
28120,6,7
28121,0,4
28122,4,0
28123,1,3
28124,2,4
28125,4,0
28126,3,2
28127,0,6
28128,4,4
28129,2,9
28130,6,1
28131,4,0
28132,2,3
28133,6,1
28134,6,1
28135,2,2
28136,7,8
28137,1,3
28138,2,7
28139,2,4
28140,3,2
28141,7,5
28142,0,6
28143,0,6
28144,7,8
28145,2,7
28146,2,4
28147,6,8
28148,7,5
28149,7,9
28150,0,6
28151,4,0
28152,7,6
28153,6,1
28154,0,2
28155,3,2
28156,6,2
28157,1,3
28158,2,7
28159,4,4
28160,4,0
28161,7,5
28162,4,6
28163,0,6
28164,2,4
28165,5,0
28166,6,1
28167,6,1
28168,2,9
28169,3,2
28170,0,6
28171,7,3
28172,7,5
28173,2,4
28174,3,3
28175,7,5
28176,2,9
28177,0,6
28178,8,5
28179,6,7
28180,2,7
28181,4,8
28182,3,8
28183,2,9
28184,6,1
28185,3,2
28186,4,0
28187,6,1
28188,7,8
28189,3,2
28190,6,4
28191,6,1
28192,1,9
28193,3,3
28194,6,9
28195,2,9
28196,6,1
28197,2,9
28198,7,8
28199,7,3
28200,3,2
28201,2,7
28202,4,0
28203,4,0
28204,1,3
28205,6,7
28206,7,8
28207,1,7
28208,6,1
28209,7,5
28210,1,2
28211,2,7
28212,3,2
28213,2,9
28214,5,2
28215,2,9
28216,0,6
28217,2,4
28218,3,2
28219,2,7
28220,2,7
28221,4,0
28222,0,6
28223,6,1
28224,1,3
28225,2,4
28226,7,8
28227,4,4
28228,3,2
28229,1,7
28230,4,0
28231,8,5
28232,6,1
28233,7,8
28234,3,2
28235,6,1
28236,2,7
28237,2,4
28238,6,1
28239,7,9
28240,2,9
28241,6,8
28242,4,0
28243,2,4
28244,6,1
28245,6,1
28246,6,1
28247,6,8
28248,2,4
28249,0,6
28250,6,1
28251,0,6
28252,3,3
28253,4,4
28254,7,5
28255,0,6
28256,1,3
28257,4,0
28258,7,5
28259,8,5
28260,6,9
28261,8,5
28262,2,9
28263,1,3
28264,1,3
28265,1,3
28266,5,2
28267,7,5
28268,3,2
28269,3,2
28270,2,7
28271,7,5
28272,0,0
28273,2,7
28274,4,0
28275,3,2
28276,8,3
28277,7,5
28278,1,2
28279,7,9
28280,0,5
28281,0,6
28282,6,2
28283,2,9
28284,6,2
28285,3,2
28286,4,0
28287,0,6
28288,2,9
28289,3,2
28290,2,4
28291,6,1
28292,6,1
28293,3,2
28294,6,2
28295,4,0
28296,4,0
28297,7,8
28298,2,7
28299,3,3
28300,6,1
28301,3,8
28302,0,6
28303,1,3
28304,0,4
28305,0,0
28306,2,8
28307,7,8
28308,2,9
28309,2,7
28310,2,4
28311,2,4
28312,8,4
28313,4,9
28314,2,7
28315,7,5
28316,6,3
28317,4,0
28318,6,1
28319,2,9
28320,0,6
28321,6,7
28322,6,1
28323,4,0
28324,3,2
28325,4,0
28326,0,6
28327,2,4
28328,4,0
28329,2,9
28330,2,9
28331,6,1
28332,8,5
28333,0,6
28334,6,1
28335,1,2
28336,1,2
28337,2,7
28338,3,8
28339,0,6
28340,7,5
28341,7,8
28342,1,8
28343,1,3
28344,6,3
28345,8,5
28346,2,9
28347,3,2
28348,6,8
28349,6,1
28350,6,1
28351,3,8
28352,7,8
28353,0,6
28354,2,9
28355,6,1
28356,7,5
28357,6,0
28358,4,0
28359,1,3
28360,7,5
28361,6,1
28362,6,7
28363,6,4
28364,6,8
28365,4,0
28366,1,2
28367,6,1
28368,4,9
28369,1,2
28370,3,2
28371,1,3
28372,4,5
28373,2,4
28374,6,3
28375,7,5
28376,8,5
28377,0,6
28378,6,1
28379,2,7
28380,7,3
28381,1,8
28382,8,6
28383,2,9
28384,7,5
28385,4,0
28386,0,6
28387,6,1
28388,1,2
28389,1,2
28390,7,8
28391,1,3
28392,1,3
28393,2,4
28394,6,1
28395,7,5
28396,4,9
28397,0,6
28398,4,4
28399,2,7
28400,0,6
28401,7,8
28402,4,0
28403,4,0
28404,6,2
28405,6,1
28406,3,3
28407,1,2
28408,4,0
28409,1,3
28410,7,5
28411,6,1
28412,0,0
28413,7,5
28414,4,0
28415,0,6
28416,2,9
28417,2,7
28418,3,3
28419,7,8
28420,8,1
28421,2,7
28422,2,9
28423,0,0
28424,2,9
28425,0,6
28426,2,4
28427,4,0
28428,4,0
28429,2,7
28430,7,5
28431,1,3
28432,7,8
28433,7,8
28434,7,5
28435,0,6
28436,3,2
28437,2,7
28438,0,6
28439,6,1
28440,0,6
28441,1,3
28442,2,4
28443,2,7
28444,1,3
28445,2,9
28446,2,9
28447,2,7
28448,2,9
28449,4,4
28450,2,7
28451,4,0
28452,4,0
28453,1,2
28454,1,2
28455,7,5
28456,4,0
28457,4,0
28458,1,3
28459,0,6
28460,2,9
28461,2,4
28462,2,4
28463,2,9
28464,2,4
28465,7,5
28466,4,0
28467,0,6
28468,4,4
28469,7,5
28470,6,8
28471,1,2
28472,7,3
28473,2,9
28474,6,8
28475,7,8
28476,3,3
28477,7,5
28478,7,5
28479,6,1
28480,1,8
28481,2,9
28482,6,1
28483,7,8
28484,6,1
28485,1,3
28486,4,0
28487,2,4
28488,6,1
28489,4,0
28490,7,8
28491,7,5
28492,4,4
28493,2,4
28494,6,2
28495,7,8
28496,0,6
28497,0,6
28498,8,8
28499,1,3
28500,0,4
28501,2,4
28502,1,2
28503,7,8
28504,7,5
28505,4,0
28506,7,8
28507,0,6
28508,0,6
28509,2,4
28510,4,0
28511,7,8
28512,8,5
28513,6,1
28514,2,7
28515,1,3
28516,6,1
28517,4,4
28518,2,4
28519,1,0
28520,2,7
28521,6,1
28522,6,1
28523,2,9
28524,6,1
28525,5,2
28526,6,8
28527,1,3
28528,7,3
28529,2,7
28530,2,9
28531,6,1
28532,2,7
28533,1,2
28534,8,5
28535,2,7
28536,7,3
28537,1,2
28538,2,9
28539,2,8
28540,4,0
28541,2,7
28542,2,7
28543,0,0
28544,1,2
28545,6,1
28546,4,0
28547,2,9
28548,0,6
28549,0,6
28550,2,7
28551,2,4
28552,0,6
28553,2,9
28554,0,6
28555,1,2
28556,1,4
28557,6,1
28558,2,7
28559,1,2
28560,3,2
28561,1,3
28562,2,7
28563,2,7
28564,6,9
28565,4,0
28566,3,2
28567,1,2
28568,6,1
28569,6,1
28570,8,5
28571,1,3
28572,0,6
28573,2,4
28574,2,9
28575,2,7
28576,0,6
28577,5,2
28578,0,4
28579,7,5
28580,3,3
28581,7,8
28582,2,9
28583,6,1
28584,2,4
28585,0,6
28586,6,1
28587,7,8
28588,2,4
28589,7,5
28590,0,6
28591,0,6
28592,7,9
28593,4,0
28594,0,6
28595,7,8
28596,7,5
28597,2,9
28598,2,9
28599,8,4
28600,2,4
28601,2,9
28602,0,6
28603,1,2
28604,2,9
28605,0,6
28606,7,5
28607,4,0
28608,8,5
28609,6,1
28610,4,4
28611,3,2
28612,0,0
28613,3,3
28614,2,4
28615,0,4
28616,0,6
28617,6,5
28618,2,9
28619,0,6
28620,2,7
28621,2,7
28622,6,1
28623,6,8
28624,2,7
28625,2,9
28626,1,3
28627,4,0
28628,4,0
28629,6,1
28630,1,2
28631,0,2
28632,7,7
28633,3,3
28634,2,7
28635,0,4
28636,2,9
28637,6,5
28638,2,7
28639,0,6
28640,3,2
28641,2,7
28642,6,7
28643,6,8
28644,4,6
28645,2,9
28646,6,1
28647,4,0
28648,6,8
28649,6,1
28650,6,1
28651,3,2
28652,2,4
28653,5,3
28654,0,5
28655,2,4
28656,6,1
28657,6,5
28658,7,5
28659,0,6
28660,6,1
28661,2,7
28662,9,8
28663,6,8
28664,6,8
28665,2,9
28666,6,5
28667,4,0
28668,7,3
28669,0,4
28670,2,7
28671,4,0
28672,3,2
28673,6,1
28674,2,9
28675,2,7
28676,2,9
28677,2,9
28678,0,6
28679,6,5
28680,0,6
28681,6,1
28682,7,8
28683,2,4
28684,3,2
28685,0,2
28686,6,2
28687,6,8
28688,6,7
28689,2,9
28690,4,0
28691,2,4
28692,4,0
28693,3,3
28694,7,8
28695,6,1
28696,2,7
28697,2,7
28698,0,6
28699,7,8
28700,2,4
28701,3,2
28702,0,6
28703,0,4
28704,0,6
28705,2,4
28706,2,4
28707,1,3
28708,0,6
28709,3,3
28710,8,8
28711,0,6
28712,7,8
28713,2,9
28714,4,0
28715,2,9
28716,1,3
28717,5,5
28718,6,1
28719,6,8
28720,7,5
28721,0,6
28722,2,9
28723,2,7
28724,6,1
28725,4,0
28726,6,8
28727,0,6
28728,0,6
28729,6,8
28730,2,7
28731,3,2
28732,3,5
28733,0,6
28734,3,3
28735,3,3
28736,6,1
28737,2,9
28738,6,1
28739,6,8
28740,4,0
28741,0,6
28742,7,8
28743,6,1
28744,6,2
28745,2,7
28746,4,0
28747,0,4
28748,7,5
28749,6,8
28750,2,9
28751,6,8
28752,1,3
28753,2,9
28754,2,9
28755,4,0
28756,0,6
28757,3,3
28758,0,6
28759,3,3
28760,1,3
28761,2,9
28762,7,5
28763,4,0
28764,2,7
28765,2,9
28766,3,8
28767,2,4
28768,8,6
28769,6,1
28770,0,5
28771,4,0
28772,4,0
28773,3,3
28774,2,9
28775,2,7
28776,0,6
28777,6,5
28778,7,3
28779,6,8
28780,1,2
28781,2,7
28782,7,8
28783,2,7
28784,4,0
28785,6,8
28786,3,2
28787,0,2
28788,7,8
28789,2,9
28790,2,7
28791,2,7
28792,6,1
28793,6,1
28794,6,1
28795,0,2
28796,1,3
28797,0,6
28798,0,6
28799,2,4
28800,8,4
28801,0,2
28802,7,8
28803,3,3
28804,6,1
28805,0,6
28806,2,4
28807,0,6
28808,2,9
28809,4,0
28810,4,6
28811,3,2
28812,2,7
28813,6,8
28814,4,0
28815,6,1
28816,4,0
28817,0,6
28818,4,0
28819,6,1
28820,5,3
28821,4,0
28822,6,1
28823,0,4
28824,4,0
28825,3,3
28826,3,3
28827,6,1
28828,8,1
28829,0,6
28830,0,6
28831,6,1
28832,1,2
28833,2,9
28834,6,1
28835,4,0
28836,6,1
28837,6,1
28838,4,9
28839,6,2
28840,4,0
28841,3,3
28842,6,2
28843,2,4
28844,3,2
28845,5,5
28846,7,5
28847,0,6
28848,2,7
28849,2,7
28850,0,6
28851,7,8
28852,2,7
28853,2,9
28854,7,5
28855,0,0
28856,7,8
28857,6,1
28858,3,3
28859,6,2
28860,2,4
28861,3,3
28862,6,1
28863,0,4
28864,2,7
28865,7,5
28866,2,4
28867,0,6
28868,3,2
28869,2,7
28870,0,6
28871,7,8
28872,3,2
28873,2,9
28874,7,5
28875,4,0
28876,0,6
28877,6,1
28878,6,1
28879,3,2
28880,2,7
28881,1,3
28882,3,2
28883,0,6
28884,7,8
28885,6,7
28886,8,5
28887,3,8
28888,4,0
28889,2,9
28890,0,6
28891,6,8
28892,6,8
28893,6,1
28894,6,1
28895,3,0
28896,4,0
28897,2,7
28898,4,6
28899,7,5
28900,1,3
28901,6,1
28902,4,8
28903,7,8
28904,4,0
28905,0,6
28906,6,1
28907,0,4
28908,2,9
28909,6,1
28910,4,0
28911,2,9
28912,0,6
28913,1,3
28914,4,4
28915,3,8
28916,3,3
28917,0,4
28918,7,5
28919,0,4
28920,4,2
28921,2,7
28922,6,1
28923,4,0
28924,8,5
28925,6,1
28926,2,7
28927,2,9
28928,2,9
28929,3,2
28930,4,7
28931,7,8
28932,3,2
28933,2,7
28934,0,6
28935,7,8
28936,7,3
28937,3,2
28938,0,4
28939,7,5
28940,7,8
28941,2,9
28942,2,4
28943,0,6
28944,5,2
28945,0,0
28946,5,0
28947,0,6
28948,4,4
28949,7,5
28950,6,2
28951,7,5
28952,4,5
28953,7,3
28954,6,2
28955,7,3
28956,6,7
28957,7,3
28958,1,2
28959,7,8
28960,2,9
28961,6,1
28962,6,8
28963,0,4
28964,6,1
28965,4,0
28966,0,6
28967,0,6
28968,4,0
28969,6,1
28970,6,1
28971,0,0
28972,2,7
28973,4,0
28974,7,5
28975,0,6
28976,2,4
28977,3,2
28978,0,6
28979,6,1
28980,2,4
28981,6,1
28982,2,7
28983,1,3
28984,0,9
28985,3,2
28986,2,7
28987,7,8
28988,4,7
28989,7,8
28990,2,7
28991,2,7
28992,3,0
28993,3,0
28994,7,5
28995,3,3
28996,4,4
28997,0,6
28998,3,2
28999,7,8
29000,3,2
29001,2,9
29002,2,7
29003,2,9
29004,1,2
29005,6,2
29006,8,5
29007,0,4
29008,7,5
29009,2,9
29010,2,9
29011,0,4
29012,2,9
29013,3,3
29014,7,3
29015,0,6
29016,6,8
29017,3,2
29018,2,9
29019,3,2
29020,0,6
29021,7,5
29022,7,8
29023,7,3
29024,2,4
29025,5,2
29026,7,8
29027,7,5
29028,0,6
29029,3,5
29030,6,1
29031,2,9
29032,2,7
29033,6,1
29034,4,0
29035,0,6
29036,4,9
29037,7,5
29038,5,5
29039,4,0
29040,6,1
29041,6,1
29042,3,3
29043,6,2
29044,4,0
29045,3,3
29046,2,4
29047,0,4
29048,0,6
29049,7,5
29050,3,2
29051,2,7
29052,4,0
29053,6,8
29054,2,4
29055,0,0
29056,4,0
29057,6,1
29058,7,5
29059,3,2
29060,6,2
29061,9,3
29062,6,1
29063,2,4
29064,6,2
29065,7,5
29066,7,5
29067,0,0
29068,6,1
29069,6,1
29070,7,8
29071,6,2
29072,2,9
29073,3,3
29074,4,0
29075,2,4
29076,7,5
29077,7,5
29078,2,9
29079,0,6
29080,6,1
29081,3,2
29082,3,8
29083,6,1
29084,2,9
29085,6,2
29086,6,1
29087,6,1
29088,6,1
29089,3,3
29090,7,8
29091,2,9
29092,7,8
29093,2,9
29094,7,3
29095,6,8
29096,0,6
29097,7,3
29098,6,1
29099,2,7
29100,8,5
29101,4,0
29102,4,0
29103,2,7
29104,3,3
29105,6,7
29106,3,2
29107,6,5
29108,2,9
29109,6,7
29110,2,9
29111,2,9
29112,8,5
29113,2,9
29114,6,1
29115,2,4
29116,7,8
29117,2,7
29118,6,8
29119,4,0
29120,7,5
29121,3,3
29122,2,4
29123,2,4
29124,4,9
29125,6,1
29126,7,8
29127,2,7
29128,4,0
29129,7,5
29130,0,4
29131,2,8
29132,3,8
29133,6,1
29134,2,9
29135,2,4
29136,0,6
29137,2,9
29138,0,6
29139,7,8
29140,0,6
29141,0,4
29142,2,8
29143,6,1
29144,2,7
29145,6,8
29146,3,3
29147,0,6
29148,4,0
29149,0,6
29150,8,5
29151,0,0
29152,6,2
29153,7,3
29154,2,9
29155,7,5
29156,7,5
29157,7,5
29158,3,3
29159,2,7
29160,0,6
29161,2,9
29162,7,8
29163,0,6
29164,6,8
29165,2,9
29166,2,4
29167,0,2
29168,2,9
29169,0,6
29170,2,9
29171,3,2
29172,7,8
29173,6,1
29174,8,5
29175,3,2
29176,6,2
29177,3,0
29178,6,8
29179,6,8
29180,6,9
29181,3,3
29182,3,3
29183,7,8
29184,2,7
29185,3,3
29186,1,7
29187,4,0
29188,3,2
29189,3,8
29190,4,0
29191,2,7
29192,7,8
29193,2,4
29194,3,8
29195,2,9
29196,2,4
29197,0,5
29198,7,8
29199,4,0
29200,3,2
29201,6,9
29202,2,7
29203,3,0
29204,8,5
29205,4,0
29206,2,4
29207,0,4
29208,6,8
29209,0,6
29210,2,7
29211,4,0
29212,2,7
29213,2,9
29214,6,1
29215,6,1
29216,0,6
29217,0,6
29218,4,4
29219,3,2
29220,3,2
29221,0,6
29222,6,1
29223,6,8
29224,3,3
29225,3,3
29226,8,6
29227,6,1
29228,0,4
29229,6,8
29230,4,0
29231,3,3
29232,3,3
29233,6,1
29234,2,9
29235,4,0
29236,6,9
29237,3,3
29238,2,7
29239,6,1
29240,6,2
29241,2,4
29242,6,1
29243,4,0
29244,3,2
29245,6,1
29246,5,3
29247,3,2
29248,7,5
29249,1,3
29250,4,0
29251,2,4
29252,2,4
29253,7,5
29254,8,8
29255,0,6
29256,2,4
29257,2,7
29258,0,4
29259,1,8
29260,6,1
29261,7,9
29262,4,0
29263,4,0
29264,8,5
29265,6,1
29266,3,3
29267,3,2
29268,8,5
29269,1,3
29270,7,3
29271,2,4
29272,0,6
29273,7,5
29274,6,1
29275,0,6
29276,4,8
29277,2,7
29278,6,1
29279,1,8
29280,7,8
29281,2,9
29282,2,7
29283,3,0
29284,6,1
29285,6,1
29286,2,9
29287,6,2
29288,6,1
29289,1,3
29290,6,2
29291,2,4
29292,2,9
29293,3,5
29294,5,3
29295,0,6
29296,2,7
29297,2,7
29298,2,7
29299,1,8
29300,1,3
29301,7,9
29302,2,9
29303,1,8
29304,6,3
29305,2,9
29306,1,8
29307,7,5
29308,6,5
29309,2,7
29310,7,5
29311,1,0
29312,3,2
29313,1,3
29314,3,2
29315,6,1
29316,7,5
29317,0,6
29318,2,9
29319,7,8
29320,6,1
29321,0,4
29322,2,9
29323,6,1
29324,2,7
29325,2,7
29326,2,7
29327,0,6
29328,4,9
29329,7,5
29330,0,6
29331,0,6
29332,2,9
29333,2,7
29334,3,2
29335,1,8
29336,4,0
29337,6,1
29338,2,7
29339,0,4
29340,2,4
29341,1,0
29342,6,8
29343,7,5
29344,7,5
29345,1,0
29346,2,9
29347,6,1
29348,7,5
29349,2,9
29350,0,6
29351,3,2
29352,7,3
29353,1,3
29354,7,5
29355,1,2
29356,3,3
29357,1,3
29358,0,4
29359,7,5
29360,4,8
29361,3,5
29362,0,6
29363,2,7
29364,4,0
29365,7,8
29366,3,3
29367,2,4
29368,0,0
29369,4,9
29370,0,6
29371,2,9
29372,2,4
29373,2,7
29374,4,0
29375,6,1
29376,2,7
29377,6,1
29378,4,0
29379,2,9
29380,0,6
29381,1,8
29382,6,7
29383,3,3
29384,8,5
29385,2,4
29386,4,0
29387,6,8
29388,4,0
29389,0,6
29390,4,9
29391,1,3
29392,4,6
29393,1,8
29394,4,0
29395,4,0
29396,6,1
29397,2,9
29398,3,3
29399,0,6
29400,4,9
29401,3,2
29402,7,8
29403,6,1
29404,7,5
29405,4,0
29406,2,9
29407,6,1
29408,1,2
29409,4,0
29410,7,5
29411,0,6
29412,2,7
29413,1,2
29414,4,0
29415,1,3
29416,6,1
29417,1,8
29418,0,4
29419,2,9
29420,4,0
29421,4,0
29422,7,8
29423,2,7
29424,0,6
29425,3,2
29426,2,9
29427,1,3
29428,6,1
29429,2,4
29430,6,1
29431,6,8
29432,6,7
29433,7,5
29434,6,1
29435,2,4
29436,2,7
29437,0,6
29438,4,0
29439,0,6
29440,6,7
29441,0,6
29442,4,4
29443,2,7
29444,2,4
29445,2,9
29446,4,0
29447,6,1
29448,6,1
29449,3,2
29450,2,7
29451,6,1
29452,2,7
29453,6,2
29454,0,6
29455,0,6
29456,4,0
29457,7,5
29458,7,3
29459,1,3
29460,0,6
29461,2,4
29462,5,5
29463,2,7
29464,1,3
29465,2,9
29466,6,2
29467,2,4
29468,4,0
29469,4,0
29470,2,7
29471,4,0
29472,4,9
29473,7,5
29474,4,0
29475,2,9
29476,6,3
29477,4,0
29478,4,0
29479,6,1
29480,6,1
29481,1,2
29482,2,7
29483,7,3
29484,0,4
29485,2,4
29486,2,9
29487,7,5
29488,4,0
29489,3,6
29490,4,0
29491,2,7
29492,2,9
29493,7,8
29494,7,8
29495,2,9
29496,3,2
29497,4,0
29498,4,0
29499,6,1
29500,6,2
29501,6,2
29502,2,9
29503,2,4
29504,7,3
29505,7,5
29506,1,3
29507,0,6
29508,6,7
29509,2,7
29510,2,2
29511,3,8
29512,2,7
29513,2,9
29514,6,1
29515,4,0
29516,2,7
29517,6,1
29518,6,1
29519,3,2
29520,4,0
29521,3,3
29522,6,1
29523,2,4
29524,7,5
29525,7,5
29526,0,6
29527,0,6
29528,3,3
29529,2,7
29530,4,4
29531,4,8
29532,6,1
29533,2,9
29534,7,5
29535,6,8
29536,2,9
29537,0,6
29538,2,4
29539,7,5
29540,4,0
29541,4,0
29542,2,4
29543,0,6
29544,6,1
29545,7,8
29546,6,2
29547,2,9
29548,0,6
29549,2,4
29550,6,4
29551,6,1
29552,2,9
29553,2,9
29554,8,6
29555,7,5
29556,6,1
29557,3,3
29558,2,4
29559,4,0
29560,4,0
29561,2,4
29562,4,0
29563,7,8
29564,4,0
29565,2,9
29566,0,4
29567,6,1
29568,0,6
29569,7,5
29570,1,0
29571,7,5
29572,7,5
29573,3,2
29574,2,4
29575,6,1
29576,6,8
29577,2,4
29578,4,0
29579,4,0
29580,2,9
29581,2,7
29582,6,7
29583,0,6
29584,2,4
29585,4,0
29586,6,1
29587,6,1
29588,0,4
29589,4,8
29590,2,4
29591,4,9
29592,1,7
29593,4,4
29594,1,2
29595,2,7
29596,7,8
29597,0,6
29598,6,1
29599,4,0
29600,4,4
29601,7,8
29602,3,3
29603,6,1
29604,7,8
29605,2,7
29606,2,4
29607,2,7
29608,3,3
29609,6,1
29610,6,3
29611,3,2
29612,3,2
29613,3,3
29614,4,0
29615,6,1
29616,6,5
29617,2,4
29618,4,8
29619,3,2
29620,0,6
29621,4,0
29622,0,6
29623,0,0
29624,3,2
29625,2,7
29626,3,2
29627,6,8
29628,6,1
29629,6,8
29630,4,6
29631,2,4
29632,2,7
29633,2,7
29634,3,8
29635,3,2
29636,7,3
29637,7,5
29638,2,4
29639,0,6
29640,6,2
29641,3,3
29642,3,3
29643,0,6
29644,0,6
29645,6,4
29646,6,2
29647,0,6
29648,7,5
29649,7,5
29650,3,3
29651,6,1
29652,2,7
29653,3,3
29654,3,2
29655,2,9
29656,6,8
29657,3,2
29658,6,1
29659,3,5
29660,2,9
29661,2,7
29662,6,2
29663,2,9
29664,4,0
29665,6,8
29666,6,1
29667,3,2
29668,6,1
29669,6,1
29670,1,3
29671,3,3
29672,6,9
29673,6,1
29674,3,2
29675,3,3
29676,4,0
29677,4,0
29678,6,8
29679,6,1
29680,7,8
29681,6,2
29682,0,6
29683,2,4
29684,4,0
29685,7,5
29686,0,6
29687,0,6
29688,2,4
29689,2,7
29690,4,4
29691,6,8
29692,2,4
29693,2,9
29694,6,7
29695,4,0
29696,7,5
29697,6,1
29698,6,2
29699,6,2
29700,6,8
29701,6,3
29702,1,8
29703,2,4
29704,4,0
29705,6,5
29706,4,0
29707,0,6
29708,7,5
29709,2,7
29710,2,9
29711,6,8
29712,6,5
29713,7,0
29714,2,7
29715,6,1
29716,5,2
29717,6,2
29718,4,0
29719,6,3
29720,3,2
29721,6,4
29722,2,8
29723,6,5
29724,2,9
29725,0,6
29726,3,2
29727,2,7
29728,0,6
29729,6,8
29730,2,7
29731,6,9
29732,4,0
29733,2,7
29734,6,2
29735,3,2
29736,4,0
29737,2,9
29738,2,9
29739,2,4
29740,6,1
29741,6,2
29742,2,4
29743,2,9
29744,0,4
29745,6,8
29746,6,1
29747,6,4
29748,7,5
29749,6,5
29750,3,0
29751,6,8
29752,2,9
29753,6,8
29754,2,4
29755,0,0
29756,2,7
29757,7,3
29758,0,6
29759,6,5
29760,6,5
29761,8,4
29762,2,7
29763,6,3
29764,2,4
29765,6,3
29766,0,6
29767,6,4
29768,0,6
29769,0,6
29770,3,2
29771,7,5
29772,4,0
29773,6,1
29774,0,6
29775,2,7
29776,0,6
29777,6,8
29778,4,9
29779,0,4
29780,7,8
29781,7,5
29782,7,8
29783,2,7
29784,3,2
29785,6,3
29786,6,7
29787,6,5
29788,6,4
29789,6,2
29790,7,5
29791,6,3
29792,2,4
29793,0,6
29794,2,4
29795,0,6
29796,2,7
29797,2,7
29798,6,8
29799,6,7
29800,6,3
29801,2,7
29802,2,9
29803,8,6
29804,3,5
29805,4,0
29806,2,7
29807,6,1
29808,2,9
29809,4,0
29810,6,1
29811,6,1
29812,6,1
29813,0,6
29814,2,4
29815,8,5
29816,3,3
29817,8,5
29818,2,4
29819,6,2
29820,4,4
29821,2,9
29822,2,9
29823,6,3
29824,2,9
29825,6,1
29826,2,7
29827,6,4
29828,1,1
29829,6,8
29830,8,5
29831,6,8
29832,8,6
29833,2,7
29834,4,5
29835,0,6
29836,0,6
29837,5,2
29838,0,6
29839,5,2
29840,6,1
29841,2,9
29842,7,5
29843,0,6
29844,1,3
29845,6,5
29846,2,9
29847,2,9
29848,4,0
29849,6,1
29850,2,7
29851,6,2
29852,7,5
29853,3,2
29854,4,4
29855,6,7
29856,2,9
29857,2,9
29858,3,8
29859,6,7
29860,4,0
29861,2,9
29862,4,0
29863,6,8
29864,2,4
29865,2,9
29866,0,4
29867,2,7
29868,6,9
29869,4,0
29870,8,5
29871,7,5
29872,4,6
29873,4,0
29874,2,9
29875,6,3
29876,5,2
29877,6,8
29878,2,9
29879,2,4
29880,7,5
29881,8,6
29882,3,3
29883,6,1
29884,2,4
29885,2,4
29886,7,8
29887,4,0
29888,2,7
29889,6,3
29890,6,5
29891,8,6
29892,8,5
29893,6,2
29894,1,3
29895,1,0
29896,6,3
29897,6,1
29898,2,4
29899,3,3
29900,2,7
29901,6,1
29902,6,1
29903,7,0
29904,3,2
29905,6,9
29906,6,2
29907,3,0
29908,4,7
29909,6,1
29910,2,4
29911,3,2
29912,7,5
29913,3,3
29914,0,4
29915,7,5
29916,7,5
29917,0,6
29918,4,0
29919,2,7
29920,1,7
29921,6,8
29922,2,4
29923,2,9
29924,8,5
29925,7,0
29926,4,0
29927,6,1
29928,0,6
29929,2,4
29930,3,2
29931,6,7
29932,6,2
29933,6,8
29934,4,0
29935,2,9
29936,3,3
29937,0,0
29938,3,9
29939,6,1
29940,8,5
29941,6,4
29942,2,4
29943,6,7
29944,0,6
29945,6,8
29946,0,4
29947,2,9
29948,2,7
29949,6,1
29950,0,6
29951,6,7
29952,6,1
29953,2,9
29954,2,7
29955,6,5
29956,2,9
29957,6,1
29958,6,3
29959,2,9
29960,0,4
29961,6,1
29962,1,3
29963,2,7
29964,2,7
29965,6,8
29966,3,6
29967,0,2
29968,6,1
29969,3,3
29970,8,6
29971,0,6
29972,6,3
29973,2,9
29974,6,1
29975,2,9
29976,6,1
29977,7,5
29978,2,9
29979,7,8
29980,2,9
29981,0,6
29982,2,7
29983,2,7
29984,2,7
29985,3,0
29986,6,1
29987,0,6
29988,8,8
29989,6,8
29990,3,2
29991,3,3
29992,8,4
29993,4,9
29994,5,0
29995,6,8
29996,2,9
29997,0,6
29998,2,7
29999,6,1
30000,3,3
30001,2,7
30002,3,3
30003,2,9
30004,0,6
30005,6,4
30006,2,4
30007,6,1
30008,2,7
30009,4,0
30010,2,9
30011,3,3
30012,8,5
30013,7,8
30014,3,2
30015,2,7
30016,2,4
30017,2,7
30018,2,7
30019,7,8
30020,7,5
30021,2,7
30022,6,9
30023,0,6
30024,0,6
30025,0,6
30026,3,8
30027,3,2
30028,4,5
30029,6,8
30030,7,5
30031,6,1
30032,3,2
30033,0,6
30034,7,0
30035,6,1
30036,0,6
30037,7,0
30038,1,8
30039,2,4
30040,7,3
30041,3,3
30042,7,5
30043,6,1
30044,4,0
30045,0,6
30046,7,5
30047,6,1
30048,1,3
30049,7,9
30050,6,8
30051,4,0
30052,2,4
30053,6,1
30054,3,2
30055,3,2
30056,3,2
30057,3,3
30058,4,0
30059,2,4
30060,2,7
30061,6,5
30062,6,3
30063,0,6
30064,3,2
30065,2,7
30066,2,4
30067,7,8
30068,6,1
30069,6,9
30070,7,3
30071,3,0
30072,6,3
30073,6,1
30074,0,6
30075,3,2
30076,3,2
30077,3,3
30078,1,2
30079,2,4
30080,5,0
30081,6,5
30082,8,5
30083,0,6
30084,6,3
30085,6,9
30086,7,5
30087,0,0
30088,4,0
30089,6,1
30090,1,3
30091,3,2
30092,7,8
30093,3,3
30094,3,2
30095,6,9
30096,2,9
30097,1,0
30098,6,8
30099,2,9
30100,6,1
30101,0,0
30102,3,2
30103,2,9
30104,6,1
30105,3,3
30106,0,6
30107,3,2
30108,2,4
30109,6,7
30110,2,9
30111,6,8
30112,6,5
30113,2,4
30114,0,6
30115,0,6
30116,3,8
30117,6,1
30118,2,7
30119,4,0
30120,3,2
30121,6,4
30122,6,2
30123,6,0
30124,3,3
30125,6,5
30126,6,1
30127,0,0
30128,0,6
30129,6,1
30130,1,3
30131,3,3
30132,7,5
30133,3,2
30134,4,4
30135,2,9
30136,1,3
30137,6,1
30138,2,9
30139,0,6
30140,6,1
30141,0,0
30142,0,6
30143,6,1
30144,4,9
30145,6,1
30146,6,1
30147,6,8
30148,6,1
30149,0,0
30150,0,6
30151,6,4
30152,0,6
30153,6,7
30154,6,7
30155,6,7
30156,4,0
30157,0,6
30158,6,1
30159,6,3
30160,4,0
30161,0,6
30162,2,8
30163,4,0
30164,4,4
30165,6,7
30166,6,7
30167,6,4
30168,8,6
30169,6,4
30170,4,0
30171,6,1
30172,6,8
30173,6,8
30174,2,4
30175,3,3
30176,8,1
30177,6,7
30178,0,6
30179,6,1
30180,4,4
30181,6,9
30182,0,6
30183,1,3
30184,4,9
30185,6,8
30186,2,4
30187,4,0
30188,2,7
30189,6,1
30190,2,7
30191,3,2
30192,0,6
30193,3,3
30194,6,1
30195,4,4
30196,4,0
30197,7,5
30198,0,4
30199,0,6
30200,6,1
30201,2,7
30202,2,7
30203,4,8
30204,4,9
30205,4,9
30206,7,3
30207,4,0
30208,2,9
30209,6,1
30210,6,1
30211,3,2
30212,4,0
30213,3,3
30214,1,1
30215,2,4
30216,8,5
30217,7,5
30218,6,1
30219,4,8
30220,4,0
30221,4,9
30222,4,0
30223,4,0
30224,2,7
30225,6,1
30226,3,3
30227,3,2
30228,5,2
30229,3,3
30230,0,6
30231,2,4
30232,0,6
30233,7,5
30234,2,4
30235,4,8
30236,8,8
30237,2,9
30238,6,1
30239,7,8
30240,4,0
30241,1,3
30242,3,8
30243,2,4
30244,6,1
30245,2,7
30246,4,0
30247,7,8
30248,7,8
30249,0,6
30250,2,7
30251,3,3
30252,0,6
30253,2,4
30254,1,3
30255,4,0
30256,7,3
30257,2,9
30258,3,3
30259,2,7
30260,2,7
30261,6,1
30262,7,5
30263,2,9
30264,6,7
30265,3,3
30266,4,4
30267,7,8
30268,7,8
30269,2,4
30270,6,1
30271,2,7
30272,8,4
30273,3,3
30274,6,1
30275,4,0
30276,2,4
30277,2,9
30278,7,5
30279,0,6
30280,7,5
30281,6,1
30282,3,3
30283,4,4
30284,3,3
30285,7,5
30286,2,7
30287,2,4
30288,8,5
30289,0,6
30290,2,7
30291,3,2
30292,6,1
30293,4,0
30294,2,7
30295,0,6
30296,2,9
30297,3,2
30298,8,4
30299,6,1
30300,4,0
30301,6,1
30302,2,7
30303,6,1
30304,1,3
30305,6,1
30306,7,3
30307,2,7
30308,3,9
30309,3,2
30310,2,7
30311,2,4
30312,8,6
30313,2,7
30314,0,6
30315,7,5
30316,8,4
30317,3,2
30318,7,8
30319,2,9
30320,4,0
30321,2,4
30322,7,8
30323,7,5
30324,6,8
30325,7,8
30326,2,4
30327,2,4
30328,2,9
30329,1,2
30330,3,8
30331,4,0
30332,0,6
30333,7,5
30334,2,9
30335,6,1
30336,3,2
30337,6,1
30338,0,6
30339,2,7
30340,4,0
30341,3,6
30342,2,9
30343,0,6
30344,1,2
30345,0,6
30346,6,2
30347,3,8
30348,6,7
30349,3,2
30350,0,6
30351,4,5
30352,4,0
30353,3,2
30354,1,3
30355,3,2
30356,6,2
30357,2,7
30358,2,9
30359,2,7
30360,2,9
30361,2,4
30362,1,3
30363,4,0
30364,6,1
30365,3,2
30366,8,1
30367,2,4
30368,6,1
30369,3,2
30370,4,0
30371,7,5
30372,6,1
30373,4,0
30374,6,8
30375,3,3
30376,3,2
30377,3,3
30378,4,9
30379,3,3
30380,2,7
30381,6,1
30382,4,0
30383,3,8
30384,4,0
30385,2,9
30386,7,3
30387,0,6
30388,4,0
30389,6,1
30390,7,5
30391,4,0
30392,0,6
30393,7,5
30394,2,9
30395,2,9
30396,7,5
30397,8,8
30398,7,3
30399,7,5
30400,1,3
30401,7,8
30402,7,5
30403,7,5
30404,6,1
30405,7,5
30406,2,9
30407,1,8
30408,6,1
30409,4,0
30410,7,5
30411,1,3
30412,2,8
30413,4,0
30414,2,7
30415,4,8
30416,7,8
30417,7,3
30418,3,8
30419,2,9
30420,6,2
30421,0,6
30422,2,4
30423,3,3
30424,4,0
30425,3,0
30426,0,6
30427,6,1
30428,2,7
30429,3,2
30430,6,1
30431,1,3
30432,2,7
30433,2,7
30434,4,0
30435,7,8
30436,6,1
30437,2,9
30438,4,0
30439,0,0
30440,0,6
30441,6,1
30442,2,7
30443,1,2
30444,0,6
30445,1,3
30446,2,9
30447,0,4
30448,8,5
30449,2,7
30450,4,8
30451,7,8
30452,4,9
30453,2,9
30454,0,6
30455,3,0
30456,8,5
30457,6,1
30458,6,4
30459,3,2
30460,6,8
30461,7,3
30462,2,7
30463,0,4
30464,6,4
30465,6,7
30466,0,6
30467,7,8
30468,3,3
30469,2,9
30470,4,9
30471,6,1
30472,2,4
30473,3,0
30474,0,6
30475,6,1
30476,7,5
30477,1,2
30478,6,8
30479,2,7
30480,4,0
30481,2,7
30482,7,5
30483,7,3
30484,0,0
30485,5,2
30486,6,1
30487,7,2
30488,7,5
30489,1,3
30490,0,6
30491,2,9
30492,6,2
30493,6,1
30494,6,8
30495,6,7
30496,1,0
30497,2,9
30498,4,9
30499,7,5
30500,2,9
30501,6,7
30502,2,7
30503,6,2
30504,2,7
30505,2,9
30506,0,4
30507,0,6
30508,6,1
30509,6,1
30510,6,8
30511,7,3
30512,6,1
30513,6,7
30514,7,5
30515,3,3
30516,6,8
30517,2,9
30518,7,6
30519,7,8
30520,2,9
30521,6,8
30522,6,2
30523,7,8
30524,6,1
30525,3,8
30526,0,6
30527,6,8
30528,7,5
30529,2,4
30530,1,2
30531,6,7
30532,2,7
30533,5,2
30534,3,2
30535,6,1
30536,8,4
30537,2,9
30538,2,7
30539,7,8
30540,3,3
30541,6,7
30542,2,4
30543,1,8
30544,7,5
30545,7,8
30546,6,8
30547,4,0
30548,0,0
30549,6,7
30550,6,1
30551,2,9
30552,0,4
30553,6,5
30554,2,4
30555,4,0
30556,6,1
30557,0,6
30558,6,7
30559,7,8
30560,2,7
30561,1,2
30562,2,9
30563,0,6
30564,6,1
30565,1,0
30566,7,5
30567,6,1
30568,7,8
30569,3,2
30570,3,2
30571,3,3
30572,8,5
30573,0,4
30574,3,3
30575,7,5
30576,6,6
30577,0,6
30578,4,0
30579,2,7
30580,3,2
30581,6,8
30582,0,6
30583,2,9
30584,6,8
30585,4,0
30586,4,0
30587,6,1
30588,0,4
30589,3,2
30590,2,4
30591,3,3
30592,6,1
30593,0,4
30594,6,2
30595,7,5
30596,6,2
30597,0,6
30598,2,9
30599,2,7
30600,6,2
30601,6,8
30602,0,4
30603,2,9
30604,2,7
30605,0,0
30606,6,1
30607,6,1
30608,0,6
30609,0,2
30610,2,7
30611,3,3
30612,6,1
30613,0,4
30614,2,1
30615,7,5
30616,6,1
30617,0,6
30618,4,0
30619,2,7
30620,2,9
30621,6,8
30622,8,5
30623,2,9
30624,4,0
30625,4,0
30626,6,5
30627,2,9
30628,6,1
30629,2,9
30630,7,6
30631,6,8
30632,0,6
30633,2,9
30634,3,2
30635,6,8
30636,2,9
30637,0,4
30638,3,6
30639,6,1
30640,6,2
30641,2,7
30642,1,3
30643,2,7
30644,1,3
30645,3,3
30646,4,9
30647,0,5
30648,0,6
30649,6,1
30650,1,3
30651,0,0
30652,6,7
30653,3,0
30654,3,8
30655,3,2
30656,6,8
30657,2,7
30658,8,4
30659,2,7
30660,4,9
30661,6,8
30662,1,3
30663,3,2
30664,2,7
30665,0,0
30666,4,4
30667,6,1
30668,4,0
30669,3,2
30670,2,7
30671,0,6
30672,2,7
30673,3,3
30674,6,7
30675,3,3
30676,7,5
30677,2,7
30678,4,0
30679,3,3
30680,0,6
30681,3,3
30682,2,4
30683,2,4
30684,6,1
30685,0,6
30686,2,9
30687,0,6
30688,8,8
30689,0,6
30690,2,2
30691,2,4
30692,2,3
30693,2,9
30694,2,9
30695,6,1
30696,9,9
30697,7,5
30698,4,9
30699,0,0
30700,4,0
30701,2,9
30702,2,4
30703,6,8
30704,2,9
30705,3,2
30706,4,0
30707,4,0
30708,2,4
30709,4,0
30710,0,2
30711,6,1
30712,2,9
30713,2,7
30714,7,5
30715,0,6
30716,0,6
30717,3,3
30718,2,7
30719,3,2
30720,6,3
30721,6,1
30722,2,7
30723,2,7
30724,3,2
30725,0,4
30726,1,2
30727,0,6
30728,2,7
30729,3,3
30730,3,2
30731,6,1
30732,6,8
30733,3,3
30734,4,0
30735,2,9
30736,2,4
30737,6,1
30738,7,8
30739,2,7
30740,7,3
30741,0,6
30742,1,1
30743,6,8
30744,0,6
30745,2,4
30746,6,2
30747,3,3
30748,4,0
30749,6,1
30750,7,9
30751,0,0
30752,3,2
30753,2,9
30754,3,3
30755,0,6
30756,2,9
30757,6,1
30758,2,9
30759,2,7
30760,1,3
30761,6,5
30762,1,2
30763,0,4
30764,7,7
30765,0,4
30766,4,5
30767,2,7
30768,2,7
30769,3,2
30770,8,6
30771,6,8
30772,6,2
30773,6,4
30774,1,3
30775,6,8
30776,4,9
30777,6,8
30778,2,9
30779,6,4
30780,3,3
30781,6,8
30782,9,9
30783,2,9
30784,0,6
30785,6,8
30786,2,7
30787,4,0
30788,0,6
30789,6,1
30790,4,0
30791,3,2
30792,2,4
30793,7,3
30794,3,2
30795,0,4
30796,0,6
30797,7,5
30798,1,7
30799,0,6
30800,7,0
30801,2,7
30802,3,2
30803,6,8
30804,2,9
30805,2,9
30806,2,8
30807,4,0
30808,2,9
30809,6,1
30810,1,2
30811,3,2
30812,0,6
30813,3,3
30814,2,9
30815,0,4
30816,3,2
30817,7,5
30818,6,6
30819,0,6
30820,0,6
30821,2,7
30822,0,6
30823,6,8
30824,7,3
30825,2,9
30826,3,2
30827,4,0
30828,4,0
30829,6,1
30830,2,4
30831,3,2
30832,6,2
30833,7,3
30834,2,9
30835,0,4
30836,2,9
30837,7,5
30838,8,9
30839,0,6
30840,6,2
30841,2,7
30842,7,5
30843,6,8
30844,7,8
30845,2,9
30846,2,4
30847,6,1
30848,6,1
30849,4,0
30850,2,9
30851,0,4
30852,8,1
30853,4,5
30854,6,1
30855,0,6
30856,0,6
30857,0,6
30858,7,5
30859,3,3
30860,6,2
30861,6,4
30862,6,8
30863,2,4
30864,7,5
30865,3,2
30866,6,1
30867,6,8
30868,0,4
30869,6,1
30870,7,8
30871,4,0
30872,4,2
30873,0,6
30874,1,8
30875,0,4
30876,6,4
30877,2,9
30878,0,6
30879,2,7
30880,6,2
30881,3,2
30882,0,6
30883,1,3
30884,3,2
30885,1,3
30886,0,4
30887,2,9
30888,2,4
30889,3,2
30890,0,4
30891,4,0
30892,6,8
30893,2,9
30894,6,1
30895,1,3
30896,7,5
30897,1,3
30898,6,1
30899,2,9
30900,6,5
30901,6,1
30902,2,7
30903,4,5
30904,0,6
30905,3,2
30906,6,1
30907,3,3
30908,2,4
30909,6,1
30910,2,9
30911,0,6
30912,2,7
30913,2,7
30914,7,8
30915,1,3
30916,0,6
30917,2,7
30918,7,5
30919,6,8
30920,6,1
30921,2,4
30922,2,9
30923,4,0
30924,2,7
30925,3,2
30926,4,0
30927,6,4
30928,8,5
30929,4,0
30930,0,6
30931,3,2
30932,1,0
30933,2,4
30934,1,3
30935,2,7
30936,2,7
30937,6,8
30938,6,1
30939,1,0
30940,6,1
30941,2,7
30942,2,9
30943,4,0
30944,2,9
30945,0,6
30946,2,7
30947,2,9
30948,4,0
30949,1,3
30950,4,6
30951,8,2
30952,2,7
30953,2,4
30954,4,4
30955,4,0
30956,0,6
30957,7,5
30958,6,1
30959,2,7
30960,2,3
30961,4,5
30962,7,3
30963,6,1
30964,7,8
30965,4,0
30966,6,1
30967,6,8
30968,4,6
30969,6,1
30970,3,2
30971,0,6
30972,5,2
30973,2,7
30974,3,3
30975,3,2
30976,3,2
30977,2,9
30978,6,1
30979,2,7
30980,8,5
30981,2,9
30982,2,7
30983,8,5
30984,7,3
30985,6,8
30986,1,3
30987,2,9
30988,2,7
30989,0,6
30990,2,7
30991,0,5
30992,4,0
30993,6,2
30994,6,8
30995,0,6
30996,6,1
30997,3,2
30998,2,7
30999,6,8
31000,7,6
31001,6,1
31002,3,2
31003,2,7
31004,2,9
31005,3,5
31006,8,4
31007,7,5
31008,8,5
31009,2,7
31010,7,5
31011,1,3
31012,6,1
31013,0,5
31014,7,8
31015,4,0
31016,6,2
31017,6,1
31018,2,9
31019,6,1
31020,3,0
31021,3,3
31022,7,5
31023,6,8
31024,1,2
31025,0,4
31026,4,0
31027,2,9
31028,7,5
31029,2,4
31030,7,8
31031,0,5
31032,7,3
31033,6,1
31034,7,8
31035,6,8
31036,8,4
31037,0,6
31038,6,1
31039,6,8
31040,0,6
31041,2,9
31042,3,3
31043,4,0
31044,3,3
31045,6,1
31046,4,6
31047,3,2
31048,6,1
31049,5,3
31050,2,4
31051,2,4
31052,4,4
31053,8,5
31054,0,6
31055,2,7
31056,1,2
31057,2,9
31058,6,1
31059,4,0
31060,6,8
31061,6,1
31062,2,7
31063,3,2
31064,2,7
31065,7,3
31066,2,7
31067,2,4
31068,6,2
31069,6,5
31070,3,2
31071,0,6
31072,4,9
31073,2,7
31074,2,9
31075,7,8
31076,2,7
31077,2,9
31078,7,5
31079,4,0
31080,6,8
31081,6,1
31082,4,0
31083,2,4
31084,6,1
31085,2,7
31086,7,5
31087,7,8
31088,2,9
31089,2,9
31090,0,4
31091,7,8
31092,3,2
31093,6,1
31094,9,9
31095,4,0
31096,3,2
31097,2,9
31098,1,3
31099,6,5
31100,6,7
31101,2,7
31102,8,4
31103,7,8
31104,0,6
31105,0,6
31106,2,4
31107,2,9
31108,3,3
31109,4,0
31110,0,6
31111,6,4
31112,0,0
31113,6,1
31114,4,4
31115,2,9
31116,4,0
31117,3,3
31118,0,6
31119,7,8
31120,2,9
31121,2,4
31122,6,1
31123,6,4
31124,3,8
31125,2,7
31126,8,4
31127,4,0
31128,2,9
31129,6,1
31130,2,9
31131,2,9
31132,2,9
31133,3,2
31134,3,1
31135,4,8
31136,3,3
31137,2,7
31138,4,0
31139,7,8
31140,1,3
31141,2,9
31142,2,9
31143,0,6
31144,6,1
31145,4,0
31146,3,2
31147,0,6
31148,3,2
31149,7,5
31150,1,2
31151,6,5
31152,0,6
31153,7,3
31154,4,0
31155,3,3
31156,2,7
31157,5,3
31158,8,5
31159,2,4
31160,2,7
31161,2,9
31162,2,8
31163,2,4
31164,2,4
31165,4,0
31166,6,1
31167,0,6
31168,1,8
31169,6,1
31170,2,9
31171,4,0
31172,4,0
31173,4,0
31174,6,1
31175,0,6
31176,2,7
31177,3,2
31178,1,3
31179,6,1
31180,4,0
31181,6,1
31182,4,8
31183,3,3
31184,0,9
31185,0,2
31186,7,5
31187,2,7
31188,3,2
31189,2,7
31190,7,5
31191,7,8
31192,2,7
31193,0,6
31194,4,0
31195,4,0
31196,6,7
31197,0,2
31198,6,1
31199,4,0
31200,4,9
31201,3,3
31202,4,0
31203,0,6
31204,0,6
31205,7,8
31206,7,8
31207,2,7
31208,0,6
31209,6,1
31210,2,7
31211,6,5
31212,0,6
31213,2,9
31214,7,5
31215,2,9
31216,3,2
31217,3,3
31218,2,9
31219,2,7
31220,0,6
31221,3,2
31222,7,5
31223,2,4
31224,0,4
31225,7,9
31226,2,9
31227,2,4
31228,0,6
31229,3,3
31230,7,5
31231,0,6
31232,0,6
31233,3,2
31234,4,0
31235,2,4
31236,7,8
31237,6,1
31238,1,1
31239,6,7
31240,3,2
31241,3,2
31242,8,5
31243,0,0
31244,2,9
31245,6,1
31246,4,4
31247,3,2
31248,6,8
31249,7,3
31250,1,1
31251,2,4
31252,6,5
31253,6,5
31254,7,3
31255,0,6
31256,2,9
31257,2,7
31258,6,2
31259,6,8
31260,7,8
31261,2,9
31262,7,9
31263,3,0
31264,1,1
31265,6,1
31266,7,5
31267,3,2
31268,0,6
31269,3,3
31270,0,6
31271,2,7
31272,4,0
31273,6,8
31274,6,3
31275,2,9
31276,1,2
31277,4,0
31278,6,1
31279,6,1
31280,6,1
31281,3,2
31282,6,1
31283,6,3
31284,2,7
31285,0,4
31286,6,1
31287,6,5
31288,4,0
31289,0,6
31290,7,5
31291,2,7
31292,1,8
31293,7,8
31294,0,6
31295,2,9
31296,6,1
31297,3,0
31298,6,8
31299,2,9
31300,2,7
31301,6,5
31302,7,5
31303,0,6
31304,6,2
31305,6,4
31306,7,8
31307,6,1
31308,7,8
31309,2,9
31310,1,0
31311,3,3
31312,4,9
31313,6,8
31314,4,0
31315,0,4
31316,7,5
31317,0,4
31318,6,1
31319,2,7
31320,2,9
31321,0,0
31322,2,4
31323,6,1
31324,2,4
31325,2,9
31326,2,9
31327,0,2
31328,7,5
31329,6,8
31330,6,7
31331,2,7
31332,6,1
31333,6,8
31334,6,8
31335,6,5
31336,2,9
31337,2,9
31338,5,2
31339,0,6
31340,2,4
31341,0,0
31342,0,6
31343,0,6
31344,7,5
31345,6,3
31346,7,5
31347,5,3
31348,6,1
31349,5,3
31350,4,0
31351,2,9
31352,7,5
31353,2,9
31354,6,2
31355,6,8
31356,4,0
31357,6,1
31358,2,9
31359,6,4
31360,1,2
31361,0,0
31362,2,7
31363,0,6
31364,2,9
31365,6,1
31366,6,1
31367,0,0
31368,0,6
31369,4,0
31370,2,1
31371,0,6
31372,6,2
31373,6,2
31374,2,7
31375,6,1
31376,2,9
31377,6,1
31378,2,4
31379,3,3
31380,7,8
31381,6,2
31382,2,7
31383,2,7
31384,6,1
31385,2,7
31386,6,1
31387,2,7
31388,3,2
31389,3,0
31390,6,8
31391,2,7
31392,4,0
31393,0,0
31394,2,9
31395,3,3
31396,1,7
31397,0,6
31398,2,7
31399,6,8
31400,4,9
31401,0,2
31402,7,5
31403,2,4
31404,1,3
31405,2,9
31406,6,1
31407,2,4
31408,2,7
31409,3,3
31410,4,0
31411,0,6
31412,2,4
31413,6,5
31414,7,8
31415,6,5
31416,2,4
31417,2,9
31418,8,5
31419,6,4
31420,6,1
31421,6,1
31422,3,2
31423,2,7
31424,7,5
31425,4,0
31426,6,9
31427,6,1
31428,7,3
31429,6,2
31430,4,0
31431,3,3
31432,6,1
31433,2,4
31434,7,5
31435,7,5
31436,2,4
31437,0,6
31438,4,4
31439,6,7
31440,7,8
31441,6,8
31442,7,5
31443,6,9
31444,4,8
31445,4,0
31446,3,3
31447,6,1
31448,2,4
31449,3,2
31450,6,3
31451,3,3
31452,7,3
31453,2,4
31454,1,2
31455,8,5
31456,4,9
31457,0,6
31458,2,4
31459,2,7
31460,2,7
31461,6,8
31462,3,2
31463,4,0
31464,0,6
31465,6,1
31466,4,0
31467,5,2
31468,6,8
31469,3,3
31470,4,0
31471,2,4
31472,8,5
31473,7,5
31474,1,8
31475,0,6
31476,4,0
31477,2,7
31478,6,1
31479,6,8
31480,2,9
31481,8,6
31482,1,3
31483,6,2
31484,0,4
31485,4,7
31486,3,8
31487,6,1
31488,7,3
31489,7,5
31490,4,0
31491,0,6
31492,6,2
31493,6,2
31494,6,1
31495,7,5
31496,7,5
31497,4,0
31498,6,1
31499,7,5
31500,0,6
31501,2,4
31502,4,0
31503,6,2
31504,3,3
31505,4,0
31506,0,2
31507,4,8
31508,3,2
31509,4,0
31510,2,7
31511,6,1
31512,6,2
31513,6,2
31514,4,4
31515,3,3
31516,0,6
31517,2,4
31518,4,0
31519,7,5
31520,7,5
31521,0,6
31522,2,4
31523,2,7
31524,2,9
31525,6,8
31526,6,1
31527,2,7
31528,6,8
31529,6,1
31530,7,8
31531,2,7
31532,2,9
31533,2,7
31534,6,1
31535,4,0
31536,2,4
31537,6,1
31538,3,3
31539,2,4
31540,6,8
31541,4,4
31542,6,7
31543,2,4
31544,3,3
31545,0,5
31546,6,2
31547,2,7
31548,3,3
31549,4,4
31550,6,7
31551,2,9
31552,2,4
31553,6,7
31554,7,5
31555,6,2
31556,6,1
31557,0,6
31558,2,7
31559,3,3
31560,2,7
31561,2,9
31562,1,3
31563,2,4
31564,7,3
31565,2,9
31566,2,9
31567,4,0
31568,0,6
31569,6,8
31570,6,1
31571,2,7
31572,0,6
31573,2,9
31574,4,4
31575,4,0
31576,2,7
31577,0,6
31578,6,1
31579,3,3
31580,4,4
31581,4,0
31582,3,3
31583,2,4
31584,7,5
31585,0,6
31586,0,6
31587,3,3
31588,8,6
31589,2,7
31590,7,5
31591,6,8
31592,6,1
31593,2,9
31594,2,7
31595,3,3
31596,1,3
31597,6,1
31598,4,4
31599,6,8
31600,1,8
31601,2,4
31602,1,3
31603,6,2
31604,4,0
31605,2,9
31606,0,6
31607,3,8
31608,1,2
31609,5,2
31610,3,3
31611,6,8
31612,8,6
31613,0,6
31614,2,7
31615,7,5
31616,3,2
31617,6,2
31618,8,5
31619,0,6
31620,0,6
31621,2,9
31622,7,8
31623,0,6
31624,9,9
31625,4,0
31626,4,6
31627,3,3
31628,4,0
31629,0,6
31630,8,8
31631,3,3
31632,8,4
31633,6,1
31634,3,2
31635,6,2
31636,3,3
31637,7,5
31638,5,2
31639,4,0
31640,6,1
31641,3,3
31642,6,1
31643,6,7
31644,7,5
31645,0,6
31646,0,6
31647,6,1
31648,2,7
31649,6,5
31650,7,5
31651,7,5
31652,2,9
31653,2,9
31654,0,6
31655,6,8
31656,3,8
31657,4,0
31658,3,2
31659,2,9
31660,4,4
31661,4,0
31662,3,2
31663,6,1
31664,2,3
31665,1,2
31666,3,2
31667,7,3
31668,0,4
31669,2,4
31670,0,6
31671,2,7
31672,6,6
31673,1,8
31674,2,7
31675,2,9
31676,2,9
31677,4,0
31678,2,7
31679,6,1
31680,3,3
31681,3,2
31682,8,5
31683,4,0
31684,6,7
31685,6,1
31686,0,6
31687,7,5
31688,4,2
31689,6,1
31690,2,7
31691,3,3
31692,4,4
31693,2,9
31694,8,5
31695,4,0
31696,3,2
31697,2,9
31698,2,7
31699,2,7
31700,2,9
31701,6,1
31702,8,5
31703,7,3
31704,7,8
31705,0,6
31706,3,8
31707,2,9
31708,0,6
31709,3,2
31710,0,8
31711,0,4
31712,1,7
31713,2,7
31714,4,6
31715,2,7
31716,4,0
31717,2,4
31718,6,1
31719,3,3
31720,3,3
31721,6,8
31722,1,3
31723,7,3
31724,1,3
31725,2,7
31726,7,8
31727,2,1
31728,2,4
31729,6,1
31730,2,7
31731,2,7
31732,3,8
31733,2,9
31734,7,5
31735,3,3
31736,0,6
31737,2,9
31738,7,8
31739,6,1
31740,1,2
31741,0,6
31742,4,7
31743,0,4
31744,4,9
31745,7,3
31746,7,5
31747,2,9
31748,6,3
31749,6,8
31750,2,4
31751,6,1
31752,0,6
31753,4,0
31754,0,6
31755,6,1
31756,4,5
31757,1,2
31758,7,8
31759,1,3
31760,5,8
31761,2,4
31762,6,1
31763,7,5
31764,6,1
31765,7,8
31766,6,1
31767,2,9
31768,8,5
31769,4,0
31770,1,8
31771,6,1
31772,7,5
31773,6,2
31774,4,4
31775,1,3
31776,4,4
31777,0,4
31778,3,0
31779,7,5
31780,6,1
31781,3,8
31782,7,5
31783,2,9
31784,6,1
31785,4,0
31786,4,9
31787,6,1
31788,7,3
31789,3,2
31790,4,4
31791,1,3
31792,6,7
31793,2,4
31794,1,2
31795,7,5
31796,2,7
31797,0,6
31798,2,9
31799,2,7
31800,8,8
31801,3,8
31802,6,2
31803,2,9
31804,2,7
31805,3,3
31806,0,6
31807,6,2
31808,4,0
31809,2,9
31810,4,8
31811,3,3
31812,6,7
31813,5,2
31814,4,4
31815,6,1
31816,6,8
31817,2,4
31818,2,9
31819,8,5
31820,7,5
31821,8,5
31822,2,9
31823,6,2
31824,2,7
31825,1,3
31826,2,7
31827,5,2
31828,2,9
31829,6,1
31830,4,0
31831,3,3
31832,7,8
31833,2,9
31834,2,9
31835,2,7
31836,4,0
31837,3,2
31838,4,5
31839,6,1
31840,2,9
31841,2,9
31842,2,9
31843,6,1
31844,2,7
31845,2,8
31846,6,1
31847,7,8
31848,6,1
31849,2,7
31850,1,7
31851,8,8
31852,6,2
31853,6,1
31854,2,9
31855,4,0
31856,6,6
31857,4,0
31858,0,4
31859,0,6
31860,2,4
31861,2,7
31862,6,1
31863,7,5
31864,6,1
31865,4,0
31866,2,9
31867,0,6
31868,3,3
31869,6,1
31870,6,1
31871,6,1
31872,2,4
31873,3,2
31874,3,2
31875,8,5
31876,2,9
31877,4,0
31878,2,9
31879,2,7
31880,6,8
31881,8,8
31882,2,7
31883,2,4
31884,6,2
31885,2,4
31886,7,5
31887,6,1
31888,2,9
31889,7,8
31890,6,2
31891,7,5
31892,0,6
31893,2,9
31894,6,1
31895,4,0
31896,2,9
31897,1,3
31898,8,6
31899,2,7
31900,7,5
31901,6,1
31902,2,7
31903,0,6
31904,4,0
31905,3,2
31906,3,8
31907,0,6
31908,6,1
31909,0,6
31910,2,7
31911,6,1
31912,2,7
31913,3,3
31914,6,7
31915,8,8
31916,6,1
31917,8,9
31918,2,9
31919,8,9
31920,6,1
31921,7,5
31922,2,9
31923,2,9
31924,4,6
31925,3,3
31926,7,5
31927,2,7
31928,3,2
31929,7,5
31930,1,1
31931,0,6
31932,6,1
31933,6,2
31934,2,9
31935,6,2
31936,1,3
31937,4,0
31938,3,8
31939,8,9
31940,0,4
31941,0,4
31942,4,9
31943,3,0
31944,8,5
31945,6,1
31946,7,5
31947,3,2
31948,0,6
31949,7,3
31950,6,1
31951,0,4
31952,6,3
31953,7,5
31954,8,6
31955,0,6
31956,3,2
31957,2,7
31958,6,2
31959,7,8
31960,3,3
31961,2,9
31962,1,3
31963,6,1
31964,2,7
31965,0,4
31966,6,1
31967,2,7
31968,7,8
31969,4,0
31970,3,2
31971,6,1
31972,4,8
31973,3,2
31974,4,6
31975,7,3
31976,7,5
31977,0,4
31978,6,2
31979,7,5
31980,6,1
31981,0,6
31982,7,5
31983,2,7
31984,4,4
31985,6,8
31986,2,9
31987,2,9
31988,1,3
31989,3,3
31990,6,1
31991,2,7
31992,4,7
31993,6,1
31994,2,4
31995,4,0
31996,2,7
31997,2,7
31998,0,6
31999,7,5
32000,6,8
32001,7,5
32002,8,6
32003,0,6
32004,2,7
32005,6,1
32006,0,6
32007,4,0
32008,3,2
32009,4,0
32010,0,2
32011,3,8
32012,4,8
32013,1,3
32014,2,4
32015,0,4
32016,2,9
32017,7,3
32018,6,8
32019,6,1
32020,2,4
32021,2,9
32022,3,2
32023,8,5
32024,6,2
32025,1,3
32026,3,5
32027,2,4
32028,2,7
32029,2,9
32030,7,8
32031,1,3
32032,0,4
32033,2,9
32034,6,1
32035,1,2
32036,4,0
32037,0,4
32038,6,1
32039,7,5
32040,8,5
32041,6,1
32042,1,3
32043,0,6
32044,3,3
32045,0,4
32046,1,8
32047,4,9
32048,6,7
32049,0,4
32050,0,6
32051,2,9
32052,7,5
32053,0,4
32054,6,1
32055,6,1
32056,4,4
32057,3,2
32058,0,6
32059,6,5
32060,7,5
32061,6,8
32062,4,0
32063,6,1
32064,2,9
32065,1,2
32066,2,9
32067,2,9
32068,2,9
32069,0,4
32070,1,1
32071,7,3
32072,8,8
32073,6,8
32074,7,5
32075,3,2
32076,6,8
32077,3,2
32078,6,8
32079,6,1
32080,7,5
32081,3,2
32082,3,6
32083,6,1
32084,2,4
32085,6,1
32086,4,0
32087,3,3
32088,2,4
32089,2,9
32090,7,5
32091,1,3
32092,4,0
32093,6,8
32094,2,4
32095,2,7
32096,6,1
32097,0,0
32098,4,0
32099,2,7
32100,2,9
32101,0,4
32102,6,8
32103,6,8
32104,6,7
32105,6,8
32106,5,3
32107,7,5
32108,4,4
32109,4,0
32110,7,8
32111,0,6
32112,2,4
32113,0,6
32114,3,3
32115,3,3
32116,6,8
32117,2,7
32118,0,6
32119,0,6
32120,2,7
32121,2,9
32122,2,7
32123,2,9
32124,2,4
32125,6,4
32126,4,4
32127,6,8
32128,2,9
32129,6,1
32130,4,0
32131,0,0
32132,6,5
32133,6,1
32134,8,5
32135,3,2
32136,7,5
32137,1,3
32138,6,1
32139,0,4
32140,0,6
32141,6,5
32142,1,2
32143,0,6
32144,4,0
32145,2,7
32146,3,2
32147,6,8
32148,6,2
32149,2,9
32150,6,7
32151,4,0
32152,6,9
32153,6,1
32154,8,5
32155,6,2
32156,7,5
32157,1,3
32158,6,1
32159,2,7
32160,4,0
32161,6,8
32162,4,0
32163,6,9
32164,4,4
32165,0,0
32166,6,8
32167,6,1
32168,7,5
32169,5,2
32170,3,2
32171,7,3
32172,2,4
32173,6,7
32174,2,7
32175,6,8
32176,1,3
32177,2,9
32178,2,4
32179,6,1
32180,0,6
32181,6,8
32182,4,4
32183,0,6
32184,4,0
32185,2,7
32186,2,4
32187,6,1
32188,2,4
32189,6,1
32190,2,7
32191,0,4
32192,7,3
32193,3,3
32194,3,3
32195,2,7
32196,2,9
32197,2,7
32198,7,5
32199,6,8
32200,7,5
32201,2,9
32202,6,2
32203,3,3
32204,6,1
32205,0,6
32206,7,8
32207,4,0
32208,2,7
32209,7,3
32210,4,0
32211,0,6
32212,5,2
32213,0,4
32214,7,5
32215,6,7
32216,3,2
32217,6,5
32218,4,8
32219,0,6
32220,6,7
32221,1,0
32222,0,6
32223,3,3
32224,6,1
32225,6,8
32226,8,8
32227,3,3
32228,0,6
32229,6,1
32230,0,6
32231,6,1
32232,4,4
32233,6,5
32234,7,3
32235,6,9
32236,6,7
32237,4,0
32238,4,4
32239,6,9
32240,0,6
32241,0,6
32242,0,6
32243,3,2
32244,6,8
32245,6,1
32246,6,1
32247,6,7
32248,6,5
32249,2,9
32250,3,2
32251,2,9
32252,2,7
32253,6,8
32254,7,5
32255,0,6
32256,2,9
32257,0,6
32258,7,5
32259,6,8
32260,2,9
32261,6,8
32262,0,4
32263,3,2
32264,3,2
32265,0,6
32266,6,7
32267,7,3
32268,4,0
32269,5,2
32270,8,8
32271,2,9
32272,2,4
32273,3,0
32274,4,0
32275,3,3
32276,3,3
32277,6,5
32278,2,4
32279,6,8
32280,5,2
32281,3,3
32282,2,7
32283,0,5
32284,1,3
32285,6,8
32286,0,4
32287,7,5
32288,1,2
32289,6,7
32290,7,5
32291,2,7
32292,1,2
32293,4,0
32294,2,7
32295,6,1
32296,6,1
32297,1,2
32298,4,0
32299,1,3
32300,7,8
32301,4,4
32302,0,6
32303,7,5
32304,2,9
32305,0,6
32306,6,1
32307,2,7
32308,2,4
32309,6,8
32310,2,4
32311,2,9
32312,0,6
32313,4,0
32314,6,3
32315,6,1
32316,2,9
32317,1,2
32318,6,2
32319,1,3
32320,0,6
32321,0,4
32322,8,5
32323,6,5
32324,7,5
32325,0,6
32326,6,1
32327,6,7
32328,2,4
32329,6,8
32330,3,3
32331,2,9
32332,6,1
32333,1,0
32334,6,1
32335,6,1
32336,4,0
32337,1,2
32338,6,1
32339,1,3
32340,8,4
32341,0,4
32342,2,9
32343,6,5
32344,3,5
32345,8,6
32346,2,7
32347,6,7
32348,7,5
32349,6,8
32350,2,9
32351,6,9
32352,2,8
32353,6,1
32354,7,5
32355,3,8
32356,2,9
32357,0,6
32358,6,1
32359,6,7
32360,2,9
32361,1,2
32362,7,5
32363,2,7
32364,4,7
32365,6,1
32366,2,9
32367,6,1
32368,2,9
32369,0,4
32370,0,6
32371,1,3
32372,5,5
32373,2,7
32374,2,9
32375,6,8
32376,3,3
32377,2,9
32378,6,1
32379,1,3
32380,2,9
32381,0,6
32382,6,2
32383,0,0
32384,0,4
32385,1,3
32386,7,5
32387,0,4
32388,4,0
32389,6,8
32390,7,8
32391,2,4
32392,6,1
32393,6,5
32394,8,5
32395,2,7
32396,4,9
32397,6,5
32398,3,3
32399,0,0
32400,7,8
32401,1,3
32402,0,6
32403,2,9
32404,6,8
32405,1,2
32406,6,1
32407,6,8
32408,6,2
32409,1,3
32410,2,9
32411,6,1
32412,6,4
32413,6,1
32414,3,3
32415,6,5
32416,2,7
32417,7,9
32418,3,2
32419,0,4
32420,1,3
32421,5,3
32422,5,3
32423,1,0
32424,6,2
32425,0,4
32426,7,8
32427,0,0
32428,2,7
32429,2,9
32430,6,2
32431,0,6
32432,2,7
32433,2,9
32434,1,3
32435,3,2
32436,0,6
32437,3,2
32438,1,2
32439,6,1
32440,6,1
32441,2,7
32442,2,4
32443,2,9
32444,7,3
32445,6,5
32446,6,1
32447,6,1
32448,2,4
32449,6,1
32450,6,2
32451,2,9
32452,7,8
32453,0,8
32454,4,0
32455,0,6
32456,6,8
32457,2,9
32458,2,4
32459,3,0
32460,2,7
32461,1,0
32462,6,1
32463,0,0
32464,0,6
32465,6,1
32466,2,4
32467,6,8
32468,7,8
32469,0,4
32470,2,7
32471,6,8
32472,6,1
32473,6,8
32474,6,1
32475,1,2
32476,6,3
32477,0,6
32478,6,8
32479,1,3
32480,7,8
32481,0,2
32482,6,1
32483,2,9
32484,6,3
32485,5,2
32486,6,1
32487,0,4
32488,7,5
32489,0,0
32490,7,3
32491,2,9
32492,5,5
32493,0,0
32494,4,0
32495,1,3
32496,6,1
32497,6,7
32498,2,4
32499,0,4
32500,0,6
32501,6,5
32502,6,8
32503,6,8
32504,2,9
32505,1,3
32506,7,5
32507,6,5
32508,3,2
32509,6,8
32510,0,2
32511,6,5
32512,4,4
32513,0,4
32514,4,0
32515,2,7
32516,3,8
32517,0,6
32518,2,4
32519,6,5
32520,4,0
32521,5,2
32522,0,6
32523,3,2
32524,2,4
32525,3,2
32526,4,0
32527,2,7
32528,6,1
32529,6,7
32530,6,1
32531,0,0
32532,2,9
32533,6,5
32534,6,1
32535,6,1
32536,6,1
32537,6,5
32538,2,7
32539,1,3
32540,6,1
32541,4,0
32542,6,7
32543,6,1
32544,7,8
32545,3,2
32546,0,6
32547,7,5
32548,7,5
32549,0,6
32550,4,0
32551,2,7
32552,2,9
32553,3,8
32554,6,1
32555,4,9
32556,2,4
32557,4,0
32558,2,4
32559,6,1
32560,2,4
32561,3,2
32562,6,1
32563,3,3
32564,4,0
32565,2,4
32566,7,5
32567,7,5
32568,5,0
32569,0,6
32570,8,5
32571,6,7
32572,0,6
32573,4,8
32574,4,0
32575,4,0
32576,0,6
32577,6,1
32578,4,4
32579,3,2
32580,2,7
32581,3,3
32582,7,5
32583,0,4
32584,6,7
32585,7,5
32586,1,3
32587,0,6
32588,7,3
32589,2,7
32590,3,2
32591,3,8
32592,0,6
32593,2,9
32594,2,9
32595,3,2
32596,3,8
32597,6,1
32598,7,5
32599,2,7
32600,7,5
32601,3,2
32602,6,4
32603,7,5
32604,1,7
32605,4,0
32606,6,2
32607,4,8
32608,2,7
32609,4,0
32610,7,3
32611,5,2
32612,6,1
32613,2,7
32614,8,5
32615,3,8
32616,6,5
32617,6,8
32618,2,9
32619,3,3
32620,2,7
32621,4,0
32622,7,8
32623,0,6
32624,0,6
32625,4,0
32626,2,7
32627,3,2
32628,0,4
32629,2,7
32630,6,2
32631,0,6
32632,6,1
32633,0,6
32634,3,2
32635,6,1
32636,4,8
32637,3,2
32638,7,8
32639,7,8
32640,5,2
32641,7,8
32642,6,3
32643,2,7
32644,1,3
32645,2,7
32646,4,5
32647,0,4
32648,2,9
32649,2,7
32650,3,2
32651,2,7
32652,3,3
32653,3,3
32654,6,2
32655,2,7
32656,7,3
32657,0,4
32658,0,6
32659,3,5
32660,6,1
32661,2,4
32662,2,7
32663,1,3
32664,2,3
32665,1,3
32666,4,0
32667,7,8
32668,3,9
32669,0,4
32670,0,6
32671,7,5
32672,2,9
32673,0,4
32674,7,5
32675,6,1
32676,2,9
32677,6,1
32678,3,2
32679,9,9
32680,7,3
32681,2,7
32682,4,0
32683,4,4
32684,7,5
32685,7,3
32686,8,5
32687,2,7
32688,7,3
32689,3,3
32690,4,0
32691,3,3
32692,0,6
32693,4,0
32694,0,6
32695,3,2
32696,0,6
32697,7,5
32698,7,5
32699,7,5
32700,2,7
32701,0,6
32702,7,5
32703,3,3
32704,6,1
32705,6,1
32706,2,9
32707,7,5
32708,4,0
32709,6,2
32710,6,1
32711,3,5
32712,8,8
32713,2,9
32714,2,9
32715,2,9
32716,2,7
32717,4,8
32718,6,1
32719,4,4
32720,7,5
32721,6,1
32722,6,8
32723,4,0
32724,6,5
32725,0,6
32726,4,2
32727,4,0
32728,2,7
32729,2,9
32730,3,3
32731,0,6
32732,2,9
32733,4,8
32734,4,6
32735,3,8
32736,0,6
32737,7,5
32738,2,7
32739,0,6
32740,2,7
32741,6,1
32742,1,8
32743,6,1
32744,1,2
32745,2,9
32746,4,0
32747,4,8
32748,7,5
32749,2,9
32750,8,5
32751,3,2
32752,0,6
32753,3,3
32754,8,6
32755,7,5
32756,6,1
32757,7,5
32758,8,5
32759,2,9
32760,1,8
32761,2,4
32762,2,4
32763,3,2
32764,6,3
32765,6,1
32766,3,8
32767,2,9
32768,6,2
32769,0,4
32770,7,8
32771,2,9
32772,4,4
32773,6,1
32774,7,8
32775,3,3
32776,3,4
32777,4,9
32778,4,0
32779,3,2
32780,3,2
32781,4,0
32782,8,6
32783,0,6
32784,7,8
32785,4,0
32786,5,3
32787,0,4
32788,4,5
32789,4,0
32790,1,3
32791,0,6
32792,3,2
32793,4,0
32794,5,3
32795,6,1
32796,7,8
32797,6,2
32798,0,4
32799,3,3
32800,4,0
32801,0,4
32802,2,4
32803,0,6
32804,3,3
32805,7,8
32806,7,8
32807,6,1
32808,6,1
32809,6,2
32810,4,0
32811,3,3
32812,2,7
32813,2,4
32814,1,1
32815,8,5
32816,2,9
32817,0,6
32818,0,2
32819,2,7
32820,2,7
32821,2,9
32822,8,5
32823,6,1
32824,6,1
32825,3,2
32826,0,6
32827,3,3
32828,8,5
32829,0,4
32830,2,4
32831,7,5
32832,2,4
32833,0,6
32834,4,0
32835,6,7
32836,3,2
32837,7,8
32838,2,4
32839,0,6
32840,8,5
32841,0,6
32842,6,1
32843,4,0
32844,2,7
32845,3,2
32846,4,0
32847,3,3
32848,2,9
32849,2,7
32850,1,3
32851,0,4
32852,6,1
32853,2,7
32854,3,2
32855,6,1
32856,4,2
32857,2,9
32858,4,0
32859,6,1
32860,2,9
32861,2,7
32862,2,4
32863,6,1
32864,7,8
32865,0,4
32866,0,6
32867,4,0
32868,0,6
32869,4,0
32870,7,5
32871,6,1
32872,3,2
32873,2,7
32874,6,8
32875,7,5
32876,8,6
32877,2,7
32878,2,9
32879,6,1
32880,0,0
32881,3,3
32882,2,9
32883,3,3
32884,6,8
32885,1,3
32886,6,1
32887,6,1
32888,6,7
32889,0,6
32890,6,1
32891,2,9
32892,6,1
32893,2,7
32894,0,6
32895,0,4
32896,2,7
32897,1,3
32898,2,9
32899,4,0
32900,1,3
32901,3,2
32902,7,5
32903,0,6
32904,2,9
32905,4,0
32906,2,7
32907,7,8
32908,7,9
32909,2,9
32910,2,9
32911,0,4
32912,0,6
32913,3,3
32914,6,1
32915,7,5
32916,2,9
32917,2,4
32918,6,2
32919,7,8
32920,6,7
32921,6,1
32922,0,6
32923,4,5
32924,2,7
32925,4,0
32926,7,8
32927,0,6
32928,1,2
32929,0,6
32930,2,9
32931,3,3
32932,0,6
32933,3,3
32934,1,2
32935,7,8
32936,6,8
32937,6,1
32938,4,6
32939,0,4
32940,1,3
32941,2,7
32942,0,6
32943,8,5
32944,3,3
32945,2,7
32946,4,0
32947,6,2
32948,8,8
32949,6,2
32950,4,0
32951,4,0
32952,4,0
32953,4,0
32954,7,5
32955,2,7
32956,2,7
32957,2,7
32958,6,1
32959,2,9
32960,5,3
32961,7,5
32962,3,8
32963,2,9
32964,1,3
32965,7,8
32966,4,0
32967,2,9
32968,8,8
32969,0,6
32970,2,9
32971,7,8
32972,2,9
32973,3,2
32974,6,1
32975,3,3
32976,4,4
32977,4,6
32978,0,6
32979,6,1
32980,2,7
32981,3,2
32982,7,8
32983,2,9
32984,3,3
32985,6,2
32986,6,1
32987,7,5
32988,2,7
32989,3,2
32990,3,3
32991,6,2
32992,5,5
32993,2,4
32994,0,6
32995,7,8
32996,7,5
32997,2,4
32998,1,2
32999,0,6
33000,7,3
33001,8,5
33002,1,3
33003,4,0
33004,3,3
33005,6,1
33006,0,6
33007,3,2
33008,6,2
33009,3,3
33010,0,6
33011,2,4
33012,6,1
33013,1,5
33014,2,9
33015,0,6
33016,3,2
33017,6,7
33018,6,8
33019,7,8
33020,4,0
33021,2,9
33022,1,3
33023,0,0
33024,6,1
33025,6,1
33026,6,8
33027,0,2
33028,6,3
33029,3,3
33030,0,6
33031,8,4
33032,0,6
33033,6,5
33034,6,6
33035,0,6
33036,6,8
33037,6,7
33038,1,8
33039,7,8
33040,0,6
33041,2,9
33042,4,0
33043,0,0
33044,7,5
33045,6,1
33046,7,5
33047,5,2
33048,8,1
33049,3,3
33050,2,7
33051,2,4
33052,2,9
33053,6,5
33054,1,3
33055,0,6
33056,0,6
33057,6,7
33058,4,6
33059,6,8
33060,6,2
33061,2,9
33062,6,7
33063,0,6
33064,2,4
33065,1,2
33066,7,0
33067,2,7
33068,3,2
33069,6,1
33070,0,4
33071,7,5
33072,8,8
33073,0,6
33074,4,8
33075,3,2
33076,0,6
33077,6,5
33078,4,0
33079,4,0
33080,1,3
33081,6,5
33082,2,7
33083,2,4
33084,6,1
33085,1,2
33086,8,1
33087,4,0
33088,1,2
33089,7,8
33090,6,2
33091,6,1
33092,6,1
33093,2,7
33094,3,2
33095,6,1
33096,3,2
33097,7,8
33098,2,9
33099,1,3
33100,0,6
33101,7,8
33102,0,6
33103,2,7
33104,2,7
33105,6,1
33106,4,4
33107,2,7
33108,6,1
33109,2,7
33110,6,1
33111,0,0
33112,4,0
33113,6,1
33114,3,3
33115,2,4
33116,0,6
33117,2,4
33118,4,0
33119,2,4
33120,1,2
33121,6,5
33122,6,1
33123,6,7
33124,6,1
33125,2,4
33126,9,9
33127,2,4
33128,2,7
33129,2,9
33130,1,9
33131,6,7
33132,1,3
33133,6,2
33134,2,7
33135,0,6
33136,4,0
33137,6,5
33138,7,5
33139,3,3
33140,6,1
33141,2,9
33142,4,0
33143,2,4
33144,1,9
33145,1,3
33146,3,3
33147,2,9
33148,4,0
33149,3,0
33150,5,8
33151,7,8
33152,4,8
33153,6,7
33154,0,6
33155,2,9
33156,2,9
33157,0,0
33158,6,2
33159,0,6
33160,6,2
33161,3,3
33162,0,8
33163,4,0
33164,2,7
33165,2,4
33166,6,1
33167,0,6
33168,3,2
33169,3,3
33170,2,7
33171,6,7
33172,4,0
33173,4,0
33174,2,9
33175,6,1
33176,6,1
33177,2,4
33178,0,6
33179,7,8
33180,5,2
33181,7,8
33182,7,9
33183,6,1
33184,3,2
33185,3,2
33186,7,3
33187,2,9
33188,6,1
33189,7,3
33190,6,1
33191,6,1
33192,4,0
33193,7,8
33194,3,3
33195,2,4
33196,2,7
33197,0,2
33198,8,8
33199,2,9
33200,7,5
33201,7,8
33202,7,8
33203,5,2
33204,2,4
33205,7,8
33206,7,5
33207,0,6
33208,3,3
33209,0,6
33210,3,2
33211,2,9
33212,2,9
33213,6,2
33214,4,0
33215,2,9
33216,7,5
33217,0,6
33218,0,4
33219,4,0
33220,7,5
33221,6,5
33222,8,5
33223,3,3
33224,1,1
33225,3,3
33226,4,9
33227,0,6
33228,4,0
33229,3,3
33230,4,0
33231,6,1
33232,6,9
33233,3,2
33234,2,7
33235,6,5
33236,2,9
33237,0,0
33238,4,0
33239,3,3
33240,1,3
33241,2,7
33242,7,6
33243,6,1
33244,4,0
33245,6,5
33246,1,9
33247,6,5
33248,2,4
33249,2,9
33250,1,2
33251,7,8
33252,4,9
33253,0,0
33254,0,0
33255,2,9
33256,2,9
33257,4,0
33258,0,6
33259,6,1
33260,7,5
33261,6,2
33262,2,4
33263,7,3
33264,0,6
33265,2,4
33266,6,1
33267,7,5
33268,6,1
33269,0,6
33270,6,8
33271,2,7
33272,0,6
33273,7,8
33274,6,2
33275,2,9
33276,3,3
33277,4,0
33278,1,8
33279,6,1
33280,2,7
33281,3,2
33282,2,4
33283,7,3
33284,2,7
33285,2,4
33286,2,9
33287,2,7
33288,8,5
33289,7,8
33290,0,2
33291,2,9
33292,4,0
33293,3,0
33294,7,5
33295,6,1
33296,3,2
33297,6,2
33298,6,1
33299,7,3
33300,2,9
33301,2,4
33302,4,0
33303,7,5
33304,5,7
33305,0,6
33306,0,4
33307,2,7
33308,2,9
33309,6,8
33310,6,1
33311,2,9
33312,4,4
33313,2,9
33314,0,6
33315,2,7
33316,3,3
33317,2,4
33318,4,6
33319,6,1
33320,4,4
33321,7,5
33322,4,4
33323,7,8
33324,7,5
33325,7,8
33326,1,1
33327,4,0
33328,4,6
33329,2,9
33330,4,0
33331,7,3
33332,6,1
33333,3,2
33334,3,2
33335,6,7
33336,2,9
33337,7,8
33338,3,8
33339,6,1
33340,7,5
33341,0,6
33342,3,2
33343,6,1
33344,1,3
33345,4,0
33346,2,4
33347,6,4
33348,2,7
33349,7,5
33350,4,0
33351,3,3
33352,8,5
33353,2,9
33354,6,1
33355,2,4
33356,2,7
33357,7,3
33358,2,9
33359,2,4
33360,2,9
33361,3,2
33362,6,7
33363,4,0
33364,6,2
33365,6,5
33366,2,9
33367,4,0
33368,6,1
33369,6,1
33370,6,1
33371,7,3
33372,2,9
33373,6,2
33374,6,1
33375,2,9
33376,7,5
33377,6,1
33378,1,0
33379,0,6
33380,2,9
33381,4,0
33382,6,8
33383,6,1
33384,6,7
33385,6,1
33386,3,8
33387,7,8
33388,4,8
33389,0,0
33390,4,0
33391,6,4
33392,4,0
33393,2,7
33394,6,1
33395,6,7
33396,6,1
33397,0,6
33398,6,1
33399,3,3
33400,3,3
33401,0,6
33402,2,9
33403,4,0
33404,7,5
33405,2,7
33406,6,7
33407,3,3
33408,2,7
33409,7,5
33410,0,6
33411,2,4
33412,3,3
33413,3,2
33414,3,2
33415,2,4
33416,6,1
33417,6,1
33418,6,1
33419,7,8
33420,8,5
33421,3,3
33422,6,9
33423,2,7
33424,6,8
33425,6,1
33426,4,4
33427,0,0
33428,6,1
33429,7,6
33430,2,7
33431,2,7
33432,3,3
33433,6,1
33434,0,6
33435,3,2
33436,0,6
33437,7,5
33438,6,2
33439,6,8
33440,6,1
33441,6,1
33442,4,0
33443,6,9
33444,3,3
33445,3,3
33446,6,1
33447,7,8
33448,7,5
33449,6,2
33450,0,6
33451,7,8
33452,4,8
33453,7,8
33454,0,6
33455,2,7
33456,6,1
33457,6,1
33458,6,1
33459,2,7
33460,6,8
33461,2,9
33462,6,1
33463,6,2
33464,1,0
33465,4,0
33466,2,7
33467,6,1
33468,3,3
33469,1,2
33470,2,7
33471,3,3
33472,4,9
33473,2,4
33474,0,6
33475,7,5
33476,6,8
33477,0,6
33478,2,4
33479,2,7
33480,6,1
33481,7,8
33482,4,0
33483,2,9
33484,0,6
33485,4,0
33486,0,6
33487,6,1
33488,6,2
33489,3,2
33490,6,8
33491,3,3
33492,4,0
33493,2,4
33494,7,5
33495,7,5
33496,4,0
33497,0,6
33498,8,1
33499,2,7
33500,1,3
33501,4,0
33502,7,5
33503,6,1
33504,6,7
33505,4,2
33506,6,4
33507,7,3
33508,6,1
33509,2,4
33510,8,3
33511,7,5
33512,4,0
33513,0,6
33514,6,8
33515,2,7
33516,6,1
33517,7,8
33518,0,6
33519,7,8
33520,0,6
33521,2,7
33522,4,0
33523,2,4
33524,2,7
33525,2,7
33526,3,2
33527,2,7
33528,7,5
33529,3,3
33530,2,7
33531,2,9
33532,3,3
33533,7,8
33534,4,0
33535,6,1
33536,4,0
33537,7,5
33538,4,0
33539,7,8
33540,6,2
33541,4,2
33542,0,6
33543,2,7
33544,2,9
33545,2,4
33546,7,8
33547,6,2
33548,0,6
33549,0,6
33550,0,6
33551,2,4
33552,2,4
33553,7,5
33554,2,4
33555,7,5
33556,6,1
33557,7,8
33558,6,1
33559,0,6
33560,0,6
33561,2,4
33562,7,5
33563,2,4
33564,0,6
33565,2,4
33566,3,3
33567,6,1
33568,3,3
33569,7,8
33570,6,8
33571,2,7
33572,8,6
33573,8,5
33574,4,4
33575,7,5
33576,7,9
33577,6,1
33578,4,0
33579,7,8
33580,6,1
33581,2,9
33582,2,7
33583,7,3
33584,0,6
33585,0,6
33586,6,1
33587,3,3
33588,0,6
33589,7,3
33590,1,3
33591,3,2
33592,2,9
33593,4,2
33594,1,3
33595,0,6
33596,6,1
33597,2,9
33598,7,5
33599,2,9
33600,6,1
33601,0,6
33602,7,5
33603,7,5
33604,0,6
33605,7,5
33606,2,9
33607,7,3
33608,4,0
33609,7,3
33610,4,9
33611,7,8
33612,2,7
33613,6,1
33614,4,4
33615,0,6
33616,2,7
33617,7,5
33618,2,7
33619,0,6
33620,3,2
33621,7,8
33622,8,5
33623,6,1
33624,1,3
33625,2,9
33626,0,4
33627,2,7
33628,6,1
33629,0,6
33630,2,4
33631,7,8
33632,7,5
33633,7,3
33634,6,1
33635,2,7
33636,4,8
33637,2,4
33638,2,4
33639,2,7
33640,4,0
33641,4,0
33642,2,9
33643,2,9
33644,3,2
33645,4,0
33646,6,1
33647,4,0
33648,6,1
33649,3,3
33650,2,4
33651,2,7
33652,6,1
33653,2,9
33654,6,1
33655,3,3
33656,2,7
33657,4,0
33658,6,1
33659,4,2
33660,2,7
33661,4,0
33662,6,2
33663,6,1
33664,1,8
33665,4,0
33666,1,2
33667,6,1
33668,6,8
33669,4,0
33670,4,0
33671,2,4
33672,6,2
33673,4,0
33674,3,5
33675,6,1
33676,2,7
33677,4,0
33678,7,8
33679,2,4
33680,3,2
33681,2,7
33682,2,9
33683,2,9
33684,6,1
33685,4,2
33686,6,2
33687,4,0
33688,3,2
33689,0,6
33690,7,5
33691,6,2
33692,8,6
33693,0,6
33694,3,3
33695,3,2
33696,2,9
33697,4,2
33698,6,2
33699,2,9
33700,7,5
33701,2,9
33702,2,4
33703,4,0
33704,8,6
33705,6,1
33706,6,1
33707,6,2
33708,2,4
33709,1,3
33710,1,7
33711,2,4
33712,2,9
33713,7,5
33714,2,4
33715,0,6
33716,6,2
33717,2,7
33718,0,4
33719,7,8
33720,8,4
33721,8,9
33722,1,3
33723,4,0
33724,0,6
33725,6,1
33726,2,4
33727,6,2
33728,0,6
33729,1,3
33730,8,6
33731,0,4
33732,4,0
33733,7,5
33734,7,5
33735,0,6
33736,2,7
33737,2,7
33738,7,9
33739,4,0
33740,2,4
33741,6,1
33742,0,6
33743,3,2
33744,2,9
33745,1,3
33746,2,9
33747,2,4
33748,8,5
33749,7,5
33750,6,1
33751,0,6
33752,6,1
33753,2,7
33754,1,3
33755,6,8
33756,2,9
33757,2,9
33758,6,3
33759,2,7
33760,7,3
33761,2,4
33762,2,9
33763,1,3
33764,6,9
33765,1,8
33766,6,8
33767,7,5
33768,2,9
33769,6,1
33770,7,8
33771,1,8
33772,3,3
33773,8,5
33774,6,1
33775,1,2
33776,4,0
33777,6,8
33778,7,8
33779,0,6
33780,6,8
33781,6,1
33782,0,6
33783,2,9
33784,2,9
33785,1,2
33786,1,3
33787,2,4
33788,6,7
33789,1,0
33790,0,6
33791,2,9
33792,2,4
33793,2,9
33794,0,6
33795,1,3
33796,6,7
33797,2,7
33798,1,7
33799,6,1
33800,6,1
33801,6,8
33802,8,8
33803,2,4
33804,1,2
33805,2,4
33806,2,9
33807,1,2
33808,7,5
33809,6,7
33810,7,8
33811,7,5
33812,0,6
33813,6,8
33814,0,6
33815,7,5
33816,2,4
33817,1,3
33818,1,3
33819,6,2
33820,6,8
33821,3,2
33822,2,9
33823,4,0
33824,0,4
33825,7,5
33826,6,1
33827,7,8
33828,3,3
33829,0,6
33830,2,7
33831,4,0
33832,1,2
33833,2,4
33834,2,7
33835,4,0
33836,2,7
33837,1,3
33838,2,7
33839,6,8
33840,1,3
33841,6,1
33842,6,1
33843,4,0
33844,4,0
33845,1,3
33846,4,4
33847,4,0
33848,4,0
33849,2,4
33850,6,1
33851,2,7
33852,4,4
33853,2,4
33854,3,3
33855,2,9
33856,6,1
33857,1,2
33858,8,5
33859,2,9
33860,7,9
33861,6,1
33862,9,9
33863,5,2
33864,4,0
33865,6,1
33866,8,5
33867,2,7
33868,6,1
33869,6,1
33870,2,7
33871,0,6
33872,2,4
33873,2,7
33874,4,0
33875,1,3
33876,7,5
33877,1,3
33878,3,2
33879,0,6
33880,3,3
33881,1,2
33882,4,4
33883,1,8
33884,4,4
33885,2,7
33886,0,6
33887,0,6
33888,8,4
33889,2,4
33890,4,8
33891,2,9
33892,8,5
33893,6,8
33894,0,4
33895,7,8
33896,1,3
33897,1,2
33898,7,8
33899,2,9
33900,2,4
33901,0,6
33902,6,1
33903,7,5
33904,4,0
33905,7,5
33906,6,2
33907,2,9
33908,3,3
33909,7,5
33910,0,6
33911,1,3
33912,2,7
33913,2,7
33914,4,0
33915,2,4
33916,0,6
33917,1,3
33918,6,1
33919,0,6
33920,2,7
33921,4,0
33922,0,4
33923,4,0
33924,6,1
33925,2,4
33926,0,4
33927,0,6
33928,7,5
33929,0,6
33930,3,2
33931,2,9
33932,2,4
33933,4,0
33934,8,6
33935,6,1
33936,6,1
33937,6,1
33938,3,2
33939,1,3
33940,4,0
33941,3,2
33942,6,1
33943,6,1
33944,2,9
33945,1,0
33946,6,8
33947,4,0
33948,2,9
33949,6,1
33950,2,7
33951,3,2
33952,4,4
33953,3,3
33954,8,5
33955,2,4
33956,7,8
33957,2,7
33958,2,4
33959,6,8
33960,0,6
33961,2,9
33962,3,3
33963,4,0
33964,2,7
33965,6,1
33966,1,3
33967,6,2
33968,6,5
33969,3,3
33970,1,3
33971,2,4
33972,7,5
33973,7,5
33974,6,9
33975,0,6
33976,9,9
33977,2,7
33978,4,0
33979,6,8
33980,0,6
33981,2,9
33982,3,2
33983,4,0
33984,0,6
33985,6,1
33986,3,3
33987,3,2
33988,2,7
33989,7,3
33990,2,9
33991,0,4
33992,6,1
33993,8,5
33994,2,4
33995,6,7
33996,2,7
33997,6,8
33998,6,1
33999,6,9
34000,2,4
34001,6,8
34002,7,5
34003,0,6
34004,6,1
34005,7,5
34006,3,3
34007,0,0
34008,6,1
34009,0,6
34010,6,1
34011,6,8
34012,4,6
34013,2,9
34014,4,0
34015,0,4
34016,4,0
34017,6,1
34018,1,3
34019,2,9
34020,8,8
34021,8,5
34022,2,4
34023,3,3
34024,0,6
34025,4,0
34026,3,3
34027,6,4
34028,2,4
34029,6,8
34030,6,8
34031,2,9
34032,2,7
34033,6,1
34034,3,8
34035,2,4
34036,4,0
34037,4,0
34038,6,1
34039,7,5
34040,7,8
34041,6,5
34042,6,8
34043,2,4
34044,2,9
34045,4,0
34046,0,6
34047,2,7
34048,6,3
34049,0,6
34050,1,5
34051,4,0
34052,9,9
34053,6,1
34054,4,0
34055,2,7
34056,3,2
34057,0,0
34058,2,3
34059,0,6
34060,0,6
34061,6,8
34062,6,2
34063,2,9
34064,4,0
34065,7,5
34066,2,9
34067,0,4
34068,7,8
34069,2,7
34070,4,0
34071,0,6
34072,2,9
34073,0,0
34074,6,1
34075,6,8
34076,1,3
34077,6,1
34078,6,2
34079,2,7
34080,6,1
34081,2,7
34082,7,5
34083,6,1
34084,4,0
34085,3,3
34086,4,0
34087,3,2
34088,2,7
34089,3,3
34090,6,9
34091,6,1
34092,3,3
34093,0,4
34094,2,7
34095,3,2
34096,6,1
34097,0,0
34098,4,8
34099,0,0
34100,0,6
34101,6,4
34102,2,4
34103,2,9
34104,2,9
34105,3,3
34106,0,6
34107,6,8
34108,7,8
34109,0,4
34110,6,7
34111,2,7
34112,7,5
34113,3,2
34114,8,5
34115,1,5
34116,3,2
34117,0,6
34118,2,7
34119,3,3
34120,3,3
34121,0,6
34122,5,5
34123,2,9
34124,0,6
34125,0,6
34126,2,9
34127,3,3
34128,8,5
34129,3,2
34130,2,4
34131,3,2
34132,2,7
34133,0,4
34134,1,2
34135,0,6
34136,3,2
34137,7,5
34138,2,4
34139,7,5
34140,6,3
34141,6,1
34142,2,7
34143,7,3
34144,2,4
34145,5,3
34146,2,4
34147,7,9
34148,7,5
34149,2,7
34150,1,8
34151,6,8
34152,4,0
34153,2,7
34154,8,8
34155,3,2
34156,8,1
34157,3,2
34158,6,1
34159,7,5
34160,2,7
34161,6,7
34162,6,1
34163,2,9
34164,6,1
34165,6,8
34166,6,1
34167,3,2
34168,6,1
34169,6,1
34170,6,3
34171,3,3
34172,4,0
34173,6,1
34174,0,6
34175,3,3
34176,4,9
34177,4,0
34178,2,7
34179,6,1
34180,1,3
34181,3,2
34182,3,2
34183,7,3
34184,2,9
34185,2,4
34186,6,6
34187,7,5
34188,1,3
34189,0,6
34190,3,3
34191,2,7
34192,2,4
34193,8,8
34194,4,8
34195,2,9
34196,2,9
34197,4,0
34198,0,6
34199,6,1
34200,2,7
34201,3,2
34202,3,2
34203,3,3
34204,6,3
34205,2,4
34206,6,1
34207,2,7
34208,3,3
34209,6,8
34210,4,4
34211,2,9
34212,7,8
34213,4,0
34214,6,2
34215,6,1
34216,2,4
34217,3,2
34218,6,2
34219,3,3
34220,0,6
34221,2,4
34222,6,1
34223,2,7
34224,2,9
34225,2,8
34226,3,2
34227,2,9
34228,3,2
34229,2,7
34230,2,7
34231,2,7
34232,2,7
34233,2,7
34234,2,4
34235,3,3
34236,6,8
34237,4,0
34238,4,0
34239,7,3
34240,2,4
34241,6,1
34242,7,5
34243,6,8
34244,4,0
34245,2,7
34246,4,0
34247,0,6
34248,2,9
34249,2,4
34250,3,2
34251,4,0
34252,0,2
34253,3,2
34254,2,9
34255,0,6
34256,6,2
34257,6,8
34258,2,9
34259,7,3
34260,0,6
34261,6,1
34262,4,0
34263,6,1
34264,6,1
34265,2,7
34266,4,4
34267,2,7
34268,1,3
34269,6,1
34270,7,5
34271,0,6
34272,6,1
34273,4,0
34274,7,5
34275,2,4
34276,7,5
34277,0,6
34278,2,7
34279,2,4
34280,2,9
34281,2,4
34282,6,1
34283,4,0
34284,0,6
34285,0,6
34286,6,8
34287,6,2
34288,7,5
34289,7,3
34290,2,4
34291,6,1
34292,2,9
34293,3,3
34294,0,4
34295,0,6
34296,4,0
34297,7,8
34298,2,7
34299,7,5
34300,2,9
34301,2,9
34302,4,0
34303,2,4
34304,5,8
34305,4,0
34306,6,9
34307,2,7
34308,3,2
34309,7,5
34310,3,2
34311,7,8
34312,8,8
34313,7,8
34314,4,7
34315,1,3
34316,3,3
34317,2,7
34318,7,3
34319,6,8
34320,7,8
34321,2,9
34322,7,8
34323,3,2
34324,0,6
34325,7,5
34326,6,2
34327,1,3
34328,6,8
34329,6,1
34330,2,9
34331,2,7
34332,4,9
34333,3,3
34334,6,1
34335,2,9
34336,0,6
34337,6,1
34338,2,9
34339,4,9
34340,8,5
34341,2,9
34342,0,6
34343,0,6
34344,2,7
34345,4,0
34346,0,4
34347,2,9
34348,4,4
34349,2,4
34350,0,6
34351,1,3
34352,4,0
34353,2,7
34354,2,4
34355,4,0
34356,4,0
34357,2,4
34358,4,0
34359,6,1
34360,0,6
34361,0,4
34362,8,5
34363,3,3
34364,1,3
34365,8,5
34366,3,3
34367,2,4
34368,7,3
34369,4,0
34370,7,5
34371,1,2
34372,8,8
34373,6,1
34374,8,6
34375,6,8
34376,7,8
34377,2,9
34378,2,7
34379,2,4
34380,0,6
34381,0,0
34382,7,8
34383,6,1
34384,3,3
34385,3,2
34386,6,7
34387,1,3
34388,6,1
34389,4,4
34390,3,3
34391,7,5
34392,4,0
34393,0,6
34394,4,0
34395,2,7
34396,1,3
34397,7,8
34398,2,9
34399,6,9
34400,8,5
34401,4,0
34402,6,1
34403,6,1
34404,7,9
34405,3,2
34406,9,4
34407,7,3
34408,3,2
34409,2,4
34410,6,7
34411,7,5
34412,6,1
34413,0,6
34414,2,8
34415,2,7
34416,4,0
34417,7,8
34418,6,1
34419,2,9
34420,2,9
34421,4,0
34422,7,8
34423,6,1
34424,4,4
34425,1,2
34426,6,1
34427,1,3
34428,4,4
34429,0,4
34430,2,4
34431,7,5
34432,2,2
34433,0,6
34434,2,7
34435,2,7
34436,6,2
34437,7,8
34438,7,5
34439,7,9
34440,4,0
34441,3,2
34442,4,2
34443,3,2
34444,6,2
34445,2,7
34446,2,7
34447,0,6
34448,3,5
34449,2,4
34450,3,2
34451,4,0
34452,4,8
34453,7,5
34454,2,7
34455,7,8
34456,0,6
34457,4,0
34458,2,9
34459,2,7
34460,3,8
34461,7,3
34462,4,2
34463,7,5
34464,2,4
34465,4,4
34466,0,6
34467,6,1
34468,4,4
34469,7,8
34470,6,1
34471,4,0
34472,2,7
34473,7,5
34474,8,5
34475,3,2
34476,2,9
34477,2,7
34478,8,5
34479,0,2
34480,4,0
34481,7,3
34482,2,9
34483,6,1
34484,6,2
34485,2,7
34486,0,0
34487,2,7
34488,0,6
34489,2,9
34490,0,6
34491,2,9
34492,4,6
34493,6,1
34494,1,2
34495,3,2
34496,4,9
34497,2,4
34498,2,4
34499,0,6
34500,3,8
34501,2,7
34502,4,0
34503,2,7
34504,4,9
34505,7,5
34506,2,7
34507,0,4
34508,4,0
34509,6,5
34510,6,8
34511,4,0
34512,6,1
34513,6,1
34514,4,0
34515,6,1
34516,6,7
34517,2,9
34518,6,7
34519,4,0
34520,0,6
34521,3,2
34522,0,6
34523,4,0
34524,3,8
34525,1,3
34526,3,3
34527,7,5
34528,2,7
34529,0,6
34530,2,4
34531,6,1
34532,5,2
34533,7,8
34534,7,8
34535,0,6
34536,1,3
34537,2,4
34538,4,0
34539,0,6
34540,3,8
34541,4,0
34542,6,1
34543,0,6
34544,2,9
34545,2,4
34546,0,6
34547,3,3
34548,3,3
34549,2,9
34550,2,4
34551,7,3
34552,3,3
34553,4,0
34554,3,8
34555,4,0
34556,6,3
34557,7,5
34558,3,2
34559,3,2
34560,6,7
34561,7,5
34562,4,0
34563,7,8
34564,2,7
34565,7,8
34566,6,1
34567,7,8
34568,2,7
34569,2,9
34570,2,4
34571,2,4
34572,2,4
34573,3,2
34574,7,8
34575,7,8
34576,2,7
34577,7,8
34578,0,6
34579,7,5
34580,4,0
34581,7,5
34582,4,0
34583,2,7
34584,7,5
34585,6,1
34586,4,0
34587,1,3
34588,6,1
34589,0,6
34590,6,1
34591,2,9
34592,2,9
34593,2,4
34594,3,8
34595,6,1
34596,2,4
34597,7,3
34598,2,9
34599,2,7
34600,2,7
34601,0,6
34602,7,5
34603,2,9
34604,6,2
34605,3,3
34606,6,2
34607,3,3
34608,4,9
34609,2,7
34610,7,5
34611,2,4
34612,6,1
34613,6,1
34614,1,2
34615,2,9
34616,2,9
34617,6,1
34618,2,7
34619,4,0
34620,3,2
34621,0,6
34622,7,3
34623,3,0
34624,8,6
34625,6,1
34626,6,5
34627,0,2
34628,0,6
34629,7,3
34630,3,3
34631,2,4
34632,6,1
34633,2,7
34634,4,0
34635,6,8
34636,3,2
34637,2,9
34638,6,1
34639,4,0
34640,6,1
34641,6,1
34642,3,3
34643,3,2
34644,6,3
34645,3,3
34646,3,3
34647,2,7
34648,8,6
34649,6,8
34650,6,2
34651,2,9
34652,0,6
34653,3,0
34654,4,6
34655,6,1
34656,4,0
34657,3,2
34658,3,6
34659,1,3
34660,6,3
34661,2,7
34662,4,0
34663,6,8
34664,3,2
34665,6,9
34666,6,7
34667,6,1
34668,2,9
34669,6,8
34670,2,7
34671,0,6
34672,1,3
34673,2,7
34674,7,5
34675,0,2
34676,2,7
34677,2,7
34678,9,8
34679,6,1
34680,3,2
34681,6,1
34682,2,4
34683,2,4
34684,7,3
34685,3,3
34686,0,6
34687,2,7
34688,4,9
34689,2,7
34690,2,7
34691,6,8
34692,8,5
34693,2,9
34694,2,9
34695,3,3
34696,7,8
34697,0,6
34698,0,6
34699,4,0
34700,0,6
34701,1,3
34702,2,7
34703,0,6
34704,2,7
34705,6,1
34706,1,0
34707,6,8
34708,4,0
34709,2,4
34710,3,3
34711,6,5
34712,3,3
34713,7,3
34714,6,0
34715,2,9
34716,1,3
34717,3,2
34718,3,2
34719,6,8
34720,4,5
34721,3,3
34722,6,8
34723,6,1
34724,6,2
34725,6,1
34726,1,2
34727,6,5
34728,6,3
34729,2,9
34730,4,0
34731,4,0
34732,2,7
34733,0,4
34734,6,8
34735,0,4
34736,3,3
34737,3,0
34738,6,8
34739,6,9
34740,5,3
34741,0,6
34742,2,4
34743,6,9
34744,2,4
34745,3,2
34746,3,2
34747,3,2
34748,0,6
34749,6,1
34750,2,4
34751,2,7
34752,2,4
34753,2,9
34754,6,1
34755,6,5
34756,0,4
34757,6,1
34758,8,8
34759,6,1
34760,7,5
34761,2,9
34762,6,1
34763,6,8
34764,2,9
34765,6,6
34766,7,8
34767,0,6
34768,3,2
34769,2,9
34770,6,8
34771,3,0
34772,2,7
34773,4,0
34774,2,7
34775,0,0
34776,0,6
34777,6,1
34778,6,1
34779,7,8
34780,2,4
34781,2,4
34782,6,1
34783,0,6
34784,2,4
34785,6,8
34786,4,9
34787,6,8
34788,3,3
34789,3,2
34790,4,9
34791,0,6
34792,6,1
34793,3,3
34794,7,8
34795,0,2
34796,6,1
34797,2,9
34798,4,0
34799,3,2
34800,8,5
34801,2,9
34802,6,3
34803,0,0
34804,7,8
34805,1,3
34806,8,5
34807,2,7
34808,2,4
34809,2,4
34810,4,4
34811,6,5
34812,0,6
34813,6,8
34814,6,8
34815,1,3
34816,0,6
34817,6,5
34818,4,9
34819,6,8
34820,7,8
34821,6,5
34822,2,9
34823,2,4
34824,2,9
34825,2,7
34826,6,1
34827,0,6
34828,1,3
34829,1,5
34830,2,4
34831,3,2
34832,1,3
34833,3,2
34834,2,9
34835,2,7
34836,8,5
34837,2,7
34838,2,9
34839,3,0
34840,0,6
34841,7,5
34842,2,8
34843,7,5
34844,2,9
34845,3,3
34846,6,3
34847,3,0
34848,1,2
34849,6,1
34850,1,2
34851,3,2
34852,6,1
34853,1,3
34854,4,0
34855,0,4
34856,3,2
34857,6,5
34858,8,5
34859,0,6
34860,4,4
34861,6,7
34862,3,3
34863,6,8
34864,3,2
34865,2,9
34866,1,3
34867,3,0
34868,8,5
34869,6,1
34870,6,8
34871,3,2
34872,6,8
34873,1,3
34874,6,1
34875,2,4
34876,1,9
34877,6,5
34878,2,9
34879,0,6
34880,2,7
34881,2,7
34882,7,5
34883,6,8
34884,6,1
34885,2,9
34886,4,9
34887,4,0
34888,8,5
34889,6,1
34890,2,7
34891,1,2
34892,2,9
34893,1,3
34894,0,6
34895,2,4
34896,0,6
34897,0,6
34898,3,3
34899,2,7
34900,3,8
34901,6,8
34902,4,2
34903,2,9
34904,4,0
34905,0,6
34906,3,3
34907,3,2
34908,7,5
34909,2,7
34910,6,8
34911,6,1
34912,2,8
34913,7,5
34914,6,7
34915,0,6
34916,2,7
34917,3,2
34918,0,6
34919,1,0
34920,0,9
34921,6,8
34922,6,1
34923,6,1
34924,0,6
34925,2,7
34926,6,1
34927,6,1
34928,1,2
34929,7,8
34930,2,9
34931,7,3
34932,8,5
34933,7,8
34934,6,7
34935,2,7
34936,3,2
34937,6,1
34938,6,1
34939,2,7
34940,2,9
34941,2,7
34942,2,9
34943,4,0
34944,1,2
34945,6,1
34946,4,8
34947,2,4
34948,2,4
34949,0,4
34950,6,1
34951,6,7
34952,7,5
34953,0,4
34954,2,9
34955,0,4
34956,0,6
34957,2,9
34958,4,0
34959,2,7
34960,0,6
34961,3,2
34962,2,9
34963,0,6
34964,3,2
34965,7,5
34966,6,8
34967,1,3
34968,1,8
34969,2,9
34970,2,7
34971,0,4
34972,2,7
34973,1,3
34974,7,8
34975,2,9
34976,1,2
34977,4,0
34978,7,8
34979,7,8
34980,6,1
34981,2,7
34982,2,7
34983,2,9
34984,7,5
34985,4,0
34986,7,8
34987,3,3
34988,2,4
34989,1,0
34990,6,1
34991,2,4
34992,1,1
34993,0,6
34994,2,4
34995,3,3
34996,8,5
34997,2,7
34998,2,7
34999,1,0
35000,6,1
35001,6,1
35002,2,9
35003,0,4
35004,2,9
35005,6,8
35006,6,1
35007,6,8
35008,6,1
35009,6,1
35010,3,3
35011,3,2
35012,4,0
35013,2,9
35014,5,2
35015,3,3
35016,2,9
35017,6,8
35018,7,8
35019,2,9
35020,3,2
35021,6,8
35022,6,3
35023,3,2
35024,2,9
35025,6,8
35026,0,6
35027,0,6
35028,4,0
35029,7,5
35030,5,3
35031,3,2
35032,2,7
35033,0,6
35034,7,6
35035,3,2
35036,6,8
35037,0,6
35038,7,8
35039,4,0
35040,7,5
35041,7,5
35042,3,8
35043,7,3
35044,7,8
35045,7,3
35046,7,5
35047,0,6
35048,6,1
35049,7,3
35050,3,0
35051,9,2
35052,6,1
35053,2,7
35054,2,9
35055,0,6
35056,4,0
35057,7,5
35058,7,3
35059,2,9
35060,4,0
35061,7,8
35062,8,5
35063,4,0
35064,1,0
35065,2,9
35066,4,3
35067,4,0
35068,2,9
35069,6,1
35070,4,9
35071,3,2
35072,7,8
35073,3,3
35074,4,0
35075,2,4
35076,6,2
35077,7,5
35078,2,4
35079,0,6
35080,2,9
35081,2,7
35082,7,5
35083,7,8
35084,2,9
35085,2,9
35086,1,3
35087,4,0
35088,3,8
35089,6,1
35090,6,2
35091,3,2
35092,3,2
35093,3,3
35094,6,1
35095,2,4
35096,6,8
35097,3,5
35098,2,4
35099,0,6
35100,8,5
35101,2,7
35102,6,7
35103,7,8
35104,3,2
35105,6,9
35106,3,2
35107,0,0
35108,6,1
35109,6,1
35110,5,2
35111,5,2
35112,6,2
35113,3,3
35114,8,5
35115,0,4
35116,6,1
35117,0,5
35118,2,9
35119,0,6
35120,7,8
35121,6,7
35122,1,3
35123,7,8
35124,6,2
35125,6,9
35126,0,4
35127,2,9
35128,3,2
35129,7,8
35130,2,7
35131,0,6
35132,1,3
35133,7,5
35134,3,2
35135,2,9
35136,2,4
35137,3,2
35138,1,2
35139,3,3
35140,0,6
35141,2,4
35142,0,4
35143,3,3
35144,4,4
35145,7,8
35146,0,6
35147,5,5
35148,4,0
35149,6,1
35150,2,7
35151,3,5
35152,2,4
35153,6,2
35154,0,6
35155,3,3
35156,1,3
35157,4,0
35158,0,6
35159,6,1
35160,2,9
35161,0,2
35162,1,3
35163,6,1
35164,8,5
35165,3,3
35166,2,4
35167,3,2
35168,6,1
35169,0,6
35170,6,3
35171,7,5
35172,8,5
35173,3,3
35174,2,9
35175,0,0
35176,2,7
35177,2,7
35178,0,4
35179,0,4
35180,2,3
35181,0,6
35182,2,9
35183,2,4
35184,0,6
35185,0,0
35186,0,4
35187,0,5
35188,2,9
35189,2,9
35190,3,3
35191,2,9
35192,0,0
35193,7,8
35194,2,9
35195,3,3
35196,6,7
35197,6,1
35198,3,2
35199,2,7
35200,0,6
35201,2,4
35202,3,2
35203,2,7
35204,0,6
35205,6,6
35206,8,6
35207,7,5
35208,7,3
35209,0,0
35210,0,6
35211,0,6
35212,6,1
35213,0,6
35214,7,5
35215,0,2
35216,3,2
35217,4,0
35218,2,9
35219,0,6
35220,3,2
35221,3,3
35222,0,6
35223,6,7
35224,7,5
35225,2,7
35226,8,3
35227,0,4
35228,7,5
35229,0,4
35230,7,8
35231,3,3
35232,4,8
35233,6,9
35234,0,4
35235,3,2
35236,6,1
35237,7,8
35238,0,6
35239,2,9
35240,3,2
35241,0,6
35242,7,8
35243,3,0
35244,6,1
35245,2,9
35246,1,8
35247,0,5
35248,1,3
35249,3,3
35250,6,2
35251,7,8
35252,6,1
35253,6,8
35254,4,4
35255,2,7
35256,2,4
35257,6,1
35258,2,4
35259,2,4
35260,6,7
35261,0,0
35262,4,0
35263,2,4
35264,8,8
35265,6,8
35266,6,1
35267,3,5
35268,7,5
35269,6,2
35270,6,1
35271,7,3
35272,8,3
35273,2,9
35274,8,5
35275,0,0
35276,6,5
35277,2,7
35278,6,1
35279,3,2
35280,0,6
35281,6,1
35282,4,0
35283,2,9
35284,0,6
35285,6,1
35286,6,1
35287,0,5
35288,6,2
35289,6,1
35290,6,2
35291,2,7
35292,2,9
35293,2,4
35294,4,0
35295,6,8
35296,2,9
35297,0,6
35298,6,2
35299,6,1
35300,7,8
35301,3,2
35302,4,0
35303,6,1
35304,2,4
35305,0,6
35306,2,7
35307,6,8
35308,1,8
35309,6,8
35310,8,5
35311,4,0
35312,4,4
35313,6,1
35314,2,4
35315,1,2
35316,2,7
35317,1,3
35318,0,6
35319,2,4
35320,4,0
35321,6,7
35322,0,6
35323,7,8
35324,4,4
35325,2,9
35326,8,5
35327,4,0
35328,6,1
35329,6,1
35330,2,9
35331,3,2
35332,6,9
35333,1,3
35334,2,7
35335,0,4
35336,3,3
35337,6,7
35338,1,8
35339,7,8
35340,6,2
35341,2,9
35342,0,6
35343,4,0
35344,1,2
35345,6,1
35346,7,3
35347,1,2
35348,4,0
35349,1,3
35350,7,5
35351,6,7
35352,6,1
35353,6,8
35354,3,3
35355,2,9
35356,6,2
35357,6,1
35358,4,9
35359,6,1
35360,6,1
35361,2,7
35362,2,4
35363,6,4
35364,7,8
35365,6,8
35366,3,3
35367,6,1
35368,2,9
35369,0,5
35370,6,1
35371,2,7
35372,2,7
35373,3,2
35374,2,9
35375,7,8
35376,7,3
35377,0,6
35378,6,2
35379,1,3
35380,2,9
35381,7,3
35382,2,7
35383,7,8
35384,2,9
35385,0,6
35386,6,1
35387,2,9
35388,7,5
35389,6,1
35390,7,5
35391,6,7
35392,2,4
35393,3,2
35394,7,5
35395,6,1
35396,6,1
35397,6,5
35398,3,8
35399,6,1
35400,4,0
35401,3,3
35402,2,4
35403,1,2
35404,6,1
35405,5,2
35406,8,5
35407,1,3
35408,4,0
35409,0,0
35410,1,2
35411,0,6
35412,4,4
35413,2,4
35414,6,1
35415,1,3
35416,2,7
35417,6,7
35418,2,4
35419,0,6
35420,8,5
35421,2,9
35422,3,3
35423,4,0
35424,0,6
35425,8,4
35426,0,6
35427,6,1
35428,3,8
35429,0,4
35430,6,1
35431,4,0
35432,4,0
35433,0,6
35434,3,3
35435,6,1
35436,6,1
35437,3,2
35438,7,8
35439,0,6
35440,2,9
35441,2,9
35442,4,4
35443,5,2
35444,2,9
35445,5,2
35446,2,7
35447,7,3
35448,6,1
35449,0,0
35450,2,7
35451,6,7
35452,0,6
35453,3,2
35454,6,2
35455,2,9
35456,6,2
35457,3,2
35458,7,3
35459,1,3
35460,7,8
35461,0,4
35462,7,5
35463,4,0
35464,7,9
35465,4,0
35466,7,5
35467,7,8
35468,4,6
35469,2,7
35470,8,6
35471,7,8
35472,2,4
35473,4,0
35474,2,7
35475,2,9
35476,2,7
35477,7,8
35478,3,2
35479,2,9
35480,8,9
35481,0,0
35482,0,4
35483,6,2
35484,7,8
35485,4,0
35486,7,3
35487,6,1
35488,4,0
35489,3,2
35490,2,4
35491,3,3
35492,3,2
35493,2,4
35494,3,2
35495,7,5
35496,6,1
35497,0,6
35498,1,3
35499,2,7
35500,8,5
35501,3,8
35502,4,0
35503,2,9
35504,7,3
35505,4,0
35506,2,9
35507,6,1
35508,6,1
35509,3,2
35510,1,2
35511,3,3
35512,2,7
35513,2,4
35514,6,1
35515,6,5
35516,4,0
35517,0,6
35518,6,7
35519,2,7
35520,7,3
35521,7,8
35522,3,3
35523,2,9
35524,2,9
35525,4,0
35526,7,8
35527,6,1
35528,3,3
35529,3,2
35530,1,3
35531,3,3
35532,2,9
35533,2,4
35534,2,4
35535,6,5
35536,4,0
35537,0,6
35538,6,1
35539,6,7
35540,0,6
35541,7,8
35542,3,3
35543,2,9
35544,1,7
35545,7,5
35546,4,4
35547,7,8
35548,7,3
35549,2,7
35550,3,3
35551,2,4
35552,6,1
35553,2,7
35554,6,1
35555,2,7
35556,2,9
35557,6,3
35558,6,1
35559,7,8
35560,1,7
35561,7,8
35562,1,3
35563,3,3
35564,0,6
35565,6,1
35566,4,6
35567,6,5
35568,1,3
35569,7,8
35570,6,5
35571,6,2
35572,1,2
35573,6,7
35574,7,3
35575,0,6
35576,3,8
35577,6,8
35578,0,6
35579,0,6
35580,2,7
35581,2,4
35582,5,3
35583,2,4
35584,2,4
35585,0,4
35586,6,1
35587,6,1
35588,0,6
35589,7,8
35590,2,4
35591,6,8
35592,6,1
35593,2,9
35594,2,7
35595,6,1
35596,6,1
35597,3,2
35598,2,9
35599,3,2
35600,6,1
35601,0,6
35602,8,5
35603,2,9
35604,3,8
35605,2,9
35606,4,2
35607,0,6
35608,7,5
35609,6,5
35610,3,3
35611,6,5
35612,0,0
35613,3,3
35614,0,6
35615,1,3
35616,0,6
35617,7,8
35618,8,5
35619,7,8
35620,4,0
35621,6,1
35622,1,3
35623,2,9
35624,6,4
35625,2,7
35626,2,4
35627,0,6
35628,8,5
35629,7,8
35630,5,2
35631,3,3
35632,0,0
35633,2,7
35634,4,0
35635,2,4
35636,6,7
35637,2,7
35638,3,2
35639,4,0
35640,1,3
35641,6,9
35642,6,1
35643,3,3
35644,3,2
35645,2,7
35646,4,0
35647,2,9
35648,2,7
35649,3,3
35650,7,5
35651,4,0
35652,5,2
35653,3,2
35654,8,1
35655,4,0
35656,2,4
35657,6,1
35658,3,3
35659,3,0
35660,4,0
35661,6,1
35662,4,4
35663,0,0
35664,0,6
35665,0,4
35666,4,9
35667,0,0
35668,6,7
35669,6,1
35670,3,2
35671,4,0
35672,2,9
35673,2,4
35674,7,5
35675,6,7
35676,2,9
35677,2,9
35678,6,2
35679,3,2
35680,4,0
35681,7,0
35682,0,6
35683,0,6
35684,0,6
35685,3,2
35686,6,4
35687,0,6
35688,1,3
35689,3,2
35690,1,2
35691,3,2
35692,3,3
35693,2,9
35694,7,9
35695,2,9
35696,2,7
35697,4,0
35698,6,1
35699,6,1
35700,4,0
35701,3,2
35702,8,5
35703,1,3
35704,6,8
35705,2,4
35706,7,8
35707,7,5
35708,4,0
35709,0,6
35710,6,1
35711,2,7
35712,4,0
35713,7,8
35714,0,6
35715,2,9
35716,2,4
35717,4,0
35718,0,6
35719,6,1
35720,4,0
35721,3,2
35722,6,1
35723,1,3
35724,2,9
35725,2,4
35726,6,6
35727,3,5
35728,6,7
35729,0,6
35730,7,8
35731,2,7
35732,2,9
35733,4,8
35734,0,6
35735,2,9
35736,0,6
35737,6,1
35738,7,5
35739,4,0
35740,4,0
35741,2,9
35742,4,0
35743,7,5
35744,5,3
35745,2,7
35746,4,0
35747,8,5
35748,2,4
35749,6,1
35750,4,6
35751,7,8
35752,4,4
35753,0,6
35754,2,7
35755,2,9
35756,6,1
35757,4,0
35758,6,2
35759,2,4
35760,2,9
35761,6,1
35762,7,8
35763,2,9
35764,7,8
35765,3,3
35766,4,5
35767,4,8
35768,0,6
35769,2,4
35770,3,2
35771,2,4
35772,7,8
35773,2,7
35774,6,1
35775,4,0
35776,7,8
35777,6,1
35778,4,0
35779,6,2
35780,4,4
35781,2,7
35782,4,0
35783,3,8
35784,7,5
35785,6,2
35786,4,9
35787,7,5
35788,1,8
35789,2,9
35790,6,7
35791,0,6
35792,6,1
35793,4,0
35794,1,3
35795,0,6
35796,1,3
35797,7,5
35798,6,1
35799,7,5
35800,4,0
35801,9,3
35802,6,2
35803,3,3
35804,2,9
35805,3,3
35806,7,3
35807,2,9
35808,0,6
35809,3,8
35810,0,6
35811,6,1
35812,2,9
35813,2,4
35814,3,3
35815,4,0
35816,4,0
35817,0,6
35818,2,4
35819,6,1
35820,6,1
35821,4,0
35822,2,4
35823,4,0
35824,2,9
35825,0,6
35826,6,1
35827,3,2
35828,0,6
35829,6,1
35830,0,4
35831,6,1
35832,3,2
35833,3,3
35834,6,7
35835,3,2
35836,7,9
35837,2,7
35838,7,5
35839,2,7
35840,2,4
35841,7,8
35842,6,7
35843,4,8
35844,0,6
35845,2,7
35846,0,6
35847,7,8
35848,7,8
35849,2,4
35850,5,2
35851,3,6
35852,2,4
35853,4,0
35854,2,9
35855,2,7
35856,6,1
35857,4,0
35858,1,5
35859,3,3
35860,2,7
35861,4,6
35862,6,1
35863,2,7
35864,5,5
35865,6,1
35866,2,4
35867,8,5
35868,0,6
35869,3,3
35870,7,3
35871,2,7
35872,3,2
35873,3,2
35874,3,3
35875,2,4
35876,3,3
35877,4,9
35878,9,9
35879,2,4
35880,6,1
35881,3,3
35882,1,2
35883,4,6
35884,4,4
35885,3,2
35886,0,6
35887,3,2
35888,0,6
35889,7,5
35890,5,3
35891,3,3
35892,2,9
35893,2,9
35894,2,9
35895,2,4
35896,4,0
35897,6,1
35898,5,3
35899,2,7
35900,6,1
35901,3,2
35902,3,2
35903,8,5
35904,0,4
35905,0,0
35906,7,5
35907,6,1
35908,6,1
35909,6,2
35910,0,6
35911,3,3
35912,6,1
35913,0,4
35914,1,3
35915,8,5
35916,6,8
35917,6,6
35918,0,6
35919,2,7
35920,2,7
35921,6,8
35922,1,3
35923,4,0
35924,7,8
35925,6,1
35926,2,4
35927,6,2
35928,7,8
35929,6,3
35930,1,2
35931,0,4
35932,7,8
35933,7,5
35934,4,0
35935,0,6
35936,4,0
35937,2,7
35938,2,7
35939,3,8
35940,7,8
35941,2,9
35942,6,1
35943,0,0
35944,7,3
35945,6,1
35946,4,4
35947,3,2
35948,0,6
35949,6,3
35950,8,8
35951,0,4
35952,8,4
35953,8,5
35954,3,3
35955,0,6
35956,2,9
35957,2,7
35958,7,8
35959,4,0
35960,2,7
35961,2,7
35962,4,6
35963,4,0
35964,2,4
35965,2,7
35966,2,4
35967,7,8
35968,0,6
35969,3,3
35970,1,2
35971,6,0
35972,4,0
35973,0,0
35974,6,2
35975,7,5
35976,4,5
35977,8,5
35978,2,7
35979,3,3
35980,2,7
35981,7,8
35982,4,0
35983,7,8
35984,6,3
35985,6,1
35986,7,3
35987,6,8
35988,0,6
35989,0,4
35990,2,1
35991,2,9
35992,6,2
35993,0,6
35994,4,0
35995,6,1
35996,4,9
35997,7,8
35998,2,7
35999,0,0
36000,2,9
36001,6,2
36002,0,6
36003,2,7
36004,2,9
36005,3,3
36006,3,2
36007,2,9
36008,3,8
36009,6,2
36010,3,8
36011,7,5
36012,6,7
36013,2,9
36014,7,6
36015,7,5
36016,1,2
36017,2,4
36018,7,3
36019,4,0
36020,8,8
36021,7,3
36022,4,0
36023,3,3
36024,2,9
36025,0,4
36026,7,5
36027,2,7
36028,7,5
36029,2,9
36030,6,1
36031,0,0
36032,5,3
36033,6,1
36034,8,8
36035,2,9
36036,0,6
36037,6,1
36038,0,6
36039,6,2
36040,4,0
36041,2,7
36042,6,1
36043,2,9
36044,2,9
36045,6,1
36046,8,3
36047,0,0
36048,3,3
36049,8,6
36050,4,9
36051,3,2
36052,2,7
36053,0,4
36054,6,8
36055,6,0
36056,3,2
36057,3,3
36058,2,9
36059,8,5
36060,7,5
36061,0,6
36062,2,9
36063,0,6
36064,3,2
36065,8,5
36066,3,8
36067,6,6
36068,0,6
36069,2,7
36070,0,6
36071,6,1
36072,4,2
36073,8,4
36074,2,9
36075,0,4
36076,3,3
36077,3,2
36078,1,3
36079,0,6
36080,4,9
36081,6,2
36082,3,3
36083,2,9
36084,4,0
36085,6,1
36086,7,5
36087,8,5
36088,2,7
36089,8,5
36090,4,0
36091,8,5
36092,4,4
36093,7,3
36094,6,1
36095,6,1
36096,7,8
36097,0,4
36098,6,1
36099,6,8
36100,6,2
36101,0,6
36102,4,9
36103,3,3
36104,2,9
36105,2,7
36106,6,1
36107,0,0
36108,6,1
36109,2,9
36110,6,1
36111,7,5
36112,3,2
36113,8,6
36114,8,8
36115,2,7
36116,4,0
36117,6,1
36118,8,5
36119,3,3
36120,5,2
36121,6,8
36122,9,9
36123,3,2
36124,6,1
36125,0,6
36126,8,5
36127,3,2
36128,1,3
36129,0,6
36130,1,3
36131,0,4
36132,7,3
36133,6,2
36134,2,7
36135,2,7
36136,2,7
36137,6,8
36138,4,0
36139,2,7
36140,2,7
36141,6,1
36142,1,2
36143,4,0
36144,0,6
36145,1,1
36146,4,0
36147,1,2
36148,2,9
36149,1,3
36150,1,7
36151,2,4
36152,2,7
36153,7,5
36154,7,3
36155,0,6
36156,2,7
36157,2,7
36158,6,7
36159,7,8
36160,2,4
36161,2,9
36162,2,9
36163,3,0
36164,6,1
36165,1,1
36166,5,2
36167,1,2
36168,4,0
36169,1,3
36170,3,2
36171,2,4
36172,2,9
36173,7,5
36174,0,4
36175,0,6
36176,0,6
36177,2,7
36178,2,7
36179,7,8
36180,7,3
36181,2,9
36182,6,8
36183,5,0
36184,0,6
36185,6,1
36186,4,9
36187,1,2
36188,2,7
36189,1,3
36190,4,4
36191,2,4
36192,3,8
36193,7,5
36194,4,9
36195,0,6
36196,2,9
36197,2,7
36198,4,0
36199,7,8
36200,4,4
36201,2,9
36202,0,4
36203,2,9
36204,2,4
36205,2,7
36206,7,3
36207,7,5
36208,2,4
36209,3,2
36210,7,8
36211,2,9
36212,6,4
36213,4,0
36214,7,5
36215,6,1
36216,1,3
36217,7,5
36218,2,4
36219,7,8
36220,0,6
36221,3,8
36222,2,4
36223,4,0
36224,6,8
36225,2,9
36226,2,4
36227,3,3
36228,2,4
36229,3,2
36230,2,7
36231,2,7
36232,0,6
36233,7,8
36234,2,7
36235,2,4
36236,7,5
36237,0,6
36238,2,7
36239,6,1
36240,6,1
36241,4,0
36242,8,3
36243,2,4
36244,7,5
36245,7,5
36246,2,4
36247,3,3
36248,2,3
36249,2,9
36250,7,8
36251,5,0
36252,7,5
36253,7,5
36254,0,6
36255,4,0
36256,7,5
36257,6,1
36258,2,7
36259,0,6
36260,4,0
36261,2,9
36262,7,3
36263,3,3
36264,6,1
36265,6,1
36266,3,2
36267,0,6
36268,4,5
36269,4,0
36270,7,8
36271,6,1
36272,4,0
36273,6,1
36274,0,6
36275,7,8
36276,6,1
36277,4,0
36278,0,6
36279,2,4
36280,2,4
36281,2,7
36282,2,9
36283,2,7
36284,2,7
36285,0,6
36286,2,4
36287,1,3
36288,6,1
36289,7,5
36290,5,0
36291,0,6
36292,3,2
36293,0,6
36294,0,6
36295,3,3
36296,4,4
36297,6,1
36298,3,3
36299,7,8
36300,7,8
36301,3,3
36302,2,7
36303,7,5
36304,4,0
36305,0,6
36306,2,9
36307,2,7
36308,0,6
36309,7,5
36310,0,6
36311,1,2
36312,4,0
36313,2,7
36314,0,4
36315,6,1
36316,2,7
36317,6,1
36318,4,0
36319,2,9
36320,1,8
36321,1,2
36322,2,4
36323,7,8
36324,1,3
36325,7,8
36326,3,2
36327,3,3
36328,2,9
36329,1,3
36330,7,5
36331,4,0
36332,8,5
36333,6,1
36334,2,7
36335,3,2
36336,2,4
36337,3,3
36338,6,3
36339,0,4
36340,2,7
36341,7,5
36342,2,4
36343,0,6
36344,0,6
36345,2,7
36346,2,4
36347,7,8
36348,6,9
36349,2,9
36350,2,4
36351,4,0
36352,2,7
36353,6,1
36354,7,5
36355,3,2
36356,6,1
36357,3,3
36358,0,6
36359,2,4
36360,2,9
36361,7,5
36362,4,0
36363,7,6
36364,0,4
36365,2,7
36366,7,5
36367,6,8
36368,6,1
36369,2,9
36370,6,9
36371,3,0
36372,0,6
36373,6,1
36374,3,2
36375,3,2
36376,4,0
36377,1,3
36378,2,9
36379,2,4
36380,6,1
36381,6,5
36382,6,1
36383,0,6
36384,2,4
36385,2,7
36386,6,8
36387,6,8
36388,6,1
36389,2,9
36390,0,6
36391,4,0
36392,6,9
36393,4,0
36394,2,4
36395,2,7
36396,6,2
36397,3,2
36398,1,7
36399,2,4
36400,2,4
36401,0,2
36402,2,9
36403,0,6
36404,2,7
36405,7,5
36406,3,3
36407,7,5
36408,6,1
36409,3,3
36410,6,1
36411,2,7
36412,4,0
36413,7,8
36414,4,0
36415,0,6
36416,8,6
36417,7,6
36418,2,9
36419,2,4
36420,2,9
36421,4,3
36422,8,1
36423,3,2
36424,7,5
36425,0,6
36426,6,1
36427,7,3
36428,4,4
36429,7,8
36430,2,7
36431,4,0
36432,1,3
36433,6,1
36434,6,4
36435,0,4
36436,6,7
36437,7,5
36438,4,9
36439,0,6
36440,4,0
36441,0,4
36442,1,1
36443,6,7
36444,0,6
36445,6,8
36446,0,6
36447,4,0
36448,6,1
36449,3,3
36450,0,2
36451,6,1
36452,7,5
36453,7,5
36454,7,5
36455,2,4
36456,2,9
36457,6,1
36458,3,3
36459,2,9
36460,5,2
36461,6,1
36462,0,2
36463,3,2
36464,2,9
36465,2,7
36466,0,4
36467,4,0
36468,4,0
36469,6,1
36470,7,5
36471,3,3
36472,2,7
36473,6,8
36474,2,9
36475,3,2
36476,4,0
36477,2,9
36478,7,8
36479,2,7
36480,7,5
36481,2,9
36482,8,5
36483,6,4
36484,4,0
36485,3,2
36486,7,9
36487,7,5
36488,6,3
36489,7,8
36490,6,1
36491,7,6
36492,4,8
36493,7,5
36494,2,4
36495,7,5
36496,0,6
36497,2,9
36498,6,7
36499,2,9
36500,2,9
36501,6,1
36502,2,4
36503,6,8
36504,4,6
36505,3,2
36506,3,0
36507,6,9
36508,5,5
36509,6,1
36510,2,9
36511,3,3
36512,2,7
36513,0,4
36514,7,5
36515,3,3
36516,7,5
36517,6,1
36518,2,4
36519,4,0
36520,6,1
36521,2,9
36522,3,2
36523,0,6
36524,0,0
36525,7,3
36526,2,9
36527,7,6
36528,8,5
36529,6,8
36530,2,7
36531,2,7
36532,6,1
36533,4,0
36534,2,7
36535,6,1
36536,6,1
36537,4,0
36538,2,9
36539,6,5
36540,2,4
36541,6,8
36542,3,3
36543,3,2
36544,8,5
36545,2,7
36546,6,7
36547,6,7
36548,0,4
36549,4,0
36550,2,9
36551,6,1
36552,4,4
36553,1,2
36554,2,7
36555,1,3
36556,8,5
36557,2,4
36558,6,1
36559,7,5
36560,4,0
36561,0,6
36562,4,0
36563,2,7
36564,4,0
36565,7,8
36566,3,3
36567,2,9
36568,3,2
36569,0,0
36570,0,6
36571,6,1
36572,1,3
36573,1,2
36574,0,6
36575,1,3
36576,8,8
36577,2,4
36578,0,6
36579,7,5
36580,2,7
36581,0,6
36582,3,8
36583,2,7
36584,2,4
36585,7,8
36586,4,0
36587,2,9
36588,7,5
36589,0,0
36590,0,6
36591,6,1
36592,1,3
36593,1,2
36594,6,1
36595,1,3
36596,0,4
36597,2,4
36598,8,8
36599,1,5
36600,3,2
36601,0,6
36602,8,5
36603,2,7
36604,8,3
36605,7,8
36606,2,9
36607,2,9
36608,8,1
36609,7,5
36610,7,8
36611,2,7
36612,2,7
36613,2,7
36614,5,2
36615,2,7
36616,8,6
36617,4,0
36618,6,1
36619,2,4
36620,4,0
36621,0,0
36622,7,8
36623,1,3
36624,3,2
36625,6,1
36626,6,1
36627,7,8
36628,4,0
36629,2,9
36630,2,4
36631,1,2
36632,2,4
36633,6,1
36634,2,4
36635,7,8
36636,0,6
36637,0,6
36638,0,5
36639,7,5
36640,2,4
36641,2,4
36642,7,5
36643,2,7
36644,1,3
36645,1,3
36646,4,0
36647,2,4
36648,2,8
36649,6,1
36650,2,7
36651,7,8
36652,7,8
36653,0,6
36654,2,7
36655,2,9
36656,6,8
36657,6,1
36658,8,5
36659,2,4
36660,0,6
36661,7,5
36662,5,2
36663,7,5
36664,2,4
36665,0,6
36666,2,9
36667,4,0
36668,0,4
36669,6,1
36670,2,9
36671,1,3
36672,4,8
36673,0,6
36674,2,4
36675,2,4
36676,0,4
36677,7,8
36678,2,9
36679,2,9
36680,3,2
36681,7,8
36682,6,1
36683,7,5
36684,1,3
36685,3,2
36686,8,6
36687,6,1
36688,2,7
36689,4,0
36690,7,5
36691,2,7
36692,0,0
36693,1,2
36694,3,2
36695,7,5
36696,3,8
36697,7,5
36698,0,6
36699,0,6
36700,2,7
36701,0,6
36702,0,6
36703,0,6
36704,0,2
36705,3,3
36706,2,4
36707,1,3
36708,6,8
36709,1,3
36710,7,8
36711,6,1
36712,4,0
36713,2,7
36714,7,6
36715,1,2
36716,5,3
36717,1,2
36718,3,2
36719,2,7
36720,2,9
36721,1,2
36722,7,5
36723,1,3
36724,0,6
36725,0,6
36726,2,4
36727,7,8
36728,6,2
36729,7,5
36730,2,7
36731,6,1
36732,7,3
36733,2,4
36734,4,0
36735,2,9
36736,8,5
36737,0,0
36738,6,1
36739,7,5
36740,1,3
36741,4,0
36742,2,4
36743,0,6
36744,8,1
36745,7,8
36746,0,6
36747,7,8
36748,2,7
36749,4,0
36750,7,5
36751,7,8
36752,6,8
36753,1,2
36754,7,8
36755,1,3
36756,8,5
36757,2,9
36758,2,7
36759,2,4
36760,4,7
36761,1,3
36762,2,7
36763,2,7
36764,4,0
36765,6,1
36766,4,6
36767,2,7
36768,6,2
36769,0,6
36770,1,8
36771,2,9
36772,0,6
36773,2,4
36774,8,5
36775,1,2
36776,6,8
36777,2,9
36778,6,1
36779,2,9
36780,4,0
36781,3,2
36782,2,9
36783,0,0
36784,0,6
36785,7,8
36786,6,1
36787,7,5
36788,3,0
36789,0,0
36790,2,4
36791,2,4
36792,0,6
36793,2,9
36794,6,1
36795,2,4
36796,2,7
36797,4,0
36798,0,6
36799,2,7
36800,7,5
36801,6,1
36802,3,3
36803,1,3
36804,7,5
36805,1,2
36806,2,7
36807,2,9
36808,2,9
36809,4,0
36810,0,6
36811,6,1
36812,8,5
36813,6,2
36814,6,1
36815,7,3
36816,3,8
36817,2,4
36818,6,7
36819,7,5
36820,1,8
36821,0,6
36822,6,1
36823,2,7
36824,4,0
36825,3,8
36826,0,6
36827,2,9
36828,3,8
36829,4,0
36830,2,9
36831,6,1
36832,2,9
36833,1,2
36834,4,8
36835,1,3
36836,0,4
36837,2,4
36838,0,6
36839,7,5
36840,2,7
36841,0,6
36842,4,0
36843,2,7
36844,6,2
36845,7,8
36846,3,2
36847,2,9
36848,4,0
36849,4,0
36850,7,5
36851,6,1
36852,3,3
36853,1,2
36854,6,8
36855,1,3
36856,2,7
36857,0,6
36858,3,2
36859,6,7
36860,2,9
36861,7,8
36862,1,3
36863,2,9
36864,6,1
36865,7,8
36866,4,6
36867,2,4
36868,6,2
36869,7,0
36870,7,8
36871,4,0
36872,3,3
36873,2,7
36874,4,0
36875,3,2
36876,2,7
36877,0,4
36878,3,8
36879,1,2
36880,2,9
36881,0,6
36882,4,0
36883,7,5
36884,3,2
36885,1,5
36886,2,9
36887,1,3
36888,7,5
36889,2,7
36890,8,6
36891,7,8
36892,2,1
36893,0,6
36894,1,0
36895,0,6
36896,7,5
36897,0,4
36898,6,1
36899,7,3
36900,1,5
36901,6,2
36902,2,7
36903,0,6
36904,5,2
36905,0,6
36906,2,9
36907,2,4
36908,6,1
36909,2,4
36910,0,6
36911,7,3
36912,3,3
36913,3,8
36914,3,2
36915,7,8
36916,2,7
36917,3,3
36918,7,5
36919,4,0
36920,2,9
36921,6,1
36922,2,9
36923,2,4
36924,6,1
36925,2,7
36926,2,7
36927,7,8
36928,6,1
36929,4,0
36930,2,9
36931,7,3
36932,4,4
36933,6,1
36934,2,9
36935,2,9
36936,6,2
36937,4,0
36938,2,4
36939,7,5
36940,4,4
36941,2,4
36942,6,2
36943,6,1
36944,7,8
36945,2,9
36946,1,3
36947,6,1
36948,4,0
36949,1,2
36950,3,2
36951,2,7
36952,2,4
36953,4,0
36954,2,7
36955,6,1
36956,6,1
36957,7,3
36958,1,2
36959,7,8
36960,2,9
36961,1,2
36962,2,4
36963,2,9
36964,2,7
36965,6,2
36966,0,6
36967,2,7
36968,6,1
36969,2,7
36970,8,4
36971,6,9
36972,2,7
36973,2,9
36974,7,8
36975,4,0
36976,2,4
36977,2,4
36978,1,2
36979,1,2
36980,0,6
36981,7,5
36982,1,2
36983,7,8
36984,4,5
36985,0,6
36986,4,8
36987,7,5
36988,2,9
36989,7,5
36990,3,3
36991,2,9
36992,6,1
36993,2,9
36994,4,0
36995,6,1
36996,0,6
36997,6,1
36998,1,2
36999,7,5
37000,0,4
37001,2,7
37002,2,9
37003,0,6
37004,8,5
37005,7,8
37006,7,5
37007,6,2
37008,6,1
37009,2,9
37010,2,4
37011,6,1
37012,6,1
37013,7,3
37014,6,1
37015,6,2
37016,8,5
37017,3,3
37018,0,6
37019,2,4
37020,6,2
37021,3,3
37022,3,3
37023,6,1
37024,6,1
37025,2,9
37026,1,9
37027,4,0
37028,0,6
37029,2,9
37030,6,8
37031,7,5
37032,6,8
37033,0,6
37034,6,7
37035,3,3
37036,6,1
37037,0,6
37038,6,1
37039,7,8
37040,1,2
37041,2,7
37042,3,3
37043,4,0
37044,8,6
37045,6,1
37046,2,9
37047,4,0
37048,8,9
37049,7,5
37050,8,6
37051,7,8
37052,4,0
37053,3,2
37054,3,3
37055,2,7
37056,8,5
37057,2,7
37058,6,1
37059,7,0
37060,2,9
37061,6,1
37062,6,9
37063,1,2
37064,2,7
37065,1,3
37066,7,5
37067,2,4
37068,2,7
37069,7,5
37070,4,5
37071,0,6
37072,7,5
37073,2,7
37074,8,4
37075,1,8
37076,2,4
37077,2,9
37078,4,8
37079,4,0
37080,0,4
37081,6,1
37082,3,3
37083,1,2
37084,1,2
37085,1,3
37086,4,5
37087,2,4
37088,2,9
37089,6,5
37090,6,7
37091,0,6
37092,4,0
37093,2,7
37094,6,8
37095,7,8
37096,7,8
37097,2,9
37098,2,7
37099,7,0
37100,6,7
37101,6,1
37102,6,1
37103,3,2
37104,0,4
37105,1,3
37106,4,8
37107,2,7
37108,2,9
37109,7,8
37110,6,1
37111,2,9
37112,4,4
37113,1,0
37114,7,5
37115,2,9
37116,6,1
37117,7,5
37118,6,3
37119,7,5
37120,3,2
37121,0,6
37122,6,8
37123,2,9
37124,7,3
37125,7,8
37126,2,9
37127,2,9
37128,0,4
37129,7,8
37130,6,8
37131,2,7
37132,6,3
37133,2,7
37134,8,3
37135,1,3
37136,2,9
37137,6,5
37138,6,1
37139,6,1
37140,8,6
37141,4,0
37142,0,6
37143,3,2
37144,8,4
37145,1,2
37146,2,7
37147,6,7
37148,7,5
37149,1,8
37150,2,9
37151,1,2
37152,6,8
37153,1,0
37154,8,1
37155,6,1
37156,2,4
37157,1,2
37158,4,0
37159,0,6
37160,6,5
37161,1,3
37162,2,9
37163,1,3
37164,7,5
37165,2,7
37166,1,3
37167,1,3
37168,6,7
37169,1,3
37170,7,8
37171,2,4
37172,3,2
37173,0,6
37174,3,3
37175,0,6
37176,2,4
37177,0,6
37178,6,8
37179,6,1
37180,7,5
37181,7,5
37182,6,1
37183,1,0
37184,7,8
37185,1,8
37186,5,3
37187,1,2
37188,1,3
37189,7,0
37190,6,1
37191,6,1
37192,4,0
37193,6,7
37194,8,6
37195,0,6
37196,6,1
37197,1,3
37198,1,8
37199,3,2
37200,6,1
37201,6,1
37202,6,8
37203,6,7
37204,1,3
37205,1,3
37206,2,9
37207,6,1
37208,0,6
37209,1,3
37210,1,2
37211,2,9
37212,2,7
37213,6,1
37214,6,2
37215,2,7
37216,7,5
37217,0,6
37218,0,6
37219,7,8
37220,4,0
37221,2,4
37222,0,6
37223,1,3
37224,4,0
37225,6,1
37226,7,5
37227,2,4
37228,0,6
37229,1,3
37230,6,6
37231,0,6
37232,6,1
37233,2,9
37234,3,2
37235,0,6
37236,0,6
37237,6,1
37238,0,6
37239,2,4
37240,7,8
37241,1,2
37242,2,9
37243,5,2
37244,3,3
37245,2,7
37246,0,6
37247,2,9
37248,0,4
37249,6,5
37250,1,3
37251,2,4
37252,4,0
37253,7,8
37254,0,6
37255,1,8
37256,7,6
37257,2,4
37258,5,2
37259,2,9
37260,6,3
37261,1,0
37262,2,4
37263,3,8
37264,2,4
37265,2,9
37266,1,3
37267,6,8
37268,2,9
37269,0,0
37270,7,5
37271,3,3
37272,0,4
37273,0,4
37274,3,2
37275,5,5
37276,4,5
37277,0,6
37278,4,8
37279,6,7
37280,6,3
37281,1,8
37282,0,6
37283,2,9
37284,3,3
37285,6,1
37286,6,1
37287,7,0
37288,2,7
37289,6,1
37290,6,1
37291,3,2
37292,0,6
37293,3,3
37294,0,4
37295,0,4
37296,5,2
37297,2,7
37298,2,7
37299,6,8
37300,7,5
37301,2,9
37302,4,4
37303,7,0
37304,1,3
37305,6,1
37306,2,9
37307,3,2
37308,7,5
37309,1,3
37310,4,6
37311,0,4
37312,7,8
37313,5,5
37314,1,3
37315,0,6
37316,8,8
37317,2,7
37318,2,9
37319,6,8
37320,3,2
37321,2,9
37322,3,2
37323,4,0
37324,7,8
37325,6,8
37326,2,9
37327,6,7
37328,4,4
37329,6,8
37330,6,1
37331,2,9
37332,7,3
37333,2,9
37334,0,6
37335,4,0
37336,8,6
37337,6,1
37338,2,9
37339,0,4
37340,0,6
37341,6,5
37342,1,8
37343,6,1
37344,1,8
37345,0,6
37346,8,6
37347,9,2
37348,2,7
37349,2,9
37350,0,6
37351,0,6
37352,2,9
37353,2,7
37354,6,1
37355,3,3
37356,0,6
37357,2,9
37358,8,5
37359,2,9
37360,5,2
37361,3,3
37362,7,3
37363,6,8
37364,8,5
37365,6,1
37366,0,4
37367,3,2
37368,3,3
37369,2,9
37370,0,6
37371,0,6
37372,2,4
37373,0,3
37374,7,3
37375,7,5
37376,2,9
37377,4,0
37378,6,1
37379,5,5
37380,7,5
37381,0,4
37382,4,0
37383,3,3
37384,6,1
37385,0,4
37386,1,2
37387,2,7
37388,2,4
37389,2,7
37390,8,6
37391,2,9
37392,0,4
37393,6,1
37394,2,7
37395,0,4
37396,8,8
37397,1,3
37398,6,8
37399,2,7
37400,2,9
37401,0,6
37402,2,7
37403,0,2
37404,1,3
37405,6,1
37406,3,8
37407,6,5
37408,4,0
37409,6,5
37410,2,4
37411,4,0
37412,6,2
37413,6,5
37414,7,5
37415,4,0
37416,6,2
37417,6,8
37418,3,2
37419,0,4
37420,2,7
37421,0,6
37422,1,3
37423,2,7
37424,2,9
37425,4,0
37426,6,2
37427,2,2
37428,7,8
37429,0,4
37430,4,9
37431,6,8
37432,4,0
37433,6,1
37434,8,8
37435,0,2
37436,6,8
37437,0,2
37438,7,5
37439,3,3
37440,4,2
37441,6,1
37442,3,6
37443,3,3
37444,6,8
37445,0,6
37446,3,2
37447,2,4
37448,8,5
37449,2,9
37450,2,4
37451,0,6
37452,4,0
37453,5,5
37454,1,3
37455,6,1
37456,3,8
37457,2,9
37458,6,8
37459,6,8
37460,3,8
37461,6,1
37462,3,2
37463,6,1
37464,5,3
37465,6,5
37466,2,9
37467,4,0
37468,3,3
37469,9,2
37470,3,3
37471,2,7
37472,8,5
37473,6,8
37474,2,9
37475,0,6
37476,0,6
37477,0,6
37478,1,3
37479,6,8
37480,2,7
37481,9,2
37482,6,1
37483,6,8
37484,3,2
37485,0,4
37486,6,2
37487,0,4
37488,8,8
37489,3,2
37490,2,4
37491,0,2
37492,4,4
37493,6,8
37494,2,7
37495,4,0
37496,2,4
37497,4,0
37498,2,9
37499,6,1
37500,2,7
37501,3,2
37502,8,6
37503,3,3
37504,6,2
37505,2,4
37506,4,0
37507,8,5
37508,6,7
37509,0,6
37510,4,0
37511,4,0
37512,7,8
37513,6,1
37514,3,2
37515,1,2
37516,2,4
37517,1,3
37518,6,1
37519,8,4
37520,2,9
37521,8,5
37522,2,8
37523,0,6
37524,7,3
37525,2,7
37526,3,2
37527,6,8
37528,0,4
37529,4,0
37530,2,4
37531,6,1
37532,3,2
37533,1,2
37534,2,9
37535,0,6
37536,1,7
37537,2,7
37538,4,9
37539,6,8
37540,3,3
37541,2,9
37542,0,6
37543,4,0
37544,0,6
37545,3,2
37546,2,4
37547,6,1
37548,7,5
37549,0,6
37550,2,7
37551,8,5
37552,1,5
37553,2,9
37554,4,0
37555,3,3
37556,2,7
37557,8,5
37558,7,5
37559,4,0
37560,6,2
37561,2,7
37562,2,4
37563,6,1
37564,6,1
37565,6,1
37566,1,3
37567,3,5
37568,6,2
37569,5,3
37570,3,2
37571,4,0
37572,1,3
37573,2,7
37574,7,5
37575,2,9
37576,0,6
37577,0,6
37578,3,3
37579,6,1
37580,3,2
37581,0,6
37582,8,5
37583,2,7
37584,8,5
37585,2,4
37586,2,9
37587,2,9
37588,0,2
37589,8,5
37590,7,5
37591,2,7
37592,7,5
37593,2,9
37594,2,4
37595,7,8
37596,2,7
37597,8,5
37598,6,1
37599,0,6
37600,7,8
37601,1,2
37602,6,7
37603,2,4
37604,3,3
37605,3,8
37606,8,5
37607,6,1
37608,7,8
37609,7,5
37610,3,2
37611,2,9
37612,2,7
37613,4,2
37614,6,1
37615,6,2
37616,2,4
37617,6,8
37618,6,1
37619,4,0
37620,6,8
37621,0,6
37622,7,3
37623,2,4
37624,6,1
37625,3,3
37626,1,3
37627,1,3
37628,7,8
37629,6,1
37630,3,2
37631,4,2
37632,0,2
37633,2,4
37634,2,4
37635,6,1
37636,7,3
37637,4,9
37638,1,2
37639,0,6
37640,2,4
37641,2,9
37642,4,0
37643,3,3
37644,7,8
37645,2,4
37646,3,2
37647,4,0
37648,6,4
37649,1,3
37650,6,1
37651,4,9
37652,6,3
37653,4,0
37654,2,9
37655,1,2
37656,4,0
37657,2,7
37658,1,3
37659,6,1
37660,3,2
37661,6,1
37662,8,5
37663,4,0
37664,2,9
37665,2,7
37666,0,6
37667,0,6
37668,6,2
37669,3,2
37670,6,1
37671,3,2
37672,3,8
37673,2,7
37674,6,1
37675,0,6
37676,0,6
37677,4,0
37678,4,0
37679,0,6
37680,8,5
37681,2,9
37682,2,9
37683,2,4
37684,2,7
37685,3,8
37686,4,0
37687,2,4
37688,4,9
37689,3,3
37690,1,3
37691,3,3
37692,1,3
37693,2,7
37694,2,7
37695,7,8
37696,3,2
37697,4,0
37698,7,5
37699,7,5
37700,3,3
37701,6,8
37702,7,9
37703,3,3
37704,2,8
37705,4,0
37706,2,7
37707,0,6
37708,4,0
37709,6,8
37710,6,8
37711,3,3
37712,0,4
37713,2,7
37714,4,0
37715,7,8
37716,6,1
37717,8,5
37718,1,3
37719,6,1
37720,3,8
37721,3,8
37722,2,4
37723,4,0
37724,0,6
37725,6,1
37726,7,5
37727,5,2
37728,6,1
37729,3,3
37730,1,3
37731,2,4
37732,6,1
37733,2,7
37734,2,2
37735,6,8
37736,4,4
37737,2,9
37738,4,0
37739,0,0
37740,7,5
37741,6,1
37742,6,1
37743,6,2
37744,4,0
37745,1,3
37746,1,3
37747,2,4
37748,2,9
37749,7,5
37750,7,5
37751,0,6
37752,4,0
37753,2,7
37754,2,9
37755,6,8
37756,7,3
37757,2,9
37758,1,0
37759,4,0
37760,3,2
37761,6,1
37762,2,7
37763,3,2
37764,2,9
37765,1,3
37766,1,2
37767,2,4
37768,7,8
37769,2,7
37770,2,7
37771,6,8
37772,2,9
37773,6,9
37774,6,8
37775,2,7
37776,1,8
37777,3,2
37778,7,8
37779,2,9
37780,4,0
37781,2,9
37782,6,1
37783,6,8
37784,2,7
37785,2,4
37786,3,3
37787,4,0
37788,0,6
37789,3,3
37790,4,0
37791,7,5
37792,3,3
37793,2,4
37794,4,4
37795,1,3
37796,7,3
37797,3,3
37798,3,2
37799,0,4
37800,0,4
37801,0,6
37802,6,1
37803,0,6
37804,0,6
37805,7,5
37806,6,2
37807,7,5
37808,6,8
37809,6,1
37810,3,8
37811,2,7
37812,3,2
37813,6,8
37814,4,0
37815,2,4
37816,2,1
37817,7,5
37818,1,7
37819,2,7
37820,8,5
37821,1,3
37822,4,0
37823,7,5
37824,2,9
37825,3,2
37826,4,4
37827,3,3
37828,6,1
37829,0,6
37830,7,5
37831,0,6
37832,3,2
37833,2,7
37834,6,7
37835,2,7
37836,7,5
37837,4,0
37838,6,2
37839,6,1
37840,2,4
37841,4,0
37842,0,5
37843,6,1
37844,4,0
37845,0,6
37846,2,4
37847,3,3
37848,7,3
37849,6,1
37850,8,5
37851,2,4
37852,7,5
37853,2,7
37854,4,0
37855,3,3
37856,7,0
37857,7,8
37858,4,4
37859,0,6
37860,7,3
37861,1,2
37862,6,1
37863,3,2
37864,7,5
37865,6,5
37866,2,9
37867,2,9
37868,7,8
37869,6,1
37870,7,8
37871,2,7
37872,0,6
37873,6,9
37874,8,5
37875,2,7
37876,2,7
37877,2,9
37878,2,7
37879,2,9
37880,6,2
37881,6,1
37882,1,1
37883,0,0
37884,2,4
37885,6,8
37886,1,3
37887,2,9
37888,0,6
37889,3,3
37890,3,3
37891,6,8
37892,0,6
37893,2,4
37894,7,5
37895,0,6
37896,7,3
37897,6,1
37898,2,7
37899,2,4
37900,2,7
37901,7,0
37902,4,0
37903,3,3
37904,3,2
37905,0,6
37906,2,9
37907,2,4
37908,1,3
37909,6,8
37910,7,8
37911,6,1
37912,6,3
37913,1,3
37914,4,0
37915,6,1
37916,2,4
37917,4,0
37918,3,2
37919,2,9
37920,6,1
37921,6,0
37922,2,7
37923,6,1
37924,7,8
37925,3,2
37926,2,1
37927,3,3
37928,3,3
37929,8,5
37930,6,7
37931,0,6
37932,2,9
37933,6,8
37934,4,9
37935,2,9
37936,6,1
37937,4,0
37938,6,1
37939,6,1
37940,5,3
37941,3,2
37942,6,2
37943,3,3
37944,3,3
37945,2,4
37946,1,0
37947,6,7
37948,6,1
37949,6,8
37950,4,0
37951,2,9
37952,6,8
37953,4,0
37954,4,0
37955,6,1
37956,7,8
37957,3,2
37958,2,4
37959,3,3
37960,2,7
37961,2,4
37962,4,8
37963,2,7
37964,3,2
37965,2,9
37966,0,6
37967,6,2
37968,4,0
37969,3,2
37970,4,0
37971,2,7
37972,6,1
37973,0,6
37974,1,2
37975,2,4
37976,4,9
37977,4,0
37978,6,1
37979,6,8
37980,4,0
37981,4,0
37982,0,6
37983,6,5
37984,6,7
37985,6,2
37986,2,4
37987,2,7
37988,2,4
37989,0,2
37990,0,6
37991,3,3
37992,7,5
37993,0,6
37994,2,7
37995,3,2
37996,7,3
37997,6,1
37998,0,6
37999,2,7
38000,6,8
38001,1,7
38002,6,1
38003,2,9
38004,2,7
38005,2,9
38006,2,9
38007,6,1
38008,4,0
38009,3,2
38010,3,2
38011,2,4
38012,4,4
38013,0,6
38014,7,8
38015,2,7
38016,6,1
38017,2,7
38018,1,7
38019,7,5
38020,2,9
38021,2,4
38022,8,6
38023,7,5
38024,6,2
38025,4,0
38026,2,7
38027,6,1
38028,0,6
38029,6,1
38030,2,9
38031,2,9
38032,0,6
38033,3,2
38034,2,7
38035,4,0
38036,3,2
38037,6,3
38038,7,5
38039,6,1
38040,6,2
38041,2,4
38042,4,0
38043,4,0
38044,7,8
38045,0,6
38046,2,9
38047,2,4
38048,2,9
38049,3,3
38050,0,6
38051,2,9
38052,2,4
38053,6,3
38054,4,0
38055,0,0
38056,6,1
38057,4,0
38058,1,3
38059,7,5
38060,3,5
38061,3,2
38062,4,0
38063,6,8
38064,2,9
38065,6,8
38066,3,3
38067,6,8
38068,6,2
38069,6,8
38070,1,2
38071,7,5
38072,2,4
38073,8,5
38074,6,8
38075,6,7
38076,2,7
38077,6,1
38078,6,2
38079,2,4
38080,3,2
38081,6,1
38082,9,9
38083,6,3
38084,0,6
38085,6,8
38086,1,3
38087,2,9
38088,2,7
38089,3,3
38090,4,5
38091,6,7
38092,8,8
38093,6,4
38094,6,2
38095,6,1
38096,6,7
38097,6,1
38098,6,7
38099,4,0
38100,4,0
38101,8,6
38102,7,0
38103,4,0
38104,0,6
38105,6,1
38106,4,0
38107,3,2
38108,3,2
38109,1,3
38110,4,0
38111,0,4
38112,7,8
38113,7,5
38114,0,6
38115,0,6
38116,7,3
38117,6,7
38118,2,9
38119,6,8
38120,6,2
38121,2,9
38122,2,4
38123,4,0
38124,3,2
38125,6,1
38126,4,0
38127,6,2
38128,4,0
38129,3,3
38130,1,3
38131,0,4
38132,0,4
38133,2,7
38134,7,5
38135,7,8
38136,6,8
38137,2,9
38138,4,0
38139,4,0
38140,6,2
38141,6,1
38142,6,8
38143,3,2
38144,2,7
38145,3,3
38146,6,8
38147,6,4
38148,3,2
38149,2,7
38150,4,4
38151,7,8
38152,0,6
38153,2,9
38154,4,9
38155,4,0
38156,0,6
38157,4,0
38158,7,8
38159,6,1
38160,6,1
38161,4,0
38162,4,0
38163,6,1
38164,6,1
38165,6,5
38166,1,3
38167,3,3
38168,2,4
38169,0,4
38170,6,2
38171,3,2
38172,0,6
38173,6,4
38174,7,3
38175,0,4
38176,0,6
38177,4,0
38178,6,7
38179,4,0
38180,1,3
38181,0,6
38182,7,9
38183,2,9
38184,2,7
38185,0,6
38186,2,7
38187,0,6
38188,0,4
38189,6,5
38190,0,6
38191,2,7
38192,0,6
38193,3,3
38194,4,5
38195,0,2
38196,6,1
38197,3,2
38198,4,0
38199,3,3
38200,4,0
38201,2,4
38202,7,5
38203,2,4
38204,2,9
38205,2,9
38206,6,1
38207,6,1
38208,3,2
38209,0,4
38210,2,7
38211,7,0
38212,4,0
38213,2,7
38214,0,6
38215,2,7
38216,3,2
38217,7,5
38218,3,3
38219,0,6
38220,2,7
38221,3,2
38222,6,5
38223,7,3
38224,6,7
38225,6,1
38226,6,1
38227,0,4
38228,4,0
38229,0,4
38230,8,9
38231,4,0
38232,4,0
38233,2,9
38234,8,5
38235,6,1
38236,4,4
38237,6,8
38238,7,3
38239,3,3
38240,7,5
38241,3,3
38242,4,7
38243,2,7
38244,2,7
38245,3,3
38246,6,7
38247,2,9
38248,2,9
38249,6,8
38250,7,5
38251,6,8
38252,6,5
38253,0,4
38254,7,5
38255,2,7
38256,3,2
38257,2,7
38258,0,6
38259,0,6
38260,0,6
38261,3,2
38262,2,4
38263,6,1
38264,6,1
38265,2,9
38266,8,5
38267,7,8
38268,6,2
38269,6,7
38270,2,4
38271,6,8
38272,6,1
38273,7,8
38274,4,4
38275,3,2
38276,6,1
38277,3,3
38278,2,7
38279,2,9
38280,7,5
38281,3,3
38282,2,7
38283,3,3
38284,2,4
38285,6,5
38286,8,4
38287,6,5
38288,6,2
38289,4,0
38290,0,6
38291,2,7
38292,2,9
38293,2,9
38294,3,3
38295,6,5
38296,0,4
38297,4,0
38298,4,5
38299,0,6
38300,2,7
38301,0,4
38302,0,6
38303,6,1
38304,2,7
38305,6,1
38306,0,6
38307,3,2
38308,8,6
38309,6,8
38310,4,0
38311,6,1
38312,1,9
38313,6,5
38314,7,5
38315,5,0
38316,2,4
38317,6,1
38318,0,6
38319,1,2
38320,2,7
38321,5,3
38322,0,6
38323,2,4
38324,7,8
38325,7,5
38326,6,2
38327,0,6
38328,6,1
38329,2,7
38330,6,2
38331,4,8
38332,4,0
38333,2,9
38334,0,6
38335,4,0
38336,4,4
38337,6,1
38338,2,7
38339,1,2
38340,6,1
38341,5,3
38342,0,6
38343,2,4
38344,2,9
38345,8,5
38346,1,3
38347,0,6
38348,0,6
38349,2,7
38350,2,7
38351,4,8
38352,0,6
38353,2,9
38354,6,2
38355,4,0
38356,3,2
38357,6,1
38358,2,9
38359,1,2
38360,7,5
38361,1,3
38362,8,5
38363,2,4
38364,4,0
38365,8,5
38366,3,2
38367,0,6
38368,7,3
38369,2,9
38370,0,4
38371,0,6
38372,2,4
38373,2,4
38374,6,7
38375,2,4
38376,0,6
38377,3,3
38378,8,5
38379,0,6
38380,4,0
38381,3,2
38382,3,8
38383,3,3
38384,6,1
38385,6,4
38386,7,8
38387,6,8
38388,6,1
38389,2,7
38390,8,6
38391,6,8
38392,8,4
38393,0,6
38394,0,6
38395,2,9
38396,3,2
38397,6,8
38398,6,1
38399,7,3
38400,0,6
38401,3,2
38402,2,4
38403,6,2
38404,1,0
38405,7,8
38406,6,2
38407,4,4
38408,5,5
38409,1,2
38410,3,3
38411,4,0
38412,4,0
38413,6,1
38414,7,5
38415,6,1
38416,0,6
38417,3,2
38418,7,8
38419,2,9
38420,7,8
38421,0,6
38422,6,7
38423,6,8
38424,6,1
38425,6,1
38426,2,9
38427,1,2
38428,2,4
38429,4,0
38430,3,2
38431,0,6
38432,6,1
38433,7,5
38434,4,8
38435,3,2
38436,6,1
38437,2,7
38438,3,2
38439,7,5
38440,4,0
38441,3,3
38442,7,8
38443,2,9
38444,0,6
38445,1,3
38446,4,0
38447,2,7
38448,0,6
38449,6,1
38450,0,6
38451,7,3
38452,6,8
38453,7,8
38454,6,1
38455,6,1
38456,2,9
38457,2,9
38458,6,7
38459,8,5
38460,3,6
38461,4,0
38462,6,1
38463,6,1
38464,6,1
38465,6,1
38466,6,1
38467,2,9
38468,2,7
38469,6,2
38470,2,9
38471,0,6
38472,0,6
38473,4,0
38474,0,6
38475,2,4
38476,7,8
38477,7,5
38478,0,6
38479,0,6
38480,6,1
38481,8,5
38482,6,1
38483,4,0
38484,4,0
38485,3,3
38486,7,5
38487,6,1
38488,1,0
38489,6,8
38490,6,1
38491,0,6
38492,6,1
38493,4,9
38494,4,0
38495,3,3
38496,4,4
38497,4,0
38498,0,4
38499,6,1
38500,2,4
38501,4,0
38502,2,7
38503,2,4
38504,2,7
38505,6,7
38506,2,7
38507,3,3
38508,8,5
38509,3,2
38510,6,8
38511,0,6
38512,8,5
38513,1,5
38514,0,6
38515,2,4
38516,6,1
38517,6,7
38518,0,4
38519,2,9
38520,1,3
38521,2,7
38522,6,1
38523,4,0
38524,6,4
38525,6,1
38526,2,1
38527,1,2
38528,6,1
38529,1,3
38530,3,2
38531,2,4
38532,6,1
38533,7,5
38534,2,7
38535,0,6
38536,3,3
38537,2,7
38538,6,1
38539,7,8
38540,4,0
38541,2,9
38542,3,2
38543,3,0
38544,6,8
38545,6,1
38546,8,5
38547,3,2
38548,0,6
38549,7,3
38550,2,7
38551,0,4
38552,2,9
38553,6,5
38554,6,1
38555,0,6
38556,2,7
38557,2,7
38558,6,1
38559,0,0
38560,3,2
38561,6,1
38562,2,9
38563,3,2
38564,4,5
38565,1,3
38566,7,8
38567,0,4
38568,2,4
38569,6,5
38570,6,1
38571,0,6
38572,6,1
38573,4,0
38574,4,0
38575,2,7
38576,0,6
38577,6,5
38578,0,6
38579,3,0
38580,7,3
38581,7,8
38582,1,1
38583,0,4
38584,0,6
38585,6,1
38586,2,7
38587,7,8
38588,6,8
38589,6,8
38590,4,0
38591,6,1
38592,8,5
38593,7,3
38594,7,5
38595,6,1
38596,7,8
38597,2,9
38598,2,7
38599,3,0
38600,2,9
38601,0,4
38602,1,3
38603,0,4
38604,3,5
38605,1,0
38606,7,8
38607,2,7
38608,7,5
38609,3,2
38610,6,5
38611,2,9
38612,8,5
38613,7,8
38614,4,0
38615,2,7
38616,2,4
38617,3,2
38618,3,2
38619,2,4
38620,2,7
38621,2,7
38622,2,4
38623,6,8
38624,7,5
38625,2,9
38626,7,5
38627,3,3
38628,7,5
38629,6,1
38630,4,4
38631,0,4
38632,2,9
38633,0,6
38634,8,6
38635,3,2
38636,6,2
38637,1,2
38638,7,8
38639,2,7
38640,7,6
38641,7,8
38642,0,6
38643,0,6
38644,4,0
38645,0,4
38646,2,9
38647,2,9
38648,7,5
38649,3,2
38650,2,7
38651,2,9
38652,1,2
38653,3,3
38654,0,4
38655,6,5
38656,7,5
38657,3,3
38658,7,5
38659,0,6
38660,4,0
38661,0,6
38662,4,0
38663,7,0
38664,6,1
38665,3,2
38666,6,1
38667,1,2
38668,4,4
38669,2,7
38670,5,3
38671,0,4
38672,2,7
38673,2,9
38674,2,9
38675,6,5
38676,0,6
38677,6,1
38678,7,5
38679,3,2
38680,2,9
38681,0,6
38682,6,1
38683,6,1
38684,6,1
38685,7,8
38686,4,0
38687,3,3
38688,2,7
38689,6,5
38690,2,9
38691,4,0
38692,3,2
38693,3,0
38694,0,6
38695,0,6
38696,4,0
38697,6,1
38698,5,5
38699,0,6
38700,6,1
38701,2,9
38702,3,8
38703,0,6
38704,2,9
38705,2,7
38706,4,0
38707,6,1
38708,7,5
38709,6,1
38710,6,4
38711,6,7
38712,7,3
38713,6,1
38714,6,3
38715,3,2
38716,4,4
38717,0,4
38718,2,1
38719,7,5
38720,3,2
38721,0,6
38722,4,0
38723,2,7
38724,6,1
38725,7,8
38726,4,5
38727,2,9
38728,2,7
38729,4,0
38730,0,6
38731,6,1
38732,3,3
38733,3,2
38734,1,8
38735,3,3
38736,6,1
38737,2,4
38738,2,7
38739,7,5
38740,2,9
38741,0,6
38742,6,8
38743,2,7
38744,4,0
38745,3,8
38746,4,0
38747,2,9
38748,2,9
38749,4,0
38750,6,1
38751,6,1
38752,1,3
38753,3,2
38754,4,6
38755,3,3
38756,7,5
38757,2,4
38758,2,7
38759,7,5
38760,7,9
38761,0,6
38762,7,5
38763,2,7
38764,6,1
38765,7,8
38766,4,0
38767,2,9
38768,2,9
38769,6,1
38770,3,2
38771,3,3
38772,7,3
38773,7,5
38774,6,1
38775,2,9
38776,2,7
38777,2,4
38778,7,8
38779,6,1
38780,7,6
38781,2,7
38782,0,6
38783,2,7
38784,3,2
38785,3,2
38786,2,4
38787,6,1
38788,2,7
38789,2,4
38790,3,2
38791,3,8
38792,7,5
38793,3,2
38794,2,7
38795,2,9
38796,0,6
38797,3,3
38798,4,5
38799,7,8
38800,6,2
38801,7,5
38802,4,0
38803,0,4
38804,1,3
38805,7,8
38806,6,1
38807,7,8
38808,4,0
38809,2,9
38810,2,7
38811,3,3
38812,2,4
38813,2,9
38814,2,7
38815,3,2
38816,4,0
38817,1,5
38818,7,5
38819,2,7
38820,0,6
38821,2,4
38822,2,4
38823,6,1
38824,8,1
38825,3,2
38826,3,2
38827,3,3
38828,6,1
38829,2,9
38830,7,5
38831,6,1
38832,6,8
38833,0,6
38834,2,4
38835,4,0
38836,2,7
38837,6,1
38838,2,7
38839,3,2
38840,6,1
38841,7,8
38842,6,8
38843,7,5
38844,3,8
38845,6,1
38846,3,2
38847,6,1
38848,7,5
38849,7,8
38850,4,0
38851,7,5
38852,2,4
38853,0,6
38854,0,6
38855,2,4
38856,0,6
38857,2,7
38858,7,8
38859,3,3
38860,6,1
38861,0,6
38862,3,2
38863,7,8
38864,7,5
38865,4,0
38866,7,8
38867,3,3
38868,6,1
38869,2,7
38870,6,8
38871,2,4
38872,2,4
38873,4,0
38874,4,0
38875,0,6
38876,0,6
38877,2,9
38878,3,8
38879,3,2
38880,2,9
38881,0,6
38882,7,3
38883,7,5
38884,3,2
38885,0,6
38886,6,2
38887,2,9
38888,7,5
38889,4,0
38890,2,7
38891,2,4
38892,3,3
38893,4,0
38894,5,3
38895,0,6
38896,7,5
38897,6,1
38898,4,4
38899,2,9
38900,3,3
38901,3,2
38902,7,5
38903,4,0
38904,2,3
38905,2,9
38906,2,4
38907,7,5
38908,6,7
38909,6,1
38910,2,9
38911,3,3
38912,6,8
38913,2,7
38914,4,0
38915,0,6
38916,2,7
38917,2,9
38918,6,1
38919,2,4
38920,2,7
38921,2,7
38922,2,4
38923,6,7
38924,3,2
38925,0,6
38926,4,0
38927,3,3
38928,6,1
38929,4,0
38930,2,9
38931,7,5
38932,8,5
38933,0,6
38934,7,5
38935,3,2
38936,0,6
38937,3,2
38938,2,4
38939,4,0
38940,6,5
38941,6,1
38942,7,8
38943,2,7
38944,7,5
38945,6,8
38946,4,0
38947,2,9
38948,4,8
38949,4,0
38950,2,9
38951,6,1
38952,6,2
38953,6,2
38954,2,7
38955,3,3
38956,6,8
38957,2,4
38958,0,6
38959,7,5
38960,4,4
38961,0,6
38962,3,2
38963,4,0
38964,2,7
38965,6,1
38966,8,4
38967,6,8
38968,6,1
38969,6,9
38970,7,3
38971,6,8
38972,6,7
38973,2,4
38974,6,1
38975,6,1
38976,6,1
38977,7,8
38978,0,4
38979,7,8
38980,6,6
38981,6,1
38982,3,3
38983,7,3
38984,4,4
38985,6,1
38986,6,3
38987,7,8
38988,0,6
38989,7,3
38990,1,3
38991,3,3
38992,2,9
38993,4,0
38994,2,7
38995,2,9
38996,0,6
38997,2,4
38998,7,3
38999,2,9
39000,2,9
39001,6,8
39002,3,2
39003,2,7
39004,0,6
39005,7,8
39006,6,2
39007,6,1
39008,1,2
39009,2,7
39010,2,7
39011,7,8
39012,6,1
39013,2,7
39014,2,7
39015,7,5
39016,4,9
39017,6,1
39018,6,1
39019,0,6
39020,6,2
39021,6,5
39022,1,2
39023,4,0
39024,2,4
39025,6,9
39026,6,7
39027,7,5
39028,4,0
39029,4,0
39030,2,9
39031,1,2
39032,6,2
39033,6,1
39034,2,9
39035,7,8
39036,0,6
39037,4,0
39038,2,7
39039,4,0
39040,3,3
39041,6,1
39042,3,2
39043,0,6
39044,4,0
39045,0,6
39046,2,4
39047,2,7
39048,2,7
39049,6,1
39050,4,0
39051,6,1
39052,6,1
39053,2,7
39054,4,0
39055,4,0
39056,2,7
39057,6,1
39058,2,4
39059,1,2
39060,2,7
39061,1,3
39062,2,7
39063,2,4
39064,2,9
39065,7,5
39066,3,3
39067,0,6
39068,7,8
39069,2,7
39070,6,8
39071,7,8
39072,6,1
39073,2,9
39074,1,2
39075,4,0
39076,6,1
39077,6,1
39078,2,4
39079,1,2
39080,4,4
39081,1,3
39082,2,7
39083,2,4
39084,6,1
39085,7,5
39086,0,6
39087,0,6
39088,2,7
39089,6,7
39090,5,2
39091,7,8
39092,6,8
39093,4,0
39094,4,8
39095,6,1
39096,2,9
39097,6,2
39098,0,6
39099,1,3
39100,5,3
39101,2,4
39102,6,1
39103,7,5
39104,6,8
39105,1,6
39106,6,1
39107,6,7
39108,3,3
39109,7,8
39110,4,4
39111,2,9
39112,8,6
39113,2,7
39114,7,5
39115,4,0
39116,1,3
39117,2,4
39118,3,2
39119,4,0
39120,8,5
39121,0,6
39122,7,3
39123,0,4
39124,1,3
39125,1,3
39126,7,5
39127,1,3
39128,2,4
39129,0,4
39130,0,6
39131,6,8
39132,7,5
39133,2,7
39134,2,9
39135,6,8
39136,3,3
39137,0,6
39138,6,1
39139,2,9
39140,3,3
39141,6,8
39142,7,8
39143,1,3
39144,6,8
39145,3,2
39146,1,2
39147,3,2
39148,2,9
39149,7,8
39150,2,7
39151,0,4
39152,6,1
39153,3,2
39154,0,6
39155,4,0
39156,4,0
39157,6,1
39158,7,5
39159,6,1
39160,8,1
39161,3,2
39162,3,2
39163,2,9
39164,0,6
39165,0,6
39166,2,9
39167,7,8
39168,3,2
39169,6,1
39170,3,2
39171,3,2
39172,2,9
39173,6,1
39174,2,9
39175,4,0
39176,7,5
39177,0,6
39178,6,8
39179,2,9
39180,0,6
39181,1,3
39182,2,4
39183,2,7
39184,1,3
39185,6,1
39186,2,4
39187,7,8
39188,0,6
39189,3,3
39190,2,7
39191,7,8
39192,2,9
39193,6,1
39194,4,0
39195,2,9
39196,6,1
39197,7,5
39198,1,2
39199,2,9
39200,0,6
39201,6,8
39202,4,0
39203,3,2
39204,4,4
39205,0,6
39206,0,6
39207,4,0
39208,7,5
39209,0,4
39210,3,2
39211,6,5
39212,0,6
39213,4,0
39214,8,5
39215,3,3
39216,0,2
39217,6,1
39218,4,4
39219,6,8
39220,4,0
39221,0,6
39222,3,3
39223,2,7
39224,4,0
39225,6,5
39226,0,6
39227,2,9
39228,6,2
39229,2,9
39230,7,5
39231,1,3
39232,6,1
39233,4,0
39234,6,9
39235,1,3
39236,4,0
39237,6,1
39238,1,8
39239,0,4
39240,1,3
39241,2,4
39242,7,8
39243,4,0
39244,6,7
39245,0,4
39246,2,7
39247,2,9
39248,2,4
39249,3,2
39250,0,6
39251,0,6
39252,2,7
39253,7,5
39254,2,7
39255,2,4
39256,6,2
39257,2,7
39258,0,6
39259,2,9
39260,4,6
39261,2,7
39262,6,1
39263,0,0
39264,6,8
39265,6,1
39266,3,8
39267,1,3
39268,6,1
39269,2,4
39270,6,1
39271,7,5
39272,2,4
39273,0,6
39274,7,5
39275,2,7
39276,2,7
39277,7,8
39278,0,6
39279,4,0
39280,8,5
39281,6,1
39282,3,2
39283,3,2
39284,3,2
39285,1,3
39286,2,9
39287,2,4
39288,6,1
39289,2,7
39290,1,3
39291,6,8
39292,0,6
39293,4,9
39294,6,7
39295,3,0
39296,3,2
39297,6,1
39298,2,4
39299,0,2
39300,6,1
39301,1,3
39302,2,4
39303,8,4
39304,0,4
39305,6,7
39306,4,0
39307,0,8
39308,6,8
39309,7,0
39310,1,7
39311,7,5
39312,1,3
39313,0,6
39314,2,7
39315,7,8
39316,4,7
39317,1,3
39318,0,6
39319,2,9
39320,0,6
39321,0,0
39322,6,8
39323,3,2
39324,2,4
39325,1,3
39326,4,0
39327,2,3
39328,6,1
39329,1,3
39330,6,2
39331,2,9
39332,0,6
39333,2,9
39334,4,0
39335,6,5
39336,0,6
39337,0,6
39338,3,2
39339,0,4
39340,0,6
39341,0,4
39342,6,2
39343,3,2
39344,7,8
39345,2,7
39346,4,0
39347,0,0
39348,2,7
39349,1,3
39350,7,8
39351,2,9
39352,6,1
39353,0,6
39354,6,1
39355,0,8
39356,0,6
39357,6,7
39358,2,7
39359,1,3
39360,4,0
39361,0,4
39362,6,1
39363,0,0
39364,6,1
39365,0,4
39366,1,3
39367,6,1
39368,2,4
39369,0,6
39370,4,9
39371,2,7
39372,0,6
39373,2,8
39374,7,5
39375,0,4
39376,4,0
39377,7,9
39378,8,8
39379,0,6
39380,7,5
39381,7,5
39382,1,8
39383,0,6
39384,1,3
39385,0,6
39386,2,4
39387,2,7
39388,0,6
39389,7,8
39390,6,7
39391,7,8
39392,1,2
39393,6,1
39394,0,6
39395,6,8
39396,2,4
39397,7,3
39398,6,2
39399,2,7
39400,7,5
39401,2,7
39402,6,1
39403,6,1
39404,0,4
39405,6,5
39406,0,6
39407,3,0
39408,6,2
39409,7,5
39410,7,5
39411,1,2
39412,3,3
39413,0,4
39414,4,4
39415,1,3
39416,8,5
39417,6,1
39418,2,9
39419,7,8
39420,6,2
39421,6,2
39422,4,0
39423,6,9
39424,8,5
39425,6,9
39426,2,7
39427,6,5
39428,2,9
39429,1,2
39430,0,6
39431,0,6
39432,3,8
39433,2,4
39434,6,2
39435,0,4
39436,8,5
39437,6,1
39438,8,8
39439,6,7
39440,0,6
39441,6,1
39442,7,8
39443,0,4
39444,6,1
39445,1,3
39446,4,0
39447,2,9
39448,2,9
39449,6,7
39450,3,8
39451,6,1
39452,1,3
39453,1,2
39454,6,1
39455,0,6
39456,3,8
39457,0,0
39458,2,4
39459,2,7
39460,7,5
39461,1,3
39462,6,1
39463,4,0
39464,8,9
39465,6,1
39466,0,6
39467,1,2
39468,7,5
39469,1,3
39470,3,2
39471,2,4
39472,2,9
39473,5,5
39474,4,0
39475,0,6
39476,5,2
39477,2,7
39478,7,8
39479,6,8
39480,5,9
39481,2,9
39482,7,5
39483,4,0
39484,6,1
39485,6,1
39486,0,4
39487,5,2
39488,3,2
39489,1,3
39490,2,7
39491,2,4
39492,2,4
39493,7,5
39494,4,0
39495,0,6
39496,0,6
39497,2,7
39498,4,0
39499,6,8
39500,6,7
39501,2,9
39502,7,5
39503,1,0
39504,4,0
39505,6,1
39506,0,6
39507,1,2
39508,0,6
39509,1,3
39510,3,2
39511,2,4
39512,6,1
39513,6,5
39514,2,4
39515,0,6
39516,8,5
39517,2,7
39518,6,2
39519,6,8
39520,6,3
39521,2,9
39522,4,4
39523,2,7
39524,2,7
39525,2,4
39526,7,5
39527,4,0
39528,0,6
39529,2,4
39530,7,8
39531,4,0
39532,2,9
39533,6,1
39534,2,7
39535,2,7
39536,2,4
39537,2,9
39538,2,9
39539,7,5
39540,2,7
39541,6,1
39542,6,1
39543,2,4
39544,2,7
39545,5,2
39546,6,1
39547,2,8
39548,0,4
39549,2,9
39550,6,1
39551,2,4
39552,6,1
39553,1,3
39554,6,1
39555,6,1
39556,7,5
39557,2,7
39558,2,4
39559,6,8
39560,6,1
39561,0,2
39562,7,5
39563,2,4
39564,4,0
39565,1,3
39566,1,3
39567,0,6
39568,6,1
39569,2,9
39570,4,0
39571,2,9
39572,6,2
39573,1,5
39574,7,5
39575,6,8
39576,2,9
39577,0,6
39578,2,9
39579,2,7
39580,2,7
39581,4,0
39582,1,2
39583,0,6
39584,4,4
39585,6,8
39586,2,7
39587,1,2
39588,2,9
39589,0,6
39590,2,4
39591,1,3
39592,3,2
39593,6,9
39594,6,1
39595,3,3
39596,7,8
39597,1,2
39598,2,9
39599,7,8
39600,1,0
39601,0,6
39602,7,8
39603,6,1
39604,6,8
39605,2,7
39606,4,0
39607,2,4
39608,3,8
39609,6,8
39610,0,6
39611,7,8
39612,4,0
39613,2,9
39614,2,9
39615,4,0
39616,2,7
39617,1,3
39618,7,3
39619,1,3
39620,4,0
39621,2,9
39622,6,1
39623,4,0
39624,4,0
39625,7,5
39626,0,6
39627,5,2
39628,4,0
39629,6,5
39630,0,6
39631,1,0
39632,0,6
39633,2,9
39634,0,4
39635,2,4
39636,2,4
39637,6,1
39638,2,4
39639,1,0
39640,2,9
39641,1,3
39642,4,9
39643,6,7
39644,3,2
39645,7,5
39646,6,1
39647,6,8
39648,2,9
39649,2,7
39650,0,6
39651,2,7
39652,6,1
39653,7,8
39654,2,9
39655,1,2
39656,0,0
39657,2,9
39658,6,8
39659,2,7
39660,2,9
39661,6,1
39662,7,8
39663,5,2
39664,4,0
39665,0,6
39666,7,5
39667,2,4
39668,8,8
39669,1,2
39670,2,4
39671,7,5
39672,2,7
39673,5,2
39674,0,4
39675,1,3
39676,2,7
39677,0,6
39678,1,3
39679,8,6
39680,2,4
39681,7,5
39682,3,2
39683,1,0
39684,6,1
39685,1,0
39686,1,3
39687,2,7
39688,6,2
39689,7,5
39690,2,4
39691,1,2
39692,2,9
39693,7,8
39694,4,9
39695,6,1
39696,7,3
39697,0,6
39698,3,2
39699,6,1
39700,8,5
39701,1,0
39702,2,9
39703,2,4
39704,1,3
39705,1,3
39706,7,3
39707,6,1
39708,2,2
39709,8,6
39710,4,0
39711,6,1
39712,2,7
39713,6,9
39714,4,0
39715,4,0
39716,6,1
39717,6,1
39718,2,9
39719,3,2
39720,2,4
39721,3,3
39722,7,5
39723,2,4
39724,2,9
39725,5,5
39726,5,2
39727,0,6
39728,3,3
39729,2,7
39730,4,4
39731,6,8
39732,8,9
39733,2,9
39734,1,2
39735,4,0
39736,0,6
39737,6,1
39738,2,4
39739,3,2
39740,4,0
39741,3,3
39742,0,6
39743,2,4
39744,1,3
39745,5,5
39746,4,0
39747,0,6
39748,7,5
39749,2,7
39750,2,9
39751,3,8
39752,6,7
39753,2,9
39754,2,9
39755,4,0
39756,6,8
39757,6,1
39758,4,0
39759,3,2
39760,2,7
39761,3,3
39762,2,9
39763,2,4
39764,3,8
39765,5,5
39766,0,6
39767,8,6
39768,7,3
39769,2,7
39770,3,3
39771,6,8
39772,3,2
39773,7,5
39774,3,3
39775,0,0
39776,1,1
39777,0,6
39778,3,8
39779,3,8
39780,7,5
39781,2,9
39782,6,1
39783,2,4
39784,2,7
39785,6,1
39786,1,3
39787,2,9
39788,4,0
39789,4,0
39790,3,2
39791,2,4
39792,0,6
39793,6,8
39794,5,2
39795,2,9
39796,6,1
39797,6,1
39798,6,3
39799,2,4
39800,4,0
39801,4,0
39802,2,9
39803,7,5
39804,7,3
39805,6,1
39806,8,8
39807,7,5
39808,7,5
39809,2,4
39810,9,2
39811,4,0
39812,4,4
39813,2,7
39814,3,3
39815,0,6
39816,4,9
39817,4,0
39818,6,1
39819,6,1
39820,6,3
39821,2,7
39822,2,9
39823,4,0
39824,0,6
39825,0,6
39826,2,7
39827,6,8
39828,6,1
39829,2,9
39830,8,1
39831,6,5
39832,7,8
39833,8,4
39834,2,9
39835,2,7
39836,3,3
39837,0,6
39838,6,1
39839,4,0
39840,3,2
39841,7,8
39842,2,9
39843,6,1
39844,2,4
39845,2,7
39846,6,1
39847,2,7
39848,1,0
39849,6,1
39850,4,0
39851,3,3
39852,7,3
39853,3,2
39854,4,0
39855,3,3
39856,4,0
39857,6,1
39858,7,5
39859,4,0
39860,6,2
39861,4,0
39862,3,2
39863,2,7
39864,3,8
39865,6,8
39866,2,4
39867,2,4
39868,2,7
39869,2,9
39870,0,6
39871,3,3
39872,3,8
39873,3,8
39874,4,0
39875,2,4
39876,7,8
39877,2,7
39878,6,1
39879,3,2
39880,2,7
39881,7,5
39882,7,8
39883,0,6
39884,7,3
39885,3,3
39886,6,4
39887,0,6
39888,6,1
39889,2,9
39890,4,0
39891,2,4
39892,3,2
39893,0,6
39894,2,4
39895,2,9
39896,6,1
39897,4,0
39898,4,0
39899,6,2
39900,1,3
39901,5,5
39902,8,8
39903,7,5
39904,7,3
39905,6,1
39906,4,0
39907,3,3
39908,0,6
39909,3,3
39910,4,5
39911,2,9
39912,6,1
39913,2,7
39914,1,2
39915,6,8
39916,2,4
39917,2,7
39918,3,2
39919,3,2
39920,6,7
39921,0,2
39922,6,8
39923,7,5
39924,2,9
39925,2,7
39926,7,8
39927,2,9
39928,7,3
39929,6,2
39930,3,2
39931,6,1
39932,2,9
39933,3,3
39934,0,6
39935,4,0
39936,6,1
39937,6,1
39938,6,8
39939,5,2
39940,8,5
39941,7,3
39942,2,9
39943,0,4
39944,4,0
39945,3,5
39946,7,5
39947,0,6
39948,6,8
39949,2,7
39950,6,1
39951,7,8
39952,4,5
39953,2,9
39954,0,4
39955,0,0
39956,4,0
39957,6,1
39958,8,5
39959,5,2
39960,4,0
39961,1,3
39962,4,5
39963,0,4
39964,7,5
39965,7,5
39966,7,5
39967,0,6
39968,4,0
39969,2,7
39970,3,2
39971,7,8
39972,8,5
39973,2,9
39974,2,9
39975,4,0
39976,2,4
39977,6,1
39978,3,5
39979,5,2
39980,6,1
39981,3,3
39982,1,3
39983,0,4
39984,6,1
39985,7,5
39986,6,1
39987,0,6
39988,6,1
39989,2,7
39990,2,4
39991,7,8
39992,4,0
39993,2,9
39994,8,8
39995,7,8
39996,8,5
39997,2,9
39998,2,9
39999,3,5
40000,2,7
40001,2,7
40002,4,0
40003,0,0
40004,6,1
40005,3,3
40006,2,9
40007,6,1
40008,8,5
40009,0,6
40010,0,6
40011,7,8
40012,8,8
40013,0,4
40014,7,5
40015,6,1
40016,7,8
40017,2,7
40018,2,7
40019,0,6
40020,7,3
40021,5,5
40022,8,8
40023,0,6
40024,6,1
40025,2,4
40026,2,9
40027,3,2
40028,2,9
40029,2,7
40030,2,4
40031,7,8
40032,8,5
40033,6,1
40034,0,6
40035,1,3
40036,0,6
40037,3,2
40038,4,0
40039,4,0
40040,4,0
40041,3,5
40042,4,0
40043,0,0
40044,3,2
40045,6,1
40046,2,7
40047,2,9
40048,1,8
40049,5,2
40050,6,9
40051,3,3
40052,8,1
40053,3,2
40054,3,2
40055,1,3
40056,6,1
40057,6,5
40058,6,1
40059,7,5
40060,6,7
40061,2,7
40062,2,4
40063,2,9
40064,6,8
40065,2,9
40066,8,4
40067,2,7
40068,7,3
40069,6,1
40070,6,7
40071,6,1
40072,0,6
40073,2,9
40074,4,0
40075,0,0
40076,6,2
40077,2,7
40078,2,3
40079,3,3
40080,2,7
40081,2,4
40082,4,0
40083,7,8
40084,3,2
40085,0,6
40086,6,1
40087,6,3
40088,7,5
40089,7,8
40090,1,2
40091,0,0
40092,7,8
40093,0,6
40094,4,4
40095,1,2
40096,6,2
40097,6,1
40098,6,1
40099,4,0
40100,3,3
40101,6,1
40102,2,9
40103,4,0
40104,6,3
40105,0,6
40106,6,8
40107,5,2
40108,4,0
40109,3,3
40110,7,8
40111,7,8
40112,2,4
40113,2,9
40114,2,7
40115,4,0
40116,4,4
40117,2,7
40118,2,7
40119,5,2
40120,3,2
40121,3,3
40122,4,0
40123,0,4
40124,8,6
40125,1,5
40126,2,9
40127,3,5
40128,2,9
40129,3,2
40130,2,4
40131,7,8
40132,6,1
40133,7,5
40134,7,8
40135,0,4
40136,4,9
40137,0,6
40138,7,8
40139,0,6
40140,6,1
40141,0,6
40142,6,1
40143,2,7
40144,7,5
40145,2,9
40146,3,8
40147,6,1
40148,6,1
40149,7,8
40150,4,0
40151,1,2
40152,3,2
40153,6,1
40154,7,5
40155,3,2
40156,4,4
40157,0,6
40158,5,8
40159,7,5
40160,3,2
40161,3,3
40162,4,0
40163,0,4
40164,4,4
40165,6,7
40166,1,3
40167,2,9
40168,4,4
40169,0,4
40170,2,7
40171,0,0
40172,8,5
40173,4,0
40174,2,9
40175,7,5
40176,0,6
40177,2,9
40178,6,1
40179,4,0
40180,4,0
40181,6,1
40182,6,5
40183,3,2
40184,3,3
40185,3,3
40186,2,7
40187,2,4
40188,4,0
40189,7,5
40190,6,1
40191,0,6
40192,6,8
40193,2,7
40194,7,5
40195,6,8
40196,6,1
40197,2,9
40198,1,2
40199,4,0
40200,4,0
40201,6,1
40202,1,3
40203,6,2
40204,2,7
40205,7,3
40206,6,2
40207,7,5
40208,0,0
40209,0,6
40210,6,1
40211,2,7
40212,1,2
40213,6,8
40214,2,7
40215,2,9
40216,1,7
40217,7,0
40218,4,0
40219,6,1
40220,6,1
40221,6,2
40222,2,7
40223,7,3
40224,4,4
40225,0,4
40226,0,4
40227,7,5
40228,4,0
40229,0,6
40230,0,6
40231,2,7
40232,2,7
40233,7,8
40234,4,4
40235,2,9
40236,2,4
40237,4,0
40238,2,4
40239,2,7
40240,6,0
40241,4,0
40242,2,7
40243,2,7
40244,0,6
40245,6,8
40246,4,0
40247,7,3
40248,6,1
40249,0,0
40250,2,9
40251,4,0
40252,4,8
40253,7,5
40254,3,3
40255,0,5
40256,3,3
40257,3,3
40258,7,5
40259,6,8
40260,4,0
40261,6,8
40262,4,0
40263,6,1
40264,7,9
40265,6,8
40266,4,0
40267,0,4
40268,7,5
40269,2,9
40270,2,9
40271,0,6
40272,1,2
40273,6,1
40274,7,8
40275,6,8
40276,6,1
40277,4,0
40278,8,6
40279,6,2
40280,4,0
40281,3,3
40282,0,6
40283,2,9
40284,4,0
40285,6,4
40286,4,0
40287,6,1
40288,2,4
40289,6,2
40290,8,5
40291,7,5
40292,2,9
40293,2,9
40294,6,1
40295,6,8
40296,7,8
40297,2,9
40298,6,3
40299,0,4
40300,2,9
40301,3,3
40302,2,9
40303,4,0
40304,6,6
40305,3,3
40306,1,8
40307,3,3
40308,1,7
40309,0,4
40310,6,1
40311,2,7
40312,4,0
40313,4,0
40314,8,1
40315,6,1
40316,2,4
40317,2,9
40318,6,2
40319,6,1
40320,4,0
40321,6,2
40322,4,0
40323,2,7
40324,3,8
40325,2,9
40326,3,5
40327,6,1
40328,2,9
40329,4,0
40330,2,9
40331,0,6
40332,8,6
40333,6,2
40334,4,4
40335,4,0
40336,4,0
40337,7,3
40338,2,7
40339,6,8
40340,4,0
40341,2,9
40342,0,6
40343,0,4
40344,2,7
40345,6,2
40346,7,5
40347,7,5
40348,6,1
40349,0,6
40350,7,5
40351,0,6
40352,6,1
40353,8,5
40354,4,4
40355,0,6
40356,0,6
40357,2,7
40358,2,7
40359,6,1
40360,1,2
40361,2,4
40362,6,1
40363,0,4
40364,1,8
40365,6,2
40366,3,2
40367,0,6
40368,2,7
40369,6,2
40370,2,7
40371,2,9
40372,2,9
40373,6,1
40374,3,3
40375,3,3
40376,3,2
40377,6,1
40378,1,7
40379,6,4
40380,6,1
40381,6,8
40382,7,3
40383,0,6
40384,7,3
40385,7,3
40386,2,7
40387,2,7
40388,3,2
40389,4,0
40390,4,0
40391,2,9
40392,6,4
40393,7,5
40394,0,6
40395,0,6
40396,4,0
40397,2,7
40398,7,8
40399,6,1
40400,4,0
40401,7,3
40402,2,4
40403,6,8
40404,6,3
40405,6,2
40406,2,7
40407,0,6
40408,6,8
40409,6,2
40410,3,8
40411,0,6
40412,4,0
40413,3,2
40414,4,0
40415,2,7
40416,3,2
40417,6,8
40418,4,0
40419,2,7
40420,1,2
40421,4,0
40422,7,5
40423,6,1
40424,2,4
40425,3,2
40426,2,4
40427,1,3
40428,4,0
40429,2,4
40430,2,7
40431,6,5
40432,7,5
40433,0,6
40434,7,5
40435,6,7
40436,2,7
40437,2,8
40438,6,1
40439,2,9
40440,2,9
40441,0,0
40442,1,7
40443,6,1
40444,2,4
40445,3,2
40446,2,9
40447,1,3
40448,2,9
40449,2,4
40450,4,4
40451,2,7
40452,9,3
40453,2,8
40454,0,0
40455,2,9
40456,4,0
40457,0,0
40458,2,9
40459,6,1
40460,2,4
40461,3,2
40462,7,3
40463,1,3
40464,6,1
40465,2,7
40466,8,8
40467,6,8
40468,6,1
40469,2,9
40470,2,7
40471,0,0
40472,6,8
40473,7,5
40474,8,5
40475,0,6
40476,2,7
40477,2,9
40478,8,5
40479,0,0
40480,6,3
40481,3,3
40482,6,1
40483,1,3
40484,0,6
40485,2,9
40486,4,0
40487,2,9
40488,6,8
40489,6,5
40490,3,3
40491,0,6
40492,4,6
40493,0,4
40494,1,0
40495,2,4
40496,4,4
40497,3,2
40498,1,2
40499,2,9
40500,2,7
40501,0,6
40502,1,3
40503,6,8
40504,6,1
40505,6,7
40506,2,7
40507,2,9
40508,6,9
40509,6,1
40510,2,7
40511,6,5
40512,2,7
40513,3,2
40514,0,6
40515,0,6
40516,6,1
40517,1,3
40518,7,5
40519,2,4
40520,7,3
40521,4,0
40522,2,9
40523,2,4
40524,2,7
40525,6,1
40526,0,6
40527,0,6
40528,7,9
40529,2,4
40530,9,2
40531,2,9
40532,3,3
40533,0,6
40534,7,5
40535,7,5
40536,6,2
40537,6,1
40538,0,6
40539,3,2
40540,3,3
40541,0,6
40542,6,2
40543,0,6
40544,4,0
40545,2,7
40546,7,5
40547,6,8
40548,2,4
40549,6,8
40550,1,3
40551,6,1
40552,4,4
40553,6,8
40554,0,6
40555,1,3
40556,1,2
40557,2,7
40558,3,8
40559,6,7
40560,4,6
40561,6,1
40562,1,2
40563,0,0
40564,0,6
40565,0,0
40566,6,2
40567,6,5
40568,6,1
40569,3,2
40570,3,3
40571,7,8
40572,1,3
40573,8,4
40574,5,3
40575,3,3
40576,0,4
40577,6,1
40578,7,3
40579,3,8
40580,6,2
40581,3,2
40582,4,0
40583,2,9
40584,2,9
40585,2,9
40586,4,0
40587,6,5
40588,3,3
40589,3,2
40590,1,7
40591,0,6
40592,3,2
40593,2,4
40594,0,6
40595,7,8
40596,0,6
40597,3,2
40598,6,2
40599,6,5
40600,4,4
40601,2,4
40602,4,4
40603,6,7
40604,6,1
40605,6,1
40606,2,4
40607,3,2
40608,2,9
40609,0,6
40610,6,1
40611,0,0
40612,4,0
40613,4,0
40614,1,2
40615,6,1
40616,0,6
40617,3,2
40618,3,3
40619,1,3
40620,8,3
40621,2,4
40622,3,2
40623,7,5
40624,7,5
40625,0,6
40626,7,8
40627,2,7
40628,2,9
40629,6,8
40630,4,0
40631,2,9
40632,6,2
40633,4,0
40634,2,9
40635,6,1
40636,5,3
40637,3,2
40638,2,7
40639,7,3
40640,7,5
40641,0,6
40642,0,6
40643,2,7
40644,6,1
40645,6,8
40646,8,8
40647,2,9
40648,4,0
40649,4,0
40650,0,6
40651,6,1
40652,7,8
40653,3,2
40654,8,5
40655,1,3
40656,2,9
40657,2,4
40658,6,1
40659,7,5
40660,2,4
40661,0,6
40662,3,3
40663,2,7
40664,6,1
40665,6,8
40666,2,9
40667,6,9
40668,2,7
40669,7,5
40670,2,9
40671,0,4
40672,2,4
40673,6,8
40674,7,5
40675,2,7
40676,0,6
40677,0,4
40678,7,5
40679,2,7
40680,4,4
40681,2,7
40682,6,1
40683,3,3
40684,2,7
40685,4,9
40686,3,2
40687,6,8
40688,7,5
40689,6,8
40690,4,0
40691,3,3
40692,6,1
40693,6,1
40694,6,1
40695,7,5
40696,6,1
40697,6,8
40698,8,8
40699,3,2
40700,2,7
40701,2,7
40702,8,4
40703,0,4
40704,7,5
40705,3,2
40706,7,8
40707,0,6
40708,3,8
40709,0,4
40710,2,7
40711,7,5
40712,2,7
40713,7,5
40714,6,1
40715,6,8
40716,6,1
40717,0,6
40718,6,2
40719,0,4
40720,7,3
40721,0,4
40722,3,3
40723,0,4
40724,6,1
40725,6,1
40726,3,8
40727,6,8
40728,2,7
40729,2,7
40730,2,7
40731,7,5
40732,4,0
40733,7,5
40734,1,3
40735,6,1
40736,7,5
40737,6,8
40738,7,5
40739,3,3
40740,1,2
40741,0,6
40742,2,7
40743,3,3
40744,6,1
40745,3,3
40746,4,0
40747,3,2
40748,7,5
40749,3,2
40750,3,8
40751,0,6
40752,8,3
40753,2,9
40754,0,6
40755,2,9
40756,7,5
40757,0,6
40758,6,8
40759,7,5
40760,4,0
40761,7,5
40762,2,9
40763,3,3
40764,2,9
40765,3,3
40766,0,4
40767,6,8
40768,2,7
40769,6,1
40770,6,1
40771,0,6
40772,4,9
40773,0,5
40774,2,7
40775,0,6
40776,7,5
40777,6,8
40778,4,0
40779,6,1
40780,4,0
40781,2,9
40782,6,2
40783,2,7
40784,2,7
40785,0,6
40786,4,9
40787,6,8
40788,3,2
40789,1,3
40790,6,1
40791,2,7
40792,8,8
40793,0,4
40794,2,7
40795,2,7
40796,6,1
40797,0,0
40798,0,6
40799,2,9
40800,2,9
40801,4,0
40802,6,1
40803,0,0
40804,2,9
40805,3,3
40806,2,4
40807,2,7
40808,6,8
40809,2,9
40810,2,7
40811,3,3
40812,3,2
40813,0,0
40814,3,8
40815,3,2
40816,6,2
40817,4,0
40818,1,3
40819,6,1
40820,4,0
40821,0,0
40822,2,7
40823,6,1
40824,7,5
40825,0,0
40826,6,1
40827,0,4
40828,0,6
40829,3,0
40830,7,3
40831,6,1
40832,3,2
40833,4,0
40834,2,4
40835,0,4
40836,1,3
40837,2,7
40838,2,7
40839,2,9
40840,7,5
40841,3,2
40842,4,4
40843,0,0
40844,4,0
40845,0,6
40846,0,4
40847,3,2
40848,6,1
40849,0,6
40850,4,0
40851,3,2
40852,8,8
40853,3,2
40854,2,9
40855,2,9
40856,7,8
40857,2,9
40858,1,3
40859,4,0
40860,6,1
40861,6,1
40862,0,6
40863,6,2
40864,6,1
40865,1,3
40866,1,3
40867,2,4
40868,7,5
40869,7,5
40870,3,2
40871,0,6
40872,2,7
40873,2,7
40874,4,6
40875,3,8
40876,4,9
40877,4,0
40878,6,1
40879,6,1
40880,6,1
40881,3,2
40882,6,8
40883,3,3
40884,6,1
40885,2,4
40886,6,2
40887,7,5
40888,4,0
40889,0,6
40890,2,9
40891,6,7
40892,3,3
40893,7,8
40894,0,6
40895,4,0
40896,6,1
40897,6,1
40898,5,3
40899,3,2
40900,6,2
40901,3,3
40902,7,5
40903,2,4
40904,3,3
40905,3,5
40906,2,7
40907,0,6
40908,6,1
40909,6,1
40910,2,4
40911,2,7
40912,2,4
40913,2,4
40914,3,3
40915,4,0
40916,2,7
40917,0,6
40918,6,1
40919,2,4
40920,8,5
40921,6,1
40922,4,0
40923,2,4
40924,6,1
40925,3,3
40926,1,3
40927,0,6
40928,6,8
40929,3,2
40930,7,5
40931,3,3
40932,3,3
40933,2,4
40934,8,4
40935,6,8
40936,3,2
40937,2,7
40938,2,9
40939,7,8
40940,1,3
40941,0,6
40942,3,8
40943,2,9
40944,6,1
40945,6,8
40946,2,4
40947,3,3
40948,3,2
40949,3,2
40950,4,4
40951,1,2
40952,8,6
40953,3,8
40954,6,1
40955,2,4
40956,1,2
40957,6,8
40958,4,0
40959,7,5
40960,7,8
40961,0,6
40962,3,3
40963,7,5
40964,8,5
40965,4,0
40966,3,5
40967,3,2
40968,6,2
40969,4,0
40970,4,4
40971,6,1
40972,7,5
40973,6,1
40974,6,1
40975,3,2
40976,6,1
40977,2,9
40978,2,9
40979,0,6
40980,0,6
40981,6,8
40982,6,1
40983,6,1
40984,2,9
40985,3,2
40986,0,6
40987,6,1
40988,3,2
40989,4,0
40990,8,4
40991,0,6
40992,2,4
40993,7,5
40994,2,9
40995,3,2
40996,3,3
40997,2,9
40998,7,8
40999,6,1
41000,7,5
41001,7,5
41002,2,7
41003,1,3
41004,6,2
41005,2,9
41006,0,4
41007,3,3
41008,2,9
41009,2,7
41010,3,3
41011,6,1
41012,4,0
41013,3,8
41014,2,9
41015,1,3
41016,8,5
41017,3,8
41018,0,6
41019,6,1
41020,2,4
41021,2,9
41022,0,4
41023,7,5
41024,2,7
41025,8,5
41026,6,7
41027,4,0
41028,8,4
41029,6,1
41030,4,0
41031,6,1
41032,4,5
41033,2,9
41034,7,8
41035,6,8
41036,2,4
41037,3,2
41038,4,0
41039,0,6
41040,4,9
41041,4,0
41042,2,9
41043,2,4
41044,2,7
41045,7,5
41046,6,8
41047,0,6
41048,7,3
41049,7,5
41050,0,6
41051,4,0
41052,4,0
41053,3,3
41054,2,7
41055,6,1
41056,4,0
41057,7,8
41058,2,9
41059,0,6
41060,4,6
41061,2,7
41062,2,7
41063,7,5
41064,8,8
41065,2,9
41066,2,4
41067,3,3
41068,2,4
41069,4,0
41070,4,9
41071,3,3
41072,0,5
41073,6,1
41074,3,2
41075,2,4
41076,6,1
41077,4,0
41078,9,8
41079,2,4
41080,5,2
41081,2,9
41082,6,2
41083,2,7
41084,2,9
41085,3,3
41086,0,6
41087,1,2
41088,2,7
41089,0,6
41090,6,1
41091,3,5
41092,3,8
41093,2,4
41094,6,5
41095,2,7
41096,4,4
41097,2,9
41098,2,4
41099,2,7
41100,4,0
41101,4,0
41102,4,9
41103,6,1
41104,6,1
41105,3,2
41106,2,8
41107,7,3
41108,1,0
41109,0,4
41110,7,3
41111,0,6
41112,6,2
41113,2,7
41114,2,9
41115,7,8
41116,2,9
41117,4,0
41118,3,8
41119,6,1
41120,4,4
41121,3,2
41122,4,0
41123,3,3
41124,6,8
41125,6,4
41126,4,0
41127,7,5
41128,2,9
41129,0,6
41130,3,8
41131,2,7
41132,6,8
41133,3,8
41134,8,6
41135,6,9
41136,7,3
41137,4,0
41138,4,0
41139,6,1
41140,7,5
41141,3,2
41142,0,6
41143,3,3
41144,8,5
41145,0,4
41146,6,1
41147,6,5
41148,2,7
41149,0,6
41150,6,1
41151,2,7
41152,8,5
41153,7,8
41154,7,8
41155,2,9
41156,4,0
41157,0,6
41158,4,0
41159,2,4
41160,0,6
41161,2,7
41162,2,9
41163,2,4
41164,2,7
41165,1,3
41166,2,4
41167,0,6
41168,2,7
41169,3,2
41170,0,6
41171,3,3
41172,0,6
41173,6,4
41174,2,7
41175,6,8
41176,2,7
41177,2,9
41178,2,9
41179,3,2
41180,8,8
41181,3,2
41182,3,2
41183,6,8
41184,2,7
41185,0,5
41186,8,5
41187,4,0
41188,8,6
41189,3,2
41190,0,6
41191,4,0
41192,8,4
41193,6,1
41194,2,7
41195,6,1
41196,4,9
41197,3,2
41198,0,6
41199,2,9
41200,7,8
41201,0,6
41202,7,5
41203,7,8
41204,3,2
41205,6,1
41206,2,4
41207,3,2
41208,7,5
41209,6,1
41210,6,1
41211,3,0
41212,3,3
41213,0,6
41214,0,6
41215,7,5
41216,3,2
41217,3,2
41218,8,8
41219,2,9
41220,4,4
41221,2,7
41222,6,1
41223,7,5
41224,2,7
41225,3,3
41226,6,1
41227,2,9
41228,4,0
41229,3,3
41230,7,5
41231,7,8
41232,2,7
41233,3,3
41234,6,2
41235,6,8
41236,2,7
41237,6,1
41238,6,1
41239,2,9
41240,2,7
41241,6,5
41242,0,6
41243,7,5
41244,2,7
41245,7,0
41246,0,6
41247,6,1
41248,6,1
41249,6,1
41250,2,7
41251,2,9
41252,5,0
41253,7,8
41254,7,9
41255,3,2
41256,3,2
41257,0,6
41258,6,5
41259,7,0
41260,3,2
41261,0,6
41262,0,6
41263,7,5
41264,3,2
41265,4,0
41266,6,1
41267,1,3
41268,0,6
41269,6,1
41270,8,9
41271,7,8
41272,0,6
41273,0,6
41274,4,9
41275,2,7
41276,4,2
41277,6,5
41278,7,5
41279,2,9
41280,2,7
41281,2,9
41282,6,1
41283,3,3
41284,2,2
41285,4,0
41286,4,0
41287,3,3
41288,4,0
41289,6,1
41290,1,2
41291,3,0
41292,0,2
41293,0,4
41294,3,2
41295,4,9
41296,4,0
41297,2,7
41298,2,4
41299,6,3
41300,2,7
41301,3,2
41302,2,9
41303,0,6
41304,3,8
41305,0,5
41306,2,9
41307,0,4
41308,0,6
41309,2,7
41310,2,7
41311,2,9
41312,8,5
41313,2,7
41314,7,5
41315,0,0
41316,0,6
41317,7,3
41318,0,0
41319,6,4
41320,4,0
41321,6,5
41322,7,5
41323,0,6
41324,6,7
41325,2,7
41326,2,9
41327,7,8
41328,6,7
41329,6,9
41330,1,2
41331,7,0
41332,8,1
41333,6,1
41334,1,9
41335,6,2
41336,1,7
41337,3,3
41338,4,0
41339,2,7
41340,1,2
41341,0,0
41342,4,4
41343,3,3
41344,0,6
41345,6,7
41346,0,6
41347,6,8
41348,3,2
41349,2,9
41350,4,0
41351,0,6
41352,4,0
41353,4,0
41354,2,4
41355,0,4
41356,1,3
41357,0,0
41358,7,0
41359,6,8
41360,6,1
41361,0,6
41362,2,7
41363,7,8
41364,2,9
41365,2,7
41366,1,2
41367,6,7
41368,4,0
41369,6,9
41370,7,5
41371,0,0
41372,6,1
41373,6,4
41374,4,0
41375,6,9
41376,4,0
41377,6,9
41378,1,3
41379,6,7
41380,0,6
41381,0,4
41382,1,2
41383,0,0
41384,4,0
41385,3,3
41386,6,1
41387,6,5
41388,4,0
41389,6,5
41390,7,5
41391,3,3
41392,6,1
41393,6,8
41394,7,8
41395,2,9
41396,8,8
41397,3,2
41398,1,2
41399,6,2
41400,0,6
41401,0,0
41402,7,5
41403,6,9
41404,7,3
41405,2,7
41406,4,0
41407,3,3
41408,4,6
41409,6,1
41410,0,6
41411,3,3
41412,4,0
41413,0,6
41414,6,7
41415,0,6
41416,7,8
41417,6,2
41418,6,1
41419,6,1
41420,6,2
41421,3,2
41422,2,9
41423,0,6
41424,6,1
41425,0,0
41426,0,4
41427,3,2
41428,1,3
41429,3,2
41430,0,6
41431,6,8
41432,4,0
41433,6,9
41434,7,9
41435,6,5
41436,7,3
41437,6,1
41438,6,2
41439,0,6
41440,8,4
41441,6,8
41442,0,6
41443,4,0
41444,2,4
41445,0,0
41446,6,1
41447,3,0
41448,2,7
41449,6,1
41450,6,7
41451,3,2
41452,0,6
41453,3,3
41454,6,1
41455,0,4
41456,0,4
41457,6,5
41458,1,2
41459,0,6
41460,6,2
41461,6,7
41462,6,5
41463,6,8
41464,7,8
41465,0,0
41466,6,2
41467,6,1
41468,7,8
41469,3,2
41470,2,7
41471,3,3
41472,2,7
41473,0,4
41474,6,1
41475,6,5
41476,7,3
41477,0,6
41478,5,2
41479,2,7
41480,2,9
41481,6,8
41482,2,4
41483,6,9
41484,1,2
41485,0,0
41486,8,5
41487,6,1
41488,0,6
41489,3,2
41490,4,0
41491,3,3
41492,6,1
41493,6,7
41494,1,3
41495,6,8
41496,2,7
41497,2,9
41498,7,5
41499,8,4
41500,0,6
41501,6,9
41502,2,9
41503,2,9
41504,7,8
41505,6,8
41506,4,0
41507,3,3
41508,0,6
41509,1,5
41510,4,9
41511,8,4
41512,3,2
41513,1,3
41514,6,1
41515,5,3
41516,3,2
41517,0,6
41518,6,1
41519,0,6
41520,2,7
41521,7,5
41522,7,5
41523,7,5
41524,6,1
41525,6,1
41526,6,1
41527,6,7
41528,8,4
41529,6,8
41530,2,7
41531,2,4
41532,2,7
41533,7,5
41534,4,0
41535,6,7
41536,6,1
41537,3,3
41538,8,6
41539,7,5
41540,6,2
41541,3,2
41542,6,1
41543,1,3
41544,3,8
41545,0,6
41546,0,6
41547,0,6
41548,5,5
41549,6,7
41550,7,8
41551,2,7
41552,1,3
41553,0,0
41554,6,1
41555,6,1
41556,1,0
41557,0,0
41558,2,7
41559,6,1
41560,6,8
41561,0,6
41562,6,9
41563,2,9
41564,6,8
41565,6,3
41566,8,5
41567,6,1
41568,0,4
41569,2,4
41570,4,0
41571,2,7
41572,0,6
41573,3,3
41574,2,4
41575,7,8
41576,2,4
41577,0,6
41578,7,8
41579,6,2
41580,2,4
41581,3,2
41582,8,5
41583,2,9
41584,2,7
41585,6,1
41586,0,6
41587,6,5
41588,4,0
41589,2,9
41590,1,3
41591,6,1
41592,7,8
41593,3,2
41594,2,9
41595,3,2
41596,6,1
41597,2,7
41598,4,8
41599,2,9
41600,6,1
41601,2,7
41602,7,5
41603,2,9
41604,2,7
41605,2,9
41606,4,0
41607,6,1
41608,3,3
41609,4,0
41610,7,5
41611,6,8
41612,4,0
41613,6,9
41614,4,0
41615,6,7
41616,1,0
41617,0,0
41618,8,5
41619,3,3
41620,4,0
41621,6,8
41622,6,8
41623,6,1
41624,7,3
41625,0,4
41626,0,4
41627,4,0
41628,7,5
41629,3,3
41630,2,7
41631,0,6
41632,3,3
41633,3,2
41634,4,0
41635,1,0
41636,4,6
41637,6,1
41638,6,1
41639,1,3
41640,6,1
41641,6,1
41642,0,6
41643,0,0
41644,2,9
41645,2,9
41646,4,0
41647,4,0
41648,2,4
41649,6,1
41650,2,7
41651,3,2
41652,6,8
41653,3,3
41654,0,6
41655,4,4
41656,1,7
41657,8,5
41658,6,1
41659,0,6
41660,2,7
41661,2,7
41662,6,2
41663,6,8
41664,0,4
41665,2,9
41666,0,6
41667,4,0
41668,1,2
41669,6,1
41670,7,5
41671,2,4
41672,3,2
41673,7,5
41674,8,5
41675,0,6
41676,0,6
41677,6,7
41678,2,4
41679,6,8
41680,4,4
41681,2,9
41682,8,5
41683,4,0
41684,2,9
41685,6,1
41686,2,4
41687,3,2
41688,7,6
41689,3,3
41690,0,6
41691,0,4
41692,2,7
41693,8,5
41694,6,1
41695,0,6
41696,4,0
41697,6,7
41698,2,7
41699,7,8
41700,2,7
41701,2,9
41702,6,2
41703,0,6
41704,1,3
41705,6,8
41706,2,9
41707,2,7
41708,3,2
41709,6,8
41710,6,2
41711,0,6
41712,8,8
41713,4,0
41714,0,4
41715,6,1
41716,4,4
41717,6,7
41718,8,8
41719,8,5
41720,3,3
41721,3,2
41722,0,4
41723,6,1
41724,2,4
41725,6,7
41726,0,6
41727,6,3
41728,6,1
41729,4,0
41730,6,2
41731,8,5
41732,6,1
41733,6,1
41734,2,9
41735,0,6
41736,0,6
41737,7,5
41738,2,9
41739,6,1
41740,7,3
41741,3,2
41742,1,3
41743,4,0
41744,2,1
41745,3,2
41746,0,6
41747,3,3
41748,6,1
41749,2,4
41750,6,1
41751,7,8
41752,7,5
41753,6,3
41754,7,5
41755,3,3
41756,4,0
41757,0,6
41758,6,8
41759,8,5
41760,2,7
41761,2,9
41762,2,7
41763,2,9
41764,8,8
41765,3,3
41766,6,2
41767,3,3
41768,2,9
41769,2,7
41770,4,0
41771,2,9
41772,7,5
41773,3,3
41774,0,4
41775,2,4
41776,7,3
41777,6,1
41778,0,6
41779,6,7
41780,2,4
41781,3,3
41782,0,6
41783,2,9
41784,6,1
41785,0,6
41786,7,5
41787,2,9
41788,1,7
41789,4,0
41790,0,6
41791,2,9
41792,2,9
41793,0,6
41794,3,2
41795,0,0
41796,2,4
41797,0,6
41798,7,5
41799,6,1
41800,0,6
41801,3,8
41802,8,2
41803,8,5
41804,2,4
41805,6,1
41806,4,0
41807,4,0
41808,8,5
41809,6,1
41810,4,0
41811,4,0
41812,6,1
41813,6,9
41814,0,6
41815,8,5
41816,6,1
41817,2,9
41818,2,4
41819,4,0
41820,6,3
41821,3,2
41822,5,3
41823,6,1
41824,6,1
41825,2,4
41826,6,1
41827,2,9
41828,0,6
41829,0,6
41830,3,2
41831,6,8
41832,6,2
41833,2,9
41834,7,3
41835,3,2
41836,1,1
41837,4,0
41838,4,4
41839,6,1
41840,2,9
41841,3,2
41842,0,6
41843,7,3
41844,2,7
41845,0,4
41846,4,4
41847,7,5
41848,0,6
41849,0,6
41850,6,3
41851,2,7
41852,6,1
41853,6,8
41854,2,7
41855,2,9
41856,4,0
41857,0,0
41858,6,1
41859,6,1
41860,6,2
41861,3,2
41862,6,1
41863,3,3
41864,2,4
41865,2,4
41866,6,8
41867,7,5
41868,7,5
41869,0,6
41870,2,4
41871,2,7
41872,2,7
41873,6,8
41874,8,6
41875,2,9
41876,0,6
41877,4,0
41878,3,2
41879,6,1
41880,4,0
41881,3,2
41882,7,8
41883,1,3
41884,6,1
41885,0,4
41886,4,4
41887,7,5
41888,6,1
41889,0,6
41890,0,6
41891,2,7
41892,2,7
41893,7,8
41894,6,1
41895,2,9
41896,4,0
41897,6,1
41898,8,1
41899,0,6
41900,5,2
41901,7,8
41902,1,3
41903,2,9
41904,7,5
41905,2,9
41906,0,4
41907,0,0
41908,6,1
41909,6,1
41910,2,7
41911,3,2
41912,0,6
41913,6,4
41914,6,1
41915,2,4
41916,3,2
41917,1,3
41918,2,9
41919,2,7
41920,2,7
41921,2,4
41922,4,0
41923,2,4
41924,4,9
41925,0,4
41926,7,5
41927,4,0
41928,2,7
41929,7,3
41930,2,4
41931,6,8
41932,2,9
41933,6,5
41934,8,5
41935,6,8
41936,3,2
41937,3,2
41938,7,5
41939,6,1
41940,0,6
41941,2,7
41942,2,9
41943,1,3
41944,6,1
41945,7,5
41946,3,2
41947,6,8
41948,2,9
41949,7,5
41950,2,4
41951,6,5
41952,7,8
41953,2,9
41954,6,1
41955,3,2
41956,6,1
41957,7,5
41958,2,7
41959,6,1
41960,3,3
41961,6,1
41962,7,9
41963,0,6
41964,2,4
41965,3,2
41966,1,2
41967,6,1
41968,5,3
41969,3,3
41970,7,5
41971,6,1
41972,2,7
41973,6,8
41974,0,6
41975,0,6
41976,0,6
41977,2,4
41978,7,3
41979,4,9
41980,8,5
41981,2,4
41982,9,9
41983,2,9
41984,3,2
41985,3,2
41986,6,1
41987,0,0
41988,0,6
41989,4,0
41990,4,4
41991,2,4
41992,7,8
41993,6,4
41994,3,3
41995,0,6
41996,7,8
41997,3,2
41998,1,7
41999,0,0
42000,6,1
42001,3,2
42002,6,1
42003,6,8
42004,6,7
42005,4,0
42006,7,8
42007,0,6
42008,4,0
42009,6,8
42010,4,0
42011,2,7
42012,3,2
42013,2,9
42014,6,2
42015,6,1
42016,2,7
42017,2,9
42018,2,4
42019,5,2
42020,4,9
42021,0,6
42022,0,6
42023,2,7
42024,7,3
42025,0,6
42026,6,1
42027,0,6
42028,6,1
42029,1,8
42030,2,7
42031,2,7
42032,2,4
42033,0,4
42034,4,8
42035,2,9
42036,2,7
42037,3,2
42038,4,0
42039,6,1
42040,6,1
42041,1,3
42042,2,4
42043,1,3
42044,6,1
42045,4,0
42046,8,5
42047,7,5
42048,2,9
42049,7,5
42050,3,2
42051,7,8
42052,2,9
42053,4,0
42054,3,3
42055,1,3
42056,1,3
42057,2,7
42058,6,1
42059,2,9
42060,6,8
42061,2,7
42062,2,7
42063,7,0
42064,2,7
42065,3,2
42066,0,6
42067,2,7
42068,3,2
42069,2,9
42070,3,3
42071,6,1
42072,0,6
42073,3,3
42074,4,0
42075,0,6
42076,7,8
42077,2,7
42078,8,4
42079,6,8
42080,0,6
42081,4,0
42082,3,3
42083,1,3
42084,4,0
42085,6,5
42086,2,9
42087,1,3
42088,7,3
42089,0,6
42090,2,9
42091,4,0
42092,3,2
42093,6,1
42094,2,7
42095,1,2
42096,4,8
42097,1,3
42098,6,1
42099,2,4
42100,4,0
42101,7,5
42102,6,1
42103,0,6
42104,6,8
42105,2,7
42106,4,9
42107,7,8
42108,7,5
42109,2,9
42110,7,5
42111,4,0
42112,6,8
42113,6,1
42114,6,3
42115,1,2
42116,2,4
42117,1,3
42118,2,9
42119,2,4
42120,3,3
42121,6,5
42122,7,5
42123,0,6
42124,2,9
42125,2,7
42126,1,2
42127,6,8
42128,2,4
42129,2,9
42130,6,8
42131,0,0
42132,6,1
42133,6,1
42134,2,7
42135,3,2
42136,4,0
42137,3,3
42138,3,2
42139,2,4
42140,1,3
42141,6,5
42142,6,2
42143,0,6
42144,2,9
42145,2,7
42146,2,7
42147,6,8
42148,2,7
42149,2,9
42150,6,3
42151,0,6
42152,2,9
42153,1,0
42154,0,6
42155,6,8
42156,6,1
42157,1,0
42158,1,2
42159,3,2
42160,0,6
42161,3,3
42162,0,6
42163,2,7
42164,2,7
42165,2,9
42166,0,6
42167,2,4
42168,5,2
42169,2,7
42170,4,0
42171,6,1
42172,0,6
42173,2,9
42174,0,6
42175,6,1
42176,6,1
42177,2,7
42178,1,3
42179,6,1
42180,4,0
42181,2,4
42182,6,1
42183,1,0
42184,6,1
42185,1,0
42186,1,3
42187,2,4
42188,5,2
42189,6,1
42190,0,6
42191,2,7
42192,2,9
42193,6,5
42194,6,1
42195,2,7
42196,7,8
42197,6,1
42198,2,4
42199,3,3
42200,2,7
42201,3,3
42202,2,7
42203,3,3
42204,6,7
42205,6,1
42206,1,2
42207,0,6
42208,7,8
42209,6,9
42210,3,3
42211,2,7
42212,7,3
42213,2,4
42214,2,9
42215,3,3
42216,0,4
42217,1,0
42218,7,8
42219,3,2
42220,7,3
42221,6,5
42222,2,9
42223,3,2
42224,4,0
42225,0,6
42226,1,8
42227,4,0
42228,4,9
42229,8,8
42230,4,0
42231,2,9
42232,8,5
42233,2,4
42234,8,6
42235,3,3
42236,2,4
42237,6,5
42238,6,8
42239,2,4
42240,3,2
42241,7,8
42242,6,1
42243,6,1
42244,8,5
42245,1,0
42246,4,9
42247,0,6
42248,3,3
42249,2,4
42250,4,0
42251,3,3
42252,7,5
42253,0,6
42254,3,3
42255,3,3
42256,0,6
42257,3,3
42258,2,9
42259,7,8
42260,6,1
42261,6,1
42262,4,0
42263,2,4
42264,3,3
42265,2,7
42266,3,8
42267,6,5
42268,6,1
42269,2,7
42270,4,0
42271,6,2
42272,2,4
42273,3,2
42274,8,5
42275,1,0
42276,6,1
42277,4,0
42278,3,2
42279,6,1
42280,1,2
42281,2,7
42282,2,7
42283,2,7
42284,3,3
42285,2,9
42286,2,4
42287,6,5
42288,6,1
42289,2,9
42290,2,7
42291,6,8
42292,6,7
42293,6,9
42294,4,0
42295,0,6
42296,2,7
42297,7,8
42298,2,9
42299,6,8
42300,2,4
42301,3,2
42302,2,4
42303,3,3
42304,2,4
42305,0,6
42306,2,9
42307,6,1
42308,1,2
42309,5,2
42310,3,2
42311,6,9
42312,4,5
42313,6,8
42314,6,8
42315,6,9
42316,8,1
42317,6,5
42318,2,9
42319,3,2
42320,6,7
42321,6,5
42322,7,5
42323,3,2
42324,4,0
42325,0,6
42326,6,1
42327,5,2
42328,6,2
42329,2,4
42330,2,4
42331,7,8
42332,6,1
42333,2,4
42334,1,5
42335,0,6
42336,1,2
42337,6,5
42338,8,5
42339,6,1
42340,0,6
42341,6,2
42342,4,0
42343,7,3
42344,4,9
42345,2,4
42346,8,4
42347,4,8
42348,6,1
42349,4,0
42350,0,6
42351,6,1
42352,2,7
42353,5,2
42354,4,7
42355,5,3
42356,9,9
42357,2,4
42358,4,0
42359,7,5
42360,2,9
42361,0,6
42362,4,0
42363,2,7
42364,7,8
42365,3,8
42366,6,2
42367,2,9
42368,1,7
42369,4,0
42370,0,6
42371,6,1
42372,8,5
42373,6,2
42374,4,0
42375,1,3
42376,2,9
42377,0,4
42378,2,7
42379,7,5
42380,6,1
42381,0,6
42382,4,4
42383,3,8
42384,4,8
42385,2,9
42386,8,6
42387,7,5
42388,6,8
42389,4,0
42390,7,5
42391,3,3
42392,8,5
42393,6,1
42394,1,2
42395,0,6
42396,0,6
42397,3,8
42398,3,3
42399,0,4
42400,2,9
42401,6,1
42402,4,0
42403,2,7
42404,6,1
42405,0,6
42406,6,1
42407,7,5
42408,3,8
42409,0,6
42410,2,7
42411,0,4
42412,6,1
42413,1,2
42414,7,5
42415,8,7
42416,2,7
42417,7,8
42418,2,7
42419,3,3
42420,0,6
42421,2,4
42422,1,1
42423,3,3
42424,6,1
42425,2,4
42426,2,9
42427,2,7
42428,5,5
42429,1,2
42430,2,7
42431,7,5
42432,5,3
42433,4,0
42434,2,3
42435,6,1
42436,8,5
42437,8,9
42438,1,9
42439,5,2
42440,6,1
42441,3,3
42442,7,8
42443,3,2
42444,0,0
42445,5,3
42446,4,0
42447,7,5
42448,4,0
42449,8,5
42450,8,6
42451,6,7
42452,0,6
42453,3,8
42454,3,2
42455,2,4
42456,4,0
42457,4,9
42458,2,9
42459,2,9
42460,6,1
42461,2,7
42462,6,1
42463,6,1
42464,4,4
42465,8,9
42466,2,7
42467,7,8
42468,2,7
42469,3,3
42470,1,8
42471,2,4
42472,4,2
42473,3,8
42474,6,2
42475,0,6
42476,7,3
42477,7,3
42478,7,8
42479,3,8
42480,7,5
42481,3,6
42482,4,9
42483,4,0
42484,2,4
42485,6,1
42486,6,1
42487,4,0
42488,4,0
42489,0,6
42490,0,6
42491,0,2
42492,2,9
42493,3,3
42494,6,1
42495,3,8
42496,6,2
42497,9,9
42498,0,6
42499,4,0
42500,2,9
42501,2,7
42502,6,1
42503,0,2
42504,8,8
42505,3,3
42506,6,1
42507,2,4
42508,7,3
42509,3,5
42510,6,1
42511,8,5
42512,2,9
42513,5,2
42514,2,7
42515,9,8
42516,2,9
42517,7,5
42518,6,1
42519,2,4
42520,7,5
42521,0,6
42522,0,2
42523,0,6
42524,9,9
42525,0,6
42526,7,3
42527,2,7
42528,2,7
42529,2,9
42530,0,6
42531,6,1
42532,3,2
42533,3,8
42534,3,3
42535,3,2
42536,8,4
42537,6,1
42538,0,2
42539,5,2
42540,7,8
42541,0,6
42542,2,9
42543,8,5
42544,2,7
42545,7,3
42546,6,1
42547,2,4
42548,2,7
42549,2,7
42550,2,9
42551,4,9
42552,4,0
42553,2,4
42554,8,5
42555,7,5
42556,7,5
42557,7,9
42558,0,6
42559,4,0
42560,7,5
42561,6,1
42562,6,2
42563,1,2
42564,2,9
42565,7,3
42566,2,9
42567,2,4
42568,6,2
42569,7,5
42570,3,6
42571,0,6
42572,8,5
42573,2,7
42574,2,4
42575,1,8
42576,7,8
42577,8,9
42578,6,1
42579,4,0
42580,7,8
42581,6,1
42582,2,7
42583,3,2
42584,6,1
42585,1,3
42586,6,1
42587,8,4
42588,3,3
42589,7,5
42590,8,5
42591,0,6
42592,2,7
42593,2,7
42594,2,7
42595,7,8
42596,1,2
42597,2,9
42598,6,2
42599,4,0
42600,0,6
42601,6,1
42602,6,1
42603,3,2
42604,7,5
42605,1,3
42606,1,7
42607,8,4
42608,4,0
42609,5,5
42610,4,0
42611,0,6
42612,4,0
42613,2,7
42614,4,0
42615,7,8
42616,4,4
42617,7,8
42618,6,1
42619,2,7
42620,2,4
42621,2,7
42622,3,2
42623,4,0
42624,2,8
42625,6,1
42626,8,5
42627,1,3
42628,2,9
42629,2,7
42630,8,1
42631,7,5
42632,0,0
42633,3,2
42634,4,0
42635,7,8
42636,7,3
42637,4,0
42638,0,4
42639,2,7
42640,2,9
42641,7,5
42642,9,9
42643,2,9
42644,6,1
42645,2,9
42646,2,7
42647,0,6
42648,2,7
42649,4,0
42650,2,7
42651,2,9
42652,7,5
42653,8,4
42654,1,2
42655,6,1
42656,7,8
42657,6,1
42658,5,0
42659,7,5
42660,7,5
42661,7,8
42662,4,8
42663,7,5
42664,4,0
42665,7,8
42666,6,1
42667,0,6
42668,2,9
42669,1,3
42670,2,7
42671,4,2
42672,2,7
42673,6,1
42674,4,0
42675,3,2
42676,4,4
42677,1,3
42678,5,3
42679,7,8
42680,5,5
42681,1,3
42682,3,8
42683,3,2
42684,2,4
42685,0,6
42686,3,2
42687,7,5
42688,6,8
42689,0,6
42690,8,1
42691,7,8
42692,3,2
42693,5,2
42694,0,6
42695,2,7
42696,6,9
42697,2,4
42698,8,5
42699,7,8
42700,0,6
42701,6,1
42702,2,1
42703,1,0
42704,7,8
42705,5,5
42706,6,8
42707,1,3
42708,3,2
42709,2,9
42710,8,4
42711,8,4
42712,7,8
42713,6,1
42714,0,6
42715,2,9
42716,6,1
42717,3,2
42718,2,9
42719,6,1
42720,4,0
42721,2,9
42722,2,7
42723,0,6
42724,3,8
42725,2,7
42726,6,2
42727,2,9
42728,2,9
42729,0,6
42730,0,6
42731,6,1
42732,4,0
42733,2,7
42734,4,2
42735,3,3
42736,7,8
42737,7,8
42738,2,9
42739,2,7
42740,6,1
42741,3,2
42742,2,4
42743,2,9
42744,4,0
42745,0,6
42746,1,2
42747,7,5
42748,2,7
42749,7,8
42750,2,4
42751,2,7
42752,4,0
42753,7,5
42754,1,2
42755,1,3
42756,7,5
42757,2,9
42758,6,3
42759,4,0
42760,8,5
42761,7,5
42762,7,5
42763,2,7
42764,4,0
42765,6,1
42766,2,4
42767,0,6
42768,6,1
42769,6,1
42770,2,4
42771,4,0
42772,2,7
42773,2,9
42774,2,4
42775,3,3
42776,4,0
42777,7,3
42778,6,8
42779,2,4
42780,2,7
42781,0,4
42782,2,7
42783,4,0
42784,2,7
42785,0,6
42786,6,1
42787,0,4
42788,0,6
42789,3,2
42790,6,7
42791,1,3
42792,3,2
42793,8,4
42794,1,3
42795,4,0
42796,4,9
42797,4,0
42798,2,7
42799,5,2
42800,2,7
42801,4,0
42802,2,9
42803,6,1
42804,6,3
42805,3,2
42806,6,1
42807,1,3
42808,2,9
42809,2,4
42810,6,2
42811,2,7
42812,2,4
42813,3,8
42814,3,2
42815,2,9
42816,2,4
42817,4,0
42818,4,0
42819,6,1
42820,1,8
42821,3,2
42822,2,4
42823,7,3
42824,2,7
42825,2,4
42826,6,9
42827,7,5
42828,2,7
42829,0,6
42830,1,2
42831,2,7
42832,7,8
42833,6,8
42834,6,1
42835,4,0
42836,7,5
42837,6,1
42838,2,9
42839,3,2
42840,3,3
42841,3,3
42842,6,2
42843,0,6
42844,6,7
42845,2,9
42846,6,1
42847,0,6
42848,4,0
42849,6,1
42850,8,5
42851,2,9
42852,6,1
42853,2,9
42854,6,4
42855,2,9
42856,0,6
42857,0,4
42858,2,4
42859,6,1
42860,7,9
42861,3,2
42862,4,0
42863,7,5
42864,7,5
42865,0,0
42866,2,2
42867,4,0
42868,7,8
42869,0,6
42870,2,9
42871,0,0
42872,8,8
42873,6,8
42874,6,1
42875,6,1
42876,2,7
42877,1,0
42878,7,8
42879,2,9
42880,3,8
42881,6,1
42882,2,9
42883,3,2
42884,2,9
42885,3,2
42886,1,3
42887,3,2
42888,6,1
42889,7,5
42890,4,9
42891,3,2
42892,2,7
42893,6,1
42894,6,1
42895,2,4
42896,4,0
42897,2,7
42898,7,3
42899,6,1
42900,7,8
42901,2,7
42902,1,3
42903,2,9
42904,4,6
42905,0,6
42906,5,3
42907,3,3
42908,3,3
42909,7,3
42910,8,5
42911,6,1
42912,0,6
42913,4,0
42914,8,3
42915,4,0
42916,6,2
42917,7,5
42918,1,2
42919,0,6
42920,7,8
42921,0,6
42922,0,6
42923,3,8
42924,6,9
42925,4,0
42926,3,2
42927,6,1
42928,2,7
42929,3,2
42930,1,3
42931,6,3
42932,6,1
42933,6,4
42934,1,2
42935,7,5
42936,6,2
42937,0,6
42938,7,3
42939,2,7
42940,4,5
42941,6,8
42942,4,6
42943,2,9
42944,6,8
42945,4,0
42946,2,9
42947,6,1
42948,0,6
42949,3,2
42950,3,2
42951,6,3
42952,2,4
42953,0,4
42954,3,3
42955,8,5
42956,0,4
42957,0,6
42958,6,2
42959,2,7
42960,8,6
42961,6,8
42962,3,3
42963,2,9
42964,8,5
42965,4,0
42966,1,3
42967,6,1
42968,6,1
42969,3,2
42970,7,5
42971,3,3
42972,4,6
42973,0,4
42974,6,1
42975,0,6
42976,2,7
42977,2,7
42978,0,6
42979,6,8
42980,4,0
42981,4,0
42982,6,2
42983,7,5
42984,7,5
42985,4,0
42986,6,1
42987,6,8
42988,8,8
42989,4,0
42990,7,8
42991,6,2
42992,0,6
42993,6,9
42994,7,3
42995,0,4
42996,0,6
42997,6,7
42998,7,8
42999,6,1
43000,2,9
43001,6,9
43002,3,2
43003,6,1
43004,7,8
43005,2,7
43006,6,1
43007,6,1
43008,7,8
43009,0,4
43010,2,4
43011,4,0
43012,1,3
43013,4,0
43014,7,3
43015,6,4
43016,6,1
43017,6,1
43018,6,8
43019,2,7
43020,4,0
43021,6,5
43022,2,4
43023,6,7
43024,2,7
43025,6,1
43026,2,4
43027,6,3
43028,2,9
43029,3,3
43030,8,1
43031,3,3
43032,3,2
43033,6,1
43034,8,9
43035,6,6
43036,2,7
43037,6,9
43038,4,4
43039,2,7
43040,1,2
43041,0,4
43042,2,8
43043,6,3
43044,6,1
43045,0,0
43046,2,7
43047,3,2
43048,8,5
43049,0,6
43050,4,0
43051,6,8
43052,2,7
43053,6,1
43054,0,6
43055,7,5
43056,7,5
43057,6,9
43058,2,9
43059,0,0
43060,7,8
43061,0,6
43062,4,8
43063,0,6
43064,3,3
43065,6,3
43066,7,5
43067,3,3
43068,8,4
43069,6,8
43070,1,3
43071,6,1
43072,7,8
43073,0,4
43074,4,0
43075,2,7
43076,1,3
43077,3,2
43078,2,4
43079,3,2
43080,3,3
43081,4,0
43082,2,7
43083,4,0
43084,7,5
43085,6,1
43086,2,9
43087,2,7
43088,4,0
43089,6,7
43090,3,3
43091,6,8
43092,4,0
43093,6,9
43094,6,9
43095,6,6
43096,1,8
43097,6,8
43098,6,5
43099,6,8
43100,3,3
43101,3,2
43102,4,0
43103,3,3
43104,2,7
43105,3,2
43106,2,4
43107,6,9
43108,2,7
43109,6,8
43110,3,8
43111,6,5
43112,8,4
43113,6,2
43114,2,9
43115,0,6
43116,6,2
43117,6,2
43118,6,1
43119,0,4
43120,2,9
43121,6,8
43122,6,2
43123,6,4
43124,3,2
43125,6,6
43126,5,3
43127,7,5
43128,6,1
43129,0,0
43130,2,4
43131,6,1
43132,3,3
43133,6,2
43134,4,0
43135,1,3
43136,7,5
43137,2,4
43138,2,9
43139,7,5
43140,1,3
43141,0,6
43142,6,1
43143,2,7
43144,7,5
43145,6,8
43146,2,9
43147,6,9
43148,8,5
43149,0,0
43150,4,4
43151,6,1
43152,2,4
43153,3,2
43154,0,6
43155,1,3
43156,2,4
43157,2,4
43158,2,9
43159,7,5
43160,2,7
43161,0,6
43162,6,1
43163,2,7
43164,0,6
43165,7,8
43166,0,6
43167,6,9
43168,2,7
43169,0,0
43170,4,0
43171,3,3
43172,3,2
43173,2,4
43174,2,9
43175,7,5
43176,3,2
43177,0,6
43178,2,7
43179,6,7
43180,3,3
43181,7,8
43182,7,8
43183,6,9
43184,1,2
43185,2,9
43186,3,0
43187,2,7
43188,4,0
43189,7,5
43190,2,7
43191,6,2
43192,3,3
43193,2,9
43194,6,8
43195,4,0
43196,3,3
43197,6,1
43198,1,3
43199,7,5
43200,8,3
43201,7,8
43202,2,7
43203,7,8
43204,7,3
43205,0,0
43206,3,5
43207,6,9
43208,9,3
43209,1,3
43210,2,9
43211,3,2
43212,3,5
43213,2,7
43214,6,1
43215,7,8
43216,4,0
43217,2,4
43218,7,5
43219,2,4
43220,6,2
43221,7,5
43222,2,7
43223,2,9
43224,1,3
43225,0,6
43226,7,8
43227,6,1
43228,2,4
43229,4,0
43230,5,3
43231,2,4
43232,6,1
43233,7,5
43234,7,8
43235,3,3
43236,4,0
43237,2,9
43238,2,7
43239,2,4
43240,1,2
43241,3,2
43242,6,8
43243,4,0
43244,3,5
43245,7,5
43246,6,1
43247,4,0
43248,7,9
43249,6,1
43250,6,8
43251,0,6
43252,3,3
43253,6,9
43254,6,2
43255,3,3
43256,6,3
43257,6,2
43258,4,0
43259,2,9
43260,0,6
43261,6,1
43262,7,5
43263,0,6
43264,0,6
43265,0,0
43266,4,0
43267,6,1
43268,7,8
43269,6,1
43270,0,6
43271,6,8
43272,2,4
43273,4,0
43274,2,4
43275,2,4
43276,4,0
43277,2,7
43278,4,4
43279,2,7
43280,3,3
43281,0,6
43282,7,9
43283,0,0
43284,2,7
43285,2,7
43286,6,1
43287,1,3
43288,2,7
43289,7,5
43290,2,8
43291,2,4
43292,6,2
43293,6,2
43294,1,2
43295,6,4
43296,6,1
43297,6,1
43298,3,3
43299,6,8
43300,6,1
43301,3,3
43302,4,4
43303,7,5
43304,0,6
43305,0,6
43306,7,8
43307,2,7
43308,7,5
43309,4,0
43310,2,9
43311,0,6
43312,3,2
43313,2,7
43314,3,2
43315,6,1
43316,6,1
43317,6,2
43318,8,5
43319,7,5
43320,0,6
43321,7,8
43322,1,8
43323,6,1
43324,2,9
43325,6,9
43326,5,2
43327,3,3
43328,6,5
43329,7,8
43330,3,3
43331,6,2
43332,6,1
43333,7,8
43334,7,8
43335,7,8
43336,6,1
43337,2,7
43338,1,2
43339,6,1
43340,2,7
43341,2,7
43342,6,8
43343,2,9
43344,1,1
43345,6,2
43346,2,7
43347,4,0
43348,0,6
43349,6,1
43350,6,1
43351,3,2
43352,2,7
43353,3,3
43354,2,7
43355,2,4
43356,2,7
43357,7,5
43358,2,9
43359,0,6
43360,6,2
43361,2,7
43362,1,7
43363,7,8
43364,4,4
43365,2,9
43366,0,0
43367,4,0
43368,8,5
43369,6,1
43370,2,4
43371,3,2
43372,4,8
43373,3,3
43374,2,7
43375,0,4
43376,3,2
43377,7,5
43378,2,7
43379,0,6
43380,7,3
43381,2,7
43382,2,7
43383,6,8
43384,2,7
43385,2,9
43386,0,6
43387,4,0
43388,6,8
43389,6,1
43390,2,7
43391,3,2
43392,2,9
43393,3,3
43394,3,2
43395,2,4
43396,0,6
43397,7,5
43398,8,4
43399,0,6
43400,2,7
43401,2,7
43402,7,5
43403,6,8
43404,4,0
43405,2,9
43406,6,1
43407,3,2
43408,2,7
43409,7,5
43410,4,8
43411,6,1
43412,8,5
43413,0,6
43414,2,7
43415,2,4
43416,2,9
43417,3,3
43418,4,0
43419,2,9
43420,0,6
43421,2,9
43422,4,0
43423,4,0
43424,7,6
43425,2,9
43426,6,1
43427,2,7
43428,7,3
43429,6,1
43430,3,2
43431,0,6
43432,7,5
43433,6,4
43434,3,2
43435,3,3
43436,3,2
43437,0,6
43438,1,3
43439,6,2
43440,0,6
43441,3,2
43442,7,5
43443,4,0
43444,6,1
43445,4,0
43446,6,1
43447,6,8
43448,3,3
43449,3,2
43450,1,2
43451,7,5
43452,4,4
43453,2,9
43454,1,5
43455,6,8
43456,1,3
43457,0,6
43458,6,1
43459,7,5
43460,3,3
43461,2,7
43462,0,6
43463,4,0
43464,6,8
43465,7,0
43466,7,3
43467,2,4
43468,4,0
43469,6,1
43470,6,7
43471,2,7
43472,4,0
43473,2,4
43474,6,3
43475,3,3
43476,6,3
43477,3,2
43478,2,9
43479,3,2
43480,6,1
43481,2,4
43482,7,3
43483,2,7
43484,6,1
43485,0,6
43486,3,2
43487,2,4
43488,7,5
43489,2,7
43490,6,1
43491,2,7
43492,1,3
43493,2,7
43494,1,3
43495,3,2
43496,6,7
43497,4,0
43498,0,6
43499,2,9
43500,6,1
43501,7,8
43502,2,9
43503,7,5
43504,7,8
43505,0,6
43506,8,5
43507,2,4
43508,7,5
43509,3,3
43510,7,5
43511,6,8
43512,2,9
43513,3,2
43514,6,2
43515,6,8
43516,2,4
43517,3,3
43518,4,6
43519,6,8
43520,2,7
43521,2,9
43522,3,8
43523,7,5
43524,7,8
43525,6,8
43526,2,9
43527,4,0
43528,2,7
43529,7,5
43530,2,4
43531,2,4
43532,3,8
43533,2,7
43534,6,8
43535,6,1
43536,4,0
43537,3,3
43538,7,8
43539,6,1
43540,8,5
43541,2,7
43542,2,7
43543,2,9
43544,0,9
43545,0,6
43546,3,2
43547,6,2
43548,3,8
43549,4,0
43550,2,9
43551,2,9
43552,3,3
43553,6,1
43554,4,0
43555,2,7
43556,4,0
43557,3,3
43558,3,8
43559,6,8
43560,7,5
43561,4,0
43562,6,3
43563,3,3
43564,0,6
43565,2,9
43566,3,2
43567,6,1
43568,7,5
43569,0,6
43570,6,1
43571,2,4
43572,0,6
43573,3,3
43574,8,5
43575,3,2
43576,1,2
43577,6,1
43578,6,1
43579,6,8
43580,6,8
43581,0,6
43582,0,6
43583,6,1
43584,2,7
43585,7,5
43586,0,6
43587,7,5
43588,1,8
43589,0,6
43590,1,2
43591,6,5
43592,0,6
43593,4,0
43594,0,6
43595,6,1
43596,2,9
43597,3,2
43598,6,7
43599,1,3
43600,2,4
43601,2,4
43602,4,0
43603,7,5
43604,0,4
43605,0,6
43606,7,8
43607,2,7
43608,4,4
43609,6,8
43610,4,0
43611,2,9
43612,2,4
43613,4,0
43614,4,4
43615,6,1
43616,6,1
43617,3,2
43618,4,7
43619,7,3
43620,0,6
43621,2,4
43622,4,4
43623,7,5
43624,4,0
43625,0,6
43626,4,4
43627,2,7
43628,2,7
43629,6,8
43630,3,2
43631,4,0
43632,3,2
43633,6,1
43634,4,4
43635,1,2
43636,4,4
43637,1,3
43638,4,5
43639,2,4
43640,8,6
43641,7,5
43642,6,2
43643,0,6
43644,1,3
43645,2,7
43646,0,6
43647,6,8
43648,8,5
43649,3,2
43650,4,9
43651,7,5
43652,6,1
43653,6,1
43654,6,3
43655,0,6
43656,8,8
43657,2,4
43658,2,3
43659,3,3
43660,4,9
43661,2,9
43662,4,0
43663,2,9
43664,6,1
43665,4,0
43666,3,3
43667,2,9
43668,0,6
43669,2,7
43670,6,3
43671,6,1
43672,1,3
43673,0,6
43674,6,2
43675,2,4
43676,7,5
43677,1,3
43678,0,6
43679,0,6
43680,7,5
43681,3,2
43682,0,6
43683,1,2
43684,6,1
43685,4,0
43686,2,7
43687,6,8
43688,0,4
43689,3,2
43690,7,8
43691,7,5
43692,4,8
43693,2,9
43694,0,6
43695,6,8
43696,7,5
43697,0,6
43698,6,8
43699,7,5
43700,2,4
43701,4,0
43702,6,3
43703,2,4
43704,6,1
43705,6,1
43706,4,0
43707,2,7
43708,1,1
43709,2,4
43710,6,7
43711,7,3
43712,4,0
43713,0,4
43714,6,1
43715,6,1
43716,7,5
43717,1,3
43718,2,9
43719,2,7
43720,3,6
43721,2,4
43722,2,7
43723,2,7
43724,1,8
43725,2,7
43726,0,6
43727,4,0
43728,4,0
43729,2,9
43730,1,3
43731,6,8
43732,4,4
43733,7,5
43734,2,9
43735,0,6
43736,0,6
43737,2,4
43738,2,9
43739,1,3
43740,2,4
43741,6,8
43742,0,6
43743,3,2
43744,0,6
43745,2,8
43746,1,1
43747,7,3
43748,7,5
43749,6,8
43750,2,9
43751,2,9
43752,0,6
43753,7,5
43754,7,8
43755,6,8
43756,0,4
43757,2,4
43758,3,3
43759,1,3
43760,3,2
43761,6,1
43762,3,3
43763,2,7
43764,6,1
43765,2,9
43766,7,5
43767,0,6
43768,5,2
43769,3,2
43770,6,1
43771,6,7
43772,1,5
43773,3,3
43774,2,7
43775,1,3
43776,7,5
43777,2,9
43778,4,0
43779,6,1
43780,7,5
43781,6,4
43782,7,3
43783,1,3
43784,6,1
43785,2,9
43786,2,9
43787,6,8
43788,6,8
43789,3,2
43790,6,1
43791,6,1
43792,2,9
43793,6,8
43794,6,2
43795,0,6
43796,2,7
43797,2,4
43798,2,7
43799,8,5
43800,0,6
43801,6,1
43802,2,7
43803,7,5
43804,8,6
43805,7,5
43806,3,2
43807,0,6
43808,6,1
43809,7,5
43810,2,9
43811,0,0
43812,2,4
43813,6,1
43814,9,9
43815,6,2
43816,1,3
43817,7,3
43818,1,2
43819,2,4
43820,4,5
43821,2,7
43822,4,6
43823,6,8
43824,6,8
43825,2,9
43826,3,2
43827,4,0
43828,6,8
43829,6,1
43830,2,9
43831,6,2
43832,2,4
43833,7,3
43834,4,0
43835,2,4
43836,6,1
43837,6,5
43838,8,5
43839,0,6
43840,2,7
43841,2,7
43842,6,2
43843,6,8
43844,6,1
43845,2,9
43846,7,8
43847,4,0
43848,6,8
43849,6,1
43850,6,2
43851,6,2
43852,6,2
43853,7,3
43854,3,2
43855,7,5
43856,7,5
43857,0,6
43858,2,4
43859,2,7
43860,2,7
43861,6,8
43862,2,9
43863,2,9
43864,2,9
43865,7,3
43866,0,6
43867,8,5
43868,3,3
43869,3,3
43870,2,9
43871,3,2
43872,6,1
43873,2,9
43874,1,2
43875,3,3
43876,7,8
43877,3,2
43878,3,2
43879,6,1
43880,6,8
43881,2,4
43882,7,5
43883,3,3
43884,4,0
43885,3,2
43886,2,7
43887,6,1
43888,2,9
43889,3,3
43890,6,7
43891,2,9
43892,0,6
43893,2,7
43894,6,8
43895,6,2
43896,2,9
43897,6,1
43898,2,7
43899,6,2
43900,3,8
43901,6,8
43902,7,3
43903,2,9
43904,0,4
43905,6,1
43906,2,4
43907,6,8
43908,0,6
43909,6,8
43910,6,1
43911,2,7
43912,1,7
43913,4,0
43914,0,6
43915,0,0
43916,2,9
43917,2,7
43918,2,9
43919,2,7
43920,4,9
43921,6,8
43922,3,3
43923,2,7
43924,6,7
43925,0,6
43926,2,7
43927,6,1
43928,2,4
43929,2,4
43930,3,8
43931,0,6
43932,4,0
43933,6,1
43934,2,4
43935,3,2
43936,4,5
43937,8,5
43938,2,8
43939,4,0
43940,0,6
43941,0,0
43942,1,3
43943,6,3
43944,3,8
43945,6,8
43946,7,5
43947,6,4
43948,6,1
43949,2,4
43950,4,9
43951,6,1
43952,3,3
43953,6,8
43954,2,4
43955,0,6
43956,6,7
43957,7,5
43958,7,8
43959,2,9
43960,4,0
43961,0,0
43962,3,3
43963,0,0
43964,3,2
43965,4,0
43966,2,9
43967,3,3
43968,6,8
43969,2,7
43970,2,9
43971,6,1
43972,6,1
43973,0,6
43974,1,2
43975,6,2
43976,4,0
43977,0,6
43978,7,3
43979,0,6
43980,6,1
43981,4,0
43982,2,9
43983,2,4
43984,6,1
43985,6,5
43986,3,8
43987,2,4
43988,6,2
43989,6,1
43990,2,7
43991,3,3
43992,2,9
43993,2,8
43994,3,2
43995,0,6
43996,3,2
43997,3,3
43998,5,7
43999,2,9
44000,4,0
44001,2,9
44002,5,8
44003,6,5
44004,1,3
44005,2,7
44006,7,5
44007,6,8
44008,2,9
44009,8,5
44010,2,9
44011,0,6
44012,6,1
44013,0,4
44014,7,5
44015,2,7
44016,2,9
44017,0,6
44018,7,5
44019,3,2
44020,7,3
44021,6,2
44022,2,9
44023,4,0
44024,6,8
44025,2,9
44026,2,9
44027,2,4
44028,2,9
44029,0,0
44030,0,0
44031,6,1
44032,1,3
44033,3,2
44034,3,3
44035,7,3
44036,6,1
44037,2,4
44038,6,1
44039,2,7
44040,0,0
44041,7,8
44042,6,7
44043,2,9
44044,2,9
44045,4,0
44046,6,1
44047,6,1
44048,2,9
44049,3,2
44050,2,7
44051,1,3
44052,0,4
44053,0,4
44054,3,2
44055,7,5
44056,7,8
44057,0,6
44058,6,3
44059,2,7
44060,4,0
44061,7,8
44062,6,7
44063,7,0
44064,2,7
44065,6,1
44066,0,6
44067,2,7
44068,2,4
44069,7,8
44070,0,6
44071,2,9
44072,7,8
44073,0,6
44074,2,9
44075,2,9
44076,4,0
44077,0,6
44078,8,6
44079,6,1
44080,2,7
44081,2,9
44082,8,6
44083,2,9
44084,2,9
44085,2,9
44086,4,4
44087,7,8
44088,2,4
44089,6,1
44090,1,2
44091,2,4
44092,3,2
44093,6,1
44094,4,0
44095,6,2
44096,4,0
44097,2,9
44098,3,2
44099,5,5
44100,2,4
44101,7,3
44102,0,6
44103,0,0
44104,2,9
44105,2,4
44106,4,5
44107,2,9
44108,6,1
44109,6,1
44110,4,4
44111,2,7
44112,3,3
44113,6,1
44114,0,6
44115,7,8
44116,4,9
44117,2,7
44118,7,8
44119,0,6
44120,6,1
44121,0,0
44122,7,8
44123,0,8
44124,2,4
44125,6,1
44126,6,1
44127,4,0
44128,0,6
44129,2,9
44130,4,0
44131,6,1
44132,0,6
44133,3,2
44134,3,3
44135,0,5
44136,6,1
44137,2,4
44138,7,3
44139,2,7
44140,3,2
44141,6,7
44142,3,3
44143,3,2
44144,4,8
44145,2,7
44146,7,3
44147,0,5
44148,7,5
44149,3,2
44150,6,7
44151,6,1
44152,7,5
44153,0,4
44154,2,9
44155,6,4
44156,2,7
44157,3,3
44158,6,1
44159,0,0
44160,2,7
44161,4,0
44162,6,3
44163,7,8
44164,8,5
44165,0,5
44166,3,2
44167,6,4
44168,0,6
44169,2,7
44170,2,7
44171,7,8
44172,3,8
44173,7,8
44174,7,3
44175,2,7
44176,7,8
44177,2,9
44178,2,7
44179,0,6
44180,7,8
44181,5,3
44182,2,9
44183,6,1
44184,4,0
44185,2,7
44186,1,2
44187,2,9
44188,5,3
44189,0,6
44190,2,4
44191,7,3
44192,3,3
44193,7,3
44194,2,7
44195,3,2
44196,1,8
44197,0,6
44198,6,1
44199,0,0
44200,7,8
44201,0,6
44202,3,8
44203,7,8
44204,0,6
44205,5,0
44206,6,8
44207,6,1
44208,4,0
44209,5,2
44210,6,1
44211,3,3
44212,2,7
44213,0,4
44214,2,9
44215,7,5
44216,3,3
44217,0,6
44218,0,6
44219,6,7
44220,6,1
44221,7,8
44222,6,1
44223,2,9
44224,2,4
44225,4,0
44226,3,2
44227,6,1
44228,2,9
44229,3,2
44230,4,9
44231,3,3
44232,2,4
44233,2,4
44234,4,9
44235,7,5
44236,4,9
44237,0,6
44238,0,6
44239,2,7
44240,1,3
44241,6,8
44242,6,1
44243,0,0
44244,2,9
44245,6,1
44246,2,7
44247,3,2
44248,3,2
44249,7,3
44250,4,6
44251,2,4
44252,2,7
44253,3,5
44254,2,7
44255,0,6
44256,2,4
44257,6,7
44258,0,6
44259,7,8
44260,3,2
44261,6,9
44262,1,5
44263,7,5
44264,2,4
44265,3,2
44266,4,0
44267,4,8
44268,4,0
44269,6,1
44270,4,8
44271,6,7
44272,1,8
44273,3,2
44274,6,2
44275,6,4
44276,4,0
44277,6,1
44278,4,0
44279,2,4
44280,3,3
44281,6,1
44282,3,3
44283,6,4
44284,2,4
44285,2,9
44286,1,8
44287,0,6
44288,6,1
44289,7,8
44290,8,1
44291,2,4
44292,7,5
44293,7,5
44294,2,4
44295,7,3
44296,6,1
44297,2,7
44298,6,2
44299,6,8
44300,0,6
44301,2,4
44302,1,2
44303,3,3
44304,3,2
44305,3,3
44306,6,1
44307,6,5
44308,3,8
44309,0,6
44310,7,8
44311,6,7
44312,1,3
44313,0,0
44314,4,0
44315,0,6
44316,3,2
44317,6,1
44318,0,6
44319,0,6
44320,7,8
44321,7,8
44322,2,7
44323,6,7
44324,8,1
44325,4,0
44326,4,0
44327,6,1
44328,1,9
44329,7,5
44330,0,6
44331,0,6
44332,2,4
44333,4,0
44334,6,2
44335,0,0
44336,0,6
44337,0,6
44338,3,3
44339,6,1
44340,6,9
44341,6,5
44342,0,4
44343,7,8
44344,4,0
44345,6,4
44346,0,6
44347,6,2
44348,2,9
44349,3,3
44350,5,3
44351,6,9
44352,0,4
44353,2,7
44354,0,6
44355,0,6
44356,2,4
44357,2,9
44358,0,6
44359,6,1
44360,8,8
44361,6,9
44362,3,2
44363,0,0
44364,3,2
44365,0,6
44366,6,1
44367,6,7
44368,6,1
44369,6,1
44370,6,1
44371,3,2
44372,4,0
44373,3,3
44374,1,2
44375,6,9
44376,2,9
44377,3,2
44378,6,7
44379,0,4
44380,1,3
44381,6,5
44382,4,6
44383,3,5
44384,2,9
44385,3,3
44386,4,4
44387,2,7
44388,3,3
44389,6,1
44390,7,5
44391,7,8
44392,2,7
44393,6,2
44394,0,6
44395,3,2
44396,2,9
44397,3,3
44398,2,7
44399,4,0
44400,2,9
44401,6,2
44402,2,9
44403,2,9
44404,5,5
44405,6,4
44406,7,5
44407,6,9
44408,7,3
44409,2,7
44410,0,6
44411,0,0
44412,3,2
44413,0,0
44414,3,2
44415,3,2
44416,3,3
44417,6,7
44418,6,1
44419,6,4
44420,0,6
44421,6,9
44422,6,1
44423,2,9
44424,6,2
44425,3,2
44426,7,3
44427,6,8
44428,0,6
44429,6,9
44430,2,9
44431,6,1
44432,2,1
44433,7,8
44434,6,7
44435,3,3
44436,3,8
44437,6,8
44438,2,9
44439,3,3
44440,7,3
44441,0,6
44442,3,8
44443,6,7
44444,4,6
44445,0,0
44446,6,1
44447,0,4
44448,4,0
44449,3,0
44450,2,9
44451,4,0
44452,0,6
44453,6,1
44454,6,1
44455,3,2
44456,1,3
44457,7,3
44458,7,8
44459,2,4
44460,8,6
44461,7,5
44462,1,3
44463,0,6
44464,2,4
44465,2,7
44466,8,4
44467,1,8
44468,3,3
44469,2,9
44470,2,7
44471,4,0
44472,2,7
44473,6,1
44474,4,0
44475,3,2
44476,7,5
44477,7,3
44478,3,3
44479,2,4
44480,8,5
44481,7,5
44482,6,1
44483,0,6
44484,3,8
44485,2,7
44486,2,9
44487,3,8
44488,8,5
44489,2,9
44490,1,2
44491,4,0
44492,5,2
44493,6,1
44494,8,5
44495,3,2
44496,0,4
44497,3,3
44498,0,6
44499,2,4
44500,2,7
44501,7,5
44502,6,2
44503,0,6
44504,3,3
44505,2,7
44506,7,5
44507,6,8
44508,4,5
44509,2,9
44510,1,3
44511,6,1
44512,2,7
44513,4,0
44514,7,8
44515,2,4
44516,2,7
44517,0,6
44518,4,0
44519,3,3
44520,3,2
44521,2,4
44522,3,3
44523,2,4
44524,6,1
44525,3,2
44526,2,7
44527,7,8
44528,2,4
44529,6,1
44530,2,4
44531,4,0
44532,7,8
44533,0,6
44534,1,9
44535,2,4
44536,2,7
44537,2,9
44538,2,7
44539,2,7
44540,3,3
44541,3,2
44542,6,1
44543,7,3
44544,2,4
44545,3,3
44546,1,3
44547,2,9
44548,6,1
44549,3,2
44550,2,9
44551,4,0
44552,2,7
44553,2,9
44554,7,5
44555,3,3
44556,6,1
44557,3,3
44558,4,0
44559,2,9
44560,4,0
44561,6,1
44562,2,7
44563,7,5
44564,8,5
44565,3,2
44566,2,7
44567,1,3
44568,7,8
44569,6,1
44570,6,7
44571,0,6
44572,2,7
44573,2,7
44574,2,7
44575,7,3
44576,6,8
44577,2,7
44578,4,0
44579,1,8
44580,3,3
44581,2,4
44582,6,1
44583,4,0
44584,0,4
44585,3,2
44586,2,9
44587,2,4
44588,2,7
44589,4,0
44590,4,7
44591,3,2
44592,2,9
44593,2,4
44594,2,4
44595,2,7
44596,7,3
44597,6,8
44598,4,0
44599,0,0
44600,2,9
44601,2,7
44602,0,6
44603,4,0
44604,6,8
44605,0,6
44606,4,0
44607,2,9
44608,3,3
44609,3,3
44610,2,7
44611,3,2
44612,6,2
44613,2,4
44614,4,0
44615,3,8
44616,1,8
44617,0,6
44618,2,9
44619,4,0
44620,0,4
44621,7,5
44622,6,1
44623,2,7
44624,3,8
44625,0,5
44626,2,7
44627,6,1
44628,6,1
44629,4,0
44630,1,3
44631,6,8
44632,4,4
44633,6,1
44634,8,5
44635,0,6
44636,0,4
44637,2,7
44638,7,8
44639,3,2
44640,6,7
44641,2,9
44642,7,5
44643,2,7
44644,0,6
44645,2,9
44646,8,4
44647,7,5
44648,6,1
44649,0,6
44650,6,1
44651,7,5
44652,7,8
44653,3,2
44654,6,8
44655,0,6
44656,4,0
44657,6,2
44658,2,7
44659,6,8
44660,4,0
44661,6,1
44662,8,5
44663,2,7
44664,7,5
44665,7,5
44666,0,6
44667,7,5
44668,2,4
44669,2,7
44670,2,9
44671,3,3
44672,3,2
44673,7,5
44674,7,5
44675,4,0
44676,1,8
44677,6,1
44678,4,9
44679,6,1
44680,6,1
44681,3,3
44682,6,1
44683,7,8
44684,6,3
44685,0,4
44686,7,8
44687,2,9
44688,2,4
44689,2,4
44690,8,6
44691,7,5
44692,4,0
44693,6,1
44694,0,4
44695,6,8
44696,4,0
44697,0,6
44698,6,1
44699,6,8
44700,4,0
44701,2,9
44702,6,8
44703,4,0
44704,4,0
44705,6,1
44706,8,5
44707,3,2
44708,2,7
44709,3,3
44710,3,2
44711,2,4
44712,2,4
44713,8,5
44714,6,8
44715,0,6
44716,3,3
44717,2,7
44718,4,2
44719,6,8
44720,4,0
44721,2,9
44722,0,6
44723,4,0
44724,6,1
44725,6,1
44726,6,7
44727,3,2
44728,0,6
44729,3,3
44730,4,0
44731,2,4
44732,4,6
44733,7,5
44734,2,7
44735,0,6
44736,8,5
44737,2,7
44738,8,5
44739,6,8
44740,3,2
44741,2,9
44742,0,6
44743,4,0
44744,4,0
44745,6,1
44746,4,9
44747,3,2
44748,3,8
44749,3,3
44750,4,0
44751,2,4
44752,7,5
44753,4,5
44754,0,6
44755,0,6
44756,2,7
44757,2,7
44758,3,2
44759,6,8
44760,8,5
44761,0,4
44762,4,9
44763,2,9
44764,1,3
44765,2,4
44766,1,0
44767,6,2
44768,4,0
44769,2,9
44770,6,1
44771,4,4
44772,2,7
44773,7,5
44774,2,7
44775,6,8
44776,2,9
44777,4,0
44778,2,9
44779,3,3
44780,9,9
44781,7,5
44782,3,3
44783,7,5
44784,3,2
44785,6,1
44786,6,1
44787,2,7
44788,4,0
44789,6,8
44790,0,6
44791,4,4
44792,6,1
44793,7,5
44794,6,2
44795,2,7
44796,4,0
44797,3,2
44798,0,4
44799,3,3
44800,8,1
44801,0,6
44802,8,5
44803,2,7
44804,7,5
44805,2,7
44806,6,8
44807,2,7
44808,0,6
44809,0,6
44810,8,5
44811,4,0
44812,8,8
44813,6,1
44814,0,6
44815,4,0
44816,7,5
44817,0,6
44818,2,7
44819,8,5
44820,7,5
44821,7,5
44822,6,9
44823,3,2
44824,2,9
44825,2,9
44826,4,0
44827,3,3
44828,3,2
44829,6,1
44830,8,5
44831,2,4
44832,2,7
44833,6,8
44834,3,8
44835,2,7
44836,2,7
44837,7,3
44838,4,0
44839,6,8
44840,2,7
44841,3,2
44842,4,4
44843,0,6
44844,4,0
44845,3,5
44846,4,0
44847,3,2
44848,5,3
44849,2,7
44850,4,4
44851,2,9
44852,7,5
44853,4,7
44854,2,9
44855,2,9
44856,6,1
44857,6,1
44858,8,5
44859,4,0
44860,2,4
44861,6,8
44862,4,0
44863,2,9
44864,6,1
44865,4,7
44866,7,8
44867,4,0
44868,2,7
44869,7,5
44870,7,6
44871,4,0
44872,5,0
44873,3,3
44874,1,8
44875,2,8
44876,6,1
44877,2,4
44878,7,9
44879,0,6
44880,7,8
44881,3,2
44882,4,9
44883,4,0
44884,2,9
44885,2,4
44886,6,1
44887,6,1
44888,1,3
44889,7,3
44890,2,9
44891,6,1
44892,2,9
44893,4,0
44894,2,4
44895,2,9
44896,2,7
44897,4,0
44898,1,2
44899,6,1
44900,4,0
44901,5,2
44902,3,2
44903,3,3
44904,2,4
44905,2,4
44906,6,3
44907,5,5
44908,2,7
44909,0,6
44910,6,5
44911,2,7
44912,6,7
44913,6,8
44914,2,7
44915,2,9
44916,7,5
44917,7,0
44918,3,8
44919,6,1
44920,2,7
44921,2,4
44922,2,4
44923,7,5
44924,7,5
44925,0,6
44926,4,9
44927,2,7
44928,8,5
44929,6,8
44930,7,5
44931,2,9
44932,5,6
44933,7,0
44934,3,2
44935,6,1
44936,2,9
44937,2,4
44938,7,5
44939,7,5
44940,2,7
44941,0,6
44942,0,4
44943,2,7
44944,3,8
44945,6,8
44946,2,9
44947,2,9
44948,4,9
44949,2,7
44950,3,2
44951,4,0
44952,4,6
44953,0,6
44954,6,7
44955,4,0
44956,2,4
44957,6,7
44958,4,0
44959,6,3
44960,2,4
44961,2,8
44962,2,9
44963,0,6
44964,7,5
44965,2,7
44966,6,1
44967,6,1
44968,7,8
44969,6,3
44970,7,5
44971,2,7
44972,2,7
44973,4,9
44974,6,8
44975,2,7
44976,7,5
44977,2,4
44978,6,2
44979,4,0
44980,3,8
44981,0,6
44982,4,9
44983,2,4
44984,0,6
44985,2,9
44986,6,1
44987,7,5
44988,6,1
44989,0,6
44990,2,4
44991,7,5
44992,2,9
44993,3,2
44994,1,1
44995,2,9
44996,6,1
44997,6,8
44998,4,4
44999,7,5
45000,1,3
45001,6,1
45002,6,1
45003,7,5
45004,2,7
45005,1,3
45006,6,1
45007,2,9
45008,7,3
45009,2,4
45010,0,6
45011,7,5
45012,3,5
45013,0,6
45014,2,7
45015,1,3
45016,8,8
45017,2,4
45018,4,5
45019,6,8
45020,2,7
45021,4,0
45022,6,2
45023,0,6
45024,7,5
45025,2,4
45026,7,8
45027,7,8
45028,3,2
45029,6,1
45030,0,6
45031,3,3
45032,6,1
45033,2,4
45034,8,9
45035,4,0
45036,8,5
45037,6,1
45038,0,4
45039,2,9
45040,2,7
45041,3,2
45042,4,0
45043,1,3
45044,2,9
45045,2,7
45046,6,3
45047,0,2
45048,4,4
45049,7,5
45050,7,8
45051,6,1
45052,7,5
45053,2,7
45054,2,7
45055,1,2
45056,7,8
45057,6,8
45058,4,0
45059,2,7
45060,2,7
45061,4,0
45062,9,9
45063,6,1
45064,2,4
45065,2,9
45066,4,0
45067,0,6
45068,2,7
45069,0,4
45070,7,5
45071,2,9
45072,7,5
45073,6,2
45074,2,9
45075,6,1
45076,6,1
45077,1,2
45078,6,1
45079,6,3
45080,0,6
45081,6,7
45082,8,8
45083,4,0
45084,4,9
45085,1,2
45086,2,9
45087,6,1
45088,3,3
45089,3,3
45090,0,6
45091,8,5
45092,6,1
45093,3,3
45094,3,2
45095,2,4
45096,3,2
45097,2,7
45098,7,8
45099,0,2
45100,6,4
45101,8,5
45102,2,7
45103,7,8
45104,0,6
45105,6,1
45106,7,8
45107,0,6
45108,1,3
45109,6,8
45110,7,8
45111,7,5
45112,4,0
45113,0,6
45114,2,7
45115,4,0
45116,6,8
45117,6,8
45118,3,5
45119,2,9
45120,2,9
45121,6,4
45122,7,8
45123,2,9
45124,7,5
45125,3,2
45126,4,0
45127,0,6
45128,4,0
45129,4,0
45130,6,2
45131,6,1
45132,7,5
45133,5,2
45134,7,5
45135,5,3
45136,6,2
45137,2,4
45138,0,6
45139,7,5
45140,6,1
45141,0,6
45142,2,9
45143,6,7
45144,2,9
45145,4,0
45146,4,0
45147,6,1
45148,2,4
45149,0,2
45150,3,3
45151,3,3
45152,4,0
45153,2,4
45154,8,6
45155,7,5
45156,6,8
45157,0,6
45158,6,2
45159,2,7
45160,7,5
45161,7,8
45162,4,0
45163,2,9
45164,1,3
45165,4,0
45166,8,5
45167,6,1
45168,5,8
45169,3,2
45170,2,7
45171,7,3
45172,4,4
45173,2,4
45174,2,9
45175,7,5
45176,4,9
45177,0,6
45178,2,9
45179,2,7
45180,1,7
45181,4,8
45182,6,1
45183,2,9
45184,4,4
45185,6,7
45186,6,1
45187,2,7
45188,2,7
45189,4,0
45190,4,0
45191,2,4
45192,2,7
45193,4,0
45194,7,8
45195,3,3
45196,3,3
45197,6,1
45198,4,4
45199,4,8
45200,2,7
45201,2,9
45202,7,8
45203,1,2
45204,6,1
45205,6,1
45206,6,2
45207,7,8
45208,6,8
45209,0,6
45210,0,4
45211,7,5
45212,7,5
45213,2,4
45214,4,4
45215,2,7
45216,3,2
45217,3,3
45218,1,0
45219,2,4
45220,6,1
45221,6,1
45222,7,5
45223,7,8
45224,0,6
45225,0,6
45226,7,5
45227,2,9
45228,0,6
45229,6,1
45230,0,0
45231,2,4
45232,2,9
45233,7,5
45234,2,4
45235,4,0
45236,2,9
45237,6,1
45238,2,4
45239,3,3
45240,6,1
45241,0,6
45242,2,9
45243,2,4
45244,4,9
45245,7,8
45246,1,3
45247,2,9
45248,0,6
45249,3,8
45250,6,5
45251,3,2
45252,2,4
45253,6,1
45254,6,1
45255,4,0
45256,8,5
45257,2,7
45258,6,7
45259,5,2
45260,7,3
45261,7,5
45262,0,6
45263,7,5
45264,1,3
45265,0,6
45266,7,3
45267,0,6
45268,3,2
45269,0,6
45270,4,8
45271,3,3
45272,1,3
45273,7,3
45274,3,6
45275,3,3
45276,4,0
45277,6,1
45278,2,4
45279,2,7
45280,2,4
45281,3,2
45282,3,5
45283,5,2
45284,1,1
45285,2,7
45286,7,8
45287,5,2
45288,4,0
45289,7,3
45290,6,1
45291,0,6
45292,8,5
45293,7,8
45294,0,6
45295,7,5
45296,2,4
45297,6,1
45298,7,8
45299,2,4
45300,0,6
45301,2,9
45302,6,1
45303,4,0
45304,2,9
45305,7,5
45306,1,2
45307,4,0
45308,2,9
45309,0,6
45310,2,7
45311,7,8
45312,7,3
45313,3,8
45314,2,7
45315,4,0
45316,2,4
45317,3,8
45318,2,4
45319,5,2
45320,1,1
45321,3,3
45322,2,9
45323,2,9
45324,0,6
45325,2,4
45326,7,8
45327,3,3
45328,3,3
45329,2,7
45330,4,4
45331,6,1
45332,3,2
45333,2,7
45334,7,5
45335,0,6
45336,3,3
45337,2,9
45338,0,6
45339,2,4
45340,3,3
45341,6,2
45342,6,2
45343,2,9
45344,8,5
45345,2,9
45346,1,2
45347,3,2
45348,3,2
45349,4,0
45350,6,2
45351,3,8
45352,2,9
45353,2,4
45354,4,0
45355,2,9
45356,7,8
45357,2,4
45358,3,2
45359,4,0
45360,8,5
45361,2,7
45362,3,2
45363,6,1
45364,1,3
45365,3,3
45366,6,1
45367,3,2
45368,0,6
45369,2,9
45370,2,9
45371,4,0
45372,1,1
45373,6,1
45374,2,7
45375,3,2
45376,0,6
45377,3,3
45378,3,2
45379,6,8
45380,2,9
45381,2,9
45382,2,7
45383,4,0
45384,4,0
45385,6,1
45386,4,0
45387,3,2
45388,2,9
45389,3,3
45390,7,5
45391,6,4
45392,2,7
45393,6,5
45394,4,4
45395,0,6
45396,6,3
45397,2,7
45398,1,3
45399,6,8
45400,7,3
45401,4,0
45402,4,0
45403,6,1
45404,8,4
45405,3,2
45406,6,2
45407,3,3
45408,8,3
45409,0,6
45410,0,6
45411,2,7
45412,6,2
45413,6,8
45414,6,2
45415,6,9
45416,6,8
45417,4,0
45418,4,0
45419,3,3
45420,3,2
45421,2,9
45422,4,0
45423,6,5
45424,2,4
45425,0,6
45426,4,0
45427,6,8
45428,2,7
45429,2,4
45430,3,2
45431,2,9
45432,8,5
45433,6,1
45434,4,0
45435,2,7
45436,1,3
45437,6,1
45438,6,1
45439,3,2
45440,2,9
45441,3,3
45442,4,0
45443,3,5
45444,6,1
45445,2,9
45446,2,7
45447,0,6
45448,0,6
45449,6,9
45450,2,9
45451,6,1
45452,7,5
45453,3,2
45454,7,8
45455,0,0
45456,2,7
45457,2,7
45458,6,8
45459,3,2
45460,4,6
45461,2,9
45462,2,2
45463,6,8
45464,3,2
45465,2,9
45466,2,7
45467,4,0
45468,3,3
45469,2,7
45470,8,5
45471,6,1
45472,2,4
45473,3,3
45474,3,3
45475,4,0
45476,4,0
45477,3,3
45478,8,6
45479,0,6
45480,3,3
45481,6,8
45482,7,5
45483,2,7
45484,1,2
45485,0,4
45486,3,2
45487,2,9
45488,3,2
45489,2,7
45490,8,5
45491,3,5
45492,2,7
45493,6,8
45494,4,0
45495,6,1
45496,6,7
45497,6,5
45498,1,2
45499,6,1
45500,6,2
45501,6,2
45502,6,1
45503,4,0
45504,4,0
45505,3,2
45506,0,6
45507,0,4
45508,3,3
45509,3,3
45510,0,6
45511,4,0
45512,8,5
45513,4,0
45514,0,6
45515,4,0
45516,6,1
45517,3,3
45518,2,7
45519,7,5
45520,1,8
45521,2,7
45522,4,0
45523,0,6
45524,2,7
45525,2,9
45526,7,5
45527,2,9
45528,1,9
45529,6,8
45530,2,7
45531,3,2
45532,6,1
45533,2,7
45534,7,5
45535,2,7
45536,7,5
45537,6,1
45538,2,4
45539,4,0
45540,4,0
45541,6,1
45542,0,6
45543,3,2
45544,4,0
45545,1,3
45546,6,1
45547,7,5
45548,2,7
45549,0,6
45550,2,4
45551,2,7
45552,0,6
45553,1,8
45554,7,3
45555,2,9
45556,6,1
45557,4,0
45558,0,6
45559,6,1
45560,2,4
45561,3,2
45562,8,5
45563,1,3
45564,2,4
45565,2,4
45566,3,6
45567,7,5
45568,3,2
45569,0,6
45570,6,7
45571,2,7
45572,6,1
45573,7,8
45574,2,4
45575,2,9
45576,3,8
45577,4,0
45578,2,4
45579,6,1
45580,8,6
45581,0,6
45582,8,5
45583,2,7
45584,1,2
45585,7,8
45586,1,3
45587,2,9
45588,6,1
45589,4,0
45590,8,4
45591,7,5
45592,6,7
45593,0,6
45594,2,7
45595,7,8
45596,4,0
45597,1,3
45598,6,1
45599,3,3
45600,2,7
45601,1,3
45602,7,5
45603,2,9
45604,7,5
45605,2,9
45606,2,7
45607,1,5
45608,4,0
45609,0,6
45610,1,3
45611,2,4
45612,5,3
45613,2,4
45614,6,6
45615,2,7
45616,4,5
45617,4,0
45618,2,7
45619,7,3
45620,5,2
45621,2,9
45622,4,6
45623,0,6
45624,7,5
45625,2,9
45626,2,7
45627,6,1
45628,7,3
45629,7,5
45630,0,6
45631,3,2
45632,2,9
45633,0,6
45634,0,6
45635,0,6
45636,1,3
45637,2,7
45638,3,2
45639,8,8
45640,0,6
45641,6,1
45642,1,3
45643,0,6
45644,1,3
45645,2,7
45646,7,8
45647,8,8
45648,6,2
45649,7,8
45650,6,1
45651,6,1
45652,2,7
45653,1,8
45654,2,9
45655,1,3
45656,3,3
45657,2,7
45658,4,3
45659,6,1
45660,1,8
45661,3,2
45662,3,2
45663,2,7
45664,0,6
45665,6,1
45666,6,1
45667,7,5
45668,0,6
45669,4,0
45670,2,4
45671,2,9
45672,3,2
45673,7,8
45674,2,4
45675,3,3
45676,4,0
45677,6,1
45678,6,8
45679,7,8
45680,2,7
45681,2,4
45682,4,0
45683,6,1
45684,3,8
45685,2,4
45686,0,6
45687,1,3
45688,4,9
45689,2,9
45690,6,1
45691,2,7
45692,7,8
45693,6,1
45694,2,9
45695,4,0
45696,3,3
45697,2,7
45698,6,2
45699,1,3
45700,2,9
45701,4,0
45702,0,6
45703,6,1
45704,3,3
45705,3,2
45706,6,8
45707,1,3
45708,2,9
45709,2,4
45710,7,8
45711,7,5
45712,3,3
45713,0,6
45714,6,2
45715,2,7
45716,8,5
45717,7,8
45718,2,4
45719,2,9
45720,2,7
45721,4,0
45722,4,0
45723,6,1
45724,2,4
45725,3,2
45726,8,5
45727,3,3
45728,4,0
45729,2,4
45730,6,1
45731,6,5
45732,7,3
45733,0,6
45734,3,3
45735,2,7
45736,7,3
45737,7,8
45738,3,8
45739,6,9
45740,2,4
45741,4,0
45742,0,6
45743,6,1
45744,2,7
45745,3,2
45746,4,8
45747,1,3
45748,4,0
45749,2,4
45750,0,6
45751,2,4
45752,6,4
45753,7,5
45754,6,1
45755,0,6
45756,2,9
45757,0,6
45758,1,3
45759,7,3
45760,3,0
45761,4,4
45762,2,9
45763,3,2
45764,7,3
45765,7,8
45766,4,0
45767,6,1
45768,6,1
45769,0,0
45770,8,5
45771,0,6
45772,1,8
45773,0,4
45774,5,3
45775,2,9
45776,2,7
45777,2,7
45778,2,4
45779,3,2
45780,8,5
45781,1,3
45782,6,1
45783,3,3
45784,3,9
45785,2,9
45786,1,3
45787,2,9
45788,0,4
45789,3,3
45790,6,1
45791,3,3
45792,3,2
45793,2,9
45794,2,4
45795,6,1
45796,1,3
45797,7,5
45798,7,8
45799,3,2
45800,9,9
45801,7,3
45802,6,8
45803,6,1
45804,6,7
45805,0,6
45806,2,7
45807,2,7
45808,7,5
45809,3,3
45810,2,9
45811,2,7
45812,4,0
45813,7,8
45814,1,3
45815,2,4
45816,6,1
45817,3,0
45818,6,2
45819,3,2
45820,6,1
45821,0,4
45822,1,3
45823,0,0
45824,2,9
45825,3,2
45826,7,5
45827,2,4
45828,2,9
45829,2,7
45830,4,0
45831,7,8
45832,1,2
45833,0,0
45834,2,4
45835,2,7
45836,7,3
45837,3,0
45838,3,2
45839,0,6
45840,4,0
45841,2,9
45842,7,8
45843,3,3
45844,2,7
45845,3,2
45846,8,6
45847,2,4
45848,7,3
45849,7,8
45850,3,3
45851,0,6
45852,3,2
45853,0,0
45854,7,3
45855,6,1
45856,0,6
45857,4,0
45858,6,1
45859,8,8
45860,2,4
45861,6,1
45862,3,3
45863,0,6
45864,4,9
45865,2,7
45866,7,8
45867,3,2
45868,1,2
45869,2,9
45870,7,5
45871,2,7
45872,8,5
45873,2,9
45874,6,8
45875,6,5
45876,0,4
45877,6,8
45878,1,3
45879,2,9
45880,1,2
45881,0,6
45882,7,8
45883,7,5
45884,3,8
45885,3,2
45886,7,5
45887,3,6
45888,1,9
45889,3,2
45890,7,5
45891,7,8
45892,2,9
45893,6,1
45894,8,5
45895,2,7
45896,6,8
45897,7,5
45898,7,8
45899,6,5
45900,6,1
45901,6,7
45902,1,3
45903,3,3
45904,3,2
45905,4,0
45906,3,2
45907,6,1
45908,4,0
45909,6,1
45910,0,6
45911,7,3
45912,4,4
45913,6,8
45914,0,6
45915,0,4
45916,2,4
45917,6,9
45918,7,8
45919,7,5
45920,3,2
45921,6,1
45922,2,9
45923,7,8
45924,8,5
45925,2,9
45926,6,1
45927,6,1
45928,0,4
45929,6,2
45930,1,7
45931,6,1
45932,6,2
45933,3,5
45934,0,6
45935,0,6
45936,2,4
45937,2,7
45938,3,8
45939,4,0
45940,3,3
45941,6,1
45942,4,0
45943,3,2
45944,2,9
45945,7,3
45946,7,3
45947,7,5
45948,7,8
45949,0,6
45950,2,4
45951,2,7
45952,4,0
45953,0,0
45954,2,8
45955,6,1
45956,6,8
45957,6,2
45958,3,2
45959,3,3
45960,4,0
45961,6,1
45962,6,1
45963,3,5
45964,3,2
45965,0,6
45966,4,0
45967,2,7
45968,7,8
45969,2,9
45970,7,3
45971,6,8
45972,5,2
45973,2,7
45974,6,1
45975,0,0
45976,7,8
45977,3,2
45978,2,7
45979,3,3
45980,2,9
45981,0,4
45982,0,4
45983,3,3
45984,0,6
45985,7,8
45986,0,6
45987,3,5
45988,6,8
45989,6,1
45990,1,3
45991,7,5
45992,6,7
45993,3,2
45994,6,1
45995,3,3
45996,6,1
45997,4,0
45998,1,2
45999,6,1
46000,2,9
46001,0,2
46002,6,2
46003,0,6
46004,0,4
46005,3,3
46006,6,1
46007,4,0
46008,2,9
46009,2,7
46010,4,0
46011,3,2
46012,6,1
46013,0,6
46014,4,0
46015,6,1
46016,6,7
46017,0,0
46018,7,8
46019,6,5
46020,2,9
46021,2,9
46022,2,4
46023,2,9
46024,0,6
46025,7,8
46026,6,1
46027,3,3
46028,3,2
46029,6,1
46030,7,9
46031,2,7
46032,2,9
46033,6,4
46034,7,8
46035,2,7
46036,3,2
46037,2,4
46038,2,4
46039,4,0
46040,6,1
46041,0,0
46042,2,7
46043,0,6
46044,6,2
46045,0,6
46046,6,1
46047,3,2
46048,2,7
46049,0,6
46050,5,2
46051,3,3
46052,4,4
46053,2,7
46054,4,0
46055,2,7
46056,3,2
46057,2,4
46058,6,1
46059,2,4
46060,7,5
46061,3,3
46062,3,3
46063,4,8
46064,2,9
46065,2,9
46066,2,9
46067,0,6
46068,7,3
46069,3,0
46070,8,3
46071,6,9
46072,3,3
46073,3,5
46074,0,6
46075,3,3
46076,1,7
46077,6,1
46078,2,7
46079,3,3
46080,7,8
46081,2,7
46082,1,2
46083,3,2
46084,2,7
46085,6,1
46086,8,5
46087,2,9
46088,6,6
46089,6,1
46090,4,0
46091,7,5
46092,6,2
46093,6,1
46094,6,2
46095,6,7
46096,0,6
46097,0,4
46098,3,3
46099,6,8
46100,2,9
46101,0,6
46102,8,5
46103,6,1
46104,2,4
46105,3,2
46106,6,7
46107,6,1
46108,7,5
46109,0,6
46110,8,8
46111,4,0
46112,2,4
46113,6,1
46114,4,0
46115,6,2
46116,6,2
46117,7,3
46118,6,8
46119,2,7
46120,0,6
46121,6,8
46122,1,2
46123,2,9
46124,2,4
46125,4,0
46126,3,3
46127,6,1
46128,2,4
46129,6,2
46130,3,3
46131,0,6
46132,2,7
46133,2,7
46134,3,3
46135,7,8
46136,3,3
46137,2,9
46138,3,3
46139,4,0
46140,2,4
46141,6,1
46142,6,1
46143,3,2
46144,4,0
46145,3,3
46146,2,9
46147,2,7
46148,4,9
46149,8,5
46150,2,4
46151,2,7
46152,7,5
46153,2,7
46154,6,8
46155,2,7
46156,2,7
46157,7,3
46158,6,1
46159,6,1
46160,2,7
46161,2,9
46162,6,2
46163,6,2
46164,2,4
46165,6,1
46166,4,0
46167,0,6
46168,2,9
46169,7,5
46170,0,6
46171,2,7
46172,2,4
46173,6,1
46174,2,7
46175,6,8
46176,2,9
46177,0,6
46178,6,1
46179,2,9
46180,7,5
46181,6,1
46182,3,3
46183,4,0
46184,3,3
46185,6,1
46186,0,6
46187,9,3
46188,4,5
46189,0,6
46190,2,7
46191,7,8
46192,4,0
46193,2,9
46194,2,4
46195,7,5
46196,6,1
46197,3,2
46198,0,6
46199,6,1
46200,7,8
46201,2,7
46202,2,7
46203,7,5
46204,6,1
46205,0,6
46206,2,9
46207,0,6
46208,7,3
46209,0,6
46210,6,1
46211,3,3
46212,6,2
46213,6,1
46214,3,2
46215,2,7
46216,8,8
46217,3,2
46218,0,6
46219,3,2
46220,2,4
46221,3,3
46222,4,8
46223,6,8
46224,3,2
46225,6,1
46226,6,8
46227,4,0
46228,3,3
46229,0,6
46230,2,4
46231,6,8
46232,4,4
46233,6,8
46234,2,4
46235,3,0
46236,6,1
46237,6,8
46238,7,9
46239,6,2
46240,6,1
46241,3,3
46242,7,3
46243,2,9
46244,3,5
46245,0,4
46246,1,3
46247,7,3
46248,4,7
46249,2,7
46250,1,2
46251,6,1
46252,6,8
46253,2,7
46254,1,1
46255,2,9
46256,6,1
46257,0,4
46258,7,8
46259,3,2
46260,1,7
46261,2,9
46262,6,2
46263,2,9
46264,2,7
46265,2,7
46266,3,2
46267,6,1
46268,6,1
46269,9,3
46270,1,8
46271,4,9
46272,0,6
46273,4,0
46274,6,7
46275,6,1
46276,6,1
46277,3,2
46278,2,7
46279,7,3
46280,1,3
46281,0,4
46282,2,9
46283,2,7
46284,9,9
46285,3,8
46286,3,2
46287,2,9
46288,4,2
46289,0,0
46290,7,5
46291,6,1
46292,4,0
46293,3,2
46294,4,0
46295,7,3
46296,6,3
46297,6,7
46298,2,9
46299,7,8
46300,6,5
46301,2,9
46302,6,1
46303,0,0
46304,6,1
46305,6,4
46306,7,3
46307,6,5
46308,2,9
46309,0,6
46310,0,6
46311,2,7
46312,7,5
46313,3,8
46314,2,4
46315,6,9
46316,2,9
46317,6,2
46318,2,9
46319,6,2
46320,5,8
46321,2,7
46322,7,5
46323,0,6
46324,4,4
46325,0,4
46326,6,1
46327,6,7
46328,4,0
46329,3,3
46330,6,8
46331,5,5
46332,4,0
46333,4,4
46334,6,1
46335,6,1
46336,8,9
46337,7,8
46338,7,8
46339,0,0
46340,2,7
46341,2,7
46342,6,1
46343,3,2
46344,4,0
46345,6,2
46346,1,8
46347,6,1
46348,7,8
46349,6,7
46350,3,3
46351,6,7
46352,2,4
46353,2,9
46354,6,3
46355,2,9
46356,1,7
46357,2,4
46358,7,5
46359,0,6
46360,1,1
46361,6,7
46362,2,9
46363,6,7
46364,3,2
46365,7,5
46366,7,5
46367,0,4
46368,4,8
46369,6,5
46370,3,3
46371,0,0
46372,6,1
46373,4,9
46374,2,4
46375,0,0
46376,2,7
46377,3,2
46378,7,5
46379,6,3
46380,1,8
46381,7,5
46382,0,6
46383,0,6
46384,2,4
46385,6,1
46386,3,2
46387,7,8
46388,4,4
46389,0,6
46390,0,6
46391,0,0
46392,0,6
46393,0,6
46394,6,2
46395,6,8
46396,6,8
46397,6,8
46398,4,0
46399,6,8
46400,3,2
46401,2,4
46402,2,4
46403,3,3
46404,6,7
46405,7,8
46406,8,3
46407,6,1
46408,3,2
46409,3,3
46410,4,0
46411,0,6
46412,5,0
46413,2,9
46414,6,2
46415,0,4
46416,6,1
46417,6,1
46418,7,5
46419,6,7
46420,0,6
46421,0,6
46422,6,7
46423,6,9
46424,1,3
46425,3,3
46426,2,7
46427,3,3
46428,1,8
46429,2,7
46430,4,0
46431,2,4
46432,3,6
46433,6,1
46434,6,1
46435,8,9
46436,4,0
46437,6,1
46438,4,0
46439,0,0
46440,0,6
46441,0,6
46442,3,3
46443,4,0
46444,2,9
46445,6,1
46446,4,0
46447,0,2
46448,7,5
46449,7,3
46450,7,8
46451,2,4
46452,6,1
46453,7,5
46454,3,3
46455,0,6
46456,4,4
46457,2,7
46458,7,5
46459,4,0
46460,2,4
46461,6,1
46462,2,7
46463,1,2
46464,3,2
46465,1,3
46466,2,7
46467,2,4
46468,6,1
46469,7,5
46470,6,1
46471,0,6
46472,4,4
46473,2,7
46474,2,9
46475,7,8
46476,5,5
46477,2,9
46478,6,8
46479,4,0
46480,1,3
46481,6,1
46482,4,6
46483,3,2
46484,4,0
46485,3,3
46486,6,2
46487,2,4
46488,4,0
46489,7,5
46490,2,9
46491,0,6
46492,2,9
46493,4,7
46494,4,0
46495,7,8
46496,6,1
46497,2,9
46498,2,4
46499,6,1
46500,3,3
46501,2,7
46502,4,8
46503,2,4
46504,6,8
46505,7,8
46506,7,3
46507,6,1
46508,7,8
46509,7,5
46510,6,2
46511,0,6
46512,6,1
46513,7,5
46514,2,7
46515,2,7
46516,3,0
46517,3,2
46518,6,1
46519,7,8
46520,6,1
46521,0,6
46522,7,5
46523,3,3
46524,4,6
46525,3,3
46526,0,6
46527,7,8
46528,6,8
46529,0,6
46530,2,4
46531,7,5
46532,7,3
46533,2,4
46534,3,3
46535,4,0
46536,8,6
46537,2,9
46538,0,6
46539,6,1
46540,5,2
46541,2,7
46542,6,1
46543,0,2
46544,8,5
46545,2,9
46546,6,2
46547,6,1
46548,1,3
46549,3,3
46550,4,4
46551,3,2
46552,6,1
46553,1,2
46554,8,5
46555,1,3
46556,6,2
46557,4,0
46558,0,6
46559,0,6
46560,4,0
46561,2,4
46562,4,0
46563,1,3
46564,2,4
46565,2,7
46566,3,3
46567,0,6
46568,2,4
46569,2,9
46570,1,3
46571,4,0
46572,2,9
46573,3,8
46574,3,2
46575,6,1
46576,6,5
46577,2,4
46578,2,9
46579,4,0
46580,6,6
46581,0,6
46582,4,0
46583,6,1
46584,6,8
46585,3,2
46586,6,2
46587,0,6
46588,3,3
46589,2,9
46590,0,6
46591,3,2
46592,6,3
46593,1,2
46594,4,6
46595,1,3
46596,0,0
46597,7,5
46598,6,1
46599,7,5
46600,1,3
46601,6,1
46602,2,9
46603,4,0
46604,4,0
46605,2,7
46606,3,2
46607,2,7
46608,7,5
46609,2,9
46610,8,5
46611,0,6
46612,8,5
46613,2,4
46614,7,8
46615,2,7
46616,3,8
46617,4,0
46618,2,7
46619,3,2
46620,1,2
46621,3,3
46622,8,4
46623,2,4
46624,2,4
46625,4,0
46626,0,6
46627,4,0
46628,4,0
46629,7,8
46630,2,7
46631,7,8
46632,0,6
46633,7,8
46634,3,3
46635,7,5
46636,2,7
46637,6,1
46638,2,7
46639,3,3
46640,8,5
46641,2,7
46642,2,7
46643,2,4
46644,2,4
46645,2,9
46646,0,6
46647,3,8
46648,2,7
46649,7,8
46650,3,8
46651,2,9
46652,3,3
46653,4,0
46654,4,0
46655,2,9
46656,3,2
46657,7,8
46658,8,8
46659,2,9
46660,2,9
46661,4,0
46662,2,9
46663,3,2
46664,6,1
46665,0,6
46666,1,3
46667,7,5
46668,4,4
46669,0,6
46670,0,6
46671,2,7
46672,2,7
46673,2,7
46674,7,3
46675,8,5
46676,4,6
46677,2,4
46678,1,2
46679,6,1
46680,4,0
46681,3,3
46682,0,6
46683,4,0
46684,0,6
46685,6,1
46686,2,7
46687,3,2
46688,2,7
46689,1,3
46690,3,2
46691,2,4
46692,7,3
46693,7,5
46694,3,2
46695,0,6
46696,6,1
46697,2,7
46698,1,9
46699,7,8
46700,8,5
46701,2,9
46702,3,3
46703,4,0
46704,0,6
46705,6,1
46706,2,9
46707,3,2
46708,3,2
46709,1,3
46710,1,2
46711,2,4
46712,0,4
46713,7,5
46714,7,9
46715,1,6
46716,6,4
46717,2,7
46718,6,1
46719,1,8
46720,1,5
46721,2,9
46722,6,1
46723,4,0
46724,2,7
46725,6,1
46726,1,0
46727,3,2
46728,4,4
46729,1,3
46730,7,8
46731,2,4
46732,0,6
46733,7,5
46734,0,4
46735,0,6
46736,7,3
46737,2,7
46738,8,8
46739,6,8
46740,4,0
46741,2,9
46742,2,9
46743,3,3
46744,2,7
46745,2,4
46746,4,0
46747,6,1
46748,4,0
46749,2,4
46750,0,6
46751,4,0
46752,2,7
46753,7,8
46754,2,4
46755,0,6
46756,7,8
46757,2,4
46758,7,8
46759,7,5
46760,3,2
46761,4,4
46762,2,9
46763,4,0
46764,7,8
46765,2,7
46766,0,4
46767,7,8
46768,7,5
46769,2,7
46770,2,7
46771,2,7
46772,4,0
46773,2,9
46774,8,5
46775,4,0
46776,2,8
46777,2,4
46778,2,9
46779,2,7
46780,6,1
46781,2,4
46782,6,1
46783,3,2
46784,2,9
46785,4,0
46786,6,4
46787,7,5
46788,0,6
46789,7,8
46790,2,4
46791,6,8
46792,6,1
46793,6,8
46794,7,8
46795,2,4
46796,4,0
46797,4,0
46798,2,4
46799,2,7
46800,4,9
46801,6,1
46802,4,9
46803,3,3
46804,0,6
46805,7,5
46806,2,4
46807,3,3
46808,7,5
46809,6,1
46810,4,0
46811,0,6
46812,4,0
46813,7,5
46814,2,9
46815,7,3
46816,6,8
46817,7,8
46818,4,0
46819,2,7
46820,2,7
46821,3,3
46822,4,0
46823,6,1
46824,8,5
46825,0,6
46826,4,0
46827,7,8
46828,8,9
46829,7,5
46830,6,2
46831,2,9
46832,6,7
46833,3,2
46834,7,3
46835,3,2
46836,2,7
46837,4,0
46838,3,3
46839,2,9
46840,6,1
46841,9,2
46842,6,1
46843,2,4
46844,8,6
46845,0,6
46846,4,4
46847,7,5
46848,3,3
46849,3,2
46850,6,1
46851,2,7
46852,4,4
46853,1,3
46854,8,3
46855,6,1
46856,7,3
46857,7,3
46858,6,7
46859,0,6
46860,4,0
46861,0,6
46862,8,5
46863,3,2
46864,7,8
46865,6,1
46866,2,9
46867,3,2
46868,4,0
46869,0,6
46870,2,9
46871,4,0
46872,7,8
46873,2,7
46874,2,7
46875,2,7
46876,3,8
46877,2,4
46878,4,5
46879,2,7
46880,6,1
46881,2,4
46882,7,3
46883,6,8
46884,2,4
46885,2,9
46886,4,4
46887,3,2
46888,2,7
46889,2,9
46890,7,5
46891,7,5
46892,4,0
46893,6,1
46894,2,4
46895,7,5
46896,4,0
46897,7,8
46898,0,6
46899,1,3
46900,1,3
46901,7,5
46902,1,3
46903,0,6
46904,6,8
46905,4,0
46906,2,7
46907,2,9
46908,1,3
46909,2,9
46910,6,2
46911,7,3
46912,5,2
46913,6,1
46914,7,5
46915,6,1
46916,6,1
46917,4,0
46918,6,3
46919,6,1
46920,2,4
46921,6,2
46922,2,4
46923,3,3
46924,4,5
46925,2,4
46926,4,0
46927,6,8
46928,2,7
46929,2,9
46930,6,1
46931,4,0
46932,3,3
46933,6,1
46934,6,1
46935,6,2
46936,6,1
46937,1,3
46938,6,7
46939,0,4
46940,3,2
46941,1,5
46942,7,8
46943,0,6
46944,4,0
46945,2,7
46946,2,9
46947,0,0
46948,7,5
46949,6,1
46950,6,7
46951,3,2
46952,4,0
46953,1,3
46954,6,1
46955,2,4
46956,6,2
46957,2,7
46958,6,9
46959,7,8
46960,0,4
46961,2,9
46962,4,0
46963,4,0
46964,2,7
46965,7,5
46966,6,2
46967,0,6
46968,8,5
46969,7,8
46970,2,9
46971,1,3
46972,2,9
46973,2,9
46974,6,2
46975,4,0
46976,0,4
46977,3,2
46978,3,2
46979,3,3
46980,0,0
46981,3,3
46982,7,8
46983,1,3
46984,6,1
46985,2,9
46986,6,3
46987,2,9
46988,6,8
46989,6,5
46990,4,5
46991,0,6
46992,4,0
46993,0,4
46994,0,6
46995,2,4
46996,8,5
46997,3,2
46998,7,8
46999,1,5
47000,4,0
47001,0,4
47002,2,4
47003,2,7
47004,6,1
47005,0,0
47006,0,6
47007,1,3
47008,4,8
47009,2,9
47010,2,9
47011,0,6
47012,0,2
47013,6,8
47014,0,6
47015,2,7
47016,7,5
47017,2,9
47018,0,6
47019,6,1
47020,8,5
47021,7,5
47022,8,1
47023,3,2
47024,3,2
47025,0,6
47026,0,6
47027,3,3
47028,4,4
47029,2,4
47030,6,8
47031,0,0
47032,0,6
47033,2,4
47034,6,8
47035,6,1
47036,0,2
47037,0,6
47038,7,8
47039,7,5
47040,2,9
47041,6,1
47042,4,0
47043,6,2
47044,2,4
47045,0,6
47046,4,0
47047,0,6
47048,2,9
47049,2,7
47050,6,1
47051,6,8
47052,4,8
47053,6,8
47054,6,1
47055,6,1
47056,4,9
47057,6,8
47058,8,4
47059,1,3
47060,8,5
47061,2,7
47062,6,7
47063,6,1
47064,0,6
47065,3,2
47066,6,8
47067,2,7
47068,2,4
47069,0,0
47070,2,4
47071,2,7
47072,4,0
47073,4,0
47074,7,8
47075,6,1
47076,3,8
47077,6,5
47078,4,0
47079,0,0
47080,7,8
47081,6,5
47082,2,9
47083,3,2
47084,0,6
47085,6,8
47086,4,4
47087,3,0
47088,3,2
47089,2,4
47090,3,3
47091,2,9
47092,4,4
47093,6,8
47094,2,4
47095,5,3
47096,4,0
47097,6,1
47098,7,5
47099,6,8
47100,4,8
47101,3,2
47102,1,2
47103,2,9
47104,8,5
47105,2,9
47106,0,6
47107,7,5
47108,6,1
47109,2,4
47110,2,7
47111,6,8
47112,0,6
47113,3,2
47114,1,2
47115,1,5
47116,2,8
47117,2,7
47118,6,1
47119,6,1
47120,2,9
47121,2,4
47122,7,8
47123,3,3
47124,4,0
47125,2,9
47126,2,9
47127,2,7
47128,2,4
47129,6,1
47130,8,5
47131,3,2
47132,3,2
47133,0,6
47134,2,9
47135,4,0
47136,7,8
47137,2,7
47138,7,5
47139,4,0
47140,5,3
47141,6,1
47142,1,2
47143,3,2
47144,7,8
47145,3,3
47146,7,5
47147,0,6
47148,2,9
47149,2,7
47150,4,0
47151,6,8
47152,6,8
47153,6,1
47154,6,8
47155,3,2
47156,4,0
47157,3,3
47158,6,1
47159,0,4
47160,2,7
47161,2,7
47162,0,6
47163,6,8
47164,6,2
47165,2,9
47166,4,0
47167,0,0
47168,2,7
47169,6,1
47170,2,7
47171,3,2
47172,4,0
47173,1,3
47174,4,0
47175,2,4
47176,7,8
47177,7,5
47178,2,9
47179,0,6
47180,2,7
47181,2,7
47182,2,7
47183,6,8
47184,2,7
47185,2,9
47186,4,0
47187,6,1
47188,6,8
47189,3,2
47190,4,0
47191,0,6
47192,1,3
47193,8,5
47194,6,1
47195,7,3
47196,2,9
47197,4,0
47198,2,4
47199,3,2
47200,6,1
47201,6,8
47202,4,0
47203,2,7
47204,7,5
47205,4,0
47206,2,7
47207,3,3
47208,6,5
47209,0,6
47210,4,4
47211,4,4
47212,7,8
47213,6,1
47214,4,6
47215,0,4
47216,6,1
47217,5,3
47218,1,8
47219,0,6
47220,3,6
47221,6,7
47222,6,1
47223,3,2
47224,6,1
47225,3,3
47226,3,2
47227,2,9
47228,6,2
47229,6,1
47230,1,2
47231,3,2
47232,2,7
47233,6,1
47234,2,1
47235,3,2
47236,6,1
47237,2,9
47238,3,2
47239,0,6
47240,2,4
47241,4,0
47242,2,7
47243,6,1
47244,2,9
47245,1,3
47246,3,2
47247,5,0
47248,2,7
47249,3,2
47250,7,5
47251,8,5
47252,2,4
47253,2,7
47254,3,2
47255,3,2
47256,7,5
47257,2,9
47258,6,2
47259,6,1
47260,4,6
47261,2,9
47262,2,7
47263,0,0
47264,6,9
47265,0,6
47266,2,7
47267,4,0
47268,6,1
47269,0,6
47270,1,2
47271,4,0
47272,6,1
47273,3,2
47274,2,8
47275,3,0
47276,0,4
47277,0,6
47278,7,5
47279,6,1
47280,3,3
47281,7,5
47282,2,4
47283,4,8
47284,7,5
47285,0,4
47286,2,7
47287,3,3
47288,8,6
47289,4,0
47290,1,2
47291,6,1
47292,2,9
47293,2,4
47294,4,0
47295,7,8
47296,6,5
47297,6,8
47298,3,8
47299,2,4
47300,0,6
47301,8,5
47302,3,2
47303,2,7
47304,3,8
47305,7,5
47306,3,2
47307,6,7
47308,2,4
47309,6,8
47310,6,1
47311,3,3
47312,6,8
47313,2,4
47314,7,5
47315,7,8
47316,4,0
47317,6,8
47318,4,4
47319,7,5
47320,7,5
47321,3,2
47322,9,8
47323,2,9
47324,4,0
47325,2,7
47326,8,4
47327,6,1
47328,6,8
47329,7,3
47330,2,4
47331,6,8
47332,2,9
47333,6,1
47334,0,4
47335,0,0
47336,2,4
47337,2,7
47338,6,1
47339,3,5
47340,2,1
47341,2,9
47342,5,2
47343,0,6
47344,0,0
47345,2,9
47346,4,0
47347,0,4
47348,7,5
47349,6,7
47350,6,1
47351,2,7
47352,1,3
47353,6,9
47354,6,2
47355,2,9
47356,3,3
47357,3,5
47358,8,6
47359,6,8
47360,6,1
47361,7,3
47362,2,7
47363,2,4
47364,6,7
47365,0,4
47366,7,5
47367,7,3
47368,4,4
47369,6,2
47370,4,0
47371,4,0
47372,4,0
47373,6,1
47374,2,7
47375,3,2
47376,8,6
47377,1,3
47378,3,2
47379,0,4
47380,1,3
47381,6,5
47382,6,1
47383,0,6
47384,6,1
47385,6,7
47386,4,0
47387,3,8
47388,6,1
47389,0,0
47390,2,9
47391,6,1
47392,6,8
47393,3,2
47394,6,1
47395,3,3
47396,4,0
47397,0,4
47398,6,9
47399,2,7
47400,6,1
47401,6,8
47402,1,7
47403,6,9
47404,0,6
47405,3,0
47406,4,0
47407,6,1
47408,6,2
47409,6,2
47410,2,4
47411,7,3
47412,8,5
47413,8,4
47414,8,5
47415,0,6
47416,2,7
47417,2,7
47418,0,6
47419,4,0
47420,8,8
47421,6,8
47422,4,0
47423,2,7
47424,7,3
47425,6,8
47426,3,3
47427,2,9
47428,4,5
47429,6,1
47430,0,6
47431,0,4
47432,4,6
47433,7,5
47434,6,1
47435,6,1
47436,0,6
47437,0,6
47438,7,8
47439,2,7
47440,6,1
47441,7,3
47442,6,1
47443,0,2
47444,8,5
47445,6,9
47446,1,1
47447,0,0
47448,3,2
47449,6,5
47450,4,6
47451,0,6
47452,4,0
47453,6,7
47454,0,6
47455,3,3
47456,2,9
47457,2,9
47458,8,6
47459,2,9
47460,6,2
47461,7,3
47462,7,8
47463,3,8
47464,2,7
47465,6,1
47466,4,0
47467,3,2
47468,8,5
47469,7,3
47470,4,0
47471,3,5
47472,0,6
47473,0,0
47474,4,6
47475,0,5
47476,4,0
47477,0,4
47478,1,8
47479,0,0
47480,4,0
47481,7,3
47482,4,0
47483,8,4
47484,1,8
47485,2,7
47486,8,6
47487,2,7
47488,4,0
47489,2,9
47490,6,1
47491,8,4
47492,0,6
47493,7,3
47494,7,5
47495,2,7
47496,3,3
47497,0,6
47498,6,8
47499,5,2
47500,2,4
47501,6,1
47502,6,1
47503,6,5
47504,2,7
47505,6,8
47506,8,8
47507,0,4
47508,6,2
47509,0,6
47510,1,3
47511,2,7
47512,6,8
47513,0,0
47514,3,3
47515,6,2
47516,6,1
47517,2,9
47518,4,4
47519,1,3
47520,5,3
47521,6,4
47522,6,2
47523,0,4
47524,0,6
47525,7,8
47526,7,5
47527,6,1
47528,8,5
47529,5,2
47530,3,2
47531,3,2
47532,2,4
47533,3,3
47534,3,2
47535,6,1
47536,2,7
47537,2,7
47538,4,8
47539,1,3
47540,2,9
47541,0,4
47542,6,1
47543,7,5
47544,2,7
47545,6,1
47546,3,8
47547,2,9
47548,7,8
47549,6,8
47550,7,8
47551,6,1
47552,4,0
47553,6,1
47554,8,5
47555,0,0
47556,2,9
47557,6,2
47558,0,4
47559,2,7
47560,4,7
47561,0,6
47562,0,6
47563,3,8
47564,0,6
47565,6,2
47566,2,4
47567,3,8
47568,2,7
47569,0,4
47570,6,7
47571,0,4
47572,9,0
47573,3,2
47574,0,6
47575,3,2
47576,6,1
47577,7,8
47578,3,2
47579,0,0
47580,6,1
47581,5,0
47582,7,8
47583,1,1
47584,0,6
47585,3,2
47586,7,5
47587,1,3
47588,4,9
47589,2,4
47590,1,2
47591,7,5
47592,3,3
47593,0,6
47594,2,3
47595,2,7
47596,2,7
47597,5,8
47598,3,2
47599,5,0
47600,2,7
47601,1,1
47602,1,3
47603,5,2
47604,2,7
47605,1,3
47606,4,4
47607,2,4
47608,0,4
47609,7,5
47610,1,2
47611,0,6
47612,3,2
47613,2,7
47614,1,2
47615,7,8
47616,4,0
47617,2,9
47618,7,3
47619,5,0
47620,3,3
47621,1,1
47622,7,5
47623,5,2
47624,8,5
47625,5,3
47626,4,0
47627,2,4
47628,1,3
47629,5,5
47630,8,5
47631,0,6
47632,4,8
47633,2,7
47634,1,8
47635,7,8
47636,4,6
47637,2,9
47638,8,1
47639,1,0
47640,2,7
47641,7,5
47642,6,1
47643,7,3
47644,6,1
47645,2,9
47646,7,5
47647,4,0
47648,1,8
47649,3,2
47650,3,2
47651,5,3
47652,6,2
47653,1,3
47654,1,3
47655,7,3
47656,7,8
47657,2,9
47658,1,2
47659,2,9
47660,1,8
47661,7,5
47662,7,9
47663,0,6
47664,4,9
47665,2,4
47666,2,7
47667,3,2
47668,6,1
47669,1,3
47670,6,1
47671,4,9
47672,6,1
47673,0,6
47674,4,4
47675,7,8
47676,3,3
47677,2,7
47678,1,3
47679,2,9
47680,2,4
47681,6,1
47682,1,7
47683,7,5
47684,7,3
47685,3,2
47686,3,2
47687,0,6
47688,6,2
47689,7,3
47690,4,0
47691,2,4
47692,6,1
47693,4,0
47694,0,6
47695,2,4
47696,4,0
47697,6,1
47698,2,7
47699,0,6
47700,2,7
47701,2,4
47702,6,1
47703,2,9
47704,4,0
47705,0,6
47706,3,2
47707,7,5
47708,6,4
47709,6,1
47710,3,2
47711,1,2
47712,2,9
47713,0,6
47714,4,0
47715,0,6
47716,4,0
47717,2,7
47718,6,5
47719,7,8
47720,1,3
47721,6,1
47722,4,0
47723,3,8
47724,3,3
47725,7,3
47726,3,8
47727,2,7
47728,7,8
47729,6,1
47730,6,8
47731,5,2
47732,2,4
47733,2,7
47734,6,1
47735,6,1
47736,4,0
47737,7,5
47738,0,6
47739,3,0
47740,4,0
47741,5,5
47742,3,3
47743,3,2
47744,2,4
47745,2,9
47746,7,3
47747,7,8
47748,7,8
47749,5,3
47750,8,4
47751,6,1
47752,4,0
47753,7,8
47754,6,2
47755,2,9
47756,4,0
47757,7,5
47758,6,1
47759,1,2
47760,3,3
47761,0,6
47762,2,9
47763,2,4
47764,2,4
47765,7,8
47766,2,9
47767,3,2
47768,7,5
47769,0,5
47770,6,1
47771,2,4
47772,0,6
47773,6,1
47774,0,6
47775,2,7
47776,6,1
47777,6,1
47778,0,6
47779,2,4
47780,6,2
47781,3,3
47782,6,2
47783,2,9
47784,6,1
47785,6,1
47786,4,0
47787,0,2
47788,2,9
47789,0,6
47790,6,1
47791,5,0
47792,8,6
47793,2,7
47794,0,6
47795,1,3
47796,6,1
47797,4,0
47798,0,6
47799,6,1
47800,2,7
47801,3,2
47802,1,3
47803,3,3
47804,1,2
47805,2,4
47806,2,7
47807,0,6
47808,0,6
47809,2,7
47810,0,6
47811,6,8
47812,4,0
47813,2,9
47814,2,4
47815,3,0
47816,4,0
47817,6,1
47818,3,3
47819,3,2
47820,4,0
47821,3,3
47822,4,0
47823,2,4
47824,0,6
47825,7,5
47826,2,4
47827,0,6
47828,8,5
47829,2,7
47830,1,1
47831,7,8
47832,7,5
47833,2,9
47834,1,3
47835,4,0
47836,2,9
47837,6,1
47838,7,3
47839,3,2
47840,0,6
47841,3,3
47842,3,2
47843,2,4
47844,6,7
47845,7,5
47846,7,5
47847,0,6
47848,8,5
47849,2,7
47850,6,1
47851,7,8
47852,2,7
47853,2,9
47854,8,5
47855,1,0
47856,7,5
47857,7,8
47858,7,5
47859,2,7
47860,4,0
47861,7,8
47862,6,2
47863,2,9
47864,0,6
47865,2,9
47866,4,5
47867,4,0
47868,6,1
47869,6,1
47870,2,9
47871,2,4
47872,3,3
47873,1,5
47874,2,9
47875,6,1
47876,1,3
47877,0,6
47878,2,9
47879,2,7
47880,6,1
47881,3,3
47882,7,8
47883,3,2
47884,0,4
47885,2,9
47886,6,8
47887,4,0
47888,1,8
47889,5,5
47890,5,2
47891,0,6
47892,6,8
47893,2,7
47894,2,9
47895,1,3
47896,7,8
47897,2,9
47898,2,7
47899,2,9
47900,1,2
47901,1,3
47902,4,0
47903,7,8
47904,6,1
47905,6,1
47906,2,7
47907,3,2
47908,6,1
47909,2,9
47910,6,1
47911,0,6
47912,1,2
47913,3,3
47914,4,0
47915,5,5
47916,0,6
47917,0,0
47918,2,9
47919,5,5
47920,7,5
47921,2,4
47922,6,2
47923,0,0
47924,1,2
47925,3,3
47926,2,8
47927,2,4
47928,6,1
47929,2,7
47930,6,3
47931,2,7
47932,0,6
47933,2,9
47934,7,5
47935,6,1
47936,1,8
47937,0,4
47938,8,5
47939,3,3
47940,6,5
47941,2,7
47942,7,8
47943,0,6
47944,8,5
47945,3,2
47946,3,3
47947,6,1
47948,6,8
47949,0,5
47950,3,3
47951,5,5
47952,8,5
47953,3,0
47954,0,6
47955,0,5
47956,6,2
47957,4,0
47958,2,9
47959,7,8
47960,6,1
47961,2,4
47962,0,6
47963,0,6
47964,6,8
47965,3,2
47966,5,2
47967,7,8
47968,8,5
47969,6,1
47970,1,3
47971,3,2
47972,7,5
47973,3,2
47974,2,9
47975,3,3
47976,4,0
47977,6,1
47978,2,7
47979,3,3
47980,0,6
47981,2,4
47982,6,1
47983,5,5
47984,6,2
47985,6,1
47986,6,1
47987,2,9
47988,2,7
47989,6,8
47990,3,2
47991,6,1
47992,1,3
47993,6,1
47994,6,1
47995,5,5
47996,4,4
47997,4,0
47998,6,1
47999,3,2
48000,2,4
48001,2,7
48002,3,8
48003,7,8
48004,8,5
48005,0,6
48006,8,6
48007,7,8
48008,3,2
48009,5,2
48010,2,7
48011,6,8
48012,4,0
48013,2,4
48014,3,3
48015,2,4
48016,7,5
48017,3,2
48018,2,4
48019,3,2
48020,2,4
48021,7,8
48022,6,1
48023,4,0
48024,6,1
48025,1,0
48026,4,0
48027,6,1
48028,6,8
48029,1,2
48030,7,9
48031,1,3
48032,0,6
48033,0,6
48034,3,2
48035,2,7
48036,2,9
48037,9,8
48038,3,3
48039,4,0
48040,6,1
48041,6,1
48042,2,9
48043,3,2
48044,6,1
48045,1,3
48046,7,5
48047,8,4
48048,4,4
48049,7,5
48050,2,7
48051,0,6
48052,0,6
48053,2,7
48054,0,6
48055,1,8
48056,4,4
48057,6,9
48058,7,5
48059,4,0
48060,6,8
48061,6,1
48062,3,8
48063,1,2
48064,1,3
48065,1,3
48066,0,6
48067,0,4
48068,2,4
48069,7,5
48070,6,2
48071,0,6
48072,4,9
48073,2,7
48074,6,1
48075,1,8
48076,3,3
48077,6,9
48078,7,5
48079,6,1
48080,2,7
48081,7,8
48082,0,6
48083,0,6
48084,2,4
48085,6,1
48086,0,6
48087,0,4
48088,1,3
48089,2,9
48090,8,6
48091,1,3
48092,7,8
48093,2,7
48094,7,5
48095,2,7
48096,1,7
48097,2,9
48098,1,7
48099,6,1
48100,2,7
48101,7,8
48102,4,7
48103,2,4
48104,7,8
48105,2,7
48106,7,8
48107,3,2
48108,2,7
48109,1,2
48110,0,8
48111,4,0
48112,6,1
48113,7,5
48114,0,6
48115,1,8
48116,0,6
48117,0,6
48118,3,2
48119,6,1
48120,4,4
48121,4,0
48122,2,7
48123,2,4
48124,6,7
48125,6,7
48126,6,1
48127,6,1
48128,4,0
48129,1,2
48130,2,9
48131,6,1
48132,7,5
48133,0,6
48134,7,5
48135,2,7
48136,4,0
48137,1,3
48138,6,8
48139,1,3
48140,7,8
48141,0,6
48142,4,0
48143,7,5
48144,2,7
48145,0,6
48146,2,7
48147,3,2
48148,2,9
48149,9,8
48150,7,8
48151,2,7
48152,0,6
48153,0,6
48154,3,9
48155,7,8
48156,8,6
48157,2,9
48158,3,2
48159,2,9
48160,7,8
48161,7,5
48162,7,8
48163,1,3
48164,1,3
48165,2,7
48166,1,7
48167,4,0
48168,4,0
48169,0,6
48170,2,7
48171,2,9
48172,2,4
48173,4,0
48174,3,3
48175,6,1
48176,4,0
48177,6,1
48178,6,2
48179,1,3
48180,4,0
48181,3,2
48182,2,9
48183,6,1
48184,6,1
48185,1,0
48186,2,9
48187,3,0
48188,0,6
48189,6,1
48190,6,7
48191,1,2
48192,7,8
48193,1,3
48194,2,4
48195,2,4
48196,4,0
48197,7,5
48198,2,4
48199,0,6
48200,4,0
48201,2,7
48202,2,4
48203,7,8
48204,7,8
48205,2,9
48206,2,8
48207,5,0
48208,2,7
48209,6,1
48210,4,0
48211,1,2
48212,1,2
48213,1,3
48214,7,5
48215,2,4
48216,0,4
48217,7,5
48218,4,0
48219,0,6
48220,3,2
48221,2,7
48222,2,9
48223,7,8
48224,6,9
48225,2,9
48226,6,1
48227,5,0
48228,6,7
48229,6,1
48230,7,5
48231,1,2
48232,6,1
48233,1,3
48234,2,9
48235,8,4
48236,6,1
48237,7,5
48238,1,2
48239,0,6
48240,2,4
48241,2,7
48242,2,7
48243,6,8
48244,2,9
48245,2,9
48246,3,2
48247,2,7
48248,6,2
48249,7,5
48250,2,7
48251,7,5
48252,0,4
48253,6,1
48254,6,1
48255,2,9
48256,1,8
48257,2,9
48258,7,3
48259,2,7
48260,8,5
48261,6,1
48262,8,6
48263,4,0
48264,3,3
48265,2,9
48266,6,1
48267,4,0
48268,4,0
48269,7,5
48270,3,2
48271,2,7
48272,8,9
48273,6,1
48274,4,0
48275,2,7
48276,0,6
48277,1,2
48278,0,6
48279,1,2
48280,3,8
48281,1,3
48282,2,4
48283,0,6
48284,4,0
48285,6,8
48286,4,4
48287,4,0
48288,2,4
48289,6,8
48290,6,9
48291,1,3
48292,6,2
48293,1,2
48294,6,2
48295,4,0
48296,7,8
48297,2,9
48298,2,7
48299,4,0
48300,7,3
48301,0,6
48302,1,3
48303,6,1
48304,2,9
48305,2,7
48306,6,1
48307,7,5
48308,2,7
48309,6,8
48310,4,4
48311,1,3
48312,7,8
48313,2,4
48314,0,4
48315,2,7
48316,2,4
48317,0,6
48318,6,1
48319,0,6
48320,3,2
48321,1,3
48322,4,0
48323,5,2
48324,7,3
48325,1,3
48326,6,1
48327,2,4
48328,0,6
48329,7,8
48330,2,9
48331,6,8
48332,3,2
48333,2,7
48334,0,2
48335,6,1
48336,2,3
48337,4,0
48338,0,6
48339,1,8
48340,0,6
48341,2,7
48342,0,4
48343,2,7
48344,6,9
48345,7,5
48346,0,6
48347,2,9
48348,7,5
48349,0,2
48350,4,0
48351,1,8
48352,8,3
48353,7,5
48354,6,2
48355,3,3
48356,3,2
48357,2,4
48358,7,5
48359,0,6
48360,5,3
48361,6,1
48362,0,6
48363,6,1
48364,4,0
48365,2,4
48366,0,6
48367,7,5
48368,6,1
48369,8,5
48370,0,6
48371,1,0
48372,7,8
48373,2,4
48374,7,5
48375,1,8
48376,2,4
48377,2,7
48378,6,2
48379,2,4
48380,0,6
48381,2,9
48382,5,8
48383,1,2
48384,3,9
48385,1,3
48386,5,3
48387,0,6
48388,4,9
48389,2,4
48390,6,1
48391,1,2
48392,1,3
48393,2,4
48394,7,8
48395,6,1
48396,3,3
48397,1,5
48398,0,6
48399,2,4
48400,7,5
48401,1,2
48402,2,4
48403,4,0
48404,2,7
48405,2,4
48406,2,8
48407,6,8
48408,7,5
48409,0,6
48410,2,4
48411,6,1
48412,4,0
48413,2,9
48414,4,0
48415,1,3
48416,2,7
48417,1,2
48418,2,4
48419,4,0
48420,3,2
48421,4,0
48422,2,7
48423,1,2
48424,8,5
48425,7,5
48426,3,3
48427,0,6
48428,6,8
48429,2,9
48430,0,6
48431,3,3
48432,6,7
48433,0,6
48434,4,0
48435,1,3
48436,2,4
48437,0,6
48438,4,0
48439,4,0
48440,7,5
48441,6,1
48442,2,4
48443,3,2
48444,6,1
48445,1,3
48446,6,2
48447,2,4
48448,8,4
48449,7,5
48450,2,7
48451,0,6
48452,2,7
48453,2,7
48454,2,1
48455,7,8
48456,6,1
48457,2,9
48458,6,1
48459,4,0
48460,6,2
48461,6,1
48462,3,2
48463,1,2
48464,6,1
48465,1,3
48466,8,4
48467,2,4
48468,6,1
48469,7,5
48470,0,4
48471,0,6
48472,4,8
48473,2,7
48474,3,2
48475,3,8
48476,1,2
48477,2,9
48478,2,4
48479,4,0
48480,6,3
48481,6,1
48482,3,3
48483,3,2
48484,4,9
48485,1,3
48486,2,4
48487,2,4
48488,4,0
48489,7,5
48490,1,7
48491,0,6
48492,0,6
48493,0,6
48494,7,8
48495,7,8
48496,4,4
48497,6,2
48498,1,3
48499,1,3
48500,3,3
48501,2,7
48502,3,2
48503,3,8
48504,2,9
48505,0,6
48506,6,2
48507,0,6
48508,2,4
48509,2,8
48510,6,1
48511,4,0
48512,8,5
48513,6,1
48514,2,4
48515,6,7
48516,6,2
48517,6,1
48518,6,1
48519,2,7
48520,2,4
48521,3,3
48522,2,4
48523,4,0
48524,7,9
48525,1,2
48526,4,0
48527,1,2
48528,7,8
48529,3,0
48530,2,9
48531,3,2
48532,4,0
48533,7,5
48534,6,1
48535,2,4
48536,3,2
48537,6,1
48538,0,6
48539,0,6
48540,7,8
48541,7,5
48542,4,0
48543,6,1
48544,3,8
48545,3,2
48546,2,4
48547,4,0
48548,7,9
48549,3,2
48550,6,2
48551,1,3
48552,4,8
48553,0,4
48554,4,0
48555,7,8
48556,6,7
48557,3,3
48558,2,4
48559,7,8
48560,1,8
48561,7,5
48562,2,7
48563,3,3
48564,6,5
48565,0,6
48566,2,9
48567,7,5
48568,0,6
48569,2,9
48570,0,6
48571,3,8
48572,7,5
48573,6,1
48574,4,0
48575,2,7
48576,7,5
48577,2,9
48578,4,0
48579,3,3
48580,2,9
48581,2,4
48582,2,4
48583,6,1
48584,2,9
48585,2,7
48586,7,5
48587,3,3
48588,6,8
48589,2,9
48590,0,6
48591,0,6
48592,6,1
48593,2,7
48594,8,6
48595,2,4
48596,2,4
48597,2,9
48598,3,2
48599,1,3
48600,6,1
48601,0,0
48602,4,0
48603,2,9
48604,4,0
48605,0,6
48606,7,5
48607,4,0
48608,0,4
48609,0,6
48610,2,7
48611,6,1
48612,4,0
48613,1,0
48614,2,7
48615,8,5
48616,2,9
48617,7,8
48618,2,9
48619,6,7
48620,0,6
48621,3,2
48622,2,7
48623,6,5
48624,3,2
48625,6,1
48626,3,3
48627,4,0
48628,7,3
48629,6,1
48630,8,6
48631,4,0
48632,0,6
48633,2,9
48634,2,9
48635,2,4
48636,0,6
48637,7,5
48638,0,0
48639,2,7
48640,5,2
48641,4,0
48642,3,3
48643,1,2
48644,7,5
48645,6,1
48646,2,4
48647,2,9
48648,2,7
48649,0,6
48650,6,1
48651,6,7
48652,6,8
48653,2,4
48654,2,9
48655,7,8
48656,0,6
48657,1,8
48658,3,8
48659,6,5
48660,8,4
48661,4,0
48662,7,3
48663,6,1
48664,6,1
48665,3,2
48666,7,3
48667,7,3
48668,9,8
48669,2,4
48670,4,0
48671,7,5
48672,2,7
48673,0,6
48674,1,2
48675,6,7
48676,4,0
48677,4,0
48678,2,7
48679,6,1
48680,8,5
48681,3,2
48682,3,3
48683,3,3
48684,4,8
48685,4,4
48686,3,2
48687,7,5
48688,7,8
48689,0,6
48690,0,4
48691,2,7
48692,0,6
48693,7,8
48694,2,7
48695,4,0
48696,6,2
48697,6,1
48698,3,2
48699,1,2
48700,7,3
48701,1,3
48702,3,3
48703,4,4
48704,6,8
48705,7,5
48706,4,6
48707,0,6
48708,2,9
48709,2,7
48710,2,4
48711,7,8
48712,1,7
48713,2,9
48714,8,6
48715,4,0
48716,4,0
48717,2,7
48718,2,9
48719,4,0
48720,6,1
48721,2,7
48722,8,3
48723,7,8
48724,2,7
48725,3,3
48726,3,8
48727,4,0
48728,2,4
48729,4,0
48730,0,4
48731,7,5
48732,5,3
48733,7,5
48734,7,8
48735,1,3
48736,2,7
48737,7,8
48738,3,2
48739,7,8
48740,0,6
48741,6,1
48742,4,0
48743,7,8
48744,0,6
48745,8,4
48746,1,3
48747,7,9
48748,3,2
48749,0,6
48750,2,9
48751,6,1
48752,7,8
48753,7,8
48754,2,4
48755,4,0
48756,7,8
48757,3,2
48758,4,9
48759,2,7
48760,0,6
48761,1,3
48762,6,7
48763,2,4
48764,2,4
48765,6,1
48766,2,9
48767,3,2
48768,2,7
48769,7,5
48770,3,3
48771,7,9
48772,8,6
48773,7,8
48774,7,5
48775,7,9
48776,0,6
48777,7,5
48778,8,6
48779,2,4
48780,4,0
48781,7,3
48782,0,4
48783,1,3
48784,6,2
48785,4,4
48786,2,4
48787,2,7
48788,1,3
48789,4,9
48790,4,0
48791,4,0
48792,0,6
48793,6,1
48794,1,3
48795,7,9
48796,6,8
48797,6,1
48798,6,3
48799,1,2
48800,0,5
48801,2,7
48802,2,9
48803,2,9
48804,2,9
48805,6,1
48806,6,3
48807,4,0
48808,4,0
48809,0,6
48810,8,6
48811,3,2
48812,7,5
48813,0,4
48814,7,5
48815,0,0
48816,2,9
48817,1,3
48818,2,9
48819,0,4
48820,5,2
48821,0,6
48822,3,2
48823,0,6
48824,6,8
48825,7,5
48826,7,5
48827,0,6
48828,6,8
48829,2,7
48830,4,0
48831,6,1
48832,2,7
48833,2,4
48834,4,0
48835,4,4
48836,2,9
48837,3,2
48838,5,5
48839,0,6
48840,2,4
48841,1,2
48842,1,8
48843,2,9
48844,6,1
48845,6,1
48846,2,4
48847,7,5
48848,6,1
48849,1,3
48850,7,5
48851,6,1
48852,6,7
48853,2,4
48854,0,4
48855,7,8
48856,7,5
48857,0,6
48858,0,6
48859,1,3
48860,6,1
48861,2,7
48862,1,1
48863,4,0
48864,0,6
48865,5,5
48866,2,7
48867,0,6
48868,3,3
48869,2,7
48870,0,4
48871,6,1
48872,7,5
48873,1,3
48874,2,7
48875,7,8
48876,2,4
48877,3,2
48878,2,7
48879,0,6
48880,4,4
48881,3,2
48882,2,9
48883,0,6
48884,3,2
48885,4,4
48886,0,6
48887,3,2
48888,2,9
48889,2,7
48890,2,4
48891,7,8
48892,2,4
48893,2,7
48894,4,9
48895,4,0
48896,6,1
48897,6,1
48898,6,2
48899,7,2
48900,1,1
48901,7,3
48902,6,1
48903,2,4
48904,7,3
48905,7,5
48906,3,8
48907,0,6
48908,6,1
48909,2,7
48910,2,7
48911,7,0
48912,6,2
48913,6,1
48914,2,7
48915,6,2
48916,6,1
48917,3,3
48918,0,6
48919,2,4
48920,4,0
48921,6,5
48922,6,3
48923,6,7
48924,2,9
48925,6,8
48926,1,2
48927,6,9
48928,8,4
48929,7,0
48930,7,3
48931,6,1
48932,3,3
48933,7,2
48934,6,2
48935,1,3
48936,2,4
48937,2,4
48938,2,9
48939,7,5
48940,2,9
48941,0,6
48942,2,4
48943,6,1
48944,2,7
48945,0,6
48946,3,2
48947,4,0
48948,2,7
48949,6,1
48950,7,5
48951,5,2
48952,2,7
48953,6,4
48954,3,2
48955,2,7
48956,6,1
48957,6,4
48958,0,6
48959,6,4
48960,4,0
48961,2,4
48962,2,4
48963,4,0
48964,2,9
48965,3,3
48966,2,5
48967,6,8
48968,9,9
48969,2,7
48970,2,4
48971,6,5
48972,0,4
48973,7,8
48974,3,3
48975,6,2
48976,2,7
48977,6,1
48978,3,3
48979,2,7
48980,2,9
48981,3,3
48982,3,2
48983,6,5
48984,2,4
48985,7,5
48986,3,2
48987,2,9
48988,2,7
48989,6,1
48990,8,4
48991,1,2
48992,2,7
48993,6,1
48994,0,6
48995,3,3
48996,2,9
48997,4,8
48998,3,3
48999,0,6
49000,2,4
49001,2,4
49002,2,1
49003,2,9
49004,8,6
49005,6,4
49006,8,3
49007,6,9
49008,6,1
49009,6,2
49010,2,9
49011,4,0
49012,6,7
49013,4,0
49014,6,0
49015,2,4
49016,3,8
49017,6,4
49018,1,3
49019,0,6
49020,3,3
49021,6,2
49022,0,6
49023,7,5
49024,2,7
49025,7,5
49026,5,6
49027,4,0
49028,6,2
49029,1,2
49030,2,9
49031,0,6
49032,7,5
49033,4,8
49034,6,2
49035,6,1
49036,0,6
49037,6,1
49038,8,5
49039,6,9
49040,7,5
49041,0,2
49042,6,1
49043,0,6
49044,6,8
49045,2,7
49046,7,8
49047,0,6
49048,8,5
49049,0,6
49050,8,4
49051,6,8
49052,6,8
49053,2,7
49054,5,3
49055,3,3
49056,6,7
49057,7,3
49058,2,7
49059,4,0
49060,0,6
49061,7,5
49062,8,5
49063,2,7
49064,7,8
49065,4,0
49066,4,6
49067,5,2
49068,6,1
49069,2,7
49070,6,2
49071,2,7
49072,8,4
49073,6,8
49074,3,2
49075,4,0
49076,6,1
49077,7,3
49078,2,4
49079,7,5
49080,7,3
49081,3,3
49082,1,3
49083,0,6
49084,0,6
49085,4,0
49086,4,0
49087,6,1
49088,6,8
49089,3,2
49090,3,2
49091,3,3
49092,2,4
49093,2,7
49094,7,5
49095,6,8
49096,6,9
49097,0,0
49098,6,2
49099,6,1
49100,7,5
49101,3,2
49102,2,4
49103,3,3
49104,0,6
49105,0,4
49106,6,2
49107,5,5
49108,1,3
49109,0,6
49110,4,0
49111,0,0
49112,2,9
49113,6,1
49114,7,8
49115,3,2
49116,2,7
49117,7,3
49118,6,1
49119,2,7
49120,4,7
49121,2,9
49122,3,3
49123,6,1
49124,4,0
49125,2,7
49126,6,8
49127,0,4
49128,2,9
49129,3,8
49130,4,9
49131,6,1
49132,6,5
49133,0,6
49134,6,1
49135,3,3
49136,2,7
49137,3,3
49138,4,4
49139,0,6
49140,8,5
49141,6,5
49142,3,3
49143,2,9
49144,2,4
49145,6,1
49146,2,4
49147,3,3
49148,6,2
49149,3,3
49150,4,0
49151,0,0
49152,8,5
49153,0,6
49154,6,1
49155,0,4
49156,1,3
49157,7,3
49158,3,2
49159,2,7
49160,3,2
49161,0,6
49162,2,4
49163,2,9
49164,0,2
49165,6,8
49166,3,3
49167,6,1
49168,6,2
49169,2,4
49170,3,8
49171,0,0
49172,2,4
49173,0,6
49174,2,7
49175,0,6
49176,6,8
49177,2,9
49178,0,6
49179,3,2
49180,2,7
49181,3,2
49182,4,9
49183,1,3
49184,2,7
49185,0,0
49186,6,1
49187,6,7
49188,3,3
49189,3,2
49190,3,5
49191,3,2
49192,2,2
49193,1,3
49194,6,1
49195,0,4
49196,0,4
49197,0,0
49198,6,1
49199,0,0
49200,4,0
49201,7,8
49202,3,5
49203,6,5
49204,2,9
49205,6,1
49206,2,4
49207,3,3
49208,4,0
49209,2,7
49210,6,1
49211,2,4
49212,2,7
49213,6,9
49214,4,0
49215,7,8
49216,0,6
49217,6,8
49218,4,0
49219,2,9
49220,4,0
49221,0,0
49222,7,3
49223,2,9
49224,4,0
49225,6,8
49226,3,9
49227,2,9
49228,1,3
49229,0,0
49230,1,3
49231,3,2
49232,6,1
49233,0,6
49234,7,3
49235,2,7
49236,6,5
49237,2,4
49238,3,8
49239,2,7
49240,6,7
49241,6,5
49242,2,7
49243,3,0
49244,4,0
49245,6,1
49246,6,1
49247,1,2
49248,3,2
49249,1,3
49250,8,8
49251,2,4
49252,8,6
49253,7,5
49254,5,3
49255,0,6
49256,2,4
49257,2,7
49258,0,6
49259,6,8
49260,6,1
49261,2,9
49262,2,9
49263,4,0
49264,6,2
49265,6,1
49266,6,8
49267,3,2
49268,4,0
49269,5,3
49270,8,5
49271,4,4
49272,2,9
49273,7,5
49274,2,4
49275,0,6
49276,3,8
49277,2,7
49278,4,0
49279,6,8
49280,4,0
49281,3,0
49282,6,2
49283,6,1
49284,6,1
49285,3,2
49286,3,3
49287,3,3
49288,3,3
49289,2,4
49290,8,8
49291,7,5
49292,6,1
49293,0,6
49294,3,3
49295,7,8
49296,0,6
49297,3,3
49298,2,9
49299,2,4
49300,7,3
49301,2,7
49302,7,8
49303,6,8
49304,4,0
49305,0,6
49306,4,0
49307,3,3
49308,6,1
49309,2,4
49310,4,0
49311,3,0
49312,7,3
49313,2,9
49314,6,2
49315,2,7
49316,7,5
49317,6,1
49318,6,3
49319,2,9
49320,2,7
49321,5,3
49322,4,0
49323,7,8
49324,1,3
49325,2,4
49326,6,1
49327,2,7
49328,0,6
49329,3,3
49330,2,7
49331,4,0
49332,7,8
49333,2,9
49334,8,5
49335,2,9
49336,4,0
49337,0,6
49338,6,1
49339,6,1
49340,3,2
49341,2,4
49342,4,0
49343,7,5
49344,0,6
49345,2,4
49346,0,6
49347,0,6
49348,7,5
49349,3,2
49350,3,3
49351,4,0
49352,8,5
49353,0,6
49354,4,0
49355,6,1
49356,2,7
49357,6,1
49358,2,9
49359,6,1
49360,7,5
49361,2,7
49362,6,1
49363,3,2
49364,2,7
49365,2,7
49366,6,8
49367,7,5
49368,6,1
49369,3,2
49370,4,0
49371,2,9
49372,2,7
49373,2,4
49374,4,0
49375,7,5
49376,3,3
49377,6,8
49378,1,3
49379,2,4
49380,6,1
49381,3,2
49382,0,4
49383,2,9
49384,6,1
49385,2,7
49386,2,9
49387,4,0
49388,2,9
49389,4,0
49390,1,3
49391,2,7
49392,6,1
49393,7,5
49394,4,0
49395,6,1
49396,0,6
49397,6,1
49398,2,4
49399,2,7
49400,6,8
49401,0,6
49402,8,5
49403,0,6
49404,3,3
49405,0,6
49406,2,3
49407,6,8
49408,0,2
49409,3,2
49410,7,3
49411,3,2
49412,6,7
49413,2,7
49414,8,8
49415,2,7
49416,6,2
49417,2,4
49418,0,6
49419,3,0
49420,6,1
49421,3,2
49422,1,8
49423,2,4
49424,7,5
49425,5,2
49426,0,6
49427,7,5
49428,7,5
49429,4,0
49430,3,2
49431,3,3
49432,2,9
49433,3,3
49434,3,2
49435,3,3
49436,0,6
49437,6,1
49438,2,8
49439,6,8
49440,6,1
49441,6,1
49442,2,9
49443,4,0
49444,2,7
49445,7,5
49446,3,3
49447,2,9
49448,4,6
49449,0,6
49450,3,3
49451,2,9
49452,3,2
49453,7,8
49454,6,2
49455,7,5
49456,0,6
49457,7,8
49458,2,7
49459,4,0
49460,8,5
49461,3,3
49462,2,9
49463,0,0
49464,6,9
49465,7,8
49466,2,9
49467,3,3
49468,2,9
49469,2,9
49470,7,5
49471,0,0
49472,2,7
49473,6,1
49474,2,2
49475,5,2
49476,7,5
49477,1,3
49478,0,6
49479,0,4
49480,2,4
49481,6,5
49482,6,1
49483,0,6
49484,0,6
49485,2,7
49486,3,2
49487,6,8
49488,6,1
49489,6,9
49490,4,5
49491,2,7
49492,2,9
49493,6,8
49494,1,3
49495,6,9
49496,3,8
49497,0,0
49498,3,2
49499,6,1
49500,4,0
49501,0,4
49502,1,8
49503,5,5
49504,6,1
49505,0,6
49506,2,9
49507,2,7
49508,8,5
49509,6,8
49510,0,6
49511,6,9
49512,6,1
49513,0,4
49514,2,4
49515,0,2
49516,2,7
49517,0,6
49518,4,0
49519,6,1
49520,7,5
49521,6,1
49522,6,8
49523,6,7
49524,1,6
49525,0,8
49526,0,6
49527,6,5
49528,4,0
49529,3,3
49530,4,0
49531,6,7
49532,7,8
49533,0,0
49534,6,1
49535,4,0
49536,8,5
49537,9,2
49538,6,1
49539,0,6
49540,2,7
49541,6,9
49542,2,4
49543,6,8
49544,2,9
49545,6,8
49546,2,4
49547,2,9
49548,7,8
49549,2,9
49550,0,6
49551,6,7
49552,4,4
49553,2,7
49554,2,7
49555,6,2
49556,1,3
49557,6,1
49558,7,5
49559,6,1
49560,3,3
49561,3,0
49562,2,9
49563,6,8
49564,2,9
49565,6,9
49566,6,3
49567,3,2
49568,7,5
49569,6,1
49570,3,3
49571,2,7
49572,7,8
49573,0,2
49574,2,9
49575,7,0
49576,1,0
49577,0,6
49578,6,8
49579,6,8
49580,1,2
49581,0,5
49582,3,2
49583,0,0
49584,6,7
49585,3,3
49586,5,3
49587,6,4
49588,6,1
49589,7,3
49590,2,7
49591,2,9
49592,6,1
49593,0,6
49594,4,0
49595,0,0
49596,4,0
49597,0,6
49598,1,2
49599,6,9
49600,1,1
49601,4,0
49602,1,3
49603,6,1
49604,7,5
49605,3,2
49606,6,1
49607,1,3
49608,2,9
49609,0,4
49610,6,1
49611,7,5
49612,6,1
49613,0,6
49614,6,2
49615,2,7
49616,7,7
49617,6,8
49618,7,8
49619,2,9
49620,7,8
49621,4,0
49622,4,0
49623,6,1
49624,0,6
49625,6,2
49626,8,6
49627,3,3
49628,6,1
49629,0,4
49630,3,8
49631,7,5
49632,7,5
49633,0,6
49634,2,8
49635,2,7
49636,7,5
49637,6,8
49638,3,3
49639,0,0
49640,2,9
49641,6,1
49642,3,2
49643,3,2
49644,2,7
49645,3,3
49646,0,4
49647,2,4
49648,1,3
49649,7,5
49650,1,3
49651,0,6
49652,8,5
49653,6,9
49654,6,3
49655,7,5
49656,3,9
49657,4,0
49658,8,5
49659,0,6
49660,7,8
49661,6,8
49662,6,7
49663,6,9
49664,6,1
49665,0,4
49666,2,7
49667,6,1
49668,7,5
49669,2,9
49670,1,3
49671,7,5
49672,8,5
49673,3,3
49674,6,2
49675,4,0
49676,2,4
49677,6,8
49678,6,3
49679,2,9
49680,6,1
49681,6,1
49682,7,5
49683,0,4
49684,7,5
49685,4,0
49686,4,5
49687,7,5
49688,0,4
49689,7,5
49690,2,9
49691,2,7
49692,0,4
49693,0,6
49694,2,7
49695,4,0
49696,2,9
49697,6,1
49698,2,7
49699,0,6
49700,0,4
49701,6,8
49702,6,2
49703,2,9
49704,6,8
49705,7,5
49706,6,1
49707,6,4
49708,8,5
49709,2,7
49710,2,9
49711,0,6
49712,2,4
49713,0,0
49714,2,9
49715,6,8
49716,4,0
49717,6,1
49718,0,6
49719,2,7
49720,4,0
49721,2,7
49722,2,4
49723,6,1
49724,1,8
49725,3,3
49726,8,5
49727,3,2
49728,3,5
49729,3,3
49730,2,9
49731,6,1
49732,3,3
49733,6,4
49734,4,9
49735,3,2
49736,2,7
49737,4,0
49738,2,7
49739,4,0
49740,2,9
49741,2,4
49742,2,7
49743,0,6
49744,6,8
49745,0,4
49746,1,3
49747,2,9
49748,3,3
49749,1,3
49750,4,0
49751,1,8
49752,2,9
49753,2,4
49754,2,4
49755,2,7
49756,7,8
49757,0,2
49758,6,7
49759,7,5
49760,7,5
49761,0,6
49762,6,2
49763,3,3
49764,2,9
49765,0,6
49766,6,8
49767,2,9
49768,6,1
49769,0,6
49770,4,0
49771,3,3
49772,0,6
49773,3,2
49774,4,0
49775,6,2
49776,3,2
49777,6,4
49778,1,2
49779,0,6
49780,0,0
49781,5,2
49782,3,2
49783,7,5
49784,7,5
49785,7,5
49786,6,1
49787,6,1
49788,7,5
49789,7,3
49790,3,2
49791,3,3
49792,3,2
49793,2,9
49794,8,5
49795,3,2
49796,8,1
49797,7,5
49798,2,9
49799,2,7
49800,4,0
49801,2,9
49802,0,6
49803,6,8
49804,7,8
49805,6,2
49806,2,7
49807,6,1
49808,6,8
49809,1,3
49810,7,3
49811,6,1
49812,2,7
49813,3,3
49814,3,3
49815,4,0
49816,0,6
49817,6,1
49818,2,7
49819,3,2
49820,7,5
49821,3,3
49822,7,8
49823,2,4
49824,5,8
49825,5,5
49826,3,3
49827,0,6
49828,0,6
49829,2,7
49830,7,8
49831,7,8
49832,6,1
49833,2,9
49834,2,2
49835,4,0
49836,2,9
49837,6,1
49838,0,6
49839,3,2
49840,6,1
49841,1,3
49842,7,5
49843,2,4
49844,8,9
49845,8,5
49846,2,7
49847,0,6
49848,4,0
49849,2,7
49850,2,4
49851,6,8
49852,6,1
49853,4,0
49854,2,9
49855,6,1
49856,3,2
49857,3,2
49858,2,4
49859,1,3
49860,6,1
49861,8,4
49862,2,7
49863,8,5
49864,3,3
49865,0,6
49866,2,7
49867,2,7
49868,5,3
49869,7,8
49870,2,9
49871,2,9
49872,4,0
49873,3,2
49874,0,4
49875,3,2
49876,6,1
49877,2,7
49878,6,1
49879,0,6
49880,4,9
49881,2,4
49882,3,3
49883,4,0
49884,6,1
49885,8,5
49886,0,6
49887,8,8
49888,6,1
49889,4,0
49890,9,5
49891,2,7
49892,7,5
49893,1,3
49894,4,0
49895,1,5
49896,1,3
49897,2,4
49898,2,9
49899,6,1
49900,0,6
49901,7,8
49902,6,1
49903,4,0
49904,2,9
49905,4,5
49906,2,7
49907,3,2
49908,6,2
49909,2,7
49910,0,6
49911,3,2
49912,3,3
49913,1,3
49914,6,2
49915,0,6
49916,3,2
49917,3,2
49918,6,7
49919,6,1
49920,0,4
49921,2,7
49922,8,5
49923,2,7
49924,5,0
49925,2,9
49926,1,3
49927,6,1
49928,4,5
49929,3,2
49930,0,6
49931,0,6
49932,6,1
49933,2,7
49934,4,4
49935,8,5
49936,3,2
49937,2,4
49938,1,3
49939,4,0
49940,2,4
49941,6,1
49942,4,4
49943,6,1
49944,2,9
49945,2,9
49946,1,3
49947,8,8
49948,3,3
49949,4,0
49950,8,5
49951,3,2
49952,4,0
49953,4,0
49954,4,0
49955,1,3
49956,2,9
49957,1,5
49958,4,7
49959,0,6
49960,0,6
49961,6,1
49962,1,2
49963,8,8
49964,6,1
49965,0,6
49966,3,3
49967,2,4
49968,7,3
49969,0,6
49970,0,6
49971,4,0
49972,6,1
49973,2,9
49974,4,0
49975,1,2
49976,1,2
49977,0,6
49978,2,7
49979,2,4
49980,2,7
49981,3,3
49982,2,4
49983,2,9
49984,2,9
49985,1,3
49986,2,7
49987,4,0
49988,2,9
49989,4,0
49990,7,8
49991,3,5
49992,8,5
49993,3,2
49994,2,4
49995,8,5
49996,4,0
49997,3,8
49998,2,4
49999,8,8
50000,3,3
50001,8,8
50002,0,6
50003,2,9
50004,0,6
50005,2,4
50006,7,5
50007,1,3
50008,6,8
50009,2,4
50010,8,5
50011,3,2
50012,3,3
50013,8,8
50014,2,4
50015,7,8
50016,1,1
50017,8,5
50018,4,0
50019,7,5
50020,6,9
50021,2,7
50022,2,4
50023,6,1
50024,3,0
50025,1,3
50026,4,0
50027,0,6
50028,6,2
50029,2,9
50030,2,9
50031,2,4
50032,6,1
50033,3,3
50034,0,6
50035,6,8
50036,4,0
50037,2,7
50038,2,7
50039,0,6
50040,3,8
50041,2,9
50042,4,0
50043,3,3
50044,6,8
50045,1,3
50046,6,7
50047,2,7
50048,7,8
50049,2,4
50050,2,4
50051,6,1
50052,3,2
50053,2,9
50054,7,8
50055,6,1
50056,6,1
50057,4,0
50058,8,6
50059,4,6
50060,8,5
50061,4,0
50062,6,1
50063,6,1
50064,2,7
50065,6,2
50066,2,7
50067,7,3
50068,6,1
50069,4,4
50070,4,0
50071,7,5
50072,4,0
50073,0,6
50074,6,8
50075,6,7
50076,0,6
50077,6,8
50078,4,9
50079,2,9
50080,2,4
50081,4,0
50082,4,6
50083,6,1
50084,2,9
50085,6,2
50086,0,6
50087,6,3
50088,6,9
50089,4,4
50090,2,4
50091,0,5
50092,0,6
50093,0,6
50094,6,1
50095,2,7
50096,1,2
50097,6,8
50098,0,6
50099,2,9
50100,2,7
50101,4,0
50102,2,9
50103,6,1
50104,0,6
50105,6,2
50106,7,8
50107,3,3
50108,0,6
50109,0,4
50110,2,9
50111,7,5
50112,7,8
50113,0,6
50114,6,8
50115,2,7
50116,8,8
50117,6,8
50118,0,6
50119,2,9
50120,6,1
50121,2,7
50122,0,6
50123,4,0
50124,2,9
50125,0,6
50126,2,7
50127,4,0
50128,2,9
50129,2,7
50130,6,1
50131,3,3
50132,0,6
50133,3,8
50134,2,4
50135,0,6
50136,6,1
50137,2,7
50138,7,5
50139,6,1
50140,3,3
50141,3,3
50142,7,5
50143,2,7
50144,2,9
50145,2,9
50146,0,6
50147,2,7
50148,3,3
50149,4,4
50150,6,1
50151,4,0
50152,4,4
50153,6,2
50154,4,4
50155,7,5
50156,7,0
50157,4,0
50158,6,1
50159,0,6
50160,0,6
50161,4,4
50162,6,7
50163,2,9
50164,4,4
50165,0,6
50166,7,5
50167,6,2
50168,0,6
50169,2,9
50170,6,8
50171,6,8
50172,6,8
50173,7,5
50174,2,9
50175,3,3
50176,4,8
50177,2,9
50178,6,8
50179,6,8
50180,2,8
50181,3,3
50182,4,4
50183,0,4
50184,3,3
50185,4,0
50186,2,9
50187,7,5
50188,4,4
50189,0,4
50190,6,1
50191,6,8
50192,4,0
50193,0,6
50194,6,1
50195,3,3
50196,6,2
50197,4,0
50198,7,8
50199,0,6
50200,4,0
50201,3,3
50202,7,5
50203,0,4
50204,2,9
50205,4,0
50206,3,3
50207,6,1
50208,4,0
50209,2,9
50210,7,3
50211,3,2
50212,7,3
50213,3,3
50214,5,3
50215,2,7
50216,4,4
50217,2,9
50218,6,2
50219,6,1
50220,0,6
50221,3,2
50222,6,1
50223,7,5
50224,2,7
50225,6,1
50226,2,9
50227,2,7
50228,4,9
50229,6,2
50230,3,2
50231,7,8
50232,6,1
50233,2,7
50234,2,7
50235,4,0
50236,1,0
50237,6,1
50238,7,8
50239,4,9
50240,4,0
50241,0,6
50242,0,6
50243,0,4
50244,6,7
50245,2,9
50246,6,8
50247,6,2
50248,4,9
50249,6,1
50250,7,5
50251,6,2
50252,7,5
50253,3,3
50254,2,7
50255,2,7
50256,4,0
50257,4,0
50258,7,8
50259,6,2
50260,7,3
50261,6,1
50262,3,3
50263,7,5
50264,6,1
50265,3,3
50266,0,6
50267,4,4
50268,6,8
50269,2,7
50270,0,6
50271,6,2
50272,3,8
50273,6,1
50274,1,8
50275,0,6
50276,0,6
50277,7,8
50278,2,7
50279,7,5
50280,0,6
50281,4,0
50282,0,4
50283,6,8
50284,2,4
50285,2,9
50286,3,3
50287,6,2
50288,3,3
50289,0,6
50290,1,2
50291,4,0
50292,6,1
50293,6,1
50294,4,6
50295,3,2
50296,7,5
50297,3,3
50298,4,0
50299,2,4
50300,3,3
50301,7,5
50302,1,8
50303,0,6
50304,2,9
50305,2,7
50306,3,8
50307,6,8
50308,3,3
50309,2,9
50310,4,0
50311,3,0
50312,1,3
50313,6,1
50314,2,4
50315,3,2
50316,6,5
50317,5,3
50318,2,9
50319,4,4
50320,1,5
50321,7,5
50322,8,5
50323,0,6
50324,4,0
50325,2,7
50326,6,1
50327,6,8
50328,4,0
50329,2,9
50330,3,3
50331,4,0
50332,8,5
50333,6,1
50334,1,2
50335,3,2
50336,1,3
50337,3,3
50338,6,1
50339,2,4
50340,3,3
50341,7,5
50342,3,8
50343,0,6
50344,4,0
50345,2,7
50346,6,8
50347,6,8
50348,3,2
50349,2,9
50350,6,1
50351,2,7
50352,7,5
50353,0,0
50354,4,0
50355,6,6
50356,6,1
50357,4,0
50358,2,9
50359,6,7
50360,2,7
50361,3,3
50362,6,1
50363,6,8
50364,1,3
50365,2,7
50366,8,5
50367,6,1
50368,6,2
50369,9,3
50370,1,7
50371,4,7
50372,3,3
50373,2,9
50374,3,3
50375,2,7
50376,2,7
50377,2,4
50378,7,3
50379,3,0
50380,2,7
50381,3,2
50382,1,7
50383,7,5
50384,2,9
50385,3,0
50386,2,9
50387,0,6
50388,4,4
50389,4,4
50390,1,0
50391,2,9
50392,2,7
50393,6,8
50394,6,8
50395,7,5
50396,6,1
50397,6,1
50398,7,5
50399,0,5
50400,6,1
50401,3,3
50402,0,6
50403,9,3
50404,6,1
50405,2,4
50406,5,5
50407,4,0
50408,8,9
50409,7,5
50410,7,8
50411,2,4
50412,3,3
50413,6,8
50414,3,9
50415,0,6
50416,2,4
50417,1,3
50418,4,6
50419,2,4
50420,7,5
50421,6,8
50422,7,5
50423,4,0
50424,1,0
50425,0,6
50426,6,7
50427,2,4
50428,4,6
50429,6,8
50430,7,5
50431,2,3
50432,2,4
50433,2,4
50434,4,0
50435,4,0
50436,2,9
50437,6,1
50438,2,7
50439,2,9
50440,2,7
50441,3,2
50442,3,8
50443,2,7
50444,4,0
50445,2,9
50446,6,2
50447,6,1
50448,3,8
50449,3,2
50450,0,4
50451,7,5
50452,3,2
50453,6,1
50454,6,2
50455,2,7
50456,6,5
50457,3,2
50458,2,9
50459,6,8
50460,7,5
50461,4,7
50462,2,9
50463,4,0
50464,1,7
50465,6,1
50466,2,4
50467,2,9
50468,2,7
50469,0,6
50470,7,3
50471,2,4
50472,6,1
50473,2,9
50474,3,2
50475,3,2
50476,1,0
50477,6,1
50478,3,2
50479,3,2
50480,4,0
50481,1,3
50482,6,1
50483,2,7
50484,8,5
50485,4,0
50486,2,4
50487,3,2
50488,2,7
50489,6,1
50490,2,9
50491,7,3
50492,4,0
50493,6,1
50494,8,6
50495,3,2
50496,3,2
50497,6,5
50498,6,1
50499,6,8
50500,3,3
50501,6,1
50502,0,4
50503,0,6
50504,3,2
50505,6,8
50506,0,6
50507,7,5
50508,1,2
50509,0,6
50510,2,4
50511,4,0
50512,8,8
50513,6,8
50514,3,8
50515,2,9
50516,3,3
50517,2,4
50518,4,0
50519,2,9
50520,2,7
50521,3,2
50522,2,9
50523,4,0
50524,6,8
50525,6,1
50526,4,0
50527,3,2
50528,2,9
50529,3,3
50530,8,8
50531,2,4
50532,1,8
50533,7,5
50534,4,0
50535,7,8
50536,2,7
50537,2,9
50538,1,2
50539,4,0
50540,7,5
50541,6,1
50542,4,0
50543,3,2
50544,2,9
50545,7,3
50546,1,2
50547,2,4
50548,3,8
50549,7,5
50550,6,1
50551,0,6
50552,7,8
50553,2,7
50554,1,3
50555,4,8
50556,0,6
50557,2,9
50558,2,9
50559,4,0
50560,8,3
50561,6,1
50562,2,9
50563,3,2
50564,8,4
50565,3,3
50566,4,0
50567,2,4
50568,3,2
50569,8,5
50570,7,5
50571,4,8
50572,1,1
50573,4,5
50574,8,5
50575,3,2
50576,1,2
50577,6,1
50578,2,9
50579,2,7
50580,0,6
50581,3,2
50582,6,1
50583,2,4
50584,4,6
50585,6,1
50586,4,0
50587,2,4
50588,0,6
50589,6,1
50590,0,6
50591,2,4
50592,7,5
50593,2,9
50594,0,6
50595,0,6
50596,6,8
50597,7,8
50598,8,6
50599,2,4
50600,6,1
50601,8,5
50602,7,5
50603,7,3
50604,3,8
50605,6,7
50606,4,4
50607,2,8
50608,1,1
50609,2,4
50610,0,6
50611,1,3
50612,0,6
50613,1,3
50614,2,7
50615,7,5
50616,0,4
50617,4,0
50618,6,6
50619,0,6
50620,2,7
50621,6,1
50622,0,6
50623,0,6
50624,7,5
50625,4,8
50626,3,8
50627,2,7
50628,4,0
50629,3,0
50630,4,0
50631,6,1
50632,6,1
50633,8,5
50634,8,8
50635,0,6
50636,4,4
50637,4,0
50638,4,0
50639,4,8
50640,6,2
50641,7,5
50642,6,2
50643,4,0
50644,6,3
50645,0,6
50646,6,1
50647,6,1
50648,2,7
50649,8,5
50650,8,5
50651,7,8
50652,6,1
50653,2,4
50654,4,0
50655,2,7
50656,2,4
50657,0,6
50658,3,3
50659,4,9
50660,6,8
50661,6,1
50662,7,5
50663,4,9
50664,4,7
50665,2,7
50666,0,6
50667,6,1
50668,2,7
50669,3,2
50670,0,6
50671,3,3
50672,1,3
50673,2,4
50674,3,2
50675,7,5
50676,3,2
50677,7,5
50678,6,1
50679,7,3
50680,3,3
50681,2,7
50682,6,1
50683,7,3
50684,4,0
50685,6,1
50686,2,9
50687,7,8
50688,3,3
50689,3,2
50690,7,5
50691,3,2
50692,7,8
50693,3,3
50694,8,4
50695,3,2
50696,4,0
50697,2,7
50698,4,9
50699,2,4
50700,1,2
50701,2,9
50702,7,8
50703,4,9
50704,2,4
50705,3,2
50706,2,7
50707,6,8
50708,6,7
50709,6,1
50710,2,9
50711,8,8
50712,2,4
50713,3,3
50714,3,8
50715,7,8
50716,6,2
50717,3,3
50718,6,5
50719,0,6
50720,6,2
50721,2,7
50722,3,2
50723,4,0
50724,2,9
50725,2,4
50726,3,3
50727,9,0
50728,3,3
50729,4,0
50730,2,7
50731,6,1
50732,2,7
50733,1,2
50734,7,5
50735,1,3
50736,3,2
50737,2,4
50738,4,8
50739,7,5
50740,4,8
50741,0,6
50742,2,7
50743,6,7
50744,3,2
50745,7,8
50746,2,9
50747,7,9
50748,1,2
50749,4,0
50750,4,0
50751,6,1
50752,2,9
50753,1,2
50754,2,9
50755,1,3
50756,2,2
50757,0,4
50758,2,9
50759,7,5
50760,2,7
50761,0,6
50762,6,8
50763,6,7
50764,7,5
50765,7,8
50766,7,5
50767,7,9
50768,8,5
50769,4,0
50770,7,3
50771,6,1
50772,6,1
50773,1,2
50774,4,0
50775,1,3
50776,0,6
50777,2,4
50778,7,5
50779,1,5
50780,0,6
50781,0,6
50782,7,5
50783,6,7
50784,7,9
50785,7,8
50786,7,5
50787,2,9
50788,6,1
50789,6,1
50790,7,8
50791,7,8
50792,2,7
50793,0,6
50794,2,7
50795,2,7
50796,2,7
50797,6,1
50798,2,9
50799,6,1
50800,7,5
50801,0,4
50802,3,2
50803,1,3
50804,4,0
50805,6,7
50806,9,9
50807,2,9
50808,4,0
50809,1,3
50810,0,6
50811,0,6
50812,3,2
50813,4,0
50814,3,2
50815,1,3
50816,2,9
50817,0,6
50818,0,6
50819,2,4
50820,4,0
50821,1,8
50822,2,7
50823,0,6
50824,7,3
50825,4,0
50826,3,2
50827,6,1
50828,0,0
50829,1,1
50830,6,1
50831,7,5
50832,2,9
50833,2,9
50834,3,3
50835,8,4
50836,3,6
50837,1,3
50838,6,1
50839,4,0
50840,1,2
50841,2,4
50842,6,1
50843,0,6
50844,4,4
50845,2,9
50846,2,4
50847,6,1
50848,7,5
50849,6,7
50850,6,1
50851,2,9
50852,4,0
50853,7,5
50854,2,9
50855,6,1
50856,0,6
50857,6,1
50858,2,4
50859,2,9
50860,6,8
50861,7,8
50862,4,0
50863,0,6
50864,6,1
50865,0,6
50866,0,6
50867,2,9
50868,2,7
50869,7,8
50870,0,6
50871,1,8
50872,2,7
50873,7,8
50874,2,7
50875,1,2
50876,4,0
50877,6,7
50878,4,7
50879,0,4
50880,0,6
50881,7,5
50882,2,9
50883,1,8
50884,2,7
50885,1,3
50886,2,8
50887,1,5
50888,0,6
50889,8,4
50890,0,6
50891,6,7
50892,3,3
50893,0,6
50894,2,7
50895,7,5
50896,8,9
50897,6,2
50898,3,2
50899,1,2
50900,6,8
50901,6,2
50902,7,8
50903,2,7
50904,8,5
50905,6,7
50906,3,3
50907,1,1
50908,7,9
50909,4,0
50910,1,7
50911,6,1
50912,0,6
50913,6,2
50914,6,1
50915,7,3
50916,8,4
50917,2,4
50918,6,1
50919,7,5
50920,2,7
50921,0,6
50922,1,3
50923,2,7
50924,4,0
50925,6,8
50926,8,5
50927,2,9
50928,6,1
50929,4,0
50930,9,0
50931,6,1
50932,0,6
50933,6,2
50934,0,6
50935,7,3
50936,1,3
50937,0,4
50938,0,6
50939,7,5
50940,1,3
50941,0,6
50942,2,7
50943,2,7
50944,4,0
50945,6,8
50946,3,3
50947,2,9
50948,2,4
50949,4,0
50950,3,3
50951,6,1
50952,6,1
50953,3,2
50954,7,5
50955,7,3
50956,6,1
50957,0,4
50958,4,0
50959,7,5
50960,7,3
50961,0,6
50962,3,2
50963,2,7
50964,5,3
50965,6,8
50966,6,2
50967,2,9
50968,4,0
50969,3,3
50970,6,8
50971,3,2
50972,6,7
50973,2,9
50974,4,0
50975,7,3
50976,3,3
50977,6,2
50978,2,7
50979,6,1
50980,2,4
50981,2,4
50982,1,3
50983,5,5
50984,2,7
50985,7,5
50986,3,2
50987,3,2
50988,6,8
50989,7,3
50990,0,0
50991,3,2
50992,2,7
50993,6,1
50994,1,7
50995,3,3
50996,7,8
50997,2,9
50998,8,4
50999,2,7
51000,2,7
51001,3,2
51002,4,0
51003,6,1
51004,2,7
51005,6,1
51006,4,0
51007,6,8
51008,6,8
51009,6,8
51010,6,1
51011,2,7
51012,2,9
51013,7,8
51014,7,8
51015,6,1
51016,3,2
51017,1,0
51018,2,4
51019,1,0
51020,2,9
51021,0,6
51022,2,9
51023,2,7
51024,4,0
51025,2,7
51026,2,4
51027,7,5
51028,2,4
51029,4,0
51030,1,3
51031,0,6
51032,2,9
51033,6,1
51034,2,7
51035,6,1
51036,2,9
51037,3,2
51038,1,3
51039,7,5
51040,7,5
51041,4,0
51042,2,9
51043,2,7
51044,4,0
51045,4,0
51046,2,4
51047,0,4
51048,6,1
51049,0,4
51050,7,5
51051,6,1
51052,4,0
51053,6,8
51054,6,3
51055,0,6
51056,2,4
51057,4,0
51058,6,8
51059,4,0
51060,6,1
51061,4,0
51062,2,7
51063,3,3
51064,6,2
51065,2,7
51066,0,6
51067,6,1
51068,2,7
51069,0,6
51070,6,7
51071,2,4
51072,7,5
51073,3,2
51074,2,7
51075,0,6
51076,0,4
51077,2,4
51078,7,8
51079,5,5
51080,2,7
51081,2,4
51082,2,9
51083,6,1
51084,2,7
51085,1,3
51086,4,5
51087,6,8
51088,1,7
51089,0,6
51090,6,2
51091,3,3
51092,1,3
51093,2,9
51094,4,8
51095,2,9
51096,0,6
51097,7,5
51098,4,4
51099,2,9
51100,6,2
51101,3,3
51102,6,7
51103,2,7
51104,7,8
51105,7,8
51106,1,3
51107,7,5
51108,4,0
51109,0,6
51110,6,1
51111,0,4
51112,6,1
51113,2,7
51114,0,4
51115,0,6
51116,1,3
51117,3,2
51118,6,2
51119,3,2
51120,6,1
51121,4,0
51122,4,0
51123,2,9
51124,7,5
51125,2,4
51126,2,7
51127,1,0
51128,8,8
51129,6,1
51130,8,5
51131,3,2
51132,2,9
51133,1,3
51134,4,8
51135,0,4
51136,6,1
51137,7,5
51138,6,7
51139,0,6
51140,2,9
51141,2,7
51142,7,3
51143,6,8
51144,7,5
51145,6,9
51146,2,4
51147,0,0
51148,4,0
51149,6,1
51150,4,0
51151,3,2
51152,0,6
51153,1,3
51154,7,3
51155,0,4
51156,4,9
51157,7,5
51158,0,8
51159,0,6
51160,3,8
51161,2,7
51162,2,7
51163,7,8
51164,7,8
51165,2,9
51166,2,7
51167,4,0
51168,2,9
51169,6,1
51170,4,4
51171,3,2
51172,6,8
51173,3,3
51174,2,7
51175,0,4
51176,7,5
51177,7,5
51178,6,7
51179,0,6
51180,1,7
51181,2,7
51182,8,4
51183,6,8
51184,1,8
51185,2,9
51186,4,0
51187,6,1
51188,6,1
51189,6,8
51190,6,1
51191,0,6
51192,2,9
51193,2,7
51194,4,9
51195,6,1
51196,3,3
51197,6,1
51198,2,7
51199,0,4
51200,6,9
51201,3,3
51202,2,4
51203,2,7
51204,2,7
51205,2,7
51206,6,1
51207,6,8
51208,6,8
51209,2,9
51210,4,0
51211,3,3
51212,1,2
51213,0,6
51214,3,2
51215,0,0
51216,3,2
51217,3,3
51218,1,8
51219,0,6
51220,0,6
51221,2,4
51222,3,3
51223,7,8
51224,6,8
51225,2,4
51226,4,0
51227,1,5
51228,4,0
51229,2,7
51230,6,3
51231,0,5
51232,0,6
51233,0,6
51234,7,5
51235,4,0
51236,1,7
51237,1,3
51238,6,2
51239,6,9
51240,8,9
51241,3,2
51242,3,8
51243,6,8
51244,6,8
51245,3,3
51246,0,6
51247,6,1
51248,4,9
51249,6,1
51250,6,1
51251,1,5
51252,6,1
51253,2,9
51254,7,5
51255,0,4
51256,3,2
51257,3,3
51258,8,5
51259,0,0
51260,3,3
51261,0,4
51262,3,2
51263,0,4
51264,2,4
51265,0,0
51266,6,8
51267,2,9
51268,3,3
51269,0,6
51270,4,4
51271,2,9
51272,6,8
51273,6,2
51274,7,3
51275,3,2
51276,0,6
51277,6,1
51278,3,5
51279,2,7
51280,6,9
51281,2,9
51282,2,7
51283,6,5
51284,4,9
51285,6,1
51286,0,0
51287,6,1
51288,2,4
51289,2,9
51290,4,0
51291,6,8
51292,2,7
51293,0,6
51294,2,7
51295,0,6
51296,1,5
51297,2,9
51298,8,5
51299,7,0
51300,6,7
51301,4,0
51302,6,8
51303,4,0
51304,6,7
51305,6,1
51306,6,7
51307,6,8
51308,4,0
51309,0,4
51310,0,6
51311,0,6
51312,2,4
51313,7,8
51314,1,0
51315,6,8
51316,2,9
51317,3,2
51318,2,9
51319,0,6
51320,0,2
51321,3,3
51322,6,7
51323,3,2
51324,3,8
51325,0,4
51326,6,8
51327,1,0
51328,2,4
51329,2,9
51330,3,8
51331,4,0
51332,1,3
51333,1,3
51334,2,9
51335,2,7
51336,4,0
51337,0,4
51338,2,4
51339,7,5
51340,3,2
51341,6,8
51342,7,5
51343,6,3
51344,2,7
51345,7,5
51346,2,7
51347,6,8
51348,4,0
51349,1,5
51350,4,4
51351,0,4
51352,4,0
51353,2,7
51354,0,6
51355,0,6
51356,6,2
51357,3,2
51358,2,7
51359,6,2
51360,0,4
51361,2,7
51362,7,5
51363,2,7
51364,8,5
51365,4,0
51366,7,5
51367,0,5
51368,4,4
51369,6,1
51370,0,6
51371,0,5
51372,6,1
51373,3,3
51374,2,4
51375,4,0
51376,1,3
51377,6,1
51378,0,6
51379,6,2
51380,3,5
51381,3,3
51382,2,4
51383,0,4
51384,2,7
51385,7,5
51386,0,6
51387,0,6
51388,3,3
51389,2,7
51390,6,1
51391,7,8
51392,8,5
51393,2,9
51394,3,8
51395,4,0
51396,2,4
51397,6,1
51398,3,2
51399,3,2
51400,0,6
51401,1,3
51402,0,6
51403,2,4
51404,4,0
51405,7,5
51406,0,6
51407,0,6
51408,3,6
51409,2,7
51410,0,6
51411,7,8
51412,3,8
51413,2,9
51414,7,8
51415,4,0
51416,7,5
51417,6,1
51418,6,2
51419,3,2
51420,2,7
51421,1,3
51422,4,0
51423,0,4
51424,6,8
51425,7,5
51426,6,1
51427,0,6
51428,1,3
51429,2,7
51430,2,9
51431,7,8
51432,8,1
51433,7,5
51434,4,0
51435,6,2
51436,6,1
51437,7,8
51438,0,6
51439,6,1
51440,8,8
51441,2,7
51442,2,9
51443,6,2
51444,5,5
51445,0,4
51446,4,6
51447,6,1
51448,3,2
51449,0,4
51450,6,8
51451,6,1
51452,2,7
51453,2,4
51454,0,4
51455,4,9
51456,0,6
51457,0,6
51458,3,2
51459,7,8
51460,2,7
51461,7,5
51462,3,3
51463,3,3
51464,0,0
51465,2,7
51466,7,0
51467,7,8
51468,6,1
51469,3,3
51470,2,9
51471,3,3
51472,2,9
51473,7,5
51474,7,3
51475,0,6
51476,8,6
51477,2,7
51478,4,0
51479,4,0
51480,0,6
51481,0,6
51482,4,4
51483,6,1
51484,7,8
51485,0,6
51486,3,3
51487,7,8
51488,8,8
51489,2,7
51490,4,0
51491,4,0
51492,8,5
51493,6,1
51494,3,5
51495,7,5
51496,2,7
51497,0,6
51498,7,5
51499,4,0
51500,2,7
51501,7,8
51502,2,7
51503,7,5
51504,6,8
51505,4,0
51506,3,2
51507,0,6
51508,6,6
51509,6,1
51510,8,8
51511,7,5
51512,2,9
51513,7,8
51514,0,6
51515,0,4
51516,2,9
51517,3,2
51518,0,6
51519,3,3
51520,4,0
51521,2,9
51522,2,3
51523,2,7
51524,8,5
51525,0,6
51526,6,7
51527,2,9
51528,0,6
51529,6,1
51530,2,2
51531,4,9
51532,2,7
51533,4,0
51534,1,3
51535,0,6
51536,1,3
51537,2,7
51538,4,6
51539,6,1
51540,6,1
51541,3,2
51542,6,2
51543,3,3
51544,8,1
51545,2,9
51546,4,0
51547,3,2
51548,2,1
51549,2,4
51550,3,2
51551,7,5
51552,2,9
51553,7,5
51554,6,1
51555,3,3
51556,6,1
51557,2,7
51558,6,7
51559,7,5
51560,2,7
51561,1,3
51562,7,5
51563,6,1
51564,6,1
51565,7,8
51566,6,1
51567,3,2
51568,1,7
51569,5,2
51570,3,6
51571,1,3
51572,4,5
51573,4,0
51574,7,9
51575,3,2
51576,1,8
51577,2,9
51578,1,3
51579,2,4
51580,6,2
51581,2,9
51582,2,9
51583,2,7
51584,4,9
51585,4,0
51586,2,7
51587,4,0
51588,7,8
51589,3,2
51590,4,9
51591,2,7
51592,2,9
51593,0,4
51594,6,1
51595,2,9
51596,0,6
51597,4,9
51598,4,0
51599,5,2
51600,2,4
51601,7,8
51602,0,6
51603,6,1
51604,2,4
51605,7,5
51606,6,1
51607,0,6
51608,3,2
51609,2,9
51610,7,5
51611,7,8
51612,7,8
51613,3,3
51614,3,2
51615,3,8
51616,7,3
51617,3,3
51618,4,0
51619,0,6
51620,4,6
51621,2,7
51622,2,4
51623,4,0
51624,0,6
51625,2,4
51626,7,5
51627,4,0
51628,0,6
51629,4,0
51630,6,2
51631,6,1
51632,4,9
51633,3,2
51634,2,7
51635,7,3
51636,2,7
51637,2,4
51638,4,0
51639,7,5
51640,2,3
51641,0,6
51642,1,2
51643,2,7
51644,2,9
51645,6,8
51646,7,5
51647,2,9
51648,5,2
51649,7,0
51650,2,7
51651,6,1
51652,4,4
51653,3,2
51654,2,9
51655,3,3
51656,6,8
51657,2,4
51658,3,2
51659,6,5
51660,3,2
51661,0,6
51662,0,6
51663,2,7
51664,0,6
51665,6,8
51666,6,1
51667,2,9
51668,7,8
51669,4,0
51670,7,8
51671,6,1
51672,6,1
51673,3,2
51674,7,5
51675,7,3
51676,0,6
51677,2,4
51678,4,4
51679,5,5
51680,4,0
51681,0,6
51682,6,2
51683,2,7
51684,0,4
51685,4,0
51686,7,3
51687,0,6
51688,2,9
51689,6,4
51690,0,6
51691,2,7
51692,7,5
51693,2,4
51694,2,4
51695,3,3
51696,0,6
51697,0,6
51698,1,2
51699,3,2
51700,0,6
51701,3,3
51702,6,2
51703,0,4
51704,2,7
51705,6,8
51706,1,3
51707,2,7
51708,4,9
51709,6,8
51710,6,1
51711,0,6
51712,2,4
51713,2,9
51714,6,1
51715,6,8
51716,2,9
51717,3,3
51718,8,5
51719,3,2
51720,6,8
51721,6,2
51722,0,4
51723,2,4
51724,6,1
51725,6,8
51726,6,2
51727,7,5
51728,0,6
51729,0,6
51730,4,9
51731,7,5
51732,7,8
51733,4,0
51734,8,6
51735,3,2
51736,8,5
51737,4,0
51738,3,2
51739,6,1
51740,8,5
51741,6,1
51742,6,1
51743,3,2
51744,7,5
51745,0,6
51746,6,8
51747,6,8
51748,1,2
51749,6,1
51750,6,1
51751,3,2
51752,2,7
51753,4,0
51754,6,8
51755,0,6
51756,1,3
51757,2,9
51758,4,0
51759,6,3
51760,3,2
51761,2,9
51762,7,5
51763,3,3
51764,0,5
51765,2,7
51766,2,7
51767,6,1
51768,1,3
51769,6,8
51770,2,9
51771,3,3
51772,6,1
51773,6,8
51774,4,0
51775,7,5
51776,3,3
51777,4,0
51778,0,6
51779,6,1
51780,2,4
51781,6,1
51782,3,2
51783,2,9
51784,6,1
51785,6,8
51786,1,2
51787,3,2
51788,0,6
51789,0,0
51790,3,3
51791,2,4
51792,7,5
51793,6,5
51794,7,5
51795,6,5
51796,2,9
51797,4,0
51798,1,3
51799,3,3
51800,7,5
51801,6,1
51802,2,7
51803,6,8
51804,0,6
51805,0,6
51806,2,7
51807,2,9
51808,6,2
51809,4,0
51810,6,2
51811,3,3
51812,2,9
51813,6,1
51814,4,4
51815,4,0
51816,3,3
51817,6,4
51818,4,0
51819,2,7
51820,8,4
51821,7,5
51822,7,5
51823,0,4
51824,4,0
51825,2,7
51826,4,0
51827,2,9
51828,4,0
51829,2,7
51830,3,8
51831,4,0
51832,6,7
51833,6,1
51834,4,0
51835,0,2
51836,6,1
51837,3,3
51838,2,4
51839,2,7
51840,6,9
51841,7,8
51842,4,9
51843,2,9
51844,7,5
51845,4,0
51846,7,8
51847,6,1
51848,1,3
51849,3,2
51850,7,8
51851,3,3
51852,7,5
51853,0,4
51854,7,5
51855,7,5
51856,6,7
51857,0,6
51858,6,7
51859,2,7
51860,2,4
51861,3,8
51862,6,7
51863,2,9
51864,7,8
51865,4,0
51866,4,0
51867,6,1
51868,2,4
51869,3,2
51870,3,2
51871,3,3
51872,0,6
51873,2,4
51874,8,5
51875,7,5
51876,6,1
51877,0,6
51878,7,8
51879,2,7
51880,6,8
51881,7,8
51882,6,1
51883,4,0
51884,1,2
51885,2,7
51886,7,5
51887,7,5
51888,6,1
51889,4,0
51890,1,3
51891,7,8
51892,4,0
51893,0,4
51894,2,4
51895,6,1
51896,3,3
51897,7,8
51898,6,2
51899,7,8
51900,6,1
51901,6,1
51902,2,4
51903,3,3
51904,7,8
51905,6,1
51906,7,8
51907,7,8
51908,6,1
51909,3,3
51910,2,9
51911,2,7
51912,0,6
51913,2,9
51914,6,7
51915,3,3
51916,2,7
51917,4,0
51918,3,3
51919,2,9
51920,0,6
51921,2,4
51922,3,2
51923,0,4
51924,0,6
51925,4,0
51926,2,4
51927,2,7
51928,7,5
51929,0,4
51930,2,9
51931,3,2
51932,6,1
51933,6,8
51934,1,3
51935,2,7
51936,1,1
51937,3,2
51938,2,9
51939,0,4
51940,3,3
51941,2,7
51942,2,9
51943,7,8
51944,2,4
51945,2,9
51946,3,3
51947,3,3
51948,4,8
51949,6,1
51950,7,5
51951,0,4
51952,6,1
51953,0,6
51954,2,8
51955,5,5
51956,2,9
51957,0,2
51958,6,7
51959,3,2
51960,4,0
51961,3,2
51962,2,4
51963,1,5
51964,7,8
51965,0,6
51966,2,4
51967,2,7
51968,1,8
51969,7,8
51970,3,3
51971,2,7
51972,7,5
51973,7,5
51974,2,7
51975,6,1
51976,1,2
51977,0,6
51978,4,0
51979,4,4
51980,4,0
51981,2,9
51982,2,9
51983,3,2
51984,2,7
51985,2,9
51986,4,2
51987,3,3
51988,2,7
51989,7,5
51990,3,5
51991,3,3
51992,4,0
51993,0,6
51994,7,5
51995,0,6
51996,2,7
51997,4,0
51998,6,3
51999,4,0
52000,0,6
52001,3,2
52002,6,1
52003,7,5
52004,0,6
52005,0,6
52006,3,2
52007,2,4
52008,2,7
52009,2,9
52010,2,7
52011,3,2
52012,7,8
52013,2,7
52014,6,3
52015,2,4
52016,3,2
52017,2,9
52018,2,9
52019,7,5
52020,6,1
52021,4,0
52022,6,3
52023,0,2
52024,4,4
52025,3,2
52026,7,5
52027,3,3
52028,4,0
52029,0,6
52030,2,9
52031,6,1
52032,6,1
52033,7,8
52034,2,9
52035,3,3
52036,4,0
52037,6,8
52038,7,3
52039,4,0
52040,7,5
52041,1,3
52042,6,1
52043,7,5
52044,3,8
52045,4,0
52046,6,1
52047,4,0
52048,0,0
52049,0,6
52050,7,8
52051,6,1
52052,2,7
52053,0,6
52054,0,6
52055,2,9
52056,6,1
52057,7,5
52058,6,1
52059,3,3
52060,2,9
52061,2,9
52062,0,6
52063,2,4
52064,4,0
52065,7,5
52066,0,6
52067,3,8
52068,3,2
52069,0,6
52070,6,8
52071,2,7
52072,7,8
52073,6,1
52074,8,4
52075,6,1
52076,0,6
52077,2,7
52078,6,1
52079,0,0
52080,1,8
52081,6,1
52082,6,1
52083,5,2
52084,6,1
52085,7,3
52086,5,5
52087,0,4
52088,6,1
52089,6,7
52090,7,8
52091,6,8
52092,4,7
52093,6,9
52094,2,9
52095,0,0
52096,7,3
52097,6,1
52098,3,3
52099,3,2
52100,0,6
52101,3,3
52102,0,6
52103,2,4
52104,3,3
52105,0,0
52106,7,5
52107,6,1
52108,7,5
52109,5,2
52110,6,7
52111,5,3
52112,2,4
52113,6,7
52114,4,0
52115,6,8
52116,7,3
52117,6,9
52118,3,2
52119,6,1
52120,6,1
52121,5,5
52122,8,5
52123,2,9
52124,2,7
52125,0,6
52126,4,0
52127,6,9
52128,2,4
52129,6,3
52130,4,0
52131,6,5
52132,1,2
52133,0,0
52134,3,3
52135,0,0
52136,6,1
52137,6,7
52138,2,9
52139,2,9
52140,2,4
52141,0,6
52142,6,2
52143,6,1
52144,5,2
52145,0,6
52146,2,7
52147,6,7
52148,2,9
52149,2,7
52150,0,6
52151,2,9
52152,6,2
52153,3,2
52154,4,0
52155,0,4
52156,0,6
52157,6,8
52158,2,4
52159,6,8
52160,1,3
52161,4,0
52162,2,7
52163,0,6
52164,3,3
52165,6,4
52166,2,7
52167,6,1
52168,1,3
52169,9,2
52170,7,5
52171,6,8
52172,8,5
52173,6,7
52174,6,1
52175,6,1
52176,2,7
52177,6,1
52178,2,7
52179,0,0
52180,2,9
52181,2,7
52182,4,0
52183,0,6
52184,2,9
52185,4,0
52186,6,2
52187,6,1
52188,0,2
52189,6,2
52190,7,5
52191,1,3
52192,7,5
52193,2,4
52194,0,6
52195,6,5
52196,2,7
52197,0,6
52198,0,6
52199,6,7
52200,2,4
52201,6,8
52202,4,0
52203,6,9
52204,5,0
52205,6,1
52206,0,6
52207,6,2
52208,1,2
52209,3,3
52210,8,5
52211,2,4
52212,0,6
52213,0,5
52214,2,9
52215,0,6
52216,2,7
52217,2,7
52218,0,8
52219,6,8
52220,6,1
52221,0,0
52222,2,4
52223,6,1
52224,3,2
52225,0,2
52226,0,0
52227,3,3
52228,4,0
52229,2,4
52230,2,9
52231,7,5
52232,6,9
52233,0,6
52234,6,1
52235,2,7
52236,4,9
52237,6,8
52238,4,0
52239,2,9
52240,3,3
52241,8,8
52242,5,2
52243,6,4
52244,6,1
52245,6,0
52246,2,4
52247,1,0
52248,6,1
52249,2,7
52250,7,8
52251,3,2
52252,5,3
52253,0,6
52254,6,1
52255,6,5
52256,2,7
52257,6,5
52258,2,9
52259,6,3
52260,2,4
52261,2,7
52262,6,1
52263,0,6
52264,7,5
52265,0,6
52266,7,5
52267,2,4
52268,6,1
52269,3,3
52270,2,9
52271,6,2
52272,7,3
52273,0,6
52274,2,4
52275,0,6
52276,4,0
52277,0,4
52278,6,1
52279,6,4
52280,7,8
52281,3,3
52282,0,6
52283,7,8
52284,7,5
52285,6,8
52286,2,9
52287,1,3
52288,4,0
52289,4,0
52290,6,8
52291,6,1
52292,6,8
52293,2,4
52294,5,0
52295,7,5
52296,7,8
52297,0,6
52298,7,3
52299,2,4
52300,3,3
52301,2,7
52302,2,7
52303,6,8
52304,6,9
52305,4,0
52306,4,8
52307,3,3
52308,2,4
52309,6,1
52310,8,5
52311,2,9
52312,7,0
52313,4,0
52314,7,5
52315,2,9
52316,6,2
52317,6,1
52318,4,0
52319,3,2
52320,4,0
52321,2,7
52322,2,7
52323,4,0
52324,2,9
52325,6,1
52326,7,5
52327,3,3
52328,2,9
52329,6,8
52330,2,7
52331,6,2
52332,8,5
52333,2,9
52334,6,1
52335,6,2
52336,4,0
52337,2,7
52338,0,6
52339,2,7
52340,2,9
52341,2,9
52342,6,1
52343,6,4
52344,2,4
52345,3,2
52346,2,4
52347,3,5
52348,4,4
52349,7,8
52350,1,3
52351,0,6
52352,3,8
52353,7,5
52354,4,0
52355,2,9
52356,2,9
52357,2,9
52358,0,2
52359,6,1
52360,6,1
52361,6,1
52362,6,1
52363,2,7
52364,8,5
52365,0,6
52366,3,2
52367,2,9
52368,6,1
52369,6,1
52370,3,2
52371,3,3
52372,2,9
52373,6,2
52374,0,6
52375,3,3
52376,6,1
52377,2,4
52378,7,3
52379,3,3
52380,0,6
52381,6,1
52382,6,1
52383,2,9
52384,2,4
52385,3,3
52386,1,3
52387,0,6
52388,7,5
52389,4,8
52390,3,8
52391,2,7
52392,6,1
52393,4,0
52394,8,3
52395,6,1
52396,4,0
52397,4,0
52398,7,8
52399,6,5
52400,1,2
52401,6,8
52402,2,4
52403,3,2
52404,3,3
52405,2,7
52406,2,9
52407,2,7
52408,3,2
52409,4,0
52410,3,2
52411,6,1
52412,0,6
52413,3,2
52414,2,4
52415,1,3
52416,6,1
52417,2,4
52418,6,1
52419,7,5
52420,0,6
52421,0,6
52422,6,2
52423,2,7
52424,2,4
52425,7,8
52426,0,6
52427,2,9
52428,4,0
52429,4,0
52430,6,8
52431,6,1
52432,3,3
52433,0,2
52434,0,6
52435,1,3
52436,2,7
52437,2,4
52438,4,0
52439,7,5
52440,3,2
52441,0,6
52442,2,4
52443,2,7
52444,6,1
52445,7,8
52446,3,3
52447,2,9
52448,4,4
52449,4,0
52450,6,1
52451,6,1
52452,8,5
52453,3,2
52454,6,1
52455,1,3
52456,6,2
52457,2,4
52458,7,5
52459,7,5
52460,6,7
52461,0,6
52462,2,9
52463,2,7
52464,1,3
52465,3,8
52466,6,7
52467,2,9
52468,7,8
52469,7,8
52470,4,0
52471,2,7
52472,0,6
52473,2,4
52474,8,5
52475,2,7
52476,3,3
52477,2,7
52478,4,9
52479,3,3
52480,2,7
52481,2,9
52482,0,6
52483,4,8
52484,6,7
52485,6,8
52486,2,7
52487,3,3
52488,3,2
52489,6,1
52490,2,7
52491,7,5
52492,6,1
52493,6,8
52494,0,6
52495,3,2
52496,3,8
52497,2,7
52498,6,1
52499,0,4
52500,2,9
52501,3,2
52502,0,6
52503,0,6
52504,8,6
52505,6,1
52506,2,9
52507,7,5
52508,4,0
52509,8,5
52510,2,9
52511,6,8
52512,3,2
52513,0,6
52514,0,6
52515,0,4
52516,0,6
52517,2,4
52518,0,6
52519,2,4
52520,4,0
52521,6,1
52522,8,4
52523,6,8
52524,6,7
52525,2,7
52526,4,0
52527,7,5
52528,2,7
52529,7,5
52530,6,1
52531,6,1
52532,4,4
52533,7,8
52534,0,6
52535,2,9
52536,7,8
52537,6,1
52538,4,9
52539,7,3
52540,7,5
52541,0,6
52542,0,6
52543,3,3
52544,0,6
52545,3,3
52546,4,9
52547,3,2
52548,1,2
52549,3,2
52550,6,2
52551,0,6
52552,6,1
52553,2,9
52554,4,0
52555,2,9
52556,2,9
52557,0,6
52558,4,0
52559,7,5
52560,0,6
52561,7,5
52562,6,1
52563,3,3
52564,8,4
52565,7,3
52566,0,4
52567,6,8
52568,2,7
52569,6,1
52570,6,9
52571,0,6
52572,2,4
52573,6,8
52574,6,2
52575,6,1
52576,2,9
52577,2,9
52578,0,6
52579,2,7
52580,2,4
52581,0,6
52582,6,2
52583,6,8
52584,0,6
52585,3,3
52586,6,1
52587,2,7
52588,2,7
52589,2,4
52590,1,3
52591,2,7
52592,7,8
52593,4,0
52594,6,7
52595,2,9
52596,4,0
52597,4,0
52598,0,6
52599,4,0
52600,2,4
52601,3,3
52602,3,2
52603,2,7
52604,2,4
52605,2,9
52606,2,7
52607,3,3
52608,7,5
52609,4,0
52610,8,5
52611,3,2
52612,6,8
52613,4,0
52614,6,1
52615,6,1
52616,6,1
52617,4,0
52618,2,9
52619,6,1
52620,0,6
52621,4,0
52622,6,1
52623,2,4
52624,8,1
52625,4,0
52626,0,6
52627,6,1
52628,4,0
52629,4,0
52630,3,2
52631,0,4
52632,6,8
52633,6,7
52634,1,2
52635,2,9
52636,1,3
52637,3,2
52638,7,9
52639,4,0
52640,0,6
52641,0,6
52642,4,4
52643,3,2
52644,6,7
52645,0,6
52646,4,9
52647,3,2
52648,6,1
52649,3,2
52650,8,5
52651,2,9
52652,2,4
52653,2,9
52654,6,1
52655,4,0
52656,6,2
52657,6,1
52658,4,4
52659,3,2
52660,3,2
52661,3,3
52662,8,8
52663,2,4
52664,6,3
52665,7,5
52666,2,7
52667,0,6
52668,6,1
52669,6,7
52670,2,7
52671,6,8
52672,2,9
52673,4,0
52674,7,6
52675,6,1
52676,1,3
52677,3,2
52678,0,6
52679,3,3
52680,2,7
52681,2,4
52682,0,4
52683,6,5
52684,6,2
52685,0,6
52686,7,5
52687,6,7
52688,8,6
52689,6,8
52690,1,3
52691,4,0
52692,6,3
52693,6,1
52694,5,2
52695,3,2
52696,4,0
52697,3,3
52698,0,0
52699,6,8
52700,1,3
52701,2,7
52702,1,3
52703,2,4
52704,2,4
52705,2,7
52706,6,5
52707,2,7
52708,4,4
52709,2,9
52710,6,1
52711,6,8
52712,2,9
52713,3,3
52714,2,9
52715,6,1
52716,4,0
52717,0,5
52718,2,9
52719,6,8
52720,4,0
52721,6,4
52722,1,8
52723,6,2
52724,0,6
52725,0,6
52726,6,2
52727,0,4
52728,4,0
52729,0,4
52730,2,7
52731,6,1
52732,2,7
52733,6,8
52734,2,4
52735,6,7
52736,2,7
52737,7,5
52738,6,1
52739,7,5
52740,7,3
52741,6,1
52742,0,6
52743,2,9
52744,2,7
52745,6,1
52746,7,8
52747,3,3
52748,4,4
52749,0,6
52750,2,7
52751,3,3
52752,2,7
52753,3,3
52754,0,6
52755,3,2
52756,0,4
52757,3,2
52758,6,1
52759,0,6
52760,2,7
52761,6,9
52762,6,2
52763,2,9
52764,7,8
52765,0,6
52766,4,0
52767,6,5
52768,8,6
52769,6,5
52770,2,9
52771,3,3
52772,2,9
52773,3,3
52774,3,2
52775,6,8
52776,7,5
52777,6,1
52778,8,5
52779,2,7
52780,6,1
52781,0,6
52782,6,2
52783,6,8
52784,3,2
52785,3,3
52786,2,7
52787,6,7
52788,0,6
52789,2,4
52790,7,3
52791,6,7
52792,8,5
52793,4,0
52794,3,3
52795,2,9
52796,3,2
52797,4,0
52798,7,5
52799,4,0
52800,1,9
52801,0,2
52802,6,2
52803,2,7
52804,4,0
52805,4,9
52806,0,6
52807,6,1
52808,0,8
52809,4,0
52810,3,3
52811,6,1
52812,1,2
52813,4,0
52814,4,9
52815,2,4
52816,3,3
52817,4,0
52818,3,3
52819,6,1
52820,0,6
52821,4,0
52822,6,1
52823,6,4
52824,2,7
52825,6,7
52826,7,5
52827,8,9
52828,6,3
52829,3,2
52830,7,8
52831,4,0
52832,4,0
52833,0,6
52834,6,2
52835,3,2
52836,4,0
52837,0,6
52838,8,4
52839,3,2
52840,3,2
52841,6,2
52842,6,7
52843,6,9
52844,8,6
52845,4,9
52846,2,9
52847,3,0
52848,7,8
52849,6,1
52850,6,1
52851,0,2
52852,0,4
52853,7,3
52854,6,1
52855,2,4
52856,0,6
52857,8,5
52858,0,6
52859,0,6
52860,6,8
52861,2,7
52862,3,8
52863,7,8
52864,3,3
52865,4,0
52866,2,7
52867,6,1
52868,6,1
52869,0,2
52870,7,5
52871,3,3
52872,6,1
52873,8,4
52874,3,2
52875,0,5
52876,2,4
52877,0,6
52878,6,1
52879,2,7
52880,0,6
52881,7,8
52882,6,1
52883,2,9
52884,6,8
52885,4,0
52886,2,7
52887,6,1
52888,6,1
52889,0,2
52890,7,8
52891,3,3
52892,7,8
52893,2,4
52894,6,2
52895,7,5
52896,7,5
52897,0,6
52898,3,2
52899,6,7
52900,6,8
52901,7,8
52902,7,5
52903,2,9
52904,1,3
52905,7,8
52906,6,1
52907,1,3
52908,0,6
52909,2,4
52910,4,9
52911,2,7
52912,0,6
52913,7,8
52914,4,5
52915,0,6
52916,6,1
52917,1,3
52918,3,6
52919,2,4
52920,4,4
52921,4,0
52922,3,3
52923,2,9
52924,3,3
52925,2,7
52926,2,7
52927,6,1
52928,4,0
52929,2,9
52930,4,0
52931,7,3
52932,3,8
52933,7,8
52934,4,0
52935,2,4
52936,3,3
52937,6,7
52938,1,2
52939,7,3
52940,6,3
52941,4,0
52942,3,2
52943,2,9
52944,7,8
52945,2,4
52946,0,6
52947,8,5
52948,2,9
52949,2,4
52950,3,8
52951,0,6
52952,6,7
52953,6,2
52954,7,8
52955,4,0
52956,3,2
52957,0,6
52958,2,4
52959,4,2
52960,2,7
52961,6,1
52962,7,5
52963,6,1
52964,2,7
52965,6,1
52966,3,3
52967,6,1
52968,6,8
52969,2,7
52970,8,5
52971,4,2
52972,1,3
52973,2,4
52974,7,3
52975,6,2
52976,0,6
52977,2,9
52978,4,0
52979,2,4
52980,7,8
52981,0,5
52982,3,2
52983,7,8
52984,6,1
52985,0,4
52986,0,6
52987,6,2
52988,2,4
52989,2,9
52990,6,1
52991,2,7
52992,2,7
52993,4,0
52994,7,3
52995,4,0
52996,2,4
52997,2,7
52998,2,7
52999,7,5
53000,7,5
53001,6,1
53002,7,8
53003,2,7
53004,6,1
53005,0,6
53006,9,8
53007,0,6
53008,1,2
53009,0,6
53010,2,9
53011,7,8
53012,6,1
53013,6,2
53014,4,0
53015,8,5
53016,6,1
53017,6,2
53018,6,1
53019,2,2
53020,2,9
53021,2,7
53022,4,9
53023,2,7
53024,7,5
53025,2,4
53026,3,2
53027,4,0
53028,1,8
53029,2,2
53030,4,0
53031,4,4
53032,0,4
53033,6,2
53034,3,2
53035,3,3
53036,2,8
53037,7,3
53038,4,0
53039,3,3
53040,6,1
53041,6,1
53042,7,3
53043,3,8
53044,4,9
53045,2,9
53046,7,5
53047,0,6
53048,7,3
53049,6,1
53050,7,5
53051,4,0
53052,2,4
53053,7,5
53054,8,5
53055,2,9
53056,3,2
53057,0,6
53058,6,1
53059,2,9
53060,2,7
53061,7,8
53062,0,4
53063,7,5
53064,3,8
53065,7,8
53066,2,7
53067,7,5
53068,0,6
53069,8,5
53070,2,9
53071,3,8
53072,3,2
53073,4,0
53074,2,7
53075,3,3
53076,4,2
53077,4,0
53078,2,4
53079,3,8
53080,6,1
53081,0,6
53082,1,8
53083,7,3
53084,3,3
53085,4,0
53086,7,5
53087,6,1
53088,3,2
53089,3,2
53090,6,8
53091,1,3
53092,6,8
53093,2,4
53094,2,7
53095,0,6
53096,8,5
53097,2,7
53098,1,1
53099,6,8
53100,7,5
53101,4,0
53102,2,7
53103,6,1
53104,7,3
53105,3,2
53106,0,6
53107,3,3
53108,8,3
53109,0,4
53110,6,8
53111,0,6
53112,6,8
53113,2,7
53114,7,5
53115,6,8
53116,4,0
53117,4,0
53118,4,0
53119,6,1
53120,8,5
53121,3,2
53122,8,5
53123,3,3
53124,4,0
53125,0,4
53126,2,9
53127,0,6
53128,6,8
53129,2,7
53130,0,4
53131,7,8
53132,1,2
53133,6,8
53134,2,4
53135,6,1
53136,7,3
53137,2,7
53138,3,2
53139,3,2
53140,6,1
53141,2,4
53142,2,9
53143,6,1
53144,2,4
53145,2,4
53146,2,9
53147,6,1
53148,6,6
53149,0,4
53150,3,8
53151,2,9
53152,8,5
53153,0,6
53154,2,9
53155,7,8
53156,5,3
53157,0,4
53158,6,3
53159,2,7
53160,6,1
53161,7,8
53162,6,1
53163,0,4
53164,1,7
53165,3,3
53166,2,9
53167,3,3
53168,2,1
53169,0,6
53170,8,8
53171,2,7
53172,7,5
53173,0,0
53174,4,0
53175,0,6
53176,6,1
53177,6,1
53178,6,1
53179,0,6
53180,6,1
53181,4,8
53182,3,3
53183,2,7
53184,7,8
53185,4,0
53186,7,8
53187,6,1
53188,2,7
53189,4,0
53190,2,9
53191,6,8
53192,4,4
53193,6,5
53194,6,1
53195,4,0
53196,6,9
53197,0,6
53198,8,6
53199,6,1
53200,7,5
53201,6,5
53202,2,9
53203,6,8
53204,2,9
53205,0,4
53206,6,1
53207,6,2
53208,6,8
53209,3,3
53210,2,7
53211,2,9
53212,4,0
53213,2,7
53214,2,7
53215,0,6
53216,4,9
53217,2,9
53218,3,2
53219,4,0
53220,0,6
53221,0,6
53222,2,4
53223,3,3
53224,3,2
53225,3,3
53226,2,4
53227,2,7
53228,8,6
53229,6,5
53230,0,6
53231,1,3
53232,2,7
53233,6,1
53234,2,7
53235,7,8
53236,1,8
53237,3,2
53238,2,9
53239,3,2
53240,6,8
53241,1,3
53242,4,7
53243,4,0
53244,7,5
53245,3,2
53246,3,3
53247,2,9
53248,6,8
53249,6,4
53250,2,9
53251,2,9
53252,3,3
53253,2,7
53254,2,4
53255,0,0
53256,4,0
53257,4,0
53258,2,7
53259,3,2
53260,0,4
53261,2,7
53262,7,3
53263,2,4
53264,0,2
53265,2,9
53266,1,2
53267,2,9
53268,7,5
53269,3,2
53270,4,0
53271,6,8
53272,7,5
53273,6,1
53274,2,7
53275,6,5
53276,2,9
53277,0,6
53278,2,4
53279,2,9
53280,9,9
53281,7,8
53282,7,3
53283,3,3
53284,3,2
53285,6,8
53286,3,8
53287,3,3
53288,2,4
53289,0,6
53290,4,0
53291,2,7
53292,7,5
53293,4,0
53294,6,8
53295,0,4
53296,3,5
53297,3,0
53298,4,0
53299,4,0
53300,0,4
53301,6,1
53302,2,7
53303,6,2
53304,6,1
53305,1,3
53306,1,5
53307,2,4
53308,6,1
53309,8,5
53310,6,1
53311,0,6
53312,7,8
53313,2,7
53314,6,1
53315,6,8
53316,5,5
53317,2,9
53318,0,6
53319,4,0
53320,8,6
53321,6,1
53322,6,2
53323,3,2
53324,2,9
53325,1,3
53326,6,1
53327,2,4
53328,4,0
53329,7,5
53330,6,1
53331,0,6
53332,1,3
53333,2,7
53334,2,7
53335,6,8
53336,0,6
53337,2,9
53338,6,7
53339,4,0
53340,6,2
53341,6,1
53342,2,9
53343,6,2
53344,5,0
53345,7,3
53346,2,4
53347,2,4
53348,6,1
53349,2,9
53350,4,0
53351,6,1
53352,7,5
53353,4,0
53354,4,0
53355,4,0
53356,7,5
53357,1,3
53358,3,3
53359,0,6
53360,4,0
53361,6,1
53362,0,4
53363,4,4
53364,2,4
53365,1,3
53366,6,2
53367,3,2
53368,2,7
53369,2,9
53370,4,9
53371,6,1
53372,2,7
53373,3,2
53374,3,3
53375,6,1
53376,1,3
53377,3,2
53378,4,4
53379,4,9
53380,4,0
53381,0,0
53382,3,3
53383,6,1
53384,2,4
53385,3,3
53386,4,9
53387,4,0
53388,3,2
53389,0,6
53390,3,2
53391,6,2
53392,2,7
53393,2,9
53394,6,1
53395,6,1
53396,2,9
53397,2,9
53398,0,6
53399,0,0
53400,7,8
53401,4,0
53402,1,3
53403,4,0
53404,4,0
53405,6,1
53406,0,6
53407,0,0
53408,7,5
53409,6,1
53410,7,5
53411,2,4
53412,3,3
53413,8,5
53414,7,5
53415,2,7
53416,0,6
53417,6,8
53418,2,7
53419,1,3
53420,3,8
53421,2,4
53422,0,6
53423,2,7
53424,4,0
53425,6,1
53426,2,4
53427,6,1
53428,7,5
53429,4,0
53430,6,2
53431,2,7
53432,4,0
53433,7,5
53434,1,2
53435,2,9
53436,6,1
53437,2,9
53438,2,9
53439,2,4
53440,6,8
53441,2,7
53442,2,9
53443,7,5
53444,4,0
53445,6,8
53446,2,4
53447,1,3
53448,6,1
53449,2,4
53450,2,4
53451,4,4
53452,2,4
53453,3,3
53454,0,0
53455,5,2
53456,2,9
53457,7,3
53458,2,4
53459,2,4
53460,4,0
53461,8,5
53462,6,8
53463,0,6
53464,8,8
53465,2,7
53466,7,5
53467,6,1
53468,6,1
53469,4,0
53470,6,5
53471,6,1
53472,0,6
53473,3,2
53474,1,3
53475,1,3
53476,2,4
53477,2,4
53478,6,7
53479,7,5
53480,7,3
53481,0,6
53482,6,3
53483,2,7
53484,6,1
53485,3,8
53486,1,8
53487,4,0
53488,3,3
53489,6,1
53490,2,7
53491,0,2
53492,2,4
53493,1,3
53494,3,2
53495,2,4
53496,6,9
53497,8,5
53498,6,1
53499,0,6
53500,3,2
53501,6,7
53502,4,0
53503,4,0
53504,1,2
53505,2,9
53506,6,8
53507,7,5
53508,7,8
53509,4,0
53510,2,7
53511,2,9
53512,3,2
53513,6,8
53514,6,3
53515,2,9
53516,0,6
53517,8,8
53518,6,1
53519,2,4
53520,7,8
53521,6,1
53522,3,2
53523,2,7
53524,4,0
53525,2,7
53526,0,6
53527,1,3
53528,2,4
53529,7,5
53530,4,9
53531,6,1
53532,2,9
53533,4,0
53534,0,6
53535,4,0
53536,4,0
53537,4,0
53538,7,5
53539,6,1
53540,8,6
53541,6,2
53542,1,3
53543,0,6
53544,2,9
53545,1,3
53546,2,4
53547,1,3
53548,6,7
53549,2,7
53550,2,9
53551,2,4
53552,1,5
53553,0,6
53554,1,3
53555,0,6
53556,7,8
53557,0,6
53558,7,3
53559,0,4
53560,7,3
53561,2,9
53562,4,0
53563,6,1
53564,6,4
53565,2,9
53566,1,3
53567,8,5
53568,7,5
53569,6,8
53570,7,3
53571,1,2
53572,5,5
53573,4,0
53574,7,8
53575,4,0
53576,2,4
53577,6,1
53578,7,6
53579,2,7
53580,7,8
53581,0,6
53582,2,4
53583,1,3
53584,6,3
53585,5,2
53586,3,3
53587,6,1
53588,0,6
53589,2,7
53590,8,5
53591,1,3
53592,2,9
53593,6,1
53594,6,1
53595,1,3
53596,2,4
53597,2,9
53598,7,5
53599,6,1
53600,6,7
53601,2,7
53602,2,4
53603,0,6
53604,6,1
53605,6,8
53606,0,6
53607,0,4
53608,6,2
53609,1,3
53610,6,1
53611,6,1
53612,2,7
53613,2,4
53614,2,7
53615,4,0
53616,2,9
53617,7,5
53618,4,4
53619,3,3
53620,8,5
53621,0,6
53622,2,4
53623,2,9
53624,2,7
53625,0,6
53626,7,5
53627,6,1
53628,3,2
53629,2,7
53630,5,3
53631,2,4
53632,4,0
53633,4,4
53634,7,5
53635,2,7
53636,6,8
53637,3,2
53638,7,5
53639,3,2
53640,6,8
53641,7,5
53642,7,5
53643,2,7
53644,3,2
53645,2,9
53646,0,6
53647,8,5
53648,4,8
53649,2,4
53650,3,2
53651,6,8
53652,0,6
53653,7,8
53654,2,4
53655,2,4
53656,0,2
53657,4,0
53658,6,2
53659,6,8
53660,6,8
53661,2,9
53662,6,1
53663,6,8
53664,6,1
53665,3,0
53666,2,7
53667,6,1
53668,6,2
53669,3,2
53670,4,0
53671,7,3
53672,6,8
53673,2,4
53674,4,4
53675,7,5
53676,2,9
53677,0,6
53678,4,0
53679,2,7
53680,2,9
53681,7,8
53682,2,9
53683,2,9
53684,4,0
53685,4,0
53686,6,8
53687,6,1
53688,7,3
53689,3,2
53690,8,5
53691,7,3
53692,6,2
53693,2,4
53694,6,7
53695,7,5
53696,5,5
53697,0,6
53698,2,9
53699,2,7
53700,4,9
53701,6,8
53702,2,7
53703,2,9
53704,3,3
53705,3,0
53706,0,6
53707,6,1
53708,3,2
53709,3,2
53710,2,4
53711,7,3
53712,3,3
53713,2,4
53714,6,1
53715,0,5
53716,1,3
53717,0,6
53718,8,5
53719,2,7
53720,3,2
53721,6,8
53722,3,3
53723,2,9
53724,3,3
53725,2,7
53726,6,1
53727,3,2
53728,1,8
53729,2,9
53730,7,8
53731,2,4
53732,7,5
53733,3,2
53734,4,0
53735,2,9
53736,6,9
53737,6,8
53738,8,4
53739,2,4
53740,8,3
53741,7,5
53742,3,2
53743,7,8
53744,1,2
53745,7,8
53746,6,1
53747,4,0
53748,6,2
53749,3,3
53750,6,1
53751,7,5
53752,2,9
53753,0,4
53754,7,6
53755,3,3
53756,6,8
53757,7,3
53758,5,3
53759,7,5
53760,8,4
53761,6,1
53762,3,2
53763,2,7
53764,2,9
53765,6,8
53766,2,7
53767,2,4
53768,2,4
53769,7,5
53770,2,7
53771,2,7
53772,6,2
53773,3,2
53774,6,8
53775,0,6
53776,4,4
53777,0,6
53778,2,9
53779,2,7
53780,6,1
53781,2,7
53782,7,8
53783,2,7
53784,2,9
53785,4,0
53786,3,8
53787,6,1
53788,4,0
53789,4,0
53790,6,2
53791,6,1
53792,8,1
53793,0,6
53794,7,5
53795,7,5
53796,7,5
53797,7,5
53798,0,6
53799,3,2
53800,4,0
53801,2,9
53802,8,5
53803,7,3
53804,6,1
53805,6,1
53806,2,8
53807,2,4
53808,2,4
53809,6,8
53810,2,9
53811,6,8
53812,8,5
53813,6,7
53814,4,0
53815,7,3
53816,6,1
53817,6,8
53818,0,6
53819,3,2
53820,6,4
53821,4,9
53822,6,5
53823,6,1
53824,6,1
53825,3,2
53826,4,5
53827,0,6
53828,0,6
53829,7,5
53830,0,6
53831,2,9
53832,6,7
53833,6,1
53834,2,4
53835,3,2
53836,2,7
53837,3,2
53838,5,3
53839,2,7
53840,0,6
53841,2,9
53842,6,1
53843,2,7
53844,4,5
53845,2,9
53846,3,3
53847,2,9
53848,1,8
53849,6,1
53850,0,4
53851,4,0
53852,2,7
53853,2,9
53854,8,8
53855,2,7
53856,2,4
53857,4,0
53858,2,7
53859,7,5
53860,7,8
53861,4,0
53862,3,2
53863,3,3
53864,6,8
53865,7,8
53866,2,7
53867,2,4
53868,2,9
53869,0,6
53870,6,1
53871,6,1
53872,8,8
53873,2,4
53874,1,3
53875,7,3
53876,3,2
53877,0,6
53878,1,2
53879,3,2
53880,4,0
53881,4,0
53882,2,9
53883,2,4
53884,3,2
53885,6,8
53886,2,7
53887,6,1
53888,2,4
53889,3,3
53890,3,2
53891,6,1
53892,0,6
53893,4,0
53894,4,0
53895,2,9
53896,6,1
53897,4,0
53898,2,4
53899,6,1
53900,0,6
53901,3,2
53902,2,4
53903,7,3
53904,6,1
53905,0,4
53906,1,8
53907,0,5
53908,6,1
53909,0,6
53910,1,2
53911,2,7
53912,0,4
53913,7,8
53914,2,4
53915,2,9
53916,4,0
53917,0,0
53918,0,6
53919,6,1
53920,6,5
53921,3,2
53922,7,5
53923,1,3
53924,4,0
53925,2,4
53926,5,2
53927,7,5
53928,4,0
53929,0,6
53930,6,1
53931,2,7
53932,4,0
53933,6,8
53934,4,0
53935,2,9
53936,4,0
53937,0,0
53938,3,3
53939,6,1
53940,4,0
53941,6,2
53942,7,5
53943,3,3
53944,2,7
53945,2,4
53946,7,5
53947,7,5
53948,2,9
53949,0,6
53950,2,9
53951,6,9
53952,6,8
53953,3,8
53954,7,3
53955,2,4
53956,2,7
53957,4,0
53958,5,3
53959,4,0
53960,3,3
53961,2,7
53962,2,7
53963,3,2
53964,2,9
53965,6,4
53966,6,1
53967,3,2
53968,8,5
53969,0,6
53970,7,8
53971,7,5
53972,6,2
53973,7,5
53974,2,4
53975,3,3
53976,4,9
53977,2,7
53978,8,5
53979,3,8
53980,6,1
53981,0,6
53982,4,0
53983,0,6
53984,5,2
53985,2,4
53986,2,7
53987,3,3
53988,2,4
53989,3,2
53990,8,4
53991,0,6
53992,7,5
53993,0,6
53994,4,0
53995,3,3
53996,7,8
53997,3,8
53998,7,9
53999,3,8
54000,7,5
54001,3,3
54002,3,5
54003,3,0
54004,4,0
54005,6,1
54006,6,8
54007,6,4
54008,1,3
54009,2,4
54010,4,0
54011,2,7
54012,4,0
54013,3,3
54014,3,3
54015,7,5
54016,7,3
54017,2,4
54018,0,6
54019,6,1
54020,1,3
54021,2,9
54022,2,7
54023,6,1
54024,7,5
54025,3,2
54026,9,9
54027,6,1
54028,6,3
54029,3,3
54030,4,8
54031,2,9
54032,1,6
54033,3,2
54034,7,8
54035,2,7
54036,8,9
54037,2,7
54038,4,9
54039,2,9
54040,7,8
54041,2,4
54042,2,4
54043,3,2
54044,7,5
54045,7,5
54046,2,4
54047,6,8
54048,2,9
54049,0,6
54050,2,9
54051,0,5
54052,3,2
54053,5,5
54054,2,8
54055,2,9
54056,7,8
54057,2,9
54058,1,2
54059,6,1
54060,1,3
54061,6,1
54062,1,3
54063,7,5
54064,2,9
54065,2,7
54066,2,7
54067,0,6
54068,0,6
54069,2,9
54070,8,1
54071,6,1
54072,2,7
54073,3,3
54074,1,3
54075,3,2
54076,8,9
54077,3,3
54078,3,2
54079,6,1
54080,4,0
54081,2,9
54082,1,8
54083,0,0
54084,1,3
54085,2,9
54086,8,6
54087,6,1
54088,3,3
54089,0,0
54090,6,2
54091,6,5
54092,7,5
54093,6,8
54094,6,1
54095,3,2
54096,6,7
54097,2,7
54098,2,9
54099,6,7
54100,2,7
54101,4,0
54102,4,0
54103,6,1
54104,0,0
54105,3,2
54106,1,7
54107,3,3
54108,4,0
54109,2,4
54110,3,2
54111,7,5
54112,2,4
54113,0,6
54114,2,7
54115,2,7
54116,2,4
54117,4,8
54118,1,7
54119,2,9
54120,7,8
54121,3,0
54122,8,5
54123,6,1
54124,0,6
54125,3,2
54126,3,3
54127,3,3
54128,6,2
54129,2,4
54130,2,4
54131,7,5
54132,7,8
54133,0,6
54134,5,2
54135,2,7
54136,7,8
54137,6,8
54138,2,9
54139,2,9
54140,3,3
54141,4,0
54142,7,5
54143,6,1
54144,2,9
54145,3,2
54146,2,9
54147,1,3
54148,2,7
54149,4,4
54150,0,6
54151,7,5
54152,2,7
54153,0,6
54154,2,9
54155,2,7
54156,2,4
54157,4,8
54158,0,4
54159,8,5
54160,6,2
54161,3,2
54162,4,8
54163,6,8
54164,6,1
54165,6,1
54166,2,9
54167,2,7
54168,3,2
54169,3,2
54170,2,9
54171,2,4
54172,8,6
54173,6,1
54174,1,3
54175,2,4
54176,2,7
54177,6,1
54178,2,8
54179,2,4
54180,1,8
54181,2,9
54182,6,1
54183,0,6
54184,7,5
54185,7,8
54186,6,7
54187,8,4
54188,0,6
54189,7,5
54190,1,8
54191,3,3
54192,6,8
54193,2,7
54194,2,7
54195,3,8
54196,8,6
54197,2,4
54198,7,8
54199,3,3
54200,0,6
54201,3,3
54202,7,5
54203,7,5
54204,0,6
54205,0,6
54206,0,6
54207,6,7
54208,3,3
54209,4,0
54210,6,1
54211,0,6
54212,2,7
54213,6,1
54214,4,0
54215,0,6
54216,7,8
54217,6,8
54218,2,7
54219,2,7
54220,3,2
54221,3,0
54222,2,9
54223,6,1
54224,0,6
54225,7,5
54226,7,8
54227,0,6
54228,1,3
54229,4,0
54230,7,5
54231,6,8
54232,4,0
54233,7,5
54234,2,4
54235,4,0
54236,6,1
54237,0,6
54238,0,2
54239,6,1
54240,1,2
54241,7,5
54242,3,3
54243,7,8
54244,2,9
54245,2,4
54246,7,5
54247,3,2
54248,7,3
54249,3,3
54250,6,3
54251,2,9
54252,0,6
54253,2,7
54254,6,1
54255,0,6
54256,2,7
54257,2,9
54258,1,3
54259,6,1
54260,8,5
54261,2,9
54262,5,2
54263,4,0
54264,2,4
54265,0,6
54266,2,9
54267,2,7
54268,8,8
54269,6,1
54270,3,3
54271,3,2
54272,4,0
54273,3,3
54274,2,7
54275,8,9
54276,6,4
54277,3,2
54278,2,7
54279,2,4
54280,6,8
54281,8,5
54282,7,5
54283,8,5
54284,4,0
54285,3,3
54286,1,2
54287,2,7
54288,0,6
54289,7,5
54290,4,0
54291,3,3
54292,3,2
54293,6,1
54294,2,4
54295,7,8
54296,3,3
54297,3,2
54298,0,6
54299,3,2
54300,2,9
54301,3,3
54302,7,5
54303,4,0
54304,3,3
54305,3,2
54306,3,2
54307,2,9
54308,6,8
54309,2,4
54310,6,1
54311,2,9
54312,2,9
54313,4,0
54314,6,2
54315,3,2
54316,4,6
54317,2,7
54318,6,2
54319,2,4
54320,4,0
54321,2,9
54322,6,3
54323,2,9
54324,2,4
54325,3,2
54326,3,2
54327,6,8
54328,4,0
54329,6,1
54330,3,2
54331,8,5
54332,0,6
54333,0,6
54334,2,9
54335,2,9
54336,7,8
54337,6,8
54338,1,2
54339,3,3
54340,6,1
54341,7,8
54342,6,1
54343,3,3
54344,6,8
54345,0,6
54346,1,8
54347,0,4
54348,0,6
54349,0,0
54350,3,2
54351,4,0
54352,6,8
54353,6,1
54354,4,0
54355,1,2
54356,4,0
54357,1,3
54358,2,4
54359,2,4
54360,0,6
54361,7,5
54362,8,8
54363,0,6
54364,2,7
54365,2,7
54366,7,5
54367,1,8
54368,4,0
54369,2,9
54370,0,6
54371,1,0
54372,2,7
54373,6,1
54374,2,4
54375,3,2
54376,8,4
54377,7,3
54378,6,7
54379,2,4
54380,6,1
54381,7,5
54382,4,9
54383,0,6
54384,6,1
54385,2,7
54386,2,9
54387,7,8
54388,8,1
54389,2,9
54390,0,6
54391,4,0
54392,4,0
54393,6,1
54394,6,8
54395,5,2
54396,2,7
54397,1,3
54398,6,3
54399,2,4
54400,8,5
54401,8,5
54402,6,3
54403,0,6
54404,4,0
54405,2,7
54406,7,3
54407,3,8
54408,3,2
54409,0,6
54410,2,4
54411,4,0
54412,0,4
54413,7,3
54414,4,0
54415,2,4
54416,6,1
54417,6,1
54418,6,1
54419,2,4
54420,0,6
54421,4,0
54422,2,4
54423,7,8
54424,6,2
54425,0,6
54426,2,7
54427,2,4
54428,6,1
54429,7,5
54430,1,3
54431,2,4
54432,3,2
54433,4,0
54434,6,1
54435,2,7
54436,7,3
54437,3,8
54438,6,1
54439,2,7
54440,3,2
54441,2,7
54442,7,5
54443,2,9
54444,1,3
54445,4,0
54446,7,5
54447,2,4
54448,3,2
54449,2,9
54450,6,8
54451,2,9
54452,2,4
54453,2,7
54454,3,2
54455,2,4
54456,3,2
54457,3,2
54458,6,1
54459,4,0
54460,3,3
54461,5,5
54462,0,6
54463,6,8
54464,4,0
54465,7,5
54466,4,4
54467,2,9
54468,6,1
54469,1,8
54470,6,5
54471,3,8
54472,2,7
54473,2,4
54474,4,0
54475,4,0
54476,1,3
54477,2,7
54478,2,7
54479,6,1
54480,3,2
54481,3,3
54482,2,7
54483,7,5
54484,3,2
54485,6,1
54486,4,0
54487,7,3
54488,4,8
54489,6,1
54490,0,6
54491,7,5
54492,8,8
54493,7,3
54494,2,7
54495,7,8
54496,0,6
54497,2,7
54498,8,8
54499,7,3
54500,7,5
54501,6,1
54502,4,0
54503,0,6
54504,2,9
54505,7,8
54506,0,1
54507,7,5
54508,2,9
54509,2,9
54510,7,5
54511,3,2
54512,4,0
54513,3,2
54514,4,0
54515,4,0
54516,1,3
54517,2,9
54518,0,6
54519,3,2
54520,4,9
54521,2,4
54522,2,7
54523,0,6
54524,3,3
54525,7,5
54526,1,3
54527,3,2
54528,8,5
54529,2,7
54530,6,3
54531,3,3
54532,6,7
54533,6,1
54534,7,3
54535,3,3
54536,2,7
54537,0,6
54538,2,9
54539,0,6
54540,2,7
54541,3,2
54542,2,7
54543,6,1
54544,6,1
54545,3,2
54546,2,9
54547,0,6
54548,2,9
54549,4,0
54550,7,8
54551,3,2
54552,6,1
54553,3,2
54554,6,8
54555,2,7
54556,5,2
54557,6,1
54558,6,7
54559,7,3
54560,7,3
54561,2,7
54562,7,5
54563,2,4
54564,7,8
54565,2,7
54566,8,5
54567,2,4
54568,3,3
54569,3,8
54570,0,6
54571,2,9
54572,0,6
54573,3,2
54574,0,2
54575,2,9
54576,6,1
54577,3,5
54578,2,9
54579,6,1
54580,6,1
54581,3,5
54582,2,4
54583,0,6
54584,2,9
54585,6,8
54586,6,9
54587,3,3
54588,2,4
54589,7,5
54590,6,8
54591,0,6
54592,2,9
54593,6,8
54594,7,8
54595,4,0
54596,8,8
54597,4,0
54598,8,5
54599,2,9
54600,4,0
54601,2,9
54602,0,6
54603,3,3
54604,7,5
54605,6,1
54606,2,7
54607,6,1
54608,4,0
54609,4,0
54610,0,6
54611,6,1
54612,7,8
54613,3,2
54614,6,1
54615,1,3
54616,6,3
54617,2,4
54618,0,6
54619,7,5
54620,4,0
54621,0,6
54622,1,3
54623,2,7
54624,3,8
54625,7,8
54626,3,8
54627,2,9
54628,2,4
54629,4,0
54630,0,6
54631,6,1
54632,2,7
54633,6,2
54634,2,4
54635,1,3
54636,1,8
54637,2,4
54638,2,7
54639,7,5
54640,7,5
54641,0,6
54642,4,0
54643,2,7
54644,2,7
54645,7,8
54646,0,6
54647,2,9
54648,1,3
54649,4,0
54650,2,4
54651,6,1
54652,0,6
54653,3,2
54654,7,8
54655,1,3
54656,6,8
54657,2,4
54658,1,3
54659,7,5
54660,1,3
54661,0,6
54662,0,6
54663,2,7
54664,6,1
54665,7,8
54666,2,9
54667,2,9
54668,2,4
54669,2,7
54670,8,5
54671,7,5
54672,4,4
54673,7,5
54674,3,2
54675,6,1
54676,5,2
54677,2,9
54678,2,7
54679,2,9
54680,3,2
54681,2,7
54682,3,2
54683,6,1
54684,7,8
54685,4,0
54686,0,4
54687,2,9
54688,2,7
54689,4,0
54690,4,0
54691,2,7
54692,6,1
54693,6,1
54694,1,3
54695,2,7
54696,2,7
54697,1,3
54698,2,9
54699,0,6
54700,1,3
54701,1,8
54702,2,9
54703,1,0
54704,7,3
54705,7,8
54706,5,3
54707,1,3
54708,6,1
54709,1,2
54710,2,4
54711,1,0
54712,6,8
54713,2,9
54714,3,2
54715,4,0
54716,6,1
54717,0,6
54718,0,4
54719,6,1
54720,6,1
54721,2,7
54722,3,3
54723,7,5
54724,3,3
54725,7,8
54726,7,8
54727,1,3
54728,4,0
54729,2,4
54730,3,3
54731,2,7
54732,2,7
54733,0,6
54734,2,7
54735,1,3
54736,1,3
54737,3,2
54738,2,9
54739,1,3
54740,6,7
54741,7,8
54742,2,4
54743,2,9
54744,8,5
54745,2,4
54746,3,3
54747,7,8
54748,2,4
54749,7,8
54750,7,5
54751,2,7
54752,6,1
54753,6,1
54754,6,2
54755,0,0
54756,6,2
54757,7,8
54758,6,2
54759,2,7
54760,2,7
54761,2,7
54762,3,2
54763,2,9
54764,4,0
54765,1,2
54766,2,9
54767,1,3
54768,1,2
54769,2,4
54770,2,4
54771,0,6
54772,1,3
54773,6,1
54774,7,5
54775,6,1
54776,8,5
54777,2,4
54778,0,4
54779,6,5
54780,7,3
54781,7,5
54782,1,3
54783,4,0
54784,6,1
54785,2,4
54786,6,1
54787,7,8
54788,0,6
54789,2,7
54790,3,2
54791,0,4
54792,2,7
54793,2,9
54794,1,2
54795,6,2
54796,3,2
54797,1,3
54798,8,3
54799,0,6
54800,4,0
54801,2,4
54802,0,6
54803,6,1
54804,4,0
54805,0,2
54806,3,2
54807,2,4
54808,4,0
54809,6,1
54810,4,0
54811,7,5
54812,4,0
54813,2,4
54814,0,4
54815,1,2
54816,6,1
54817,4,0
54818,2,7
54819,2,4
54820,0,6
54821,7,8
54822,4,0
54823,0,6
54824,6,1
54825,6,1
54826,0,4
54827,2,9
54828,8,5
54829,3,3
54830,0,6
54831,3,2
54832,4,0
54833,4,0
54834,6,2
54835,4,0
54836,4,0
54837,1,2
54838,3,2
54839,7,5
54840,3,2
54841,0,6
54842,7,8
54843,2,9
54844,4,0
54845,1,3
54846,7,8
54847,0,6
54848,6,2
54849,1,3
54850,2,9
54851,0,6
54852,2,4
54853,4,0
54854,3,2
54855,6,1
54856,2,3
54857,3,2
54858,7,3
54859,7,3
54860,9,9
54861,0,4
54862,8,5
54863,2,7
54864,6,1
54865,3,0
54866,3,2
54867,3,3
54868,7,5
54869,0,4
54870,8,8
54871,2,7
54872,6,1
54873,0,0
54874,2,9
54875,6,1
54876,6,1
54877,0,2
54878,2,4
54879,3,3
54880,8,5
54881,0,4
54882,2,7
54883,6,5
54884,7,8
54885,0,6
54886,6,1
54887,2,7
54888,6,3
54889,6,8
54890,2,7
54891,2,7
54892,1,3
54893,0,2
54894,3,2
54895,6,4
54896,2,8
54897,6,1
54898,7,3
54899,6,4
54900,4,0
54901,6,1
54902,8,5
54903,0,4
54904,5,5
54905,2,9
54906,2,4
54907,0,6
54908,5,2
54909,6,8
54910,3,3
54911,0,4
54912,2,7
54913,6,5
54914,7,5
54915,3,3
54916,7,8
54917,6,7
54918,2,4
54919,6,8
54920,1,8
54921,6,4
54922,4,0
54923,0,6
54924,6,2
54925,2,7
54926,6,8
54927,4,0
54928,7,5
54929,0,6
54930,3,3
54931,6,1
54932,0,5
54933,0,6
54934,7,5
54935,6,8
54936,2,4
54937,6,7
54938,8,5
54939,0,0
54940,2,7
54941,3,0
54942,4,0
54943,0,0
54944,2,9
54945,0,6
54946,8,1
54947,6,1
54948,4,6
54949,6,5
54950,9,8
54951,0,2
54952,1,3
54953,3,3
54954,3,8
54955,2,9
54956,6,2
54957,6,7
54958,2,8
54959,0,6
54960,4,4
54961,2,9
54962,2,9
54963,6,1
54964,2,7
54965,2,9
54966,2,7
54967,0,0
54968,6,1
54969,0,6
54970,7,5
54971,2,7
54972,3,3
54973,0,2
54974,6,1
54975,6,5
54976,7,3
54977,3,3
54978,3,2
54979,6,1
54980,4,0
54981,0,2
54982,4,0
54983,3,3
54984,2,9
54985,5,0
54986,3,8
54987,3,2
54988,8,5
54989,2,9
54990,6,8
54991,6,4
54992,0,4
54993,6,9
54994,0,6
54995,2,7
54996,7,3
54997,4,0
54998,2,4
54999,4,0
55000,6,1
55001,3,2
55002,8,8
55003,2,7
55004,2,4
55005,0,4
55006,4,0
55007,2,9
55008,1,3
55009,2,9
55010,7,5
55011,0,2
55012,0,6
55013,2,9
55014,6,1
55015,6,8
55016,0,6
55017,3,3
55018,0,6
55019,0,6
55020,7,8
55021,2,7
55022,6,8
55023,0,0
55024,2,4
55025,6,4
55026,6,8
55027,0,0
55028,3,3
55029,4,0
55030,4,0
55031,6,1
55032,3,2
55033,1,2
55034,1,7
55035,1,3
55036,6,1
55037,8,4
55038,7,3
55039,0,6
55040,6,2
55041,2,7
55042,8,5
55043,7,8
55044,6,2
55045,4,0
55046,6,1
55047,6,1
55048,4,0
55049,3,2
55050,3,3
55051,1,3
55052,2,7
55053,4,4
55054,1,3
55055,7,5
55056,4,0
55057,0,6
55058,7,5
55059,2,7
55060,4,5
55061,6,8
55062,7,3
55063,2,9
55064,4,9
55065,4,0
55066,0,6
55067,6,1
55068,2,9
55069,3,2
55070,3,2
55071,1,3
55072,4,9
55073,2,4
55074,2,4
55075,6,5
55076,7,5
55077,0,6
55078,2,7
55079,2,7
55080,6,1
55081,7,8
55082,6,7
55083,6,1
55084,2,7
55085,0,4
55086,2,7
55087,2,4
55088,2,7
55089,6,2
55090,6,7
55091,1,3
55092,2,9
55093,1,3
55094,2,7
55095,0,0
55096,0,6
55097,2,9
55098,2,4
55099,7,5
55100,3,2
55101,2,4
55102,4,9
55103,3,3
55104,3,3
55105,3,0
55106,3,3
55107,7,8
55108,7,5
55109,4,4
55110,4,0
55111,0,6
55112,0,6
55113,2,7
55114,2,9
55115,4,0
55116,8,3
55117,2,7
55118,8,8
55119,2,7
55120,2,9
55121,6,1
55122,3,8
55123,0,6
55124,2,4
55125,2,9
55126,2,9
55127,6,1
55128,3,8
55129,6,2
55130,4,0
55131,2,9
55132,7,8
55133,1,3
55134,0,6
55135,0,6
55136,2,4
55137,1,2
55138,0,6
55139,1,3
55140,6,1
55141,2,4
55142,6,1
55143,0,6
55144,3,3
55145,3,8
55146,6,8
55147,2,7
55148,8,5
55149,0,2
55150,6,1
55151,3,3
55152,4,0
55153,2,8
55154,0,6
55155,6,1
55156,3,8
55157,0,2
55158,3,2
55159,2,9
55160,2,4
55161,7,5
55162,8,6
55163,1,8
55164,7,5
55165,6,8
55166,0,6
55167,2,7
55168,7,6
55169,6,1
55170,6,2
55171,2,7
55172,6,2
55173,6,1
55174,2,7
55175,6,1
55176,3,2
55177,0,0
55178,2,4
55179,1,3
55180,6,7
55181,2,4
55182,7,8
55183,3,2
55184,8,5
55185,0,6
55186,3,2
55187,8,4
55188,3,2
55189,2,7
55190,6,3
55191,8,4
55192,7,8
55193,3,2
55194,3,3
55195,2,7
55196,8,6
55197,2,4
55198,1,3
55199,1,2
55200,2,9
55201,2,9
55202,1,2
55203,3,2
55204,7,5
55205,2,7
55206,0,4
55207,2,9
55208,6,5
55209,3,2
55210,6,7
55211,6,8
55212,8,5
55213,0,6
55214,6,1
55215,6,1
55216,2,7
55217,0,0
55218,1,8
55219,0,6
55220,3,2
55221,3,8
55222,6,1
55223,7,5
55224,2,9
55225,7,5
55226,0,6
55227,4,0
55228,6,2
55229,7,5
55230,0,6
55231,1,3
55232,6,1
55233,7,5
55234,1,8
55235,2,9
55236,6,1
55237,6,7
55238,6,7
55239,0,4
55240,2,9
55241,7,8
55242,4,0
55243,2,9
55244,2,7
55245,0,6
55246,4,0
55247,2,9
55248,7,5
55249,3,3
55250,7,8
55251,4,0
55252,0,6
55253,4,0
55254,4,0
55255,0,6
55256,7,8
55257,1,3
55258,2,4
55259,0,0
55260,5,5
55261,6,5
55262,6,1
55263,3,8
55264,8,8
55265,2,9
55266,2,7
55267,6,1
55268,1,8
55269,3,8
55270,2,7
55271,6,1
55272,4,8
55273,0,6
55274,0,6
55275,4,0
55276,2,7
55277,4,0
55278,3,0
55279,6,1
55280,2,4
55281,6,2
55282,8,4
55283,1,3
55284,7,8
55285,2,4
55286,6,1
55287,7,5
55288,4,0
55289,0,6
55290,4,0
55291,2,7
55292,5,3
55293,7,8
55294,2,4
55295,2,9
55296,6,9
55297,4,0
55298,7,5
55299,6,1
55300,3,2
55301,1,3
55302,4,0
55303,2,4
55304,1,2
55305,7,5
55306,6,1
55307,0,6
55308,5,2
55309,2,7
55310,6,1
55311,2,8
55312,3,3
55313,2,9
55314,8,6
55315,4,0
55316,5,2
55317,6,1
55318,2,4
55319,6,2
55320,0,4
55321,3,3
55322,3,5
55323,2,4
55324,6,1
55325,7,5
55326,6,2
55327,0,6
55328,2,4
55329,2,7
55330,3,8
55331,6,8
55332,4,4
55333,2,9
55334,7,3
55335,6,1
55336,3,3
55337,2,4
55338,6,1
55339,2,4
55340,1,4
55341,1,3
55342,8,5
55343,1,3
55344,2,7
55345,4,0
55346,2,7
55347,2,9
55348,4,0
55349,7,5
55350,8,6
55351,2,4
55352,3,2
55353,1,3
55354,4,0
55355,4,0
55356,7,5
55357,6,8
55358,6,1
55359,2,4
55360,3,2
55361,4,0
55362,0,6
55363,2,7
55364,2,9
55365,2,7
55366,4,0
55367,0,6
55368,6,8
55369,2,9
55370,2,9
55371,6,1
55372,0,6
55373,3,2
55374,2,7
55375,2,9
55376,7,5
55377,6,3
55378,1,3
55379,0,6
55380,6,1
55381,3,2
55382,0,6
55383,1,3
55384,6,7
55385,2,4
55386,6,1
55387,0,6
55388,8,5
55389,7,5
55390,0,6
55391,3,2
55392,7,8
55393,3,3
55394,7,5
55395,6,8
55396,4,5
55397,6,1
55398,4,0
55399,6,2
55400,4,0
55401,2,9
55402,4,0
55403,7,5
55404,5,2
55405,7,8
55406,2,9
55407,7,8
55408,4,0
55409,2,7
55410,4,0
55411,6,1
55412,6,1
55413,2,7
55414,7,5
55415,6,1
55416,2,4
55417,6,1
55418,2,4
55419,3,3
55420,8,6
55421,0,4
55422,2,7
55423,0,4
55424,2,4
55425,2,7
55426,2,7
55427,2,4
55428,8,5
55429,6,2
55430,7,8
55431,6,7
55432,3,3
55433,6,2
55434,7,5
55435,2,9
55436,7,8
55437,3,2
55438,8,8
55439,2,7
55440,3,3
55441,2,9
55442,8,5
55443,6,2
55444,2,7
55445,7,8
55446,2,7
55447,0,6
55448,6,7
55449,6,1
55450,7,5
55451,6,8
55452,6,7
55453,7,5
55454,2,9
55455,7,5
55456,8,6
55457,4,0
55458,4,6
55459,7,5
55460,7,5
55461,3,3
55462,6,8
55463,7,5
55464,2,9
55465,2,9
55466,2,7
55467,2,7
55468,4,9
55469,2,4
55470,3,3
55471,6,8
55472,1,3
55473,2,9
55474,1,3
55475,0,6
55476,2,7
55477,2,9
55478,6,1
55479,4,0
55480,2,7
55481,4,0
55482,1,3
55483,0,6
55484,4,0
55485,3,3
55486,6,7
55487,4,0
55488,6,3
55489,6,5
55490,4,4
55491,7,8
55492,2,7
55493,2,9
55494,2,7
55495,6,1
55496,9,9
55497,6,8
55498,7,5
55499,6,1
55500,6,1
55501,4,0
55502,6,1
55503,0,0
55504,6,2
55505,6,1
55506,7,5
55507,1,2
55508,3,2
55509,1,3
55510,2,9
55511,0,4
55512,0,6
55513,1,5
55514,2,7
55515,0,6
55516,8,4
55517,2,7
55518,2,7
55519,1,8
55520,0,6
55521,4,0
55522,0,4
55523,6,1
55524,6,1
55525,1,2
55526,6,2
55527,1,3
55528,3,2
55529,2,4
55530,8,8
55531,7,5
55532,2,4
55533,0,6
55534,7,8
55535,2,7
55536,0,6
55537,1,8
55538,4,4
55539,2,9
55540,6,2
55541,4,0
55542,3,2
55543,6,1
55544,6,7
55545,1,2
55546,2,4
55547,1,3
55548,1,3
55549,0,4
55550,3,3
55551,0,6
55552,8,4
55553,2,7
55554,8,5
55555,1,8
55556,4,0
55557,6,8
55558,0,6
55559,1,2
55560,2,7
55561,0,6
55562,2,7
55563,2,9
55564,2,4
55565,0,6
55566,3,3
55567,6,1
55568,2,9
55569,2,9
55570,2,9
55571,2,9
55572,8,5
55573,2,9
55574,6,1
55575,2,4
55576,4,0
55577,0,4
55578,6,8
55579,1,3
55580,3,3
55581,3,8
55582,4,0
55583,6,1
55584,0,6
55585,2,4
55586,4,8
55587,6,1
55588,4,0
55589,1,2
55590,0,6
55591,1,5
55592,7,3
55593,7,0
55594,6,1
55595,2,9
55596,6,1
55597,2,4
55598,2,4
55599,2,9
55600,2,9
55601,6,1
55602,7,5
55603,2,7
55604,6,8
55605,2,4
55606,6,8
55607,0,4
55608,2,7
55609,6,1
55610,6,8
55611,7,8
55612,1,9
55613,2,7
55614,6,8
55615,0,6
55616,4,6
55617,4,0
55618,6,8
55619,7,8
55620,6,8
55621,6,1
55622,4,0
55623,7,8
55624,4,0
55625,1,2
55626,4,6
55627,0,6
55628,7,3
55629,1,2
55630,2,4
55631,4,0
55632,6,8
55633,2,9
55634,6,1
55635,6,1
55636,7,9
55637,1,2
55638,0,6
55639,6,5
55640,3,3
55641,8,4
55642,4,9
55643,6,5
55644,6,1
55645,0,6
55646,4,0
55647,2,7
55648,4,9
55649,1,3
55650,6,8
55651,4,0
55652,2,9
55653,1,2
55654,2,4
55655,1,2
55656,4,0
55657,3,2
55658,2,4
55659,2,7
55660,0,6
55661,7,5
55662,5,2
55663,4,0
55664,4,0
55665,1,3
55666,4,0
55667,1,5
55668,2,7
55669,3,2
55670,0,6
55671,6,1
55672,8,5
55673,0,4
55674,7,8
55675,0,4
55676,0,4
55677,3,3
55678,6,2
55679,4,0
55680,4,0
55681,4,0
55682,0,0
55683,1,8
55684,0,4
55685,7,5
55686,6,1
55687,2,4
55688,7,3
55689,2,7
55690,6,4
55691,2,9
55692,1,2
55693,2,7
55694,6,3
55695,1,8
55696,3,8
55697,7,8
55698,1,3
55699,2,7
55700,2,7
55701,2,9
55702,4,9
55703,0,6
55704,3,2
55705,1,3
55706,7,8
55707,6,1
55708,7,5
55709,2,7
55710,6,1
55711,2,9
55712,8,5
55713,0,6
55714,6,1
55715,1,3
55716,6,1
55717,1,3
55718,7,5
55719,6,1
55720,0,6
55721,0,0
55722,7,5
55723,1,2
55724,2,7
55725,0,6
55726,1,3
55727,0,0
55728,8,5
55729,1,5
55730,2,9
55731,0,6
55732,1,3
55733,7,8
55734,7,5
55735,2,7
55736,2,4
55737,1,3
55738,0,6
55739,1,5
55740,6,1
55741,7,8
55742,0,6
55743,3,3
55744,2,7
55745,4,0
55746,1,3
55747,6,1
55748,8,5
55749,1,2
55750,2,7
55751,1,3
55752,4,0
55753,2,4
55754,5,6
55755,7,5
55756,2,7
55757,0,6
55758,6,3
55759,2,7
55760,0,6
55761,7,8
55762,6,8
55763,2,9
55764,6,8
55765,4,0
55766,7,8
55767,6,1
55768,6,1
55769,3,2
55770,0,6
55771,1,3
55772,7,8
55773,0,4
55774,4,4
55775,7,5
55776,8,4
55777,0,6
55778,2,9
55779,2,7
55780,2,9
55781,7,8
55782,3,2
55783,2,9
55784,6,1
55785,4,0
55786,6,1
55787,6,1
55788,2,4
55789,1,2
55790,6,8
55791,1,3
55792,6,9
55793,2,4
55794,7,5
55795,5,5
55796,3,3
55797,0,6
55798,0,6
55799,2,7
55800,7,5
55801,7,8
55802,2,7
55803,2,9
55804,7,5
55805,4,0
55806,4,0
55807,7,8
55808,1,2
55809,2,7
55810,0,4
55811,7,8
55812,2,4
55813,2,9
55814,2,9
55815,2,9
55816,3,2
55817,4,0
55818,7,5
55819,6,1
55820,0,6
55821,2,4
55822,4,0
55823,7,5
55824,0,6
55825,6,1
55826,2,7
55827,0,6
55828,2,4
55829,2,7
55830,4,0
55831,3,3
55832,6,1
55833,3,2
55834,6,9
55835,2,9
55836,1,2
55837,4,0
55838,8,5
55839,7,5
55840,4,0
55841,0,6
55842,2,7
55843,2,7
55844,3,3
55845,3,3
55846,6,1
55847,2,9
55848,2,7
55849,2,9
55850,6,9
55851,3,3
55852,6,8
55853,7,8
55854,2,7
55855,6,1
55856,2,9
55857,3,2
55858,3,3
55859,2,9
55860,0,4
55861,0,6
55862,3,2
55863,2,7
55864,7,3
55865,7,5
55866,1,3
55867,0,6
55868,3,8
55869,1,3
55870,6,1
55871,7,5
55872,6,4
55873,4,0
55874,3,3
55875,7,5
55876,1,3
55877,2,4
55878,7,5
55879,4,0
55880,7,8
55881,3,3
55882,2,7
55883,2,4
55884,4,9
55885,2,7
55886,8,5
55887,2,7
55888,6,1
55889,2,9
55890,4,0
55891,6,4
55892,4,0
55893,1,3
55894,7,5
55895,2,7
55896,2,7
55897,0,6
55898,0,4
55899,3,2
55900,0,6
55901,6,1
55902,8,5
55903,7,5
55904,0,6
55905,7,5
55906,6,2
55907,4,0
55908,8,5
55909,7,5
55910,7,5
55911,4,0
55912,1,2
55913,0,6
55914,5,3
55915,2,7
55916,2,7
55917,4,0
55918,2,7
55919,3,2
55920,6,1
55921,2,9
55922,4,0
55923,1,3
55924,4,4
55925,2,4
55926,7,3
55927,2,4
55928,2,7
55929,7,8
55930,2,4
55931,6,1
55932,3,3
55933,3,2
55934,2,7
55935,3,2
55936,0,6
55937,3,3
55938,2,9
55939,6,1
55940,3,8
55941,3,3
55942,0,6
55943,0,6
55944,6,4
55945,2,7
55946,3,8
55947,3,3
55948,2,4
55949,2,9
55950,6,2
55951,0,6
55952,5,2
55953,7,5
55954,2,4
55955,6,1
55956,0,6
55957,2,9
55958,8,5
55959,6,8
55960,7,3
55961,6,1
55962,1,3
55963,6,1
55964,0,4
55965,7,5
55966,3,3
55967,4,0
55968,6,8
55969,3,2
55970,4,9
55971,2,7
55972,3,2
55973,6,8
55974,6,3
55975,0,6
55976,2,4
55977,0,6
55978,2,9
55979,6,8
55980,8,5
55981,2,4
55982,3,2
55983,0,4
55984,0,6
55985,3,2
55986,4,0
55987,3,2
55988,6,1
55989,7,8
55990,2,4
55991,4,0
55992,2,9
55993,4,0
55994,0,6
55995,6,1
55996,3,2
55997,3,2
55998,5,3
55999,3,3
56000,6,1
56001,7,8
56002,7,5
56003,2,9
56004,7,8
56005,4,0
56006,6,3
56007,6,1
56008,3,3
56009,3,2
56010,6,1
56011,2,4
56012,1,3
56013,7,5
56014,3,5
56015,0,6
56016,6,1
56017,2,7
56018,2,9
56019,7,8
56020,6,1
56021,2,9
56022,0,6
56023,4,0
56024,8,5
56025,6,1
56026,8,8
56027,3,2
56028,2,7
56029,1,3
56030,2,7
56031,0,4
56032,8,5
56033,7,5
56034,6,7
56035,0,6
56036,7,5
56037,2,7
56038,7,5
56039,6,8
56040,6,2
56041,6,9
56042,2,7
56043,1,3
56044,0,6
56045,7,5
56046,6,1
56047,1,3
56048,6,1
56049,3,2
56050,4,0
56051,2,9
56052,2,7
56053,1,3
56054,4,5
56055,3,2
56056,4,8
56057,6,1
56058,2,7
56059,6,4
56060,2,4
56061,7,5
56062,2,9
56063,7,5
56064,2,7
56065,3,2
56066,6,7
56067,1,3
56068,7,8
56069,3,2
56070,8,8
56071,6,1
56072,2,4
56073,1,3
56074,2,7
56075,2,9
56076,6,7
56077,2,7
56078,4,9
56079,3,2
56080,4,4
56081,6,1
56082,6,8
56083,3,2
56084,2,4
56085,6,8
56086,2,7
56087,2,9
56088,6,2
56089,6,1
56090,2,9
56091,6,8
56092,2,9
56093,7,8
56094,2,4
56095,6,7
56096,2,7
56097,7,8
56098,4,6
56099,6,1
56100,3,2
56101,4,0
56102,2,9
56103,4,0
56104,3,2
56105,0,6
56106,2,4
56107,2,7
56108,7,5
56109,2,7
56110,6,1
56111,2,7
56112,2,7
56113,7,5
56114,6,1
56115,0,6
56116,7,5
56117,6,1
56118,2,9
56119,7,5
56120,3,2
56121,2,7
56122,2,4
56123,6,1
56124,4,0
56125,3,2
56126,6,8
56127,7,5
56128,4,5
56129,4,0
56130,0,6
56131,2,7
56132,2,7
56133,2,9
56134,6,3
56135,2,9
56136,3,3
56137,4,0
56138,6,1
56139,1,3
56140,4,0
56141,6,8
56142,2,4
56143,0,4
56144,0,6
56145,6,8
56146,2,4
56147,0,4
56148,0,6
56149,6,1
56150,0,4
56151,6,8
56152,2,9
56153,0,6
56154,6,2
56155,0,5
56156,7,9
56157,2,9
56158,4,0
56159,4,0
56160,2,7
56161,4,0
56162,8,6
56163,4,0
56164,7,3
56165,1,3
56166,2,9
56167,2,7
56168,6,2
56169,6,1
56170,7,8
56171,0,6
56172,8,6
56173,0,4
56174,1,0
56175,4,2
56176,4,0
56177,0,6
56178,2,9
56179,0,6
56180,6,8
56181,0,0
56182,0,6
56183,0,4
56184,4,4
56185,7,5
56186,0,6
56187,0,4
56188,6,2
56189,6,1
56190,4,4
56191,3,3
56192,6,1
56193,6,8
56194,8,8
56195,0,6
56196,2,7
56197,1,3
56198,7,3
56199,7,9
56200,7,5
56201,2,9
56202,7,5
56203,0,5
56204,7,3
56205,2,9
56206,7,5
56207,3,3
56208,6,1
56209,2,7
56210,0,6
56211,0,6
56212,2,9
56213,4,2
56214,7,5
56215,3,2
56216,2,9
56217,4,0
56218,2,7
56219,4,0
56220,4,7
56221,6,1
56222,6,2
56223,3,2
56224,3,5
56225,1,3
56226,6,1
56227,0,4
56228,3,3
56229,7,5
56230,2,9
56231,0,6
56232,0,6
56233,2,7
56234,3,3
56235,6,8
56236,4,0
56237,2,9
56238,2,9
56239,4,0
56240,0,6
56241,6,1
56242,2,9
56243,3,2
56244,2,4
56245,3,3
56246,7,5
56247,2,4
56248,4,0
56249,7,5
56250,6,8
56251,0,6
56252,6,1
56253,2,7
56254,2,8
56255,6,8
56256,4,0
56257,2,9
56258,4,4
56259,4,0
56260,1,3
56261,6,1
56262,7,5
56263,5,2
56264,3,2
56265,1,3
56266,6,7
56267,2,4
56268,2,4
56269,8,5
56270,2,9
56271,6,9
56272,2,7
56273,6,1
56274,2,7
56275,1,3
56276,2,4
56277,7,5
56278,6,1
56279,6,9
56280,2,4
56281,0,4
56282,6,2
56283,6,1
56284,7,8
56285,2,7
56286,1,8
56287,2,7
56288,7,3
56289,3,2
56290,6,8
56291,6,1
56292,6,9
56293,2,4
56294,2,7
56295,7,8
56296,1,8
56297,3,3
56298,6,2
56299,6,8
56300,4,9
56301,3,2
56302,4,4
56303,6,9
56304,4,9
56305,1,3
56306,7,5
56307,6,8
56308,6,1
56309,8,5
56310,7,5
56311,6,4
56312,6,2
56313,6,8
56314,6,5
56315,6,8
56316,8,4
56317,2,9
56318,4,0
56319,2,4
56320,2,4
56321,1,3
56322,7,8
56323,2,9
56324,7,3
56325,3,2
56326,6,1
56327,7,5
56328,6,1
56329,2,7
56330,2,4
56331,2,4
56332,4,0
56333,6,1
56334,2,4
56335,1,2
56336,6,1
56337,1,3
56338,6,1
56339,7,5
56340,6,2
56341,2,9
56342,0,6
56343,6,1
56344,7,5
56345,0,6
56346,4,7
56347,0,0
56348,2,9
56349,6,1
56350,2,4
56351,4,0
56352,4,0
56353,4,0
56354,2,7
56355,3,2
56356,6,7
56357,6,8
56358,0,6
56359,2,7
56360,6,5
56361,3,2
56362,4,0
56363,7,5
56364,2,4
56365,6,1
56366,7,5
56367,6,1
56368,7,5
56369,6,8
56370,6,5
56371,7,5
56372,5,2
56373,0,6
56374,6,1
56375,2,4
56376,2,4
56377,4,0
56378,6,8
56379,0,4
56380,8,4
56381,2,7
56382,2,7
56383,3,3
56384,6,1
56385,0,6
56386,7,8
56387,6,8
56388,4,0
56389,4,0
56390,2,7
56391,3,3
56392,6,7
56393,2,7
56394,1,2
56395,2,4
56396,7,8
56397,4,0
56398,1,3
56399,0,6
56400,2,4
56401,4,9
56402,6,8
56403,1,2
56404,4,0
56405,0,6
56406,0,4
56407,8,5
56408,2,9
56409,6,8
56410,2,7
56411,0,6
56412,1,8
56413,2,9
56414,2,9
56415,4,0
56416,2,7
56417,0,4
56418,2,7
56419,4,0
56420,3,3
56421,0,6
56422,0,4
56423,6,1
56424,4,0
56425,2,9
56426,2,7
56427,0,2
56428,6,8
56429,4,0
56430,7,8
56431,2,9
56432,2,7
56433,8,5
56434,3,3
56435,6,1
56436,4,0
56437,3,3
56438,2,7
56439,2,7
56440,8,4
56441,0,6
56442,2,9
56443,2,9
56444,4,0
56445,0,4
56446,8,6
56447,6,8
56448,3,3
56449,3,3
56450,4,0
56451,4,7
56452,6,4
56453,2,7
56454,4,0
56455,0,6
56456,6,1
56457,9,3
56458,2,9
56459,4,0
56460,4,0
56461,7,5
56462,2,7
56463,0,6
56464,7,9
56465,1,2
56466,2,9
56467,3,2
56468,8,5
56469,4,0
56470,6,1
56471,6,1
56472,2,7
56473,1,2
56474,7,3
56475,7,3
56476,7,5
56477,4,4
56478,4,9
56479,7,5
56480,4,9
56481,0,6
56482,2,7
56483,2,7
56484,4,4
56485,7,8
56486,2,9
56487,2,9
56488,1,3
56489,4,0
56490,6,1
56491,8,1
56492,7,3
56493,1,2
56494,6,9
56495,5,3
56496,2,4
56497,4,4
56498,6,2
56499,7,5
56500,2,7
56501,0,6
56502,7,8
56503,2,7
56504,1,3
56505,6,8
56506,6,1
56507,2,9
56508,1,2
56509,4,0
56510,2,7
56511,6,1
56512,4,0
56513,3,2
56514,3,2
56515,7,3
56516,4,4
56517,7,5
56518,2,7
56519,0,6
56520,0,6
56521,2,7
56522,4,0
56523,3,8
56524,3,3
56525,6,8
56526,0,6
56527,2,9
56528,3,3
56529,7,5
56530,4,0
56531,2,7
56532,2,4
56533,4,0
56534,2,7
56535,3,3
56536,4,8
56537,6,1
56538,6,1
56539,4,4
56540,3,2
56541,6,1
56542,2,7
56543,2,7
56544,6,8
56545,0,6
56546,2,7
56547,7,5
56548,0,6
56549,0,6
56550,2,4
56551,4,4
56552,0,6
56553,3,2
56554,8,5
56555,2,7
56556,4,0
56557,3,8
56558,1,2
56559,6,1
56560,6,8
56561,1,3
56562,0,6
56563,4,4
56564,0,4
56565,1,3
56566,8,5
56567,2,7
56568,0,6
56569,1,2
56570,4,0
56571,7,5
56572,6,1
56573,4,0
56574,1,3
56575,6,1
56576,2,1
56577,2,9
56578,8,3
56579,3,2
56580,2,9
56581,3,3
56582,0,6
56583,3,2
56584,6,1
56585,7,3
56586,8,5
56587,7,5
56588,2,7
56589,7,5
56590,6,2
56591,2,7
56592,0,6
56593,3,8
56594,7,8
56595,2,4
56596,2,4
56597,2,9
56598,6,2
56599,2,9
56600,6,8
56601,2,7
56602,6,1
56603,6,1
56604,2,7
56605,6,1
56606,4,0
56607,2,9
56608,4,0
56609,4,0
56610,6,1
56611,2,7
56612,3,2
56613,7,8
56614,3,2
56615,7,3
56616,6,3
56617,7,8
56618,2,9
56619,0,6
56620,0,4
56621,3,3
56622,4,9
56623,7,8
56624,3,3
56625,4,0
56626,4,0
56627,4,9
56628,7,8
56629,0,6
56630,7,5
56631,3,2
56632,0,6
56633,6,1
56634,2,9
56635,4,0
56636,8,8
56637,6,1
56638,2,7
56639,4,0
56640,2,7
56641,0,6
56642,2,4
56643,1,2
56644,6,1
56645,5,3
56646,6,4
56647,7,8
56648,4,4
56649,2,9
56650,2,7
56651,4,0
56652,2,7
56653,2,7
56654,7,3
56655,2,2
56656,6,1
56657,3,3
56658,8,5
56659,2,4
56660,6,1
56661,7,5
56662,4,0
56663,7,5
56664,1,2
56665,3,2
56666,7,5
56667,3,8
56668,6,1
56669,5,5
56670,2,7
56671,4,4
56672,6,8
56673,0,6
56674,4,0
56675,0,6
56676,2,4
56677,0,6
56678,0,6
56679,2,7
56680,6,7
56681,2,9
56682,6,2
56683,6,1
56684,2,9
56685,7,8
56686,4,0
56687,3,2
56688,6,1
56689,6,1
56690,7,9
56691,1,2
56692,0,6
56693,0,6
56694,2,7
56695,7,5
56696,6,1
56697,3,3
56698,4,4
56699,4,4
56700,2,4
56701,2,7
56702,2,9
56703,2,9
56704,4,0
56705,2,4
56706,0,6
56707,4,0
56708,2,9
56709,4,0
56710,7,8
56711,7,5
56712,8,5
56713,2,9
56714,1,1
56715,4,0
56716,7,8
56717,1,1
56718,0,6
56719,1,2
56720,7,5
56721,1,3
56722,2,7
56723,2,4
56724,4,0
56725,7,5
56726,2,9
56727,0,6
56728,6,1
56729,2,7
56730,3,3
56731,7,8
56732,7,5
56733,2,9
56734,6,1
56735,4,0
56736,0,6
56737,1,1
56738,3,3
56739,1,2
56740,2,4
56741,1,3
56742,9,9
56743,2,4
56744,6,1
56745,7,5
56746,4,6
56747,0,6
56748,7,5
56749,2,7
56750,6,1
56751,6,8
56752,6,2
56753,2,9
56754,3,3
56755,4,0
56756,6,7
56757,1,1
56758,2,4
56759,1,2
56760,2,9
56761,1,3
56762,3,2
56763,2,4
56764,6,1
56765,7,5
56766,4,0
56767,0,6
56768,6,1
56769,2,7
56770,4,4
56771,3,8
56772,6,1
56773,2,9
56774,2,9
56775,1,0
56776,7,3
56777,4,0
56778,4,0
56779,6,1
56780,2,7
56781,4,0
56782,7,5
56783,6,1
56784,2,4
56785,3,2
56786,7,5
56787,2,7
56788,4,9
56789,7,5
56790,8,6
56791,1,3
56792,2,9
56793,2,4
56794,2,7
56795,1,2
56796,0,6
56797,2,4
56798,6,7
56799,2,4
56800,6,9
56801,4,0
56802,0,4
56803,4,0
56804,5,5
56805,0,6
56806,2,7
56807,2,9
56808,2,4
56809,0,6
56810,6,1
56811,0,6
56812,7,5
56813,0,5
56814,2,7
56815,2,7
56816,2,7
56817,7,3
56818,0,4
56819,1,2
56820,7,3
56821,3,2
56822,2,7
56823,5,3
56824,1,2
56825,2,4
56826,2,4
56827,2,4
56828,2,7
56829,4,9
56830,0,6
56831,6,1
56832,2,7
56833,4,4
56834,6,1
56835,4,0
56836,6,1
56837,2,7
56838,4,5
56839,4,9
56840,0,6
56841,2,7
56842,8,8
56843,5,5
56844,2,7
56845,0,6
56846,2,7
56847,5,2
56848,6,2
56849,3,3
56850,2,7
56851,6,1
56852,7,5
56853,2,4
56854,0,6
56855,2,4
56856,4,4
56857,4,0
56858,1,8
56859,2,9
56860,7,5
56861,2,9
56862,0,6
56863,0,6
56864,6,2
56865,6,1
56866,7,8
56867,3,8
56868,4,0
56869,5,3
56870,6,1
56871,3,3
56872,3,8
56873,2,7
56874,7,8
56875,3,3
56876,3,2
56877,2,9
56878,8,6
56879,1,8
56880,2,7
56881,7,8
56882,6,1
56883,2,9
56884,2,9
56885,0,6
56886,2,4
56887,3,8
56888,1,7
56889,7,8
56890,7,5
56891,7,8
56892,2,7
56893,8,4
56894,7,8
56895,2,7
56896,4,9
56897,2,7
56898,7,5
56899,0,6
56900,2,7
56901,6,2
56902,6,1
56903,6,1
56904,0,6
56905,2,9
56906,2,9
56907,4,8
56908,4,0
56909,2,7
56910,6,1
56911,7,8
56912,6,1
56913,4,8
56914,4,0
56915,2,7
56916,0,6
56917,6,2
56918,0,6
56919,3,2
56920,2,7
56921,3,3
56922,3,2
56923,2,9
56924,2,7
56925,3,3
56926,1,2
56927,3,3
56928,8,5
56929,4,0
56930,2,9
56931,2,7
56932,2,7
56933,2,9
56934,1,3
56935,7,5
56936,0,6
56937,0,6
56938,7,5
56939,6,5
56940,4,0
56941,4,0
56942,4,0
56943,0,6
56944,2,9
56945,6,1
56946,2,4
56947,7,5
56948,2,9
56949,4,0
56950,4,0
56951,2,4
56952,8,8
56953,6,1
56954,4,0
56955,6,1
56956,4,8
56957,6,2
56958,2,4
56959,3,8
56960,6,1
56961,6,2
56962,8,5
56963,0,6
56964,0,6
56965,6,1
56966,3,3
56967,7,5
56968,4,0
56969,4,0
56970,4,4
56971,6,1
56972,0,6
56973,3,2
56974,3,3
56975,3,3
56976,7,8
56977,2,4
56978,8,8
56979,7,5
56980,6,1
56981,0,6
56982,7,5
56983,2,7
56984,4,0
56985,7,8
56986,6,1
56987,2,9
56988,0,6
56989,4,0
56990,7,5
56991,6,1
56992,6,7
56993,3,2
56994,3,3
56995,3,3
56996,2,9
56997,2,4
56998,6,2
56999,3,5
57000,4,0
57001,6,8
57002,2,4
57003,0,0
57004,7,3
57005,6,1
57006,2,9
57007,3,2
57008,2,9
57009,3,3
57010,0,6
57011,0,4
57012,0,6
57013,7,5
57014,6,1
57015,0,6
57016,7,3
57017,2,7
57018,2,9
57019,3,8
57020,4,0
57021,6,8
57022,6,1
57023,0,6
57024,2,9
57025,7,5
57026,2,4
57027,4,0
57028,4,5
57029,0,6
57030,7,8
57031,6,8
57032,2,7
57033,2,9
57034,4,0
57035,0,4
57036,0,6
57037,6,1
57038,6,8
57039,2,9
57040,1,3
57041,0,0
57042,6,8
57043,6,4
57044,2,7
57045,6,8
57046,6,1
57047,2,9
57048,2,7
57049,6,1
57050,2,9
57051,6,4
57052,2,9
57053,0,0
57054,2,8
57055,6,5
57056,1,3
57057,6,1
57058,6,1
57059,2,4
57060,7,8
57061,4,0
57062,3,8
57063,2,7
57064,4,0
57065,0,6
57066,2,7
57067,4,0
57068,4,0
57069,6,1
57070,4,8
57071,2,7
57072,2,9
57073,4,0
57074,2,7
57075,0,6
57076,6,4
57077,6,8
57078,6,7
57079,2,9
57080,3,8
57081,6,5
57082,2,4
57083,2,7
57084,6,8
57085,6,9
57086,6,2
57087,6,8
57088,8,5
57089,0,6
57090,4,8
57091,4,0
57092,4,0
57093,6,8
57094,6,1
57095,6,1
57096,3,2
57097,2,7
57098,2,7
57099,2,7
57100,4,9
57101,6,1
57102,2,4
57103,3,3
57104,6,2
57105,3,2
57106,7,5
57107,3,3
57108,7,8
57109,6,1
57110,2,7
57111,2,4
57112,3,2
57113,3,2
57114,2,4
57115,4,0
57116,6,8
57117,4,0
57118,7,8
57119,2,7
57120,4,0
57121,7,8
57122,0,6
57123,2,4
57124,7,5
57125,0,6
57126,2,4
57127,2,4
57128,7,5
57129,2,9
57130,6,2
57131,1,3
57132,7,5
57133,6,8
57134,2,7
57135,2,4
57136,7,5
57137,2,7
57138,0,6
57139,3,2
57140,0,6
57141,3,3
57142,6,2
57143,0,6
57144,2,4
57145,2,9
57146,2,4
57147,0,6
57148,4,9
57149,3,3
57150,2,7
57151,3,2
57152,2,9
57153,3,2
57154,4,0
57155,2,4
57156,8,5
57157,0,6
57158,0,6
57159,2,9
57160,6,1
57161,0,0
57162,4,0
57163,3,2
57164,7,8
57165,7,5
57166,5,3
57167,6,5
57168,7,5
57169,6,1
57170,6,1
57171,3,3
57172,7,3
57173,3,3
57174,7,8
57175,2,9
57176,4,0
57177,2,7
57178,6,7
57179,6,8
57180,8,5
57181,2,7
57182,8,5
57183,3,2
57184,2,4
57185,3,2
57186,4,0
57187,2,9
57188,6,7
57189,6,8
57190,6,1
57191,3,2
57192,6,1
57193,6,1
57194,1,3
57195,3,3
57196,2,7
57197,6,1
57198,0,6
57199,3,3
57200,7,8
57201,4,0
57202,4,0
57203,6,1
57204,2,7
57205,3,2
57206,2,9
57207,7,3
57208,2,4
57209,2,4
57210,7,8
57211,6,5
57212,7,8
57213,0,6
57214,4,0
57215,2,7
57216,4,8
57217,7,8
57218,0,6
57219,2,9
57220,6,1
57221,4,0
57222,6,1
57223,6,1
57224,2,4
57225,3,2
57226,4,6
57227,3,3
57228,2,4
57229,2,4
57230,2,7
57231,7,5
57232,1,5
57233,0,6
57234,6,5
57235,2,7
57236,4,9
57237,7,8
57238,6,8
57239,2,9
57240,7,5
57241,4,0
57242,7,5
57243,6,1
57244,6,8
57245,3,2
57246,2,9
57247,3,3
57248,3,5
57249,0,4
57250,6,1
57251,7,5
57252,4,0
57253,0,6
57254,0,6
57255,2,7
57256,8,5
57257,6,8
57258,2,9
57259,2,9
57260,0,6
57261,4,0
57262,3,2
57263,7,8
57264,3,3
57265,3,3
57266,6,1
57267,2,9
57268,6,1
57269,7,5
57270,1,2
57271,7,5
57272,6,1
57273,3,2
57274,2,9
57275,0,6
57276,1,8
57277,7,8
57278,1,3
57279,2,4
57280,2,7
57281,2,9
57282,1,7
57283,6,1
57284,3,2
57285,2,7
57286,2,7
57287,6,1
57288,4,0
57289,3,2
57290,4,9
57291,3,3
57292,2,7
57293,7,5
57294,2,9
57295,2,9
57296,4,0
57297,0,6
57298,4,0
57299,2,9
57300,3,3
57301,6,1
57302,7,5
57303,6,1
57304,6,8
57305,6,1
57306,1,3
57307,3,2
57308,3,3
57309,2,9
57310,6,1
57311,6,5
57312,7,3
57313,0,6
57314,0,6
57315,7,8
57316,6,8
57317,6,1
57318,8,8
57319,3,2
57320,8,5
57321,4,0
57322,6,1
57323,2,7
57324,7,8
57325,2,7
57326,4,0
57327,7,5
57328,2,4
57329,7,8
57330,7,5
57331,3,2
57332,6,8
57333,2,9
57334,2,7
57335,7,8
57336,1,3
57337,2,7
57338,3,2
57339,6,1
57340,6,1
57341,3,3
57342,4,2
57343,2,4
57344,2,7
57345,7,5
57346,8,6
57347,0,6
57348,6,8
57349,4,0
57350,2,7
57351,3,3
57352,8,8
57353,0,6
57354,2,4
57355,7,8
57356,4,0
57357,2,7
57358,3,2
57359,4,0
57360,0,6
57361,2,4
57362,6,1
57363,3,2
57364,4,0
57365,2,7
57366,1,2
57367,2,7
57368,2,4
57369,6,5
57370,4,4
57371,2,4
57372,2,7
57373,3,3
57374,2,9
57375,2,4
57376,2,7
57377,3,2
57378,6,1
57379,6,8
57380,2,7
57381,6,1
57382,2,4
57383,5,5
57384,4,0
57385,6,1
57386,2,7
57387,3,2
57388,3,2
57389,2,4
57390,4,0
57391,1,3
57392,3,8
57393,4,0
57394,5,2
57395,4,0
57396,3,3
57397,4,0
57398,1,2
57399,3,3
57400,6,1
57401,1,3
57402,3,3
57403,7,5
57404,3,8
57405,2,7
57406,2,9
57407,4,0
57408,4,0
57409,0,6
57410,6,1
57411,6,8
57412,6,1
57413,0,6
57414,2,7
57415,3,3
57416,6,2
57417,2,4
57418,6,1
57419,0,6
57420,4,0
57421,2,9
57422,4,4
57423,2,9
57424,1,3
57425,6,8
57426,1,3
57427,3,2
57428,2,9
57429,2,7
57430,6,1
57431,2,7
57432,2,9
57433,6,1
57434,7,8
57435,0,0
57436,6,1
57437,6,1
57438,0,6
57439,3,2
57440,6,1
57441,7,3
57442,3,2
57443,2,4
57444,2,9
57445,2,7
57446,6,2
57447,6,8
57448,3,2
57449,2,9
57450,7,8
57451,3,0
57452,6,9
57453,6,1
57454,6,1
57455,3,2
57456,0,6
57457,1,3
57458,2,7
57459,0,4
57460,6,1
57461,0,5
57462,7,5
57463,0,6
57464,6,1
57465,2,7
57466,2,4
57467,3,8
57468,3,3
57469,2,9
57470,8,5
57471,3,0
57472,3,3
57473,6,1
57474,7,3
57475,3,2
57476,6,9
57477,3,3
57478,1,2
57479,2,7
57480,8,5
57481,6,8
57482,0,4
57483,2,9
57484,4,8
57485,2,7
57486,3,0
57487,2,9
57488,3,3
57489,7,5
57490,0,6
57491,0,0
57492,6,3
57493,7,8
57494,4,0
57495,1,3
57496,3,2
57497,6,5
57498,0,6
57499,2,4
57500,1,2
57501,7,8
57502,2,7
57503,0,2
57504,2,7
57505,6,1
57506,3,2
57507,0,0
57508,0,6
57509,3,2
57510,7,5
57511,6,5
57512,2,7
57513,7,8
57514,0,6
57515,3,8
57516,8,1
57517,6,1
57518,0,6
57519,0,6
57520,6,2
57521,6,1
57522,3,3
57523,3,3
57524,0,4
57525,0,0
57526,2,7
57527,3,3
57528,7,5
57529,0,6
57530,4,4
57531,2,9
57532,7,8
57533,3,3
57534,2,7
57535,2,7
57536,4,0
57537,2,4
57538,2,4
57539,2,9
57540,1,7
57541,2,7
57542,4,0
57543,3,0
57544,2,4
57545,2,9
57546,2,7
57547,2,7
57548,2,4
57549,2,7
57550,2,7
57551,2,9
57552,6,1
57553,6,5
57554,0,6
57555,2,7
57556,2,7
57557,0,6
57558,4,0
57559,0,4
57560,2,7
57561,6,8
57562,3,8
57563,2,9
57564,2,7
57565,0,6
57566,7,5
57567,2,9
57568,7,3
57569,2,4
57570,2,7
57571,6,1
57572,6,7
57573,3,2
57574,6,2
57575,0,0
57576,2,7
57577,0,6
57578,0,6
57579,6,1
57580,8,8
57581,2,7
57582,2,4
57583,3,2
57584,3,3
57585,6,4
57586,4,0
57587,0,6
57588,3,2
57589,2,4
57590,4,9
57591,0,6
57592,3,2
57593,7,5
57594,1,3
57595,0,0
57596,4,8
57597,0,2
57598,7,3
57599,6,1
57600,2,7
57601,3,0
57602,3,8
57603,6,1
57604,1,2
57605,3,2
57606,3,2
57607,6,1
57608,3,3
57609,2,7
57610,8,5
57611,6,8
57612,6,3
57613,6,1
57614,6,1
57615,3,2
57616,7,8
57617,6,8
57618,1,8
57619,3,2
57620,6,2
57621,2,7
57622,8,6
57623,2,9
57624,4,2
57625,3,3
57626,3,2
57627,2,9
57628,4,2
57629,4,0
57630,2,4
57631,6,1
57632,3,2
57633,0,2
57634,4,0
57635,3,3
57636,2,9
57637,2,4
57638,2,9
57639,6,5
57640,7,8
57641,0,6
57642,4,0
57643,2,7
57644,6,1
57645,4,0
57646,2,7
57647,6,1
57648,7,8
57649,0,2
57650,4,0
57651,7,3
57652,6,7
57653,2,7
57654,6,2
57655,6,8
57656,0,6
57657,6,9
57658,3,2
57659,7,0
57660,7,3
57661,6,1
57662,8,5
57663,2,7
57664,6,8
57665,6,8
57666,6,8
57667,6,9
57668,1,8
57669,0,2
57670,2,9
57671,8,5
57672,4,7
57673,6,1
57674,2,9
57675,0,6
57676,2,7
57677,2,4
57678,7,8
57679,3,3
57680,1,3
57681,2,9
57682,4,0
57683,4,9
57684,6,1
57685,4,0
57686,4,0
57687,6,4
57688,2,9
57689,3,3
57690,2,4
57691,0,6
57692,2,7
57693,4,0
57694,3,2
57695,0,0
57696,6,8
57697,1,8
57698,3,3
57699,2,9
57700,4,0
57701,6,8
57702,2,7
57703,2,7
57704,2,4
57705,4,0
57706,4,4
57707,4,0
57708,2,4
57709,2,4
57710,7,5
57711,6,1
57712,2,4
57713,2,4
57714,1,1
57715,6,1
57716,3,2
57717,3,3
57718,6,7
57719,0,6
57720,4,0
57721,2,4
57722,6,1
57723,2,7
57724,2,4
57725,2,7
57726,6,2
57727,4,0
57728,4,9
57729,2,9
57730,4,0
57731,6,8
57732,7,9
57733,2,4
57734,1,3
57735,3,3
57736,8,8
57737,6,8
57738,6,1
57739,3,3
57740,6,1
57741,6,8
57742,0,6
57743,6,5
57744,2,9
57745,6,8
57746,4,0
57747,6,4
57748,6,7
57749,6,1
57750,1,3
57751,6,7
57752,6,2
57753,6,9
57754,0,6
57755,6,2
57756,0,6
57757,4,0
57758,0,6
57759,2,9
57760,4,0
57761,6,1
57762,3,3
57763,2,7
57764,4,6
57765,3,3
57766,3,3
57767,6,8
57768,4,5
57769,4,0
57770,0,6
57771,3,3
57772,7,8
57773,6,8
57774,2,7
57775,6,1
57776,2,9
57777,0,6
57778,6,1
57779,2,4
57780,6,1
57781,3,3
57782,2,9
57783,0,6
57784,4,0
57785,6,1
57786,2,9
57787,6,5
57788,1,3
57789,6,5
57790,6,2
57791,0,6
57792,2,7
57793,5,5
57794,2,9
57795,4,0
57796,2,9
57797,6,1
57798,4,0
57799,3,2
57800,7,8
57801,3,3
57802,0,6
57803,4,4
57804,3,3
57805,7,5
57806,1,3
57807,0,6
57808,9,2
57809,2,7
57810,4,0
57811,4,0
57812,7,5
57813,6,1
57814,7,5
57815,3,2
57816,6,1
57817,3,3
57818,7,5
57819,2,4
57820,3,3
57821,7,5
57822,1,0
57823,0,6
57824,7,5
57825,2,7
57826,7,8
57827,4,0
57828,2,7
57829,6,1
57830,6,1
57831,3,2
57832,7,8
57833,3,3
57834,6,1
57835,2,4
57836,2,7
57837,7,5
57838,3,2
57839,2,7
57840,2,4
57841,2,4
57842,0,6
57843,4,0
57844,2,4
57845,2,4
57846,0,6
57847,4,0
57848,7,5
57849,6,1
57850,0,6
57851,2,7
57852,8,5
57853,7,5
57854,2,9
57855,6,1
57856,3,3
57857,2,4
57858,2,7
57859,3,2
57860,8,6
57861,2,4
57862,2,4
57863,3,3
57864,7,3
57865,6,1
57866,2,7
57867,2,7
57868,1,3
57869,2,8
57870,7,8
57871,3,2
57872,1,3
57873,2,4
57874,2,9
57875,2,4
57876,3,2
57877,3,3
57878,3,2
57879,3,3
57880,7,9
57881,0,6
57882,3,0
57883,0,6
57884,2,7
57885,2,7
57886,3,3
57887,4,0
57888,1,1
57889,3,2
57890,3,2
57891,0,6
57892,2,4
57893,3,3
57894,2,2
57895,4,9
57896,2,9
57897,3,3
57898,3,8
57899,6,2
57900,7,5
57901,4,8
57902,8,5
57903,6,1
57904,3,2
57905,2,7
57906,6,1
57907,4,0
57908,1,2
57909,3,3
57910,1,2
57911,3,2
57912,4,0
57913,2,9
57914,1,3
57915,2,4
57916,1,0
57917,4,0
57918,7,8
57919,3,3
57920,3,3
57921,2,7
57922,2,8
57923,2,7
57924,4,0
57925,2,7
57926,7,5
57927,2,7
57928,1,2
57929,6,1
57930,6,2
57931,6,1
57932,1,3
57933,3,2
57934,2,4
57935,0,6
57936,3,2
57937,2,4
57938,4,4
57939,3,2
57940,2,4
57941,3,3
57942,3,5
57943,0,6
57944,7,5
57945,0,6
57946,2,4
57947,7,5
57948,6,1
57949,2,7
57950,2,4
57951,7,5
57952,1,3
57953,3,2
57954,6,6
57955,9,8
57956,6,2
57957,6,1
57958,6,7
57959,0,6
57960,6,1
57961,6,1
57962,4,0
57963,4,0
57964,3,2
57965,2,4
57966,6,2
57967,3,3
57968,6,1
57969,6,1
57970,2,7
57971,0,6
57972,4,4
57973,6,1
57974,1,3
57975,2,9
57976,6,2
57977,0,0
57978,2,7
57979,6,1
57980,2,7
57981,1,2
57982,3,5
57983,1,3
57984,7,8
57985,4,4
57986,2,9
57987,7,5
57988,7,8
57989,0,6
57990,1,3
57991,2,7
57992,3,2
57993,7,8
57994,4,6
57995,3,0
57996,2,7
57997,6,1
57998,6,1
57999,3,2
58000,1,2
58001,3,3
58002,4,0
58003,2,4
58004,2,9
58005,7,5
58006,2,9
58007,0,6
58008,6,1
58009,2,7
58010,0,6
58011,7,8
58012,4,0
58013,2,9
58014,4,0
58015,4,0
58016,0,6
58017,6,1
58018,4,4
58019,3,2
58020,6,8
58021,3,3
58022,6,1
58023,2,4
58024,6,8
58025,7,5
58026,6,2
58027,0,6
58028,7,8
58029,2,7
58030,3,2
58031,7,8
58032,6,2
58033,6,1
58034,2,9
58035,4,0
58036,4,0
58037,2,4
58038,4,0
58039,7,5
58040,8,5
58041,0,6
58042,2,7
58043,0,6
58044,6,2
58045,3,3
58046,7,8
58047,2,4
58048,1,3
58049,2,4
58050,7,6
58051,6,1
58052,6,1
58053,4,0
58054,2,9
58055,0,6
58056,6,1
58057,0,4
58058,8,8
58059,2,9
58060,6,2
58061,2,7
58062,4,0
58063,3,2
58064,8,3
58065,1,3
58066,2,4
58067,1,3
58068,6,2
58069,2,9
58070,3,8
58071,3,2
58072,6,1
58073,4,0
58074,4,0
58075,6,9
58076,4,9
58077,3,3
58078,2,7
58079,3,3
58080,1,3
58081,2,9
58082,6,1
58083,6,1
58084,3,3
58085,3,5
58086,6,3
58087,3,2
58088,2,9
58089,3,3
58090,2,7
58091,6,1
58092,2,7
58093,0,6
58094,1,7
58095,6,7
58096,2,9
58097,3,3
58098,6,2
58099,2,7
58100,6,8
58101,6,4
58102,4,0
58103,6,2
58104,6,2
58105,6,4
58106,2,7
58107,6,8
58108,4,0
58109,2,7
58110,4,0
58111,0,6
58112,2,9
58113,3,3
58114,0,2
58115,0,6
58116,4,0
58117,7,5
58118,2,7
58119,7,5
58120,6,1
58121,4,0
58122,7,8
58123,6,1
58124,0,6
58125,2,7
58126,3,2
58127,2,9
58128,2,7
58129,6,9
58130,6,5
58131,6,8
58132,2,9
58133,0,6
58134,6,5
58135,5,2
58136,0,6
58137,1,2
58138,8,8
58139,6,1
58140,2,7
58141,6,5
58142,7,5
58143,2,7
58144,3,3
58145,7,5
58146,4,0
58147,6,1
58148,6,1
58149,3,3
58150,6,8
58151,0,4
58152,6,9
58153,2,4
58154,6,5
58155,6,1
58156,6,8
58157,0,6
58158,7,8
58159,6,9
58160,4,0
58161,6,1
58162,3,2
58163,3,3
58164,2,4
58165,7,5
58166,0,6
58167,2,7
58168,2,8
58169,2,9
58170,4,0
58171,6,1
58172,3,2
58173,7,3
58174,2,4
58175,7,5
58176,0,6
58177,2,7
58178,6,8
58179,2,9
58180,4,0
58181,6,1
58182,3,2
58183,7,3
58184,2,4
58185,2,7
58186,6,8
58187,2,9
58188,2,7
58189,6,1
58190,7,5
58191,0,6
58192,3,2
58193,7,5
58194,0,4
58195,6,8
58196,6,1
58197,2,7
58198,6,1
58199,4,8
58200,3,3
58201,6,8
58202,2,7
58203,6,1
58204,2,7
58205,2,7
58206,4,0
58207,6,1
58208,2,4
58209,2,4
58210,2,4
58211,2,4
58212,2,4
58213,2,9
58214,2,7
58215,3,2
58216,0,6
58217,7,5
58218,2,4
58219,7,3
58220,4,8
58221,2,7
58222,2,9
58223,4,0
58224,0,6
58225,2,4
58226,0,6
58227,3,3
58228,2,7
58229,4,0
58230,6,1
58231,4,4
58232,6,8
58233,6,8
58234,6,1
58235,3,2
58236,2,9
58237,3,3
58238,6,1
58239,7,8
58240,4,4
58241,3,2
58242,2,9
58243,2,9
58244,3,2
58245,2,9
58246,0,6
58247,4,0
58248,7,5
58249,3,3
58250,3,3
58251,0,6
58252,3,3
58253,6,1
58254,3,2
58255,7,5
58256,4,0
58257,7,3
58258,2,7
58259,4,6
58260,6,1
58261,7,5
58262,7,5
58263,2,9
58264,2,9
58265,4,0
58266,6,1
58267,3,2
58268,1,3
58269,2,4
58270,7,5
58271,0,6
58272,2,7
58273,3,8
58274,2,9
58275,7,0
58276,6,1
58277,3,2
58278,7,3
58279,0,4
58280,7,5
58281,0,6
58282,2,7
58283,6,8
58284,2,9
58285,0,0
58286,6,1
58287,3,2
58288,1,3
58289,0,4
58290,7,5
58291,0,6
58292,2,7
58293,6,8
58294,2,9
58295,0,6
58296,6,8
58297,3,2
58298,1,3
58299,6,7
58300,0,4
58301,0,6
58302,6,8
58303,0,6
58304,0,6
58305,6,8
58306,0,0
58307,6,1
58308,2,7
58309,6,1
58310,2,7
58311,1,3
58312,1,5
58313,1,0
58314,6,2
58315,3,2
58316,0,0
58317,0,2
58318,7,5
58319,0,4
58320,6,1
58321,7,5
58322,6,1
58323,3,2
58324,1,3
58325,0,4
58326,6,8
58327,1,3
58328,3,3
58329,0,6
58330,7,5
58331,6,9
58332,6,9
58333,3,3
58334,6,8
58335,6,1
58336,3,3
58337,2,7
58338,6,9
58339,3,3
58340,0,4
58341,6,1
58342,2,7
58343,3,3
58344,6,9
58345,0,6
58346,2,7
58347,0,4
58348,2,9
58349,2,7
58350,4,0
58351,2,9
58352,0,6
58353,4,0
58354,0,6
58355,6,1
58356,4,0
58357,7,5
58358,6,8
58359,7,5
58360,0,0
58361,6,1
58362,4,0
58363,2,9
58364,0,4
58365,6,5
58366,2,9
58367,6,7
58368,6,1
58369,2,9
58370,0,6
58371,6,8
58372,6,9
58373,3,2
58374,6,8
58375,7,5
58376,4,0
58377,6,1
58378,3,2
58379,1,3
58380,2,4
58381,7,5
58382,0,6
58383,2,7
58384,7,8
58385,4,9
58386,4,0
58387,6,1
58388,6,2
58389,1,3
58390,2,4
58391,7,5
58392,0,6
58393,2,7
58394,9,8
58395,4,9
58396,4,0
58397,6,1
58398,3,2
58399,1,3
58400,8,4
58401,4,9
58402,4,0
58403,7,5
58404,0,6
58405,3,8
58406,1,3
58407,4,9
58408,4,0
58409,6,2
58410,1,3
58411,1,3
58412,1,3
58413,3,9
58414,7,5
58415,0,6
58416,2,4
58417,2,4
58418,6,2
58419,7,5
58420,0,4
58421,1,3
58422,4,9
58423,3,6
58424,3,8
58425,2,7
58426,2,9
58427,6,1
58428,7,5
58429,3,2
58430,3,6
58431,3,3
58432,2,4
58433,2,4
58434,6,1
58435,3,6
58436,2,4
58437,4,9
58438,0,6
58439,7,5
58440,6,1
58441,3,2
58442,0,6
58443,0,6
58444,2,7
58445,7,8
58446,7,8
58447,6,1
58448,3,8
58449,3,3
58450,2,7
58451,6,1
58452,3,2
58453,2,7
58454,4,0
58455,2,7
58456,7,5
58457,4,0
58458,4,0
58459,6,1
58460,7,5
58461,4,0
58462,4,0
58463,4,4
58464,3,8
58465,1,3
58466,6,1
58467,3,8
58468,3,2
58469,2,9
58470,4,9
58471,7,5
58472,3,2
58473,0,6
58474,0,4
58475,3,8
58476,3,2
58477,7,5
58478,2,4
58479,6,1
58480,2,7
58481,6,1
58482,0,4
58483,1,3
58484,7,9
58485,2,7
58486,6,1
58487,3,2
58488,0,6
58489,4,0
58490,2,7
58491,1,3
58492,4,0
58493,6,1
58494,3,2
58495,3,3
58496,2,4
58497,2,7
58498,6,8
58499,2,9
58500,4,0
58501,6,1
58502,3,2
58503,3,3
58504,2,4
58505,7,5
58506,0,6
58507,2,7
58508,6,8
58509,2,9
58510,4,0
58511,6,1
58512,3,2
58513,5,3
58514,2,4
58515,7,5
58516,0,6
58517,2,7
58518,2,8
58519,2,9
58520,2,7
58521,4,0
58522,0,6
58523,4,0
58524,2,7
58525,3,3
58526,2,7
58527,3,3
58528,2,7
58529,4,9
58530,6,7
58531,0,4
58532,4,0
58533,3,2
58534,0,6
58535,8,5
58536,0,6
58537,3,5
58538,6,2
58539,4,9
58540,7,5
58541,5,3
58542,2,9
58543,2,8
58544,3,3
58545,2,4
58546,4,0
58547,7,5
58548,0,4
58549,0,6
58550,3,3
58551,6,4
58552,6,8
58553,4,0
58554,0,6
58555,2,4
58556,2,8
58557,6,1
58558,3,3
58559,2,4
58560,1,0
58561,6,1
58562,2,9
58563,3,2
58564,1,3
58565,2,7
58566,2,9
58567,6,1
58568,3,2
58569,7,5
58570,6,1
58571,2,7
58572,3,2
58573,7,8
58574,2,7
58575,4,0
58576,6,1
58577,4,9
58578,0,6
58579,2,4
58580,6,1
58581,3,2
58582,3,3
58583,2,7
58584,6,0
58585,3,2
58586,6,1
58587,1,3
58588,6,1
58589,2,7
58590,3,2
58591,6,1
58592,0,6
58593,4,8
58594,4,0
58595,2,8
58596,4,9
58597,6,1
58598,0,6
58599,1,0
58600,6,1
58601,6,2
58602,3,3
58603,0,4
58604,7,5
58605,0,6
58606,2,7
58607,6,8
58608,2,9
58609,4,0
58610,6,1
58611,6,2
58612,3,3
58613,0,4
58614,2,7
58615,6,8
58616,2,9
58617,4,0
58618,6,1
58619,6,2
58620,3,3
58621,2,4
58622,7,5
58623,0,6
58624,2,7
58625,6,8
58626,0,6
58627,2,4
58628,6,2
58629,0,6
58630,6,4
58631,2,7
58632,7,5
58633,7,5
58634,0,4
58635,2,7
58636,6,8
58637,2,9
58638,6,2
58639,2,9
58640,3,3
58641,2,9
58642,7,3
58643,6,8
58644,6,2
58645,4,0
58646,7,5
58647,4,0
58648,6,7
58649,6,0
58650,2,4
58651,6,2
58652,0,6
58653,7,5
58654,7,3
58655,7,5
58656,3,3
58657,6,8
58658,4,0
58659,4,0
58660,7,3
58661,6,4
58662,6,1
58663,7,5
58664,3,3
58665,4,0
58666,6,8
58667,3,3
58668,4,0
58669,0,6
58670,1,2
58671,2,7
58672,6,1
58673,6,1
58674,6,8
58675,6,1
58676,2,7
58677,6,1
58678,7,3
58679,6,8
58680,2,9
58681,2,7
58682,0,6
58683,2,7
58684,0,4
58685,6,1
58686,0,6
58687,2,7
58688,7,5
58689,6,1
58690,2,7
58691,6,1
58692,2,9
58693,6,8
58694,4,0
58695,0,6
58696,2,9
58697,6,4
58698,2,9
58699,2,9
58700,3,3
58701,2,7
58702,6,1
58703,2,9
58704,6,2
58705,6,2
58706,7,5
58707,3,3
58708,2,7
58709,6,8
58710,3,2
58711,3,3
58712,2,4
58713,7,5
58714,0,6
58715,2,7
58716,6,8
58717,2,9
58718,4,0
58719,6,1
58720,3,2
58721,3,3
58722,2,4
58723,7,5
58724,0,6
58725,2,7
58726,4,0
58727,6,1
58728,0,2
58729,3,3
58730,2,4
58731,8,5
58732,0,6
58733,2,7
58734,6,8
58735,2,9
58736,7,8
58737,6,1
58738,4,0
58739,7,5
58740,7,5
58741,6,1
58742,2,9
58743,4,0
58744,0,4
58745,6,1
58746,2,9
58747,3,3
58748,6,8
58749,2,4
58750,2,7
58751,2,7
58752,6,8
58753,7,5
58754,4,0
58755,0,6
58756,7,5
58757,7,5
58758,7,3
58759,3,3
58760,7,3
58761,2,9
58762,6,8
58763,6,1
58764,0,4
58765,4,0
58766,0,6
58767,6,1
58768,4,0
58769,4,0
58770,0,6
58771,3,2
58772,6,1
58773,6,1
58774,3,3
58775,0,2
58776,6,8
58777,6,8
58778,2,7
58779,6,8
58780,2,4
58781,0,6
58782,4,0
58783,3,2
58784,4,0
58785,3,3
58786,0,6
58787,6,8
58788,2,7
58789,6,1
58790,7,5
58791,2,9
58792,2,9
58793,6,3
58794,3,2
58795,2,4
58796,2,9
58797,0,4
58798,0,6
58799,3,5
58800,3,3
58801,3,2
58802,7,5
58803,7,5
58804,6,9
58805,6,4
58806,6,1
58807,0,6
58808,7,5
58809,4,0
58810,6,1
58811,6,2
58812,7,3
58813,0,4
58814,7,5
58815,0,6
58816,2,7
58817,7,8
58818,2,9
58819,4,0
58820,6,1
58821,0,2
58822,7,3
58823,0,4
58824,7,5
58825,0,6
58826,2,7
58827,7,8
58828,7,9
58829,3,0
58830,6,1
58831,0,2
58832,2,3
58833,0,4
58834,7,5
58835,0,6
58836,2,7
58837,3,8
58838,2,9
58839,0,6
58840,0,4
58841,3,2
58842,0,6
58843,0,4
58844,2,7
58845,7,5
58846,7,5
58847,0,4
58848,2,7
58849,7,8
58850,2,9
58851,3,2
58852,2,9
58853,3,3
58854,7,9
58855,7,3
58856,7,8
58857,3,2
58858,4,0
58859,2,9
58860,7,8
58861,4,0
58862,7,5
58863,0,6
58864,4,0
58865,6,1
58866,4,0
58867,4,4
58868,3,2
58869,0,6
58870,7,5
58871,2,5
58872,7,5
58873,0,4
58874,1,3
58875,0,4
58876,6,1
58877,8,5
58878,3,3
58879,4,0
58880,7,8
58881,3,3
58882,4,0
58883,0,6
58884,3,2
58885,2,7
58886,6,1
58887,6,1
58888,4,8
58889,6,1
58890,2,7
58891,6,1
58892,7,3
58893,3,8
58894,7,5
58895,4,4
58896,3,2
58897,4,0
58898,2,9
58899,2,7
58900,0,6
58901,2,7
58902,0,4
58903,6,1
58904,0,6
58905,7,8
58906,0,4
58907,2,7
58908,7,5
58909,6,1
58910,3,2
58911,0,6
58912,2,7
58913,6,1
58914,2,9
58915,7,8
58916,4,0
58917,0,6
58918,2,9
58919,0,4
58920,2,9
58921,2,9
58922,0,6
58923,3,2
58924,3,3
58925,2,7
58926,6,1
58927,2,9
58928,3,2
58929,3,2
58930,7,5
58931,3,3
58932,2,7
58933,3,8
58934,4,0
58935,6,1
58936,3,2
58937,3,3
58938,2,4
58939,7,5
58940,0,6
58941,2,7
58942,6,8
58943,4,0
58944,6,1
58945,3,2
58946,3,3
58947,0,4
58948,7,5
58949,0,6
58950,2,7
58951,6,8
58952,4,0
58953,6,1
58954,3,2
58955,3,3
58956,0,4
58957,7,5
58958,0,6
58959,2,7
58960,6,8
58961,6,9
58962,3,2
58963,6,1
58964,3,2
58965,6,1
58966,3,3
58967,2,9
58968,2,9
58969,6,8
58970,6,5
58971,3,3
58972,2,7
58973,4,0
58974,2,7
58975,2,7
58976,7,5
58977,2,7
58978,2,9
58979,2,9
58980,0,4
58981,2,7
58982,4,0
58983,3,3
58984,2,4
58985,6,1
58986,0,4
58987,0,4
58988,2,7
58989,0,5
58990,6,8
58991,6,1
58992,2,4
58993,6,8
58994,2,4
58995,6,1
58996,6,8
58997,0,6
58998,0,6
58999,0,4
59000,0,6
59001,7,3
59002,7,5
59003,2,7
59004,3,2
59005,7,5
59006,2,9
59007,3,2
59008,0,6
59009,3,2
59010,6,1
59011,3,2
59012,4,0
59013,6,8
59014,3,3
59015,6,8
59016,3,3
59017,4,0
59018,6,8
59019,2,7
59020,2,4
59021,2,9
59022,6,5
59023,4,0
59024,2,9
59025,2,7
59026,0,4
59027,2,9
59028,6,1
59029,0,6
59030,3,2
59031,2,7
59032,0,6
59033,6,1
59034,6,8
59035,0,6
59036,6,1
59037,4,0
59038,3,3
59039,0,6
59040,3,2
59041,6,1
59042,2,4
59043,4,0
59044,6,1
59045,6,2
59046,3,3
59047,0,4
59048,2,7
59049,7,8
59050,2,9
59051,4,0
59052,6,1
59053,3,2
59054,3,3
59055,2,4
59056,2,7
59057,6,8
59058,2,9
59059,4,0
59060,6,1
59061,3,2
59062,3,3
59063,0,4
59064,6,5
59065,0,6
59066,2,7
59067,7,8
59068,2,7
59069,2,4
59070,3,3
59071,6,1
59072,6,8
59073,0,6
59074,6,1
59075,6,9
59076,3,2
59077,0,4
59078,4,0
59079,2,9
59080,2,9
59081,3,3
59082,2,7
59083,2,7
59084,2,9
59085,6,1
59086,7,8
59087,2,4
59088,2,7
59089,0,5
59090,6,8
59091,7,5
59092,1,3
59093,3,2
59094,3,2
59095,4,0
59096,7,5
59097,7,8
59098,0,6
59099,4,0
59100,3,3
59101,7,8
59102,6,1
59103,4,0
59104,3,3
59105,4,0
59106,2,4
59107,2,7
59108,2,4
59109,2,9
59110,3,2
59111,2,9
59112,6,1
59113,0,2
59114,6,1
59115,2,7
59116,6,1
59117,0,6
59118,2,7
59119,3,3
59120,3,3
59121,0,6
59122,3,2
59123,6,8
59124,2,7
59125,0,6
59126,0,4
59127,2,9
59128,2,8
59129,7,8
59130,3,2
59131,2,9
59132,0,6
59133,7,5
59134,7,5
59135,2,9
59136,7,5
59137,3,3
59138,2,7
59139,2,4
59140,2,7
59141,0,6
59142,4,0
59143,4,0
59144,2,4
59145,0,6
59146,0,6
59147,2,9
59148,4,0
59149,6,1
59150,6,1
59151,3,3
59152,3,2
59153,6,1
59154,4,0
59155,4,0
59156,6,1
59157,3,2
59158,3,3
59159,2,4
59160,3,5
59161,0,6
59162,2,7
59163,6,8
59164,2,9
59165,4,0
59166,6,1
59167,3,2
59168,3,3
59169,2,4
59170,7,5
59171,0,6
59172,2,7
59173,6,8
59174,2,9
59175,4,0
59176,6,1
59177,3,2
59178,1,3
59179,2,4
59180,5,5
59181,0,6
59182,2,7
59183,6,8
59184,2,9
59185,2,4
59186,3,2
59187,4,0
59188,3,2
59189,6,1
59190,3,5
59191,2,9
59192,0,6
59193,7,5
59194,2,9
59195,3,3
59196,3,5
59197,4,0
59198,2,7
59199,6,1
59200,6,1
59201,3,5
59202,3,3
59203,4,0
59204,2,7
59205,2,9
59206,0,6
59207,6,1
59208,0,6
59209,2,7
59210,2,4
59211,2,9
59212,7,5
59213,2,7
59214,6,9
59215,6,8
59216,7,5
59217,0,6
59218,3,2
59219,2,4
59220,6,8
59221,2,9
59222,3,2
59223,3,2
59224,6,8
59225,4,0
59226,0,6
59227,2,4
59228,3,3
59229,3,3
59230,6,1
59231,3,2
59232,0,4
59233,6,1
59234,7,5
59235,6,8
59236,2,9
59237,0,6
59238,2,9
59239,3,3
59240,2,4
59241,4,0
59242,1,3
59243,2,9
59244,4,0
59245,1,2
59246,2,7
59247,6,1
59248,6,1
59249,4,0
59250,2,7
59251,0,6
59252,3,2
59253,3,2
59254,2,7
59255,0,6
59256,4,0
59257,0,6
59258,2,9
59259,2,4
59260,6,8
59261,0,4
59262,1,3
59263,1,3
59264,2,7
59265,6,8
59266,6,1
59267,4,0
59268,2,4
59269,7,5
59270,6,8
59271,3,3
59272,4,0
59273,0,6
59274,6,8
59275,3,3
59276,2,7
59277,6,8
59278,7,5
59279,2,7
59280,6,8
59281,6,2
59282,7,3
59283,0,4
59284,0,6
59285,2,7
59286,7,8
59287,2,9
59288,4,0
59289,6,1
59290,6,2
59291,7,5
59292,0,6
59293,6,7
59294,3,8
59295,6,9
59296,4,0
59297,6,1
59298,6,2
59299,7,3
59300,0,4
59301,7,5
59302,0,6
59303,3,8
59304,2,7
59305,7,5
59306,2,7
59307,3,3
59308,3,3
59309,3,8
59310,0,6
59311,7,5
59312,0,4
59313,4,0
59314,4,9
59315,1,3
59316,6,2
59317,3,2
59318,3,3
59319,4,0
59320,0,6
59321,0,4
59322,7,3
59323,6,7
59324,0,6
59325,6,9
59326,3,2
59327,6,2
59328,7,3
59329,7,5
59330,7,5
59331,4,0
59332,6,7
59333,6,2
59334,1,3
59335,0,4
59336,4,0
59337,4,0
59338,7,5
59339,6,1
59340,7,8
59341,6,9
59342,4,0
59343,3,8
59344,3,9
59345,0,6
59346,7,5
59347,0,6
59348,6,7
59349,7,5
59350,7,3
59351,7,5
59352,3,3
59353,4,0
59354,1,1
59355,1,2
59356,1,3
59357,2,4
59358,7,5
59359,0,6
59360,2,7
59361,5,8
59362,2,9
59363,5,0
59364,1,1
59365,1,2
59366,1,3
59367,2,4
59368,7,5
59369,0,6
59370,2,7
59371,2,9
59372,4,0
59373,6,1
59374,1,2
59375,1,3
59376,2,4
59377,7,5
59378,0,6
59379,2,7
59380,1,8
59381,2,9
59382,1,1
59383,1,3
59384,7,5
59385,2,9
59386,2,4
59387,6,1
59388,2,7
59389,2,7
59390,5,2
59391,1,1
59392,2,4
59393,1,8
59394,1,3
59395,7,8
59396,1,2
59397,2,9
59398,1,3
59399,1,8
59400,7,5
59401,2,4
59402,1,8
59403,1,8
59404,2,9
59405,2,7
59406,7,5
59407,2,4
59408,1,3
59409,4,9
59410,1,2
59411,7,5
59412,2,7
59413,2,4
59414,6,1
59415,1,2
59416,1,3
59417,0,6
59418,1,0
59419,1,1
59420,1,0
59421,1,0
59422,1,2
59423,1,8
59424,2,7
59425,1,2
59426,7,5
59427,1,1
59428,6,1
59429,3,8
59430,7,5
59431,0,6
59432,2,4
59433,4,0
59434,2,4
59435,2,7
59436,1,3
59437,0,6
59438,7,8
59439,4,0
59440,1,3
59441,2,7
59442,0,6
59443,2,9
59444,1,2
59445,0,6
59446,7,5
59447,1,8
59448,0,6
59449,2,9
59450,4,0
59451,2,4
59452,4,0
59453,0,6
59454,6,1
59455,2,9
59456,5,2
59457,1,0
59458,2,9
59459,7,5
59460,1,1
59461,1,3
59462,2,7
59463,0,6
59464,2,9
59465,4,4
59466,1,8
59467,7,3
59468,2,7
59469,2,7
59470,0,6
59471,1,3
59472,4,0
59473,7,5
59474,0,6
59475,1,2
59476,1,2
59477,4,0
59478,6,1
59479,3,2
59480,3,3
59481,2,4
59482,7,5
59483,0,6
59484,2,7
59485,6,8
59486,2,9
59487,4,0
59488,6,1
59489,3,2
59490,3,3
59491,0,4
59492,3,5
59493,0,6
59494,2,7
59495,6,8
59496,2,9
59497,3,0
59498,6,1
59499,3,2
59500,3,3
59501,0,4
59502,7,5
59503,0,6
59504,2,7
59505,6,8
59506,2,9
59507,3,5
59508,0,6
59509,0,6
59510,4,0
59511,6,8
59512,3,3
59513,2,7
59514,2,9
59515,0,4
59516,2,7
59517,6,1
59518,2,9
59519,6,1
59520,2,7
59521,6,1
59522,2,4
59523,6,1
59524,2,7
59525,7,5
59526,2,7
59527,6,1
59528,3,3
59529,3,3
59530,6,1
59531,0,6
59532,2,9
59533,2,7
59534,0,4
59535,3,3
59536,4,0
59537,3,2
59538,8,5
59539,3,2
59540,0,6
59541,4,0
59542,6,8
59543,0,4
59544,6,8
59545,6,1
59546,3,5
59547,4,0
59548,0,6
59549,0,6
59550,3,3
59551,0,4
59552,2,7
59553,3,5
59554,2,7
59555,3,2
59556,3,2
59557,4,0
59558,4,0
59559,6,1
59560,2,7
59561,2,7
59562,2,9
59563,3,5
59564,2,9
59565,6,8
59566,2,9
59567,0,6
59568,6,8
59569,3,3
59570,0,6
59571,6,1
59572,3,2
59573,2,9
59574,4,5
59575,3,2
59576,4,5
59577,3,2
59578,0,6
59579,3,2
59580,0,4
59581,6,8
59582,2,4
59583,0,6
59584,3,5
59585,4,0
59586,6,1
59587,3,2
59588,7,3
59589,2,4
59590,7,5
59591,0,6
59592,2,7
59593,7,8
59594,2,9
59595,4,0
59596,6,1
59597,3,2
59598,7,3
59599,2,4
59600,8,5
59601,0,6
59602,6,7
59603,7,8
59604,4,9
59605,4,0
59606,6,1
59607,1,2
59608,2,4
59609,8,5
59610,0,6
59611,2,7
59612,7,8
59613,4,0
59614,2,4
59615,3,0
59616,6,1
59617,2,7
59618,6,5
59619,6,1
59620,6,4
59621,3,2
59622,6,8
59623,0,4
59624,3,3
59625,6,1
59626,6,7
59627,7,8
59628,5,2
59629,6,4
59630,3,3
59631,3,3
59632,0,6
59633,2,9
59634,2,9
59635,7,5
59636,6,8
59637,0,6
59638,2,7
59639,4,0
59640,0,6
59641,3,2
59642,0,6
59643,7,3
59644,2,9
59645,6,1
59646,2,7
59647,2,4
59648,3,8
59649,6,8
59650,2,9
59651,3,0
59652,3,3
59653,0,0
59654,7,5
59655,3,2
59656,2,9
59657,6,4
59658,6,1
59659,4,0
59660,3,3
59661,6,7
59662,6,5
59663,6,8
59664,2,7
59665,2,7
59666,6,8
59667,6,2
59668,2,9
59669,7,5
59670,7,5
59671,6,1
59672,3,2
59673,0,6
59674,2,4
59675,3,2
59676,7,5
59677,5,2
59678,7,3
59679,0,6
59680,4,0
59681,0,0
59682,2,7
59683,7,5
59684,3,2
59685,7,8
59686,6,1
59687,0,6
59688,6,1
59689,4,0
59690,2,4
59691,1,3
59692,6,1
59693,0,6
59694,6,1
59695,2,9
59696,4,0
59697,6,1
59698,3,2
59699,1,3
59700,2,4
59701,0,5
59702,0,6
59703,2,7
59704,4,0
59705,6,1
59706,3,2
59707,3,3
59708,6,4
59709,0,6
59710,2,7
59711,6,8
59712,7,0
59713,6,1
59714,1,2
59715,1,3
59716,2,4
59717,2,7
59718,6,8
59719,0,9
59720,3,2
59721,3,2
59722,6,4
59723,4,0
59724,2,7
59725,7,3
59726,1,5
59727,2,4
59728,6,1
59729,7,8
59730,0,0
59731,1,5
59732,3,2
59733,2,7
59734,6,2
59735,3,3
59736,0,6
59737,5,2
59738,6,1
59739,2,7
59740,2,7
59741,2,9
59742,1,2
59743,6,4
59744,0,6
59745,2,7
59746,6,7
59747,6,5
59748,2,9
59749,2,9
59750,6,1
59751,6,8
59752,0,6
59753,6,4
59754,0,6
59755,0,0
59756,2,9
59757,3,2
59758,0,6
59759,6,4
59760,3,3
59761,2,9
59762,0,0
59763,6,8
59764,6,8
59765,2,9
59766,6,4
59767,2,7
59768,6,1
59769,1,3
59770,0,6
59771,2,9
59772,2,4
59773,6,1
59774,2,7
59775,0,6
59776,2,9
59777,3,3
59778,3,3
59779,2,7
59780,6,4
59781,6,1
59782,2,9
59783,6,1
59784,1,0
59785,0,6
59786,3,0
59787,6,1
59788,3,2
59789,0,4
59790,7,5
59791,0,6
59792,2,7
59793,6,8
59794,2,9
59795,4,0
59796,6,1
59797,6,2
59798,1,3
59799,2,4
59800,7,5
59801,0,6
59802,2,7
59803,7,8
59804,2,9
59805,5,0
59806,6,1
59807,3,2
59808,1,3
59809,2,4
59810,3,5
59811,0,6
59812,2,7
59813,6,8
59814,6,9
59815,1,3
59816,3,2
59817,2,9
59818,3,3
59819,3,2
59820,6,1
59821,2,4
59822,7,5
59823,7,5
59824,3,2
59825,6,3
59826,0,2
59827,6,1
59828,3,3
59829,2,9
59830,6,7
59831,6,2
59832,6,1
59833,3,2
59834,6,8
59835,2,9
59836,6,1
59837,7,8
59838,6,8
59839,6,7
59840,3,0
59841,0,6
59842,2,7
59843,2,7
59844,6,8
59845,2,7
59846,7,5
59847,3,0
59848,0,6
59849,6,1
59850,7,5
59851,2,7
59852,6,4
59853,0,6
59854,6,1
59855,3,2
59856,2,7
59857,2,9
59858,2,9
59859,4,0
59860,3,3
59861,7,8
59862,2,4
59863,2,4
59864,6,1
59865,6,8
59866,0,6
59867,7,5
59868,3,0
59869,4,0
59870,1,3
59871,2,7
59872,6,1
59873,0,6
59874,2,4
59875,3,2
59876,0,6
59877,0,6
59878,3,0
59879,2,4
59880,7,5
59881,0,4
59882,6,1
59883,3,3
59884,6,8
59885,0,6
59886,1,3
59887,2,9
59888,2,9
59889,7,5
59890,2,9
59891,1,3
59892,0,6
59893,2,4
59894,2,7
59895,0,6
59896,3,2
59897,3,2
59898,3,0
59899,2,9
59900,6,4
59901,4,0
59902,6,1
59903,6,2
59904,3,3
59905,0,4
59906,7,5
59907,0,6
59908,2,7
59909,6,8
59910,2,9
59911,3,0
59912,6,1
59913,3,2
59914,3,3
59915,6,4
59916,6,8
59917,6,9
59918,0,0
59919,6,1
59920,6,2
59921,3,3
59922,0,4
59923,0,5
59924,0,6
59925,2,7
59926,6,8
59927,6,9
59928,0,6
59929,4,0
59930,7,3
59931,0,4
59932,6,1
59933,0,4
59934,0,0
59935,2,7
59936,7,8
59937,2,7
59938,2,7
59939,2,9
59940,0,0
59941,6,4
59942,2,9
59943,2,4
59944,0,0
59945,7,5
59946,6,8
59947,7,5
59948,2,9
59949,7,8
59950,6,8
59951,0,4
59952,0,0
59953,6,7
59954,6,1
59955,3,3
59956,7,5
59957,3,3
59958,6,1
59959,0,6
59960,6,5
59961,3,3
59962,6,8
59963,6,7
59964,3,3
59965,6,1
59966,0,6
59967,6,8
59968,0,5
59969,2,9
59970,3,2
59971,3,2
59972,3,0
59973,2,9
59974,3,2
59975,6,4
59976,0,6
59977,2,7
59978,3,3
59979,6,1
59980,3,3
59981,0,6
59982,0,6
59983,3,2
59984,6,1
59985,3,2
59986,0,6
59987,3,0
59988,2,7
59989,6,8
59990,2,9
59991,3,2
59992,6,9
59993,0,5
59994,6,1
59995,6,8
59996,3,3
59997,7,5
59998,0,6
59999,6,8
60000,2,7
60001,3,2
60002,6,1
60003,4,0
60004,4,4
60005,6,1
60006,2,4
60007,2,9
60008,8,5
60009,2,9
60010,4,0
60011,3,6
60012,2,9
60013,4,0
60014,6,1
60015,8,5
60016,2,9
60017,2,7
60018,5,3
60019,2,4
60020,2,9
60021,0,6
60022,4,6
60023,8,5
60024,2,4
60025,4,0
60026,2,7
60027,2,4
60028,4,0
60029,6,1
60030,1,3
60031,6,1
60032,1,3
60033,0,4
60034,6,7
60035,3,2
60036,2,7
60037,6,1
60038,6,2
60039,6,1
60040,6,1
60041,2,7
60042,2,4
60043,6,2
60044,1,3
60045,7,5
60046,1,1
60047,3,2
60048,2,4
60049,4,4
60050,0,6
60051,5,3
60052,7,5
60053,4,5
60054,4,6
60055,4,0
60056,4,4
60057,6,1
60058,2,9
60059,6,5
60060,2,7
60061,3,8
60062,2,9
60063,3,3
60064,2,7
60065,2,4
60066,4,6
60067,2,4
60068,1,3
60069,4,0
60070,2,7
60071,4,0
60072,3,2
60073,6,9
60074,6,1
60075,2,7
60076,3,3
60077,2,2
60078,6,9
60079,2,7
60080,2,7
60081,0,6
60082,3,2
60083,2,7
60084,7,8
60085,2,4
60086,2,7
60087,1,3
60088,0,6
60089,6,1
60090,3,3
60091,0,6
60092,6,9
60093,1,3
60094,1,1
60095,2,4
60096,2,1
60097,1,7
60098,0,6
60099,2,9
60100,4,6
60101,4,0
60102,7,5
60103,2,4
60104,8,9
60105,2,9
60106,3,2
60107,6,1
60108,2,9
60109,0,4
60110,3,8
60111,6,7
60112,6,3
60113,2,9
60114,6,7
60115,0,4
60116,8,4
60117,2,4
60118,2,9
60119,4,2
60120,7,5
60121,0,4
60122,2,7
60123,0,6
60124,2,7
60125,2,9
60126,3,0
60127,7,5
60128,7,8
60129,7,5
60130,0,6
60131,0,6
60132,7,5
60133,1,7
60134,6,8
60135,6,1
60136,4,0
60137,6,1
60138,0,6
60139,2,4
60140,0,6
60141,2,7
60142,3,3
60143,6,1
60144,2,7
60145,6,1
60146,7,8
60147,3,2
60148,4,0
60149,9,2
60150,2,9
60151,4,9
60152,7,5
60153,7,5
60154,6,1
60155,7,5
60156,0,6
60157,4,0
60158,1,3
60159,2,4
60160,8,4
60161,0,6
60162,7,5
60163,2,4
60164,0,6
60165,7,5
60166,0,4
60167,0,5
60168,6,1
60169,2,4
60170,2,4
60171,1,7
60172,3,2
60173,3,3
60174,3,2
60175,6,7
60176,6,1
60177,4,8
60178,6,1
60179,1,8
60180,6,1
60181,3,8
60182,8,5
60183,4,0
60184,3,8
60185,2,9
60186,1,2
60187,7,5
60188,4,0
60189,6,1
60190,6,1
60191,8,1
60192,4,0
60193,2,9
60194,4,0
60195,8,3
60196,6,1
60197,0,6
60198,2,4
60199,1,2
60200,1,3
60201,0,6
60202,6,1
60203,6,1
60204,6,1
60205,3,3
60206,2,9
60207,7,5
60208,6,2
60209,7,9
60210,2,4
60211,7,5
60212,2,9
60213,6,3
60214,2,9
60215,4,0
60216,3,3
60217,0,6
60218,7,5
60219,7,5
60220,2,7
60221,3,2
60222,1,2
60223,2,7
60224,6,1
60225,6,2
60226,8,8
60227,0,4
60228,6,1
60229,2,7
60230,1,3
60231,6,3
60232,8,8
60233,2,8
60234,2,7
60235,2,9
60236,1,2
60237,6,2
60238,2,4
60239,6,1
60240,8,5
60241,3,9
60242,6,8
60243,2,7
60244,6,2
60245,5,3
60246,4,0
60247,0,4
60248,2,4
60249,6,2
60250,2,4
60251,6,1
60252,2,9
60253,7,5
60254,2,7
60255,2,7
60256,6,2
60257,1,8
60258,3,2
60259,4,6
60260,7,8
60261,6,5
60262,2,7
60263,2,7
60264,2,9
60265,6,1
60266,3,8
60267,6,1
60268,3,8
60269,3,0
60270,7,3
60271,4,0
60272,6,1
60273,2,9
60274,2,9
60275,4,4
60276,6,1
60277,4,8
60278,3,2
60279,6,1
60280,6,2
60281,2,9
60282,2,7
60283,7,5
60284,4,9
60285,3,2
60286,8,6
60287,8,4
60288,6,1
60289,8,5
60290,8,8
60291,3,2
60292,2,9
60293,1,2
60294,4,0
60295,2,4
60296,4,0
60297,4,0
60298,3,2
60299,3,8
60300,6,4
60301,1,7
60302,6,1
60303,3,2
60304,2,4
60305,4,0
60306,6,2
60307,2,7
60308,2,4
60309,3,3
60310,3,3
60311,4,0
60312,4,0
60313,8,3
60314,6,1
60315,2,9
60316,0,6
60317,7,5
60318,3,2
60319,8,5
60320,6,9
60321,6,2
60322,2,9
60323,3,3
60324,4,0
60325,0,4
60326,6,2
60327,4,0
60328,2,7
60329,6,1
60330,6,1
60331,6,2
60332,6,1
60333,8,5
60334,3,3
60335,3,3
60336,2,9
60337,2,7
60338,9,8
60339,8,6
60340,1,5
60341,4,6
60342,6,1
60343,3,3
60344,7,8
60345,6,1
60346,4,0
60347,7,5
60348,6,1
60349,2,3
60350,6,1
60351,7,5
60352,4,5
60353,0,6
60354,6,1
60355,6,8
60356,7,5
60357,6,1
60358,2,7
60359,2,9
60360,4,4
60361,0,6
60362,2,2
60363,6,2
60364,7,5
60365,4,0
60366,0,6
60367,7,5
60368,8,6
60369,3,3
60370,2,7
60371,1,2
60372,4,0
60373,7,8
60374,7,8
60375,7,5
60376,2,4
60377,6,1
60378,6,1
60379,2,4
60380,4,0
60381,5,3
60382,1,3
60383,2,7
60384,0,6
60385,6,1
60386,0,6
60387,3,2
60388,6,1
60389,2,9
60390,3,2
60391,6,8
60392,0,6
60393,6,1
60394,2,9
60395,7,5
60396,6,2
60397,8,5
60398,4,4
60399,2,4
60400,3,2
60401,7,8
60402,5,3
60403,2,8
60404,6,2
60405,2,4
60406,7,5
60407,4,0
60408,3,3
60409,6,1
60410,2,7
60411,6,7
60412,7,5
60413,2,7
60414,2,9
60415,2,7
60416,6,1
60417,2,9
60418,3,2
60419,6,1
60420,2,4
60421,4,2
60422,2,9
60423,1,2
60424,4,0
60425,0,4
60426,2,9
60427,6,1
60428,2,4
60429,8,8
60430,6,1
60431,7,8
60432,8,4
60433,7,5
60434,2,9
60435,6,8
60436,6,8
60437,1,3
60438,2,7
60439,0,6
60440,4,0
60441,4,0
60442,1,3
60443,4,0
60444,6,2
60445,3,6
60446,0,6
60447,6,4
60448,7,9
60449,7,3
60450,1,3
60451,1,3
60452,6,2
60453,3,3
60454,2,9
60455,6,1
60456,6,2
60457,8,6
60458,7,8
60459,4,0
60460,7,5
60461,0,6
60462,0,6
60463,0,6
60464,6,3
60465,7,8
60466,6,8
60467,1,2
60468,6,7
60469,7,5
60470,7,8
60471,2,9
60472,0,6
60473,6,1
60474,7,8
60475,4,4
60476,6,1
60477,3,2
60478,8,5
60479,4,9
60480,6,1
60481,2,9
60482,2,7
60483,7,5
60484,2,4
60485,4,0
60486,7,8
60487,2,9
60488,2,9
60489,6,1
60490,0,0
60491,8,5
60492,3,2
60493,3,3
60494,2,7
60495,3,8
60496,2,9
60497,2,4
60498,4,0
60499,0,6
60500,1,3
60501,2,9
60502,6,5
60503,3,2
60504,6,1
60505,1,3
60506,6,1
60507,1,3
60508,8,6
60509,7,5
60510,6,7
60511,6,4
60512,6,2
60513,1,2
60514,0,6
60515,3,3
60516,3,2
60517,0,6
60518,7,5
60519,2,4
60520,6,8
60521,2,9
60522,2,7
60523,6,1
60524,3,3
60525,4,0
60526,1,3
60527,7,8
60528,5,3
60529,6,1
60530,2,9
60531,3,3
60532,4,4
60533,4,4
60534,0,6
60535,4,4
60536,1,2
60537,6,1
60538,6,8
60539,3,2
60540,7,5
60541,2,4
60542,8,8
60543,4,8
60544,8,4
60545,4,0
60546,4,0
60547,6,2
60548,1,3
60549,3,2
60550,2,7
60551,1,7
60552,1,0
60553,3,8
60554,2,7
60555,2,4
60556,2,4
60557,2,7
60558,2,9
60559,0,6
60560,2,9
60561,4,0
60562,2,9
60563,6,8
60564,4,0
60565,2,4
60566,0,6
60567,4,0
60568,0,6
60569,8,3
60570,7,5
60571,2,4
60572,2,8
60573,1,3
60574,3,3
60575,2,9
60576,1,3
60577,7,3
60578,3,3
60579,2,7
60580,1,8
60581,4,0
60582,3,8
60583,6,2
60584,6,1
60585,2,7
60586,4,0
60587,0,6
60588,7,5
60589,2,4
60590,3,3
60591,1,8
60592,4,0
60593,2,9
60594,0,6
60595,3,3
60596,4,8
60597,0,0
60598,2,9
60599,2,9
60600,0,6
60601,6,8
60602,0,6
60603,4,8
60604,7,5
60605,6,7
60606,3,8
60607,0,6
60608,4,0
60609,6,2
60610,0,4
60611,4,0
60612,3,2
60613,6,2
60614,6,3
60615,6,1
60616,2,9
60617,2,7
60618,7,5
60619,1,1
60620,4,0
60621,6,8
60622,4,4
60623,0,6
60624,6,2
60625,0,6
60626,2,7
60627,2,9
60628,7,3
60629,3,2
60630,2,9
60631,1,8
60632,3,2
60633,3,2
60634,2,9
60635,6,2
60636,2,7
60637,5,3
60638,7,5
60639,2,9
60640,6,1
60641,7,8
60642,0,0
60643,6,2
60644,4,0
60645,8,5
60646,6,2
60647,6,1
60648,7,3
60649,2,7
60650,0,6
60651,2,7
60652,6,1
60653,1,2
60654,4,5
60655,1,8
60656,4,0
60657,1,3
60658,2,7
60659,2,2
60660,0,4
60661,4,0
60662,2,9
60663,6,1
60664,6,8
60665,0,6
60666,2,7
60667,6,7
60668,2,4
60669,3,3
60670,6,4
60671,4,9
60672,6,1
60673,2,9
60674,8,5
60675,6,1
60676,2,7
60677,1,3
60678,2,9
60679,2,7
60680,0,6
60681,2,9
60682,6,1
60683,3,3
60684,1,7
60685,6,8
60686,1,3
60687,7,3
60688,8,6
60689,2,7
60690,3,2
60691,8,8
60692,7,5
60693,8,8
60694,6,5
60695,6,1
60696,6,1
60697,2,4
60698,2,4
60699,7,3
60700,6,1
60701,4,0
60702,6,7
60703,2,7
60704,4,0
60705,2,7
60706,2,9
60707,2,4
60708,2,4
60709,6,8
60710,7,5
60711,7,5
60712,2,4
60713,4,0
60714,7,8
60715,3,2
60716,6,1
60717,5,0
60718,1,8
60719,4,4
60720,8,5
60721,4,0
60722,2,4
60723,4,0
60724,0,6
60725,6,1
60726,2,7
60727,1,3
60728,6,2
60729,0,6
60730,4,7
60731,3,2
60732,0,6
60733,2,9
60734,1,3
60735,6,1
60736,4,4
60737,0,6
60738,3,2
60739,8,5
60740,2,4
60741,6,2
60742,4,0
60743,0,6
60744,3,2
60745,6,1
60746,2,7
60747,1,3
60748,2,4
60749,6,1
60750,4,0
60751,7,5
60752,0,4
60753,1,3
60754,6,1
60755,6,1
60756,2,7
60757,2,4
60758,2,9
60759,2,9
60760,2,4
60761,7,8
60762,4,4
60763,4,0
60764,3,2
60765,2,4
60766,7,5
60767,6,1
60768,6,1
60769,0,6
60770,2,4
60771,2,7
60772,6,1
60773,2,9
60774,2,4
60775,1,2
60776,8,4
60777,1,1
60778,8,5
60779,8,5
60780,1,3
60781,8,8
60782,3,3
60783,6,1
60784,4,4
60785,7,5
60786,0,6
60787,7,8
60788,2,9
60789,4,4
60790,6,1
60791,7,5
60792,1,3
60793,7,8
60794,4,0
60795,1,3
60796,3,2
60797,6,5
60798,6,1
60799,3,2
60800,3,8
60801,1,3
60802,2,4
60803,4,4
60804,4,0
60805,7,8
60806,3,8
60807,3,3
60808,1,3
60809,6,1
60810,2,7
60811,1,3
60812,7,5
60813,2,9
60814,0,6
60815,1,3
60816,6,2
60817,0,6
60818,6,1
60819,3,3
60820,0,6
60821,4,0
60822,2,7
60823,0,2
60824,6,1
60825,2,7
60826,6,1
60827,2,4
60828,3,2
60829,0,4
60830,3,2
60831,6,1
60832,2,7
60833,2,9
60834,8,6
60835,6,1
60836,6,1
60837,6,2
60838,2,4
60839,7,8
60840,6,1
60841,2,7
60842,2,7
60843,4,4
60844,8,8
60845,4,0
60846,2,7
60847,1,3
60848,6,1
60849,3,3
60850,6,1
60851,4,0
60852,2,7
60853,6,7
60854,4,0
60855,1,3
60856,7,5
60857,6,5
60858,6,2
60859,2,7
60860,0,6
60861,0,6
60862,2,9
60863,3,2
60864,7,8
60865,1,3
60866,8,5
60867,6,2
60868,3,2
60869,7,5
60870,8,6
60871,4,0
60872,6,8
60873,6,2
60874,6,9
60875,3,2
60876,3,8
60877,4,8
60878,7,8
60879,7,8
60880,6,7
60881,2,4
60882,2,9
60883,1,3
60884,4,0
60885,0,6
60886,0,6
60887,3,3
60888,3,2
60889,6,1
60890,7,3
60891,6,2
60892,1,2
60893,2,9
60894,1,3
60895,4,0
60896,0,0
60897,7,5
60898,6,7
60899,7,8
60900,6,1
60901,2,4
60902,2,4
60903,0,6
60904,4,0
60905,1,2
60906,2,9
60907,6,1
60908,2,4
60909,2,7
60910,2,4
60911,2,7
60912,3,3
60913,4,9
60914,6,8
60915,6,8
60916,0,4
60917,2,7
60918,6,1
60919,5,2
60920,6,1
60921,3,2
60922,6,2
60923,1,3
60924,6,2
60925,3,3
60926,3,2
60927,3,3
60928,2,9
60929,6,1
60930,6,7
60931,2,4
60932,4,0
60933,3,3
60934,7,5
60935,7,5
60936,7,8
60937,0,6
60938,7,3
60939,4,2
60940,8,6
60941,2,7
60942,0,6
60943,0,6
60944,7,3
60945,3,2
60946,2,7
60947,2,8
60948,6,1
60949,6,1
60950,6,7
60951,7,5
60952,4,6
60953,2,4
60954,2,9
60955,8,5
60956,1,1
60957,7,3
60958,1,3
60959,8,4
60960,6,7
60961,6,8
60962,2,9
60963,6,1
60964,6,1
60965,0,6
60966,2,9
60967,6,1
60968,8,4
60969,2,4
60970,8,5
60971,2,4
60972,4,0
60973,0,6
60974,3,2
60975,3,2
60976,1,3
60977,6,1
60978,7,5
60979,6,1
60980,3,2
60981,4,0
60982,6,3
60983,6,8
60984,6,1
60985,3,2
60986,0,6
60987,2,7
60988,6,1
60989,0,6
60990,3,2
60991,7,3
60992,2,9
60993,4,0
60994,1,1
60995,3,2
60996,3,2
60997,4,0
60998,7,8
60999,2,9
61000,6,9
61001,4,0
61002,6,2
61003,7,5
61004,6,1
61005,2,9
61006,2,7
61007,6,8
61008,6,1
61009,4,0
61010,2,4
61011,6,1
61012,2,7
61013,2,9
61014,0,6
61015,2,4
61016,3,2
61017,0,6
61018,7,8
61019,6,1
61020,3,3
61021,2,7
61022,7,5
61023,2,4
61024,6,4
61025,6,1
61026,4,8
61027,6,1
61028,5,3
61029,6,8
61030,6,1
61031,1,2
61032,8,5
61033,6,8
61034,4,0
61035,0,6
61036,6,2
61037,6,1
61038,6,1
61039,2,7
61040,6,1
61041,7,5
61042,1,3
61043,2,4
61044,4,6
61045,2,9
61046,8,5
61047,4,0
61048,4,9
61049,3,2
61050,3,2
61051,4,4
61052,7,8
61053,3,2
61054,6,1
61055,2,7
61056,6,2
61057,2,4
61058,2,9
61059,4,4
61060,2,4
61061,4,0
61062,2,3
61063,2,9
61064,3,2
61065,1,2
61066,1,3
61067,7,3
61068,8,8
61069,1,3
61070,7,5
61071,2,7
61072,6,3
61073,7,5
61074,7,8
61075,6,1
61076,3,2
61077,2,4
61078,0,4
61079,0,6
61080,2,4
61081,2,9
61082,6,5
61083,6,1
61084,4,0
61085,0,6
61086,2,9
61087,8,5
61088,2,9
61089,1,5
61090,4,9
61091,2,7
61092,6,3
61093,3,8
61094,4,0
61095,1,3
61096,4,7
61097,6,1
61098,3,3
61099,0,6
61100,2,7
61101,1,8
61102,7,5
61103,2,9
61104,2,7
61105,2,9
61106,0,6
61107,3,9
61108,0,6
61109,5,3
61110,2,7
61111,2,4
61112,0,4
61113,7,5
61114,1,3
61115,7,5
61116,2,4
61117,6,7
61118,3,8
61119,6,7
61120,6,8
61121,4,0
61122,2,7
61123,0,6
61124,6,8
61125,8,8
61126,2,7
61127,1,3
61128,1,3
61129,6,1
61130,4,9
61131,7,5
61132,3,2
61133,2,7
61134,1,3
61135,6,5
61136,6,1
61137,6,1
61138,6,2
61139,6,1
61140,2,4
61141,2,7
61142,4,4
61143,2,7
61144,7,5
61145,4,4
61146,8,5
61147,2,4
61148,4,0
61149,8,8
61150,3,3
61151,0,6
61152,2,9
61153,8,6
61154,4,0
61155,6,2
61156,2,7
61157,2,4
61158,2,4
61159,0,4
61160,0,4
61161,0,6
61162,0,6
61163,2,4
61164,2,7
61165,2,9
61166,3,3
61167,2,4
61168,7,5
61169,7,5
61170,7,8
61171,2,7
61172,3,3
61173,2,7
61174,3,2
61175,2,7
61176,3,0
61177,6,2
61178,0,4
61179,6,1
61180,6,1
61181,6,6
61182,8,6
61183,2,9
61184,6,2
61185,7,8
61186,2,7
61187,3,2
61188,4,0
61189,6,1
61190,7,5
61191,0,0
61192,2,9
61193,6,1
61194,2,7
61195,4,0
61196,0,6
61197,4,0
61198,8,8
61199,0,6
61200,3,8
61201,6,1
61202,7,8
61203,4,0
61204,7,3
61205,3,3
61206,6,7
61207,3,2
61208,7,3
61209,0,6
61210,3,2
61211,6,1
61212,0,6
61213,6,1
61214,6,1
61215,3,3
61216,2,7
61217,2,9
61218,4,0
61219,3,8
61220,4,0
61221,7,5
61222,2,4
61223,4,0
61224,0,2
61225,6,8
61226,6,7
61227,5,2
61228,7,9
61229,6,8
61230,2,4
61231,4,0
61232,2,9
61233,8,5
61234,7,8
61235,8,5
61236,6,1
61237,6,2
61238,6,1
61239,7,3
61240,6,1
61241,2,7
61242,2,4
61243,8,5
61244,2,7
61245,3,2
61246,4,0
61247,4,9
61248,8,8
61249,6,8
61250,0,6
61251,5,2
61252,8,5
61253,2,4
61254,6,1
61255,2,9
61256,4,2
61257,6,1
61258,7,5
61259,4,8
61260,6,7
61261,4,0
61262,6,2
61263,2,4
61264,8,4
61265,7,3
61266,4,6
61267,8,8
61268,4,8
61269,3,2
61270,2,4
61271,4,0
61272,7,5
61273,1,0
61274,0,4
61275,2,4
61276,1,7
61277,2,9
61278,7,3
61279,0,4
61280,6,1
61281,7,5
61282,2,9
61283,6,7
61284,7,3
61285,7,5
61286,6,8
61287,7,8
61288,0,0
61289,7,5
61290,1,3
61291,5,3
61292,0,6
61293,0,6
61294,4,0
61295,6,1
61296,8,6
61297,4,0
61298,5,3
61299,4,5
61300,2,4
61301,8,4
61302,6,1
61303,3,2
61304,2,9
61305,6,1
61306,2,4
61307,0,6
61308,4,9
61309,2,9
61310,1,3
61311,2,9
61312,7,8
61313,2,4
61314,0,4
61315,3,3
61316,6,1
61317,7,3
61318,6,1
61319,1,8
61320,6,8
61321,2,7
61322,2,9
61323,2,4
61324,6,8
61325,7,8
61326,6,7
61327,2,9
61328,2,7
61329,6,1
61330,2,4
61331,7,5
61332,0,6
61333,4,0
61334,8,5
61335,6,2
61336,6,2
61337,0,2
61338,6,1
61339,8,5
61340,8,5
61341,3,2
61342,2,4
61343,2,9
61344,0,6
61345,5,2
61346,2,7
61347,2,7
61348,3,2
61349,6,2
61350,6,1
61351,6,1
61352,3,2
61353,6,8
61354,1,3
61355,2,7
61356,6,2
61357,4,4
61358,6,1
61359,2,7
61360,6,1
61361,6,7
61362,0,6
61363,2,7
61364,4,8
61365,1,2
61366,2,7
61367,1,3
61368,6,1
61369,2,7
61370,7,5
61371,7,8
61372,3,2
61373,0,6
61374,3,2
61375,6,2
61376,7,5
61377,0,6
61378,8,5
61379,4,0
61380,4,9
61381,3,2
61382,2,4
61383,3,3
61384,6,3
61385,2,9
61386,2,7
61387,0,6
61388,0,6
61389,7,8
61390,4,0
61391,2,4
61392,6,1
61393,5,5
61394,4,8
61395,3,2
61396,2,9
61397,6,1
61398,7,8
61399,4,0
61400,0,6
61401,2,7
61402,1,2
61403,6,1
61404,4,0
61405,7,5
61406,7,5
61407,3,2
61408,3,0
61409,6,2
61410,3,2
61411,4,0
61412,6,2
61413,2,4
61414,2,9
61415,7,8
61416,4,0
61417,2,9
61418,2,9
61419,4,4
61420,0,6
61421,7,5
61422,4,4
61423,2,9
61424,6,1
61425,0,8
61426,7,3
61427,4,4
61428,2,9
61429,4,9
61430,6,1
61431,6,2
61432,3,2
61433,1,8
61434,6,1
61435,2,9
61436,8,6
61437,2,4
61438,4,0
61439,2,9
61440,0,4
61441,7,8
61442,3,3
61443,7,8
61444,4,6
61445,4,0
61446,1,2
61447,8,5
61448,6,1
61449,2,9
61450,0,6
61451,3,2
61452,2,9
61453,2,4
61454,4,0
61455,2,9
61456,0,6
61457,4,0
61458,0,6
61459,1,2
61460,7,5
61461,2,4
61462,3,2
61463,1,3
61464,4,8
61465,6,4
61466,4,5
61467,7,5
61468,4,0
61469,6,3
61470,7,8
61471,7,5
61472,3,3
61473,8,5
61474,6,8
61475,0,6
61476,3,5
61477,2,7
61478,0,6
61479,1,3
61480,1,3
61481,2,9
61482,8,6
61483,6,1
61484,6,1
61485,3,2
61486,2,9
61487,4,0
61488,4,4
61489,7,3
61490,3,3
61491,0,6
61492,2,9
61493,7,5
61494,4,7
61495,3,3
61496,2,7
61497,2,7
61498,2,7
61499,7,8
61500,6,7
61501,4,9
61502,8,8
61503,3,3
61504,4,0
61505,2,7
61506,3,2
61507,2,7
61508,2,9
61509,2,4
61510,7,5
61511,2,4
61512,2,9
61513,3,3
61514,3,2
61515,6,1
61516,4,4
61517,4,0
61518,6,2
61519,3,3
61520,2,7
61521,7,5
61522,2,7
61523,4,8
61524,1,8
61525,4,5
61526,4,0
61527,1,1
61528,6,1
61529,4,4
61530,1,8
61531,3,3
61532,2,9
61533,4,0
61534,4,0
61535,4,0
61536,0,6
61537,0,6
61538,6,2
61539,1,3
61540,2,7
61541,3,8
61542,2,4
61543,2,7
61544,2,7
61545,2,9
61546,1,2
61547,2,4
61548,6,1
61549,0,4
61550,7,5
61551,6,2
61552,2,4
61553,1,9
61554,2,9
61555,6,1
61556,7,8
61557,0,4
61558,4,0
61559,4,9
61560,6,8
61561,2,4
61562,3,8
61563,2,7
61564,2,7
61565,4,0
61566,2,7
61567,7,8
61568,7,8
61569,0,6
61570,0,0
61571,2,4
61572,6,8
61573,3,8
61574,3,2
61575,0,4
61576,2,7
61577,0,6
61578,0,6
61579,0,6
61580,2,4
61581,6,7
61582,6,1
61583,8,8
61584,3,8
61585,3,2
61586,6,3
61587,0,6
61588,3,3
61589,4,0
61590,4,0
61591,3,3
61592,2,7
61593,0,6
61594,2,9
61595,2,7
61596,2,9
61597,2,9
61598,7,5
61599,2,4
61600,7,3
61601,7,3
61602,0,6
61603,6,1
61604,3,2
61605,3,3
61606,2,7
61607,8,3
61608,1,3
61609,3,2
61610,4,0
61611,1,3
61612,3,3
61613,1,8
61614,0,4
61615,3,3
61616,0,6
61617,3,3
61618,7,5
61619,4,0
61620,1,2
61621,4,0
61622,2,9
61623,4,0
61624,2,7
61625,2,4
61626,0,6
61627,9,9
61628,3,3
61629,7,5
61630,6,1
61631,2,9
61632,0,6
61633,6,1
61634,6,4
61635,8,5
61636,0,4
61637,7,5
61638,0,0
61639,7,5
61640,4,9
61641,8,5
61642,3,2
61643,6,1
61644,6,2
61645,2,9
61646,6,1
61647,2,9
61648,2,9
61649,4,4
61650,4,0
61651,6,8
61652,4,4
61653,7,5
61654,1,2
61655,4,9
61656,6,2
61657,6,1
61658,6,2
61659,6,1
61660,6,7
61661,1,3
61662,0,6
61663,7,8
61664,3,8
61665,2,4
61666,2,9
61667,6,1
61668,2,9
61669,7,8
61670,7,5
61671,1,7
61672,7,5
61673,6,1
61674,6,1
61675,6,8
61676,0,6
61677,7,5
61678,4,2
61679,2,4
61680,2,4
61681,2,3
61682,3,2
61683,3,3
61684,6,5
61685,0,6
61686,8,8
61687,6,8
61688,0,6
61689,6,2
61690,3,3
61691,1,1
61692,4,0
61693,7,5
61694,6,8
61695,6,9
61696,0,2
61697,2,9
61698,0,6
61699,2,7
61700,4,0
61701,2,4
61702,7,8
61703,6,7
61704,6,1
61705,2,7
61706,2,4
61707,6,1
61708,4,0
61709,8,9
61710,2,7
61711,6,2
61712,4,0
61713,4,0
61714,2,9
61715,6,1
61716,6,7
61717,4,8
61718,2,7
61719,6,8
61720,4,4
61721,2,7
61722,5,2
61723,4,0
61724,4,4
61725,8,6
61726,4,0
61727,6,3
61728,6,1
61729,6,1
61730,1,3
61731,3,3
61732,4,9
61733,0,6
61734,2,7
61735,2,4
61736,6,1
61737,5,5
61738,3,3
61739,4,0
61740,3,8
61741,6,7
61742,3,3
61743,2,9
61744,0,6
61745,2,9
61746,3,3
61747,6,5
61748,1,0
61749,3,2
61750,2,7
61751,0,4
61752,8,5
61753,6,1
61754,2,7
61755,3,5
61756,6,8
61757,4,0
61758,7,8
61759,6,8
61760,6,1
61761,8,5
61762,4,0
61763,6,3
61764,4,0
61765,7,3
61766,6,1
61767,2,4
61768,4,0
61769,1,3
61770,6,7
61771,6,2
61772,2,7
61773,6,1
61774,7,8
61775,4,0
61776,6,7
61777,4,0
61778,2,4
61779,1,3
61780,6,1
61781,4,9
61782,4,8
61783,2,7
61784,2,7
61785,1,1
61786,2,4
61787,2,9
61788,2,9
61789,1,3
61790,2,2
61791,6,1
61792,2,7
61793,2,9
61794,4,0
61795,3,2
61796,4,0
61797,3,3
61798,1,3
61799,2,7
61800,0,6
61801,4,9
61802,3,2
61803,3,3
61804,1,3
61805,2,7
61806,2,7
61807,4,0
61808,0,0
61809,2,7
61810,7,5
61811,3,2
61812,2,9
61813,3,8
61814,2,7
61815,2,4
61816,2,4
61817,3,2
61818,0,6
61819,0,6
61820,6,1
61821,2,9
61822,8,6
61823,4,8
61824,6,2
61825,2,9
61826,4,0
61827,7,8
61828,1,3
61829,6,1
61830,6,1
61831,0,6
61832,1,3
61833,7,5
61834,6,1
61835,6,1
61836,6,1
61837,1,3
61838,6,1
61839,6,2
61840,1,3
61841,4,0
61842,3,2
61843,4,0
61844,6,1
61845,3,3
61846,7,5
61847,7,5
61848,2,7
61849,2,4
61850,1,8
61851,2,9
61852,0,6
61853,2,9
61854,0,6
61855,8,8
61856,3,3
61857,0,6
61858,0,6
61859,3,8
61860,8,5
61861,6,1
61862,2,4
61863,3,2
61864,2,4
61865,6,4
61866,8,5
61867,6,1
61868,6,1
61869,2,9
61870,4,0
61871,1,2
61872,2,4
61873,2,9
61874,8,5
61875,2,7
61876,6,1
61877,6,8
61878,3,8
61879,8,5
61880,4,6
61881,2,9
61882,7,8
61883,2,7
61884,6,1
61885,6,1
61886,0,6
61887,2,7
61888,8,6
61889,1,3
61890,3,2
61891,3,2
61892,4,0
61893,1,8
61894,2,9
61895,3,2
61896,7,5
61897,6,1
61898,4,0
61899,8,8
61900,6,1
61901,8,9
61902,8,5
61903,2,7
61904,2,9
61905,0,6
61906,2,9
61907,4,0
61908,0,6
61909,6,1
61910,8,5
61911,8,5
61912,6,8
61913,1,3
61914,7,8
61915,6,2
61916,0,6
61917,8,5
61918,4,0
61919,2,7
61920,2,4
61921,0,6
61922,6,1
61923,3,3
61924,8,4
61925,2,7
61926,7,3
61927,6,2
61928,7,3
61929,2,4
61930,0,2
61931,8,5
61932,3,2
61933,2,7
61934,6,1
61935,2,7
61936,1,2
61937,0,6
61938,4,4
61939,6,1
61940,8,5
61941,2,7
61942,6,8
61943,0,6
61944,4,0
61945,6,1
61946,6,8
61947,1,2
61948,7,5
61949,2,7
61950,2,7
61951,0,6
61952,6,9
61953,1,3
61954,8,5
61955,3,8
61956,2,4
61957,6,2
61958,2,4
61959,4,0
61960,6,8
61961,6,8
61962,7,3
61963,4,4
61964,2,9
61965,6,2
61966,2,7
61967,7,5
61968,6,8
61969,0,6
61970,7,5
61971,0,6
61972,4,0
61973,7,8
61974,0,6
61975,2,7
61976,1,3
61977,4,6
61978,2,4
61979,4,9
61980,2,4
61981,0,6
61982,0,6
61983,1,3
61984,4,2
61985,2,4
61986,6,1
61987,4,0
61988,6,1
61989,0,4
61990,0,6
61991,6,2
61992,2,9
61993,6,1
61994,6,1
61995,4,0
61996,8,6
61997,3,3
61998,2,9
61999,8,5
62000,0,6
62001,7,5
62002,0,6
62003,8,5
62004,7,8
62005,4,4
62006,0,6
62007,2,4
62008,7,3
62009,4,9
62010,6,1
62011,6,3
62012,2,4
62013,6,1
62014,2,9
62015,6,1
62016,6,7
62017,6,1
62018,1,1
62019,2,9
62020,3,3
62021,7,5
62022,2,4
62023,4,0
62024,2,7
62025,3,3
62026,0,6
62027,6,1
62028,6,7
62029,8,5
62030,8,5
62031,7,3
62032,3,3
62033,4,0
62034,6,1
62035,3,5
62036,2,7
62037,4,5
62038,6,8
62039,0,6
62040,7,5
62041,6,1
62042,4,0
62043,6,4
62044,9,2
62045,7,3
62046,2,4
62047,0,6
62048,2,7
62049,2,9
62050,1,8
62051,6,1
62052,0,8
62053,2,4
62054,2,9
62055,6,2
62056,7,8
62057,0,6
62058,1,2
62059,2,7
62060,4,0
62061,4,0
62062,0,6
62063,2,7
62064,8,5
62065,7,8
62066,0,6
62067,4,0
62068,4,9
62069,1,3
62070,2,7
62071,6,1
62072,7,3
62073,4,5
62074,2,4
62075,3,3
62076,3,3
62077,7,5
62078,7,5
62079,0,6
62080,1,3
62081,4,0
62082,6,2
62083,3,3
62084,4,4
62085,6,2
62086,1,3
62087,4,0
62088,2,9
62089,2,9
62090,2,4
62091,2,7
62092,6,2
62093,6,8
62094,2,4
62095,2,7
62096,4,0
62097,0,6
62098,4,2
62099,8,8
62100,8,5
62101,1,2
62102,6,8
62103,7,5
62104,2,7
62105,1,3
62106,4,0
62107,4,8
62108,1,2
62109,2,3
62110,3,2
62111,7,8
62112,3,2
62113,8,5
62114,7,5
62115,4,7
62116,8,6
62117,2,4
62118,4,6
62119,6,8
62120,2,4
62121,6,8
62122,6,2
62123,2,7
62124,4,4
62125,8,5
62126,3,2
62127,4,0
62128,3,3
62129,6,9
62130,7,4
62131,0,6
62132,2,7
62133,1,2
62134,7,5
62135,6,6
62136,6,1
62137,6,1
62138,6,2
62139,3,3
62140,4,6
62141,2,7
62142,8,8
62143,6,7
62144,4,6
62145,0,4
62146,1,8
62147,2,9
62148,2,4
62149,2,8
62150,0,6
62151,8,3
62152,7,8
62153,1,3
62154,6,1
62155,4,0
62156,0,6
62157,6,2
62158,6,2
62159,7,5
62160,0,6
62161,2,9
62162,7,5
62163,1,8
62164,6,1
62165,2,4
62166,1,1
62167,2,7
62168,3,8
62169,2,4
62170,0,6
62171,6,1
62172,7,8
62173,2,4
62174,1,3
62175,6,1
62176,3,2
62177,3,8
62178,4,0
62179,1,8
62180,7,5
62181,4,9
62182,1,1
62183,4,4
62184,1,2
62185,4,0
62186,3,2
62187,2,7
62188,1,0
62189,6,9
62190,4,0
62191,3,2
62192,3,5
62193,6,7
62194,0,6
62195,2,7
62196,2,9
62197,6,4
62198,6,2
62199,0,6
62200,6,2
62201,4,4
62202,2,4
62203,7,8
62204,4,0
62205,2,4
62206,2,4
62207,7,5
62208,1,8
62209,4,0
62210,0,6
62211,1,8
62212,2,9
62213,7,8
62214,3,5
62215,8,6
62216,2,9
62217,4,0
62218,2,4
62219,4,8
62220,2,7
62221,6,1
62222,3,3
62223,2,4
62224,4,5
62225,4,8
62226,4,0
62227,2,9
62228,6,1
62229,7,3
62230,3,3
62231,0,6
62232,2,9
62233,4,8
62234,2,7
62235,6,1
62236,4,0
62237,7,5
62238,2,7
62239,6,1
62240,2,7
62241,7,5
62242,6,2
62243,2,7
62244,2,9
62245,6,1
62246,6,8
62247,7,5
62248,6,2
62249,4,4
62250,2,9
62251,8,4
62252,2,7
62253,3,2
62254,3,2
62255,1,3
62256,4,4
62257,2,9
62258,6,1
62259,2,9
62260,3,2
62261,6,1
62262,2,7
62263,4,9
62264,0,4
62265,2,4
62266,1,1
62267,0,6
62268,2,7
62269,6,2
62270,2,7
62271,1,8
62272,7,8
62273,6,1
62274,2,9
62275,2,7
62276,6,1
62277,6,1
62278,2,7
62279,7,5
62280,3,3
62281,3,3
62282,7,5
62283,6,1
62284,7,3
62285,2,7
62286,4,6
62287,6,1
62288,3,3
62289,6,8
62290,2,7
62291,7,5
62292,7,9
62293,0,9
62294,4,0
62295,4,0
62296,6,2
62297,8,8
62298,7,8
62299,6,2
62300,7,3
62301,2,7
62302,6,1
62303,3,3
62304,4,0
62305,1,3
62306,2,4
62307,2,4
62308,1,3
62309,7,8
62310,2,9
62311,1,2
62312,7,3
62313,2,9
62314,6,7
62315,6,1
62316,6,1
62317,2,7
62318,4,0
62319,4,4
62320,2,9
62321,0,6
62322,8,5
62323,2,9
62324,6,1
62325,2,7
62326,4,0
62327,6,2
62328,4,0
62329,3,0
62330,2,4
62331,0,6
62332,2,7
62333,4,0
62334,6,7
62335,6,1
62336,2,4
62337,0,6
62338,2,4
62339,7,5
62340,2,4
62341,4,9
62342,2,9
62343,6,1
62344,2,7
62345,2,9
62346,7,5
62347,3,3
62348,1,3
62349,7,8
62350,0,2
62351,1,3
62352,0,6
62353,1,2
62354,6,2
62355,6,1
62356,6,1
62357,6,1
62358,6,1
62359,6,1
62360,0,6
62361,2,9
62362,6,8
62363,8,4
62364,1,3
62365,2,7
62366,6,1
62367,0,6
62368,2,4
62369,4,5
62370,4,0
62371,2,4
62372,2,7
62373,2,4
62374,6,2
62375,2,4
62376,4,0
62377,6,7
62378,4,0
62379,6,1
62380,4,9
62381,2,8
62382,3,8
62383,0,6
62384,4,0
62385,4,0
62386,2,4
62387,2,9
62388,0,6
62389,8,8
62390,6,2
62391,6,2
62392,1,3
62393,3,8
62394,2,4
62395,3,8
62396,3,2
62397,6,2
62398,1,1
62399,2,7
62400,8,5
62401,2,4
62402,2,4
62403,4,0
62404,0,4
62405,3,3
62406,6,9
62407,2,7
62408,7,3
62409,6,1
62410,4,0
62411,6,1
62412,6,2
62413,4,5
62414,2,9
62415,1,2
62416,6,1
62417,4,0
62418,6,1
62419,3,8
62420,4,9
62421,6,1
62422,4,6
62423,4,8
62424,3,3
62425,4,8
62426,2,9
62427,7,3
62428,0,6
62429,6,2
62430,8,8
62431,3,3
62432,6,2
62433,6,2
62434,6,1
62435,4,0
62436,4,4
62437,6,2
62438,2,9
62439,3,2
62440,4,4
62441,1,3
62442,2,7
62443,2,9
62444,6,1
62445,7,5
62446,3,2
62447,2,4
62448,2,9
62449,4,0
62450,1,3
62451,6,8
62452,7,5
62453,6,3
62454,4,6
62455,0,0
62456,2,9
62457,2,4
62458,0,6
62459,6,2
62460,8,5
62461,4,0
62462,3,2
62463,2,7
62464,2,4
62465,0,6
62466,0,6
62467,7,8
62468,0,6
62469,0,6
62470,7,8
62471,0,6
62472,2,9
62473,1,1
62474,6,7
62475,6,2
62476,7,5
62477,2,9
62478,2,9
62479,4,0
62480,6,7
62481,1,2
62482,2,7
62483,0,6
62484,2,7
62485,4,0
62486,0,6
62487,7,5
62488,0,2
62489,4,4
62490,2,7
62491,6,2
62492,4,0
62493,2,9
62494,2,9
62495,3,2
62496,0,2
62497,2,9
62498,2,4
62499,2,4
62500,3,2
62501,3,3
62502,5,3
62503,3,2
62504,6,1
62505,2,7
62506,4,0
62507,6,7
62508,0,6
62509,2,4
62510,6,1
62511,3,3
62512,7,8
62513,6,7
62514,2,4
62515,7,5
62516,4,9
62517,3,2
62518,7,5
62519,6,1
62520,6,8
62521,2,7
62522,1,3
62523,2,7
62524,6,1
62525,8,5
62526,1,5
62527,4,0
62528,2,9
62529,6,1
62530,0,4
62531,4,0
62532,0,6
62533,1,3
62534,7,3
62535,4,6
62536,4,0
62537,2,4
62538,2,9
62539,2,7
62540,7,5
62541,6,1
62542,0,6
62543,7,8
62544,2,9
62545,7,5
62546,7,5
62547,2,7
62548,2,9
62549,1,3
62550,7,8
62551,1,3
62552,1,8
62553,6,1
62554,7,5
62555,3,3
62556,7,5
62557,4,0
62558,7,5
62559,8,5
62560,1,3
62561,6,8
62562,0,6
62563,2,7
62564,6,7
62565,2,7
62566,6,3
62567,2,7
62568,4,0
62569,7,5
62570,2,9
62571,4,0
62572,6,2
62573,6,5
62574,4,5
62575,7,3
62576,6,1
62577,2,7
62578,6,7
62579,6,8
62580,0,6
62581,7,5
62582,2,9
62583,7,3
62584,7,8
62585,2,9
62586,7,5
62587,7,3
62588,4,7
62589,4,9
62590,6,1
62591,2,7
62592,4,0
62593,4,0
62594,3,3
62595,2,7
62596,6,2
62597,7,5
62598,6,8
62599,6,1
62600,7,8
62601,0,6
62602,6,2
62603,2,9
62604,3,5
62605,2,7
62606,7,5
62607,6,7
62608,6,8
62609,0,6
62610,7,2
62611,8,5
62612,6,1
62613,4,4
62614,3,8
62615,2,4
62616,8,5
62617,6,8
62618,7,3
62619,4,0
62620,0,6
62621,3,2
62622,2,7
62623,7,3
62624,1,3
62625,6,2
62626,6,1
62627,4,0
62628,6,7
62629,7,3
62630,2,4
62631,4,0
62632,3,3
62633,2,9
62634,3,3
62635,1,2
62636,4,8
62637,4,9
62638,4,0
62639,7,3
62640,6,8
62641,4,0
62642,2,7
62643,0,6
62644,7,5
62645,2,4
62646,2,7
62647,1,3
62648,4,9
62649,4,0
62650,6,8
62651,0,6
62652,6,2
62653,7,5
62654,8,6
62655,6,1
62656,4,0
62657,4,0
62658,2,4
62659,6,4
62660,4,0
62661,6,1
62662,3,2
62663,7,3
62664,3,2
62665,2,7
62666,2,7
62667,7,8
62668,7,5
62669,3,2
62670,7,5
62671,6,7
62672,0,6
62673,2,9
62674,6,1
62675,2,4
62676,6,1
62677,0,6
62678,2,4
62679,1,2
62680,4,4
62681,3,3
62682,7,5
62683,8,4
62684,5,3
62685,2,9
62686,7,5
62687,4,0
62688,6,1
62689,8,5
62690,7,3
62691,8,8
62692,2,9
62693,6,1
62694,2,9
62695,2,7
62696,4,9
62697,7,5
62698,7,5
62699,6,2
62700,2,7
62701,2,4
62702,0,6
62703,4,0
62704,6,1
62705,1,1
62706,6,1
62707,4,0
62708,8,4
62709,2,4
62710,2,7
62711,0,6
62712,3,3
62713,1,0
62714,4,0
62715,2,4
62716,1,3
62717,4,0
62718,0,6
62719,6,1
62720,2,9
62721,8,6
62722,6,1
62723,3,3
62724,7,8
62725,6,1
62726,3,2
62727,7,5
62728,0,6
62729,6,2
62730,2,7
62731,1,3
62732,0,6
62733,4,0
62734,6,1
62735,2,9
62736,6,7
62737,0,6
62738,0,6
62739,8,8
62740,2,9
62741,6,2
62742,4,9
62743,8,5
62744,8,8
62745,3,3
62746,6,1
62747,4,0
62748,4,0
62749,2,7
62750,0,6
62751,0,6
62752,3,2
62753,6,1
62754,0,6
62755,2,9
62756,1,3
62757,6,1
62758,1,8
62759,0,6
62760,6,9
62761,4,0
62762,0,6
62763,4,0
62764,4,0
62765,4,0
62766,0,6
62767,3,3
62768,7,5
62769,2,9
62770,5,3
62771,2,4
62772,6,5
62773,7,5
62774,4,8
62775,8,5
62776,6,3
62777,4,0
62778,0,4
62779,4,0
62780,3,2
62781,2,9
62782,0,6
62783,6,8
62784,6,2
62785,1,3
62786,6,1
62787,3,2
62788,6,1
62789,6,1
62790,7,5
62791,0,6
62792,2,9
62793,6,8
62794,4,0
62795,0,6
62796,0,6
62797,7,5
62798,7,5
62799,3,3
62800,7,8
62801,0,6
62802,3,2
62803,6,1
62804,2,4
62805,7,5
62806,2,4
62807,3,3
62808,2,7
62809,8,8
62810,1,5
62811,0,0
62812,2,9
62813,3,3
62814,7,5
62815,6,1
62816,6,1
62817,4,0
62818,2,4
62819,2,4
62820,2,7
62821,4,0
62822,6,1
62823,2,7
62824,4,0
62825,8,1
62826,0,6
62827,6,1
62828,0,4
62829,8,5
62830,0,6
62831,0,6
62832,7,5
62833,2,7
62834,3,8
62835,0,4
62836,2,4
62837,2,7
62838,3,2
62839,7,5
62840,3,3
62841,2,7
62842,4,0
62843,6,7
62844,2,7
62845,2,9
62846,0,6
62847,2,4
62848,6,2
62849,7,8
62850,3,5
62851,2,7
62852,6,8
62853,1,3
62854,2,9
62855,6,5
62856,6,8
62857,2,9
62858,2,9
62859,6,8
62860,8,6
62861,6,2
62862,6,8
62863,8,9
62864,1,2
62865,7,3
62866,0,6
62867,6,1
62868,6,1
62869,3,8
62870,2,9
62871,3,3
62872,2,4
62873,4,0
62874,2,7
62875,2,9
62876,0,6
62877,2,4
62878,6,1
62879,0,4
62880,6,1
62881,3,3
62882,8,4
62883,2,9
62884,3,3
62885,6,1
62886,2,4
62887,2,7
62888,6,7
62889,4,4
62890,2,7
62891,1,2
62892,2,9
62893,3,3
62894,4,0
62895,7,8
62896,4,8
62897,6,8
62898,2,4
62899,4,0
62900,0,4
62901,6,4
62902,1,1
62903,7,5
62904,3,2
62905,8,8
62906,1,3
62907,2,4
62908,2,9
62909,8,5
62910,6,2
62911,6,8
62912,6,1
62913,8,5
62914,7,3
62915,1,7
62916,2,9
62917,2,4
62918,3,2
62919,8,5
62920,4,6
62921,1,3
62922,7,5
62923,2,9
62924,3,3
62925,7,5
62926,2,9
62927,5,3
62928,6,1
62929,7,9
62930,6,5
62931,1,3
62932,4,0
62933,0,6
62934,2,9
62935,7,8
62936,2,4
62937,4,0
62938,2,4
62939,4,9
62940,6,2
62941,2,9
62942,4,0
62943,6,1
62944,4,0
62945,6,3
62946,6,1
62947,0,6
62948,7,5
62949,6,8
62950,6,1
62951,8,5
62952,1,3
62953,1,3
62954,0,0
62955,1,3
62956,8,5
62957,6,5
62958,2,9
62959,0,2
62960,1,8
62961,2,7
62962,4,0
62963,2,4
62964,2,9
62965,6,1
62966,2,9
62967,2,7
62968,2,7
62969,6,5
62970,4,5
62971,6,2
62972,0,0
62973,2,9
62974,6,1
62975,6,8
62976,0,6
62977,1,2
62978,1,3
62979,2,9
62980,0,6
62981,3,2
62982,6,1
62983,2,9
62984,6,1
62985,1,3
62986,8,5
62987,8,5
62988,4,0
62989,6,3
62990,4,8
62991,1,3
62992,1,3
62993,2,7
62994,0,6
62995,8,6
62996,4,0
62997,6,1
62998,2,4
62999,4,0
63000,8,6
63001,2,9
63002,6,8
63003,6,1
63004,6,2
63005,6,9
63006,2,9
63007,7,5
63008,2,9
63009,6,7
63010,7,3
63011,4,7
63012,6,8
63013,4,0
63014,6,1
63015,1,3
63016,4,0
63017,2,4
63018,0,6
63019,6,1
63020,4,0
63021,4,2
63022,7,5
63023,7,8
63024,4,4
63025,2,4
63026,6,1
63027,6,1
63028,7,5
63029,2,4
63030,4,6
63031,0,6
63032,4,0
63033,4,6
63034,2,9
63035,6,2
63036,0,6
63037,3,2
63038,2,7
63039,6,1
63040,2,7
63041,2,9
63042,0,4
63043,4,0
63044,4,0
63045,3,3
63046,8,8
63047,3,2
63048,3,2
63049,1,3
63050,6,1
63051,0,6
63052,4,0
63053,7,5
63054,2,7
63055,6,7
63056,2,9
63057,3,2
63058,0,6
63059,2,7
63060,6,9
63061,6,7
63062,6,8
63063,0,6
63064,7,8
63065,8,8
63066,2,4
63067,0,6
63068,6,8
63069,4,4
63070,6,1
63071,3,2
63072,6,8
63073,1,1
63074,3,3
63075,2,9
63076,2,4
63077,4,0
63078,8,3
63079,2,7
63080,1,3
63081,6,2
63082,3,3
63083,1,3
63084,2,7
63085,3,3
63086,2,4
63087,4,0
63088,0,6
63089,5,2
63090,4,0
63091,7,8
63092,6,1
63093,8,5
63094,3,3
63095,7,5
63096,2,4
63097,6,1
63098,2,7
63099,6,1
63100,7,5
63101,2,7
63102,6,5
63103,2,7
63104,1,3
63105,3,2
63106,3,2
63107,2,7
63108,7,3
63109,2,7
63110,1,3
63111,2,7
63112,3,8
63113,7,5
63114,0,4
63115,6,5
63116,3,2
63117,7,5
63118,0,6
63119,7,5
63120,3,3
63121,0,6
63122,2,7
63123,2,4
63124,6,1
63125,6,7
63126,6,1
63127,8,5
63128,3,2
63129,1,3
63130,0,6
63131,3,3
63132,6,1
63133,2,4
63134,1,2
63135,0,6
63136,6,7
63137,2,4
63138,3,3
63139,3,8
63140,4,0
63141,0,6
63142,3,2
63143,6,1
63144,0,6
63145,7,5
63146,7,3
63147,2,9
63148,6,1
63149,2,9
63150,7,3
63151,6,2
63152,6,1
63153,3,8
63154,0,4
63155,2,4
63156,0,6
63157,4,5
63158,3,8
63159,0,6
63160,4,9
63161,2,7
63162,2,7
63163,7,8
63164,0,6
63165,2,9
63166,6,7
63167,6,3
63168,2,9
63169,2,4
63170,4,0
63171,8,5
63172,4,4
63173,0,6
63174,4,4
63175,6,1
63176,1,2
63177,1,3
63178,4,0
63179,4,0
63180,3,2
63181,3,6
63182,0,6
63183,7,5
63184,2,7
63185,4,0
63186,6,8
63187,0,6
63188,2,4
63189,2,7
63190,2,9
63191,4,0
63192,2,7
63193,3,3
63194,2,4
63195,3,2
63196,6,1
63197,6,8
63198,7,8
63199,7,5
63200,2,9
63201,3,2
63202,6,7
63203,6,1
63204,2,8
63205,3,8
63206,3,8
63207,6,2
63208,2,7
63209,0,6
63210,0,0
63211,6,1
63212,3,2
63213,6,7
63214,6,1
63215,4,0
63216,8,8
63217,3,3
63218,0,6
63219,4,0
63220,7,5
63221,1,3
63222,0,6
63223,3,2
63224,7,8
63225,6,7
63226,4,0
63227,6,1
63228,4,4
63229,1,2
63230,6,1
63231,6,1
63232,2,4
63233,2,4
63234,2,4
63235,8,4
63236,6,7
63237,6,1
63238,8,6
63239,6,2
63240,3,9
63241,2,9
63242,4,0
63243,4,0
63244,6,1
63245,6,8
63246,7,8
63247,2,4
63248,3,3
63249,2,4
63250,6,2
63251,4,0
63252,0,6
63253,6,1
63254,8,6
63255,6,1
63256,1,2
63257,6,2
63258,3,2
63259,6,1
63260,1,2
63261,1,3
63262,6,7
63263,2,8
63264,6,1
63265,4,0
63266,4,0
63267,6,2
63268,6,1
63269,3,6
63270,4,6
63271,4,0
63272,6,1
63273,0,6
63274,6,2
63275,4,5
63276,6,1
63277,6,7
63278,2,4
63279,7,8
63280,6,2
63281,6,1
63282,2,4
63283,6,3
63284,2,8
63285,1,3
63286,2,9
63287,4,9
63288,4,4
63289,2,8
63290,7,3
63291,2,4
63292,2,7
63293,3,2
63294,1,7
63295,7,5
63296,2,7
63297,4,0
63298,2,4
63299,3,3
63300,5,3
63301,6,2
63302,0,6
63303,2,7
63304,0,6
63305,4,0
63306,4,0
63307,0,6
63308,2,7
63309,2,7
63310,4,0
63311,7,5
63312,8,5
63313,7,8
63314,6,1
63315,4,0
63316,2,7
63317,4,0
63318,6,2
63319,7,8
63320,6,1
63321,7,5
63322,4,0
63323,7,8
63324,6,8
63325,4,0
63326,3,3
63327,6,2
63328,2,7
63329,1,7
63330,3,2
63331,0,6
63332,2,4
63333,2,7
63334,7,5
63335,0,5
63336,7,5
63337,6,2
63338,2,9
63339,6,2
63340,6,8
63341,0,4
63342,0,6
63343,7,8
63344,0,6
63345,4,5
63346,4,0
63347,4,0
63348,7,8
63349,2,7
63350,0,6
63351,6,1
63352,2,7
63353,6,1
63354,6,1
63355,3,2
63356,2,7
63357,4,4
63358,4,0
63359,4,0
63360,2,7
63361,2,7
63362,0,6
63363,1,3
63364,7,8
63365,0,6
63366,2,4
63367,1,2
63368,4,0
63369,2,9
63370,2,4
63371,4,0
63372,8,5
63373,2,7
63374,7,8
63375,6,2
63376,2,7
63377,0,4
63378,2,7
63379,6,1
63380,6,1
63381,1,3
63382,0,6
63383,0,6
63384,8,2
63385,2,9
63386,6,1
63387,2,9
63388,2,4
63389,6,8
63390,1,3
63391,0,6
63392,7,9
63393,7,5
63394,4,9
63395,0,6
63396,3,2
63397,2,4
63398,0,6
63399,2,7
63400,2,7
63401,4,0
63402,0,6
63403,0,6
63404,4,9
63405,6,4
63406,1,8
63407,1,3
63408,7,5
63409,1,3
63410,2,4
63411,2,9
63412,9,0
63413,4,0
63414,7,5
63415,3,2
63416,7,5
63417,4,0
63418,2,7
63419,6,1
63420,6,1
63421,6,1
63422,1,6
63423,2,7
63424,0,6
63425,2,7
63426,2,9
63427,0,6
63428,0,6
63429,2,4
63430,6,1
63431,2,4
63432,1,3
63433,6,1
63434,6,1
63435,3,2
63436,5,2
63437,2,4
63438,6,1
63439,4,0
63440,7,8
63441,6,7
63442,0,6
63443,3,3
63444,2,4
63445,4,0
63446,4,0
63447,0,6
63448,5,3
63449,3,3
63450,0,0
63451,6,7
63452,6,1
63453,6,7
63454,6,1
63455,6,1
63456,7,3
63457,6,1
63458,4,0
63459,4,9
63460,4,9
63461,6,7
63462,7,5
63463,2,4
63464,6,1
63465,2,4
63466,7,8
63467,2,9
63468,8,5
63469,1,3
63470,7,5
63471,6,1
63472,2,9
63473,7,8
63474,6,2
63475,6,3
63476,6,3
63477,2,9
63478,2,9
63479,4,0
63480,6,1
63481,4,0
63482,6,2
63483,2,9
63484,3,3
63485,2,9
63486,3,3
63487,3,3
63488,0,6
63489,6,2
63490,2,4
63491,2,9
63492,7,8
63493,3,3
63494,6,7
63495,2,4
63496,4,0
63497,4,4
63498,2,7
63499,1,8
63500,4,4
63501,2,9
63502,8,8
63503,2,9
63504,2,9
63505,2,7
63506,8,5
63507,7,9
63508,6,2
63509,4,8
63510,6,2
63511,1,2
63512,4,0
63513,6,2
63514,3,2
63515,1,3
63516,7,8
63517,4,4
63518,8,6
63519,8,8
63520,0,6
63521,7,8
63522,1,2
63523,0,4
63524,0,6
63525,6,7
63526,2,9
63527,3,3
63528,3,3
63529,2,9
63530,2,4
63531,7,3
63532,6,1
63533,2,4
63534,0,4
63535,2,7
63536,4,0
63537,6,5
63538,2,9
63539,0,6
63540,0,0
63541,4,4
63542,0,4
63543,0,4
63544,2,4
63545,0,6
63546,6,1
63547,3,2
63548,3,3
63549,1,3
63550,0,6
63551,2,4
63552,6,5
63553,2,9
63554,0,6
63555,7,8
63556,7,5
63557,8,6
63558,1,5
63559,4,8
63560,0,6
63561,2,4
63562,6,1
63563,7,8
63564,0,6
63565,8,5
63566,6,2
63567,6,8
63568,4,4
63569,7,5
63570,7,5
63571,2,4
63572,2,7
63573,6,7
63574,4,0
63575,2,7
63576,6,8
63577,6,2
63578,5,2
63579,3,3
63580,6,7
63581,4,0
63582,6,1
63583,8,8
63584,4,0
63585,1,7
63586,6,1
63587,2,9
63588,7,8
63589,2,7
63590,7,5
63591,7,5
63592,2,9
63593,6,1
63594,2,7
63595,7,5
63596,4,4
63597,4,9
63598,8,1
63599,6,2
63600,6,2
63601,8,1
63602,0,6
63603,0,6
63604,2,7
63605,6,1
63606,6,1
63607,2,4
63608,4,0
63609,2,7
63610,2,4
63611,1,2
63612,2,4
63613,4,0
63614,0,6
63615,4,4
63616,2,7
63617,0,6
63618,2,9
63619,7,5
63620,1,3
63621,2,4
63622,0,6
63623,7,5
63624,4,0
63625,6,1
63626,7,8
63627,6,8
63628,3,2
63629,3,8
63630,1,3
63631,7,5
63632,2,7
63633,7,8
63634,4,0
63635,7,8
63636,7,5
63637,2,7
63638,6,1
63639,6,1
63640,4,0
63641,6,1
63642,7,3
63643,2,7
63644,6,8
63645,7,5
63646,0,0
63647,2,7
63648,6,1
63649,6,1
63650,4,0
63651,6,1
63652,6,1
63653,2,4
63654,8,5
63655,6,2
63656,2,7
63657,0,6
63658,6,2
63659,7,3
63660,4,0
63661,3,2
63662,7,8
63663,7,5
63664,2,9
63665,0,6
63666,2,9
63667,2,7
63668,3,2
63669,6,1
63670,3,3
63671,0,6
63672,0,4
63673,6,1
63674,7,8
63675,3,2
63676,2,4
63677,4,0
63678,8,5
63679,6,1
63680,4,0
63681,3,2
63682,3,2
63683,4,6
63684,2,4
63685,4,4
63686,1,3
63687,2,9
63688,8,6
63689,6,1
63690,0,6
63691,8,5
63692,2,7
63693,2,9
63694,6,2
63695,0,0
63696,3,2
63697,0,6
63698,4,0
63699,6,1
63700,2,4
63701,3,3
63702,8,5
63703,6,2
63704,6,8
63705,3,8
63706,4,0
63707,6,8
63708,3,8
63709,2,9
63710,4,0
63711,2,9
63712,0,6
63713,6,7
63714,0,6
63715,3,3
63716,1,9
63717,7,3
63718,2,4
63719,2,7
63720,1,7
63721,2,7
63722,2,4
63723,4,9
63724,4,0
63725,0,6
63726,2,4
63727,3,8
63728,2,4
63729,1,2
63730,2,7
63731,3,2
63732,6,8
63733,6,1
63734,4,0
63735,4,0
63736,6,7
63737,7,8
63738,3,3
63739,6,3
63740,1,3
63741,6,1
63742,3,3
63743,2,7
63744,0,6
63745,6,1
63746,7,3
63747,6,1
63748,0,6
63749,4,6
63750,7,5
63751,6,7
63752,4,4
63753,6,7
63754,8,5
63755,4,9
63756,4,5
63757,3,8
63758,2,4
63759,2,9
63760,2,9
63761,6,1
63762,0,6
63763,7,5
63764,4,0
63765,6,1
63766,7,3
63767,6,7
63768,4,0
63769,7,3
63770,4,4
63771,4,8
63772,1,2
63773,3,2
63774,4,0
63775,3,2
63776,7,5
63777,6,1
63778,8,5
63779,6,1
63780,0,4
63781,7,8
63782,3,8
63783,2,9
63784,6,1
63785,6,2
63786,6,1
63787,1,3
63788,7,5
63789,6,1
63790,4,0
63791,4,9
63792,8,4
63793,4,4
63794,8,8
63795,5,3
63796,6,2
63797,7,5
63798,2,9
63799,2,7
63800,0,6
63801,0,6
63802,3,2
63803,4,0
63804,4,0
63805,4,0
63806,7,5
63807,7,8
63808,6,7
63809,6,1
63810,7,5
63811,3,2
63812,3,3
63813,7,8
63814,7,5
63815,6,1
63816,7,8
63817,0,2
63818,4,0
63819,4,4
63820,4,9
63821,4,9
63822,0,6
63823,3,2
63824,7,3
63825,3,3
63826,6,5
63827,0,6
63828,2,4
63829,3,8
63830,4,0
63831,2,9
63832,1,2
63833,6,8
63834,3,3
63835,4,6
63836,2,7
63837,7,5
63838,6,7
63839,6,2
63840,4,9
63841,4,4
63842,2,9
63843,6,1
63844,3,2
63845,7,8
63846,4,6
63847,4,0
63848,6,7
63849,4,0
63850,2,9
63851,6,1
63852,6,1
63853,0,6
63854,2,7
63855,7,5
63856,2,9
63857,2,9
63858,6,1
63859,0,9
63860,8,5
63861,2,9
63862,1,2
63863,7,5
63864,4,0
63865,2,4
63866,6,1
63867,4,0
63868,7,8
63869,2,9
63870,4,0
63871,7,8
63872,2,9
63873,7,8
63874,2,9
63875,4,4
63876,6,2
63877,7,5
63878,2,7
63879,4,9
63880,8,8
63881,2,9
63882,8,8
63883,4,0
63884,4,9
63885,4,9
63886,0,6
63887,7,8
63888,4,9
63889,2,9
63890,7,5
63891,2,9
63892,3,8
63893,4,5
63894,6,1
63895,4,0
63896,3,3
63897,1,3
63898,7,5
63899,3,2
63900,6,1
63901,4,6
63902,3,5
63903,4,0
63904,6,2
63905,7,8
63906,6,1
63907,7,5
63908,0,6
63909,6,2
63910,1,3
63911,0,0
63912,3,2
63913,3,2
63914,0,6
63915,2,4
63916,1,3
63917,7,5
63918,7,5
63919,6,1
63920,2,7
63921,3,2
63922,6,1
63923,0,6
63924,2,9
63925,6,1
63926,7,9
63927,2,9
63928,7,5
63929,7,5
63930,6,1
63931,0,6
63932,3,2
63933,3,2
63934,7,8
63935,0,6
63936,2,7
63937,6,1
63938,2,4
63939,0,6
63940,4,0
63941,0,4
63942,4,0
63943,8,3
63944,1,3
63945,3,2
63946,6,2
63947,1,3
63948,0,6
63949,3,8
63950,2,9
63951,2,8
63952,8,5
63953,3,3
63954,2,8
63955,7,5
63956,2,4
63957,7,5
63958,3,2
63959,4,0
63960,7,5
63961,0,6
63962,7,3
63963,3,2
63964,8,8
63965,5,3
63966,4,9
63967,2,9
63968,8,5
63969,2,7
63970,2,9
63971,0,4
63972,0,6
63973,2,7
63974,6,1
63975,3,3
63976,6,7
63977,1,3
63978,0,6
63979,0,6
63980,4,0
63981,2,9
63982,4,0
63983,6,1
63984,2,9
63985,2,9
63986,1,2
63987,1,8
63988,7,8
63989,0,0
63990,6,1
63991,0,6
63992,2,9
63993,2,7
63994,7,5
63995,1,3
63996,4,4
63997,2,7
63998,0,4
63999,2,9
64000,8,9
64001,2,4
64002,1,3
64003,0,6
64004,3,3
64005,6,1
64006,6,1
64007,2,7
64008,0,6
64009,2,9
64010,6,1
64011,7,8
64012,4,4
64013,6,1
64014,6,1
64015,7,9
64016,2,9
64017,2,4
64018,7,3
64019,0,6
64020,7,8
64021,6,1
64022,0,6
64023,4,0
64024,2,4
64025,6,1
64026,3,3
64027,2,7
64028,2,7
64029,2,4
64030,2,9
64031,8,5
64032,6,1
64033,4,0
64034,4,0
64035,6,1
64036,6,1
64037,8,6
64038,6,2
64039,6,1
64040,2,9
64041,7,8
64042,2,4
64043,4,0
64044,3,3
64045,0,6
64046,2,4
64047,2,9
64048,4,0
64049,2,7
64050,6,1
64051,4,6
64052,8,5
64053,2,7
64054,7,5
64055,3,2
64056,7,5
64057,6,1
64058,3,8
64059,8,5
64060,4,4
64061,2,7
64062,4,0
64063,8,6
64064,2,7
64065,4,0
64066,6,2
64067,7,5
64068,3,8
64069,6,1
64070,4,0
64071,4,4
64072,6,5
64073,2,7
64074,6,1
64075,3,8
64076,7,5
64077,6,1
64078,1,9
64079,4,0
64080,4,0
64081,0,6
64082,4,0
64083,2,7
64084,1,3
64085,6,1
64086,1,8
64087,1,3
64088,2,9
64089,2,7
64090,4,0
64091,4,0
64092,6,8
64093,9,9
64094,8,5
64095,2,9
64096,6,8
64097,1,3
64098,3,2
64099,2,7
64100,3,2
64101,2,9
64102,2,7
64103,6,2
64104,6,1
64105,6,1
64106,6,3
64107,2,7
64108,7,5
64109,3,3
64110,6,1
64111,4,9
64112,1,8
64113,1,2
64114,6,2
64115,3,2
64116,3,8
64117,4,8
64118,8,5
64119,2,7
64120,3,3
64121,3,8
64122,2,9
64123,1,8
64124,3,8
64125,0,6
64126,3,8
64127,6,2
64128,3,3
64129,2,9
64130,2,7
64131,6,5
64132,0,6
64133,3,2
64134,2,9
64135,6,2
64136,3,8
64137,8,8
64138,6,1
64139,0,6
64140,3,8
64141,2,8
64142,6,7
64143,2,9
64144,6,1
64145,7,8
64146,4,0
64147,6,1
64148,2,7
64149,3,2
64150,4,0
64151,2,7
64152,6,5
64153,6,1
64154,7,9
64155,4,0
64156,1,2
64157,1,0
64158,4,9
64159,7,8
64160,0,6
64161,1,2
64162,7,3
64163,4,9
64164,1,3
64165,7,8
64166,4,0
64167,6,2
64168,6,1
64169,6,1
64170,6,1
64171,1,1
64172,2,4
64173,3,2
64174,2,9
64175,2,7
64176,2,2
64177,7,5
64178,6,1
64179,6,1
64180,3,2
64181,6,1
64182,2,9
64183,4,9
64184,2,9
64185,6,1
64186,4,0
64187,5,2
64188,4,0
64189,3,2
64190,6,1
64191,6,1
64192,4,4
64193,0,6
64194,2,4
64195,6,1
64196,7,5
64197,0,4
64198,2,9
64199,2,7
64200,2,7
64201,2,1
64202,8,5
64203,4,6
64204,1,2
64205,1,2
64206,3,2
64207,6,8
64208,4,0
64209,0,6
64210,4,9
64211,0,6
64212,1,1
64213,2,9
64214,2,7
64215,2,7
64216,6,1
64217,2,4
64218,7,8
64219,7,5
64220,1,3
64221,2,4
64222,1,3
64223,8,4
64224,2,9
64225,2,7
64226,7,5
64227,4,0
64228,1,7
64229,2,4
64230,4,8
64231,6,8
64232,6,1
64233,7,5
64234,3,3
64235,2,9
64236,7,5
64237,2,9
64238,2,7
64239,8,6
64240,2,9
64241,4,0
64242,3,3
64243,0,6
64244,1,3
64245,2,9
64246,7,8
64247,6,2
64248,8,2
64249,6,1
64250,6,2
64251,6,8
64252,0,6
64253,4,8
64254,6,5
64255,1,5
64256,3,3
64257,4,9
64258,2,4
64259,2,9
64260,1,2
64261,7,5
64262,6,1
64263,7,5
64264,6,1
64265,6,4
64266,8,4
64267,6,1
64268,8,4
64269,0,4
64270,3,3
64271,3,5
64272,2,9
64273,6,1
64274,6,2
64275,6,2
64276,3,3
64277,1,3
64278,4,0
64279,0,2
64280,2,9
64281,4,0
64282,4,0
64283,4,9
64284,8,9
64285,0,6
64286,3,0
64287,4,9
64288,3,3
64289,2,2
64290,7,8
64291,2,4
64292,6,1
64293,4,9
64294,4,9
64295,2,7
64296,3,2
64297,6,7
64298,4,9
64299,2,9
64300,8,5
64301,4,9
64302,6,5
64303,6,1
64304,6,1
64305,7,8
64306,6,3
64307,7,5
64308,6,1
64309,2,9
64310,7,5
64311,1,3
64312,6,5
64313,2,4
64314,2,9
64315,8,5
64316,2,9
64317,7,3
64318,6,1
64319,2,9
64320,4,0
64321,2,9
64322,2,7
64323,7,5
64324,2,4
64325,2,9
64326,3,2
64327,4,0
64328,6,1
64329,4,0
64330,8,5
64331,6,1
64332,2,4
64333,2,9
64334,1,3
64335,6,3
64336,0,6
64337,6,1
64338,8,5
64339,6,2
64340,8,5
64341,3,2
64342,6,2
64343,4,0
64344,5,9
64345,3,2
64346,0,6
64347,0,6
64348,4,0
64349,6,1
64350,6,2
64351,4,0
64352,3,3
64353,4,0
64354,6,2
64355,7,5
64356,8,5
64357,2,7
64358,2,9
64359,4,5
64360,1,5
64361,4,0
64362,7,8
64363,7,9
64364,7,5
64365,4,0
64366,3,3
64367,6,2
64368,4,5
64369,6,9
64370,4,0
64371,6,8
64372,7,8
64373,2,4
64374,5,5
64375,6,8
64376,7,8
64377,2,4
64378,7,5
64379,2,4
64380,7,8
64381,7,5
64382,2,4
64383,2,9
64384,6,2
64385,6,2
64386,6,1
64387,6,2
64388,0,6
64389,6,8
64390,6,8
64391,2,7
64392,4,0
64393,1,3
64394,0,6
64395,4,6
64396,2,4
64397,7,3
64398,1,8
64399,4,8
64400,2,7
64401,6,2
64402,6,2
64403,4,0
64404,4,0
64405,2,9
64406,1,3
64407,2,9
64408,4,9
64409,6,1
64410,2,9
64411,7,8
64412,0,6
64413,0,6
64414,2,4
64415,3,2
64416,0,6
64417,2,9
64418,3,2
64419,3,8
64420,7,5
64421,4,4
64422,7,5
64423,6,7
64424,2,9
64425,2,9
64426,2,9
64427,6,2
64428,6,1
64429,7,8
64430,1,3
64431,2,4
64432,4,0
64433,1,7
64434,8,8
64435,2,3
64436,2,9
64437,3,3
64438,0,4
64439,4,6
64440,7,5
64441,4,6
64442,6,2
64443,6,3
64444,2,9
64445,3,2
64446,0,6
64447,4,0
64448,4,0
64449,3,6
64450,6,1
64451,6,2
64452,7,8
64453,2,7
64454,6,9
64455,0,8
64456,6,2
64457,4,0
64458,2,4
64459,2,7
64460,2,7
64461,7,5
64462,4,0
64463,8,5
64464,0,6
64465,0,4
64466,0,6
64467,2,7
64468,2,4
64469,1,3
64470,4,0
64471,2,7
64472,8,5
64473,4,0
64474,2,7
64475,8,4
64476,6,2
64477,1,0
64478,8,8
64479,2,9
64480,7,9
64481,0,4
64482,3,2
64483,2,4
64484,0,6
64485,2,7
64486,4,8
64487,6,7
64488,8,6
64489,7,9
64490,4,4
64491,6,1
64492,7,3
64493,2,7
64494,1,3
64495,4,0
64496,6,8
64497,2,8
64498,1,7
64499,4,6
64500,2,9
64501,3,3
64502,2,9
64503,1,2
64504,0,2
64505,7,9
64506,3,2
64507,6,1
64508,4,8
64509,6,3
64510,3,2
64511,9,9
64512,0,6
64513,6,8
64514,2,4
64515,4,0
64516,6,1
64517,3,2
64518,7,8
64519,2,4
64520,7,5
64521,2,2
64522,2,7
64523,6,8
64524,6,1
64525,6,1
64526,1,3
64527,4,0
64528,7,3
64529,7,5
64530,2,7
64531,4,0
64532,3,3
64533,6,1
64534,2,9
64535,1,3
64536,8,6
64537,3,3
64538,6,1
64539,2,7
64540,6,7
64541,1,3
64542,4,0
64543,8,8
64544,0,4
64545,6,8
64546,3,2
64547,0,6
64548,4,5
64549,6,2
64550,2,9
64551,2,7
64552,7,3
64553,2,9
64554,4,0
64555,2,9
64556,2,9
64557,0,6
64558,4,4
64559,3,2
64560,4,9
64561,2,7
64562,3,2
64563,6,1
64564,6,1
64565,0,6
64566,2,7
64567,2,4
64568,6,7
64569,8,5
64570,2,9
64571,5,6
64572,3,8
64573,6,2
64574,6,1
64575,0,4
64576,2,4
64577,6,5
64578,2,7
64579,0,6
64580,6,1
64581,1,3
64582,6,2
64583,6,5
64584,2,9
64585,4,9
64586,3,3
64587,0,6
64588,6,1
64589,6,1
64590,2,4
64591,0,6
64592,2,9
64593,2,7
64594,6,2
64595,6,1
64596,7,5
64597,6,1
64598,2,4
64599,0,6
64600,3,3
64601,8,8
64602,6,1
64603,6,1
64604,1,0
64605,1,3
64606,6,1
64607,0,6
64608,7,8
64609,2,4
64610,2,9
64611,4,0
64612,2,7
64613,1,3
64614,5,0
64615,0,2
64616,2,9
64617,4,0
64618,0,6
64619,8,6
64620,0,6
64621,3,3
64622,3,6
64623,2,7
64624,2,7
64625,6,2
64626,7,8
64627,0,6
64628,4,0
64629,4,8
64630,3,3
64631,4,0
64632,6,2
64633,2,9
64634,8,8
64635,1,3
64636,6,2
64637,7,5
64638,3,3
64639,2,8
64640,1,8
64641,4,0
64642,4,0
64643,1,1
64644,2,9
64645,7,5
64646,6,1
64647,7,3
64648,2,9
64649,0,6
64650,4,0
64651,6,1
64652,2,4
64653,6,1
64654,2,7
64655,6,1
64656,1,2
64657,7,3
64658,6,7
64659,2,9
64660,1,7
64661,4,4
64662,7,9
64663,2,9
64664,3,3
64665,2,9
64666,6,2
64667,7,8
64668,3,2
64669,2,7
64670,6,1
64671,7,8
64672,4,0
64673,2,9
64674,6,1
64675,4,0
64676,6,1
64677,2,7
64678,2,7
64679,9,9
64680,0,6
64681,4,9
64682,2,9
64683,2,9
64684,6,2
64685,6,1
64686,0,6
64687,6,1
64688,7,3
64689,8,5
64690,4,7
64691,6,1
64692,4,9
64693,2,7
64694,0,6
64695,2,4
64696,4,5
64697,2,7
64698,0,6
64699,6,6
64700,2,9
64701,2,9
64702,8,6
64703,3,3
64704,0,6
64705,6,2
64706,2,9
64707,6,8
64708,6,1
64709,3,2
64710,3,2
64711,7,5
64712,7,5
64713,3,2
64714,3,3
64715,2,7
64716,6,2
64717,6,1
64718,4,0
64719,6,1
64720,4,0
64721,4,4
64722,5,5
64723,9,2
64724,7,8
64725,6,2
64726,6,8
64727,1,3
64728,7,5
64729,6,1
64730,2,7
64731,1,8
64732,6,1
64733,6,1
64734,6,2
64735,2,9
64736,2,7
64737,8,8
64738,0,4
64739,0,0
64740,6,3
64741,4,0
64742,2,7
64743,1,8
64744,1,8
64745,0,4
64746,2,7
64747,2,7
64748,2,8
64749,8,5
64750,1,8
64751,2,4
64752,2,9
64753,6,8
64754,6,1
64755,6,3
64756,6,8
64757,4,0
64758,3,3
64759,6,1
64760,2,7
64761,6,9
64762,7,5
64763,0,5
64764,6,1
64765,4,6
64766,7,5
64767,2,7
64768,4,4
64769,2,9
64770,3,3
64771,8,5
64772,2,4
64773,2,7
64774,6,1
64775,6,2
64776,4,0
64777,6,8
64778,6,1
64779,0,6
64780,4,0
64781,2,7
64782,7,3
64783,2,4
64784,2,7
64785,7,3
64786,2,9
64787,0,6
64788,4,0
64789,7,8
64790,0,6
64791,0,4
64792,3,8
64793,2,7
64794,2,7
64795,2,9
64796,6,3
64797,7,8
64798,8,6
64799,2,9
64800,2,7
64801,6,2
64802,3,3
64803,2,4
64804,4,0
64805,3,2
64806,6,1
64807,3,8
64808,7,3
64809,7,5
64810,7,5
64811,2,7
64812,1,2
64813,0,4
64814,4,6
64815,2,7
64816,5,2
64817,7,8
64818,1,3
64819,4,0
64820,7,8
64821,2,7
64822,7,8
64823,4,9
64824,4,0
64825,8,8
64826,2,4
64827,2,4
64828,8,5
64829,7,8
64830,7,5
64831,0,6
64832,0,6
64833,3,3
64834,4,0
64835,2,9
64836,1,3
64837,6,7
64838,0,6
64839,1,8
64840,2,9
64841,1,3
64842,8,4
64843,2,9
64844,4,5
64845,6,8
64846,2,9
64847,6,1
64848,3,2
64849,6,8
64850,6,8
64851,0,6
64852,3,8
64853,6,1
64854,1,3
64855,1,7
64856,2,9
64857,4,0
64858,6,1
64859,6,1
64860,2,4
64861,1,7
64862,4,0
64863,8,8
64864,6,1
64865,2,7
64866,2,4
64867,7,5
64868,6,7
64869,6,1
64870,3,2
64871,6,1
64872,6,1
64873,7,3
64874,0,9
64875,0,6
64876,0,2
64877,6,1
64878,3,2
64879,8,8
64880,4,0
64881,2,7
64882,0,6
64883,0,6
64884,2,9
64885,3,3
64886,6,7
64887,4,0
64888,4,5
64889,3,2
64890,3,8
64891,4,0
64892,7,5
64893,2,4
64894,1,3
64895,1,8
64896,2,4
64897,0,6
64898,0,6
64899,3,2
64900,6,7
64901,2,9
64902,7,5
64903,6,1
64904,1,3
64905,6,2
64906,2,4
64907,1,3
64908,0,6
64909,6,1
64910,2,9
64911,2,4
64912,2,4
64913,2,7
64914,0,6
64915,8,5
64916,2,4
64917,6,1
64918,2,9
64919,2,9
64920,3,2
64921,6,7
64922,6,8
64923,0,0
64924,6,1
64925,1,3
64926,0,6
64927,6,1
64928,6,3
64929,4,4
64930,6,1
64931,6,1
64932,6,1
64933,8,5
64934,0,6
64935,4,0
64936,2,7
64937,4,0
64938,2,7
64939,6,2
64940,3,3
64941,3,2
64942,8,5
64943,7,2
64944,1,2
64945,2,9
64946,2,4
64947,2,9
64948,8,8
64949,6,1
64950,3,2
64951,6,1
64952,8,6
64953,6,1
64954,6,2
64955,2,7
64956,8,8
64957,4,0
64958,4,0
64959,4,0
64960,7,8
64961,3,2
64962,3,2
64963,2,9
64964,6,2
64965,3,2
64966,6,7
64967,4,9
64968,4,9
64969,6,2
64970,2,7
64971,8,5
64972,6,1
64973,7,3
64974,0,4
64975,2,9
64976,2,4
64977,6,1
64978,2,8
64979,7,5
64980,0,6
64981,3,2
64982,7,8
64983,1,3
64984,6,1
64985,5,2
64986,4,8
64987,0,4
64988,2,9
64989,2,9
64990,6,3
64991,2,7
64992,4,0
64993,2,7
64994,2,7
64995,6,2
64996,1,3
64997,3,2
64998,2,4
64999,4,0
65000,7,3
65001,2,9
65002,2,9
65003,7,8
65004,2,4
65005,6,1
65006,0,0
65007,0,6
65008,0,0
65009,2,9
65010,0,6
65011,6,8
65012,0,6
65013,6,1
65014,6,1
65015,2,9
65016,7,8
65017,2,9
65018,3,2
65019,3,3
65020,8,5
65021,7,5
65022,2,9
65023,2,4
65024,5,2
65025,6,1
65026,2,9
65027,2,4
65028,3,3
65029,2,9
65030,0,6
65031,4,0
65032,2,4
65033,4,0
65034,0,6
65035,4,0
65036,6,1
65037,1,2
65038,1,3
65039,2,4
65040,2,7
65041,7,8
65042,2,9
65043,4,0
65044,6,1
65045,1,2
65046,1,3
65047,2,4
65048,6,7
65049,7,8
65050,2,9
65051,4,0
65052,6,1
65053,5,2
65054,3,3
65055,0,4
65056,6,5
65057,0,6
65058,6,7
65059,6,8
65060,2,9
65061,6,8
65062,1,3
65063,6,4
65064,2,7
65065,6,8
65066,0,6
65067,3,3
65068,6,4
65069,4,0
65070,2,9
65071,2,7
65072,6,1
65073,2,9
65074,1,3
65075,6,8
65076,2,4
65077,2,7
65078,3,3
65079,4,0
65080,2,9
65081,6,1
65082,2,4
65083,6,5
65084,2,4
65085,0,6
65086,5,2
65087,4,0
65088,0,6
65089,3,2
65090,6,1
65091,6,1
65092,6,1
65093,6,1
65094,2,7
65095,3,2
65096,2,4
65097,2,7
65098,7,5
65099,1,2
65100,2,9
65101,2,4
65102,7,5
65103,6,8
65104,2,4
65105,0,2
65106,2,9
65107,2,7
65108,4,0
65109,4,0
65110,2,7
65111,7,5
65112,6,1
65113,6,1
65114,2,7
65115,0,6
65116,0,6
65117,0,6
65118,3,8
65119,3,2
65120,3,2
65121,2,7
65122,2,7
65123,2,4
65124,4,0
65125,0,2
65126,2,4
65127,6,2
65128,6,1
65129,7,8
65130,2,9
65131,0,6
65132,6,1
65133,4,0
65134,6,5
65135,2,9
65136,0,6
65137,2,9
65138,7,8
65139,4,0
65140,3,3
65141,4,0
65142,7,8
65143,1,3
65144,2,9
65145,0,6
65146,3,3
65147,4,0
65148,6,1
65149,3,2
65150,3,3
65151,2,4
65152,7,5
65153,0,6
65154,2,7
65155,0,0
65156,6,1
65157,3,2
65158,3,3
65159,2,4
65160,7,5
65161,0,6
65162,2,7
65163,3,8
65164,2,9
65165,7,0
65166,6,1
65167,3,2
65168,3,3
65169,2,4
65170,7,5
65171,0,6
65172,2,7
65173,4,8
65174,7,5
65175,2,4
65176,8,8
65177,2,7
65178,2,4
65179,2,7
65180,2,7
65181,7,3
65182,2,9
65183,8,8
65184,8,8
65185,3,3
65186,6,1
65187,7,5
65188,7,8
65189,3,2
65190,2,7
65191,4,4
65192,6,2
65193,6,1
65194,7,5
65195,4,4
65196,7,5
65197,7,5
65198,6,8
65199,0,6
65200,2,4
65201,4,4
65202,2,4
65203,6,1
65204,6,8
65205,6,7
65206,7,5
65207,7,5
65208,6,1
65209,3,8
65210,2,9
65211,6,1
65212,3,3
65213,0,6
65214,3,3
65215,3,3
65216,3,2
65217,6,2
65218,0,6
65219,2,9
65220,2,9
65221,0,6
65222,7,5
65223,7,5
65224,3,3
65225,3,3
65226,6,8
65227,6,1
65228,0,6
65229,7,5
65230,0,6
65231,6,8
65232,6,1
65233,2,9
65234,2,7
65235,0,6
65236,8,8
65237,3,3
65238,2,7
65239,2,4
65240,2,7
65241,4,0
65242,2,9
65243,0,0
65244,4,0
65245,6,3
65246,6,7
65247,2,9
65248,3,3
65249,4,0
65250,5,2
65251,0,0
65252,6,1
65253,4,0
65254,6,1
65255,4,0
65256,2,4
65257,0,0
65258,6,1
65259,4,0
65260,2,4
65261,6,7
65262,2,9
65263,0,6
65264,3,2
65265,0,6
65266,3,2
65267,3,2
65268,2,9
65269,6,9
65270,4,0
65271,6,1
65272,3,2
65273,1,3
65274,2,4
65275,7,5
65276,0,6
65277,2,7
65278,2,8
65279,2,9
65280,4,0
65281,6,1
65282,3,2
65283,1,3
65284,2,4
65285,7,5
65286,0,6
65287,2,7
65288,2,8
65289,2,9
65290,4,0
65291,6,1
65292,3,2
65293,1,3
65294,2,4
65295,7,5
65296,0,6
65297,2,7
65298,2,8
65299,2,9
65300,6,8
65301,4,0
65302,7,5
65303,0,6
65304,0,6
65305,4,0
65306,6,8
65307,4,0
65308,3,2
65309,3,3
65310,2,7
65311,2,9
65312,2,4
65313,2,7
65314,6,1
65315,2,9
65316,6,1
65317,2,7
65318,6,1
65319,2,4
65320,4,0
65321,4,0
65322,2,4
65323,6,1
65324,2,7
65325,7,5
65326,2,7
65327,6,1
65328,1,3
65329,1,3
65330,1,3
65331,6,1
65332,0,6
65333,2,9
65334,2,7
65335,2,4
65336,1,3
65337,4,0
65338,3,2
65339,7,5
65340,3,2
65341,0,6
65342,4,0
65343,6,8
65344,2,9
65345,2,4
65346,1,3
65347,7,5
65348,2,4
65349,6,8
65350,6,1
65351,7,5
65352,2,9
65353,4,0
65354,0,6
65355,2,4
65356,1,3
65357,0,6
65358,3,3
65359,1,3
65360,6,8
65361,6,1
65362,2,4
65363,2,7
65364,7,5
65365,2,7
65366,3,2
65367,3,2
65368,4,0
65369,4,0
65370,6,1
65371,2,7
65372,2,7
65373,2,9
65374,7,5
65375,2,9
65376,6,8
65377,2,9
65378,0,6
65379,6,8
65380,2,8
65381,3,2
65382,1,3
65383,0,6
65384,6,1
65385,3,2
65386,2,9
65387,6,8
65388,2,9
65389,7,5
65390,3,2
65391,0,6
65392,3,2
65393,2,4
65394,6,8
65395,2,4
65396,0,6
65397,7,5
65398,4,0
65399,6,1
65400,7,5
65401,0,6
65402,2,7
65403,7,8
65404,2,9
65405,4,0
65406,6,1
65407,6,2
65408,3,3
65409,0,4
65410,7,5
65411,0,6
65412,2,7
65413,7,8
65414,2,9
65415,4,0
65416,6,1
65417,3,2
65418,3,3
65419,2,4
65420,7,5
65421,0,6
65422,2,7
65423,7,8
65424,2,9
65425,2,7
65426,2,4
65427,6,2
65428,4,0
65429,2,9
65430,4,0
65431,6,1
65432,7,5
65433,1,8
65434,6,8
65435,4,0
65436,3,2
65437,2,7
65438,7,8
65439,0,4
65440,2,4
65441,0,6
65442,6,1
65443,4,0
65444,0,4
65445,7,5
65446,1,3
65447,2,9
65448,2,4
65449,3,2
65450,4,0
65451,7,5
65452,4,0
65453,6,1
65454,3,3
65455,3,2
65456,2,9
65457,6,1
65458,0,6
65459,4,0
65460,6,1
65461,6,1
65462,7,8
65463,4,0
65464,2,4
65465,2,7
65466,2,7
65467,0,6
65468,5,3
65469,0,6
65470,4,0
65471,6,7
65472,3,3
65473,7,5
65474,0,4
65475,3,2
65476,0,4
65477,6,1
65478,7,8
65479,3,3
65480,8,5
65481,0,6
65482,2,7
65483,4,0
65484,0,6
65485,2,7
65486,6,1
65487,6,2
65488,7,5
65489,6,8
65490,6,1
65491,2,9
65492,3,3
65493,1,8
65494,3,2
65495,7,8
65496,2,7
65497,0,6
65498,2,7
65499,6,1
65500,2,4
65501,0,6
65502,6,2
65503,2,9
65504,3,3
65505,4,0
65506,6,1
65507,6,2
65508,3,3
65509,2,4
65510,7,5
65511,0,6
65512,2,7
65513,4,0
65514,6,1
65515,3,2
65516,1,3
65517,2,4
65518,8,5
65519,4,0
65520,6,1
65521,3,2
65522,7,8
65523,2,9
65524,6,1
65525,2,4
65526,4,0
65527,2,9
65528,7,5
65529,4,0
65530,7,8
65531,4,0
65532,2,7
65533,2,7
65534,6,1
65535,6,1
65536,6,2
65537,2,9
65538,7,3
65539,0,6
65540,2,7
65541,1,2
65542,1,3
65543,7,8
65544,6,1
65545,3,2
65546,2,9
65547,3,8
65548,3,8
65549,2,7
65550,6,1
65551,2,7
65552,6,1
65553,6,1
65554,4,0
65555,7,3
65556,2,4
65557,3,2
65558,0,6
65559,2,4
65560,2,7
65561,2,4
65562,3,2
65563,2,7
65564,2,4
65565,2,9
65566,6,1
65567,4,0
65568,0,6
65569,7,8
65570,7,5
65571,7,5
65572,7,5
65573,7,3
65574,7,5
65575,2,9
65576,2,7
65577,2,4
65578,7,8
65579,8,5
65580,2,9
65581,0,6
65582,2,9
65583,7,3
65584,4,0
65585,7,3
65586,3,8
65587,2,9
65588,6,1
65589,7,8
65590,6,1
65591,0,6
65592,4,0
65593,4,0
65594,6,1
65595,3,2
65596,1,3
65597,2,4
65598,7,5
65599,0,6
65600,2,7
65601,6,8
65602,2,9
65603,4,0
65604,6,1
65605,3,2
65606,1,3
65607,2,4
65608,6,5
65609,0,6
65610,2,7
65611,0,8
65612,2,9
65613,4,0
65614,6,1
65615,3,2
65616,1,3
65617,2,4
65618,7,5
65619,0,6
65620,2,7
65621,8,8
65622,2,9
65623,1,3
65624,7,5
65625,1,3
65626,3,2
65627,2,9
65628,1,3
65629,3,2
65630,6,1
65631,2,4
65632,7,5
65633,7,5
65634,3,2
65635,1,3
65636,3,2
65637,6,1
65638,1,3
65639,2,9
65640,2,7
65641,3,2
65642,6,1
65643,3,2
65644,7,8
65645,2,9
65646,6,1
65647,8,8
65648,8,8
65649,2,7
65650,7,8
65651,6,1
65652,4,0
65653,4,0
65654,2,7
65655,2,7
65656,7,8
65657,2,7
65658,7,5
65659,4,0
65660,0,6
65661,6,1
65662,7,5
65663,2,7
65664,2,4
65665,0,6
65666,6,1
65667,3,2
65668,7,5
65669,4,0
65670,2,7
65671,2,9
65672,2,9
65673,4,0
65674,1,3
65675,8,8
65676,2,4
65677,0,4
65678,8,8
65679,6,1
65680,7,8
65681,0,6
65682,7,5
65683,2,9
65684,4,0
65685,4,0
65686,4,0
65687,1,3
65688,2,7
65689,6,1
65690,0,6
65691,2,4
65692,3,2
65693,0,6
65694,0,6
65695,4,0
65696,0,4
65697,7,5
65698,2,4
65699,6,1
65700,3,3
65701,8,8
65702,0,6
65703,1,3
65704,2,9
65705,2,9
65706,7,5
65707,2,9
65708,1,3
65709,2,7
65710,8,8
65711,7,5
65712,0,6
65713,2,4
65714,2,7
65715,0,6
65716,3,2
65717,3,2
65718,4,0
65719,2,9
65720,2,4
65721,4,0
65722,6,1
65723,3,2
65724,3,3
65725,2,4
65726,7,5
65727,0,6
65728,2,7
65729,6,8
65730,2,9
65731,4,0
65732,6,1
65733,6,2
65734,2,3
65735,8,5
65736,0,6
65737,3,0
65738,6,1
65739,3,2
65740,3,3
65741,2,4
65742,8,5
65743,0,6
65744,6,8
65745,6,7
65746,6,1
65747,3,3
65748,6,2
65749,0,8
65750,4,0
65751,2,7
65752,0,5
65753,2,9
65754,2,9
65755,0,6
65756,0,0
65757,2,9
65758,2,4
65759,6,1
65760,3,3
65761,3,2
65762,6,1
65763,6,2
65764,3,3
65765,6,8
65766,1,3
65767,3,2
65768,0,6
65769,8,5
65770,0,6
65771,6,8
65772,6,2
65773,2,7
65774,2,4
65775,6,8
65776,6,1
65777,4,8
65778,4,0
65779,7,5
65780,3,3
65781,2,9
65782,4,4
65783,6,1
65784,4,9
65785,3,2
65786,6,1
65787,2,9
65788,0,6
65789,2,7
65790,2,9
65791,4,0
65792,0,4
65793,0,6
65794,6,1
65795,2,7
65796,3,3
65797,6,8
65798,2,7
65799,6,2
65800,2,9
65801,0,6
65802,7,5
65803,3,8
65804,7,3
65805,2,9
65806,4,0
65807,7,5
65808,2,7
65809,6,1
65810,0,6
65811,6,1
65812,4,0
65813,2,9
65814,5,3
65815,1,3
65816,2,4
65817,2,4
65818,4,0
65819,0,6
65820,6,2
65821,7,5
65822,4,4
65823,6,2
65824,1,3
65825,4,4
65826,0,6
65827,4,0
65828,4,0
65829,3,2
65830,3,0
65831,6,1
65832,0,4
65833,7,5
65834,0,6
65835,4,7
65836,7,8
65837,2,9
65838,3,0
65839,6,1
65840,5,2
65841,5,3
65842,2,4
65843,3,5
65844,0,6
65845,2,7
65846,7,8
65847,3,0
65848,6,1
65849,3,2
65850,3,3
65851,0,4
65852,7,5
65853,0,6
65854,2,7
65855,7,8
65856,2,9
65857,3,8
65858,2,7
65859,6,1
65860,3,3
65861,2,7
65862,3,5
65863,3,2
65864,7,8
65865,4,0
65866,2,7
65867,3,5
65868,2,9
65869,2,9
65870,4,0
65871,2,9
65872,6,1
65873,6,1
65874,3,5
65875,7,8
65876,7,8
65877,0,6
65878,3,3
65879,3,2
65880,6,1
65881,7,8
65882,3,3
65883,5,2
65884,0,6
65885,7,5
65886,0,6
65887,4,7
65888,0,4
65889,6,1
65890,4,0
65891,3,5
65892,3,3
65893,6,1
65894,2,9
65895,6,2
65896,6,1
65897,2,9
65898,0,6
65899,4,0
65900,2,4
65901,0,6
65902,6,1
65903,2,7
65904,3,3
65905,6,8
65906,2,7
65907,6,2
65908,2,9
65909,0,6
65910,3,5
65911,7,8
65912,3,3
65913,3,5
65914,2,7
65915,6,1
65916,0,6
65917,6,1
65918,4,0
65919,2,9
65920,0,6
65921,6,2
65922,3,5
65923,2,4
65924,6,2
65925,3,3
65926,2,4
65927,4,4
65928,0,6
65929,4,0
65930,4,0
65931,3,2
65932,4,0
65933,6,1
65934,1,2
65935,1,3
65936,2,4
65937,1,5
65938,0,6
65939,2,7
65940,1,8
65941,7,9
65942,4,0
65943,1,1
65944,1,2
65945,1,3
65946,2,4
65947,7,5
65948,0,6
65949,2,7
65950,1,8
65951,2,9
65952,4,0
65953,6,1
65954,1,2
65955,7,3
65956,2,4
65957,7,5
65958,0,6
65959,2,7
65960,1,8
65961,2,9
65962,7,8
65963,0,6
65964,1,5
65965,4,0
65966,0,6
65967,1,8
65968,2,9
65969,2,4
65970,6,1
65971,2,9
65972,7,5
65973,7,3
65974,4,0
65975,2,4
65976,1,8
65977,7,9
65978,6,1
65979,8,4
65980,4,0
65981,7,5
65982,1,5
65983,1,2
65984,6,1
65985,7,5
65986,2,4
65987,4,0
65988,2,7
65989,0,6
65990,4,0
65991,6,1
65992,2,7
65993,4,0
65994,0,6
65995,7,8
65996,4,9
65997,7,5
65998,6,1
65999,2,7
66000,2,9
66001,7,8
66002,0,6
66003,4,0
66004,1,8
66005,8,1
66006,2,7
66007,2,7
66008,6,1
66009,1,3
66010,1,2
66011,1,3
66012,6,1
66013,4,4
66014,1,2
66015,4,0
66016,4,0
66017,2,7
66018,7,8
66019,2,4
66020,0,6
66021,8,4
66022,2,9
66023,1,3
66024,7,8
66025,2,4
66026,2,7
66027,1,2
66028,1,5
66029,0,6
66030,1,3
66031,0,6
66032,2,9
66033,0,6
66034,1,3
66035,4,2
66036,1,2
66037,2,4
66038,0,6
66039,2,9
66040,4,0
66041,3,2
66042,7,5
66043,7,5
66044,6,1
66045,1,3
66046,1,3
66047,2,9
66048,2,7
66049,3,8
66050,2,7
66051,1,2
66052,1,2
66053,7,5
66054,2,7
66055,2,9
66056,3,8
66057,3,2
66058,6,1
66059,4,3
66060,6,1
66061,3,3
66062,4,0
66063,6,1
66064,1,2
66065,7,3
66066,2,4
66067,7,5
66068,0,6
66069,2,7
66070,7,8
66071,1,9
66072,0,0
66073,6,1
66074,1,2
66075,7,3
66076,2,4
66077,7,5
66078,0,6
66079,2,7
66080,7,8
66081,7,9
66082,4,0
66083,6,1
66084,1,2
66085,1,3
66086,2,4
66087,7,5
66088,0,6
66089,2,7
66090,7,8
66091,1,9
66092,6,1
66093,1,2
66094,0,6
66095,7,5
66096,1,3
66097,4,0
66098,2,7
66099,4,0
66100,2,4
66101,6,1
66102,2,4
66103,7,3
66104,0,6
66105,2,7
66106,1,2
66107,7,3
66108,6,1
66109,1,2
66110,6,1
66111,1,2
66112,4,9
66113,0,6
66114,4,0
66115,6,1
66116,1,3
66117,4,0
66118,1,2
66119,2,7
66120,7,5
66121,2,7
66122,0,6
66123,1,2
66124,4,9
66125,6,1
66126,7,9
66127,4,0
66128,0,6
66129,4,0
66130,0,6
66131,4,0
66132,1,2
66133,4,0
66134,0,6
66135,6,1
66136,7,5
66137,7,8
66138,0,4
66139,7,3
66140,4,0
66141,6,1
66142,7,5
66143,2,4
66144,2,4
66145,7,8
66146,7,5
66147,2,7
66148,7,5
66149,2,7
66150,7,8
66151,7,3
66152,2,4
66153,7,8
66154,7,8
66155,7,5
66156,1,2
66157,4,9
66158,2,7
66159,6,1
66160,7,3
66161,7,8
66162,6,1
66163,4,0
66164,2,7
66165,7,5
66166,1,9
66167,0,6
66168,3,9
66169,0,4
66170,2,7
66171,2,7
66172,4,9
66173,4,9
66174,7,3
66175,2,4
66176,2,4
66177,7,3
66178,7,8
66179,0,6
66180,1,2
66181,7,0
66182,6,1
66183,3,2
66184,1,3
66185,2,4
66186,7,5
66187,0,6
66188,2,7
66189,6,8
66190,2,9
66191,4,0
66192,6,1
66193,3,2
66194,3,3
66195,2,4
66196,7,5
66197,0,6
66198,2,7
66199,7,8
66200,2,9
66201,4,0
66202,6,1
66203,3,2
66204,1,3
66205,2,4
66206,7,5
66207,0,6
66208,2,7
66209,7,8
66210,2,9
66211,4,0
66212,6,8
66213,3,3
66214,2,9
66215,7,5
66216,7,5
66217,3,2
66218,0,6
66219,7,8
66220,2,4
66221,2,9
66222,6,1
66223,2,7
66224,6,1
66225,3,2
66226,3,3
66227,7,5
66228,2,9
66229,0,6
66230,2,9
66231,6,1
66232,6,1
66233,6,1
66234,1,2
66235,2,9
66236,7,5
66237,0,6
66238,7,8
66239,6,1
66240,3,2
66241,4,0
66242,2,7
66243,2,7
66244,7,5
66245,7,8
66246,3,2
66247,2,9
66248,7,8
66249,2,9
66250,4,0
66251,2,4
66252,0,6
66253,2,7
66254,6,1
66255,1,3
66256,2,4
66257,7,5
66258,0,6
66259,4,0
66260,1,3
66261,0,6
66262,7,8
66263,2,7
66264,4,0
66265,2,4
66266,3,2
66267,2,7
66268,2,4
66269,2,7
66270,7,5
66271,2,4
66272,7,3
66273,2,4
66274,3,2
66275,7,8
66276,6,1
66277,7,5
66278,6,1
66279,0,2
66280,4,0
66281,3,2
66282,7,5
66283,0,6
66284,2,4
66285,3,3
66286,4,0
66287,4,0
66288,4,0
66289,3,3
66290,3,3
66291,7,5
66292,2,7
66293,4,0
66294,0,6
66295,2,4
66296,7,8
66297,7,8
66298,0,6
66299,1,3
66300,2,4
66301,0,6
66302,2,9
66303,2,9
66304,7,8
66305,3,2
66306,2,7
66307,2,7
66308,6,1
66309,4,0
66310,6,1
66311,3,2
66312,1,3
66313,2,4
66314,7,5
66315,0,6
66316,2,7
66317,6,8
66318,2,9
66319,4,0
66320,6,1
66321,3,2
66322,1,3
66323,2,4
66324,8,5
66325,0,6
66326,2,7
66327,3,8
66328,4,0
66329,6,1
66330,3,2
66331,1,3
66332,2,4
66333,7,5
66334,0,6
66335,2,7
66336,6,8
66337,3,2
66338,6,1
66339,2,7
66340,3,2
66341,7,5
66342,4,0
66343,6,8
66344,4,0
66345,3,2
66346,2,7
66347,3,8
66348,7,8
66349,3,3
66350,0,6
66351,4,0
66352,3,2
66353,2,7
66354,0,6
66355,0,6
66356,6,1
66357,3,2
66358,7,8
66359,3,8
66360,2,7
66361,2,7
66362,2,4
66363,2,7
66364,2,7
66365,3,3
66366,2,7
66367,2,4
66368,7,5
66369,2,4
66370,1,3
66371,1,3
66372,7,8
66373,2,4
66374,6,1
66375,6,1
66376,2,9
66377,2,7
66378,2,4
66379,1,3
66380,2,7
66381,1,3
66382,3,3
66383,4,0
66384,3,2
66385,5,5
66386,5,5
66387,0,6
66388,0,6
66389,1,3
66390,7,5
66391,3,2
66392,7,5
66393,2,9
66394,2,9
66395,7,8
66396,2,4
66397,6,1
66398,4,0
66399,0,6
66400,4,0
66401,2,9
66402,0,6
66403,6,8
66404,6,8
66405,7,5
66406,0,6
66407,6,1
66408,6,1
66409,2,9
66410,7,8
66411,2,9
66412,3,2
66413,1,3
66414,7,5
66415,7,5
66416,4,9
66417,6,4
66418,5,2
66419,6,1
66420,2,9
66421,1,3
66422,2,9
66423,3,2
66424,4,0
66425,4,6
66426,4,0
66427,2,4
66428,4,0
66429,4,0
66430,6,1
66431,3,2
66432,7,3
66433,0,4
66434,2,7
66435,6,8
66436,2,9
66437,4,0
66438,6,1
66439,3,2
66440,3,3
66441,2,7
66442,6,8
66443,2,9
66444,4,0
66445,6,1
66446,3,2
66447,3,3
66448,0,4
66449,2,7
66450,6,8
66451,2,9
66452,2,7
66453,3,3
66454,4,0
66455,3,3
66456,6,1
66457,6,8
66458,2,7
66459,0,6
66460,0,4
66461,4,0
66462,3,2
66463,0,6
66464,6,8
66465,3,3
66466,3,2
66467,7,8
66468,6,1
66469,6,2
66470,3,0
66471,2,7
66472,6,1
66473,0,0
66474,0,4
66475,0,4
66476,7,5
66477,6,8
66478,4,0
66479,0,6
66480,5,2
66481,3,3
66482,6,1
66483,7,5
66484,6,1
66485,6,8
66486,7,5
66487,2,9
66488,0,4
66489,4,0
66490,2,7
66491,7,5
66492,6,8
66493,7,8
66494,1,3
66495,7,8
66496,2,9
66497,3,2
66498,0,6
66499,3,2
66500,7,5
66501,1,3
66502,6,1
66503,2,7
66504,3,3
66505,4,9
66506,6,1
66507,2,9
66508,2,9
66509,0,6
66510,4,0
66511,3,3
66512,2,9
66513,3,2
66514,6,8
66515,6,1
66516,2,4
66517,3,3
66518,7,5
66519,3,2
66520,2,9
66521,3,2
66522,7,5
66523,6,8
66524,2,9
66525,7,5
66526,4,0
66527,6,1
66528,6,2
66529,2,4
66530,7,5
66531,0,6
66532,4,0
66533,6,1
66534,6,2
66535,1,3
66536,2,4
66537,8,5
66538,0,6
66539,2,7
66540,6,1
66541,6,2
66542,3,3
66543,2,4
66544,8,5
66545,6,1
66546,4,0
66547,0,4
66548,7,5
66549,0,6
66550,0,6
66551,3,3
66552,0,4
66553,0,4
66554,6,2
66555,2,8
66556,6,1
66557,4,0
66558,0,6
66559,2,4
66560,9,9
66561,6,7
66562,6,2
66563,3,3
66564,6,3
66565,2,9
66566,3,2
66567,4,0
66568,6,9
66569,6,3
66570,3,3
66571,2,9
66572,6,1
66573,8,5
66574,6,2
66575,3,3
66576,6,7
66577,6,7
66578,6,8
66579,2,4
66580,3,0
66581,6,2
66582,0,4
66583,4,0
66584,6,2
66585,2,4
66586,2,7
66587,6,8
66588,4,0
66589,2,7
66590,4,0
66591,0,6
66592,2,9
66593,3,3
66594,3,2
66595,6,8
66596,0,6
66597,4,0
66598,1,5
66599,2,7
66600,8,5
66601,6,1
66602,4,0
66603,4,8
66604,6,1
66605,0,6
66606,2,7
66607,3,2
66608,2,9
66609,6,7
66610,2,9
66611,6,5
66612,6,8
66613,0,6
66614,3,2
66615,0,6
66616,3,2
66617,6,8
66618,6,1
66619,2,7
66620,7,5
66621,4,0
66622,6,1
66623,6,1
66624,7,3
66625,4,8
66626,2,4
66627,2,9
66628,6,1
66629,7,8
66630,0,6
66631,6,8
66632,2,9
66633,4,0
66634,6,1
66635,6,2
66636,3,3
66637,2,4
66638,7,5
66639,0,6
66640,2,7
66641,7,8
66642,2,9
66643,0,0
66644,6,1
66645,3,2
66646,3,3
66647,2,4
66648,2,7
66649,7,8
66650,2,9
66651,6,0
66652,6,1
66653,2,7
66654,3,8
66655,2,9
66656,2,9
66657,7,8
66658,2,9
66659,6,8
66660,2,4
66661,6,1
66662,2,7
66663,2,7
66664,7,3
66665,7,3
66666,2,7
66667,0,6
66668,0,6
66669,0,6
66670,6,1
66671,2,9
66672,0,0
66673,6,1
66674,2,7
66675,0,6
66676,3,3
66677,6,2
66678,6,1
66679,6,7
66680,6,1
66681,3,3
66682,2,9
66683,6,1
66684,2,7
66685,0,6
66686,6,8
66687,2,4
66688,6,1
66689,0,4
66690,7,3
66691,7,6
66692,2,9
66693,0,6
66694,6,1
66695,2,4
66696,2,4
66697,2,7
66698,3,2
66699,2,4
66700,0,4
66701,4,0
66702,6,1
66703,1,2
66704,1,3
66705,0,4
66706,5,5
66707,0,6
66708,6,7
66709,7,8
66710,2,9
66711,4,0
66712,6,1
66713,3,2
66714,1,3
66715,0,4
66716,6,5
66717,0,6
66718,2,9
66719,4,0
66720,6,1
66721,0,2
66722,1,3
66723,0,4
66724,2,7
66725,6,8
66726,6,1
66727,7,3
66728,7,5
66729,6,1
66730,2,7
66731,6,7
66732,5,2
66733,6,1
66734,2,4
66735,6,8
66736,1,3
66737,0,4
66738,0,4
66739,1,3
66740,4,9
66741,6,7
66742,0,4
66743,6,1
66744,6,2
66745,1,3
66746,0,5
66747,2,9
66748,6,1
66749,0,6
66750,0,0
66751,6,1
66752,4,0
66753,4,0
66754,6,2
66755,1,8
66756,6,7
66757,6,1
66758,6,1
66759,0,4
66760,4,0
66761,0,4
66762,6,7
66763,1,3
66764,0,6
66765,6,8
66766,4,0
66767,3,3
66768,6,7
66769,0,4
66770,4,0
66771,0,6
66772,2,9
66773,3,2
66774,0,6
66775,6,5
66776,6,8
66777,0,6
66778,2,9
66779,4,0
66780,0,4
66781,4,0
66782,0,6
66783,6,1
66784,2,9
66785,0,2
66786,4,0
66787,6,9
66788,6,5
66789,6,1
66790,3,3
66791,6,7
66792,0,6
66793,6,9
66794,1,3
66795,4,0
66796,1,2
66797,3,2
66798,4,0
66799,6,1
66800,3,2
66801,1,3
66802,2,4
66803,7,5
66804,0,6
66805,2,7
66806,1,8
66807,2,9
66808,4,0
66809,6,1
66810,6,2
66811,1,3
66812,2,4
66813,8,5
66814,0,6
66815,2,7
66816,7,8
66817,2,9
66818,1,0
66819,6,1
66820,6,2
66821,3,3
66822,2,4
66823,7,5
66824,0,6
66825,2,7
66826,7,8
66827,2,9
66828,3,2
66829,6,1
66830,2,7
66831,6,2
66832,7,5
66833,4,0
66834,1,8
66835,4,0
66836,5,2
66837,2,7
66838,7,8
66839,7,8
66840,1,3
66841,4,0
66842,0,6
66843,4,0
66844,5,2
66845,2,7
66846,0,6
66847,0,6
66848,6,1
66849,1,2
66850,7,8
66851,1,8
66852,2,7
66853,2,7
66854,2,4
66855,2,7
66856,2,7
66857,1,3
66858,2,7
66859,2,4
66860,7,5
66861,2,4
66862,1,3
66863,1,3
66864,3,8
66865,2,4
66866,7,5
66867,6,4
66868,6,1
66869,6,1
66870,2,9
66871,2,7
66872,0,4
66873,3,3
66874,2,7
66875,3,3
66876,1,3
66877,4,0
66878,5,2
66879,7,5
66880,7,5
66881,0,6
66882,3,3
66883,6,1
66884,7,5
66885,1,2
66886,5,5
66887,2,9
66888,2,9
66889,2,8
66890,2,4
66891,6,1
66892,4,0
66893,0,6
66894,1,0
66895,2,9
66896,0,6
66897,6,8
66898,2,8
66899,8,5
66900,0,6
66901,6,1
66902,6,1
66903,2,9
66904,6,8
66905,2,9
66906,0,2
66907,3,3
66908,7,5
66909,7,5
66910,2,9
66911,2,4
66912,5,2
66913,6,1
66914,2,9
66915,2,4
66916,2,9
66917,6,1
66918,1,3
66919,2,9
66920,6,2
66921,4,0
66922,0,6
66923,4,0
66924,2,4
66925,4,0
66926,0,6
66927,4,0
66928,6,1
66929,1,2
66930,3,3
66931,2,4
66932,7,5
66933,0,6
66934,2,7
66935,6,8
66936,2,9
66937,4,0
66938,6,1
66939,1,2
66940,3,3
66941,2,4
66942,7,5
66943,0,6
66944,2,7
66945,6,8
66946,2,9
66947,4,0
66948,6,1
66949,3,2
66950,3,3
66951,2,4
66952,7,5
66953,0,6
66954,6,7
66955,7,8
66956,2,9
66957,1,3
66958,7,8
66959,4,0
66960,2,7
66961,6,1
66962,1,0
66963,2,7
66964,7,5
66965,7,5
66966,0,6
66967,2,9
66968,4,0
66969,6,1
66970,4,0
66971,4,0
66972,6,8
66973,3,3
66974,2,4
66975,1,3
66976,6,1
66977,7,5
66978,4,0
66979,4,0
66980,2,9
66981,0,5
66982,1,3
66983,2,4
66984,2,9
66985,1,3
66986,2,7
66987,0,6
66988,2,9
66989,3,2
66990,6,4
66991,7,5
66992,2,7
66993,3,2
66994,0,6
66995,0,4
66996,2,9
66997,6,4
66998,2,9
66999,6,4
67000,6,1
67001,3,2
67002,3,2
67003,7,5
67004,6,8
67005,6,1
67006,3,3
67007,3,2
67008,2,9
67009,2,4
67010,1,3
67011,6,8
67012,3,2
67013,3,2
67014,6,1
67015,3,2
67016,1,8
67017,0,6
67018,7,5
67019,6,1
67020,0,6
67021,2,7
67022,3,2
67023,6,1
67024,1,3
67025,2,9
67026,3,3
67027,7,8
67028,2,7
67029,3,5
67030,6,7
67031,4,0
67032,2,7
67033,6,4
67034,7,8
67035,3,8
67036,7,5
67037,4,0
67038,0,6
67039,0,6
67040,3,3
67041,2,7
67042,0,6
67043,2,9
67044,6,9
67045,6,4
67046,6,8
67047,2,4
67048,6,1
67049,0,0
67050,0,6
67051,0,6
67052,4,0
67053,6,1
67054,1,2
67055,7,3
67056,2,4
67057,7,5
67058,0,6
67059,2,7
67060,6,8
67061,2,9
67062,4,0
67063,6,1
67064,0,2
67065,1,3
67066,8,4
67067,7,5
67068,0,6
67069,2,7
67070,6,8
67071,2,9
67072,4,0
67073,6,1
67074,1,2
67075,1,3
67076,2,4
67077,7,5
67078,0,6
67079,2,7
67080,6,8
67081,2,9
67082,2,7
67083,2,4
67084,1,0
67085,2,4
67086,4,0
67087,6,1
67088,2,7
67089,2,9
67090,6,5
67091,6,1
67092,2,4
67093,1,2
67094,2,8
67095,2,9
67096,8,4
67097,1,3
67098,2,7
67099,6,8
67100,6,2
67101,2,4
67102,2,4
67103,3,3
67104,3,3
67105,0,6
67106,2,9
67107,2,9
67108,7,5
67109,6,8
67110,0,6
67111,2,7
67112,4,0
67113,0,6
67114,6,8
67115,6,2
67116,0,6
67117,7,3
67118,2,9
67119,7,3
67120,6,2
67121,2,8
67122,0,6
67123,6,1
67124,2,7
67125,2,4
67126,6,8
67127,6,8
67128,2,9
67129,4,0
67130,7,3
67131,3,3
67132,2,9
67133,1,0
67134,7,5
67135,6,2
67136,2,9
67137,2,4
67138,6,1
67139,4,0
67140,3,3
67141,2,7
67142,7,5
67143,7,8
67144,2,7
67145,2,7
67146,7,8
67147,3,2
67148,2,9
67149,6,7
67150,6,1
67151,6,2
67152,0,6
67153,2,4
67154,6,2
67155,7,5
67156,3,2
67157,6,3
67158,0,6
67159,0,6
67160,7,5
67161,4,0
67162,1,0
67163,1,2
67164,6,8
67165,6,1
67166,0,6
67167,6,1
67168,4,0
67169,2,4
67170,6,3
67171,6,1
67172,0,6
67173,6,1
67174,2,9
67175,4,0
67176,6,1
67177,2,4
67178,5,5
67179,0,6
67180,2,7
67181,3,8
67182,2,9
67183,6,1
67184,3,2
67185,3,3
67186,2,4
67187,5,5
67188,0,6
67189,2,7
67190,3,0
67191,6,1
67192,3,2
67193,3,3
67194,0,4
67195,5,5
67196,0,6
67197,2,7
67198,6,8
67199,2,9
67200,7,8
67201,2,4
67202,4,0
67203,4,0
67204,2,7
67205,3,2
67206,2,4
67207,3,3
67208,6,8
67209,0,6
67210,0,6
67211,7,3
67212,5,2
67213,0,6
67214,3,3
67215,3,3
67216,4,0
67217,6,1
67218,2,4
67219,2,7
67220,3,8
67221,4,0
67222,3,3
67223,6,1
67224,2,9
67225,4,0
67226,6,1
67227,2,9
67228,6,1
67229,3,2
67230,2,7
67231,4,0
67232,6,1
67233,5,3
67234,6,8
67235,0,2
67236,2,9
67237,3,2
67238,2,7
67239,0,6
67240,7,5
67241,6,5
67242,2,9
67243,2,9
67244,7,8
67245,3,2
67246,2,9
67247,6,1
67248,7,3
67249,3,2
67250,3,3
67251,2,4
67252,7,3
67253,6,1
67254,2,9
67255,4,0
67256,2,9
67257,3,3
67258,0,6
67259,7,8
67260,2,7
67261,4,0
67262,6,1
67263,4,0
67264,7,5
67265,3,8
67266,3,2
67267,2,7
67268,2,7
67269,4,0
67270,6,1
67271,6,2
67272,1,3
67273,2,4
67274,8,5
67275,0,6
67276,2,7
67277,1,8
67278,2,9
67279,4,0
67280,6,1
67281,3,2
67282,1,3
67283,2,4
67284,7,5
67285,0,6
67286,2,7
67287,3,8
67288,2,9
67289,4,0
67290,6,1
67291,1,2
67292,1,3
67293,2,4
67294,8,5
67295,0,6
67296,2,7
67297,1,8
67298,2,9
67299,6,1
67300,2,7
67301,0,4
67302,1,8
67303,6,1
67304,7,5
67305,0,6
67306,7,5
67307,2,7
67308,3,2
67309,1,8
67310,0,6
67311,3,3
67312,1,3
67313,7,8
67314,0,6
67315,7,5
67316,2,4
67317,1,0
67318,2,9
67319,6,1
67320,2,7
67321,1,2
67322,2,9
67323,6,1
67324,7,5
67325,6,1
67326,1,3
67327,1,2
67328,1,2
67329,1,3
67330,4,0
67331,0,6
67332,2,4
67333,1,3
67334,2,7
67335,0,6
67336,2,9
67337,1,0
67338,0,4
67339,1,8
67340,6,1
67341,2,4
67342,4,0
67343,0,6
67344,6,1
67345,6,2
67346,0,6
67347,2,9
67348,6,2
67349,1,2
67350,1,3
67351,7,5
67352,8,5
67353,6,1
67354,1,0
67355,2,7
67356,2,7
67357,2,9
67358,0,6
67359,6,2
67360,2,9
67361,2,4
67362,2,7
67363,1,0
67364,3,2
67365,3,3
67366,2,4
67367,1,0
67368,1,0
67369,7,8
67370,1,8
67371,7,8
67372,7,5
67373,6,1
67374,1,3
67375,6,7
67376,0,4
67377,2,9
67378,3,8
67379,1,8
67380,2,9
67381,4,0
67382,2,9
67383,7,8
67384,2,9
67385,4,0
67386,3,2
67387,0,6
67388,7,5
67389,0,6
67390,2,7
67391,2,4
67392,2,7
67393,7,5
67394,0,4
67395,6,1
67396,1,3
67397,7,5
67398,3,3
67399,6,1
67400,6,2
67401,3,3
67402,6,4
67403,8,5
67404,0,6
67405,6,1
67406,3,2
67407,3,3
67408,6,4
67409,0,6
67410,3,0
67411,6,1
67412,3,2
67413,0,4
67414,7,5
67415,0,6
67416,6,7
67417,6,8
67418,6,1
67419,6,7
67420,3,2
67421,2,4
67422,6,1
67423,6,4
67424,6,1
67425,2,4
67426,2,9
67427,0,6
67428,7,8
67429,2,4
67430,3,5
67431,3,3
67432,6,7
67433,6,8
67434,6,4
67435,7,3
67436,7,3
67437,7,5
67438,0,6
67439,2,7
67440,0,0
67441,0,6
67442,6,1
67443,0,6
67444,6,8
67445,6,7
67446,0,0
67447,6,1
67448,7,5
67449,4,0
67450,6,8
67451,6,5
67452,3,0
67453,6,1
67454,6,5
67455,6,8
67456,0,4
67457,3,2
67458,3,3
67459,2,9
67460,2,7
67461,0,6
67462,2,9
67463,6,1
67464,2,9
67465,0,0
67466,0,6
67467,2,7
67468,6,1
67469,3,2
67470,3,3
67471,6,9
67472,3,2
67473,6,4
67474,6,5
67475,7,5
67476,1,3
67477,2,7
67478,3,5
67479,3,3
67480,6,1
67481,6,8
67482,6,2
67483,6,2
67484,3,3
67485,4,0
67486,3,2
67487,2,9
67488,2,4
67489,2,9
67490,6,7
67491,0,0
67492,4,2
67493,2,7
67494,0,4
67495,6,9
67496,2,9
67497,6,2
67498,6,5
67499,2,9
67500,6,8
67501,3,3
67502,6,8
67503,0,6
67504,6,7
67505,0,0
67506,4,0
67507,6,1
67508,3,2
67509,3,3
67510,2,4
67511,5,5
67512,0,6
67513,2,7
67514,7,8
67515,2,9
67516,4,0
67517,6,1
67518,3,2
67519,1,3
67520,2,4
67521,0,5
67522,0,6
67523,2,7
67524,3,8
67525,2,9
67526,4,0
67527,6,1
67528,3,2
67529,7,3
67530,0,4
67531,5,5
67532,0,6
67533,2,7
67534,7,8
67535,2,9
67536,4,0
67537,4,0
67538,2,7
67539,6,2
67540,0,6
67541,0,5
67542,6,5
67543,3,3
67544,2,7
67545,7,8
67546,0,6
67547,0,6
67548,0,6
67549,0,6
67550,0,4
67551,1,3
67552,7,8
67553,7,8
67554,1,3
67555,4,0
67556,6,1
67557,2,9
67558,0,0
67559,7,5
67560,6,4
67561,6,1
67562,2,9
67563,6,1
67564,6,2
67565,2,7
67566,4,0
67567,6,1
67568,3,3
67569,7,8
67570,5,2
67571,2,9
67572,5,2
67573,6,7
67574,6,4
67575,6,2
67576,0,6
67577,7,5
67578,5,5
67579,2,9
67580,2,9
67581,6,1
67582,6,1
67583,6,5
67584,2,7
67585,0,6
67586,7,8
67587,6,2
67588,6,9
67589,2,4
67590,3,3
67591,6,1
67592,2,9
67593,4,0
67594,2,9
67595,3,3
67596,0,6
67597,7,8
67598,2,7
67599,4,0
67600,6,1
67601,4,0
67602,7,5
67603,7,8
67604,3,2
67605,2,7
67606,6,7
67607,4,0
67608,8,1
67609,3,2
67610,1,3
67611,2,4
67612,8,5
67613,0,6
67614,2,7
67615,7,8
67616,2,9
67617,4,0
67618,6,1
67619,1,2
67620,7,3
67621,4,4
67622,8,5
67623,3,8
67624,2,9
67625,4,0
67626,6,1
67627,3,2
67628,7,3
67629,4,4
67630,8,5
67631,0,6
67632,2,7
67633,6,8
67634,2,9
67635,3,2
67636,6,1
67637,3,2
67638,6,1
67639,7,3
67640,2,9
67641,2,9
67642,6,8
67643,8,5
67644,3,3
67645,2,7
67646,4,0
67647,2,7
67648,6,7
67649,8,5
67650,2,7
67651,2,9
67652,2,9
67653,4,4
67654,2,7
67655,4,0
67656,1,3
67657,2,4
67658,6,1
67659,7,5
67660,7,8
67661,6,1
67662,2,4
67663,6,8
67664,2,4
67665,6,1
67666,7,8
67667,0,6
67668,0,6
67669,2,4
67670,0,6
67671,4,0
67672,8,5
67673,8,5
67674,3,3
67675,3,3
67676,8,5
67677,2,7
67678,3,2
67679,4,5
67680,2,9
67681,0,6
67682,2,9
67683,3,2
67684,0,6
67685,3,2
67686,6,1
67687,3,2
67688,4,0
67689,8,8
67690,3,3
67691,8,8
67692,6,3
67693,4,0
67694,7,8
67695,2,7
67696,2,4
67697,2,9
67698,4,5
67699,4,0
67700,2,9
67701,2,7
67702,4,0
67703,4,0
67704,2,4
67705,0,6
67706,4,0
67707,2,9
67708,6,1
67709,0,6
67710,3,2
67711,2,7
67712,0,6
67713,7,8
67714,7,3
67715,7,5
67716,3,2
67717,6,1
67718,7,8
67719,3,3
67720,8,8
67721,0,6
67722,6,1
67723,4,0
67724,3,2
67725,6,1
67726,2,4
67727,4,0
67728,6,1
67729,3,2
67730,1,3
67731,2,4
67732,7,5
67733,0,6
67734,2,7
67735,1,8
67736,6,9
67737,4,0
67738,6,1
67739,3,2
67740,1,3
67741,2,4
67742,7,5
67743,0,6
67744,2,7
67745,7,8
67746,2,9
67747,0,0
67748,6,1
67749,3,2
67750,3,3
67751,2,4
67752,7,5
67753,0,6
67754,2,7
67755,7,8
67756,6,9
67757,2,7
67758,0,6
67759,2,4
67760,2,7
67761,0,6
67762,3,2
67763,1,3
67764,2,4
67765,7,8
67766,2,7
67767,7,8
67768,0,6
67769,2,9
67770,7,8
67771,1,3
67772,3,2
67773,1,2
67774,7,8
67775,2,4
67776,7,8
67777,7,5
67778,0,6
67779,5,5
67780,4,0
67781,1,2
67782,1,0
67783,6,1
67784,6,1
67785,3,2
67786,2,9
67787,0,6
67788,1,8
67789,3,2
67790,6,1
67791,0,0
67792,0,6
67793,7,5
67794,1,2
67795,2,9
67796,2,7
67797,5,5
67798,1,3
67799,2,9
67800,3,3
67801,2,7
67802,6,1
67803,7,8
67804,1,3
67805,7,8
67806,6,1
67807,2,9
67808,0,5
67809,5,5
67810,4,0
67811,6,1
67812,6,1
67813,2,9
67814,7,8
67815,3,2
67816,0,6
67817,4,0
67818,2,4
67819,7,5
67820,4,0
67821,3,3
67822,6,1
67823,1,8
67824,0,6
67825,2,7
67826,5,5
67827,2,9
67828,2,9
67829,1,3
67830,4,0
67831,1,3
67832,6,1
67833,2,4
67834,2,4
67835,4,0
67836,2,4
67837,2,9
67838,4,0
67839,6,1
67840,1,2
67841,1,3
67842,7,5
67843,0,6
67844,2,7
67845,1,8
67846,4,0
67847,6,1
67848,1,2
67849,1,3
67850,5,5
67851,0,6
67852,2,7
67853,1,8
67854,2,9
67855,4,0
67856,6,1
67857,5,2
67858,1,3
67859,5,5
67860,0,6
67861,2,7
67862,1,8
67863,2,9
67864,2,9
67865,2,7
67866,4,0
67867,2,9
67868,7,0
67869,6,1
67870,5,5
67871,7,8
67872,7,8
67873,4,0
67874,2,9
67875,1,3
67876,1,2
67877,2,7
67878,7,8
67879,2,4
67880,0,6
67881,6,1
67882,4,0
67883,0,4
67884,2,9
67885,0,4
67886,0,2
67887,4,0
67888,6,5
67889,4,0
67890,6,1
67891,0,6
67892,2,9
67893,1,3
67894,5,2
67895,2,9
67896,6,1
67897,0,6
67898,4,0
67899,6,1
67900,6,1
67901,7,8
67902,2,7
67903,2,7
67904,0,6
67905,1,3
67906,0,6
67907,1,0
67908,2,7
67909,1,2
67910,2,4
67911,6,1
67912,2,7
67913,4,0
67914,0,6
67915,2,7
67916,6,1
67917,1,2
67918,7,5
67919,7,8
67920,6,1
67921,1,8
67922,1,2
67923,7,8
67924,2,7
67925,0,6
67926,7,8
67927,6,7
67928,6,1
67929,0,6
67930,1,2
67931,2,9
67932,1,3
67933,4,0
67934,6,1
67935,1,2
67936,1,3
67937,2,4
67938,7,5
67939,0,6
67940,2,7
67941,7,8
67942,2,9
67943,4,0
67944,6,1
67945,3,2
67946,1,3
67947,2,4
67948,7,5
67949,0,6
67950,2,7
67951,2,8
67952,2,9
67953,4,0
67954,6,1
67955,3,2
67956,3,3
67957,2,4
67958,7,5
67959,0,6
67960,2,7
67961,6,8
67962,2,9
67963,7,8
67964,2,9
67965,7,5
67966,2,7
67967,4,0
67968,3,3
67969,6,1
67970,0,6
67971,6,8
67972,2,4
67973,6,1
67974,7,5
67975,0,6
67976,0,4
67977,1,2
67978,1,7
67979,1,8
67980,6,1
67981,1,3
67982,2,4
67983,1,3
67984,2,4
67985,2,7
67986,1,2
67987,4,0
67988,7,5
67989,4,0
67990,6,1
67991,2,9
67992,3,2
67993,1,3
67994,3,2
67995,1,3
67996,7,5
67997,7,5
67998,2,7
67999,2,8
68000,0,4
68001,2,9
68002,2,9
68003,6,7
68004,6,1
68005,6,1
68006,2,9
68007,4,0
68008,6,7
68009,7,8
68010,1,3
68011,2,4
68012,7,8
68013,0,6
68014,1,3
68015,7,8
68016,0,0
68017,2,9
68018,0,6
68019,1,2
68020,6,1
68021,4,0
68022,6,1
68023,1,0
68024,0,6
68025,3,2
68026,1,3
68027,7,8
68028,2,9
68029,4,0
68030,1,7
68031,1,2
68032,1,3
68033,2,4
68034,7,5
68035,7,5
68036,3,2
68037,7,8
68038,7,5
68039,2,4
68040,0,6
68041,0,6
68042,0,6
68043,2,7
68044,2,9
68045,6,1
68046,6,8
68047,1,2
68048,6,1
68049,7,5
68050,3,3
68051,2,4
68052,2,7
68053,2,9
68054,2,4
68055,4,0
68056,4,0
68057,4,0
68058,6,1
68059,1,2
68060,1,3
68061,2,4
68062,7,5
68063,0,6
68064,6,7
68065,1,8
68066,2,9
68067,4,0
68068,6,1
68069,6,2
68070,1,3
68071,2,4
68072,7,5
68073,0,6
68074,2,7
68075,1,8
68076,2,9
68077,4,0
68078,1,1
68079,1,2
68080,1,3
68081,0,4
68082,7,5
68083,0,6
68084,2,9
68085,4,0
68086,6,1
68087,1,3
68088,6,1
68089,7,5
68090,6,1
68091,1,2
68092,0,4
68093,2,9
68094,6,2
68095,0,4
68096,0,6
68097,7,8
68098,4,0
68099,6,1
68100,6,1
68101,2,9
68102,1,2
68103,0,6
68104,0,6
68105,1,8
68106,6,7
68107,0,4
68108,1,2
68109,2,9
68110,2,7
68111,4,0
68112,1,2
68113,6,1
68114,4,0
68115,1,3
68116,0,6
68117,4,0
68118,6,1
68119,0,2
68120,1,3
68121,0,4
68122,7,5
68123,0,6
68124,2,7
68125,4,8
68126,2,9
68127,4,0
68128,6,1
68129,0,2
68130,3,3
68131,2,4
68132,7,5
68133,0,6
68134,2,7
68135,8,8
68136,2,9
68137,4,0
68138,6,1
68139,3,2
68140,3,3
68141,2,4
68142,0,5
68143,0,6
68144,6,7
68145,7,8
68146,2,9
68147,6,8
68148,0,6
68149,7,5
68150,2,9
68151,6,7
68152,4,0
68153,0,2
68154,3,3
68155,2,4
68156,7,3
68157,6,8
68158,7,5
68159,6,1
68160,5,5
68161,3,2
68162,3,3
68163,3,0
68164,6,1
68165,5,2
68166,6,1
68167,1,3
68168,5,2
68169,0,6
68170,6,5
68171,1,3
68172,4,0
68173,2,7
68174,3,2
68175,2,7
68176,2,4
68177,0,6
68178,0,4
68179,4,0
68180,7,5
68181,2,9
68182,2,9
68183,7,8
68184,2,9
68185,7,5
68186,7,3
68187,6,1
68188,2,7
68189,0,4
68190,2,7
68191,0,6
68192,7,5
68193,0,4
68194,0,0
68195,4,0
68196,0,6
68197,0,6
68198,0,2
68199,4,0
68200,0,6
68201,3,3
68202,2,7
68203,2,7
68204,0,4
68205,0,4
68206,3,3
68207,2,9
68208,3,2
68209,6,8
68210,2,9
68211,0,6
68212,0,0
68213,4,9
68214,7,5
68215,1,3
68216,7,8
68217,7,8
68218,2,7
68219,6,1
68220,0,4
68221,4,0
68222,2,4
68223,7,8
68224,7,5
68225,3,2
68226,3,3
68227,2,9
68228,0,0
68229,6,1
68230,2,9
68231,6,1
68232,7,5
68233,6,1
68234,2,7
68235,2,4
68236,6,8
68237,0,6
68238,3,2
68239,6,1
68240,0,6
68241,6,8
68242,6,8
68243,5,0
68244,6,1
68245,1,2
68246,7,3
68247,2,4
68248,2,7
68249,7,8
68250,2,9
68251,4,0
68252,6,1
68253,6,2
68254,7,3
68255,0,4
68256,0,6
68257,6,7
68258,7,8
68259,2,9
68260,0,0
68261,6,1
68262,6,2
68263,1,3
68264,2,4
68265,2,7
68266,6,8
68267,2,9
68268,6,1
68269,0,4
68270,7,5
68271,7,3
68272,7,3
68273,0,0
68274,2,9
68275,6,5
68276,0,4
68277,7,3
68278,0,0
68279,2,8
68280,2,4
68281,0,6
68282,6,7
68283,0,0
68284,2,7
68285,6,7
68286,6,1
68287,0,6
68288,2,9
68289,6,1
68290,7,3
68291,0,6
68292,0,2
68293,7,3
68294,2,8
68295,6,2
68296,7,3
68297,2,8
68298,2,9
68299,7,5
68300,7,8
68301,7,8
68302,2,7
68303,6,1
68304,2,7
68305,6,1
68306,6,1
68307,4,0
68308,7,3
68309,2,4
68310,0,2
68311,0,6
68312,2,4
68313,2,7
68314,0,4
68315,6,2
68316,1,7
68317,2,4
68318,1,2
68319,2,9
68320,6,2
68321,2,7
68322,2,9
68323,3,2
68324,6,1
68325,0,0
68326,0,6
68327,6,5
68328,3,3
68329,0,4
68330,3,8
68331,7,5
68332,2,9
68333,0,6
68334,2,9
68335,0,0
68336,0,6
68337,7,3
68338,4,0
68339,7,8
68340,6,1
68341,0,6
68342,0,0
68343,4,0
68344,6,1
68345,1,2
68346,1,3
68347,2,4
68348,7,5
68349,0,6
68350,2,7
68351,4,0
68352,6,1
68353,0,2
68354,1,3
68355,2,4
68356,2,7
68357,7,8
68358,2,9
68359,4,0
68360,6,1
68361,0,2
68362,1,3
68363,2,4
68364,2,7
68365,3,2
68366,7,5
68367,6,1
68368,0,6
68369,2,4
68370,3,3
68371,2,9
68372,2,9
68373,0,0
68374,2,9
68375,2,7
68376,6,1
68377,0,6
68378,2,4
68379,7,3
68380,0,6
68381,5,2
68382,5,0
68383,2,9
68384,7,8
68385,0,6
68386,7,5
68387,2,7
68388,0,0
68389,0,0
68390,6,1
68391,2,7
68392,2,4
68393,3,3
68394,3,2
68395,2,4
68396,6,1
68397,3,3
68398,2,7
68399,0,6
68400,2,4
68401,2,7
68402,2,7
68403,2,7
68404,2,9
68405,7,8
68406,2,4
68407,3,3
68408,6,8
68409,3,2
68410,3,8
68411,3,3
68412,7,5
68413,7,8
68414,0,0
68415,7,5
68416,2,4
68417,2,7
68418,6,1
68419,7,3
68420,6,1
68421,2,7
68422,2,9
68423,0,6
68424,3,2
68425,4,0
68426,2,9
68427,6,1
68428,2,7
68429,3,3
68430,7,3
68431,7,9
68432,6,1
68433,0,6
68434,2,4
68435,5,3
68436,2,9
68437,7,8
68438,3,2
68439,6,1
68440,7,8
68441,0,6
68442,2,4
68443,6,1
68444,6,5
68445,7,5
68446,0,6
68447,7,5
68448,4,0
68449,6,1
68450,3,2
68451,3,3
68452,2,4
68453,7,5
68454,0,6
68455,2,7
68456,3,8
68457,2,9
68458,4,0
68459,1,1
68460,3,2
68461,1,3
68462,2,4
68463,5,5
68464,0,6
68465,2,7
68466,7,8
68467,2,9
68468,4,0
68469,1,1
68470,1,2
68471,1,3
68472,2,4
68473,7,5
68474,0,6
68475,2,7
68476,3,8
68477,2,9
68478,0,6
68479,2,9
68480,2,7
68481,4,0
68482,3,2
68483,1,3
68484,2,4
68485,1,3
68486,7,8
68487,7,5
68488,6,1
68489,1,3
68490,4,0
68491,1,1
68492,5,2
68493,1,1
68494,1,3
68495,1,2
68496,4,0
68497,1,7
68498,1,2
68499,0,6
68500,2,4
68501,4,0
68502,7,5
68503,8,9
68504,8,9
68505,7,8
68506,2,9
68507,7,5
68508,1,3
68509,1,1
68510,1,7
68511,2,4
68512,2,7
68513,4,0
68514,4,0
68515,0,6
68516,0,6
68517,0,6
68518,1,3
68519,2,7
68520,2,4
68521,1,2
68522,4,8
68523,2,9
68524,3,8
68525,1,7
68526,1,1
68527,1,4
68528,4,0
68529,4,4
68530,7,8
68531,7,5
68532,1,2
68533,1,3
68534,2,9
68535,4,0
68536,6,1
68537,2,9
68538,1,1
68539,7,5
68540,6,1
68541,2,7
68542,0,6
68543,6,1
68544,3,2
68545,1,1
68546,0,6
68547,7,8
68548,4,0
68549,6,1
68550,3,2
68551,1,3
68552,2,4
68553,4,5
68554,0,6
68555,2,7
68556,6,8
68557,2,9
68558,4,0
68559,6,1
68560,3,2
68561,7,3
68562,2,4
68563,7,5
68564,0,6
68565,2,7
68566,7,8
68567,4,0
68568,6,1
68569,3,2
68570,3,3
68571,7,5
68572,0,6
68573,2,7
68574,7,8
68575,6,1
68576,4,0
68577,2,4
68578,4,5
68579,0,6
68580,0,6
68581,1,3
68582,2,4
68583,2,4
68584,3,2
68585,7,8
68586,6,1
68587,4,0
68588,0,6
68589,2,4
68590,2,9
68591,2,7
68592,3,2
68593,2,9
68594,3,2
68595,4,0
68596,2,9
68597,3,3
68598,3,3
68599,2,9
68600,6,1
68601,7,5
68602,3,2
68603,3,3
68604,6,1
68605,0,6
68606,2,7
68607,3,3
68608,2,7
68609,6,8
68610,2,4
68611,4,0
68612,3,2
68613,2,4
68614,4,0
68615,3,2
68616,2,4
68617,2,7
68618,6,8
68619,4,0
68620,2,7
68621,4,0
68622,0,6
68623,2,9
68624,3,3
68625,3,2
68626,2,4
68627,6,8
68628,0,6
68629,4,0
68630,7,5
68631,2,7
68632,7,5
68633,6,1
68634,4,0
68635,6,8
68636,6,1
68637,4,6
68638,2,7
68639,3,2
68640,2,9
68641,2,7
68642,2,9
68643,7,5
68644,0,6
68645,4,5
68646,3,2
68647,0,6
68648,3,2
68649,7,8
68650,6,1
68651,2,7
68652,7,5
68653,4,5
68654,2,7
68655,3,3
68656,4,5
68657,4,0
68658,6,1
68659,6,1
68660,7,3
68661,7,8
68662,2,4
68663,2,9
68664,2,4
68665,4,5
68666,6,1
68667,7,8
68668,0,6
68669,7,8
68670,2,9
68671,4,0
68672,6,1
68673,1,2
68674,1,3
68675,2,4
68676,7,5
68677,0,6
68678,2,7
68679,7,8
68680,2,9
68681,4,0
68682,6,1
68683,1,2
68684,1,3
68685,2,4
68686,7,5
68687,0,6
68688,2,7
68689,7,8
68690,2,9
68691,4,0
68692,6,1
68693,3,2
68694,1,3
68695,2,4
68696,7,5
68697,0,6
68698,2,7
68699,7,8
68700,2,9
68701,3,3
68702,8,5
68703,3,3
68704,1,2
68705,2,9
68706,1,3
68707,3,2
68708,6,1
68709,2,4
68710,8,5
68711,7,5
68712,3,2
68713,1,3
68714,1,2
68715,6,1
68716,1,3
68717,2,9
68718,2,7
68719,3,2
68720,6,1
68721,6,2
68722,7,8
68723,2,9
68724,6,1
68725,7,8
68726,7,8
68727,2,7
68728,7,8
68729,6,1
68730,4,0
68731,4,0
68732,0,6
68733,2,7
68734,2,7
68735,7,8
68736,2,7
68737,7,5
68738,0,0
68739,0,6
68740,6,1
68741,7,5
68742,2,7
68743,2,4
68744,0,6
68745,6,1
68746,3,2
68747,8,5
68748,4,0
68749,2,7
68750,2,9
68751,2,9
68752,1,0
68753,1,3
68754,2,4
68755,2,4
68756,8,8
68757,2,4
68758,6,1
68759,1,8
68760,0,6
68761,7,5
68762,2,9
68763,4,0
68764,4,0
68765,4,0
68766,3,3
68767,2,7
68768,6,1
68769,0,6
68770,2,4
68771,0,6
68772,4,0
68773,2,4
68774,7,5
68775,2,4
68776,6,1
68777,1,3
68778,7,8
68779,0,6
68780,1,3
68781,2,9
68782,2,9
68783,7,5
68784,2,9
68785,1,3
68786,2,7
68787,7,8
68788,7,5
68789,0,6
68790,2,4
68791,2,7
68792,0,6
68793,3,2
68794,3,2
68795,4,0
68796,2,9
68797,2,4
68798,4,0
68799,6,1
68800,3,2
68801,3,3
68802,2,4
68803,7,5
68804,0,6
68805,2,7
68806,6,8
68807,2,9
68808,4,0
68809,6,1
68810,3,2
68811,3,3
68812,2,4
68813,7,5
68814,0,6
68815,2,7
68816,6,8
68817,2,9
68818,3,0
68819,6,1
68820,3,2
68821,1,3
68822,2,4
68823,6,5
68824,0,6
68825,2,7
68826,7,8
68827,2,9
68828,0,6
68829,2,4
68830,3,2
68831,0,6
68832,2,4
68833,2,7
68834,7,5
68835,7,5
68836,2,4
68837,2,7
68838,3,2
68839,2,9
68840,3,3
68841,2,9
68842,3,3
68843,6,8
68844,3,2
68845,4,0
68846,2,9
68847,0,5
68848,0,6
68849,4,0
68850,6,1
68851,4,0
68852,0,6
68853,7,5
68854,3,3
68855,7,5
68856,1,3
68857,6,8
68858,4,0
68859,4,0
68860,3,3
68861,2,4
68862,6,1
68863,8,5
68864,3,3
68865,4,0
68866,6,8
68867,1,3
68868,4,0
68869,0,6
68870,3,2
68871,2,7
68872,6,8
68873,6,1
68874,2,7
68875,6,1
68876,1,3
68877,6,8
68878,7,5
68879,2,4
68880,3,2
68881,4,0
68882,2,9
68883,2,7
68884,0,6
68885,6,7
68886,2,4
68887,6,1
68888,0,6
68889,3,2
68890,0,6
68891,2,7
68892,6,1
68893,2,9
68894,6,8
68895,4,0
68896,0,6
68897,2,9
68898,2,4
68899,2,9
68900,2,9
68901,0,6
68902,3,2
68903,1,3
68904,2,7
68905,6,1
68906,2,9
68907,3,2
68908,3,2
68909,7,5
68910,1,3
68911,6,7
68912,6,8
68913,4,0
68914,6,1
68915,3,2
68916,3,3
68917,2,4
68918,2,7
68919,7,8
68920,2,9
68921,4,0
68922,6,1
68923,3,2
68924,3,3
68925,0,4
68926,2,7
68927,7,8
68928,2,9
68929,4,0
68930,6,1
68931,2,7
68932,7,8
68933,2,9
68934,6,8
68935,2,9
68936,3,2
68937,0,6
68938,6,1
68939,3,3
68940,7,5
68941,2,4
68942,6,8
68943,3,2
68944,0,6
68945,2,4
68946,3,3
68947,2,4
68948,6,5
68949,2,9
68950,3,2
68951,4,0
68952,7,3
68953,2,9
68954,0,4
68955,2,9
68956,6,7
68957,3,3
68958,6,8
68959,2,7
68960,0,4
68961,2,4
68962,2,9
68963,6,8
68964,7,5
68965,7,8
68966,3,2
68967,0,6
68968,0,6
68969,3,2
68970,3,3
68971,6,1
68972,3,3
68973,3,2
68974,2,7
68975,7,3
68976,6,1
68977,2,9
68978,4,0
68979,6,1
68980,6,1
68981,3,3
68982,6,5
68983,0,0
68984,2,7
68985,6,8
68986,6,1
68987,7,5
68988,6,1
68989,2,4
68990,0,6
68991,4,0
68992,3,0
68993,2,4
68994,2,9
68995,6,1
68996,0,6
68997,0,6
68998,2,9
68999,4,0
69000,2,7
69001,0,6
69002,6,1
69003,6,1
69004,0,0
69005,6,1
69006,1,2
69007,7,3
69008,0,4
69009,6,7
69010,3,2
69011,7,3
69012,0,4
69013,7,5
69014,0,6
69015,6,7
69016,0,0
69017,6,1
69018,5,2
69019,6,7
69020,7,8
69021,0,6
69022,7,3
69023,2,9
69024,6,7
69025,6,1
69026,2,9
69027,7,3
69028,2,9
69029,0,6
69030,6,1
69031,2,7
69032,3,2
69033,2,4
69034,2,4
69035,6,5
69036,6,7
69037,0,0
69038,0,0
69039,6,1
69040,0,6
69041,0,6
69042,7,8
69043,3,2
69044,2,7
69045,2,7
69046,3,2
69047,2,4
69048,1,2
69049,6,1
69050,0,6
69051,6,1
69052,1,0
69053,0,6
69054,2,9
69055,3,8
69056,3,3
69057,2,9
69058,0,6
69059,7,3
69060,4,0
69061,1,1
69062,5,2
69063,7,3
69064,2,4
69065,7,5
69066,0,6
69067,2,7
69068,7,8
69069,2,9
69070,4,0
69071,1,1
69072,1,2
69073,5,3
69074,2,4
69075,7,5
69076,0,6
69077,2,7
69078,7,8
69079,4,9
69080,4,0
69081,6,1
69082,6,2
69083,1,3
69084,2,4
69085,7,5
69086,0,6
69087,2,7
69088,7,8
69089,2,9
69090,6,1
69091,0,6
69092,7,8
69093,2,9
69094,2,9
69095,4,0
69096,6,1
69097,1,2
69098,2,4
69099,2,4
69100,1,3
69101,2,7
69102,2,4
69103,2,4
69104,2,4
69105,4,0
69106,3,3
69107,7,8
69108,2,7
69109,7,5
69110,7,8
69111,3,2
69112,1,1
69113,2,7
69114,7,5
69115,1,3
69116,7,8
69117,7,5
69118,3,2
69119,7,5
69120,6,1
69121,6,1
69122,0,6
69123,3,2
69124,6,1
69125,1,3
69126,7,8
69127,0,6
69128,2,4
69129,3,2
69130,0,6
69131,1,2
69132,7,5
69133,7,5
69134,4,0
69135,3,2
69136,7,8
69137,4,0
69138,0,6
69139,8,8
69140,6,1
69141,2,7
69142,2,9
69143,6,1
69144,2,9
69145,3,2
69146,0,6
69147,2,7
69148,0,6
69149,0,6
69150,7,8
69151,2,7
69152,2,4
69153,2,9
69154,1,2
69155,6,1
69156,1,3
69157,7,3
69158,0,0
69159,7,5
69160,7,5
69161,7,8
69162,4,0
69163,1,3
69164,2,7
69165,2,9
69166,2,7
69167,4,0
69168,6,2
69169,2,7
69170,8,9
69171,6,1
69172,2,7
69173,8,8
69174,4,0
69175,1,3
69176,7,5
69177,1,3
69178,0,6
69179,4,0
69180,6,1
69181,3,2
69182,7,3
69183,6,4
69184,7,5
69185,0,6
69186,2,7
69187,6,8
69188,2,9
69189,4,0
69190,6,1
69191,6,2
69192,7,3
69193,0,4
69194,6,5
69195,0,6
69196,2,7
69197,6,8
69198,6,9
69199,4,0
69200,6,1
69201,3,2
69202,1,3
69203,0,4
69204,2,7
69205,6,8
69206,2,9
69207,0,6
69208,2,4
69209,6,2
69210,0,6
69211,6,4
69212,2,7
69213,7,8
69214,2,9
69215,3,2
69216,6,9
69217,3,3
69218,2,9
69219,3,3
69220,4,0
69221,4,0
69222,6,1
69223,4,0
69224,2,4
69225,6,2
69226,0,6
69227,3,3
69228,6,5
69229,3,3
69230,4,0
69231,7,3
69232,2,4
69233,6,1
69234,6,5
69235,3,3
69236,7,0
69237,7,8
69238,3,3
69239,4,0
69240,0,6
69241,6,1
69242,2,7
69243,6,8
69244,4,0
69245,2,9
69246,3,2
69247,0,6
69248,2,7
69249,6,1
69250,2,9
69251,0,6
69252,2,9
69253,0,4
69254,6,9
69255,2,9
69256,0,6
69257,2,7
69258,6,1
69259,3,2
69260,7,5
69261,1,3
69262,2,7
69263,7,8
69264,4,0
69265,6,1
69266,3,2
69267,4,4
69268,7,5
69269,0,6
69270,2,7
69271,7,8
69272,2,9
69273,4,0
69274,6,1
69275,3,3
69276,4,4
69277,7,5
69278,0,6
69279,2,7
69280,7,8
69281,3,0
69282,6,1
69283,6,3
69284,2,4
69285,2,7
69286,7,8
69287,2,9
69288,2,7
69289,7,5
69290,7,5
69291,6,1
69292,2,9
69293,2,9
69294,2,7
69295,6,1
69296,0,0
69297,4,0
69298,7,5
69299,2,9
69300,2,7
69301,6,1
69302,2,7
69303,3,2
69304,3,2
69305,3,3
69306,0,6
69307,7,8
69308,3,3
69309,3,2
69310,4,0
69311,4,0
69312,0,6
69313,6,1
69314,2,7
69315,8,5
69316,7,8
69317,0,6
69318,3,2
69319,2,9
69320,2,4
69321,7,8
69322,7,8
69323,2,7
69324,6,1
69325,4,0
69326,7,8
69327,2,7
69328,2,7
69329,7,5
69330,7,8
69331,8,5
69332,3,3
69333,2,4
69334,0,6
69335,6,1
69336,6,1
69337,7,5
69338,7,5
69339,4,0
69340,2,7
69341,3,2
69342,3,3
69343,0,6
69344,2,4
69345,6,1
69346,3,2
69347,2,4
69348,6,1
69349,7,5
69350,2,4
69351,3,2
69352,4,0
69353,2,4
69354,7,8
69355,0,6
69356,6,1
69357,2,9
69358,4,0
69359,3,2
69360,7,5
69361,0,6
69362,2,9
69363,3,3
69364,0,6
69365,3,3
69366,0,6
69367,4,0
69368,6,1
69369,3,2
69370,1,3
69371,2,4
69372,7,5
69373,0,6
69374,2,7
69375,7,8
69376,7,9
69377,0,0
69378,6,1
69379,3,2
69380,5,3
69381,2,4
69382,7,5
69383,0,6
69384,2,7
69385,0,8
69386,2,9
69387,4,0
69388,6,1
69389,3,2
69390,1,3
69391,7,5
69392,0,6
69393,2,7
69394,4,8
69395,6,1
69396,4,0
69397,2,9
69398,7,5
69399,2,7
69400,7,5
69401,6,1
69402,7,8
69403,0,6
69404,2,9
69405,4,0
69406,2,4
69407,6,1
69408,2,9
69409,3,3
69410,3,8
69411,2,4
69412,2,4
69413,2,7
69414,4,0
69415,6,1
69416,2,9
69417,3,2
69418,7,8
69419,2,7
69420,7,8
69421,3,2
69422,7,5
69423,2,9
69424,0,6
69425,4,0
69426,0,6
69427,7,5
69428,7,5
69429,3,3
69430,3,3
69431,3,3
69432,2,9
69433,4,8
69434,6,1
69435,6,1
69436,4,0
69437,0,6
69438,6,1
69439,4,0
69440,4,0
69441,0,6
69442,3,2
69443,6,1
69444,6,1
69445,1,3
69446,0,2
69447,2,7
69448,2,7
69449,2,8
69450,7,8
69451,2,7
69452,3,8
69453,2,4
69454,0,6
69455,4,0
69456,6,2
69457,4,0
69458,2,7
69459,4,0
69460,1,3
69461,0,6
69462,6,8
69463,2,7
69464,6,1
69465,1,5
69466,2,9
69467,2,9
69468,3,3
69469,2,7
69470,3,2
69471,4,4
69472,2,9
69473,2,4
69474,3,3
69475,0,6
69476,3,2
69477,3,2
69478,7,5
69479,3,3
69480,3,2
69481,7,5
69482,7,5
69483,2,9
69484,2,4
69485,6,1
69486,2,7
69487,3,2
69488,4,0
69489,6,1
69490,6,2
69491,1,3
69492,2,4
69493,7,5
69494,8,6
69495,2,7
69496,6,8
69497,2,9
69498,4,0
69499,6,1
69500,1,2
69501,1,3
69502,2,4
69503,7,5
69504,0,6
69505,6,7
69506,2,8
69507,2,9
69508,7,0
69509,6,1
69510,1,2
69511,1,3
69512,2,4
69513,7,5
69514,0,6
69515,2,7
69516,6,8
69517,2,9
69518,6,1
69519,4,0
69520,6,1
69521,3,2
69522,2,7
69523,7,5
69524,1,3
69525,2,4
69526,0,4
69527,4,0
69528,4,0
69529,0,6
69530,6,9
69531,0,6
69532,0,6
69533,7,5
69534,2,7
69535,3,2
69536,1,3
69537,2,4
69538,6,4
69539,6,9
69540,6,1
69541,2,4
69542,1,0
69543,2,7
69544,2,9
69545,7,5
69546,2,7
69547,3,2
69548,1,3
69549,6,1
69550,2,4
69551,2,4
69552,4,0
69553,2,9
69554,6,9
69555,0,6
69556,6,1
69557,6,8
69558,1,3
69559,3,3
69560,6,7
69561,1,3
69562,2,9
69563,6,8
69564,6,8
69565,4,4
69566,2,7
69567,2,7
69568,0,6
69569,1,2
69570,6,1
69571,2,9
69572,6,8
69573,2,7
69574,7,8
69575,3,8
69576,2,7
69577,6,2
69578,3,2
69579,1,3
69580,2,9
69581,3,3
69582,1,3
69583,7,5
69584,7,5
69585,4,0
69586,2,7
69587,2,9
69588,7,5
69589,0,6
69590,7,5
69591,6,1
69592,8,4
69593,6,1
69594,6,1
69595,5,2
69596,7,8
69597,3,2
69598,0,6
69599,6,1
69600,7,5
69601,4,0
69602,6,1
69603,6,2
69604,3,3
69605,0,4
69606,0,5
69607,0,6
69608,2,7
69609,7,8
69610,2,9
69611,4,0
69612,6,1
69613,6,2
69614,3,3
69615,2,4
69616,7,5
69617,0,6
69618,2,7
69619,7,8
69620,2,9
69621,4,0
69622,6,1
69623,6,2
69624,7,3
69625,2,4
69626,6,5
69627,0,6
69628,2,7
69629,7,8
69630,6,8
69631,4,0
69632,0,6
69633,3,0
69634,6,0
69635,3,2
69636,5,3
69637,2,7
69638,2,9
69639,2,4
69640,6,7
69641,6,1
69642,2,9
69643,6,1
69644,2,7
69645,6,1
69646,6,4
69647,4,0
69648,4,0
69649,6,1
69650,2,7
69651,6,5
69652,2,7
69653,6,1
69654,7,3
69655,6,3
69656,3,3
69657,6,1
69658,0,6
69659,2,9
69660,2,7
69661,6,1
69662,3,3
69663,3,0
69664,6,2
69665,0,6
69666,0,0
69667,7,8
69668,2,9
69669,2,4
69670,3,3
69671,6,5
69672,2,4
69673,7,8
69674,6,1
69675,0,5
69676,2,9
69677,0,0
69678,0,6
69679,0,6
69680,7,3
69681,7,8
69682,6,1
69683,2,4
69684,2,7
69685,6,5
69686,6,2
69687,4,0
69688,4,0
69689,6,1
69690,2,7
69691,6,8
69692,2,9
69693,0,6
69694,7,8
69695,7,8
69696,6,2
69697,3,3
69698,0,6
69699,6,1
69700,6,2
69701,2,9
69702,7,5
69703,6,2
69704,4,0
69705,6,1
69706,3,2
69707,3,3
69708,6,4
69709,0,5
69710,0,6
69711,2,7
69712,6,8
69713,6,9
69714,4,0
69715,6,1
69716,4,2
69717,3,3
69718,0,4
69719,7,5
69720,0,6
69721,2,7
69722,6,8
69723,2,9
69724,7,0
69725,6,1
69726,3,2
69727,3,3
69728,6,4
69729,0,5
69730,0,6
69731,2,7
69732,7,8
69733,6,9
69734,2,7
69735,6,4
69736,0,6
69737,6,1
69738,0,4
69739,0,0
69740,2,9
69741,2,9
69742,3,3
69743,6,7
69744,6,8
69745,6,4
69746,2,7
69747,0,5
69748,6,8
69749,0,5
69750,3,3
69751,3,2
69752,3,2
69753,0,0
69754,6,5
69755,7,8
69756,0,6
69757,4,0
69758,3,3
69759,6,8
69760,6,1
69761,4,0
69762,3,3
69763,0,0
69764,6,4
69765,2,7
69766,0,4
69767,2,9
69768,3,2
69769,6,9
69770,0,5
69771,2,7
69772,6,1
69773,2,7
69774,6,1
69775,0,6
69776,0,6
69777,5,5
69778,0,6
69779,3,2
69780,6,8
69781,6,7
69782,0,6
69783,0,4
69784,2,9
69785,2,9
69786,7,5
69787,3,3
69788,2,7
69789,6,4
69790,3,3
69791,0,0
69792,6,4
69793,0,6
69794,0,6
69795,6,1
69796,6,1
69797,3,3
69798,3,2
69799,6,1
69800,0,0
69801,4,0
69802,6,1
69803,3,2
69804,1,3
69805,2,4
69806,2,7
69807,7,8
69808,2,9
69809,4,0
69810,6,1
69811,6,2
69812,3,3
69813,2,4
69814,6,5
69815,0,6
69816,2,7
69817,6,8
69818,7,0
69819,6,1
69820,6,2
69821,3,3
69822,2,4
69823,2,7
69824,6,8
69825,2,9
69826,0,0
69827,6,8
69828,3,3
69829,2,9
69830,6,5
69831,6,5
69832,6,2
69833,0,6
69834,8,8
69835,0,4
69836,6,1
69837,2,7
69838,6,1
69839,6,2
69840,3,3
69841,6,5
69842,0,6
69843,2,9
69844,6,1
69845,6,1
69846,6,1
69847,6,2
69848,6,1
69849,6,2
69850,3,0
69851,2,7
69852,2,7
69853,6,5
69854,6,8
69855,6,2
69856,6,9
69857,6,8
69858,0,6
69859,2,7
69860,3,3
69861,0,4
69862,0,6
69863,6,8
69864,2,7
69865,4,0
69866,0,4
69867,6,2
69868,2,7
69869,2,7
69870,8,5
69871,2,4
69872,1,3
69873,0,4
69874,6,2
69875,8,8
69876,6,1
69877,6,5
69878,6,1
69879,6,0
69880,6,2
69881,3,3
69882,1,3
69883,8,5
69884,2,7
69885,0,0
69886,0,6
69887,6,8
69888,0,6
69889,6,3
69890,2,9
69891,2,9
69892,6,8
69893,6,2
69894,6,7
69895,2,7
69896,6,1
69897,4,0
69898,6,1
69899,2,7
69900,6,8
69901,2,9
69902,0,0
69903,6,1
69904,3,2
69905,6,3
69906,0,4
69907,6,5
69908,0,6
69909,2,7
69910,6,8
69911,3,0
69912,6,1
69913,3,2
69914,1,3
69915,0,4
69916,2,7
69917,6,8
69918,2,9
69919,2,7
69920,6,8
69921,0,6
69922,2,4
69923,6,1
69924,2,9
69925,7,3
69926,3,8
69927,2,4
69928,2,4
69929,2,7
69930,4,0
69931,6,1
69932,2,9
69933,3,2
69934,6,8
69935,2,7
69936,7,8
69937,3,2
69938,0,6
69939,0,0
69940,0,6
69941,3,5
69942,7,3
69943,7,3
69944,7,3
69945,2,9
69946,6,1
69947,2,4
69948,4,0
69949,0,6
69950,6,1
69951,4,0
69952,4,0
69953,0,6
69954,3,2
69955,6,1
69956,6,1
69957,2,7
69958,6,7
69959,6,8
69960,2,4
69961,0,6
69962,3,0
69963,2,7
69964,4,0
69965,3,3
69966,0,6
69967,7,8
69968,2,7
69969,6,1
69970,6,5
69971,6,2
69972,2,4
69973,2,9
69974,2,4
69975,3,3
69976,0,6
69977,2,4
69978,6,1
69979,2,7
69980,3,2
69981,0,6
69982,1,5
69983,4,0
69984,6,1
69985,6,2
69986,1,3
69987,2,4
69988,7,5
69989,0,6
69990,2,7
69991,1,8
69992,2,9
69993,7,0
69994,6,1
69995,1,2
69996,1,3
69997,2,4
69998,7,5
69999,0,6
