index,cluster,label
0,7,5
1,4,0
2,5,4
3,0,1
4,5,9
5,8,2
6,1,1
7,2,3
8,1,1
9,5,4
10,2,3
11,0,5
12,2,3
13,3,6
14,1,1
15,9,7
16,8,2
17,0,8
18,3,6
19,9,9
20,5,4
21,4,0
22,9,9
23,0,1
24,1,1
25,8,2
26,5,4
27,2,3
28,8,2
29,9,7
30,2,3
31,0,8
32,3,6
33,9,9
34,4,0
35,7,5
36,3,6
37,4,0
38,5,7
39,3,6
40,1,1
41,6,8
42,9,7
43,9,9
44,2,3
45,9,9
46,6,8
47,7,5
48,1,9
49,2,3
50,2,3
51,4,0
52,9,7
53,1,4
54,5,9
55,6,8
56,4,0
57,9,9
58,5,4
59,0,1
60,5,4
61,0,4
62,3,6
63,4,0
64,5,4
65,7,5
66,3,6
67,1,1
68,4,0
69,4,0
70,1,1
71,9,7
72,1,1
73,3,6
74,2,3
75,4,0
76,8,2
77,0,1
78,0,1
79,9,7
80,3,9
81,4,0
82,8,2
83,3,6
84,9,7
85,6,8
86,2,3
87,9,9
88,4,0
89,5,4
90,3,6
91,9,7
92,5,4
93,3,6
94,6,8
95,4,0
96,9,7
97,6,8
98,2,3
99,0,1
100,7,5
101,9,7
102,1,1
103,9,7
104,1,1
105,0,1
106,3,6
107,2,3
108,4,0
109,3,2
110,5,9
111,2,3
112,1,1
113,0,1
114,4,0
115,5,4
116,5,9
117,8,2
118,4,0
119,4,0
120,9,2
121,4,0
122,8,2
123,9,7
124,1,1
125,6,8
126,3,6
127,0,4
128,1,1
129,3,6
130,2,3
131,5,4
132,1,5
133,9,9
134,1,1
135,2,3
136,2,3
137,0,8
138,2,5
139,5,4
140,9,7
141,0,7
142,5,4
143,8,2
144,6,8
145,7,5
146,6,8
147,3,6
148,5,7
149,2,3
150,5,4
151,3,6
152,1,1
153,9,9
154,5,9
155,3,6
156,4,0
157,2,3
158,5,7
159,8,2
160,6,8
161,8,2
162,5,9
163,0,4
164,5,4
165,3,6
166,5,4
167,9,9
168,9,7
169,4,0
170,5,9
171,8,2
172,9,9
173,0,5
174,1,1
175,7,5
176,5,9
177,0,1
178,4,2
179,2,3
180,1,2
181,2,3
182,2,5
183,9,9
184,1,1
185,9,7
186,3,6
187,8,2
188,6,8
189,8,2
190,8,2
191,7,5
192,4,0
193,9,7
194,5,4
195,9,9
196,9,7
197,6,8
198,2,3
199,8,2
200,1,1
201,0,1
202,7,8
203,2,3
204,3,6
205,0,1
206,4,0
207,8,3
208,1,1
209,4,0
210,4,0
211,1,1
212,1,7
213,8,2
214,9,7
215,2,3
216,4,0
217,5,4
218,3,6
219,7,5
220,8,2
221,3,6
222,5,4
223,9,7
224,6,1
225,6,8
226,5,9
227,9,9
228,2,3
229,4,0
230,9,7
231,1,1
232,3,0
233,8,2
234,4,0
235,2,3
236,7,5
237,5,4
238,3,6
239,7,5
240,6,8
241,3,6
242,2,3
243,9,7
244,7,5
245,6,8
246,4,0
247,5,9
248,1,1
249,4,0
250,2,3
251,1,1
252,8,2
253,8,2
254,2,3
255,2,3
256,7,6
257,5,4
258,9,7
259,7,5
260,4,0
261,3,6
262,3,2
263,9,7
264,5,9
265,6,8
266,7,5
267,9,9
268,9,2
269,1,1
270,1,1
271,5,4
272,5,4
273,7,5
274,3,6
275,5,4
276,1,1
277,8,2
278,2,5
279,2,3
280,9,9
281,2,3
282,5,9
283,4,0
284,2,5
285,9,9
286,3,6
287,7,5
288,9,7
289,5,4
290,1,1
291,2,3
292,5,4
293,4,0
294,5,4
295,6,8
296,4,0
297,5,4
298,2,3
299,3,6
300,6,8
301,9,7
302,3,6
303,4,0
304,9,9
305,9,7
306,2,5
307,9,7
308,8,2
309,0,1
310,1,1
311,3,6
312,6,8
313,9,9
314,5,4
315,0,1
316,2,5
317,8,2
318,8,2
319,9,9
320,4,0
321,2,3
322,5,9
323,3,6
324,9,7
325,8,2
326,4,0
327,2,3
328,7,5
329,5,4
330,2,3
331,3,6
332,7,5
333,6,8
334,5,9
335,7,5
336,5,4
337,9,7
338,5,4
339,8,2
340,5,7
341,2,3
342,5,4
343,6,8
344,5,9
345,0,1
346,2,9
347,8,2
348,6,8
349,9,7
350,5,9
351,0,1
352,6,8
353,9,7
354,5,4
355,0,1
356,2,3
357,0,1
358,1,1
359,4,0
360,8,2
361,2,3
362,5,9
363,5,4
364,5,9
365,8,2
366,1,1
367,3,6
368,6,8
369,5,4
370,1,7
371,9,7
372,5,4
373,5,4
374,5,9
375,8,2
376,7,5
377,9,7
378,8,2
379,5,4
380,5,4
381,8,2
382,1,1
383,9,9
384,5,7
385,8,2
386,6,8
387,9,7
388,3,6
389,9,9
390,8,2
391,8,2
392,2,3
393,6,8
394,1,1
395,3,6
396,7,5
397,0,1
398,1,1
399,4,0
400,8,2
401,3,6
402,5,4
403,7,5
404,2,8
405,2,3
406,1,1
407,7,5
408,1,1
409,9,9
410,8,2
411,9,7
412,5,4
413,5,4
414,5,4
415,6,8
416,0,1
417,7,5
418,0,8
419,9,9
420,7,5
421,3,6
422,9,7
423,9,9
424,5,9
425,2,3
426,9,7
427,4,0
428,5,9
429,4,0
430,3,6
431,3,6
432,8,2
433,2,3
434,5,9
435,4,0
436,5,7
437,7,5
438,5,4
439,6,8
440,4,0
441,9,9
442,5,4
443,0,1
444,1,2
445,6,8
446,5,7
447,0,1
448,8,2
449,3,6
450,1,1
451,4,0
452,2,3
453,4,0
454,1,1
455,0,1
456,6,8
457,8,2
458,4,0
459,2,3
460,5,9
461,5,4
462,4,0
463,7,5
464,4,0
465,3,6
466,1,1
467,9,7
468,5,7
469,6,8
470,1,1
471,9,9
472,1,2
473,4,0
474,7,5
475,0,1
476,8,2
477,8,2
478,9,7
479,2,3
480,7,5
481,5,4
482,5,9
483,9,7
484,1,1
485,6,8
486,2,3
487,0,9
488,3,6
489,4,0
490,2,3
491,0,1
492,0,1
493,8,2
494,4,6
495,2,3
496,7,5
497,0,7
498,3,6
499,6,8
500,9,3
501,0,9
502,7,5
503,0,8
504,2,5
505,9,7
506,3,6
507,0,1
508,0,1
509,7,3
510,0,1
511,0,7
512,7,5
513,7,5
514,2,5
515,8,2
516,7,5
517,6,8
518,9,7
519,4,0
520,5,9
521,9,7
522,9,7
523,7,5
524,4,0
525,9,9
526,4,0
527,4,0
528,7,8
529,0,9
530,8,2
531,5,4
532,6,8
533,0,1
534,3,6
535,0,1
536,3,6
537,7,5
538,0,1
539,6,8
540,2,3
541,5,4
542,4,0
543,7,5
544,2,5
545,6,8
546,2,3
547,3,6
548,8,2
549,2,3
550,5,9
551,8,2
552,1,1
553,0,1
554,3,5
555,8,2
556,1,1
557,2,3
558,1,2
559,7,8
560,9,7
561,2,3
562,9,7
563,0,2
564,5,4
565,3,6
566,5,9
567,9,7
568,8,2
569,5,4
570,8,2
571,6,8
572,1,1
573,0,1
574,2,3
575,0,8
576,5,4
577,4,0
578,3,6
579,7,5
580,5,9
581,2,3
582,4,0
583,0,9
584,8,2
585,5,4
586,9,7
587,0,1
588,1,2
589,9,9
590,5,4
591,8,2
592,3,6
593,0,1
594,2,8
595,9,9
596,4,0
597,3,6
598,3,6
599,9,7
600,5,9
601,0,9
602,2,8
603,4,0
604,1,1
605,0,4
606,5,4
607,3,6
608,5,7
609,0,1
610,5,5
611,0,7
612,4,0
613,2,3
614,7,5
615,6,8
616,5,4
617,9,7
618,1,1
619,8,2
620,2,5
621,9,9
622,7,5
623,3,6
624,9,7
625,7,5
626,5,9
627,7,8
628,2,8
629,2,3
630,3,6
631,0,9
632,9,7
633,4,0
634,9,7
635,8,5
636,9,7
637,0,1
638,1,1
639,4,0
640,9,7
641,0,9
642,8,2
643,2,3
644,0,7
645,2,3
646,1,2
647,0,4
648,1,1
649,3,6
650,8,2
651,9,7
652,7,5
653,7,5
654,9,7
655,5,4
656,4,0
657,8,2
658,3,6
659,2,3
660,3,6
661,0,4
662,4,0
663,5,4
664,8,2
665,3,6
666,4,0
667,4,0
668,4,0
669,4,0
670,2,3
671,0,1
672,3,6
673,8,2
674,1,2
675,2,3
676,1,1
677,5,4
678,1,1
679,7,5
680,5,4
681,3,6
682,5,4
683,9,7
684,8,2
685,0,8
686,9,7
687,5,9
688,8,2
689,4,0
690,3,5
691,0,1
692,5,4
693,8,2
694,6,8
695,2,3
696,8,2
697,5,4
698,0,1
699,7,5
700,5,4
701,3,6
702,4,0
703,9,7
704,4,9
705,0,8
706,5,4
707,9,9
708,6,8
709,4,0
710,1,1
711,0,1
712,4,0
713,8,2
714,8,2
715,2,3
716,8,2
717,5,4
718,5,4
719,7,5
720,1,8
721,3,6
722,7,5
723,9,7
724,9,7
725,0,8
726,6,8
727,5,9
728,9,7
729,5,4
730,9,7
731,2,3
732,8,2
733,4,0
734,6,8
735,3,6
736,2,8
737,3,6
738,1,1
739,3,6
740,2,8
741,5,9
742,5,4
743,4,0
744,5,9
745,4,0
746,5,4
747,0,1
748,2,5
749,9,4
750,9,7
751,7,5
752,2,3
753,9,7
754,5,4
755,9,9
756,6,8
757,7,5
758,6,8
759,3,6
760,2,3
761,6,8
762,3,6
763,5,9
764,5,9
765,0,1
766,6,8
767,2,3
768,7,5
769,6,8
770,4,6
771,7,5
772,5,9
773,9,7
774,8,2
775,7,5
776,4,0
777,6,8
778,5,5
779,0,1
780,1,1
781,4,0
782,5,9
783,0,1
784,6,8
785,3,6
786,9,7
787,4,0
788,5,9
789,2,3
790,4,0
791,6,8
792,2,8
793,5,9
794,3,6
795,9,7
796,6,8
797,5,4
798,9,7
799,7,5
800,5,9
801,8,2
802,3,6
803,9,7
804,5,4
805,7,5
806,5,9
807,8,2
808,2,3
809,0,1
810,3,6
811,2,3
812,5,9
813,8,2
814,8,2
815,7,5
816,3,6
817,6,8
818,4,0
819,9,7
820,5,7
821,0,1
822,1,9
823,6,8
824,9,7
825,4,0
826,5,9
827,9,9
828,5,4
829,3,6
830,8,2
831,6,8
832,2,5
833,0,1
834,5,4
835,0,1
836,2,5
837,7,5
838,1,1
839,9,7
840,2,3
841,3,6
842,5,4
843,0,3
844,8,2
845,7,5
846,3,6
847,5,4
848,5,4
849,4,0
850,3,4
851,5,4
852,3,6
853,9,7
854,5,2
855,5,4
856,2,3
857,2,3
858,6,8
859,4,0
860,4,0
861,2,3
862,8,2
863,8,2
864,9,9
865,6,8
866,8,2
867,2,3
868,9,7
869,4,0
870,1,1
871,0,1
872,4,0
873,8,2
874,2,3
875,2,3
876,6,8
877,5,4
878,2,3
879,7,5
880,9,7
881,3,6
882,5,4
883,9,7
884,1,7
885,6,8
886,2,5
887,9,9
888,9,7
889,4,0
890,2,3
891,0,1
892,3,6
893,8,2
894,5,4
895,2,3
896,5,4
897,5,4
898,9,7
899,7,5
900,5,9
901,3,6
902,4,9
903,4,0
904,9,7
905,0,1
906,5,4
907,8,2
908,9,7
909,2,3
910,3,6
911,9,7
912,7,5
913,0,8
914,5,4
915,7,5
916,3,5
917,8,2
918,9,7
919,0,1
920,1,1
921,7,5
922,3,6
923,6,8
924,2,5
925,6,8
926,5,4
927,4,0
928,9,7
929,5,9
930,9,9
931,8,2
932,5,9
933,9,7
934,9,7
935,0,8
936,9,7
937,5,4
938,6,2
939,3,6
940,5,9
941,0,1
942,9,7
943,4,0
944,3,6
945,5,4
946,6,2
947,7,5
948,9,7
949,4,0
950,9,7
951,0,1
952,4,0
953,2,3
954,9,7
955,3,6
956,7,5
957,4,0
958,3,6
959,0,1
960,7,5
961,0,1
962,9,7
963,6,8
964,7,5
965,4,0
966,2,3
967,5,4
968,9,7
969,9,7
970,2,5
971,9,7
972,6,8
973,3,6
974,5,9
975,2,3
976,6,8
977,3,6
978,1,1
979,4,0
980,5,9
981,9,7
982,1,1
983,2,3
984,4,0
985,7,5
986,3,6
987,5,4
988,5,4
989,8,2
990,5,4
991,5,4
992,2,3
993,0,1
994,9,7
995,9,7
996,3,6
997,4,0
998,2,3
999,3,6
1000,4,0
1001,9,7
1002,1,1
1003,0,1
1004,5,4
1005,9,9
1006,5,4
1007,2,3
1008,5,4
1009,0,8
1010,8,2
1011,8,2
1012,1,1
1013,0,8
1014,9,7
1015,4,0
1016,6,8
1017,0,1
1018,4,0
1019,9,7
1020,3,6
1021,2,3
1022,9,7
1023,9,7
1024,5,5
1025,0,8
1026,6,8
1027,9,9
1028,4,0
1029,4,0
1030,3,4
1031,0,1
1032,2,5
1033,8,2
1034,8,2
1035,4,3
1036,9,9
1037,5,4
1038,5,9
1039,7,5
1040,4,0
1041,3,6
1042,9,7
1043,9,7
1044,1,1
1045,6,8
1046,4,0
1047,9,2
1048,8,2
1049,4,0
1050,5,4
1051,0,1
1052,1,1
1053,8,2
1054,9,7
1055,7,3
1056,5,9
1057,9,7
1058,6,2
1059,6,8
1060,1,1
1061,9,9
1062,7,5
1063,6,8
1064,6,8
1065,0,1
1066,0,9
1067,6,8
1068,2,3
1069,0,1
1070,1,6
1071,7,5
1072,9,7
1073,5,4
1074,8,2
1075,5,7
1076,4,0
1077,4,3
1078,4,0
1079,0,4
1080,1,1
1081,0,1
1082,9,7
1083,5,9
1084,1,1
1085,0,1
1086,6,8
1087,7,5
1088,9,7
1089,7,5
1090,4,0
1091,3,6
1092,3,6
1093,4,0
1094,5,4
1095,0,1
1096,8,2
1097,8,3
1098,5,4
1099,0,4
1100,3,6
1101,6,8
1102,4,0
1103,9,9
1104,7,5
1105,6,8
1106,9,7
1107,4,0
1108,2,3
1109,7,5
1110,5,4
1111,7,5
1112,5,9
1113,3,6
1114,9,7
1115,0,1
1116,5,9
1117,3,6
1118,1,1
1119,4,3
1120,3,8
1121,7,3
1122,5,9
1123,0,1
1124,8,2
1125,9,7
1126,9,7
1127,5,7
1128,4,0
1129,8,2
1130,2,3
1131,0,1
1132,1,1
1133,5,4
1134,8,2
1135,7,5
1136,3,6
1137,4,0
1138,9,9
1139,3,6
1140,7,2
1141,6,8
1142,5,9
1143,6,2
1144,2,3
1145,2,3
1146,3,6
1147,5,9
1148,0,1
1149,5,4
1150,2,3
1151,2,3
1152,4,0
1153,9,7
1154,9,7
1155,0,1
1156,9,7
1157,9,7
1158,2,3
1159,3,6
1160,5,4
1161,9,9
1162,2,5
1163,5,4
1164,5,4
1165,8,2
1166,9,7
1167,9,9
1168,4,0
1169,9,9
1170,2,8
1171,5,4
1172,5,4
1173,9,9
1174,1,1
1175,8,2
1176,5,4
1177,5,9
1178,2,3
1179,4,0
1180,5,4
1181,0,1
1182,3,6
1183,8,2
1184,3,6
1185,2,3
1186,9,7
1187,5,4
1188,8,2
1189,3,6
1190,4,6
1191,9,7
1192,1,1
1193,6,8
1194,5,9
1195,4,0
1196,5,4
1197,0,1
1198,5,4
1199,8,2
1200,1,1
1201,6,3
1202,3,6
1203,5,4
1204,3,6
1205,9,7
1206,2,5
1207,6,8
1208,9,7
1209,4,0
1210,2,5
1211,0,1
1212,5,4
1213,8,2
1214,6,8
1215,5,4
1216,9,7
1217,9,7
1218,2,3
1219,5,8
1220,5,4
1221,5,9
1222,2,5
1223,6,8
1224,3,6
1225,9,7
1226,2,3
1227,5,4
1228,3,6
1229,9,7
1230,1,1
1231,9,7
1232,5,4
1233,2,3
1234,2,3
1235,9,9
1236,2,8
1237,6,8
1238,1,1
1239,9,8
1240,3,6
1241,2,3
1242,1,1
1243,1,1
1244,5,3
1245,7,5
1246,8,2
1247,6,8
1248,5,4
1249,8,2
1250,9,9
1251,9,7
1252,1,1
1253,5,4
1254,2,8
1255,8,2
1256,5,9
1257,3,6
1258,5,4
1259,0,1
1260,5,3
1261,5,4
1262,8,2
1263,7,5
1264,8,2
1265,7,5
1266,3,6
1267,6,8
1268,4,0
1269,3,6
1270,1,2
1271,5,4
1272,5,9
1273,5,4
1274,9,9
1275,5,4
1276,4,5
1277,0,1
1278,3,5
1279,6,8
1280,5,4
1281,9,7
1282,2,9
1283,7,5
1284,9,9
1285,7,5
1286,5,9
1287,0,1
1288,7,5
1289,6,8
1290,2,3
1291,5,9
1292,9,9
1293,1,1
1294,6,8
1295,2,3
1296,6,8
1297,3,6
1298,7,5
1299,8,2
1300,9,7
1301,8,2
1302,9,7
1303,3,6
1304,4,0
1305,5,9
1306,9,7
1307,9,9
1308,5,4
1309,3,6
1310,4,0
1311,7,5
1312,2,3
1313,7,5
1314,5,7
1315,2,3
1316,9,9
1317,2,3
1318,3,6
1319,6,8
1320,2,3
1321,0,1
1322,9,7
1323,3,6
1324,7,5
1325,7,5
1326,9,7
1327,3,6
1328,7,5
1329,6,8
1330,8,2
1331,0,1
1332,9,7
1333,5,9
1334,8,2
1335,9,7
1336,2,3
1337,3,6
1338,9,7
1339,6,8
1340,7,5
1341,0,3
1342,9,7
1343,9,7
1344,6,8
1345,5,4
1346,4,0
1347,9,7
1348,2,3
1349,4,0
1350,3,6
1351,2,3
1352,2,9
1353,9,7
1354,1,1
1355,5,9
1356,2,5
1357,2,3
1358,3,6
1359,4,0
1360,5,9
1361,8,2
1362,6,8
1363,4,0
1364,2,9
1365,0,1
1366,3,6
1367,4,0
1368,4,0
1369,0,1
1370,5,9
1371,4,0
1372,4,0
1373,5,4
1374,8,2
1375,0,1
1376,5,7
1377,4,0
1378,2,3
1379,5,4
1380,5,4
1381,9,7
1382,7,5
1383,9,9
1384,6,8
1385,8,2
1386,4,0
1387,4,0
1388,6,8
1389,3,6
1390,8,2
1391,8,2
1392,9,7
1393,3,6
1394,1,1
1395,8,2
1396,5,9
1397,8,2
1398,7,6
1399,5,9
1400,9,7
1401,5,9
1402,7,5
1403,4,0
1404,7,8
1405,0,1
1406,7,5
1407,8,2
1408,5,4
1409,2,3
1410,5,9
1411,0,4
1412,5,7
1413,7,5
1414,3,6
1415,3,6
1416,5,7
1417,9,7
1418,3,6
1419,6,8
1420,2,5
1421,9,9
1422,9,7
1423,4,0
1424,3,6
1425,0,1
1426,5,9
1427,8,2
1428,2,3
1429,2,3
1430,7,5
1431,5,4
1432,2,3
1433,7,5
1434,6,8
1435,3,6
1436,2,3
1437,9,7
1438,8,2
1439,6,8
1440,5,4
1441,9,9
1442,7,5
1443,4,0
1444,8,2
1445,0,1
1446,5,4
1447,8,2
1448,3,4
1449,2,3
1450,1,1
1451,9,7
1452,1,1
1453,0,8
1454,4,0
1455,0,9
1456,3,6
1457,0,8
1458,1,1
1459,9,9
1460,5,4
1461,0,4
1462,5,9
1463,0,1
1464,6,8
1465,0,9
1466,3,6
1467,7,5
1468,7,5
1469,2,3
1470,2,3
1471,4,0
1472,1,1
1473,0,4
1474,2,3
1475,0,8
1476,2,3
1477,0,4
1478,8,2
1479,4,0
1480,9,7
1481,7,5
1482,7,5
1483,0,1
1484,6,8
1485,7,5
1486,2,3
1487,5,4
1488,3,6
1489,4,0
1490,7,5
1491,9,7
1492,1,2
1493,3,6
1494,3,6
1495,4,0
1496,1,1
1497,0,1
1498,5,4
1499,9,7
1500,9,9
1501,4,0
1502,4,0
1503,3,6
1504,3,6
1505,0,8
1506,3,6
1507,9,9
1508,5,4
1509,7,5
1510,8,2
1511,0,4
1512,1,0
1513,9,7
1514,7,5
1515,3,6
1516,7,5
1517,4,0
1518,5,9
1519,0,8
1520,3,6
1521,0,1
1522,5,9
1523,9,7
1524,7,5
1525,9,7
1526,2,5
1527,0,1
1528,1,1
1529,2,3
1530,4,0
1531,8,2
1532,4,0
1533,2,3
1534,6,8
1535,0,1
1536,3,6
1537,0,4
1538,3,6
1539,8,2
1540,3,6
1541,0,4
1542,6,8
1543,6,8
1544,1,1
1545,0,4
1546,5,4
1547,9,7
1548,1,1
1549,8,2
1550,8,2
1551,2,3
1552,5,9
1553,3,6
1554,1,4
1555,9,9
1556,7,5
1557,3,6
1558,8,2
1559,2,3
1560,5,9
1561,8,2
1562,3,6
1563,8,2
1564,9,7
1565,5,4
1566,2,3
1567,3,6
1568,5,4
1569,0,9
1570,9,7
1571,4,0
1572,1,2
1573,8,2
1574,5,9
1575,7,5
1576,5,4
1577,7,5
1578,4,0
1579,0,1
1580,5,4
1581,2,3
1582,3,6
1583,2,3
1584,8,2
1585,9,9
1586,9,7
1587,7,5
1588,2,3
1589,9,7
1590,4,0
1591,9,9
1592,7,5
1593,0,8
1594,2,3
1595,8,2
1596,4,0
1597,0,1
1598,6,8
1599,2,3
1600,4,0
1601,0,1
1602,8,2
1603,2,3
1604,5,4
1605,4,0
1606,4,0
1607,1,1
1608,5,7
1609,8,2
1610,9,9
1611,2,3
1612,9,9
1613,5,4
1614,6,2
1615,7,5
1616,6,8
1617,3,6
1618,5,7
1619,9,7
1620,5,9
1621,6,8
1622,5,9
1623,5,9
1624,8,2
1625,4,0
1626,4,0
1627,0,1
1628,5,4
1629,8,2
1630,5,4
1631,2,3
1632,5,9
1633,5,4
1634,2,3
1635,7,5
1636,9,7
1637,3,6
1638,7,5
1639,9,7
1640,1,1
1641,6,8
1642,3,6
1643,9,9
1644,2,3
1645,4,0
1646,5,4
1647,0,1
1648,8,2
1649,8,2
1650,7,5
1651,2,3
1652,9,7
1653,5,4
1654,1,1
1655,9,7
1656,1,7
1657,6,8
1658,1,1
1659,9,9
1660,8,2
1661,2,3
1662,4,2
1663,5,4
1664,4,0
1665,0,1
1666,6,8
1667,5,4
1668,2,3
1669,3,6
1670,7,5
1671,3,6
1672,5,4
1673,9,7
1674,4,9
1675,2,3
1676,1,1
1677,2,3
1678,4,0
1679,8,2
1680,0,1
1681,0,1
1682,4,0
1683,5,9
1684,5,9
1685,5,4
1686,3,6
1687,9,7
1688,4,6
1689,2,3
1690,7,5
1691,7,5
1692,5,4
1693,5,4
1694,3,6
1695,5,9
1696,1,1
1697,1,1
1698,2,3
1699,1,1
1700,1,1
1701,4,0
1702,7,5
1703,1,1
1704,1,4
1705,5,4
1706,3,6
1707,3,6
1708,3,6
1709,4,0
1710,1,1
1711,8,2
1712,4,0
1713,6,8
1714,1,2
1715,8,2
1716,1,1
1717,0,1
1718,2,3
1719,9,7
1720,5,9
1721,7,5
1722,2,3
1723,4,0
1724,8,2
1725,4,0
1726,3,6
1727,8,2
1728,9,9
1729,4,0
1730,9,7
1731,3,6
1732,5,9
1733,5,9
1734,1,1
1735,8,2
1736,5,9
1737,2,3
1738,5,4
1739,9,7
1740,5,9
1741,3,6
1742,4,0
1743,5,9
1744,5,4
1745,6,8
1746,9,7
1747,9,7
1748,5,9
1749,6,8
1750,3,6
1751,9,9
1752,2,5
1753,8,2
1754,8,2
1755,8,2
1756,2,3
1757,5,9
1758,0,8
1759,6,8
1760,6,8
1761,3,6
1762,5,4
1763,5,4
1764,5,4
1765,5,4
1766,8,2
1767,5,4
1768,3,6
1769,4,0
1770,9,7
1771,4,0
1772,9,7
1773,6,8
1774,8,2
1775,4,0
1776,6,8
1777,6,8
1778,2,3
1779,3,6
1780,6,8
1781,3,6
1782,3,6
1783,6,8
1784,7,6
1785,7,5
1786,1,1
1787,0,1
1788,6,8
1789,9,7
1790,2,8
1791,2,3
1792,3,6
1793,6,8
1794,5,9
1795,7,5
1796,4,0
1797,4,0
1798,4,0
1799,2,3
1800,8,2
1801,3,6
1802,3,6
1803,9,7
1804,6,8
1805,2,3
1806,7,5
1807,0,1
1808,5,4
1809,2,3
1810,7,5
1811,9,9
1812,5,4
1813,7,5
1814,3,4
1815,0,1
1816,1,1
1817,7,5
1818,5,4
1819,4,0
1820,5,9
1821,9,7
1822,1,1
1823,8,2
1824,7,5
1825,9,7
1826,5,9
1827,5,4
1828,4,0
1829,2,3
1830,3,6
1831,0,1
1832,9,7
1833,9,7
1834,7,5
1835,3,6
1836,2,3
1837,4,0
1838,1,1
1839,1,1
1840,5,4
1841,8,2
1842,5,4
1843,2,3
1844,3,6
1845,5,4
1846,0,7
1847,7,5
1848,9,7
1849,3,6
1850,5,9
1851,9,7
1852,1,2
1853,6,8
1854,5,4
1855,5,9
1856,6,8
1857,4,0
1858,9,7
1859,1,1
1860,0,1
1861,8,2
1862,2,3
1863,2,3
1864,7,5
1865,5,4
1866,3,6
1867,7,5
1868,4,0
1869,3,6
1870,2,3
1871,9,7
1872,2,3
1873,6,8
1874,8,2
1875,9,9
1876,4,0
1877,4,0
1878,5,9
1879,1,1
1880,8,2
1881,8,2
1882,5,9
1883,2,3
1884,5,9
1885,5,4
1886,3,6
1887,7,5
1888,4,2
1889,3,6
1890,3,6
1891,9,7
1892,3,6
1893,6,8
1894,8,2
1895,9,9
1896,8,2
1897,4,0
1898,3,6
1899,9,7
1900,8,2
1901,6,8
1902,3,6
1903,9,9
1904,4,0
1905,9,9
1906,1,6
1907,4,0
1908,2,3
1909,0,1
1910,1,1
1911,5,4
1912,5,9
1913,7,5
1914,6,8
1915,0,1
1916,4,0
1917,3,6
1918,3,6
1919,9,7
1920,1,2
1921,2,3
1922,5,4
1923,8,2
1924,2,3
1925,5,9
1926,4,0
1927,4,0
1928,5,4
1929,2,5
1930,4,0
1931,7,6
1932,5,4
1933,9,7
1934,5,4
1935,2,3
1936,1,1
1937,9,9
1938,2,3
1939,5,9
1940,5,9
1941,2,3
1942,1,1
1943,6,8
1944,9,7
1945,1,1
1946,5,7
1947,8,2
1948,5,8
1949,5,9
1950,5,9
1951,3,6
1952,8,2
1953,9,7
1954,8,2
1955,7,5
1956,4,0
1957,3,6
1958,9,7
1959,2,3
1960,5,9
1961,2,5
1962,5,9
1963,4,0
1964,6,8
1965,7,5
1966,6,8
1967,5,4
1968,5,9
1969,4,0
1970,7,5
1971,2,3
1972,8,2
1973,5,4
1974,2,8
1975,9,7
1976,5,4
1977,1,1
1978,7,5
1979,5,4
1980,3,6
1981,2,3
1982,5,7
1983,9,7
1984,5,9
1985,3,6
1986,3,6
1987,8,2
1988,8,2
1989,0,1
1990,3,6
1991,7,5
1992,5,4
1993,7,5
1994,2,3
1995,4,0
1996,7,5
1997,7,5
1998,8,2
1999,4,0
2000,5,5
2001,6,8
2002,6,8
2003,5,4
2004,8,2
2005,3,6
2006,5,9
2007,9,7
2008,1,1
2009,4,0
2010,8,2
2011,2,3
2012,1,1
2013,6,8
2014,5,7
2015,1,1
2016,6,8
2017,8,2
2018,9,7
2019,8,2
2020,3,6
2021,2,3
2022,8,2
2023,2,3
2024,9,7
2025,3,6
2026,6,8
2027,9,7
2028,7,5
2029,2,3
2030,6,8
2031,5,4
2032,5,4
2033,5,9
2034,5,4
2035,3,6
2036,5,4
2037,7,5
2038,7,5
2039,0,1
2040,1,1
2041,5,9
2042,2,3
2043,6,8
2044,1,6
2045,0,1
2046,5,4
2047,0,1
2048,9,7
2049,7,5
2050,5,4
2051,4,0
2052,5,4
2053,8,2
2054,9,7
2055,9,7
2056,2,5
2057,6,8
2058,4,0
2059,3,6
2060,5,9
2061,7,6
2062,3,6
2063,6,8
2064,5,7
2065,8,2
2066,4,0
2067,6,8
2068,2,8
2069,5,4
2070,0,8
2071,5,4
2072,5,4
2073,8,2
2074,2,3
2075,8,2
2076,2,3
2077,6,8
2078,6,2
2079,4,0
2080,2,5
2081,4,0
2082,4,0
2083,1,1
2084,4,0
2085,8,2
2086,1,1
2087,2,3
2088,2,3
2089,5,4
2090,9,7
2091,7,5
2092,2,3
2093,3,6
2094,1,1
2095,9,7
2096,3,6
2097,6,8
2098,9,3
2099,5,9
2100,4,0
2101,4,0
2102,9,7
2103,1,1
2104,8,2
2105,8,2
2106,5,4
2107,2,3
2108,9,7
2109,5,4
2110,0,1
2111,7,5
2112,4,0
2113,3,6
2114,2,3
2115,9,7
2116,5,9
2117,6,8
2118,5,7
2119,9,9
2120,7,5
2121,4,0
2122,0,1
2123,0,1
2124,6,8
2125,8,2
2126,3,6
2127,2,3
2128,2,3
2129,5,4
2130,2,3
2131,7,5
2132,0,3
2133,9,7
2134,1,1
2135,6,8
2136,1,1
2137,5,9
2138,3,6
2139,6,8
2140,9,9
2141,5,9
2142,9,7
2143,2,5
2144,4,0
2145,9,7
2146,2,3
2147,4,0
2148,3,6
2149,2,3
2150,6,8
2151,1,1
2152,3,6
2153,3,6
2154,1,1
2155,6,8
2156,3,6
2157,5,4
2158,3,6
2159,1,1
2160,4,0
2161,9,7
2162,1,1
2163,3,6
2164,5,4
2165,7,5
2166,0,1
2167,3,6
2168,1,7
2169,5,4
2170,6,8
2171,8,2
2172,2,5
2173,9,7
2174,2,3
2175,6,8
2176,5,4
2177,0,1
2178,3,6
2179,2,3
2180,2,3
2181,5,4
2182,7,5
2183,2,3
2184,2,2
2185,5,4
2186,2,5
2187,9,7
2188,1,1
2189,8,2
2190,5,4
2191,4,0
2192,3,0
2193,7,5
2194,6,8
2195,4,0
2196,3,6
2197,1,1
2198,1,1
2199,5,9
2200,2,3
2201,8,2
2202,1,1
2203,2,3
2204,5,4
2205,8,2
2206,5,4
2207,2,3
2208,5,4
2209,3,5
2210,6,8
2211,3,5
2212,3,6
2213,9,7
2214,3,6
2215,6,8
2216,5,9
2217,5,4
2218,4,0
2219,5,9
2220,3,4
2221,5,9
2222,5,4
2223,9,7
2224,5,4
2225,1,1
2226,3,6
2227,1,1
2228,2,3
2229,9,7
2230,2,3
2231,6,8
2232,2,3
2233,2,3
2234,8,2
2235,5,4
2236,5,4
2237,6,8
2238,9,7
2239,3,6
2240,5,4
2241,2,3
2242,3,6
2243,6,8
2244,5,7
2245,4,0
2246,9,7
2247,9,9
2248,3,5
2249,3,6
2250,7,5
2251,8,2
2252,1,3
2253,4,0
2254,5,4
2255,1,1
2256,5,4
2257,4,0
2258,4,5
2259,3,6
2260,1,1
2261,8,2
2262,3,6
2263,2,3
2264,5,4
2265,6,8
2266,7,5
2267,5,9
2268,7,5
2269,4,0
2270,8,2
2271,9,7
2272,7,5
2273,8,2
2274,5,9
2275,2,3
2276,5,4
2277,5,4
2278,3,0
2279,7,5
2280,8,2
2281,7,5
2282,7,5
2283,8,2
2284,5,9
2285,6,8
2286,1,3
2287,7,5
2288,8,2
2289,5,4
2290,5,4
2291,3,6
2292,5,7
2293,3,6
2294,5,4
2295,3,6
2296,3,6
2297,9,7
2298,4,0
2299,5,9
2300,3,6
2301,1,1
2302,6,8
2303,6,8
2304,7,5
2305,8,2
2306,1,1
2307,1,1
2308,7,5
2309,8,2
2310,4,0
2311,3,6
2312,5,9
2313,7,5
2314,8,2
2315,2,3
2316,1,1
2317,5,4
2318,1,1
2319,9,7
2320,7,6
2321,5,9
2322,8,2
2323,5,4
2324,3,6
2325,4,0
2326,1,1
2327,4,0
2328,2,5
2329,7,5
2330,7,5
2331,5,9
2332,8,2
2333,4,0
2334,5,4
2335,0,1
2336,1,1
2337,8,2
2338,5,4
2339,2,3
2340,4,0
2341,5,4
2342,6,2
2343,7,5
2344,9,7
2345,3,6
2346,8,2
2347,9,7
2348,9,7
2349,0,8
2350,2,3
2351,9,9
2352,4,0
2353,4,0
2354,8,2
2355,0,1
2356,1,1
2357,8,2
2358,0,8
2359,2,3
2360,5,4
2361,5,4
2362,1,1
2363,7,5
2364,5,9
2365,3,6
2366,1,1
2367,9,7
2368,2,5
2369,0,8
2370,5,9
2371,9,9
2372,3,6
2373,4,0
2374,1,1
2375,0,1
2376,9,7
2377,8,2
2378,6,8
2379,0,3
2380,9,7
2381,9,7
2382,6,8
2383,0,8
2384,6,8
2385,9,9
2386,9,7
2387,3,6
2388,6,8
2389,8,2
2390,5,4
2391,9,7
2392,5,4
2393,0,1
2394,2,8
2395,7,5
2396,4,0
2397,3,6
2398,5,9
2399,8,2
2400,6,8
2401,7,5
2402,9,2
2403,4,0
2404,4,0
2405,7,5
2406,5,4
2407,5,4
2408,2,3
2409,8,2
2410,1,1
2411,4,0
2412,2,5
2413,6,8
2414,2,5
2415,0,1
2416,5,4
2417,9,7
2418,8,2
2419,0,1
2420,5,4
2421,7,8
2422,3,6
2423,0,3
2424,5,4
2425,0,8
2426,9,1
2427,9,7
2428,7,5
2429,0,1
2430,2,3
2431,9,7
2432,1,1
2433,9,7
2434,5,9
2435,4,0
2436,4,0
2437,0,1
2438,5,9
2439,5,4
2440,4,0
2441,5,4
2442,6,8
2443,5,4
2444,1,8
2445,7,5
2446,1,1
2447,9,7
2448,1,1
2449,0,4
2450,3,2
2451,5,4
2452,5,4
2453,9,9
2454,8,2
2455,9,7
2456,2,3
2457,8,2
2458,5,4
2459,3,6
2460,5,9
2461,7,5
2462,0,1
2463,2,3
2464,8,2
2465,9,9
2466,5,4
2467,5,4
2468,2,3
2469,2,3
2470,3,6
2471,9,9
2472,8,2
2473,4,0
2474,3,6
2475,6,8
2476,6,8
2477,9,7
2478,2,5
2479,3,6
2480,3,6
2481,2,3
2482,2,8
2483,4,0
2484,0,4
2485,5,4
2486,3,6
2487,3,6
2488,5,7
2489,2,3
2490,5,4
2491,9,7
2492,9,7
2493,4,0
2494,3,6
2495,0,1
2496,3,6
2497,0,1
2498,3,6
2499,8,2
2500,4,0
2501,9,9
2502,9,7
2503,8,3
2504,3,6
2505,0,1
2506,2,3
2507,6,8
2508,8,2
2509,9,9
2510,8,2
2511,6,8
2512,9,7
2513,8,2
2514,5,9
2515,7,5
2516,3,6
2517,8,2
2518,8,2
2519,3,6
2520,5,4
2521,9,9
2522,9,7
2523,3,6
2524,2,3
2525,4,0
2526,4,0
2527,7,5
2528,4,0
2529,2,3
2530,1,1
2531,2,3
2532,4,0
2533,3,6
2534,2,2
2535,2,3
2536,2,3
2537,7,5
2538,4,0
2539,4,0
2540,9,7
2541,2,3
2542,5,4
2543,9,7
2544,7,5
2545,3,6
2546,5,4
2547,0,1
2548,5,4
2549,7,5
2550,8,2
2551,7,5
2552,0,1
2553,9,9
2554,2,5
2555,0,8
2556,3,6
2557,4,0
2558,9,7
2559,0,9
2560,5,4
2561,4,0
2562,5,9
2563,0,1
2564,2,3
2565,8,2
2566,7,5
2567,2,3
2568,2,3
2569,5,4
2570,3,6
2571,2,5
2572,1,1
2573,3,6
2574,5,7
2575,9,7
2576,9,7
2577,6,8
2578,5,4
2579,9,9
2580,1,3
2581,4,0
2582,4,0
2583,0,1
2584,4,0
2585,8,2
2586,4,0
2587,2,3
2588,3,6
2589,5,4
2590,3,6
2591,9,7
2592,7,5
2593,6,8
2594,1,1
2595,9,9
2596,5,4
2597,4,0
2598,6,8
2599,0,1
2600,1,9
2601,8,2
2602,3,6
2603,2,3
2604,0,1
2605,7,5
2606,4,0
2607,3,6
2608,5,4
2609,9,7
2610,6,8
2611,6,8
2612,9,7
2613,9,9
2614,3,6
2615,4,0
2616,1,1
2617,4,0
2618,9,7
2619,0,1
2620,7,5
2621,4,0
2622,2,5
2623,0,1
2624,4,0
2625,8,2
2626,8,2
2627,2,3
2628,6,8
2629,4,0
2630,1,1
2631,3,6
2632,2,3
2633,9,9
2634,9,7
2635,3,6
2636,2,8
2637,3,6
2638,3,6
2639,7,5
2640,5,9
2641,8,2
2642,4,0
2643,9,9
2644,3,6
2645,0,1
2646,7,5
2647,5,4
2648,9,2
2649,9,9
2650,9,7
2651,7,5
2652,2,3
2653,9,7
2654,1,1
2655,7,5
2656,3,6
2657,3,6
2658,9,7
2659,9,7
2660,2,3
2661,2,3
2662,3,6
2663,0,1
2664,8,2
2665,5,4
2666,9,7
2667,0,1
2668,6,8
2669,2,3
2670,8,2
2671,2,3
2672,6,8
2673,9,7
2674,7,5
2675,2,3
2676,8,7
2677,9,9
2678,6,8
2679,6,8
2680,3,6
2681,6,8
2682,2,8
2683,6,8
2684,8,2
2685,6,8
2686,5,4
2687,6,8
2688,1,1
2689,5,4
2690,7,5
2691,9,7
2692,1,1
2693,8,2
2694,8,2
2695,0,1
2696,5,9
2697,5,9
2698,2,5
2699,6,8
2700,8,2
2701,9,7
2702,5,9
2703,9,9
2704,9,7
2705,2,3
2706,5,7
2707,8,3
2708,1,1
2709,4,0
2710,3,6
2711,9,7
2712,5,9
2713,7,5
2714,1,2
2715,5,4
2716,1,1
2717,0,1
2718,3,0
2719,0,1
2720,9,3
2721,8,2
2722,5,9
2723,3,6
2724,5,4
2725,0,1
2726,2,3
2727,7,5
2728,0,9
2729,4,0
2730,1,1
2731,1,1
2732,5,4
2733,8,2
2734,2,3
2735,2,3
2736,4,0
2737,5,4
2738,1,2
2739,7,5
2740,2,3
2741,3,6
2742,5,4
2743,5,7
2744,2,5
2745,4,0
2746,4,0
2747,1,1
2748,8,2
2749,8,2
2750,9,7
2751,2,3
2752,9,7
2753,5,4
2754,9,7
2755,7,5
2756,3,6
2757,3,6
2758,2,5
2759,9,7
2760,2,3
2761,6,8
2762,1,1
2763,5,9
2764,5,9
2765,4,0
2766,9,7
2767,1,1
2768,6,8
2769,8,2
2770,4,0
2771,2,3
2772,5,4
2773,5,4
2774,2,3
2775,7,5
2776,1,1
2777,3,6
2778,9,7
2779,5,9
2780,7,5
2781,2,8
2782,4,0
2783,8,2
2784,0,1
2785,3,6
2786,2,3
2787,5,9
2788,2,3
2789,3,6
2790,0,2
2791,1,1
2792,1,2
2793,9,9
2794,1,1
2795,9,9
2796,2,3
2797,9,9
2798,5,9
2799,5,4
2800,5,4
2801,5,4
2802,1,2
2803,2,3
2804,5,9
2805,6,8
2806,4,0
2807,0,1
2808,5,4
2809,5,4
2810,6,8
2811,0,1
2812,8,2
2813,8,2
2814,9,7
2815,5,9
2816,2,3
2817,4,0
2818,2,3
2819,5,4
2820,2,3
2821,5,9
2822,3,6
2823,0,1
2824,8,2
2825,9,7
2826,4,0
2827,5,4
2828,3,6
2829,5,4
2830,1,1
2831,0,1
2832,5,4
2833,4,8
2834,2,3
2835,9,7
2836,3,6
2837,3,6
2838,1,2
2839,4,0
2840,8,2
2841,6,8
2842,6,8
2843,0,1
2844,9,7
2845,4,8
2846,8,2
2847,8,2
2848,9,7
2849,3,6
2850,3,6
2851,8,2
2852,9,7
2853,0,1
2854,4,0
2855,8,2
2856,5,4
2857,7,5
2858,1,1
2859,5,4
2860,9,9
2861,7,5
2862,3,6
2863,3,6
2864,4,0
2865,9,7
2866,8,2
2867,9,7
2868,7,5
2869,7,5
2870,1,1
2871,2,3
2872,1,1
2873,4,0
2874,5,4
2875,8,2
2876,1,1
2877,8,2
2878,1,1
2879,8,2
2880,3,6
2881,9,7
2882,4,0
2883,2,3
2884,3,6
2885,7,5
2886,2,3
2887,8,2
2888,5,4
2889,0,1
2890,4,0
2891,5,4
2892,8,2
2893,5,4
2894,1,1
2895,2,3
2896,5,4
2897,4,0
2898,3,6
2899,4,0
2900,7,5
2901,7,8
2902,5,4
2903,9,7
2904,4,0
2905,2,3
2906,1,1
2907,0,1
2908,8,2
2909,9,7
2910,3,6
2911,5,9
2912,7,5
2913,3,6
2914,4,0
2915,2,3
2916,7,5
2917,2,3
2918,1,1
2919,4,0
2920,1,1
2921,7,5
2922,5,4
2923,3,6
2924,9,9
2925,3,6
2926,2,3
2927,6,8
2928,3,5
2929,9,7
2930,3,6
2931,2,3
2932,0,1
2933,2,5
2934,4,9
2935,4,0
2936,8,2
2937,0,1
2938,1,1
2939,8,2
2940,6,8
2941,2,3
2942,2,8
2943,5,4
2944,4,0
2945,7,5
2946,7,5
2947,3,6
2948,7,5
2949,9,7
2950,9,7
2951,6,8
2952,4,0
2953,9,9
2954,3,6
2955,4,0
2956,9,9
2957,0,1
2958,6,8
2959,8,2
2960,2,3
2961,2,3
2962,5,4
2963,5,4
2964,2,3
2965,7,5
2966,2,5
2967,3,6
2968,7,5
2969,9,7
2970,1,1
2971,6,8
2972,1,8
2973,9,9
2974,4,0
2975,4,0
2976,8,2
2977,0,1
2978,3,6
2979,8,2
2980,1,7
2981,2,3
2982,9,7
2983,5,4
2984,9,7
2985,9,7
2986,9,7
2987,6,8
2988,1,1
2989,9,9
2990,5,4
2991,6,8
2992,3,6
2993,7,5
2994,0,1
2995,9,7
2996,4,0
2997,9,9
2998,1,1
2999,7,5
3000,5,9
3001,4,0
3002,6,8
3003,6,8
3004,1,1
3005,2,3
3006,8,2
3007,7,5
3008,9,7
3009,5,4
3010,1,7
3011,6,8
3012,4,0
3013,2,3
3014,6,8
3015,4,0
3016,4,0
3017,8,2
3018,5,4
3019,0,1
3020,5,9
3021,4,0
3022,5,9
3023,8,2
3024,4,0
3025,7,5
3026,2,8
3027,6,8
3028,6,8
3029,6,8
3030,5,9
3031,7,5
3032,2,8
3033,2,3
3034,2,3
3035,4,0
3036,3,6
3037,5,4
3038,5,4
3039,5,4
3040,6,8
3041,0,1
3042,8,2
3043,3,6
3044,5,9
3045,0,1
3046,7,6
3047,2,3
3048,2,3
3049,4,0
3050,3,6
3051,2,3
3052,5,4
3053,3,6
3054,8,2
3055,9,9
3056,5,4
3057,2,3
3058,3,6
3059,9,7
3060,1,7
3061,5,4
3062,2,5
3063,9,9
3064,8,2
3065,9,7
3066,6,8
3067,4,0
3068,1,1
3069,9,9
3070,1,1
3071,5,4
3072,5,4
3073,6,8
3074,5,4
3075,2,3
3076,5,9
3077,8,2
3078,8,2
3079,9,7
3080,1,1
3081,9,7
3082,7,8
3083,9,9
3084,5,9
3085,7,5
3086,6,8
3087,9,7
3088,5,4
3089,3,6
3090,5,9
3091,5,4
3092,5,4
3093,6,8
3094,3,8
3095,0,9
3096,3,6
3097,3,6
3098,3,6
3099,9,9
3100,5,4
3101,5,4
3102,8,2
3103,0,1
3104,5,9
3105,8,2
3106,4,0
3107,4,0
3108,2,3
3109,3,6
3110,5,4
3111,0,1
3112,8,2
3113,0,1
3114,2,8
3115,3,6
3116,9,7
3117,5,4
3118,2,5
3119,2,8
3120,1,1
3121,9,9
3122,1,1
3123,3,6
3124,2,3
3125,5,4
3126,2,5
3127,3,6
3128,4,0
3129,7,5
3130,1,1
3131,4,0
3132,1,1
3133,8,2
3134,6,2
3135,4,0
3136,1,6
3137,7,5
3138,5,4
3139,3,6
3140,9,7
3141,7,5
3142,8,2
3143,4,0
3144,6,8
3145,0,1
3146,0,9
3147,8,2
3148,2,8
3149,0,1
3150,2,3
3151,9,7
3152,6,8
3153,6,8
3154,6,8
3155,0,1
3156,8,2
3157,5,4
3158,6,8
3159,2,3
3160,4,0
3161,8,2
3162,9,7
3163,7,8
3164,5,9
3165,8,2
3166,8,2
3167,9,7
3168,6,8
3169,9,9
3170,7,5
3171,2,3
3172,3,6
3173,9,9
3174,2,3
3175,4,0
3176,8,2
3177,1,1
3178,6,3
3179,8,2
3180,7,5
3181,2,3
3182,5,4
3183,5,4
3184,5,4
3185,7,5
3186,5,9
3187,3,6
3188,7,5
3189,9,7
3190,5,9
3191,6,8
3192,2,3
3193,9,9
3194,5,4
3195,4,0
3196,6,8
3197,0,1
3198,4,0
3199,8,2
3200,2,2
3201,2,3
3202,5,9
3203,5,4
3204,4,5
3205,7,5
3206,9,7
3207,3,6
3208,8,2
3209,9,7
3210,9,7
3211,6,8
3212,1,1
3213,4,0
3214,9,7
3215,2,3
3216,2,5
3217,5,4
3218,5,4
3219,7,5
3220,8,3
3221,3,6
3222,5,4
3223,9,7
3224,8,2
3225,6,8
3226,1,1
3227,9,9
3228,9,7
3229,3,6
3230,1,1
3231,4,0
3232,5,9
3233,2,3
3234,1,1
3235,5,4
3236,9,7
3237,1,1
3238,5,9
3239,5,4
3240,5,4
3241,4,0
3242,8,2
3243,0,8
3244,8,2
3245,3,6
3246,9,7
3247,4,0
3248,4,0
3249,9,7
3250,9,7
3251,6,8
3252,5,7
3253,9,7
3254,2,8
3255,9,7
3256,5,9
3257,9,9
3258,2,3
3259,4,0
3260,5,4
3261,5,4
3262,4,0
3263,5,9
3264,2,3
3265,5,9
3266,7,5
3267,9,7
3268,0,6
3269,4,0
3270,9,7
3271,7,5
3272,1,1
3273,0,8
3274,8,2
3275,7,5
3276,9,7
3277,9,9
3278,5,4
3279,6,8
3280,5,4
3281,6,8
3282,9,7
3283,9,7
3284,5,9
3285,7,5
3286,4,0
3287,3,6
3288,3,6
3289,7,5
3290,5,4
3291,2,3
3292,9,9
3293,6,8
3294,3,6
3295,1,1
3296,5,9
3297,3,6
3298,9,7
3299,0,8
3300,8,2
3301,7,5
3302,5,9
3303,9,9
3304,8,2
3305,8,2
3306,1,1
3307,8,2
3308,8,2
3309,4,0
3310,5,9
3311,9,9
3312,5,4
3313,8,2
3314,2,3
3315,5,4
3316,5,9
3317,9,7
3318,2,3
3319,2,3
3320,2,3
3321,1,1
3322,5,9
3323,2,3
3324,9,7
3325,3,6
3326,7,5
3327,3,6
3328,4,0
3329,8,2
3330,3,6
3331,0,1
3332,2,3
3333,8,2
3334,5,4
3335,3,6
3336,2,3
3337,4,0
3338,6,8
3339,8,2
3340,5,4
3341,8,2
3342,8,2
3343,9,7
3344,1,1
3345,1,1
3346,5,9
3347,2,3
3348,5,9
3349,9,7
3350,1,4
3351,5,4
3352,5,4
3353,6,8
3354,6,8
3355,1,9
3356,7,5
3357,8,2
3358,2,3
3359,9,9
3360,5,4
3361,7,5
3362,8,2
3363,3,6
3364,3,6
3365,6,8
3366,7,6
3367,7,0
3368,9,7
3369,4,0
3370,5,4
3371,9,9
3372,9,7
3373,0,1
3374,2,9
3375,0,1
3376,4,0
3377,4,0
3378,7,5
3379,0,1
3380,1,1
3381,8,2
3382,5,9
3383,2,3
3384,7,5
3385,7,5
3386,2,3
3387,3,6
3388,5,4
3389,9,9
3390,8,2
3391,4,0
3392,4,6
3393,0,1
3394,1,1
3395,8,2
3396,4,0
3397,2,3
3398,5,9
3399,5,4
3400,2,3
3401,7,5
3402,2,3
3403,3,6
3404,2,3
3405,0,7
3406,1,1
3407,0,8
3408,1,7
3409,4,0
3410,4,0
3411,0,1
3412,1,1
3413,8,2
3414,5,9
3415,2,3
3416,7,5
3417,5,4
3418,1,1
3419,7,5
3420,6,8
3421,3,6
3422,2,3
3423,9,7
3424,2,3
3425,0,8
3426,9,7
3427,0,1
3428,9,7
3429,4,0
3430,1,1
3431,0,1
3432,1,8
3433,7,5
3434,4,0
3435,2,3
3436,5,4
3437,0,4
3438,6,8
3439,5,4
3440,1,1
3441,4,0
3442,9,7
3443,4,0
3444,8,2
3445,3,6
3446,6,8
3447,9,9
3448,9,7
3449,3,6
3450,5,4
3451,3,6
3452,2,3
3453,7,5
3454,3,6
3455,0,4
3456,1,1
3457,0,4
3458,5,4
3459,5,4
3460,2,3
3461,4,0
3462,1,3
3463,9,7
3464,1,1
3465,9,9
3466,2,3
3467,7,5
3468,1,1
3469,9,7
3470,8,2
3471,2,3
3472,2,3
3473,0,1
3474,7,6
3475,5,4
3476,6,8
3477,5,4
3478,1,1
3479,3,0
3480,6,8
3481,9,9
3482,6,8
3483,9,9
3484,5,4
3485,3,6
3486,8,2
3487,0,1
3488,1,1
3489,6,8
3490,4,0
3491,2,3
3492,4,0
3493,6,8
3494,9,7
3495,6,8
3496,5,4
3497,6,8
3498,9,7
3499,6,8
3500,7,5
3501,6,8
3502,6,8
3503,0,4
3504,5,4
3505,9,7
3506,5,9
3507,9,7
3508,5,9
3509,0,1
3510,0,9
3511,9,9
3512,6,8
3513,6,8
3514,4,0
3515,9,7
3516,4,0
3517,0,8
3518,9,7
3519,9,9
3520,3,6
3521,2,3
3522,9,7
3523,2,3
3524,3,6
3525,7,5
3526,6,8
3527,7,5
3528,5,9
3529,4,0
3530,3,6
3531,9,7
3532,1,1
3533,9,9
3534,4,0
3535,7,5
3536,8,2
3537,7,6
3538,9,7
3539,7,5
3540,1,1
3541,4,0
3542,2,3
3543,3,6
3544,5,9
3545,0,1
3546,1,1
3547,9,4
3548,5,4
3549,0,1
3550,2,3
3551,0,1
3552,2,3
3553,8,2
3554,6,8
3555,0,8
3556,9,7
3557,8,2
3558,2,5
3559,3,6
3560,1,1
3561,0,1
3562,4,0
3563,7,5
3564,1,2
3565,4,0
3566,5,9
3567,0,1
3568,4,0
3569,8,2
3570,9,8
3571,2,3
3572,3,6
3573,5,4
3574,8,2
3575,7,5
3576,2,3
3577,3,6
3578,8,2
3579,9,7
3580,7,5
3581,6,8
3582,8,2
3583,5,9
3584,2,8
3585,4,0
3586,3,6
3587,1,1
3588,5,9
3589,8,2
3590,4,0
3591,2,3
3592,0,1
3593,1,1
3594,5,9
3595,7,5
3596,2,3
3597,3,6
3598,9,9
3599,9,7
3600,6,8
3601,6,8
3602,0,1
3603,4,0
3604,1,1
3605,0,1
3606,2,3
3607,8,2
3608,5,4
3609,2,3
3610,4,0
3611,5,4
3612,4,0
3613,7,5
3614,2,3
3615,3,6
3616,6,8
3617,9,7
3618,9,7
3619,6,8
3620,9,7
3621,9,9
3622,4,0
3623,3,6
3624,5,4
3625,5,4
3626,1,3
3627,8,2
3628,1,1
3629,3,6
3630,0,8
3631,5,4
3632,4,0
3633,9,7
3634,0,5
3635,7,5
3636,5,9
3637,7,5
3638,2,5
3639,5,4
3640,9,7
3641,9,7
3642,8,2
3643,6,8
3644,1,1
3645,5,9
3646,3,6
3647,8,2
3648,7,5
3649,5,9
3650,3,6
3651,2,3
3652,5,4
3653,5,9
3654,3,6
3655,2,3
3656,2,3
3657,6,8
3658,6,8
3659,8,2
3660,8,2
3661,4,0
3662,1,9
3663,5,9
3664,6,8
3665,6,8
3666,5,4
3667,4,0
3668,5,4
3669,7,5
3670,2,3
3671,3,6
3672,6,2
3673,4,0
3674,2,3
3675,1,1
3676,3,2
3677,4,0
3678,5,9
3679,8,2
3680,8,2
3681,7,5
3682,5,5
3683,2,3
3684,2,3
3685,7,5
3686,5,4
3687,2,3
3688,9,8
3689,6,8
3690,6,8
3691,4,0
3692,1,7
3693,4,0
3694,5,4
3695,7,5
3696,1,9
3697,5,4
3698,4,0
3699,2,3
3700,3,6
3701,5,4
3702,4,0
3703,1,1
3704,5,9
3705,7,5
3706,3,6
3707,2,3
3708,5,4
3709,4,0
3710,8,2
3711,6,8
3712,8,2
3713,2,3
3714,1,1
3715,4,0
3716,5,4
3717,3,6
3718,9,7
3719,4,2
3720,4,0
3721,9,7
3722,8,2
3723,0,1
3724,5,4
3725,0,1
3726,3,6
3727,6,8
3728,9,7
3729,0,1
3730,5,8
3731,9,7
3732,5,4
3733,0,1
3734,4,0
3735,2,3
3736,3,6
3737,6,8
3738,5,4
3739,5,4
3740,2,3
3741,8,2
3742,4,9
3743,4,0
3744,6,8
3745,5,9
3746,5,9
3747,9,7
3748,8,2
3749,3,6
3750,9,7
3751,9,7
3752,7,5
3753,5,4
3754,2,3
3755,1,1
3756,2,3
3757,3,6
3758,1,1
3759,6,8
3760,5,9
3761,5,4
3762,4,8
3763,0,1
3764,3,6
3765,8,2
3766,6,8
3767,3,6
3768,2,5
3769,9,7
3770,5,9
3771,0,1
3772,3,6
3773,5,9
3774,3,6
3775,6,8
3776,4,0
3777,4,0
3778,4,0
3779,3,6
3780,9,7
3781,5,9
3782,9,7
3783,5,4
3784,5,9
3785,5,9
3786,5,9
3787,9,9
3788,9,7
3789,3,6
3790,5,7
3791,4,2
3792,6,8
3793,2,3
3794,3,6
3795,9,7
3796,5,9
3797,0,1
3798,0,7
3799,8,2
3800,1,1
3801,7,5
3802,1,1
3803,2,3
3804,9,7
3805,9,7
3806,4,0
3807,6,8
3808,3,6
3809,4,0
3810,5,3
3811,0,1
3812,2,3
3813,8,2
3814,4,6
3815,2,3
3816,6,8
3817,5,4
3818,5,9
3819,7,5
3820,3,6
3821,3,6
3822,1,1
3823,9,7
3824,8,3
3825,6,8
3826,8,2
3827,9,9
3828,5,4
3829,4,0
3830,8,2
3831,0,1
3832,7,5
3833,8,2
3834,5,9
3835,2,3
3836,8,2
3837,5,4
3838,5,4
3839,7,5
3840,9,7
3841,3,6
3842,6,8
3843,9,7
3844,2,3
3845,6,8
3846,9,7
3847,9,9
3848,8,2
3849,4,0
3850,1,1
3851,0,1
3852,5,9
3853,8,2
3854,9,7
3855,2,3
3856,3,6
3857,5,4
3858,3,6
3859,7,5
3860,2,5
3861,3,6
3862,5,4
3863,9,7
3864,7,5
3865,6,8
3866,6,8
3867,9,9
3868,9,7
3869,3,6
3870,7,5
3871,8,2
3872,6,8
3873,3,6
3874,5,9
3875,7,5
3876,4,0
3877,5,4
3878,1,1
3879,6,2
3880,8,2
3881,4,0
3882,4,0
3883,6,8
3884,4,0
3885,0,1
3886,8,2
3887,9,7
3888,4,0
3889,0,1
3890,8,2
3891,6,8
3892,6,8
3893,2,3
3894,9,7
3895,0,7
3896,4,0
3897,0,1
3898,1,1
3899,9,7
3900,1,1
3901,0,1
3902,8,2
3903,5,4
3904,5,9
3905,5,4
3906,4,0
3907,7,5
3908,3,6
3909,9,7
3910,3,6
3911,5,4
3912,9,9
3913,9,9
3914,9,7
3915,9,7
3916,9,7
3917,8,2
3918,2,8
3919,3,6
3920,2,3
3921,7,5
3922,7,5
3923,2,3
3924,8,2
3925,9,9
3926,1,1
3927,9,9
3928,6,8
3929,4,0
3930,8,2
3931,1,8
3932,3,6
3933,9,7
3934,8,2
3935,9,9
3936,3,6
3937,4,0
3938,2,3
3939,3,6
3940,9,7
3941,8,3
3942,9,7
3943,4,0
3944,0,5
3945,5,4
3946,5,4
3947,3,6
3948,0,7
3949,2,3
3950,3,6
3951,9,7
3952,7,6
3953,4,0
3954,1,1
3955,0,1
3956,0,1
3957,5,4
3958,6,8
3959,6,8
3960,7,6
3961,6,8
3962,1,1
3963,0,1
3964,4,0
3965,8,2
3966,1,1
3967,9,9
3968,6,8
3969,2,3
3970,9,9
3971,0,1
3972,7,5
3973,5,4
3974,7,5
3975,8,2
3976,6,8
3977,9,9
3978,5,4
3979,6,8
3980,8,2
3981,8,2
3982,5,9
3983,1,8
3984,5,4
3985,3,6
3986,6,8
3987,9,9
3988,7,5
3989,8,2
3990,5,4
3991,9,9
3992,9,7
3993,3,6
3994,3,6
3995,2,3
3996,1,1
3997,2,3
3998,5,9
3999,3,6
4000,9,7
4001,2,3
4002,4,0
4003,0,1
4004,2,5
4005,8,2
4006,1,8
4007,7,5
4008,4,0
4009,4,0
4010,1,1
4011,2,3
4012,1,1
4013,0,1
4014,1,1
4015,7,5
4016,8,2
4017,7,5
4018,3,6
4019,9,9
4020,9,7
4021,6,8
4022,2,3
4023,4,0
4024,9,7
4025,9,9
4026,5,9
4027,4,0
4028,8,2
4029,0,1
4030,3,6
4031,8,2
4032,5,9
4033,2,3
4034,9,7
4035,5,4
4036,6,8
4037,7,5
4038,5,4
4039,3,6
4040,6,8
4041,9,7
4042,0,7
4043,6,8
4044,4,0
4045,9,9
4046,9,7
4047,4,0
4048,7,5
4049,0,1
4050,5,9
4051,8,2
4052,2,8
4053,2,3
4054,3,6
4055,5,4
4056,5,9
4057,7,5
4058,4,8
4059,3,6
4060,5,9
4061,5,7
4062,5,5
4063,0,8
4064,1,1
4065,9,9
4066,1,1
4067,4,0
4068,2,3
4069,0,1
4070,1,1
4071,8,2
4072,3,6
4073,2,3
4074,9,7
4075,5,4
4076,7,5
4077,7,5
4078,3,6
4079,3,6
4080,1,2
4081,9,7
4082,4,0
4083,6,8
4084,6,8
4085,9,9
4086,8,2
4087,3,6
4088,5,4
4089,0,1
4090,3,6
4091,5,9
4092,5,9
4093,5,9
4094,2,3
4095,5,9
4096,8,2
4097,5,4
4098,5,9
4099,5,4
4100,6,8
4101,2,3
4102,5,4
4103,6,8
4104,7,5
4105,0,1
4106,4,0
4107,5,4
4108,4,0
4109,0,1
4110,3,6
4111,1,2
4112,3,6
4113,7,5
4114,5,4
4115,4,0
4116,9,7
4117,9,9
4118,5,9
4119,7,5
4120,1,1
4121,2,3
4122,9,9
4123,4,0
4124,5,9
4125,5,4
4126,7,5
4127,9,9
4128,1,1
4129,0,1
4130,9,7
4131,9,7
4132,5,4
4133,5,4
4134,2,5
4135,5,4
4136,2,3
4137,0,1
4138,2,3
4139,0,8
4140,1,1
4141,9,7
4142,3,0
4143,3,6
4144,8,2
4145,4,0
4146,5,4
4147,6,8
4148,6,8
4149,0,1
4150,3,6
4151,6,8
4152,0,1
4153,9,2
4154,2,3
4155,3,6
4156,2,3
4157,8,2
4158,5,9
4159,4,0
4160,1,1
4161,9,9
4162,1,1
4163,0,1
4164,9,7
4165,9,2
4166,1,1
4167,7,5
4168,7,5
4169,5,4
4170,3,6
4171,7,5
4172,5,4
4173,9,7
4174,5,4
4175,9,7
4176,2,8
4177,7,5
4178,5,4
4179,2,3
4180,5,4
4181,4,0
4182,1,2
4183,8,2
4184,5,5
4185,5,2
4186,1,1
4187,8,2
4188,3,6
4189,9,7
4190,0,1
4191,2,3
4192,7,5
4193,0,1
4194,7,5
4195,5,4
4196,2,3
4197,5,4
4198,3,6
4199,2,3
4200,9,7
4201,4,0
4202,1,1
4203,4,0
4204,1,2
4205,0,4
4206,5,9
4207,9,7
4208,8,2
4209,9,9
4210,3,6
4211,9,7
4212,8,2
4213,0,8
4214,3,6
4215,6,8
4216,4,0
4217,9,7
4218,4,0
4219,5,9
4220,4,0
4221,3,6
4222,5,9
4223,2,3
4224,5,4
4225,0,1
4226,5,7
4227,9,7
4228,5,4
4229,5,9
4230,8,2
4231,3,6
4232,3,6
4233,2,3
4234,2,3
4235,2,3
4236,2,3
4237,0,1
4238,2,3
4239,4,0
4240,5,4
4241,8,2
4242,9,7
4243,3,6
4244,5,9
4245,4,0
4246,2,3
4247,7,5
4248,1,1
4249,3,6
4250,2,3
4251,3,6
4252,5,4
4253,6,8
4254,9,7
4255,9,7
4256,2,3
4257,2,3
4258,1,8
4259,7,5
4260,5,9
4261,6,8
4262,2,3
4263,2,3
4264,5,4
4265,4,0
4266,9,7
4267,0,1
4268,3,6
4269,8,2
4270,4,0
4271,2,3
4272,3,8
4273,9,7
4274,5,4
4275,6,8
4276,2,3
4277,9,9
4278,6,2
4279,4,0
4280,9,7
4281,2,3
4282,6,8
4283,5,4
4284,4,0
4285,9,7
4286,1,1
4287,6,8
4288,4,0
4289,4,0
4290,7,5
4291,0,1
4292,5,4
4293,8,2
4294,1,1
4295,2,3
4296,9,7
4297,5,4
4298,9,7
4299,7,5
4300,1,1
4301,3,6
4302,2,5
4303,9,7
4304,7,5
4305,6,8
4306,5,9
4307,9,9
4308,6,8
4309,7,5
4310,4,0
4311,0,1
4312,2,5
4313,9,9
4314,3,6
4315,5,9
4316,4,0
4317,9,7
4318,5,4
4319,0,1
4320,5,9
4321,4,0
4322,6,2
4323,5,9
4324,6,8
4325,4,0
4326,9,7
4327,7,5
4328,2,3
4329,0,9
4330,9,7
4331,9,7
4332,0,7
4333,0,1
4334,5,7
4335,2,3
4336,5,4
4337,3,6
4338,9,7
4339,2,3
4340,4,0
4341,8,2
4342,2,3
4343,4,0
4344,4,0
4345,9,9
4346,5,4
4347,4,0
4348,2,8
4349,3,6
4350,5,9
4351,0,1
4352,2,3
4353,9,7
4354,9,7
4355,8,2
4356,4,0
4357,6,8
4358,9,7
4359,2,3
4360,4,6
4361,5,4
4362,4,9
4363,9,7
4364,3,6
4365,3,6
4366,9,7
4367,3,6
4368,5,9
4369,2,3
4370,6,8
4371,8,2
4372,9,7
4373,2,3
4374,4,0
4375,0,8
4376,2,5
4377,5,9
4378,9,9
4379,5,4
4380,8,2
4381,0,8
4382,5,4
4383,6,8
4384,6,8
4385,9,7
4386,5,4
4387,0,1
4388,2,8
4389,4,0
4390,1,1
4391,6,8
4392,3,6
4393,9,7
4394,9,7
4395,9,7
4396,9,7
4397,7,5
4398,8,2
4399,9,9
4400,2,3
4401,8,2
4402,7,6
4403,2,3
4404,3,6
4405,0,1
4406,5,4
4407,0,1
4408,1,6
4409,5,4
4410,5,4
4411,7,5
4412,0,1
4413,7,5
4414,1,2
4415,4,0
4416,7,5
4417,5,4
4418,2,3
4419,0,8
4420,0,1
4421,9,7
4422,9,7
4423,5,4
4424,7,5
4425,9,9
4426,3,6
4427,8,2
4428,8,2
4429,2,3
4430,3,6
4431,3,6
4432,9,7
4433,5,4
4434,6,8
4435,0,1
4436,5,4
4437,8,2
4438,5,4
4439,5,4
4440,6,8
4441,0,1
4442,8,2
4443,7,5
4444,4,0
4445,0,1
4446,8,2
4447,9,9
4448,6,8
4449,7,3
4450,7,5
4451,8,2
4452,9,7
4453,4,0
4454,5,4
4455,4,0
4456,5,9
4457,8,2
4458,9,7
4459,5,9
4460,5,4
4461,2,3
4462,2,5
4463,3,6
4464,5,4
4465,4,0
4466,5,9
4467,1,1
4468,6,8
4469,8,2
4470,1,1
4471,2,3
4472,9,7
4473,5,4
4474,8,2
4475,2,5
4476,1,2
4477,3,6
4478,9,7
4479,9,7
4480,7,5
4481,6,8
4482,6,8
4483,5,9
4484,1,1
4485,4,0
4486,1,1
4487,1,1
4488,4,0
4489,8,2
4490,2,3
4491,2,3
4492,1,1
4493,5,4
4494,5,4
4495,4,5
4496,4,0
4497,3,6
4498,5,4
4499,9,7
4500,4,0
4501,6,8
4502,8,1
4503,9,9
4504,1,1
4505,4,0
4506,2,3
4507,1,1
4508,2,3
4509,8,2
4510,2,3
4511,2,3
4512,2,3
4513,5,4
4514,8,2
4515,7,5
4516,9,7
4517,3,6
4518,8,2
4519,9,7
4520,3,6
4521,6,8
4522,5,4
4523,9,9
4524,1,1
4525,6,8
4526,3,6
4527,4,0
4528,9,7
4529,7,5
4530,5,7
4531,3,6
4532,4,0
4533,3,6
4534,1,1
4535,4,0
4536,3,6
4537,6,8
4538,5,4
4539,4,0
4540,5,4
4541,8,2
4542,8,2
4543,2,3
4544,5,9
4545,9,7
4546,3,6
4547,5,9
4548,9,7
4549,5,4
4550,8,2
4551,9,7
4552,2,3
4553,0,1
4554,1,1
4555,9,9
4556,4,0
4557,0,1
4558,7,5
4559,9,7
4560,7,6
4561,0,1
4562,3,5
4563,4,0
4564,5,4
4565,4,0
4566,1,1
4567,5,4
4568,5,9
4569,0,1
4570,2,3
4571,9,7
4572,3,6
4573,2,5
4574,8,2
4575,9,7
4576,8,2
4577,0,1
4578,1,8
4579,2,3
4580,6,8
4581,2,3
4582,6,8
4583,2,3
4584,2,3
4585,0,1
4586,3,6
4587,3,6
4588,4,0
4589,9,9
4590,5,5
4591,9,7
4592,5,7
4593,5,4
4594,5,9
4595,2,3
4596,7,5
4597,4,0
4598,6,8
4599,8,2
4600,2,5
4601,4,5
4602,1,1
4603,8,2
4604,9,7
4605,3,6
4606,5,9
4607,4,0
4608,4,0
4609,6,8
4610,8,2
4611,5,9
4612,7,6
4613,5,4
4614,7,5
4615,2,3
4616,5,4
4617,3,5
4618,9,7
4619,5,4
4620,3,6
4621,6,8
4622,7,5
4623,0,1
4624,4,0
4625,7,5
4626,5,4
4627,9,9
4628,2,3
4629,4,0
4630,5,9
4631,3,6
4632,2,3
4633,5,4
4634,1,8
4635,3,6
4636,0,4
4637,6,8
4638,1,3
4639,1,1
4640,3,6
4641,5,4
4642,4,0
4643,9,7
4644,1,1
4645,2,5
4646,3,2
4647,9,7
4648,8,2
4649,1,2
4650,8,2
4651,8,2
4652,6,8
4653,4,0
4654,1,1
4655,4,0
4656,4,0
4657,1,1
4658,2,3
4659,9,7
4660,3,6
4661,9,7
4662,8,2
4663,9,9
4664,8,2
4665,4,5
4666,3,5
4667,9,9
4668,5,9
4669,6,8
4670,7,5
4671,9,9
4672,9,7
4673,3,6
4674,2,3
4675,6,8
4676,0,1
4677,6,8
4678,5,9
4679,8,2
4680,9,7
4681,2,3
4682,4,0
4683,3,6
4684,2,8
4685,0,1
4686,4,0
4687,8,2
4688,4,0
4689,9,9
4690,9,9
4691,6,8
4692,3,8
4693,9,9
4694,2,3
4695,7,5
4696,1,1
4697,8,2
4698,6,8
4699,3,6
4700,2,8
4701,8,2
4702,3,6
4703,5,4
4704,7,5
4705,6,8
4706,8,2
4707,5,4
4708,1,1
4709,3,6
4710,1,1
4711,7,5
4712,3,6
4713,4,0
4714,8,2
4715,1,1
4716,8,2
4717,8,2
4718,4,0
4719,2,3
4720,5,9
4721,5,4
4722,8,2
4723,2,5
4724,3,6
4725,5,7
4726,9,7
4727,6,8
4728,7,5
4729,4,0
4730,5,4
4731,1,1
4732,3,6
4733,8,2
4734,9,7
4735,2,3
4736,2,3
4737,5,4
4738,4,0
4739,2,5
4740,2,3
4741,3,6
4742,1,3
4743,5,7
4744,4,0
4745,6,8
4746,5,4
4747,5,9
4748,4,0
4749,4,0
4750,1,1
4751,1,1
4752,7,5
4753,8,2
4754,5,9
4755,2,3
4756,4,0
4757,5,4
4758,5,4
4759,5,7
4760,7,5
4761,6,8
4762,9,3
4763,1,1
4764,1,1
4765,3,6
4766,1,1
4767,4,8
4768,5,4
4769,5,9
4770,3,6
4771,5,9
4772,1,1
4773,4,0
4774,9,7
4775,1,1
4776,4,0
4777,8,2
4778,3,6
4779,5,4
4780,5,4
4781,5,4
4782,5,4
4783,2,3
4784,5,7
4785,5,7
4786,2,5
4787,5,4
4788,5,9
4789,5,4
4790,1,1
4791,5,4
4792,8,3
4793,4,0
4794,5,7
4795,2,3
4796,5,4
4797,4,8
4798,5,4
4799,5,7
4800,3,6
4801,2,5
4802,5,4
4803,6,8
4804,3,0
4805,8,2
4806,9,7
4807,1,1
4808,2,3
4809,9,7
4810,1,1
4811,5,9
4812,5,4
4813,1,1
4814,4,8
4815,1,1
4816,9,9
4817,3,6
4818,3,6
4819,8,2
4820,4,5
4821,1,1
4822,5,4
4823,2,3
4824,5,9
4825,6,8
4826,5,9
4827,3,6
4828,3,6
4829,5,4
4830,5,9
4831,5,9
4832,9,7
4833,5,4
4834,4,8
4835,8,2
4836,2,3
4837,5,4
4838,5,4
4839,5,4
4840,9,7
4841,3,6
4842,5,7
4843,8,2
4844,7,5
4845,2,5
4846,5,2
4847,7,5
4848,6,8
4849,4,0
4850,2,3
4851,8,2
4852,4,0
4853,6,8
4854,4,0
4855,4,0
4856,8,2
4857,3,6
4858,9,7
4859,6,8
4860,2,8
4861,1,1
4862,6,8
4863,5,7
4864,2,3
4865,1,1
4866,9,3
4867,3,6
4868,2,3
4869,9,7
4870,4,0
4871,3,6
4872,1,1
4873,4,8
4874,5,4
4875,5,7
4876,9,7
4877,5,4
4878,2,3
4879,5,9
4880,8,2
4881,2,3
4882,3,6
4883,2,3
4884,1,1
4885,2,5
4886,3,6
4887,6,8
4888,9,7
4889,4,0
4890,5,4
4891,2,3
4892,4,0
4893,5,7
4894,5,9
4895,5,9
4896,5,4
4897,9,7
4898,2,3
4899,9,7
4900,1,1
4901,5,9
4902,5,9
4903,1,1
4904,9,7
4905,3,6
4906,4,0
4907,5,7
4908,1,5
4909,4,8
4910,3,6
4911,4,0
4912,5,9
4913,1,1
4914,1,2
4915,8,2
4916,5,9
4917,2,3
4918,3,0
4919,5,4
4920,1,1
4921,7,5
4922,3,6
4923,3,6
4924,1,1
4925,9,7
4926,4,0
4927,6,8
4928,9,7
4929,5,9
4930,3,6
4931,4,0
4932,9,9
4933,0,1
4934,3,6
4935,8,2
4936,5,9
4937,2,3
4938,8,2
4939,5,4
4940,7,5
4941,7,5
4942,1,1
4943,7,6
4944,1,1
4945,9,7
4946,9,7
4947,6,8
4948,2,5
4949,9,9
4950,1,1
4951,4,0
4952,5,4
4953,1,1
4954,5,4
4955,4,2
4956,2,3
4957,2,3
4958,1,1
4959,5,4
4960,1,1
4961,7,5
4962,4,0
4963,3,6
4964,9,7
4965,9,7
4966,2,3
4967,6,8
4968,2,9
4969,7,5
4970,1,1
4971,1,1
4972,1,1
4973,5,9
4974,7,5
4975,5,9
4976,1,1
4977,9,7
4978,1,1
4979,1,1
4980,3,6
4981,4,0
4982,6,8
4983,5,9
4984,9,7
4985,4,0
4986,1,2
4987,7,5
4988,2,3
4989,9,9
4990,3,6
4991,9,7
4992,6,8
4993,0,1
4994,4,0
4995,9,7
4996,2,3
4997,8,2
4998,1,1
4999,8,2
5000,9,7
5001,2,3
5002,5,4
5003,3,6
5004,1,1
5005,6,8
5006,1,1
5007,4,0
5008,5,9
5009,6,8
5010,4,0
5011,2,3
5012,1,1
5013,4,2
5014,9,7
5015,4,0
5016,8,2
5017,5,9
5018,3,6
5019,4,0
5020,1,1
5021,3,6
5022,9,7
5023,1,1
5024,5,9
5025,9,7
5026,3,6
5027,7,5
5028,2,5
5029,6,8
5030,6,8
5031,2,3
5032,5,4
5033,5,4
5034,6,8
5035,9,7
5036,2,3
5037,7,6
5038,5,4
5039,3,6
5040,3,6
5041,2,3
5042,1,8
5043,6,8
5044,9,9
5045,5,9
5046,5,4
5047,5,4
5048,4,0
5049,9,7
5050,6,8
5051,0,1
5052,4,0
5053,4,0
5054,1,1
5055,6,8
5056,7,5
5057,9,7
5058,1,1
5059,9,7
5060,7,5
5061,0,5
5062,5,9
5063,9,9
5064,5,4
5065,8,2
5066,2,5
5067,2,3
5068,4,7
5069,5,4
5070,3,6
5071,3,6
5072,4,0
5073,0,1
5074,4,0
5075,0,1
5076,8,2
5077,5,4
5078,6,8
5079,7,5
5080,2,3
5081,7,5
5082,3,0
5083,4,0
5084,3,6
5085,5,4
5086,2,3
5087,6,8
5088,2,3
5089,9,7
5090,1,1
5091,5,4
5092,2,3
5093,5,9
5094,8,2
5095,8,2
5096,4,0
5097,2,3
5098,3,6
5099,3,6
5100,9,7
5101,5,4
5102,2,3
5103,2,2
5104,8,2
5105,0,4
5106,5,9
5107,0,1
5108,4,0
5109,7,5
5110,1,2
5111,5,4
5112,2,8
5113,8,2
5114,1,1
5115,4,0
5116,0,8
5117,5,4
5118,5,4
5119,6,8
5120,4,0
5121,3,6
5122,5,4
5123,1,1
5124,1,4
5125,5,9
5126,3,6
5127,8,3
5128,1,1
5129,4,2
5130,5,9
5131,4,0
5132,0,1
5133,4,0
5134,5,4
5135,8,2
5136,2,9
5137,5,9
5138,5,4
5139,2,3
5140,6,8
5141,3,6
5142,9,9
5143,2,3
5144,4,0
5145,3,6
5146,9,7
5147,4,0
5148,1,3
5149,0,1
5150,5,4
5151,8,2
5152,2,3
5153,2,3
5154,4,0
5155,0,4
5156,8,2
5157,7,5
5158,7,5
5159,3,6
5160,2,3
5161,9,7
5162,8,2
5163,6,8
5164,7,5
5165,9,9
5166,8,2
5167,4,0
5168,0,1
5169,0,1
5170,6,8
5171,8,2
5172,5,9
5173,2,3
5174,5,1
5175,0,4
5176,1,1
5177,7,5
5178,9,7
5179,3,6
5180,5,4
5181,9,7
5182,9,7
5183,6,8
5184,2,3
5185,9,9
5186,2,3
5187,4,0
5188,3,5
5189,0,1
5190,2,3
5191,8,2
5192,4,0
5193,2,3
5194,4,0
5195,9,4
5196,4,0
5197,9,7
5198,5,4
5199,6,8
5200,6,8
5201,9,9
5202,4,0
5203,4,0
5204,1,1
5205,6,8
5206,9,7
5207,2,3
5208,5,9
5209,9,9
5210,7,5
5211,7,5
5212,5,9
5213,3,6
5214,9,7
5215,6,8
5216,1,2
5217,0,4
5218,3,6
5219,9,9
5220,6,8
5221,0,1
5222,3,6
5223,9,7
5224,1,9
5225,0,1
5226,3,6
5227,8,2
5228,4,0
5229,9,9
5230,3,6
5231,3,6
5232,8,2
5233,0,9
5234,1,1
5235,0,1
5236,8,2
5237,0,1
5238,2,3
5239,0,1
5240,2,5
5241,8,2
5242,9,7
5243,6,8
5244,4,0
5245,0,1
5246,4,0
5247,8,2
5248,6,8
5249,4,0
5250,8,2
5251,9,7
5252,2,3
5253,9,7
5254,7,5
5255,7,5
5256,1,1
5257,6,8
5258,8,2
5259,8,2
5260,3,6
5261,9,9
5262,1,1
5263,6,8
5264,9,7
5265,0,4
5266,4,0
5267,3,6
5268,4,0
5269,9,7
5270,2,3
5271,0,1
5272,4,0
5273,3,6
5274,3,6
5275,4,0
5276,5,9
5277,2,3
5278,5,4
5279,3,6
5280,9,7
5281,6,8
5282,5,9
5283,9,7
5284,2,3
5285,4,0
5286,4,0
5287,0,4
5288,4,0
5289,8,2
5290,3,6
5291,9,7
5292,7,5
5293,0,4
5294,3,6
5295,0,4
5296,1,8
5297,8,2
5298,5,0
5299,6,8
5300,9,7
5301,0,1
5302,9,7
5303,7,5
5304,1,1
5305,0,1
5306,8,2
5307,5,2
5308,5,7
5309,7,5
5310,3,6
5311,3,6
5312,9,7
5313,5,4
5314,8,2
5315,8,3
5316,5,9
5317,4,0
5318,8,2
5319,4,0
5320,5,9
5321,4,0
5322,5,4
5323,2,3
5324,5,4
5325,9,7
5326,9,7
5327,4,0
5328,2,3
5329,3,6
5330,4,0
5331,5,4
5332,3,3
5333,6,8
5334,3,6
5335,6,8
5336,1,1
5337,2,3
5338,2,8
5339,9,9
5340,4,0
5341,9,9
5342,4,0
5343,6,8
5344,4,0
5345,8,2
5346,6,8
5347,9,7
5348,2,8
5349,9,7
5350,5,9
5351,0,1
5352,9,7
5353,4,0
5354,2,3
5355,0,1
5356,5,4
5357,8,2
5358,2,3
5359,2,3
5360,2,8
5361,5,4
5362,5,9
5363,7,5
5364,3,6
5365,3,6
5366,5,4
5367,9,7
5368,4,0
5369,6,8
5370,5,3
5371,5,9
5372,5,8
5373,4,0
5374,3,6
5375,0,1
5376,6,8
5377,8,2
5378,7,5
5379,2,3
5380,8,2
5381,5,4
5382,7,5
5383,7,5
5384,4,6
5385,3,6
5386,5,9
5387,9,7
5388,2,3
5389,6,8
5390,1,9
5391,9,9
5392,2,3
5393,4,0
5394,6,8
5395,0,1
5396,8,3
5397,8,2
5398,4,0
5399,2,3
5400,8,2
5401,5,4
5402,5,9
5403,7,5
5404,5,9
5405,3,6
5406,5,4
5407,9,7
5408,0,3
5409,6,8
5410,5,4
5411,9,9
5412,2,3
5413,3,6
5414,7,5
5415,8,2
5416,5,7
5417,7,5
5418,6,8
5419,3,6
5420,8,2
5421,8,2
5422,5,7
5423,7,5
5424,7,5
5425,0,1
5426,5,9
5427,9,7
5428,0,1
5429,0,1
5430,4,8
5431,6,8
5432,2,3
5433,2,3
5434,2,3
5435,6,8
5436,8,2
5437,9,7
5438,8,2
5439,0,1
5440,7,5
5441,9,7
5442,2,3
5443,0,1
5444,5,4
5445,5,4
5446,9,7
5447,9,7
5448,9,7
5449,8,2
5450,5,4
5451,3,6
5452,2,5
5453,7,5
5454,0,9
5455,2,3
5456,2,5
5457,9,9
5458,2,3
5459,5,9
5460,6,8
5461,4,0
5462,4,0
5463,6,8
5464,4,0
5465,9,7
5466,7,6
5467,2,3
5468,4,0
5469,4,0
5470,4,0
5471,2,3
5472,9,7
5473,9,7
5474,5,8
5475,4,0
5476,6,8
5477,0,1
5478,5,9
5479,0,1
5480,8,2
5481,8,2
5482,5,4
5483,0,1
5484,1,1
5485,3,6
5486,3,6
5487,4,0
5488,4,0
5489,7,5
5490,5,4
5491,2,3
5492,5,9
5493,2,3
5494,1,1
5495,3,6
5496,9,7
5497,2,3
5498,4,0
5499,7,5
5500,1,1
5501,5,9
5502,4,0
5503,9,9
5504,9,7
5505,4,0
5506,2,5
5507,1,1
5508,8,2
5509,8,2
5510,2,3
5511,2,3
5512,4,0
5513,5,4
5514,4,0
5515,7,5
5516,1,1
5517,3,6
5518,5,9
5519,9,7
5520,1,1
5521,6,8
5522,5,9
5523,9,9
5524,3,6
5525,4,0
5526,7,5
5527,0,1
5528,8,2
5529,8,2
5530,1,1
5531,2,3
5532,5,9
5533,5,4
5534,6,8
5535,9,7
5536,3,8
5537,6,8
5538,2,9
5539,9,9
5540,9,7
5541,4,0
5542,2,3
5543,0,1
5544,5,9
5545,8,2
5546,9,7
5547,2,3
5548,2,8
5549,5,4
5550,2,5
5551,7,5
5552,1,1
5553,7,6
5554,7,6
5555,9,7
5556,3,6
5557,6,8
5558,9,9
5559,9,9
5560,4,0
5561,3,6
5562,7,3
5563,4,0
5564,1,7
5565,9,7
5566,3,6
5567,2,3
5568,9,7
5569,9,7
5570,1,1
5571,0,1
5572,5,9
5573,2,3
5574,0,8
5575,9,7
5576,3,6
5577,9,9
5578,2,3
5579,9,7
5580,5,4
5581,5,4
5582,1,1
5583,4,0
5584,9,7
5585,4,0
5586,3,6
5587,3,6
5588,2,3
5589,9,9
5590,5,4
5591,7,5
5592,5,9
5593,3,6
5594,6,8
5595,9,9
5596,9,7
5597,6,8
5598,7,5
5599,7,5
5600,3,6
5601,0,1
5602,1,2
5603,7,5
5604,4,0
5605,2,3
5606,7,5
5607,9,9
5608,4,0
5609,6,8
5610,1,1
5611,2,3
5612,4,0
5613,5,4
5614,5,9
5615,4,0
5616,1,3
5617,7,5
5618,8,2
5619,3,6
5620,7,5
5621,2,3
5622,4,0
5623,5,4
5624,8,2
5625,6,8
5626,9,7
5627,4,0
5628,6,8
5629,3,6
5630,1,1
5631,5,4
5632,3,6
5633,6,8
5634,3,6
5635,0,1
5636,5,4
5637,2,3
5638,8,2
5639,5,4
5640,2,3
5641,4,0
5642,2,3
5643,0,1
5644,0,1
5645,9,9
5646,4,0
5647,8,2
5648,1,1
5649,2,3
5650,0,7
5651,9,7
5652,9,7
5653,7,5
5654,3,6
5655,0,1
5656,8,2
5657,9,7
5658,5,9
5659,8,2
5660,2,3
5661,6,8
5662,4,0
5663,9,7
5664,1,9
5665,4,0
5666,7,5
5667,0,1
5668,2,5
5669,5,9
5670,6,8
5671,3,6
5672,5,9
5673,5,4
5674,4,0
5675,0,1
5676,9,7
5677,8,2
5678,3,5
5679,2,3
5680,2,8
5681,0,1
5682,3,6
5683,2,3
5684,3,6
5685,7,5
5686,3,6
5687,2,3
5688,7,5
5689,5,4
5690,4,0
5691,1,1
5692,4,0
5693,3,6
5694,4,0
5695,6,8
5696,6,8
5697,4,0
5698,4,0
5699,6,8
5700,8,2
5701,9,9
5702,2,3
5703,5,4
5704,5,9
5705,9,9
5706,1,2
5707,8,2
5708,1,1
5709,3,6
5710,2,3
5711,4,0
5712,2,5
5713,0,1
5714,1,1
5715,8,2
5716,9,7
5717,2,3
5718,5,9
5719,7,5
5720,5,4
5721,3,6
5722,8,2
5723,9,7
5724,8,2
5725,6,8
5726,5,9
5727,9,9
5728,2,3
5729,4,0
5730,4,0
5731,0,1
5732,1,1
5733,8,2
5734,5,4
5735,0,4
5736,9,3
5737,7,5
5738,2,3
5739,3,6
5740,4,9
5741,9,7
5742,7,5
5743,0,8
5744,8,2
5745,9,9
5746,5,9
5747,4,0
5748,2,3
5749,0,1
5750,3,6
5751,8,2
5752,7,5
5753,2,3
5754,9,7
5755,5,4
5756,1,1
5757,7,5
5758,2,2
5759,3,6
5760,1,1
5761,9,7
5762,8,2
5763,6,8
5764,5,4
5765,9,9
5766,3,6
5767,4,0
5768,9,7
5769,9,7
5770,2,3
5771,7,5
5772,3,6
5773,4,0
5774,1,6
5775,6,8
5776,7,5
5777,5,4
5778,9,7
5779,0,1
5780,7,6
5781,6,8
5782,3,6
5783,6,8
5784,9,7
5785,0,1
5786,9,7
5787,2,3
5788,2,3
5789,0,1
5790,1,2
5791,6,8
5792,5,4
5793,2,3
5794,5,9
5795,9,7
5796,5,4
5797,9,9
5798,2,3
5799,2,3
5800,6,8
5801,4,0
5802,4,6
5803,9,9
5804,3,6
5805,5,4
5806,9,9
5807,5,4
5808,4,0
5809,4,0
5810,3,6
5811,9,7
5812,2,3
5813,5,4
5814,1,1
5815,8,2
5816,1,2
5817,9,9
5818,9,7
5819,6,8
5820,2,3
5821,0,7
5822,5,4
5823,8,2
5824,1,1
5825,9,7
5826,1,6
5827,6,8
5828,4,5
5829,5,9
5830,4,0
5831,2,3
5832,3,6
5833,0,1
5834,1,1
5835,5,4
5836,5,9
5837,3,6
5838,2,3
5839,7,5
5840,1,1
5841,8,2
5842,8,1
5843,8,2
5844,4,0
5845,8,2
5846,3,6
5847,7,5
5848,3,6
5849,3,6
5850,1,1
5851,9,7
5852,2,3
5853,6,8
5854,5,4
5855,9,7
5856,7,5
5857,7,5
5858,2,3
5859,0,1
5860,5,9
5861,3,6
5862,1,1
5863,5,4
5864,1,1
5865,9,9
5866,7,5
5867,8,2
5868,4,9
5869,5,9
5870,2,3
5871,2,3
5872,7,5
5873,7,5
5874,5,9
5875,2,3
5876,1,1
5877,3,6
5878,9,9
5879,3,6
5880,5,4
5881,4,0
5882,1,1
5883,4,0
5884,4,0
5885,8,2
5886,4,0
5887,7,5
5888,4,0
5889,3,6
5890,8,2
5891,5,4
5892,5,9
5893,9,9
5894,6,8
5895,8,2
5896,9,8
5897,9,7
5898,1,9
5899,5,4
5900,8,2
5901,9,9
5902,8,2
5903,0,1
5904,3,5
5905,4,0
5906,9,7
5907,8,2
5908,8,2
5909,8,2
5910,3,6
5911,2,3
5912,9,7
5913,3,6
5914,8,2
5915,0,1
5916,2,8
5917,6,8
5918,5,9
5919,2,3
5920,3,6
5921,4,0
5922,2,3
5923,2,3
5924,9,9
5925,7,5
5926,2,3
5927,4,0
5928,1,2
5929,4,0
5930,1,1
5931,3,6
5932,4,0
5933,0,1
5934,2,5
5935,3,6
5936,1,4
5937,9,9
5938,4,0
5939,7,5
5940,5,9
5941,2,3
5942,2,3
5943,9,9
5944,5,4
5945,5,4
5946,9,7
5947,7,5
5948,3,6
5949,6,8
5950,1,1
5951,3,6
5952,8,2
5953,9,7
5954,9,4
5955,0,1
5956,3,6
5957,0,1
5958,2,3
5959,9,7
5960,5,4
5961,4,0
5962,3,6
5963,0,1
5964,5,9
5965,8,2
5966,1,1
5967,2,3
5968,9,7
5969,5,4
5970,2,3
5971,7,5
5972,8,8
5973,3,6
5974,2,3
5975,9,7
5976,9,7
5977,6,8
5978,4,0
5979,9,9
5980,2,3
5981,4,0
5982,5,4
5983,1,1
5984,7,5
5985,8,2
5986,9,7
5987,2,3
5988,8,2
5989,5,4
5990,3,6
5991,7,5
5992,5,9
5993,3,6
5994,1,1
5995,9,7
5996,3,6
5997,6,8
5998,3,6
5999,9,9
6000,3,6
6001,4,0
6002,1,1
6003,0,1
6004,7,5
6005,8,2
6006,6,8
6007,2,3
6008,4,0
6009,5,4
6010,5,9
6011,7,5
6012,8,2
6013,3,6
6014,9,7
6015,9,7
6016,2,3
6017,6,8
6018,7,5
6019,9,9
6020,1,1
6021,0,1
6022,6,8
6023,4,0
6024,3,6
6025,5,4
6026,7,5
6027,7,5
6028,5,4
6029,3,6
6030,6,8
6031,3,6
6032,2,3
6033,2,3
6034,4,0
6035,5,4
6036,5,9
6037,5,4
6038,8,2
6039,8,2
6040,2,3
6041,6,8
6042,5,9
6043,0,1
6044,8,2
6045,4,0
6046,9,7
6047,3,6
6048,2,3
6049,5,4
6050,9,7
6051,9,9
6052,1,1
6053,9,7
6054,9,7
6055,8,2
6056,8,2
6057,2,3
6058,5,4
6059,2,3
6060,8,2
6061,5,9
6062,1,1
6063,8,2
6064,9,7
6065,4,0
6066,7,8
6067,5,9
6068,7,5
6069,2,3
6070,0,1
6071,2,3
6072,6,8
6073,9,9
6074,5,9
6075,0,1
6076,4,0
6077,7,5
6078,5,9
6079,8,2
6080,8,2
6081,2,3
6082,0,1
6083,0,1
6084,5,9
6085,3,6
6086,2,5
6087,9,7
6088,5,7
6089,2,3
6090,3,6
6091,9,7
6092,5,9
6093,6,8
6094,3,0
6095,5,4
6096,7,5
6097,4,0
6098,2,3
6099,8,2
6100,9,9
6101,5,4
6102,3,6
6103,4,0
6104,1,1
6105,8,2
6106,2,3
6107,0,4
6108,0,1
6109,9,7
6110,1,1
6111,6,8
6112,7,5
6113,4,0
6114,8,2
6115,9,7
6116,1,1
6117,4,0
6118,2,3
6119,3,6
6120,5,4
6121,5,9
6122,1,1
6123,2,3
6124,8,2
6125,8,2
6126,8,2
6127,5,4
6128,5,4
6129,6,8
6130,0,7
6131,3,6
6132,9,7
6133,4,0
6134,9,7
6135,0,1
6136,6,8
6137,4,0
6138,8,2
6139,3,6
6140,9,7
6141,9,7
6142,1,1
6143,8,2
6144,8,2
6145,5,9
6146,4,0
6147,9,7
6148,2,3
6149,5,9
6150,3,6
6151,7,5
6152,2,8
6153,6,8
6154,5,4
6155,9,9
6156,5,9
6157,3,6
6158,6,8
6159,3,6
6160,5,4
6161,8,2
6162,5,9
6163,6,8
6164,5,9
6165,0,1
6166,5,9
6167,9,7
6168,8,2
6169,7,5
6170,7,3
6171,7,5
6172,8,2
6173,9,7
6174,5,9
6175,2,3
6176,9,7
6177,7,5
6178,3,6
6179,4,0
6180,7,5
6181,1,1
6182,2,3
6183,0,1
6184,5,4
6185,2,3
6186,1,1
6187,6,8
6188,7,5
6189,5,4
6190,8,2
6191,5,9
6192,1,1
6193,5,4
6194,3,6
6195,7,5
6196,2,8
6197,0,1
6198,7,5
6199,6,8
6200,7,5
6201,3,6
6202,5,7
6203,6,8
6204,8,2
6205,9,9
6206,1,1
6207,4,0
6208,1,1
6209,0,1
6210,5,4
6211,8,2
6212,2,2
6213,2,3
6214,6,8
6215,5,4
6216,2,3
6217,7,5
6218,5,4
6219,3,6
6220,5,4
6221,9,7
6222,8,2
6223,6,8
6224,9,7
6225,5,9
6226,1,1
6227,4,0
6228,4,0
6229,0,1
6230,2,3
6231,8,2
6232,1,1
6233,2,3
6234,5,9
6235,5,4
6236,3,6
6237,7,5
6238,5,9
6239,3,6
6240,6,8
6241,9,7
6242,2,8
6243,6,8
6244,1,1
6245,4,0
6246,3,6
6247,0,1
6248,9,7
6249,8,2
6250,9,7
6251,2,3
6252,8,2
6253,5,4
6254,1,1
6255,7,5
6256,5,4
6257,3,6
6258,5,4
6259,5,7
6260,5,4
6261,6,8
6262,1,1
6263,5,9
6264,7,5
6265,3,6
6266,3,6
6267,3,6
6268,5,4
6269,3,3
6270,1,2
6271,5,4
6272,9,9
6273,8,2
6274,7,5
6275,6,8
6276,7,5
6277,0,1
6278,9,7
6279,4,0
6280,9,7
6281,3,6
6282,2,3
6283,5,4
6284,6,8
6285,5,9
6286,2,3
6287,5,7
6288,6,8
6289,8,2
6290,3,5
6291,2,3
6292,4,0
6293,2,3
6294,9,9
6295,5,9
6296,4,0
6297,2,3
6298,2,3
6299,2,3
6300,2,5
6301,5,9
6302,4,0
6303,0,1
6304,9,7
6305,7,5
6306,5,9
6307,8,2
6308,5,4
6309,2,3
6310,5,9
6311,0,1
6312,5,4
6313,3,6
6314,5,4
6315,5,7
6316,4,0
6317,2,3
6318,1,1
6319,9,7
6320,4,0
6321,6,8
6322,6,8
6323,5,4
6324,7,5
6325,4,0
6326,4,0
6327,8,2
6328,1,1
6329,5,4
6330,4,0
6331,4,0
6332,4,0
6333,5,7
6334,9,9
6335,6,8
6336,5,4
6337,4,0
6338,3,6
6339,9,7
6340,2,3
6341,4,0
6342,2,3
6343,3,6
6344,8,2
6345,5,9
6346,7,5
6347,2,3
6348,1,2
6349,8,2
6350,2,3
6351,5,4
6352,7,5
6353,6,8
6354,2,8
6355,3,6
6356,0,1
6357,4,0
6358,9,7
6359,7,5
6360,8,2
6361,9,7
6362,5,3
6363,7,5
6364,6,8
6365,0,1
6366,1,1
6367,4,0
6368,5,9
6369,6,8
6370,7,5
6371,0,1
6372,0,1
6373,3,6
6374,7,5
6375,5,7
6376,5,9
6377,8,2
6378,9,7
6379,5,9
6380,1,1
6381,5,7
6382,5,9
6383,5,9
6384,1,1
6385,7,5
6386,8,2
6387,3,6
6388,3,6
6389,7,5
6390,6,8
6391,8,2
6392,3,6
6393,3,6
6394,4,0
6395,1,1
6396,3,6
6397,5,7
6398,2,3
6399,7,5
6400,4,0
6401,7,5
6402,3,6
6403,5,7
6404,6,8
6405,2,3
6406,4,0
6407,7,5
6408,1,1
6409,4,0
6410,2,3
6411,0,1
6412,7,5
6413,0,1
6414,8,2
6415,2,3
6416,1,3
6417,6,8
6418,3,5
6419,1,1
6420,2,3
6421,4,0
6422,4,0
6423,0,1
6424,5,4
6425,8,2
6426,2,5
6427,2,3
6428,7,3
6429,5,4
6430,2,3
6431,7,5
6432,0,7
6433,3,6
6434,7,5
6435,9,7
6436,1,1
6437,6,8
6438,5,9
6439,5,9
6440,2,3
6441,4,0
6442,8,2
6443,0,1
6444,4,0
6445,8,2
6446,4,0
6447,2,3
6448,3,4
6449,5,4
6450,2,3
6451,7,5
6452,3,6
6453,3,6
6454,5,4
6455,9,7
6456,3,6
6457,6,8
6458,1,1
6459,9,9
6460,5,9
6461,4,0
6462,5,4
6463,0,1
6464,1,6
6465,8,2
6466,4,2
6467,2,3
6468,4,0
6469,5,4
6470,5,8
6471,7,5
6472,7,5
6473,3,6
6474,7,6
6475,9,7
6476,9,7
6477,6,8
6478,8,2
6479,9,9
6480,8,2
6481,9,7
6482,3,6
6483,5,4
6484,5,4
6485,9,7
6486,3,6
6487,9,7
6488,1,1
6489,2,3
6490,5,4
6491,5,9
6492,1,2
6493,6,8
6494,8,2
6495,6,8
6496,4,0
6497,2,3
6498,7,8
6499,0,1
6500,2,3
6501,7,5
6502,4,0
6503,6,8
6504,2,5
6505,8,2
6506,6,8
6507,9,7
6508,6,8
6509,3,6
6510,9,7
6511,1,1
6512,6,8
6513,7,5
6514,5,9
6515,8,2
6516,2,3
6517,3,6
6518,5,9
6519,5,4
6520,5,9
6521,0,1
6522,2,3
6523,6,8
6524,2,5
6525,9,7
6526,3,6
6527,7,5
6528,9,7
6529,7,5
6530,1,1
6531,0,1
6532,5,4
6533,6,8
6534,1,8
6535,9,9
6536,5,4
6537,0,1
6538,4,0
6539,2,3
6540,6,2
6541,3,6
6542,5,9
6543,2,3
6544,6,8
6545,2,3
6546,0,4
6547,8,2
6548,3,6
6549,8,2
6550,9,7
6551,3,6
6552,5,4
6553,3,6
6554,0,1
6555,7,5
6556,5,4
6557,7,5
6558,1,1
6559,2,3
6560,5,4
6561,2,3
6562,3,6
6563,6,8
6564,5,9
6565,0,1
6566,9,7
6567,3,6
6568,0,1
6569,7,5
6570,1,1
6571,3,6
6572,3,6
6573,6,8
6574,3,6
6575,1,1
6576,2,3
6577,5,9
6578,3,6
6579,9,7
6580,2,8
6581,3,6
6582,3,8
6583,6,8
6584,2,3
6585,2,3
6586,1,1
6587,9,7
6588,5,9
6589,5,9
6590,9,7
6591,4,0
6592,2,3
6593,4,0
6594,2,3
6595,2,3
6596,5,4
6597,9,7
6598,5,4
6599,5,9
6600,5,7
6601,2,3
6602,3,6
6603,4,0
6604,4,8
6605,8,2
6606,6,8
6607,4,0
6608,5,4
6609,1,1
6610,7,5
6611,4,0
6612,2,3
6613,0,1
6614,4,0
6615,4,0
6616,9,7
6617,0,1
6618,6,8
6619,4,0
6620,6,8
6621,5,4
6622,6,8
6623,9,7
6624,8,2
6625,5,9
6626,8,2
6627,8,2
6628,8,2
6629,4,0
6630,4,0
6631,3,6
6632,2,3
6633,1,2
6634,5,9
6635,3,6
6636,1,5
6637,8,2
6638,3,6
6639,8,2
6640,1,1
6641,9,9
6642,8,2
6643,9,9
6644,3,5
6645,4,0
6646,2,5
6647,1,1
6648,4,0
6649,8,2
6650,9,7
6651,2,3
6652,5,4
6653,5,4
6654,1,1
6655,7,5
6656,5,4
6657,3,6
6658,5,3
6659,6,8
6660,2,5
6661,5,9
6662,2,3
6663,4,0
6664,2,5
6665,1,1
6666,5,7
6667,2,3
6668,2,9
6669,5,4
6670,3,6
6671,7,5
6672,5,4
6673,3,6
6674,5,4
6675,9,7
6676,4,0
6677,6,8
6678,1,1
6679,5,9
6680,2,5
6681,4,0
6682,1,1
6683,1,1
6684,4,0
6685,8,2
6686,9,7
6687,2,3
6688,9,7
6689,5,4
6690,3,6
6691,7,5
6692,3,6
6693,3,6
6694,5,9
6695,9,7
6696,9,7
6697,6,8
6698,1,1
6699,5,9
6700,4,0
6701,1,1
6702,1,1
6703,6,8
6704,4,0
6705,3,6
6706,2,3
6707,9,7
6708,4,0
6709,1,1
6710,2,3
6711,2,3
6712,7,5
6713,9,7
6714,5,4
6715,9,7
6716,5,4
6717,5,9
6718,1,1
6719,2,3
6720,3,6
6721,3,6
6722,5,7
6723,4,0
6724,5,4
6725,8,2
6726,3,6
6727,3,6
6728,6,8
6729,5,4
6730,4,0
6731,6,8
6732,3,6
6733,5,4
6734,5,9
6735,7,5
6736,0,1
6737,4,0
6738,4,0
6739,2,3
6740,9,7
6741,5,9
6742,3,6
6743,8,2
6744,6,8
6745,1,1
6746,8,8
6747,1,1
6748,1,1
6749,7,5
6750,2,3
6751,5,9
6752,9,7
6753,5,4
6754,2,3
6755,8,2
6756,9,7
6757,4,0
6758,4,0
6759,5,4
6760,6,8
6761,5,4
6762,2,3
6763,4,0
6764,8,2
6765,5,9
6766,2,3
6767,3,6
6768,4,0
6769,5,9
6770,9,7
6771,1,2
6772,7,5
6773,8,2
6774,6,8
6775,1,1
6776,2,5
6777,9,7
6778,5,4
6779,9,9
6780,8,2
6781,7,5
6782,2,5
6783,0,1
6784,2,3
6785,0,1
6786,7,5
6787,9,9
6788,6,8
6789,3,6
6790,5,9
6791,4,0
6792,7,8
6793,1,1
6794,5,4
6795,6,8
6796,3,6
6797,5,4
6798,5,4
6799,3,6
6800,3,6
6801,6,8
6802,4,0
6803,6,8
6804,5,4
6805,8,2
6806,6,8
6807,3,6
6808,9,8
6809,2,3
6810,5,4
6811,8,2
6812,5,4
6813,5,9
6814,6,8
6815,8,2
6816,1,8
6817,0,4
6818,9,7
6819,4,0
6820,5,9
6821,5,9
6822,1,1
6823,4,0
6824,9,7
6825,2,3
6826,2,3
6827,2,3
6828,3,6
6829,7,5
6830,7,5
6831,6,8
6832,3,0
6833,5,4
6834,1,1
6835,9,7
6836,2,5
6837,3,6
6838,5,9
6839,8,2
6840,2,5
6841,8,2
6842,9,9
6843,9,7
6844,2,3
6845,9,7
6846,1,2
6847,4,0
6848,4,5
6849,7,5
6850,9,9
6851,0,1
6852,7,5
6853,7,5
6854,3,6
6855,2,3
6856,2,3
6857,4,0
6858,2,3
6859,1,1
6860,8,2
6861,8,2
6862,9,7
6863,2,3
6864,1,1
6865,5,4
6866,9,7
6867,7,5
6868,7,5
6869,3,6
6870,1,1
6871,9,7
6872,5,9
6873,6,8
6874,3,6
6875,4,0
6876,3,6
6877,0,1
6878,5,7
6879,5,4
6880,1,1
6881,9,7
6882,9,7
6883,4,0
6884,2,5
6885,6,1
6886,5,9
6887,5,4
6888,7,5
6889,9,7
6890,5,4
6891,6,8
6892,2,3
6893,9,9
6894,2,3
6895,3,6
6896,5,8
6897,6,8
6898,2,3
6899,8,2
6900,0,1
6901,5,4
6902,9,7
6903,3,6
6904,1,3
6905,6,8
6906,2,3
6907,3,6
6908,9,7
6909,3,6
6910,8,2
6911,9,7
6912,2,3
6913,1,1
6914,5,7
6915,9,7
6916,6,8
6917,4,0
6918,5,9
6919,8,2
6920,4,3
6921,8,2
6922,5,9
6923,4,0
6924,1,8
6925,0,1
6926,1,1
6927,3,6
6928,4,0
6929,0,5
6930,3,6
6931,1,1
6932,9,7
6933,8,2
6934,4,9
6935,4,0
6936,7,5
6937,8,2
6938,6,8
6939,2,3
6940,6,8
6941,5,4
6942,6,8
6943,6,8
6944,8,2
6945,2,3
6946,0,1
6947,9,7
6948,2,2
6949,5,4
6950,5,9
6951,1,1
6952,6,8
6953,9,7
6954,3,6
6955,5,4
6956,9,7
6957,6,8
6958,4,0
6959,2,3
6960,4,0
6961,5,9
6962,3,8
6963,3,6
6964,5,9
6965,5,7
6966,2,3
6967,4,0
6968,4,0
6969,5,9
6970,4,0
6971,3,6
6972,4,0
6973,4,0
6974,8,2
6975,3,6
6976,2,8
6977,1,1
6978,7,5
6979,4,0
6980,4,5
6981,7,5
6982,3,6
6983,7,5
6984,7,5
6985,0,1
6986,9,7
6987,4,0
6988,2,5
6989,1,1
6990,5,4
6991,4,0
6992,8,2
6993,5,9
6994,6,8
6995,5,4
6996,5,4
6997,7,5
6998,1,1
6999,5,9
7000,6,8
7001,9,7
7002,5,4
7003,4,0
7004,4,0
7005,8,2
7006,2,9
7007,0,1
7008,3,6
7009,5,4
7010,5,7
7011,9,4
7012,4,0
7013,5,9
7014,8,2
7015,1,6
7016,5,9
7017,9,7
7018,4,0
7019,5,4
7020,1,1
7021,6,8
7022,1,1
7023,5,9
7024,7,5
7025,4,0
7026,6,8
7027,0,1
7028,9,7
7029,8,2
7030,2,3
7031,2,3
7032,2,5
7033,5,7
7034,2,8
7035,6,8
7036,5,4
7037,4,0
7038,4,0
7039,0,1
7040,1,1
7041,8,2
7042,6,8
7043,2,3
7044,2,5
7045,5,4
7046,2,3
7047,7,5
7048,0,8
7049,3,6
7050,4,0
7051,6,8
7052,4,0
7053,9,9
7054,9,7
7055,4,0
7056,5,9
7057,0,1
7058,6,3
7059,9,7
7060,1,1
7061,9,9
7062,4,0
7063,3,6
7064,3,6
7065,2,3
7066,4,0
7067,2,3
7068,7,5
7069,9,9
7070,5,9
7071,9,9
7072,8,2
7073,7,5
7074,1,1
7075,0,1
7076,6,8
7077,9,4
7078,1,1
7079,8,2
7080,2,3
7081,7,5
7082,8,2
7083,0,4
7084,1,1
7085,9,7
7086,3,6
7087,9,9
7088,8,2
7089,0,1
7090,5,4
7091,7,5
7092,9,7
7093,8,2
7094,5,9
7095,3,6
7096,3,6
7097,8,3
7098,5,9
7099,9,7
7100,5,4
7101,0,8
7102,3,6
7103,7,5
7104,3,6
7105,0,1
7106,2,3
7107,8,2
7108,5,9
7109,3,6
7110,5,9
7111,3,6
7112,1,5
7113,9,7
7114,7,5
7115,6,8
7116,1,1
7117,6,8
7118,5,9
7119,0,1
7120,5,4
7121,6,8
7122,1,8
7123,2,3
7124,5,4
7125,9,7
7126,3,6
7127,4,0
7128,4,0
7129,4,0
7130,4,0
7131,0,1
7132,2,3
7133,7,5
7134,2,3
7135,4,0
7136,2,8
7137,7,5
7138,1,1
7139,8,2
7140,8,2
7141,6,8
7142,2,8
7143,4,0
7144,7,5
7145,0,4
7146,3,2
7147,2,3
7148,5,9
7149,0,1
7150,2,3
7151,6,8
7152,5,4
7153,8,2
7154,2,5
7155,9,9
7156,2,3
7157,9,9
7158,4,0
7159,7,5
7160,1,1
7161,8,2
7162,2,3
7163,3,6
7164,4,0
7165,7,5
7166,5,4
7167,9,7
7168,3,8
7169,0,1
7170,8,2
7171,9,9
7172,7,5
7173,0,7
7174,9,7
7175,0,1
7176,1,1
7177,8,2
7178,5,4
7179,3,6
7180,5,9
7181,4,0
7182,6,8
7183,4,0
7184,4,8
7185,0,1
7186,5,4
7187,8,2
7188,0,1
7189,2,3
7190,5,8
7191,5,4
7192,5,3
7193,7,5
7194,9,9
7195,3,6
7196,8,2
7197,9,7
7198,5,9
7199,6,8
7200,1,9
7201,9,9
7202,3,6
7203,4,0
7204,5,4
7205,0,1
7206,3,6
7207,8,2
7208,5,9
7209,2,3
7210,9,7
7211,5,4
7212,3,6
7213,9,7
7214,1,3
7215,0,8
7216,7,5
7217,9,9
7218,6,8
7219,4,0
7220,3,6
7221,0,1
7222,1,1
7223,8,2
7224,3,6
7225,2,3
7226,8,7
7227,0,4
7228,6,8
7229,0,7
7230,3,6
7231,0,8
7232,7,5
7233,0,9
7234,1,1
7235,7,5
7236,9,7
7237,0,1
7238,7,5
7239,5,9
7240,1,1
7241,9,9
7242,4,2
7243,4,0
7244,2,5
7245,9,9
7246,7,5
7247,4,0
7248,5,4
7249,7,5
7250,2,3
7251,9,9
7252,5,9
7253,0,1
7254,4,0
7255,9,7
7256,5,9
7257,8,2
7258,5,9
7259,8,2
7260,7,5
7261,2,3
7262,8,2
7263,2,3
7264,5,9
7265,8,2
7266,8,2
7267,4,0
7268,3,6
7269,9,9
7270,1,5
7271,4,0
7272,4,0
7273,3,6
7274,5,9
7275,0,1
7276,3,5
7277,9,7
7278,0,7
7279,7,5
7280,5,4
7281,4,0
7282,5,4
7283,2,3
7284,9,7
7285,5,4
7286,4,0
7287,0,7
7288,2,3
7289,7,6
7290,6,8
7291,3,6
7292,1,2
7293,2,3
7294,3,6
7295,2,3
7296,5,4
7297,6,8
7298,3,6
7299,0,4
7300,7,8
7301,9,7
7302,7,5
7303,0,1
7304,9,7
7305,4,0
7306,9,7
7307,6,8
7308,1,8
7309,9,7
7310,5,9
7311,7,5
7312,5,9
7313,8,2
7314,9,7
7315,0,1
7316,6,8
7317,0,1
7318,4,0
7319,0,4
7320,6,8
7321,7,5
7322,7,3
7323,7,5
7324,1,1
7325,4,0
7326,8,2
7327,5,4
7328,6,8
7329,6,8
7330,1,1
7331,9,7
7332,2,3
7333,5,4
7334,9,7
7335,9,9
7336,2,3
7337,8,2
7338,4,0
7339,2,3
7340,9,7
7341,3,6
7342,3,6
7343,5,4
7344,8,2
7345,0,1
7346,7,5
7347,0,2
7348,9,7
7349,0,1
7350,0,4
7351,7,5
7352,9,7
7353,8,2
7354,2,5
7355,4,0
7356,6,8
7357,5,4
7358,4,0
7359,6,8
7360,8,2
7361,3,6
7362,9,7
7363,0,1
7364,4,0
7365,0,9
7366,5,4
7367,2,3
7368,7,5
7369,8,2
7370,8,2
7371,4,0
7372,4,0
7373,4,0
7374,2,5
7375,8,2
7376,6,8
7377,7,5
7378,4,0
7379,3,6
7380,9,7
7381,9,9
7382,7,5
7383,2,3
7384,9,7
7385,3,6
7386,5,7
7387,2,3
7388,9,7
7389,3,6
7390,7,5
7391,4,0
7392,8,2
7393,1,1
7394,8,2
7395,8,2
7396,2,3
7397,2,3
7398,3,6
7399,5,4
7400,6,8
7401,3,6
7402,1,1
7403,9,7
7404,0,1
7405,6,8
7406,1,1
7407,9,9
7408,8,2
7409,4,0
7410,1,1
7411,1,1
7412,2,3
7413,8,2
7414,1,2
7415,2,3
7416,5,9
7417,5,4
7418,9,7
7419,2,5
7420,9,7
7421,0,1
7422,2,3
7423,9,7
7424,1,1
7425,6,8
7426,5,4
7427,4,0
7428,8,2
7429,1,1
7430,5,9
7431,8,2
7432,8,2
7433,2,3
7434,3,6
7435,0,1
7436,6,8
7437,5,7
7438,5,7
7439,6,8
7440,1,1
7441,6,8
7442,5,4
7443,2,5
7444,3,5
7445,9,7
7446,9,7
7447,9,9
7448,7,5
7449,2,5
7450,2,8
7451,4,0
7452,3,6
7453,6,8
7454,0,1
7455,2,3
7456,3,6
7457,2,5
7458,4,0
7459,5,4
7460,3,6
7461,6,8
7462,4,0
7463,2,3
7464,5,4
7465,4,0
7466,3,0
7467,8,2
7468,5,9
7469,1,1
7470,9,7
7471,4,0
7472,0,1
7473,8,2
7474,5,9
7475,2,5
7476,1,2
7477,6,8
7478,1,9
7479,6,8
7480,2,5
7481,2,5
7482,7,5
7483,2,3
7484,8,2
7485,4,0
7486,8,2
7487,5,4
7488,6,8
7489,5,4
7490,3,6
7491,0,1
7492,5,9
7493,3,6
7494,9,7
7495,1,1
7496,1,1
7497,2,3
7498,0,5
7499,3,0
7500,8,2
7501,2,3
7502,5,4
7503,3,6
7504,3,6
7505,5,9
7506,4,0
7507,2,3
7508,2,8
7509,9,7
7510,8,2
7511,5,9
7512,6,8
7513,9,7
7514,6,8
7515,4,0
7516,3,6
7517,5,4
7518,9,9
7519,6,8
7520,8,2
7521,2,3
7522,3,6
7523,8,2
7524,1,1
7525,9,7
7526,5,4
7527,9,7
7528,1,2
7529,5,9
7530,1,7
7531,2,5
7532,1,1
7533,0,1
7534,9,7
7535,2,5
7536,1,1
7537,8,2
7538,5,9
7539,6,8
7540,2,8
7541,5,9
7542,1,1
7543,3,6
7544,7,6
7545,5,9
7546,2,5
7547,9,7
7548,4,0
7549,3,6
7550,6,8
7551,5,4
7552,4,0
7553,1,1
7554,8,2
7555,8,2
7556,2,3
7557,4,0
7558,1,1
7559,3,6
7560,5,4
7561,1,1
7562,3,6
7563,1,1
7564,3,6
7565,9,7
7566,4,0
7567,8,2
7568,9,7
7569,2,3
7570,5,8
7571,3,6
7572,1,1
7573,5,4
7574,1,1
7575,6,8
7576,8,2
7577,3,6
7578,5,4
7579,5,4
7580,3,6
7581,3,6
7582,2,3
7583,2,5
7584,7,3
7585,4,0
7586,6,8
7587,8,2
7588,1,1
7589,4,0
7590,2,3
7591,2,5
7592,2,5
7593,3,6
7594,4,2
7595,3,5
7596,5,4
7597,4,0
7598,3,6
7599,1,1
7600,2,3
7601,8,2
7602,5,9
7603,1,1
7604,3,8
7605,9,7
7606,0,8
7607,6,8
7608,9,7
7609,1,1
7610,9,7
7611,5,4
7612,1,2
7613,2,3
7614,8,2
7615,8,2
7616,9,7
7617,6,8
7618,2,3
7619,8,2
7620,2,9
7621,5,7
7622,1,1
7623,5,9
7624,2,2
7625,2,3
7626,2,3
7627,5,9
7628,1,2
7629,4,0
7630,1,1
7631,0,1
7632,1,1
7633,8,2
7634,2,3
7635,2,3
7636,6,8
7637,5,4
7638,6,8
7639,0,5
7640,7,5
7641,3,6
7642,6,8
7643,9,7
7644,9,7
7645,6,8
7646,8,2
7647,9,9
7648,4,0
7649,4,0
7650,1,1
7651,0,1
7652,5,4
7653,8,2
7654,8,2
7655,2,3
7656,1,1
7657,5,4
7658,1,1
7659,7,5
7660,2,3
7661,3,6
7662,3,6
7663,0,7
7664,4,0
7665,6,8
7666,2,3
7667,5,9
7668,0,1
7669,4,0
7670,2,5
7671,0,1
7672,2,3
7673,8,2
7674,2,8
7675,7,3
7676,5,9
7677,5,4
7678,2,3
7679,9,7
7680,9,9
7681,6,8
7682,2,8
7683,9,9
7684,3,6
7685,4,0
7686,9,7
7687,4,0
7688,8,2
7689,0,1
7690,5,9
7691,4,0
7692,5,3
7693,0,1
7694,9,7
7695,8,2
7696,1,1
7697,9,7
7698,2,3
7699,7,5
7700,3,6
7701,2,3
7702,5,9
7703,5,4
7704,0,8
7705,5,4
7706,8,2
7707,4,0
7708,4,0
7709,4,0
7710,4,0
7711,3,6
7712,6,8
7713,9,9
7714,5,9
7715,3,6
7716,1,1
7717,3,6
7718,3,6
7719,8,2
7720,1,1
7721,2,3
7722,5,4
7723,5,4
7724,3,6
7725,5,4
7726,5,4
7727,9,9
7728,4,0
7729,0,1
7730,5,7
7731,9,7
7732,0,2
7733,9,9
7734,5,4
7735,7,5
7736,1,2
7737,9,7
7738,7,5
7739,7,5
7740,2,5
7741,7,6
7742,9,9
7743,8,2
7744,3,6
7745,7,3
7746,0,1
7747,0,1
7748,1,1
7749,5,4
7750,6,8
7751,5,4
7752,0,1
7753,4,0
7754,9,7
7755,9,9
7756,5,9
7757,9,9
7758,1,2
7759,3,6
7760,5,2
7761,0,1
7762,2,3
7763,0,8
7764,1,1
7765,7,3
7766,2,3
7767,7,3
7768,3,8
7769,9,7
7770,9,7
7771,7,3
7772,8,2
7773,9,9
7774,5,9
7775,0,8
7776,8,2
7777,0,8
7778,2,3
7779,5,4
7780,8,2
7781,0,7
7782,8,2
7783,9,7
7784,2,3
7785,3,6
7786,4,0
7787,8,2
7788,1,1
7789,0,1
7790,8,2
7791,0,9
7792,8,2
7793,7,8
7794,2,3
7795,0,7
7796,8,2
7797,0,8
7798,9,9
7799,0,8
7800,2,3
7801,8,2
7802,7,5
7803,2,3
7804,5,4
7805,9,9
7806,1,1
7807,4,0
7808,9,7
7809,9,7
7810,6,8
7811,9,9
7812,9,9
7813,4,0
7814,6,8
7815,3,6
7816,4,0
7817,5,4
7818,8,2
7819,0,1
7820,7,5
7821,0,1
7822,5,9
7823,8,2
7824,6,8
7825,6,8
7826,5,4
7827,8,2
7828,1,1
7829,3,6
7830,4,0
7831,0,1
7832,1,3
7833,4,5
7834,1,1
7835,4,0
7836,6,8
7837,0,1
7838,1,1
7839,8,2
7840,7,5
7841,2,3
7842,2,5
7843,5,4
7844,6,8
7845,7,5
7846,4,0
7847,3,6
7848,7,5
7849,9,7
7850,1,1
7851,4,8
7852,9,7
7853,5,9
7854,5,4
7855,4,0
7856,2,8
7857,0,1
7858,4,0
7859,8,2
7860,1,1
7861,2,3
7862,2,3
7863,5,4
7864,5,4
7865,7,5
7866,9,7
7867,3,6
7868,3,6
7869,9,7
7870,8,2
7871,6,8
7872,6,8
7873,5,9
7874,4,0
7875,4,0
7876,1,1
7877,0,1
7878,2,3
7879,5,2
7880,3,6
7881,2,3
7882,4,0
7883,5,4
7884,7,5
7885,7,5
7886,2,9
7887,3,6
7888,7,5
7889,9,7
7890,5,9
7891,9,8
7892,4,0
7893,5,9
7894,4,0
7895,8,2
7896,1,1
7897,8,2
7898,1,1
7899,9,7
7900,2,5
7901,3,6
7902,7,5
7903,5,4
7904,5,9
7905,4,0
7906,9,7
7907,7,5
7908,6,8
7909,6,8
7910,1,1
7911,4,0
7912,1,1
7913,9,7
7914,5,4
7915,2,3
7916,8,2
7917,7,5
7918,6,8
7919,5,4
7920,2,2
7921,1,1
7922,5,9
7923,4,8
7924,5,8
7925,4,0
7926,3,6
7927,7,5
7928,6,8
7929,8,2
7930,4,0
7931,9,7
7932,4,0
7933,5,2
7934,4,0
7935,2,3
7936,1,9
7937,3,6
7938,1,1
7939,8,2
7940,9,9
7941,0,1
7942,8,2
7943,9,7
7944,4,0
7945,9,7
7946,5,9
7947,9,9
7948,4,0
7949,5,9
7950,9,7
7951,0,1
7952,5,9
7953,8,2
7954,4,0
7955,5,4
7956,6,8
7957,3,6
7958,5,4
7959,9,7
7960,8,2
7961,9,7
7962,3,5
7963,7,5
7964,7,5
7965,5,4
7966,2,3
7967,7,5
7968,3,6
7969,4,0
7970,3,6
7971,0,1
7972,7,6
7973,1,1
7974,5,4
7975,5,9
7976,2,3
7977,5,9
7978,4,0
7979,9,8
7980,2,3
7981,4,0
7982,2,3
7983,8,2
7984,5,4
7985,4,0
7986,8,2
7987,2,3
7988,7,5
7989,7,5
7990,3,6
7991,3,6
7992,9,7
7993,0,1
7994,9,7
7995,0,8
7996,0,1
7997,3,6
7998,2,5
7999,5,4
8000,4,0
8001,3,6
8002,8,2
8003,4,0
8004,3,6
8005,5,9
8006,5,4
8007,8,2
8008,6,8
8009,3,6
8010,7,5
8011,5,4
8012,9,3
8013,2,3
8014,2,3
8015,5,9
8016,4,0
8017,2,3
8018,2,3
8019,4,0
8020,9,7
8021,4,0
8022,7,5
8023,7,5
8024,8,2
8025,8,2
8026,5,4
8027,7,5
8028,4,0
8029,9,8
8030,5,9
8031,9,8
8032,1,1
8033,9,8
8034,3,6
8035,5,9
8036,5,9
8037,5,4
8038,9,7
8039,2,3
8040,1,1
8041,5,4
8042,3,6
8043,8,2
8044,9,7
8045,8,8
8046,4,0
8047,9,8
8048,2,3
8049,9,7
8050,4,0
8051,1,1
8052,2,3
8053,0,1
8054,2,3
8055,8,3
8056,7,5
8057,3,6
8058,8,2
8059,5,9
8060,5,9
8061,5,4
8062,2,5
8063,0,1
8064,3,6
8065,2,3
8066,5,9
8067,6,8
8068,9,7
8069,9,7
8070,1,1
8071,3,6
8072,3,6
8073,5,9
8074,3,6
8075,2,3
8076,3,6
8077,2,3
8078,8,2
8079,9,7
8080,1,1
8081,5,4
8082,8,2
8083,0,1
8084,9,7
8085,5,9
8086,5,4
8087,0,1
8088,4,0
8089,4,0
8090,9,7
8091,3,6
8092,1,1
8093,4,0
8094,2,3
8095,0,1
8096,4,0
8097,8,2
8098,4,0
8099,2,3
8100,3,6
8101,5,4
8102,8,2
8103,7,5
8104,7,5
8105,3,6
8106,1,1
8107,9,7
8108,4,0
8109,0,8
8110,4,0
8111,5,9
8112,0,1
8113,4,0
8114,5,7
8115,2,3
8116,4,0
8117,5,4
8118,2,8
8119,7,5
8120,9,3
8121,3,6
8122,7,3
8123,9,7
8124,1,1
8125,6,8
8126,7,5
8127,9,9
8128,2,5
8129,4,0
8130,9,7
8131,0,1
8132,6,8
8133,8,2
8134,4,0
8135,2,3
8136,6,8
8137,9,7
8138,9,7
8139,6,8
8140,3,6
8141,9,9
8142,9,7
8143,9,7
8144,5,7
8145,3,6
8146,3,6
8147,4,0
8148,2,8
8149,3,6
8150,3,6
8151,3,6
8152,8,2
8153,3,6
8154,8,2
8155,5,9
8156,1,1
8157,4,0
8158,4,0
8159,4,0
8160,1,1
8161,0,1
8162,1,1
8163,2,3
8164,2,3
8165,9,9
8166,1,1
8167,9,7
8168,9,7
8169,2,3
8170,9,7
8171,6,8
8172,4,0
8173,7,5
8174,5,4
8175,6,8
8176,1,1
8177,0,1
8178,2,5
8179,5,4
8180,1,1
8181,0,8
8182,9,7
8183,7,5
8184,2,3
8185,0,1
8186,9,7
8187,4,0
8188,2,3
8189,0,1
8190,3,5
8191,3,6
8192,2,3
8193,4,0
8194,1,1
8195,2,3
8196,9,7
8197,6,8
8198,9,7
8199,9,9
8200,5,3
8201,8,2
8202,1,2
8203,0,1
8204,8,2
8205,9,7
8206,3,6
8207,5,4
8208,5,4
8209,7,5
8210,6,8
8211,8,2
8212,8,2
8213,0,8
8214,5,7
8215,5,4
8216,5,9
8217,9,7
8218,1,1
8219,0,1
8220,9,9
8221,0,8
8222,1,1
8223,4,0
8224,3,6
8225,3,6
8226,2,2
8227,2,3
8228,1,3
8229,8,2
8230,2,3
8231,9,9
8232,9,7
8233,4,0
8234,2,8
8235,5,4
8236,2,3
8237,9,7
8238,5,9
8239,0,4
8240,5,4
8241,2,3
8242,6,8
8243,5,4
8244,5,9
8245,7,5
8246,2,3
8247,4,0
8248,9,7
8249,4,0
8250,4,0
8251,8,2
8252,7,5
8253,4,0
8254,1,3
8255,0,1
8256,9,7
8257,8,2
8258,0,1
8259,2,3
8260,7,5
8261,5,4
8262,4,0
8263,7,5
8264,2,3
8265,3,6
8266,5,4
8267,9,7
8268,5,7
8269,6,8
8270,5,4
8271,9,9
8272,4,0
8273,4,0
8274,4,0
8275,0,1
8276,5,9
8277,8,2
8278,5,4
8279,2,3
8280,9,7
8281,0,4
8282,3,6
8283,9,7
8284,4,0
8285,6,8
8286,9,7
8287,0,9
8288,4,0
8289,4,0
8290,3,6
8291,0,1
8292,8,2
8293,8,2
8294,4,0
8295,2,3
8296,1,1
8297,0,7
8298,5,4
8299,0,8
8300,6,8
8301,0,9
8302,9,7
8303,6,8
8304,4,0
8305,3,6
8306,6,8
8307,7,5
8308,5,9
8309,4,0
8310,6,8
8311,3,6
8312,3,6
8313,6,8
8314,4,6
8315,0,9
8316,5,9
8317,5,4
8318,5,9
8319,0,1
8320,2,5
8321,9,9
8322,5,9
8323,4,0
8324,6,8
8325,0,4
8326,3,6
8327,6,8
8328,3,6
8329,9,9
8330,1,1
8331,0,1
8332,1,1
8333,9,4
8334,8,2
8335,4,0
8336,3,6
8337,7,5
8338,2,3
8339,7,5
8340,6,8
8341,5,4
8342,8,2
8343,4,0
8344,5,4
8345,9,7
8346,5,4
8347,4,6
8348,1,1
8349,4,0
8350,2,3
8351,0,1
8352,3,6
8353,9,7
8354,4,0
8355,4,0
8356,5,9
8357,3,6
8358,5,9
8359,6,8
8360,2,3
8361,9,7
8362,9,7
8363,9,9
8364,9,7
8365,6,8
8366,1,8
8367,3,6
8368,4,0
8369,4,0
8370,5,4
8371,6,8
8372,8,2
8373,0,1
8374,8,2
8375,9,7
8376,3,6
8377,9,7
8378,6,8
8379,0,1
8380,5,4
8381,2,3
8382,1,1
8383,0,1
8384,3,6
8385,4,0
8386,6,8
8387,4,0
8388,0,1
8389,9,7
8390,8,2
8391,6,8
8392,7,5
8393,9,9
8394,1,1
8395,2,3
8396,9,7
8397,6,8
8398,3,6
8399,5,4
8400,5,4
8401,9,7
8402,1,1
8403,8,2
8404,5,9
8405,2,3
8406,2,3
8407,3,6
8408,5,9
8409,9,9
8410,3,6
8411,8,2
8412,5,4
8413,8,2
8414,3,5
8415,0,4
8416,5,9
8417,3,6
8418,1,1
8419,7,5
8420,3,6
8421,7,5
8422,1,1
8423,0,1
8424,5,9
8425,2,3
8426,7,5
8427,8,3
8428,1,2
8429,9,7
8430,0,1
8431,6,8
8432,6,8
8433,8,2
8434,7,5
8435,7,5
8436,9,7
8437,9,7
8438,5,4
8439,9,9
8440,5,9
8441,6,8
8442,5,9
8443,8,2
8444,9,7
8445,0,1
8446,8,2
8447,3,3
8448,5,9
8449,3,0
8450,2,3
8451,1,1
8452,1,1
8453,8,2
8454,3,6
8455,2,3
8456,1,1
8457,5,4
8458,1,4
8459,0,5
8460,8,2
8461,3,6
8462,3,6
8463,9,7
8464,1,1
8465,6,8
8466,5,4
8467,5,9
8468,5,9
8469,4,0
8470,1,2
8471,0,1
8472,4,0
8473,8,2
8474,8,2
8475,2,3
8476,9,7
8477,5,4
8478,3,6
8479,7,5
8480,0,2
8481,3,6
8482,6,8
8483,9,7
8484,5,9
8485,6,8
8486,1,1
8487,5,9
8488,7,6
8489,4,0
8490,8,2
8491,1,1
8492,5,9
8493,8,2
8494,2,3
8495,5,4
8496,6,8
8497,3,6
8498,2,3
8499,5,7
8500,3,6
8501,6,8
8502,9,7
8503,9,9
8504,7,5
8505,2,3
8506,1,1
8507,6,8
8508,5,4
8509,4,0
8510,5,9
8511,9,7
8512,0,1
8513,0,1
8514,9,9
8515,4,0
8516,5,7
8517,9,7
8518,5,9
8519,7,5
8520,2,8
8521,7,5
8522,2,8
8523,3,6
8524,2,3
8525,9,9
8526,3,6
8527,4,0
8528,2,3
8529,1,1
8530,1,1
8531,4,0
8532,3,6
8533,4,0
8534,5,4
8535,6,8
8536,6,8
8537,2,3
8538,1,1
8539,5,4
8540,4,0
8541,2,3
8542,1,1
8543,1,1
8544,2,3
8545,4,0
8546,3,6
8547,9,9
8548,7,5
8549,7,5
8550,1,1
8551,2,3
8552,3,2
8553,5,4
8554,2,3
8555,9,9
8556,9,7
8557,2,3
8558,9,9
8559,9,7
8560,5,4
8561,3,6
8562,9,7
8563,9,9
8564,8,2
8565,8,2
8566,9,7
8567,5,4
8568,2,3
8569,7,5
8570,5,4
8571,9,7
8572,9,7
8573,8,2
8574,1,1
8575,1,1
8576,9,7
8577,3,6
8578,1,1
8579,5,4
8580,5,4
8581,9,9
8582,2,2
8583,5,4
8584,2,8
8585,9,9
8586,5,9
8587,5,4
8588,1,1
8589,0,1
8590,3,6
8591,8,2
8592,5,9
8593,8,2
8594,9,7
8595,1,1
8596,5,7
8597,2,3
8598,8,2
8599,8,2
8600,1,4
8601,5,9
8602,1,1
8603,5,4
8604,9,7
8605,2,3
8606,2,3
8607,6,8
8608,5,9
8609,8,2
8610,1,1
8611,8,2
8612,4,0
8613,8,2
8614,8,2
8615,0,1
8616,9,7
8617,2,2
8618,6,8
8619,6,8
8620,5,9
8621,3,6
8622,5,4
8623,7,5
8624,7,5
8625,0,1
8626,5,9
8627,3,6
8628,4,6
8629,9,7
8630,5,9
8631,8,2
8632,8,2
8633,1,1
8634,5,4
8635,2,3
8636,3,6
8637,5,7
8638,4,6
8639,7,5
8640,8,2
8641,5,9
8642,7,5
8643,2,3
8644,5,4
8645,6,8
8646,2,5
8647,9,7
8648,1,1
8649,7,5
8650,5,4
8651,9,7
8652,1,1
8653,4,0
8654,5,9
8655,5,7
8656,3,5
8657,5,4
8658,3,6
8659,6,8
8660,1,1
8661,5,8
8662,6,8
8663,6,3
8664,1,1
8665,9,7
8666,6,8
8667,3,6
8668,2,5
8669,9,9
8670,0,2
8671,5,9
8672,2,3
8673,5,4
8674,5,9
8675,6,8
8676,7,5
8677,5,4
8678,1,1
8679,0,1
8680,4,8
8681,4,0
8682,4,0
8683,3,6
8684,2,3
8685,3,6
8686,6,8
8687,4,0
8688,3,6
8689,1,1
8690,0,8
8691,8,2
8692,3,6
8693,6,3
8694,0,8
8695,5,4
8696,5,4
8697,3,6
8698,5,7
8699,9,7
8700,2,3
8701,0,8
8702,5,9
8703,4,0
8704,1,1
8705,0,1
8706,5,4
8707,8,2
8708,2,3
8709,9,3
8710,2,3
8711,5,4
8712,3,5
8713,7,5
8714,4,9
8715,3,6
8716,2,3
8717,9,7
8718,9,7
8719,0,8
8720,3,6
8721,5,9
8722,6,8
8723,4,0
8724,4,0
8725,0,1
8726,3,6
8727,8,2
8728,7,5
8729,9,3
8730,1,8
8731,7,5
8732,1,8
8733,3,6
8734,7,5
8735,9,7
8736,2,9
8737,5,4
8738,1,1
8739,4,0
8740,8,2
8741,9,7
8742,8,2
8743,8,2
8744,2,5
8745,9,9
8746,6,8
8747,5,4
8748,7,5
8749,8,2
8750,5,9
8751,9,9
8752,8,2
8753,0,8
8754,4,0
8755,5,4
8756,2,3
8757,7,5
8758,9,7
8759,0,8
8760,0,1
8761,0,8
8762,2,3
8763,4,0
8764,6,8
8765,0,3
8766,7,5
8767,7,5
8768,5,4
8769,5,4
8770,3,6
8771,6,3
8772,9,1
8773,0,3
8774,3,6
8775,5,4
8776,5,9
8777,3,6
8778,1,1
8779,7,5
8780,2,8
8781,0,1
8782,6,8
8783,9,7
8784,8,2
8785,0,8
8786,1,3
8787,5,4
8788,4,0
8789,7,5
8790,1,3
8791,9,7
8792,3,6
8793,0,2
8794,2,3
8795,2,3
8796,5,4
8797,3,6
8798,9,7
8799,7,6
8800,2,3
8801,9,7
8802,5,9
8803,9,7
8804,9,7
8805,9,7
8806,0,1
8807,3,6
8808,2,3
8809,4,0
8810,8,2
8811,0,1
8812,4,0
8813,4,0
8814,3,6
8815,0,1
8816,7,3
8817,3,6
8818,2,3
8819,7,5
8820,3,6
8821,9,3
8822,3,6
8823,0,1
8824,2,3
8825,5,4
8826,4,6
8827,9,7
8828,9,7
8829,3,6
8830,2,3
8831,8,2
8832,5,4
8833,8,2
8834,8,2
8835,0,5
8836,1,1
8837,9,9
8838,4,0
8839,0,1
8840,5,4
8841,8,2
8842,5,4
8843,8,2
8844,8,2
8845,9,7
8846,3,6
8847,9,9
8848,4,6
8849,0,7
8850,3,6
8851,9,9
8852,8,2
8853,0,2
8854,9,4
8855,4,0
8856,7,5
8857,5,4
8858,8,2
8859,0,8
8860,7,6
8861,9,7
8862,3,6
8863,4,0
8864,8,2
8865,0,3
8866,1,7
8867,0,8
8868,3,6
8869,0,4
8870,3,6
8871,3,6
8872,5,4
8873,0,1
8874,5,4
8875,5,4
8876,7,5
8877,4,0
8878,1,2
8879,0,3
8880,2,3
8881,3,6
8882,2,3
8883,0,2
8884,2,3
8885,4,0
8886,8,2
8887,9,4
8888,2,3
8889,0,8
8890,5,4
8891,0,1
8892,1,8
8893,2,3
8894,4,0
8895,0,1
8896,4,0
8897,4,0
8898,7,6
8899,9,9
8900,7,5
8901,4,0
8902,5,9
8903,0,1
8904,8,1
8905,8,2
8906,5,4
8907,2,3
8908,3,6
8909,7,5
8910,9,7
8911,3,6
8912,4,0
8913,9,7
8914,5,4
8915,6,8
8916,1,1
8917,4,0
8918,5,8
8919,0,1
8920,9,8
8921,8,2
8922,1,2
8923,2,3
8924,1,2
8925,5,4
8926,4,0
8927,7,5
8928,6,8
8929,3,6
8930,5,4
8931,9,7
8932,4,0
8933,6,8
8934,1,1
8935,4,0
8936,2,3
8937,0,1
8938,7,5
8939,8,2
8940,3,6
8941,2,3
8942,3,6
8943,5,4
8944,5,4
8945,7,5
8946,2,3
8947,3,6
8948,2,3
8949,9,7
8950,5,4
8951,6,8
8952,8,2
8953,9,9
8954,4,7
8955,6,8
8956,5,4
8957,2,3
8958,2,3
8959,9,7
8960,8,2
8961,4,0
8962,5,4
8963,1,1
8964,5,4
8965,9,7
8966,9,2
8967,2,3
8968,5,9
8969,4,0
8970,1,1
8971,9,9
8972,8,2
8973,5,4
8974,3,6
8975,7,5
8976,2,3
8977,8,2
8978,9,2
8979,4,0
8980,9,7
8981,3,6
8982,4,0
8983,8,2
8984,1,1
8985,1,1
8986,2,5
8987,1,1
8988,7,5
8989,1,1
8990,9,7
8991,9,7
8992,1,1
8993,8,2
8994,3,6
8995,5,4
8996,5,4
8997,8,2
8998,5,9
8999,5,9
9000,3,6
9001,9,7
9002,9,9
9003,4,0
9004,2,3
9005,4,0
9006,2,3
9007,9,7
9008,8,8
9009,7,5
9010,3,6
9011,0,1
9012,1,1
9013,0,1
9014,6,8
9015,3,6
9016,3,6
9017,0,1
9018,4,0
9019,6,8
9020,6,8
9021,8,2
9022,9,7
9023,9,7
9024,3,6
9025,5,4
9026,5,4
9027,4,0
9028,3,5
9029,5,4
9030,5,4
9031,8,2
9032,4,0
9033,7,5
9034,4,0
9035,4,0
9036,8,2
9037,2,3
9038,4,0
9039,1,1
9040,5,4
9041,9,9
9042,3,6
9043,0,1
9044,7,5
9045,1,1
9046,5,4
9047,4,0
9048,4,0
9049,3,6
9050,6,8
9051,9,9
9052,9,7
9053,2,3
9054,8,2
9055,4,0
9056,4,0
9057,6,8
9058,3,6
9059,2,3
9060,9,7
9061,9,9
9062,7,5
9063,3,6
9064,2,5
9065,2,3
9066,5,9
9067,4,0
9068,3,6
9069,1,1
9070,5,9
9071,5,4
9072,1,1
9073,2,5
9074,2,3
9075,3,6
9076,6,8
9077,9,7
9078,2,3
9079,6,8
9080,2,3
9081,5,9
9082,9,7
9083,4,0
9084,2,5
9085,1,1
9086,9,7
9087,8,2
9088,6,8
9089,2,3
9090,3,6
9091,5,4
9092,8,2
9093,7,5
9094,3,6
9095,3,6
9096,2,5
9097,1,7
9098,2,2
9099,6,8
9100,5,4
9101,4,0
9102,9,7
9103,1,1
9104,1,2
9105,8,2
9106,1,1
9107,2,3
9108,9,4
9109,5,4
9110,1,1
9111,7,5
9112,6,8
9113,3,6
9114,5,9
9115,9,7
9116,5,4
9117,6,8
9118,5,9
9119,9,9
9120,3,6
9121,1,1
9122,5,9
9123,3,6
9124,2,5
9125,6,8
9126,3,6
9127,5,9
9128,5,9
9129,5,9
9130,1,1
9131,4,0
9132,9,9
9133,1,1
9134,6,8
9135,8,2
9136,1,1
9137,5,4
9138,7,5
9139,5,4
9140,2,3
9141,9,3
9142,4,0
9143,9,7
9144,3,6
9145,5,4
9146,2,3
9147,3,4
9148,5,4
9149,5,4
9150,5,9
9151,4,0
9152,4,8
9153,2,3
9154,6,8
9155,6,8
9156,3,6
9157,9,7
9158,4,0
9159,7,5
9160,7,5
9161,1,1
9162,9,7
9163,7,5
9164,1,8
9165,6,8
9166,4,0
9167,5,9
9168,2,3
9169,8,2
9170,7,5
9171,7,5
9172,5,4
9173,1,1
9174,3,6
9175,1,1
9176,5,9
9177,3,6
9178,2,8
9179,8,2
9180,2,3
9181,1,1
9182,2,3
9183,2,3
9184,2,3
9185,6,8
9186,8,2
9187,3,6
9188,9,7
9189,5,4
9190,5,4
9191,5,9
9192,2,3
9193,4,2
9194,4,0
9195,4,0
9196,4,0
9197,4,0
9198,9,7
9199,1,1
9200,9,7
9201,3,6
9202,3,6
9203,8,2
9204,4,0
9205,7,5
9206,3,6
9207,7,5
9208,6,8
9209,4,0
9210,3,6
9211,1,2
9212,8,2
9213,6,8
9214,9,7
9215,4,0
9216,1,4
9217,3,6
9218,8,2
9219,1,8
9220,9,8
9221,1,1
9222,4,0
9223,9,7
9224,9,7
9225,5,9
9226,2,3
9227,1,1
9228,7,5
9229,5,9
9230,2,3
9231,8,2
9232,7,5
9233,3,6
9234,6,8
9235,1,7
9236,7,5
9237,3,6
9238,5,9
9239,3,6
9240,1,1
9241,6,8
9242,8,2
9243,9,7
9244,3,6
9245,5,4
9246,8,2
9247,5,9
9248,6,2
9249,8,2
9250,6,8
9251,1,1
9252,8,2
9253,2,3
9254,3,6
9255,2,3
9256,1,1
9257,4,0
9258,8,2
9259,7,5
9260,1,1
9261,7,5
9262,3,6
9263,9,7
9264,1,1
9265,5,9
9266,6,2
9267,9,7
9268,2,3
9269,4,0
9270,9,7
9271,8,2
9272,2,3
9273,9,7
9274,9,7
9275,5,9
9276,9,7
9277,1,1
9278,2,3
9279,2,3
9280,3,6
9281,3,6
9282,5,4
9283,9,7
9284,8,2
9285,6,8
9286,9,7
9287,4,0
9288,1,1
9289,2,3
9290,5,9
9291,7,5
9292,1,1
9293,2,3
9294,9,3
9295,3,6
9296,4,0
9297,4,0
9298,0,1
9299,0,1
9300,2,3
9301,8,2
9302,7,3
9303,2,3
9304,5,9
9305,3,6
9306,5,9
9307,9,7
9308,5,9
9309,6,8
9310,4,0
9311,5,9
9312,1,1
9313,4,0
9314,6,8
9315,1,1
9316,3,6
9317,8,2
9318,8,2
9319,2,3
9320,7,5
9321,5,4
9322,4,0
9323,7,5
9324,2,3
9325,3,6
9326,2,5
9327,9,7
9328,7,5
9329,4,0
9330,0,5
9331,0,1
9332,0,1
9333,8,2
9334,6,8
9335,2,3
9336,4,5
9337,5,4
9338,3,6
9339,7,5
9340,2,5
9341,3,6
9342,4,0
9343,9,7
9344,3,5
9345,6,8
9346,5,9
9347,9,9
9348,5,4
9349,6,8
9350,1,1
9351,9,7
9352,7,5
9353,5,4
9354,1,1
9355,2,3
9356,9,7
9357,5,9
9358,6,8
9359,6,8
9360,8,2
9361,6,8
9362,5,4
9363,2,3
9364,2,8
9365,0,1
9366,7,5
9367,7,5
9368,7,5
9369,6,8
9370,1,4
9371,8,2
9372,2,9
9373,9,7
9374,8,2
9375,5,4
9376,7,5
9377,8,2
9378,1,1
9379,3,6
9380,2,3
9381,7,5
9382,9,7
9383,8,2
9384,7,5
9385,5,4
9386,2,3
9387,7,5
9388,5,4
9389,3,6
9390,4,9
9391,5,4
9392,5,4
9393,0,1
9394,5,9
9395,9,7
9396,8,2
9397,7,5
9398,2,2
9399,0,1
9400,2,3
9401,2,3
9402,4,0
9403,2,3
9404,0,1
9405,3,6
9406,4,0
9407,9,9
9408,2,8
9409,3,6
9410,5,4
9411,2,3
9412,2,3
9413,2,3
9414,2,5
9415,1,1
9416,9,7
9417,3,6
9418,2,3
9419,2,5
9420,2,3
9421,3,6
9422,4,0
9423,1,1
9424,2,3
9425,5,9
9426,5,7
9427,2,3
9428,4,9
9429,9,7
9430,1,1
9431,5,4
9432,9,7
9433,5,7
9434,9,7
9435,4,0
9436,5,4
9437,5,9
9438,3,6
9439,4,0
9440,4,0
9441,4,0
9442,5,4
9443,2,3
9444,9,7
9445,9,7
9446,3,6
9447,9,9
9448,2,9
9449,8,2
9450,3,5
9451,4,0
9452,4,0
9453,0,1
9454,9,7
9455,4,0
9456,4,0
9457,0,1
9458,4,0
9459,4,0
9460,3,6
9461,5,4
9462,7,5
9463,4,0
9464,7,5
9465,5,4
9466,2,3
9467,9,7
9468,3,6
9469,9,9
9470,9,7
9471,8,2
9472,5,2
9473,4,0
9474,1,1
9475,3,6
9476,4,0
9477,8,2
9478,4,0
9479,8,2
9480,1,1
9481,9,9
9482,2,3
9483,9,9
9484,8,2
9485,4,0
9486,3,6
9487,1,1
9488,8,2
9489,8,2
9490,6,8
9491,2,3
9492,1,1
9493,5,4
9494,9,7
9495,7,5
9496,5,4
9497,3,6
9498,9,7
9499,5,7
9500,3,6
9501,6,8
9502,9,7
9503,5,9
9504,9,9
9505,4,0
9506,4,0
9507,1,1
9508,8,2
9509,8,2
9510,9,7
9511,2,3
9512,3,6
9513,5,4
9514,2,5
9515,7,5
9516,2,3
9517,3,6
9518,2,2
9519,9,7
9520,2,3
9521,6,8
9522,9,7
9523,4,0
9524,4,0
9525,1,1
9526,7,6
9527,8,2
9528,6,8
9529,2,3
9530,4,0
9531,7,5
9532,5,9
9533,3,6
9534,1,6
9535,5,7
9536,5,4
9537,6,8
9538,9,7
9539,7,5
9540,1,1
9541,5,4
9542,1,2
9543,6,8
9544,4,0
9545,9,7
9546,8,2
9547,5,4
9548,9,7
9549,5,7
9550,1,1
9551,9,7
9552,4,0
9553,2,3
9554,0,8
9555,5,9
9556,3,6
9557,6,8
9558,3,4
9559,6,8
9560,9,7
9561,2,3
9562,1,1
9563,1,1
9564,6,8
9565,7,5
9566,5,4
9567,6,8
9568,7,5
9569,8,2
9570,1,1
9571,9,7
9572,8,2
9573,5,4
9574,3,6
9575,8,2
9576,3,6
9577,3,6
9578,7,5
9579,1,1
9580,3,6
9581,7,5
9582,9,7
9583,8,2
9584,1,1
9585,5,4
9586,5,4
9587,7,5
9588,1,7
9589,7,5
9590,1,1
9591,6,8
9592,2,3
9593,3,6
9594,6,8
9595,5,4
9596,3,6
9597,5,4
9598,5,7
9599,1,1
9600,8,2
9601,6,8
9602,9,3
9603,9,7
9604,8,2
9605,7,5
9606,9,7
9607,7,5
9608,5,8
9609,1,1
9610,2,3
9611,6,8
9612,2,3
9613,5,9
9614,5,9
9615,1,1
9616,1,1
9617,2,3
9618,1,1
9619,3,6
9620,2,3
9621,2,3
9622,0,1
9623,2,3
9624,2,3
9625,8,2
9626,5,4
9627,8,2
9628,1,1
9629,3,6
9630,5,9
9631,5,9
9632,5,4
9633,5,9
9634,5,4
9635,3,6
9636,2,3
9637,2,3
9638,2,3
9639,2,3
9640,6,8
9641,0,8
9642,5,9
9643,1,1
9644,9,7
9645,3,6
9646,7,5
9647,7,5
9648,2,3
9649,3,6
9650,6,8
9651,0,8
9652,7,5
9653,1,1
9654,5,9
9655,5,9
9656,9,7
9657,9,7
9658,8,2
9659,3,6
9660,9,7
9661,6,8
9662,3,6
9663,2,3
9664,2,3
9665,5,7
9666,4,0
9667,5,4
9668,8,2
9669,9,7
9670,2,3
9671,4,0
9672,8,2
9673,5,9
9674,0,1
9675,4,0
9676,9,7
9677,3,0
9678,1,1
9679,2,3
9680,2,3
9681,5,7
9682,8,2
9683,5,9
9684,7,5
9685,2,3
9686,5,8
9687,4,0
9688,4,0
9689,8,2
9690,7,5
9691,4,0
9692,3,6
9693,1,1
9694,6,8
9695,4,0
9696,2,3
9697,1,1
9698,4,0
9699,4,0
9700,3,6
9701,5,4
9702,3,6
9703,4,0
9704,5,4
9705,1,1
9706,2,3
9707,4,0
9708,5,9
9709,5,4
9710,4,0
9711,9,7
9712,8,2
9713,5,9
9714,5,4
9715,8,2
9716,9,7
9717,4,0
9718,5,4
9719,3,6
9720,4,0
9721,8,2
9722,8,2
9723,3,6
9724,9,7
9725,8,2
9726,6,8
9727,4,2
9728,5,9
9729,5,9
9730,2,3
9731,5,9
9732,6,8
9733,4,0
9734,1,1
9735,0,1
9736,8,2
9737,8,2
9738,7,5
9739,2,3
9740,5,7
9741,5,4
9742,4,0
9743,7,5
9744,4,0
9745,3,6
9746,5,4
9747,9,7
9748,1,2
9749,6,8
9750,4,0
9751,9,9
9752,5,9
9753,4,0
9754,5,9
9755,0,1
9756,6,2
9757,8,2
9758,5,9
9759,2,3
9760,3,6
9761,5,4
9762,6,8
9763,7,5
9764,6,8
9765,3,6
9766,2,3
9767,9,7
9768,9,7
9769,6,8
9770,7,5
9771,9,9
9772,8,2
9773,4,0
9774,1,7
9775,0,1
9776,8,2
9777,8,2
9778,2,3
9779,2,3
9780,8,2
9781,5,4
9782,7,8
9783,7,5
9784,9,9
9785,3,6
9786,2,3
9787,9,7
9788,8,7
9789,6,8
9790,4,0
9791,9,9
9792,6,8
9793,9,7
9794,2,8
9795,5,4
9796,1,1
9797,2,3
9798,3,6
9799,6,8
9800,7,5
9801,7,5
9802,3,6
9803,1,1
9804,1,1
9805,6,8
9806,4,0
9807,7,5
9808,3,6
9809,8,2
9810,5,9
9811,6,8
9812,2,3
9813,3,6
9814,3,5
9815,1,1
9816,3,6
9817,9,9
9818,3,6
9819,8,2
9820,4,0
9821,5,4
9822,4,0
9823,4,0
9824,7,5
9825,9,9
9826,8,2
9827,5,9
9828,3,6
9829,2,3
9830,1,2
9831,9,7
9832,6,8
9833,9,7
9834,4,0
9835,9,9
9836,8,2
9837,0,1
9838,5,9
9839,6,8
9840,4,0
9841,8,2
9842,1,1
9843,9,7
9844,6,8
9845,7,5
9846,5,9
9847,6,8
9848,2,3
9849,7,5
9850,8,2
9851,2,3
9852,6,8
9853,8,2
9854,9,7
9855,8,2
9856,1,1
9857,4,0
9858,2,5
9859,7,5
9860,3,6
9861,6,8
9862,8,2
9863,3,6
9864,2,3
9865,4,0
9866,6,8
9867,0,4
9868,2,3
9869,4,0
9870,9,9
9871,2,3
9872,3,6
9873,6,8
9874,4,0
9875,0,1
9876,5,9
9877,4,0
9878,9,7
9879,2,3
9880,5,4
9881,4,0
9882,9,7
9883,5,4
9884,1,1
9885,9,7
9886,9,7
9887,5,4
9888,9,7
9889,9,9
9890,4,0
9891,8,2
9892,3,6
9893,9,9
9894,8,2
9895,0,1
9896,5,9
9897,8,2
9898,2,5
9899,7,5
9900,6,8
9901,9,7
9902,1,1
9903,1,1
9904,2,3
9905,9,7
9906,1,1
9907,1,1
9908,9,7
9909,3,6
9910,1,1
9911,9,7
9912,8,2
9913,2,3
9914,4,0
9915,2,3
9916,2,3
9917,3,6
9918,0,8
9919,7,5
9920,5,4
9921,3,6
9922,4,0
9923,8,2
9924,1,8
9925,6,8
9926,3,6
9927,9,7
9928,3,6
9929,3,6
9930,1,1
9931,5,4
9932,7,3
9933,9,9
9934,4,0
9935,6,8
9936,6,8
9937,6,8
9938,5,9
9939,8,2
9940,9,4
9941,5,9
9942,1,1
9943,3,6
9944,6,8
9945,7,5
9946,3,6
9947,7,5
9948,5,8
9949,9,9
9950,5,9
9951,7,5
9952,7,8
9953,2,3
9954,9,7
9955,9,7
9956,2,8
9957,5,4
9958,7,5
9959,2,3
9960,1,1
9961,3,6
9962,8,2
9963,4,0
9964,8,2
9965,4,0
9966,4,0
9967,3,6
9968,5,9
9969,9,9
9970,6,8
9971,4,0
9972,1,2
9973,0,1
9974,2,3
9975,0,1
9976,5,4
9977,2,3
9978,4,0
9979,8,2
9980,5,4
9981,0,1
9982,6,8
9983,4,0
9984,5,4
9985,4,0
9986,4,0
9987,1,1
9988,9,7
9989,8,2
9990,9,7
9991,2,3
9992,9,7
9993,5,4
9994,4,0
9995,7,5
9996,6,8
9997,3,6
9998,5,9
9999,9,7
10000,2,3
10001,6,8
10002,9,7
10003,5,9
10004,5,9
10005,4,0
10006,1,1
10007,0,1
10008,7,5
10009,8,2
10010,4,0
10011,2,3
10012,2,8
10013,5,4
10014,5,7
10015,7,5
10016,8,2
10017,3,6
10018,5,4
10019,9,7
10020,1,1
10021,0,8
10022,4,0
10023,5,9
10024,8,2
10025,4,0
10026,4,0
10027,0,1
10028,5,9
10029,8,2
10030,7,5
10031,2,3
10032,3,6
10033,5,4
10034,2,3
10035,7,5
10036,3,6
10037,3,6
10038,5,9
10039,9,7
10040,1,1
10041,6,8
10042,8,3
10043,9,9
10044,7,6
10045,4,0
10046,9,7
10047,5,9
10048,1,1
10049,7,5
10050,9,7
10051,7,5
10052,2,3
10053,3,6
10054,6,8
10055,9,9
10056,7,5
10057,6,8
10058,1,1
10059,9,9
10060,5,4
10061,0,8
10062,2,5
10063,9,7
10064,5,8
10065,7,5
10066,6,8
10067,0,1
10068,1,1
10069,4,0
10070,5,9
10071,4,0
10072,8,2
10073,8,2
10074,2,3
10075,8,2
10076,3,6
10077,9,7
10078,8,2
10079,7,8
10080,4,0
10081,8,2
10082,8,2
10083,4,0
10084,8,2
10085,1,1
10086,5,7
10087,8,2
10088,5,9
10089,0,6
10090,8,2
10091,2,3
10092,7,5
10093,2,3
10094,5,9
10095,9,7
10096,9,7
10097,2,3
10098,1,1
10099,2,3
10100,8,2
10101,3,6
10102,5,9
10103,1,4
10104,5,4
10105,5,9
10106,8,2
10107,4,0
10108,7,6
10109,9,9
10110,1,1
10111,7,5
10112,5,9
10113,8,2
10114,5,4
10115,6,8
10116,9,3
10117,8,2
10118,1,1
10119,4,0
10120,4,0
10121,4,0
10122,8,2
10123,0,1
10124,6,8
10125,2,3
10126,6,8
10127,8,2
10128,4,0
10129,0,1
10130,8,2
10131,9,7
10132,5,9
10133,5,4
10134,0,1
10135,3,6
10136,1,1
10137,2,3
10138,8,2
10139,0,1
10140,4,0
10141,2,3
10142,5,9
10143,9,9
10144,2,3
10145,0,1
10146,7,5
10147,9,7
10148,9,7
10149,3,6
10150,5,4
10151,6,8
10152,1,1
10153,5,4
10154,9,7
10155,2,3
10156,0,1
10157,0,1
10158,8,2
10159,0,4
10160,9,7
10161,2,3
10162,7,5
10163,3,6
10164,3,6
10165,9,9
10166,5,9
10167,4,0
10168,4,0
10169,0,1
10170,9,7
10171,9,7
10172,0,4
10173,7,5
10174,3,6
10175,5,4
10176,4,0
10177,5,4
10178,9,7
10179,9,7
10180,1,1
10181,9,7
10182,7,5
10183,5,9
10184,5,9
10185,7,5
10186,5,9
10187,0,8
10188,4,0
10189,6,8
10190,3,6
10191,0,4
10192,2,5
10193,9,9
10194,8,2
10195,0,0
10196,5,4
10197,0,8
10198,5,9
10199,9,9
10200,8,2
10201,0,8
10202,4,7
10203,4,0
10204,4,0
10205,6,1
10206,2,3
10207,8,2
10208,5,9
10209,5,4
10210,2,3
10211,6,5
10212,5,4
10213,3,6
10214,2,3
10215,9,7
10216,5,4
10217,6,8
10218,3,6
10219,9,9
10220,1,1
10221,4,0
10222,6,8
10223,0,1
10224,3,6
10225,5,4
10226,2,5
10227,7,5
10228,8,2
10229,3,6
10230,4,0
10231,9,7
10232,5,9
10233,6,8
10234,3,6
10235,9,9
10236,5,4
10237,4,0
10238,2,3
10239,0,1
10240,4,0
10241,5,4
10242,4,0
10243,9,7
10244,3,5
10245,4,0
10246,3,6
10247,5,9
10248,1,1
10249,5,9
10250,6,8
10251,9,7
10252,5,4
10253,9,7
10254,4,0
10255,7,5
10256,2,2
10257,0,1
10258,2,5
10259,4,0
10260,2,3
10261,4,0
10262,5,4
10263,9,7
10264,8,2
10265,4,0
10266,1,1
10267,0,1
10268,0,1
10269,5,4
10270,3,6
10271,3,6
10272,4,0
10273,6,6
10274,6,8
10275,7,6
10276,4,0
10277,7,5
10278,2,3
10279,8,2
10280,7,5
10281,6,8
10282,6,3
10283,4,0
10284,5,9
10285,0,1
10286,2,5
10287,9,7
10288,2,5
10289,3,6
10290,1,1
10291,8,2
10292,5,9
10293,1,1
10294,3,6
10295,9,7
10296,9,7
10297,9,7
10298,7,6
10299,3,6
10300,8,2
10301,0,1
10302,9,7
10303,5,4
10304,4,6
10305,9,9
10306,5,9
10307,3,6
10308,8,2
10309,9,7
10310,5,4
10311,5,4
10312,6,2
10313,5,4
10314,2,3
10315,9,7
10316,2,5
10317,8,2
10318,1,1
10319,9,8
10320,5,4
10321,8,2
10322,2,3
10323,4,0
10324,9,7
10325,1,1
10326,4,0
10327,8,2
10328,2,3
10329,2,3
10330,2,3
10331,5,4
10332,3,6
10333,7,5
10334,4,0
10335,3,6
10336,5,9
10337,9,7
10338,5,4
10339,6,8
10340,4,0
10341,5,9
10342,1,1
10343,4,0
10344,3,6
10345,0,1
10346,1,1
10347,8,2
10348,4,0
10349,2,3
10350,5,4
10351,5,4
10352,4,0
10353,7,5
10354,8,2
10355,3,6
10356,3,6
10357,9,7
10358,1,8
10359,6,8
10360,2,3
10361,5,9
10362,1,1
10363,4,0
10364,1,1
10365,0,1
10366,4,0
10367,8,2
10368,8,2
10369,2,3
10370,2,5
10371,5,4
10372,4,0
10373,7,5
10374,5,9
10375,3,6
10376,1,1
10377,9,7
10378,1,1
10379,6,8
10380,4,0
10381,9,9
10382,5,9
10383,3,6
10384,4,0
10385,7,5
10386,7,5
10387,9,9
10388,9,7
10389,2,3
10390,2,3
10391,5,4
10392,9,7
10393,2,3
10394,9,7
10395,6,8
10396,5,4
10397,7,5
10398,6,8
10399,0,1
10400,3,5
10401,7,5
10402,2,3
10403,8,2
10404,1,1
10405,2,3
10406,8,2
10407,4,0
10408,9,7
10409,0,1
10410,9,9
10411,8,2
10412,3,5
10413,0,1
10414,5,9
10415,2,3
10416,1,1
10417,8,2
10418,3,6
10419,3,6
10420,1,1
10421,7,5
10422,6,8
10423,2,3
10424,2,3
10425,4,0
10426,6,8
10427,9,7
10428,5,9
10429,8,2
10430,2,3
10431,9,7
10432,7,5
10433,5,4
10434,7,5
10435,3,6
10436,8,2
10437,5,4
10438,2,9
10439,4,0
10440,3,6
10441,7,5
10442,3,6
10443,5,9
10444,6,8
10445,5,9
10446,2,8
10447,6,8
10448,1,1
10449,9,9
10450,2,3
10451,7,5
10452,3,6
10453,2,3
10454,2,3
10455,0,1
10456,4,0
10457,9,7
10458,1,1
10459,5,4
10460,5,4
10461,9,7
10462,5,4
10463,3,6
10464,8,2
10465,2,5
10466,2,3
10467,5,4
10468,0,1
10469,4,0
10470,2,3
10471,4,0
10472,8,2
10473,3,6
10474,9,7
10475,3,6
10476,8,2
10477,8,2
10478,5,9
10479,4,0
10480,5,9
10481,3,6
10482,6,8
10483,2,3
10484,3,6
10485,9,7
10486,6,8
10487,9,7
10488,4,0
10489,5,4
10490,6,8
10491,5,4
10492,7,5
10493,2,3
10494,5,4
10495,5,9
10496,9,7
10497,8,2
10498,7,5
10499,6,8
10500,1,1
10501,5,9
10502,8,2
10503,3,6
10504,5,4
10505,4,0
10506,7,5
10507,9,9
10508,1,1
10509,7,5
10510,9,7
10511,2,3
10512,3,6
10513,6,8
10514,1,2
10515,6,8
10516,5,9
10517,9,7
10518,2,3
10519,0,1
10520,2,3
10521,5,4
10522,5,7
10523,4,0
10524,5,9
10525,5,4
10526,8,2
10527,2,3
10528,8,2
10529,5,9
10530,4,0
10531,4,0
10532,3,6
10533,9,7
10534,3,6
10535,8,2
10536,7,5
10537,0,1
10538,7,5
10539,5,9
10540,3,6
10541,0,1
10542,4,0
10543,7,5
10544,5,7
10545,0,1
10546,7,5
10547,9,7
10548,9,7
10549,5,4
10550,3,6
10551,6,8
10552,3,6
10553,7,6
10554,8,2
10555,0,1
10556,1,1
10557,3,6
10558,5,4
10559,6,8
10560,5,4
10561,6,8
10562,1,1
10563,4,0
10564,4,0
10565,0,1
10566,2,5
10567,8,2
10568,0,1
10569,2,3
10570,8,2
10571,5,4
10572,6,8
10573,9,7
10574,8,2
10575,6,8
10576,5,9
10577,9,9
10578,7,5
10579,4,0
10580,1,1
10581,0,1
10582,8,2
10583,8,2
10584,6,8
10585,2,3
10586,7,5
10587,5,4
10588,5,9
10589,7,5
10590,9,7
10591,3,6
10592,6,8
10593,9,7
10594,5,4
10595,6,8
10596,6,8
10597,9,9
10598,7,5
10599,4,0
10600,3,6
10601,0,1
10602,1,1
10603,8,2
10604,4,0
10605,2,3
10606,2,3
10607,5,4
10608,2,3
10609,9,7
10610,2,5
10611,6,8
10612,5,4
10613,9,9
10614,5,9
10615,0,1
10616,6,2
10617,3,6
10618,5,4
10619,6,8
10620,8,2
10621,9,9
10622,3,5
10623,5,9
10624,1,1
10625,4,0
10626,5,4
10627,0,1
10628,6,8
10629,8,2
10630,3,6
10631,1,4
10632,6,8
10633,5,4
10634,5,4
10635,2,3
10636,5,4
10637,9,7
10638,1,1
10639,5,4
10640,9,7
10641,0,4
10642,5,4
10643,5,4
10644,2,3
10645,4,0
10646,9,9
10647,2,3
10648,9,7
10649,6,8
10650,3,6
10651,9,7
10652,7,5
10653,7,5
10654,7,6
10655,6,8
10656,2,5
10657,8,2
10658,5,9
10659,1,1
10660,5,9
10661,7,5
10662,1,1
10663,6,8
10664,4,0
10665,7,5
10666,2,3
10667,0,1
10668,2,3
10669,0,1
10670,5,4
10671,3,6
10672,3,6
10673,8,2
10674,2,3
10675,0,1
10676,2,3
10677,2,3
10678,2,3
10679,5,4
10680,8,2
10681,9,9
10682,9,7
10683,0,4
10684,1,1
10685,9,9
10686,1,1
10687,8,2
10688,8,2
10689,4,0
10690,5,4
10691,4,0
10692,0,1
10693,5,4
10694,6,8
10695,5,4
10696,2,3
10697,3,6
10698,3,6
10699,8,2
10700,4,0
10701,7,5
10702,9,7
10703,7,5
10704,5,4
10705,4,0
10706,5,9
10707,8,2
10708,9,7
10709,3,6
10710,5,8
10711,6,8
10712,1,1
10713,0,1
10714,8,2
10715,9,7
10716,1,7
10717,9,9
10718,9,7
10719,0,1
10720,6,8
10721,9,9
10722,5,9
10723,8,2
10724,5,4
10725,3,6
10726,5,8
10727,9,7
10728,2,3
10729,3,6
10730,2,3
10731,3,6
10732,4,0
10733,6,8
10734,2,3
10735,9,7
10736,3,4
10737,5,4
10738,6,8
10739,8,2
10740,7,5
10741,0,1
10742,3,5
10743,2,3
10744,9,7
10745,2,3
10746,1,9
10747,4,0
10748,3,6
10749,7,5
10750,4,0
10751,7,5
10752,5,9
10753,6,8
10754,3,6
10755,4,0
10756,7,3
10757,2,3
10758,5,4
10759,9,7
10760,2,3
10761,9,9
10762,2,3
10763,9,7
10764,2,5
10765,2,3
10766,8,2
10767,3,6
10768,5,4
10769,9,7
10770,7,5
10771,6,8
10772,5,9
10773,4,0
10774,6,6
10775,2,3
10776,8,2
10777,7,5
10778,5,4
10779,2,3
10780,5,9
10781,4,0
10782,7,5
10783,1,1
10784,5,9
10785,8,2
10786,3,6
10787,2,3
10788,9,7
10789,5,4
10790,7,6
10791,7,5
10792,3,6
10793,3,6
10794,5,9
10795,9,7
10796,2,3
10797,6,8
10798,2,5
10799,5,9
10800,2,8
10801,4,0
10802,8,2
10803,0,1
10804,7,5
10805,8,2
10806,4,0
10807,2,3
10808,5,9
10809,5,4
10810,5,9
10811,7,5
10812,5,4
10813,3,6
10814,7,5
10815,9,7
10816,3,6
10817,6,8
10818,6,8
10819,5,9
10820,5,9
10821,4,0
10822,2,5
10823,0,1
10824,9,2
10825,8,2
10826,2,3
10827,2,3
10828,9,7
10829,5,4
10830,2,3
10831,7,5
10832,5,4
10833,3,6
10834,1,1
10835,9,7
10836,3,6
10837,6,8
10838,1,1
10839,9,9
10840,4,0
10841,9,7
10842,1,1
10843,3,6
10844,4,0
10845,5,4
10846,6,2
10847,2,3
10848,9,9
10849,4,0
10850,5,4
10851,3,6
10852,2,1
10853,3,6
10854,5,4
10855,3,6
10856,6,8
10857,9,9
10858,5,4
10859,4,0
10860,5,9
10861,4,0
10862,6,8
10863,1,1
10864,9,7
10865,2,3
10866,2,8
10867,9,9
10868,1,1
10869,5,4
10870,5,4
10871,7,5
10872,2,3
10873,9,7
10874,4,0
10875,9,9
10876,2,3
10877,7,5
10878,1,1
10879,3,6
10880,2,3
10881,6,8
10882,2,3
10883,9,9
10884,0,5
10885,1,1
10886,1,1
10887,2,3
10888,5,4
10889,6,8
10890,5,7
10891,7,5
10892,1,1
10893,9,7
10894,1,5
10895,6,8
10896,2,3
10897,0,1
10898,8,2
10899,5,4
10900,2,3
10901,6,8
10902,2,3
10903,7,5
10904,7,5
10905,6,8
10906,5,9
10907,0,1
10908,5,4
10909,4,0
10910,3,6
10911,9,7
10912,5,4
10913,3,6
10914,4,0
10915,0,1
10916,4,0
10917,3,6
10918,5,4
10919,4,0
10920,8,2
10921,2,3
10922,1,1
10923,9,4
10924,4,0
10925,3,6
10926,1,1
10927,0,8
10928,5,4
10929,5,9
10930,3,6
10931,8,2
10932,1,7
10933,1,1
10934,5,9
10935,9,7
10936,5,8
10937,5,4
10938,3,0
10939,7,5
10940,1,7
10941,8,2
10942,5,4
10943,7,5
10944,7,9
10945,8,2
10946,9,7
10947,0,1
10948,6,8
10949,8,2
10950,3,6
10951,9,9
10952,5,4
10953,2,3
10954,7,5
10955,9,9
10956,3,6
10957,8,2
10958,2,5
10959,8,2
10960,5,4
10961,7,5
10962,8,2
10963,6,8
10964,5,4
10965,9,7
10966,2,3
10967,5,4
10968,3,6
10969,9,7
10970,5,9
10971,0,1
10972,8,2
10973,6,8
10974,4,0
10975,4,0
10976,3,6
10977,9,9
10978,8,2
10979,3,6
10980,3,6
10981,6,8
10982,1,1
10983,1,1
10984,2,3
10985,0,1
10986,9,7
10987,7,5
10988,8,2
10989,9,7
10990,5,4
10991,3,6
10992,3,0
10993,2,3
10994,2,3
10995,7,5
10996,3,6
10997,5,4
10998,2,3
10999,8,2
11000,3,6
11001,9,9
11002,2,3
11003,4,0
11004,1,1
11005,5,4
11006,8,2
11007,9,7
11008,5,4
11009,9,4
11010,2,3
11011,2,3
11012,2,3
11013,8,2
11014,4,0
11015,9,9
11016,5,4
11017,8,2
11018,1,2
11019,4,0
11020,9,7
11021,2,3
11022,4,0
11023,5,4
11024,5,4
11025,7,5
11026,4,0
11027,4,0
11028,6,8
11029,4,0
11030,2,2
11031,2,3
11032,8,2
11033,8,2
11034,2,3
11035,6,8
11036,4,0
11037,2,3
11038,3,6
11039,6,3
11040,5,4
11041,4,0
11042,2,3
11043,0,1
11044,5,4
11045,4,0
11046,5,4
11047,0,1
11048,3,6
11049,9,7
11050,0,1
11051,0,1
11052,4,0
11053,2,3
11054,9,7
11055,7,5
11056,9,7
11057,0,1
11058,1,1
11059,9,7
11060,4,0
11061,1,1
11062,7,6
11063,6,8
11064,7,5
11065,3,6
11066,8,2
11067,6,8
11068,5,9
11069,0,1
11070,6,8
11071,4,0
11072,4,0
11073,5,4
11074,2,9
11075,2,3
11076,9,7
11077,4,0
11078,5,9
11079,0,1
11080,9,7
11081,8,2
11082,1,1
11083,2,3
11084,8,2
11085,9,7
11086,8,2
11087,6,8
11088,9,7
11089,5,9
11090,5,9
11091,4,0
11092,9,7
11093,0,1
11094,2,5
11095,8,2
11096,5,9
11097,2,3
11098,3,6
11099,9,7
11100,3,6
11101,6,8
11102,5,9
11103,5,9
11104,5,3
11105,4,0
11106,8,2
11107,0,1
11108,6,8
11109,8,2
11110,8,2
11111,2,3
11112,1,1
11113,5,4
11114,2,3
11115,7,5
11116,4,0
11117,3,6
11118,7,5
11119,9,7
11120,6,8
11121,4,8
11122,5,7
11123,9,9
11124,5,4
11125,9,7
11126,5,4
11127,5,4
11128,3,6
11129,4,0
11130,9,7
11131,5,4
11132,3,6
11133,4,0
11134,1,1
11135,0,1
11136,7,5
11137,9,7
11138,2,3
11139,9,9
11140,3,6
11141,7,5
11142,6,8
11143,0,1
11144,5,4
11145,5,4
11146,6,8
11147,8,2
11148,5,4
11149,6,8
11150,5,9
11151,9,9
11152,1,1
11153,5,4
11154,2,5
11155,2,3
11156,1,1
11157,0,1
11158,3,6
11159,9,7
11160,1,8
11161,6,8
11162,3,0
11163,8,2
11164,9,7
11165,5,4
11166,9,7
11167,5,4
11168,9,7
11169,2,3
11170,9,7
11171,2,3
11172,4,0
11173,3,6
11174,3,6
11175,9,9
11176,6,8
11177,9,9
11178,1,1
11179,7,5
11180,9,7
11181,6,8
11182,7,5
11183,3,6
11184,5,4
11185,9,7
11186,5,9
11187,4,0
11188,9,7
11189,3,6
11190,5,9
11191,4,8
11192,5,9
11193,8,2
11194,5,9
11195,3,6
11196,5,9
11197,2,3
11198,7,5
11199,9,9
11200,1,1
11201,2,3
11202,2,9
11203,8,2
11204,9,7
11205,0,1
11206,9,9
11207,9,7
11208,2,9
11209,5,4
11210,5,8
11211,4,8
11212,5,9
11213,6,8
11214,1,1
11215,9,9
11216,2,3
11217,4,0
11218,3,6
11219,2,3
11220,9,7
11221,2,3
11222,4,0
11223,9,9
11224,5,9
11225,9,9
11226,3,6
11227,9,4
11228,1,1
11229,0,1
11230,8,2
11231,4,0
11232,6,3
11233,2,3
11234,2,3
11235,9,7
11236,1,1
11237,7,5
11238,7,5
11239,3,8
11240,4,0
11241,6,8
11242,1,2
11243,8,2
11244,2,3
11245,9,9
11246,9,9
11247,9,7
11248,1,1
11249,0,1
11250,8,2
11251,8,2
11252,5,9
11253,3,6
11254,9,7
11255,5,4
11256,5,4
11257,8,2
11258,6,8
11259,2,3
11260,7,5
11261,3,6
11262,0,1
11263,3,6
11264,5,4
11265,7,5
11266,9,7
11267,4,0
11268,1,1
11269,4,0
11270,2,5
11271,8,2
11272,1,1
11273,4,8
11274,9,7
11275,0,1
11276,5,9
11277,3,6
11278,1,1
11279,0,1
11280,5,9
11281,4,0
11282,3,6
11283,9,4
11284,2,3
11285,2,3
11286,8,2
11287,0,1
11288,6,8
11289,3,6
11290,9,7
11291,0,1
11292,1,1
11293,9,9
11294,9,7
11295,4,0
11296,2,3
11297,1,1
11298,8,2
11299,8,2
11300,5,9
11301,2,3
11302,2,8
11303,5,4
11304,4,0
11305,7,5
11306,8,2
11307,3,6
11308,1,1
11309,9,7
11310,7,5
11311,6,8
11312,1,1
11313,9,9
11314,5,4
11315,4,0
11316,3,6
11317,0,1
11318,4,0
11319,8,2
11320,4,0
11321,2,3
11322,6,8
11323,5,4
11324,7,5
11325,7,5
11326,1,1
11327,3,6
11328,9,7
11329,9,7
11330,4,0
11331,6,8
11332,9,7
11333,5,9
11334,9,7
11335,4,0
11336,3,6
11337,0,1
11338,2,5
11339,8,2
11340,4,0
11341,2,3
11342,1,1
11343,5,4
11344,1,2
11345,7,5
11346,8,2
11347,3,6
11348,3,6
11349,9,7
11350,9,7
11351,6,8
11352,0,1
11353,5,9
11354,4,0
11355,6,8
11356,2,5
11357,3,6
11358,1,1
11359,7,5
11360,1,1
11361,4,0
11362,1,1
11363,3,6
11364,1,2
11365,6,8
11366,9,9
11367,5,9
11368,5,9
11369,5,4
11370,9,7
11371,0,1
11372,9,7
11373,5,9
11374,6,8
11375,7,5
11376,5,9
11377,8,3
11378,5,4
11379,4,0
11380,8,2
11381,5,4
11382,6,8
11383,6,8
11384,8,2
11385,9,9
11386,4,6
11387,0,1
11388,5,9
11389,5,4
11390,3,6
11391,4,0
11392,2,3
11393,7,5
11394,8,2
11395,0,1
11396,7,5
11397,7,5
11398,6,8
11399,9,7
11400,9,7
11401,3,6
11402,7,5
11403,4,0
11404,1,1
11405,0,1
11406,5,8
11407,9,7
11408,5,4
11409,4,0
11410,2,5
11411,3,6
11412,1,1
11413,6,8
11414,5,4
11415,5,9
11416,5,9
11417,7,5
11418,1,1
11419,5,4
11420,8,2
11421,9,7
11422,4,0
11423,9,9
11424,5,4
11425,6,8
11426,5,7
11427,3,6
11428,4,0
11429,4,0
11430,9,7
11431,6,8
11432,1,1
11433,1,1
11434,5,4
11435,9,7
11436,8,2
11437,9,7
11438,1,2
11439,0,1
11440,1,1
11441,2,3
11442,5,9
11443,8,2
11444,6,8
11445,0,1
11446,8,2
11447,5,4
11448,3,6
11449,8,2
11450,2,8
11451,4,0
11452,5,9
11453,4,0
11454,2,3
11455,9,7
11456,7,5
11457,0,8
11458,8,2
11459,5,4
11460,5,4
11461,3,6
11462,4,0
11463,9,4
11464,1,9
11465,5,9
11466,3,6
11467,2,3
11468,5,4
11469,6,8
11470,7,5
11471,5,4
11472,7,5
11473,9,7
11474,5,9
11475,8,2
11476,2,3
11477,7,5
11478,6,8
11479,3,6
11480,2,3
11481,2,3
11482,5,8
11483,3,6
11484,7,5
11485,9,9
11486,7,5
11487,3,6
11488,5,7
11489,2,3
11490,3,6
11491,8,2
11492,7,5
11493,8,2
11494,5,4
11495,5,4
11496,5,4
11497,3,6
11498,9,7
11499,9,9
11500,2,5
11501,4,0
11502,1,1
11503,8,2
11504,1,1
11505,7,5
11506,6,8
11507,7,5
11508,0,1
11509,0,1
11510,9,7
11511,2,3
11512,5,4
11513,2,3
11514,4,0
11515,9,9
11516,5,7
11517,9,7
11518,1,1
11519,8,2
11520,2,3
11521,8,2
11522,0,1
11523,7,5
11524,2,3
11525,9,7
11526,4,0
11527,5,9
11528,9,7
11529,6,8
11530,3,6
11531,8,2
11532,4,0
11533,0,1
11534,5,7
11535,2,3
11536,5,9
11537,0,1
11538,5,9
11539,2,3
11540,9,7
11541,4,0
11542,2,5
11543,0,1
11544,2,3
11545,2,3
11546,6,8
11547,5,4
11548,9,7
11549,7,5
11550,0,9
11551,3,6
11552,8,2
11553,9,7
11554,1,3
11555,6,8
11556,2,3
11557,9,9
11558,1,1
11559,4,0
11560,8,2
11561,0,1
11562,4,0
11563,8,2
11564,9,7
11565,0,3
11566,9,7
11567,5,4
11568,1,8
11569,7,5
11570,9,3
11571,3,6
11572,4,5
11573,9,7
11574,4,0
11575,6,8
11576,6,2
11577,4,0
11578,5,4
11579,0,1
11580,5,9
11581,8,2
11582,5,9
11583,0,3
11584,4,0
11585,5,4
11586,4,8
11587,7,5
11588,4,0
11589,3,6
11590,7,5
11591,9,7
11592,3,6
11593,9,9
11594,5,7
11595,9,7
11596,7,5
11597,4,0
11598,0,4
11599,7,5
11600,3,2
11601,8,2
11602,6,8
11603,9,9
11604,1,1
11605,4,0
11606,1,1
11607,0,1
11608,1,1
11609,7,5
11610,3,6
11611,0,8
11612,4,0
11613,0,8
11614,6,8
11615,4,0
11616,5,7
11617,0,9
11618,2,3
11619,0,3
11620,4,0
11621,0,2
11622,1,1
11623,9,7
11624,5,4
11625,0,8
11626,5,9
11627,5,4
11628,5,9
11629,5,4
11630,1,1
11631,7,5
11632,1,2
11633,9,9
11634,1,1
11635,3,6
11636,4,0
11637,0,1
11638,7,5
11639,4,0
11640,9,7
11641,5,4
11642,9,7
11643,7,5
11644,7,5
11645,0,3
11646,5,4
11647,5,9
11648,8,2
11649,5,4
11650,9,7
11651,2,3
11652,5,4
11653,5,4
11654,4,0
11655,8,2
11656,7,5
11657,4,0
11658,5,4
11659,7,5
11660,9,7
11661,4,0
11662,6,8
11663,0,1
11664,9,7
11665,2,3
11666,1,1
11667,8,2
11668,5,9
11669,5,9
11670,5,4
11671,0,1
11672,6,8
11673,3,6
11674,3,5
11675,4,0
11676,1,1
11677,0,1
11678,3,6
11679,1,1
11680,3,6
11681,6,8
11682,5,9
11683,4,0
11684,3,6
11685,5,4
11686,9,7
11687,0,7
11688,5,9
11689,9,7
11690,5,4
11691,3,6
11692,5,4
11693,8,3
11694,4,0
11695,7,5
11696,5,5
11697,3,6
11698,5,9
11699,3,6
11700,8,2
11701,4,0
11702,5,1
11703,9,7
11704,6,8
11705,8,3
11706,2,5
11707,7,5
11708,6,3
11709,0,4
11710,2,3
11711,1,2
11712,4,0
11713,5,4
11714,2,3
11715,0,1
11716,9,7
11717,0,8
11718,8,2
11719,0,3
11720,6,8
11721,7,5
11722,6,8
11723,3,6
11724,1,8
11725,7,5
11726,6,8
11727,8,2
11728,0,1
11729,4,0
11730,3,6
11731,3,6
11732,5,9
11733,9,7
11734,3,8
11735,0,1
11736,9,7
11737,8,2
11738,8,2
11739,7,5
11740,5,4
11741,0,8
11742,4,0
11743,1,1
11744,5,4
11745,9,9
11746,4,0
11747,0,3
11748,8,2
11749,0,8
11750,6,8
11751,0,8
11752,2,3
11753,6,8
11754,4,0
11755,2,3
11756,2,3
11757,9,7
11758,4,0
11759,0,6
11760,1,1
11761,0,8
11762,5,9
11763,9,7
11764,5,4
11765,0,1
11766,9,7
11767,0,4
11768,9,7
11769,3,6
11770,5,4
11771,9,7
11772,8,2
11773,5,9
11774,8,2
11775,9,9
11776,7,5
11777,0,3
11778,9,7
11779,4,0
11780,4,0
11781,2,3
11782,2,5
11783,5,4
11784,3,6
11785,7,5
11786,9,7
11787,3,6
11788,2,3
11789,5,7
11790,7,5
11791,4,0
11792,4,0
11793,1,1
11794,4,0
11795,8,2
11796,6,8
11797,2,3
11798,9,7
11799,5,4
11800,3,6
11801,7,5
11802,7,5
11803,3,6
11804,2,3
11805,9,7
11806,7,5
11807,4,0
11808,6,8
11809,1,1
11810,9,7
11811,8,2
11812,8,2
11813,2,3
11814,5,9
11815,5,4
11816,5,9
11817,7,5
11818,5,4
11819,3,6
11820,5,9
11821,9,7
11822,5,7
11823,6,8
11824,5,4
11825,9,9
11826,8,2
11827,6,8
11828,3,6
11829,9,7
11830,5,9
11831,9,7
11832,3,6
11833,4,0
11834,4,0
11835,1,1
11836,6,8
11837,2,3
11838,9,7
11839,7,5
11840,5,9
11841,8,2
11842,7,5
11843,6,8
11844,8,2
11845,4,0
11846,4,0
11847,5,9
11848,4,0
11849,3,6
11850,7,5
11851,4,0
11852,5,4
11853,0,9
11854,9,7
11855,1,1
11856,8,2
11857,0,1
11858,6,8
11859,6,8
11860,4,0
11861,5,4
11862,5,9
11863,2,3
11864,2,5
11865,8,2
11866,3,6
11867,1,1
11868,1,1
11869,8,2
11870,3,6
11871,3,6
11872,6,8
11873,7,5
11874,2,3
11875,3,6
11876,7,5
11877,5,7
11878,3,6
11879,5,4
11880,6,8
11881,6,8
11882,7,5
11883,1,1
11884,5,9
11885,9,8
11886,5,4
11887,4,0
11888,4,0
11889,7,5
11890,6,8
11891,5,9
11892,3,6
11893,5,4
11894,9,7
11895,1,1
11896,8,2
11897,9,9
11898,9,7
11899,8,2
11900,5,9
11901,1,1
11902,4,0
11903,5,9
11904,6,8
11905,3,6
11906,5,9
11907,9,7
11908,6,8
11909,5,9
11910,2,3
11911,4,0
11912,5,9
11913,5,4
11914,4,0
11915,3,6
11916,5,4
11917,0,1
11918,5,9
11919,9,7
11920,4,0
11921,2,3
11922,7,5
11923,6,8
11924,5,9
11925,9,9
11926,5,9
11927,3,6
11928,2,5
11929,2,3
11930,5,4
11931,1,9
11932,3,6
11933,4,0
11934,5,9
11935,7,5
11936,7,5
11937,9,7
11938,5,9
11939,0,1
11940,2,8
11941,3,6
11942,2,8
11943,0,1
11944,9,7
11945,4,0
11946,5,7
11947,9,9
11948,4,0
11949,1,3
11950,3,8
11951,2,3
11952,3,6
11953,0,4
11954,1,1
11955,5,4
11956,5,4
11957,4,0
11958,2,3
11959,3,6
11960,2,3
11961,8,2
11962,5,4
11963,7,5
11964,4,6
11965,5,4
11966,7,5
11967,5,4
11968,1,1
11969,4,0
11970,5,9
11971,8,2
11972,3,6
11973,4,0
11974,4,0
11975,0,1
11976,3,6
11977,8,2
11978,2,3
11979,6,3
11980,2,5
11981,5,4
11982,1,1
11983,7,5
11984,6,8
11985,3,6
11986,5,4
11987,9,7
11988,5,4
11989,6,8
11990,5,9
11991,9,9
11992,1,9
11993,4,0
11994,9,7
11995,0,1
11996,3,6
11997,8,2
11998,6,8
11999,6,3
12000,9,7
12001,5,4
12002,3,6
12003,7,5
12004,4,0
12005,3,6
12006,5,9
12007,9,7
12008,4,0
12009,6,8
12010,6,8
12011,4,0
12012,1,3
12013,0,1
12014,2,8
12015,8,2
12016,7,5
12017,8,3
12018,1,7
12019,5,4
12020,4,0
12021,7,5
12022,2,3
12023,3,6
12024,2,3
12025,9,7
12026,6,8
12027,6,8
12028,5,4
12029,9,9
12030,1,1
12031,9,7
12032,6,8
12033,5,4
12034,5,4
12035,2,3
12036,5,4
12037,6,8
12038,1,1
12039,7,5
12040,1,1
12041,0,1
12042,1,1
12043,6,8
12044,2,3
12045,6,8
12046,7,5
12047,3,6
12048,5,7
12049,0,1
12050,5,9
12051,9,9
12052,5,4
12053,8,2
12054,6,8
12055,5,4
12056,1,1
12057,4,0
12058,5,4
12059,5,9
12060,1,1
12061,5,9
12062,9,7
12063,6,3
12064,5,4
12065,0,7
12066,2,8
12067,9,7
12068,3,6
12069,9,9
12070,5,4
12071,0,1
12072,1,1
12073,6,8
12074,5,9
12075,5,4
12076,5,9
12077,5,4
12078,1,1
12079,8,2
12080,2,3
12081,9,7
12082,7,5
12083,7,5
12084,6,8
12085,6,8
12086,2,3
12087,7,5
12088,3,6
12089,6,3
12090,3,6
12091,8,2
12092,7,5
12093,8,2
12094,2,3
12095,4,0
12096,5,9
12097,7,5
12098,5,4
12099,6,8
12100,2,3
12101,3,6
12102,5,4
12103,4,0
12104,3,6
12105,5,4
12106,1,1
12107,4,0
12108,2,3
12109,2,3
12110,7,5
12111,6,8
12112,2,8
12113,0,1
12114,3,6
12115,4,0
12116,9,7
12117,6,3
12118,6,8
12119,4,0
12120,9,9
12121,5,4
12122,5,4
12123,9,7
12124,2,3
12125,5,4
12126,0,7
12127,5,9
12128,1,1
12129,8,2
12130,6,8
12131,5,9
12132,1,1
12133,0,1
12134,4,0
12135,8,2
12136,1,1
12137,7,5
12138,9,7
12139,9,7
12140,4,0
12141,0,1
12142,4,0
12143,9,7
12144,4,0
12145,0,1
12146,2,5
12147,3,6
12148,2,3
12149,9,7
12150,4,0
12151,8,3
12152,2,3
12153,6,3
12154,1,1
12155,3,6
12156,8,2
12157,0,5
12158,1,1
12159,3,6
12160,5,9
12161,8,2
12162,9,9
12163,6,8
12164,6,8
12165,9,7
12166,1,1
12167,3,6
12168,4,0
12169,5,4
12170,3,6
12171,5,9
12172,5,9
12173,6,8
12174,6,8
12175,5,9
12176,9,7
12177,3,6
12178,1,1
12179,9,9
12180,4,0
12181,7,5
12182,6,8
12183,8,3
12184,4,0
12185,9,7
12186,2,3
12187,5,4
12188,9,7
12189,8,3
12190,0,8
12191,3,6
12192,5,4
12193,4,0
12194,5,4
12195,4,0
12196,5,2
12197,5,4
12198,6,8
12199,3,6
12200,5,9
12201,3,6
12202,5,9
12203,5,9
12204,8,2
12205,4,0
12206,1,7
12207,1,1
12208,9,7
12209,0,1
12210,7,5
12211,6,3
12212,1,1
12213,8,2
12214,2,3
12215,0,1
12216,3,6
12217,4,0
12218,2,3
12219,4,0
12220,3,6
12221,0,1
12222,2,3
12223,9,2
12224,5,4
12225,2,3
12226,1,1
12227,5,4
12228,2,3
12229,7,5
12230,0,1
12231,3,6
12232,7,5
12233,9,7
12234,8,2
12235,0,8
12236,0,1
12237,9,9
12238,8,2
12239,4,0
12240,5,9
12241,0,1
12242,6,8
12243,8,2
12244,2,3
12245,2,3
12246,2,3
12247,5,4
12248,5,9
12249,7,5
12250,2,8
12251,3,6
12252,9,7
12253,9,7
12254,1,2
12255,0,8
12256,5,4
12257,9,9
12258,3,6
12259,4,0
12260,2,3
12261,0,1
12262,3,6
12263,8,2
12264,4,0
12265,2,3
12266,4,0
12267,9,4
12268,7,8
12269,7,5
12270,3,6
12271,3,6
12272,5,9
12273,0,7
12274,2,3
12275,0,8
12276,4,0
12277,0,9
12278,9,7
12279,5,4
12280,9,9
12281,8,2
12282,2,8
12283,3,6
12284,7,5
12285,0,4
12286,8,2
12287,9,7
12288,3,8
12289,7,5
12290,3,6
12291,0,4
12292,9,7
12293,9,7
12294,5,9
12295,6,8
12296,9,7
12297,0,9
12298,6,8
12299,8,2
12300,2,3
12301,0,9
12302,1,2
12303,2,3
12304,9,7
12305,9,9
12306,5,4
12307,2,3
12308,1,8
12309,6,8
12310,1,1
12311,8,2
12312,2,3
12313,4,0
12314,1,1
12315,5,9
12316,5,4
12317,0,8
12318,1,1
12319,3,6
12320,5,9
12321,4,0
12322,5,4
12323,0,1
12324,4,0
12325,4,0
12326,2,3
12327,5,4
12328,5,4
12329,2,3
12330,2,3
12331,7,5
12332,5,4
12333,2,3
12334,2,3
12335,6,8
12336,1,1
12337,4,0
12338,2,3
12339,4,0
12340,3,6
12341,7,5
12342,5,9
12343,0,4
12344,2,3
12345,6,3
12346,2,3
12347,7,5
12348,9,7
12349,2,3
12350,2,3
12351,4,0
12352,8,2
12353,0,8
12354,3,6
12355,2,3
12356,1,1
12357,4,0
12358,2,5
12359,3,6
12360,4,0
12361,8,2
12362,1,1
12363,0,7
12364,9,7
12365,0,1
12366,8,2
12367,0,1
12368,5,9
12369,6,8
12370,8,2
12371,0,1
12372,9,2
12373,0,7
12374,4,0
12375,0,1
12376,7,5
12377,8,3
12378,6,8
12379,6,8
12380,5,9
12381,7,5
12382,1,1
12383,0,1
12384,5,4
12385,8,2
12386,7,5
12387,4,0
12388,0,1
12389,9,9
12390,9,7
12391,9,7
12392,2,3
12393,3,6
12394,1,1
12395,9,7
12396,5,4
12397,5,4
12398,5,4
12399,0,1
12400,6,8
12401,3,6
12402,3,6
12403,9,7
12404,2,2
12405,7,5
12406,5,9
12407,0,1
12408,9,7
12409,8,2
12410,3,6
12411,3,6
12412,1,1
12413,9,7
12414,4,0
12415,0,1
12416,2,3
12417,9,9
12418,5,4
12419,6,8
12420,9,7
12421,4,0
12422,2,2
12423,3,6
12424,8,2
12425,9,9
12426,4,2
12427,5,4
12428,9,7
12429,9,9
12430,2,3
12431,0,9
12432,9,9
12433,3,6
12434,1,1
12435,8,2
12436,1,1
12437,2,3
12438,5,4
12439,9,7
12440,5,9
12441,0,1
12442,9,9
12443,0,9
12444,6,8
12445,8,2
12446,2,3
12447,8,2
12448,3,6
12449,7,5
12450,3,6
12451,2,3
12452,3,6
12453,9,7
12454,9,7
12455,6,8
12456,4,0
12457,4,0
12458,5,4
12459,0,1
12460,5,4
12461,8,2
12462,3,6
12463,2,3
12464,9,7
12465,5,4
12466,5,8
12467,7,5
12468,3,6
12469,3,6
12470,4,5
12471,9,7
12472,5,4
12473,6,8
12474,8,2
12475,5,9
12476,2,5
12477,4,0
12478,9,7
12479,0,1
12480,3,6
12481,8,2
12482,6,8
12483,2,3
12484,7,5
12485,5,4
12486,1,1
12487,7,5
12488,7,5
12489,3,6
12490,2,3
12491,9,7
12492,9,7
12493,2,8
12494,6,8
12495,9,9
12496,5,9
12497,4,0
12498,2,3
12499,0,1
12500,4,0
12501,6,2
12502,7,5
12503,2,3
12504,4,0
12505,5,4
12506,2,3
12507,7,5
12508,1,1
12509,3,6
12510,1,1
12511,9,7
12512,1,1
12513,2,8
12514,8,2
12515,9,9
12516,4,0
12517,8,2
12518,3,6
12519,7,5
12520,3,6
12521,0,1
12522,6,8
12523,3,6
12524,9,7
12525,5,4
12526,9,7
12527,2,3
12528,3,6
12529,9,9
12530,5,4
12531,9,9
12532,1,1
12533,4,0
12534,6,8
12535,9,9
12536,2,3
12537,9,7
12538,5,4
12539,0,1
12540,2,5
12541,3,6
12542,4,0
12543,5,4
12544,2,3
12545,2,3
12546,2,3
12547,3,6
12548,7,5
12549,8,2
12550,4,0
12551,6,2
12552,3,6
12553,4,0
12554,4,0
12555,4,0
12556,1,1
12557,6,8
12558,9,7
12559,6,2
12560,8,2
12561,7,5
12562,9,9
12563,9,9
12564,5,4
12565,6,8
12566,2,5
12567,3,6
12568,4,0
12569,7,5
12570,5,9
12571,9,7
12572,2,5
12573,4,0
12574,7,5
12575,4,0
12576,9,7
12577,5,4
12578,1,1
12579,9,7
12580,6,8
12581,5,4
12582,8,2
12583,2,3
12584,4,0
12585,6,2
12586,6,8
12587,8,2
12588,3,5
12589,5,4
12590,1,1
12591,0,1
12592,1,3
12593,2,3
12594,2,8
12595,5,4
12596,3,6
12597,9,7
12598,8,2
12599,9,7
12600,9,9
12601,9,7
12602,2,3
12603,6,2
12604,7,5
12605,4,0
12606,3,6
12607,9,9
12608,8,2
12609,6,8
12610,5,4
12611,7,5
12612,5,4
12613,3,6
12614,4,9
12615,5,4
12616,6,8
12617,2,3
12618,5,4
12619,6,8
12620,8,2
12621,8,2
12622,6,8
12623,2,8
12624,9,7
12625,2,3
12626,2,5
12627,6,8
12628,9,7
12629,9,9
12630,2,8
12631,7,5
12632,1,1
12633,2,8
12634,1,1
12635,4,0
12636,3,6
12637,7,5
12638,7,5
12639,5,4
12640,3,6
12641,9,7
12642,1,1
12643,0,1
12644,5,4
12645,2,3
12646,5,9
12647,0,1
12648,6,8
12649,9,7
12650,5,5
12651,9,9
12652,4,0
12653,4,0
12654,5,4
12655,9,9
12656,2,3
12657,0,1
12658,6,8
12659,9,7
12660,6,8
12661,2,3
12662,4,0
12663,4,8
12664,1,1
12665,4,0
12666,4,0
12667,2,3
12668,5,7
12669,9,9
12670,4,0
12671,0,1
12672,8,2
12673,3,6
12674,9,9
12675,5,4
12676,9,7
12677,2,3
12678,9,7
12679,6,2
12680,1,1
12681,0,1
12682,8,2
12683,6,8
12684,7,5
12685,3,6
12686,1,0
12687,5,4
12688,7,5
12689,7,5
12690,4,0
12691,4,0
12692,1,5
12693,0,1
12694,2,5
12695,7,5
12696,5,9
12697,7,5
12698,2,3
12699,4,6
12700,2,3
12701,7,5
12702,5,3
12703,4,0
12704,1,1
12705,1,1
12706,1,1
12707,8,2
12708,5,9
12709,2,3
12710,6,8
12711,5,4
12712,6,8
12713,7,5
12714,7,5
12715,3,6
12716,4,0
12717,9,7
12718,8,2
12719,6,8
12720,2,3
12721,5,9
12722,1,1
12723,4,0
12724,9,7
12725,1,1
12726,5,4
12727,8,2
12728,3,6
12729,2,3
12730,9,7
12731,5,4
12732,4,0
12733,7,5
12734,0,1
12735,3,6
12736,3,5
12737,9,7
12738,9,9
12739,5,9
12740,8,2
12741,4,0
12742,9,7
12743,1,1
12744,7,6
12745,8,2
12746,1,1
12747,2,3
12748,4,0
12749,5,4
12750,2,3
12751,9,7
12752,6,2
12753,5,9
12754,9,7
12755,5,4
12756,7,5
12757,5,7
12758,3,6
12759,3,6
12760,5,4
12761,2,3
12762,3,6
12763,5,4
12764,4,0
12765,4,0
12766,8,2
12767,5,9
12768,5,9
12769,9,7
12770,2,5
12771,1,1
12772,9,7
12773,5,9
12774,9,7
12775,2,3
12776,4,0
12777,6,8
12778,5,8
12779,5,4
12780,2,3
12781,9,7
12782,2,8
12783,2,3
12784,8,2
12785,4,0
12786,5,4
12787,5,9
12788,5,4
12789,5,9
12790,5,4
12791,1,1
12792,5,9
12793,1,1
12794,9,7
12795,5,4
12796,4,0
12797,8,2
12798,1,1
12799,4,0
12800,2,5
12801,3,6
12802,8,2
12803,8,2
12804,7,5
12805,1,1
12806,9,7
12807,1,1
12808,0,2
12809,1,1
12810,3,6
12811,1,1
12812,1,3
12813,5,7
12814,2,3
12815,8,2
12816,7,5
12817,5,4
12818,7,5
12819,9,7
12820,0,4
12821,7,5
12822,8,2
12823,8,2
12824,1,1
12825,5,9
12826,2,3
12827,5,4
12828,2,3
12829,7,5
12830,5,4
12831,6,8
12832,5,9
12833,5,9
12834,7,6
12835,9,7
12836,5,3
12837,4,0
12838,2,3
12839,4,0
12840,5,9
12841,9,7
12842,1,1
12843,3,5
12844,8,2
12845,1,1
12846,5,9
12847,1,1
12848,2,8
12849,9,7
12850,9,7
12851,3,6
12852,5,9
12853,3,6
12854,8,2
12855,3,6
12856,7,5
12857,6,8
12858,8,2
12859,8,2
12860,1,2
12861,8,2
12862,7,5
12863,9,7
12864,8,2
12865,9,7
12866,3,6
12867,5,4
12868,5,9
12869,4,0
12870,5,4
12871,8,2
12872,4,0
12873,1,4
12874,2,3
12875,8,2
12876,3,6
12877,2,3
12878,1,1
12879,2,3
12880,4,0
12881,2,3
12882,2,3
12883,1,1
12884,5,9
12885,1,1
12886,6,8
12887,3,6
12888,4,0
12889,5,9
12890,6,8
12891,7,5
12892,6,8
12893,7,5
12894,9,9
12895,2,3
12896,9,7
12897,4,0
12898,7,5
12899,6,8
12900,9,9
12901,2,3
12902,3,6
12903,5,9
12904,6,8
12905,3,6
12906,8,2
12907,4,0
12908,9,7
12909,0,1
12910,5,9
12911,8,2
12912,5,4
12913,2,3
12914,5,9
12915,9,4
12916,8,2
12917,0,5
12918,1,1
12919,3,6
12920,2,3
12921,9,7
12922,5,4
12923,6,8
12924,2,3
12925,9,9
12926,4,0
12927,4,0
12928,6,8
12929,0,1
12930,0,1
12931,8,2
12932,1,1
12933,2,3
12934,6,8
12935,5,4
12936,0,8
12937,7,5
12938,6,2
12939,3,6
12940,0,5
12941,9,7
12942,2,3
12943,6,8
12944,6,8
12945,9,9
12946,5,9
12947,4,0
12948,5,4
12949,0,1
12950,1,2
12951,8,2
12952,1,1
12953,2,3
12954,8,2
12955,5,4
12956,9,7
12957,7,5
12958,6,8
12959,3,6
12960,6,8
12961,9,7
12962,7,5
12963,6,8
12964,3,6
12965,9,9
12966,5,4
12967,8,3
12968,2,3
12969,5,4
12970,9,7
12971,0,1
12972,5,4
12973,5,4
12974,6,8
12975,3,6
12976,5,4
12977,3,6
12978,2,5
12979,9,7
12980,3,6
12981,2,3
12982,9,7
12983,2,3
12984,6,8
12985,8,2
12986,2,5
12987,0,1
12988,6,8
12989,5,9
12990,2,3
12991,5,4
12992,4,0
12993,9,7
12994,9,7
12995,7,3
12996,7,5
12997,5,4
12998,2,3
12999,9,9
13000,9,7
13001,0,1
13002,1,9
13003,0,1
13004,2,8
13005,4,0
13006,0,1
13007,0,1
13008,5,4
13009,5,4
13010,3,6
13011,3,6
13012,5,9
13013,4,0
13014,5,8
13015,8,2
13016,7,8
13017,6,8
13018,2,8
13019,8,2
13020,3,6
13021,7,5
13022,8,2
13023,8,2
13024,9,7
13025,0,1
13026,5,3
13027,9,7
13028,5,9
13029,4,0
13030,4,0
13031,5,2
13032,5,9
13033,4,0
13034,9,9
13035,3,6
13036,2,5
13037,6,8
13038,6,2
13039,8,2
13040,2,5
13041,9,9
13042,9,7
13043,8,2
13044,4,0
13045,0,3
13046,3,6
13047,3,6
13048,9,7
13049,9,9
13050,9,9
13051,6,8
13052,5,4
13053,9,7
13054,4,0
13055,6,8
13056,9,7
13057,9,9
13058,7,5
13059,8,2
13060,7,5
13061,8,2
13062,5,8
13063,9,9
13064,9,7
13065,6,8
13066,4,0
13067,3,6
13068,5,4
13069,5,4
13070,7,5
13071,5,4
13072,5,9
13073,5,4
13074,4,0
13075,4,0
13076,4,0
13077,4,0
13078,3,5
13079,6,8
13080,1,1
13081,4,0
13082,9,2
13083,0,8
13084,3,6
13085,3,6
13086,8,2
13087,3,6
13088,5,9
13089,6,8
13090,1,1
13091,9,7
13092,2,5
13093,8,3
13094,7,5
13095,6,8
13096,9,9
13097,4,0
13098,4,0
13099,7,3
13100,8,2
13101,3,6
13102,1,1
13103,6,8
13104,5,4
13105,2,3
13106,1,1
13107,0,1
13108,5,9
13109,2,3
13110,2,3
13111,5,9
13112,1,1
13113,0,1
13114,2,3
13115,9,9
13116,5,9
13117,4,0
13118,6,8
13119,9,7
13120,7,5
13121,8,2
13122,6,8
13123,9,7
13124,2,3
13125,5,4
13126,4,0
13127,8,3
13128,5,4
13129,0,1
13130,5,9
13131,9,7
13132,5,4
13133,3,6
13134,2,3
13135,4,0
13136,5,7
13137,0,1
13138,9,2
13139,8,2
13140,1,1
13141,2,3
13142,2,3
13143,5,4
13144,2,3
13145,0,5
13146,2,3
13147,3,6
13148,8,2
13149,0,7
13150,1,7
13151,6,8
13152,6,8
13153,0,9
13154,1,1
13155,4,0
13156,1,2
13157,0,1
13158,9,7
13159,8,2
13160,1,1
13161,2,3
13162,9,7
13163,5,4
13164,4,0
13165,7,5
13166,9,7
13167,3,6
13168,0,1
13169,9,7
13170,3,6
13171,6,8
13172,3,6
13173,9,9
13174,5,7
13175,4,0
13176,2,8
13177,0,1
13178,5,9
13179,8,2
13180,9,7
13181,2,3
13182,7,5
13183,5,4
13184,4,0
13185,2,5
13186,2,8
13187,0,7
13188,9,7
13189,7,8
13190,2,3
13191,9,9
13192,9,7
13193,2,3
13194,5,9
13195,6,8
13196,4,0
13197,4,0
13198,8,2
13199,9,7
13200,2,2
13201,0,1
13202,2,3
13203,4,0
13204,6,8
13205,9,7
13206,4,0
13207,3,6
13208,2,3
13209,9,9
13210,3,6
13211,4,0
13212,2,3
13213,0,1
13214,4,0
13215,4,0
13216,4,0
13217,4,0
13218,2,3
13219,6,8
13220,3,6
13221,2,3
13222,2,3
13223,5,4
13224,3,6
13225,2,3
13226,3,6
13227,0,1
13228,2,3
13229,7,5
13230,4,0
13231,4,0
13232,7,5
13233,4,0
13234,7,5
13235,9,9
13236,5,4
13237,7,5
13238,4,0
13239,2,3
13240,4,0
13241,0,4
13242,2,3
13243,0,7
13244,9,7
13245,3,6
13246,3,6
13247,9,9
13248,7,5
13249,8,2
13250,2,3
13251,5,4
13252,5,4
13253,7,5
13254,1,1
13255,9,7
13256,2,5
13257,8,2
13258,5,8
13259,0,1
13260,1,1
13261,3,6
13262,7,5
13263,5,4
13264,7,5
13265,9,9
13266,0,1
13267,5,4
13268,4,0
13269,9,9
13270,5,9
13271,5,4
13272,1,1
13273,0,1
13274,6,8
13275,8,2
13276,2,5
13277,8,2
13278,5,9
13279,7,5
13280,4,0
13281,6,8
13282,3,6
13283,0,1
13284,7,5
13285,2,3
13286,4,0
13287,8,2
13288,2,3
13289,9,9
13290,3,6
13291,0,4
13292,9,7
13293,7,3
13294,2,3
13295,8,2
13296,1,1
13297,0,1
13298,2,3
13299,8,2
13300,7,5
13301,6,8
13302,5,4
13303,3,6
13304,5,9
13305,7,5
13306,3,6
13307,0,1
13308,1,9
13309,3,6
13310,8,2
13311,0,7
13312,7,5
13313,8,2
13314,4,0
13315,0,1
13316,6,8
13317,2,3
13318,3,6
13319,9,7
13320,6,8
13321,7,5
13322,3,6
13323,9,9
13324,7,5
13325,2,3
13326,5,9
13327,6,8
13328,2,5
13329,9,7
13330,1,2
13331,7,5
13332,2,3
13333,9,7
13334,1,1
13335,4,0
13336,7,5
13337,9,7
13338,1,1
13339,5,4
13340,5,4
13341,6,8
13342,6,8
13343,6,8
13344,4,0
13345,0,5
13346,2,8
13347,4,0
13348,7,5
13349,3,6
13350,5,4
13351,3,6
13352,2,3
13353,2,3
13354,6,8
13355,9,7
13356,5,9
13357,3,6
13358,5,9
13359,9,9
13360,7,5
13361,0,9
13362,5,9
13363,5,4
13364,3,6
13365,0,8
13366,4,0
13367,5,4
13368,2,5
13369,0,1
13370,1,2
13371,4,0
13372,1,1
13373,3,6
13374,8,2
13375,3,6
13376,1,3
13377,4,0
13378,6,8
13379,0,1
13380,9,7
13381,8,2
13382,9,7
13383,2,3
13384,8,2
13385,5,4
13386,6,8
13387,7,5
13388,2,3
13389,3,6
13390,1,1
13391,9,7
13392,0,1
13393,6,8
13394,7,5
13395,9,9
13396,6,8
13397,4,0
13398,1,1
13399,1,1
13400,2,5
13401,8,2
13402,6,8
13403,2,3
13404,2,5
13405,9,7
13406,8,2
13407,6,8
13408,4,0
13409,9,9
13410,9,7
13411,4,0
13412,6,8
13413,0,1
13414,5,9
13415,8,2
13416,9,7
13417,2,3
13418,5,4
13419,5,4
13420,6,8
13421,9,7
13422,6,8
13423,6,8
13424,6,8
13425,9,9
13426,5,4
13427,3,6
13428,5,9
13429,9,9
13430,5,4
13431,3,6
13432,8,2
13433,0,1
13434,8,2
13435,9,9
13436,6,8
13437,9,9
13438,2,3
13439,9,9
13440,6,8
13441,5,4
13442,2,3
13443,5,4
13444,3,6
13445,2,3
13446,5,4
13447,6,8
13448,2,3
13449,0,1
13450,4,0
13451,5,4
13452,9,2
13453,0,1
13454,4,0
13455,8,2
13456,5,9
13457,7,5
13458,5,4
13459,4,0
13460,7,5
13461,9,9
13462,5,9
13463,5,4
13464,4,0
13465,5,9
13466,2,5
13467,4,0
13468,3,6
13469,9,7
13470,1,1
13471,5,4
13472,5,9
13473,5,4
13474,1,1
13475,1,1
13476,5,8
13477,6,8
13478,2,3
13479,9,7
13480,5,9
13481,3,6
13482,9,7
13483,4,0
13484,8,2
13485,6,8
13486,8,2
13487,0,1
13488,2,3
13489,6,8
13490,8,2
13491,8,2
13492,4,0
13493,3,6
13494,7,6
13495,8,2
13496,2,3
13497,4,0
13498,6,8
13499,9,9
13500,5,4
13501,0,1
13502,7,5
13503,8,2
13504,1,1
13505,7,5
13506,8,2
13507,5,4
13508,3,2
13509,7,5
13510,1,1
13511,3,6
13512,9,7
13513,9,7
13514,1,1
13515,9,7
13516,2,3
13517,7,5
13518,6,8
13519,2,3
13520,5,4
13521,4,0
13522,8,2
13523,8,2
13524,2,3
13525,8,2
13526,2,9
13527,8,2
13528,4,0
13529,9,7
13530,5,9
13531,2,3
13532,2,5
13533,3,5
13534,9,7
13535,8,2
13536,3,6
13537,0,1
13538,3,5
13539,5,4
13540,9,7
13541,5,4
13542,1,1
13543,2,3
13544,4,0
13545,4,0
13546,3,6
13547,4,0
13548,5,4
13549,6,8
13550,8,2
13551,7,5
13552,8,2
13553,5,4
13554,6,8
13555,9,7
13556,1,1
13557,9,9
13558,1,1
13559,6,8
13560,2,3
13561,9,7
13562,6,8
13563,9,9
13564,5,4
13565,3,6
13566,9,7
13567,2,3
13568,1,3
13569,0,1
13570,9,7
13571,9,7
13572,9,9
13573,9,9
13574,1,1
13575,3,6
13576,2,3
13577,2,3
13578,6,8
13579,2,3
13580,2,5
13581,0,1
13582,4,0
13583,4,0
13584,1,1
13585,8,2
13586,8,2
13587,3,6
13588,2,8
13589,4,0
13590,1,1
13591,7,5
13592,6,8
13593,3,6
13594,7,5
13595,3,6
13596,5,9
13597,6,8
13598,3,6
13599,9,7
13600,9,7
13601,2,3
13602,7,5
13603,7,5
13604,1,1
13605,6,8
13606,8,2
13607,2,3
13608,6,8
13609,4,0
13610,1,1
13611,0,1
13612,8,2
13613,8,2
13614,3,6
13615,2,3
13616,5,9
13617,0,1
13618,6,8
13619,7,5
13620,6,8
13621,3,6
13622,4,6
13623,4,0
13624,8,2
13625,0,1
13626,1,8
13627,8,2
13628,2,3
13629,2,3
13630,1,1
13631,0,1
13632,6,8
13633,7,5
13634,5,4
13635,3,6
13636,1,1
13637,9,7
13638,9,7
13639,6,8
13640,5,4
13641,4,0
13642,7,5
13643,0,1
13644,9,7
13645,8,2
13646,5,9
13647,9,3
13648,1,1
13649,0,1
13650,5,4
13651,0,7
13652,5,9
13653,5,4
13654,1,2
13655,0,8
13656,2,3
13657,0,1
13658,2,3
13659,7,5
13660,2,3
13661,3,6
13662,9,7
13663,7,5
13664,5,4
13665,9,7
13666,5,9
13667,8,2
13668,5,9
13669,6,8
13670,6,3
13671,3,6
13672,5,9
13673,2,3
13674,0,1
13675,2,3
13676,2,3
13677,7,8
13678,5,9
13679,3,6
13680,1,8
13681,7,5
13682,6,8
13683,5,4
13684,9,7
13685,4,0
13686,3,6
13687,9,9
13688,5,4
13689,0,1
13690,8,2
13691,9,7
13692,5,9
13693,8,2
13694,1,2
13695,9,9
13696,3,6
13697,0,1
13698,5,9
13699,7,5
13700,1,1
13701,0,1
13702,3,6
13703,9,3
13704,2,3
13705,8,2
13706,2,3
13707,2,3
13708,2,5
13709,3,6
13710,9,7
13711,0,1
13712,4,6
13713,5,3
13714,5,4
13715,3,6
13716,7,5
13717,5,9
13718,9,7
13719,4,0
13720,5,9
13721,0,1
13722,8,2
13723,6,8
13724,7,5
13725,0,1
13726,4,0
13727,5,4
13728,5,9
13729,4,0
13730,4,0
13731,3,6
13732,7,5
13733,0,1
13734,4,0
13735,8,2
13736,2,3
13737,3,6
13738,4,0
13739,5,9
13740,2,3
13741,8,2
13742,2,9
13743,4,2
13744,9,7
13745,2,3
13746,9,7
13747,7,5
13748,1,1
13749,7,5
13750,2,3
13751,4,0
13752,6,9
13753,0,7
13754,9,7
13755,0,7
13756,9,7
13757,9,9
13758,3,6
13759,3,6
13760,4,6
13761,8,2
13762,8,2
13763,5,9
13764,4,0
13765,5,4
13766,5,4
13767,9,7
13768,5,9
13769,4,0
13770,3,6
13771,8,2
13772,3,6
13773,2,3
13774,8,2
13775,5,4
13776,9,7
13777,4,0
13778,1,3
13779,4,0
13780,3,6
13781,6,8
13782,0,1
13783,7,5
13784,7,5
13785,0,1
13786,9,7
13787,2,3
13788,0,1
13789,9,7
13790,0,1
13791,9,9
13792,6,8
13793,6,8
13794,9,7
13795,6,8
13796,7,5
13797,9,9
13798,4,0
13799,4,0
13800,2,5
13801,5,9
13802,9,7
13803,0,8
13804,8,2
13805,5,9
13806,5,9
13807,4,0
13808,4,0
13809,3,6
13810,9,7
13811,7,5
13812,2,8
13813,3,6
13814,9,7
13815,9,7
13816,4,0
13817,5,4
13818,8,2
13819,9,7
13820,8,2
13821,7,5
13822,4,0
13823,5,4
13824,2,3
13825,0,1
13826,4,0
13827,0,3
13828,3,6
13829,1,5
13830,4,0
13831,7,3
13832,3,6
13833,4,0
13834,9,7
13835,0,1
13836,2,3
13837,8,2
13838,3,6
13839,2,3
13840,1,1
13841,5,4
13842,5,7
13843,7,5
13844,8,2
13845,3,6
13846,3,6
13847,9,7
13848,5,4
13849,6,8
13850,5,4
13851,9,9
13852,5,4
13853,4,0
13854,3,0
13855,0,1
13856,5,4
13857,8,2
13858,3,6
13859,2,3
13860,3,6
13861,0,4
13862,7,5
13863,7,5
13864,5,4
13865,3,6
13866,6,8
13867,9,7
13868,5,4
13869,6,8
13870,5,4
13871,9,9
13872,4,0
13873,4,0
13874,4,0
13875,0,1
13876,5,8
13877,8,2
13878,5,4
13879,2,3
13880,4,0
13881,3,6
13882,1,1
13883,9,7
13884,1,1
13885,6,8
13886,7,5
13887,9,9
13888,6,8
13889,4,0
13890,9,7
13891,9,9
13892,1,1
13893,9,9
13894,2,3
13895,0,8
13896,4,0
13897,9,9
13898,5,9
13899,6,8
13900,5,7
13901,5,4
13902,5,4
13903,0,1
13904,5,9
13905,0,7
13906,2,3
13907,9,7
13908,5,4
13909,2,3
13910,8,2
13911,4,0
13912,5,6
13913,4,0
13914,8,2
13915,9,7
13916,4,0
13917,6,8
13918,4,0
13919,8,2
13920,5,8
13921,4,0
13922,9,2
13923,0,1
13924,6,8
13925,8,2
13926,4,0
13927,3,6
13928,0,2
13929,2,3
13930,8,2
13931,2,3
13932,5,9
13933,9,7
13934,6,8
13935,2,3
13936,5,9
13937,2,3
13938,7,5
13939,3,6
13940,3,5
13941,3,6
13942,5,4
13943,5,4
13944,6,8
13945,9,9
13946,2,5
13947,0,1
13948,7,5
13949,9,9
13950,1,1
13951,6,8
13952,8,2
13953,8,2
13954,6,8
13955,4,0
13956,1,1
13957,2,3
13958,7,5
13959,8,2
13960,6,8
13961,0,1
13962,4,0
13963,9,7
13964,1,6
13965,2,3
13966,6,8
13967,0,1
13968,5,4
13969,4,3
13970,7,6
13971,9,9
13972,8,2
13973,0,1
13974,0,1
13975,9,7
13976,6,8
13977,3,6
13978,9,7
13979,0,8
13980,2,3
13981,0,4
13982,5,9
13983,8,3
13984,2,2
13985,0,1
13986,5,4
13987,5,4
13988,7,5
13989,4,0
13990,6,8
13991,7,5
13992,1,1
13993,2,3
13994,8,2
13995,3,6
13996,2,9
13997,9,9
13998,5,9
13999,3,6
14000,1,1
14001,0,1
14002,2,3
14003,0,8
14004,9,7
14005,8,2
14006,7,5
14007,8,2
14008,9,8
14009,7,5
14010,5,9
14011,9,7
14012,4,0
14013,0,8
14014,1,8
14015,0,9
14016,1,1
14017,0,8
14018,5,4
14019,4,0
14020,6,8
14021,1,1
14022,5,7
14023,8,2
14024,8,2
14025,2,3
14026,2,3
14027,5,4
14028,2,3
14029,7,5
14030,2,3
14031,3,6
14032,1,7
14033,9,7
14034,4,0
14035,6,8
14036,5,4
14037,5,9
14038,1,1
14039,4,0
14040,8,2
14041,1,1
14042,5,9
14043,8,2
14044,3,6
14045,2,3
14046,9,7
14047,5,4
14048,7,5
14049,7,5
14050,8,2
14051,3,6
14052,4,0
14053,9,7
14054,7,5
14055,6,8
14056,1,1
14057,5,9
14058,5,9
14059,4,0
14060,1,1
14061,1,1
14062,6,8
14063,9,2
14064,5,4
14065,2,3
14066,5,4
14067,5,4
14068,2,8
14069,7,5
14070,1,1
14071,3,6
14072,3,6
14073,9,7
14074,7,5
14075,6,8
14076,5,7
14077,5,9
14078,2,5
14079,1,1
14080,2,3
14081,8,2
14082,9,9
14083,3,6
14084,8,2
14085,7,5
14086,5,4
14087,2,3
14088,9,7
14089,4,0
14090,2,5
14091,8,2
14092,4,0
14093,6,8
14094,9,7
14095,5,7
14096,7,5
14097,4,0
14098,1,1
14099,2,3
14100,3,5
14101,3,6
14102,4,0
14103,5,4
14104,9,7
14105,5,4
14106,7,5
14107,2,3
14108,8,2
14109,3,6
14110,4,0
14111,9,7
14112,8,2
14113,1,2
14114,9,7
14115,2,3
14116,5,9
14117,5,9
14118,8,2
14119,1,1
14120,2,9
14121,1,2
14122,7,5
14123,1,1
14124,8,2
14125,1,2
14126,1,1
14127,5,9
14128,2,8
14129,3,6
14130,8,2
14131,4,0
14132,8,2
14133,1,1
14134,5,4
14135,2,3
14136,3,6
14137,4,0
14138,9,7
14139,1,2
14140,6,8
14141,5,7
14142,5,9
14143,7,5
14144,4,5
14145,5,7
14146,5,9
14147,3,6
14148,4,0
14149,1,1
14150,7,5
14151,5,9
14152,0,7
14153,4,0
14154,1,1
14155,3,6
14156,5,4
14157,4,0
14158,4,0
14159,3,6
14160,4,0
14161,4,0
14162,1,8
14163,8,2
14164,5,9
14165,4,0
14166,2,3
14167,3,6
14168,7,5
14169,1,1
14170,6,8
14171,7,5
14172,3,6
14173,6,8
14174,4,2
14175,5,4
14176,5,4
14177,2,3
14178,3,6
14179,4,0
14180,7,5
14181,1,1
14182,5,9
14183,7,5
14184,2,3
14185,5,4
14186,4,6
14187,5,4
14188,5,4
14189,5,8
14190,3,6
14191,5,8
14192,6,8
14193,5,4
14194,5,4
14195,7,5
14196,1,1
14197,9,7
14198,5,4
14199,7,5
14200,2,3
14201,5,7
14202,4,0
14203,6,8
14204,7,5
14205,2,3
14206,5,4
14207,5,4
14208,5,9
14209,6,8
14210,8,3
14211,6,8
14212,1,1
14213,7,5
14214,7,5
14215,8,2
14216,5,9
14217,5,9
14218,7,5
14219,9,7
14220,5,4
14221,1,1
14222,7,9
14223,2,3
14224,1,1
14225,6,8
14226,6,8
14227,1,1
14228,1,1
14229,4,0
14230,8,2
14231,9,7
14232,3,6
14233,7,5
14234,1,1
14235,5,9
14236,2,3
14237,3,6
14238,0,7
14239,5,9
14240,5,9
14241,5,4
14242,9,7
14243,9,7
14244,8,2
14245,9,7
14246,9,7
14247,5,9
14248,3,6
14249,5,9
14250,6,8
14251,7,5
14252,1,1
14253,6,8
14254,1,9
14255,2,3
14256,3,6
14257,5,4
14258,4,0
14259,5,4
14260,5,4
14261,2,3
14262,2,3
14263,2,8
14264,8,2
14265,3,6
14266,2,3
14267,1,2
14268,1,1
14269,4,0
14270,6,8
14271,0,1
14272,5,4
14273,8,2
14274,5,4
14275,2,3
14276,4,0
14277,9,7
14278,4,0
14279,6,8
14280,5,7
14281,9,9
14282,4,0
14283,2,3
14284,9,7
14285,5,4
14286,9,3
14287,9,7
14288,9,7
14289,9,9
14290,5,4
14291,4,0
14292,3,6
14293,0,1
14294,9,9
14295,4,2
14296,5,4
14297,2,3
14298,1,1
14299,0,7
14300,3,6
14301,6,8
14302,8,2
14303,2,3
14304,6,8
14305,6,8
14306,5,9
14307,9,7
14308,3,6
14309,0,1
14310,1,1
14311,4,0
14312,1,1
14313,9,7
14314,1,1
14315,3,6
14316,7,5
14317,9,9
14318,7,5
14319,4,0
14320,2,3
14321,0,1
14322,2,8
14323,4,0
14324,5,9
14325,4,0
14326,5,4
14327,0,1
14328,3,6
14329,3,0
14330,3,6
14331,9,9
14332,5,9
14333,6,3
14334,4,0
14335,5,4
14336,9,9
14337,0,7
14338,6,8
14339,3,6
14340,4,2
14341,9,9
14342,9,2
14343,8,2
14344,3,6
14345,0,1
14346,1,1
14347,3,6
14348,9,7
14349,5,4
14350,2,3
14351,0,4
14352,2,3
14353,0,1
14354,1,1
14355,8,2
14356,4,0
14357,8,2
14358,5,9
14359,0,1
14360,9,7
14361,2,3
14362,6,8
14363,8,2
14364,9,9
14365,9,9
14366,0,1
14367,8,3
14368,7,5
14369,8,2
14370,7,5
14371,0,1
14372,3,6
14373,8,2
14374,1,6
14375,0,1
14376,2,5
14377,3,6
14378,8,2
14379,9,7
14380,6,8
14381,8,2
14382,2,8
14383,2,3
14384,4,0
14385,0,8
14386,9,7
14387,9,7
14388,2,3
14389,7,5
14390,5,4
14391,9,7
14392,8,2
14393,4,0
14394,2,3
14395,9,7
14396,1,8
14397,0,4
14398,9,7
14399,3,6
14400,3,6
14401,2,3
14402,4,0
14403,0,7
14404,3,5
14405,3,6
14406,4,8
14407,5,9
14408,1,1
14409,9,9
14410,2,3
14411,5,4
14412,4,0
14413,6,8
14414,1,1
14415,5,4
14416,3,6
14417,0,1
14418,3,6
14419,4,0
14420,2,3
14421,3,6
14422,8,2
14423,3,6
14424,5,4
14425,4,0
14426,5,4
14427,1,1
14428,2,5
14429,8,2
14430,4,0
14431,2,3
14432,5,4
14433,5,4
14434,5,9
14435,7,5
14436,5,9
14437,3,6
14438,6,8
14439,9,7
14440,5,4
14441,6,8
14442,5,9
14443,9,9
14444,2,5
14445,4,0
14446,8,2
14447,2,3
14448,9,7
14449,5,4
14450,2,3
14451,7,5
14452,2,8
14453,3,6
14454,2,3
14455,9,7
14456,2,3
14457,6,8
14458,1,2
14459,9,9
14460,9,7
14461,4,0
14462,1,1
14463,0,1
14464,1,1
14465,8,2
14466,1,1
14467,2,3
14468,8,2
14469,5,4
14470,9,7
14471,7,5
14472,4,0
14473,3,6
14474,6,8
14475,9,7
14476,2,3
14477,6,8
14478,0,8
14479,9,9
14480,2,8
14481,4,0
14482,5,4
14483,7,5
14484,8,2
14485,7,5
14486,7,5
14487,3,6
14488,2,3
14489,7,5
14490,8,2
14491,4,0
14492,3,6
14493,5,9
14494,6,8
14495,6,8
14496,5,4
14497,5,9
14498,1,1
14499,6,8
14500,3,6
14501,5,4
14502,5,9
14503,0,1
14504,5,9
14505,9,7
14506,0,7
14507,7,5
14508,8,2
14509,0,1
14510,8,2
14511,4,0
14512,7,5
14513,4,0
14514,2,3
14515,8,2
14516,1,1
14517,8,2
14518,4,0
14519,9,7
14520,5,4
14521,1,1
14522,4,7
14523,8,2
14524,1,6
14525,3,6
14526,3,6
14527,2,3
14528,5,4
14529,2,3
14530,4,0
14531,1,7
14532,9,7
14533,2,3
14534,2,5
14535,2,3
14536,0,7
14537,5,4
14538,5,4
14539,5,4
14540,0,7
14541,0,1
14542,5,4
14543,7,5
14544,2,5
14545,4,0
14546,5,4
14547,5,9
14548,2,3
14549,7,5
14550,8,2
14551,8,2
14552,2,3
14553,6,8
14554,5,9
14555,8,2
14556,9,7
14557,4,0
14558,2,3
14559,4,0
14560,1,1
14561,0,1
14562,3,5
14563,9,7
14564,4,0
14565,3,6
14566,2,3
14567,2,3
14568,5,9
14569,8,2
14570,3,6
14571,0,1
14572,5,4
14573,0,7
14574,4,0
14575,0,1
14576,3,6
14577,2,3
14578,5,4
14579,5,9
14580,2,9
14581,5,7
14582,5,9
14583,3,6
14584,0,1
14585,0,1
14586,9,7
14587,5,4
14588,2,3
14589,4,0
14590,9,7
14591,7,5
14592,5,4
14593,3,6
14594,9,7
14595,0,1
14596,8,2
14597,0,7
14598,9,7
14599,7,5
14600,9,7
14601,9,7
14602,5,4
14603,8,2
14604,3,6
14605,9,7
14606,0,1
14607,9,9
14608,3,6
14609,7,5
14610,3,6
14611,0,8
14612,1,1
14613,4,0
14614,6,8
14615,1,1
14616,5,4
14617,8,2
14618,3,6
14619,2,3
14620,5,4
14621,5,4
14622,9,7
14623,2,5
14624,2,3
14625,6,8
14626,0,8
14627,5,9
14628,7,5
14629,4,0
14630,7,5
14631,1,1
14632,1,6
14633,8,2
14634,3,6
14635,2,3
14636,2,3
14637,5,4
14638,6,8
14639,2,5
14640,6,8
14641,3,6
14642,9,7
14643,5,7
14644,4,0
14645,6,8
14646,8,2
14647,5,9
14648,1,8
14649,4,0
14650,1,4
14651,1,1
14652,5,4
14653,2,2
14654,0,4
14655,2,3
14656,1,1
14657,5,4
14658,3,6
14659,2,5
14660,3,6
14661,3,6
14662,5,9
14663,9,7
14664,3,8
14665,1,8
14666,3,6
14667,5,9
14668,4,0
14669,6,8
14670,2,5
14671,3,6
14672,3,5
14673,2,5
14674,2,3
14675,4,0
14676,3,6
14677,3,6
14678,1,8
14679,6,8
14680,5,9
14681,5,9
14682,1,1
14683,5,4
14684,9,7
14685,1,1
14686,2,3
14687,5,9
14688,7,5
14689,2,5
14690,5,8
14691,2,3
14692,2,3
14693,4,0
14694,8,2
14695,5,4
14696,5,9
14697,5,8
14698,1,1
14699,5,9
14700,5,4
14701,1,1
14702,8,2
14703,5,4
14704,2,3
14705,4,0
14706,1,8
14707,2,5
14708,3,6
14709,2,5
14710,9,7
14711,8,2
14712,4,0
14713,2,5
14714,2,5
14715,5,4
14716,5,9
14717,4,0
14718,9,7
14719,9,7
14720,5,4
14721,3,6
14722,4,0
14723,4,0
14724,1,1
14725,1,1
14726,1,9
14727,9,7
14728,6,8
14729,4,0
14730,6,8
14731,3,6
14732,3,6
14733,5,8
14734,1,1
14735,5,9
14736,2,3
14737,2,5
14738,2,3
14739,5,4
14740,3,4
14741,9,7
14742,7,5
14743,5,9
14744,9,9
14745,1,8
14746,4,0
14747,3,6
14748,7,5
14749,4,0
14750,9,7
14751,1,8
14752,4,0
14753,1,1
14754,6,8
14755,5,7
14756,1,1
14757,5,7
14758,1,1
14759,1,1
14760,4,2
14761,2,3
14762,5,9
14763,8,2
14764,3,6
14765,2,3
14766,6,8
14767,1,1
14768,3,6
14769,5,4
14770,9,7
14771,8,2
14772,6,8
14773,4,0
14774,5,4
14775,4,0
14776,1,2
14777,9,7
14778,3,6
14779,1,8
14780,5,9
14781,5,4
14782,6,8
14783,3,6
14784,3,6
14785,5,4
14786,2,3
14787,5,9
14788,5,4
14789,2,3
14790,4,9
14791,6,8
14792,2,3
14793,5,4
14794,1,1
14795,5,7
14796,5,9
14797,8,2
14798,8,2
14799,2,5
14800,8,2
14801,3,6
14802,9,7
14803,2,3
14804,3,6
14805,3,6
14806,2,5
14807,8,2
14808,6,8
14809,8,2
14810,2,3
14811,5,4
14812,1,1
14813,3,6
14814,9,7
14815,5,9
14816,5,9
14817,4,0
14818,5,9
14819,8,2
14820,4,0
14821,1,1
14822,9,9
14823,2,3
14824,9,7
14825,2,3
14826,6,8
14827,5,9
14828,7,5
14829,1,7
14830,9,8
14831,1,8
14832,9,7
14833,9,7
14834,1,1
14835,8,2
14836,9,2
14837,8,2
14838,8,2
14839,2,5
14840,4,0
14841,5,7
14842,5,9
14843,5,9
14844,5,9
14845,1,8
14846,1,1
14847,8,2
14848,3,6
14849,1,1
14850,9,7
14851,2,3
14852,6,2
14853,1,1
14854,2,5
14855,2,3
14856,2,3
14857,4,0
14858,1,1
14859,0,1
14860,1,1
14861,8,2
14862,2,5
14863,2,3
14864,2,3
14865,5,4
14866,9,7
14867,7,5
14868,8,2
14869,3,6
14870,1,1
14871,9,7
14872,6,8
14873,6,8
14874,1,1
14875,9,9
14876,8,2
14877,4,0
14878,2,3
14879,0,1
14880,2,3
14881,8,2
14882,5,4
14883,2,3
14884,5,9
14885,5,4
14886,5,9
14887,7,5
14888,5,9
14889,3,6
14890,4,0
14891,9,7
14892,1,1
14893,6,8
14894,1,5
14895,9,9
14896,7,8
14897,4,0
14898,9,7
14899,0,1
14900,1,1
14901,8,2
14902,6,8
14903,2,3
14904,5,4
14905,5,4
14906,1,1
14907,7,5
14908,6,8
14909,3,6
14910,3,6
14911,9,7
14912,4,6
14913,0,8
14914,8,2
14915,9,9
14916,2,3
14917,7,5
14918,7,5
14919,4,0
14920,9,7
14921,3,6
14922,5,9
14923,6,8
14924,1,1
14925,5,9
14926,9,7
14927,5,4
14928,5,9
14929,1,1
14930,9,7
14931,5,9
14932,8,2
14933,7,5
14934,5,9
14935,2,3
14936,1,1
14937,4,0
14938,8,2
14939,5,4
14940,7,6
14941,6,8
14942,1,1
14943,9,9
14944,4,0
14945,0,1
14946,7,5
14947,5,4
14948,1,1
14949,4,0
14950,5,9
14951,7,5
14952,3,6
14953,1,1
14954,9,7
14955,7,5
14956,5,9
14957,5,4
14958,1,1
14959,4,0
14960,3,6
14961,9,7
14962,1,2
14963,3,6
14964,1,1
14965,4,0
14966,5,4
14967,1,1
14968,1,8
14969,9,7
14970,2,5
14971,4,0
14972,9,4
14973,3,6
14974,5,9
14975,6,8
14976,5,4
14977,9,9
14978,8,2
14979,7,5
14980,1,1
14981,5,4
14982,5,9
14983,9,7
14984,5,9
14985,5,9
14986,1,1
14987,6,8
14988,5,9
14989,3,6
14990,5,4
14991,4,0
14992,1,1
14993,6,8
14994,4,5
14995,1,1
14996,8,2
14997,9,7
14998,1,1
14999,5,7
15000,7,5
15001,1,1
15002,1,1
15003,2,3
15004,3,6
15005,8,2
15006,3,6
15007,2,3
15008,2,3
15009,1,1
15010,2,3
15011,5,4
15012,2,5
15013,8,2
15014,2,3
15015,4,0
15016,8,2
15017,4,0
15018,5,9
15019,9,7
15020,1,1
15021,6,8
15022,1,3
15023,5,4
15024,7,5
15025,3,6
15026,1,1
15027,5,4
15028,4,0
15029,5,9
15030,8,2
15031,2,3
15032,1,6
15033,6,8
15034,1,1
15035,5,4
15036,3,6
15037,9,7
15038,5,4
15039,8,2
15040,8,2
15041,7,5
15042,4,0
15043,3,6
15044,1,1
15045,2,3
15046,4,0
15047,3,6
15048,0,1
15049,9,9
15050,6,8
15051,3,6
15052,2,3
15053,2,3
15054,7,5
15055,8,2
15056,1,8
15057,8,2
15058,5,4
15059,5,4
15060,4,0
15061,3,6
15062,9,7
15063,5,9
15064,4,0
15065,4,0
15066,2,5
15067,8,2
15068,1,1
15069,7,5
15070,5,5
15071,7,5
15072,5,9
15073,1,1
15074,9,7
15075,2,3
15076,2,3
15077,2,3
15078,5,4
15079,9,9
15080,2,3
15081,9,7
15082,1,1
15083,8,2
15084,3,6
15085,7,5
15086,9,7
15087,9,7
15088,3,6
15089,5,9
15090,2,3
15091,6,8
15092,5,4
15093,8,2
15094,8,2
15095,1,1
15096,6,8
15097,2,3
15098,5,7
15099,1,1
15100,5,4
15101,2,3
15102,0,8
15103,4,0
15104,6,8
15105,1,1
15106,9,7
15107,8,2
15108,1,0
15109,2,3
15110,7,5
15111,1,4
15112,5,9
15113,9,7
15114,4,6
15115,6,8
15116,7,5
15117,9,9
15118,2,5
15119,4,0
15120,4,0
15121,0,1
15122,9,7
15123,8,2
15124,5,9
15125,2,3
15126,2,5
15127,9,7
15128,5,9
15129,6,8
15130,4,0
15131,9,9
15132,8,2
15133,4,0
15134,3,6
15135,0,1
15136,7,5
15137,8,2
15138,1,1
15139,2,3
15140,7,5
15141,0,4
15142,4,0
15143,7,5
15144,2,5
15145,3,6
15146,9,9
15147,9,7
15148,1,1
15149,7,8
15150,4,0
15151,9,9
15152,1,1
15153,8,2
15154,1,1
15155,7,5
15156,4,0
15157,1,1
15158,6,8
15159,3,6
15160,4,0
15161,5,4
15162,5,9
15163,2,3
15164,1,1
15165,9,9
15166,3,6
15167,0,9
15168,0,7
15169,4,0
15170,9,9
15171,5,9
15172,9,7
15173,9,7
15174,2,3
15175,0,1
15176,2,3
15177,3,6
15178,5,5
15179,5,4
15180,5,4
15181,2,3
15182,1,1
15183,3,6
15184,5,4
15185,8,2
15186,2,3
15187,8,2
15188,7,6
15189,4,0
15190,3,6
15191,4,0
15192,9,7
15193,7,5
15194,9,9
15195,5,9
15196,3,6
15197,7,5
15198,4,0
15199,9,7
15200,9,7
15201,2,3
15202,1,7
15203,8,2
15204,9,7
15205,8,2
15206,2,5
15207,1,4
15208,4,0
15209,9,7
15210,2,3
15211,3,6
15212,5,9
15213,9,7
15214,5,4
15215,9,7
15216,2,3
15217,8,2
15218,5,4
15219,6,8
15220,3,6
15221,6,8
15222,5,9
15223,8,2
15224,1,1
15225,6,8
15226,2,3
15227,2,3
15228,8,2
15229,9,7
15230,9,7
15231,0,1
15232,7,5
15233,2,3
15234,3,6
15235,9,9
15236,6,8
15237,4,0
15238,7,5
15239,9,9
15240,1,1
15241,0,1
15242,4,0
15243,9,7
15244,9,9
15245,2,3
15246,2,3
15247,7,8
15248,6,8
15249,4,0
15250,2,3
15251,2,3
15252,1,1
15253,9,9
15254,9,7
15255,1,1
15256,9,7
15257,4,6
15258,6,8
15259,5,4
15260,9,7
15261,5,3
15262,8,2
15263,8,2
15264,1,1
15265,0,1
15266,1,1
15267,6,8
15268,5,9
15269,3,6
15270,8,2
15271,1,1
15272,8,2
15273,7,5
15274,5,4
15275,4,0
15276,1,7
15277,0,1
15278,4,2
15279,8,2
15280,3,6
15281,2,3
15282,6,8
15283,5,4
15284,7,5
15285,7,5
15286,6,8
15287,3,6
15288,4,0
15289,6,8
15290,0,1
15291,4,0
15292,2,3
15293,0,1
15294,5,4
15295,8,2
15296,8,2
15297,2,3
15298,5,4
15299,5,4
15300,1,1
15301,7,5
15302,5,9
15303,3,6
15304,7,5
15305,9,7
15306,7,5
15307,6,8
15308,1,1
15309,9,9
15310,5,4
15311,4,0
15312,5,9
15313,5,4
15314,3,6
15315,7,5
15316,0,1
15317,3,6
15318,4,0
15319,9,7
15320,3,6
15321,6,8
15322,2,3
15323,9,9
15324,3,6
15325,4,0
15326,5,9
15327,9,7
15328,8,2
15329,4,0
15330,4,0
15331,9,7
15332,2,3
15333,6,8
15334,3,6
15335,2,3
15336,2,3
15337,7,5
15338,7,6
15339,2,3
15340,9,7
15341,6,8
15342,2,3
15343,6,8
15344,4,0
15345,0,1
15346,2,3
15347,5,4
15348,3,6
15349,9,9
15350,2,3
15351,3,6
15352,3,4
15353,0,1
15354,1,9
15355,6,8
15356,1,1
15357,9,9
15358,7,5
15359,5,4
15360,5,9
15361,0,1
15362,2,5
15363,8,2
15364,6,8
15365,7,5
15366,6,8
15367,9,9
15368,2,2
15369,0,9
15370,3,6
15371,7,5
15372,2,3
15373,5,4
15374,7,5
15375,2,3
15376,5,4
15377,2,3
15378,7,5
15379,2,3
15380,1,1
15381,9,9
15382,4,0
15383,4,0
15384,3,6
15385,0,1
15386,3,6
15387,9,9
15388,2,3
15389,0,1
15390,7,5
15391,8,2
15392,1,1
15393,9,7
15394,5,4
15395,9,9
15396,1,1
15397,0,1
15398,7,5
15399,4,0
15400,5,4
15401,3,6
15402,5,5
15403,8,2
15404,4,6
15405,5,4
15406,2,8
15407,4,0
15408,6,8
15409,2,3
15410,9,7
15411,0,8
15412,2,3
15413,9,9
15414,5,9
15415,7,5
15416,5,4
15417,3,6
15418,8,2
15419,3,6
15420,5,4
15421,7,5
15422,9,7
15423,0,1
15424,5,8
15425,9,7
15426,5,4
15427,0,1
15428,0,1
15429,0,4
15430,6,8
15431,3,6
15432,5,4
15433,5,9
15434,3,2
15435,0,1
15436,6,8
15437,2,3
15438,1,1
15439,0,1
15440,8,2
15441,3,6
15442,4,0
15443,2,3
15444,7,5
15445,4,0
15446,5,9
15447,3,6
15448,3,6
15449,9,7
15450,3,6
15451,0,1
15452,9,7
15453,2,3
15454,4,0
15455,6,8
15456,5,4
15457,8,2
15458,6,8
15459,3,6
15460,9,7
15461,8,2
15462,7,5
15463,3,6
15464,3,5
15465,9,7
15466,8,2
15467,6,8
15468,9,7
15469,9,7
15470,8,2
15471,4,0
15472,2,3
15473,1,1
15474,2,3
15475,8,2
15476,8,2
15477,2,3
15478,3,6
15479,5,4
15480,4,0
15481,0,5
15482,2,3
15483,3,6
15484,3,6
15485,9,7
15486,1,3
15487,6,8
15488,7,5
15489,5,9
15490,9,7
15491,4,0
15492,4,0
15493,0,1
15494,5,7
15495,8,2
15496,5,3
15497,2,3
15498,5,9
15499,9,7
15500,3,6
15501,0,8
15502,6,8
15503,5,9
15504,4,0
15505,4,0
15506,8,2
15507,0,1
15508,4,0
15509,8,2
15510,1,2
15511,2,3
15512,5,9
15513,9,7
15514,5,4
15515,0,8
15516,4,0
15517,9,9
15518,9,7
15519,2,3
15520,4,0
15521,5,4
15522,6,8
15523,1,1
15524,4,0
15525,5,4
15526,7,6
15527,3,6
15528,1,5
15529,3,6
15530,4,0
15531,9,7
15532,2,8
15533,2,3
15534,2,3
15535,2,3
15536,1,1
15537,8,2
15538,7,5
15539,0,1
15540,2,3
15541,5,9
15542,4,0
15543,5,4
15544,2,3
15545,9,7
15546,6,8
15547,2,3
15548,1,1
15549,7,5
15550,1,1
15551,5,4
15552,2,5
15553,9,9
15554,5,7
15555,0,1
15556,5,4
15557,0,1
15558,7,5
15559,4,0
15560,5,9
15561,0,1
15562,4,9
15563,0,4
15564,4,0
15565,3,6
15566,4,0
15567,4,0
15568,5,4
15569,8,2
15570,9,7
15571,7,5
15572,2,3
15573,8,2
15574,1,1
15575,0,1
15576,5,4
15577,9,7
15578,1,1
15579,7,5
15580,4,0
15581,4,0
15582,4,0
15583,4,0
15584,5,9
15585,8,2
15586,5,7
15587,2,3
15588,8,2
15589,9,7
15590,4,0
15591,3,6
15592,5,9
15593,5,9
15594,2,5
15595,0,8
15596,8,2
15597,9,7
15598,6,8
15599,0,8
15600,4,0
15601,0,9
15602,5,9
15603,8,2
15604,5,4
15605,8,2
15606,2,3
15607,9,9
15608,1,1
15609,5,9
15610,1,8
15611,7,5
15612,0,1
15613,5,4
15614,8,2
15615,5,4
15616,2,8
15617,5,4
15618,8,2
15619,4,0
15620,3,6
15621,4,0
15622,5,4
15623,9,8
15624,6,8
15625,3,6
15626,6,8
15627,3,6
15628,4,0
15629,0,8
15630,2,3
15631,7,5
15632,0,1
15633,0,1
15634,3,6
15635,9,7
15636,6,8
15637,4,0
15638,3,6
15639,2,3
15640,6,8
15641,3,6
15642,8,2
15643,9,7
15644,5,9
15645,0,8
15646,9,7
15647,2,3
15648,4,0
15649,0,1
15650,8,2
15651,2,3
15652,3,6
15653,9,9
15654,9,9
15655,7,5
15656,2,3
15657,9,9
15658,5,9
15659,9,9
15660,8,2
15661,7,5
15662,4,0
15663,4,0
15664,2,8
15665,5,4
15666,5,9
15667,2,3
15668,5,4
15669,0,1
15670,5,9
15671,9,7
15672,3,6
15673,3,6
15674,3,6
15675,4,0
15676,2,5
15677,0,1
15678,6,8
15679,4,2
15680,8,2
15681,2,3
15682,5,4
15683,5,4
15684,1,1
15685,7,5
15686,5,4
15687,3,6
15688,8,2
15689,9,7
15690,9,7
15691,6,8
15692,4,0
15693,5,9
15694,4,0
15695,4,0
15696,1,1
15697,0,1
15698,7,5
15699,8,2
15700,4,0
15701,2,3
15702,7,5
15703,5,4
15704,4,0
15705,9,7
15706,3,6
15707,6,8
15708,3,6
15709,9,9
15710,1,1
15711,4,0
15712,8,2
15713,0,1
15714,3,6
15715,8,2
15716,1,1
15717,7,3
15718,9,7
15719,0,4
15720,7,5
15721,9,7
15722,1,1
15723,6,8
15724,6,8
15725,9,9
15726,3,5
15727,3,6
15728,0,9
15729,5,4
15730,1,1
15731,8,2
15732,7,5
15733,3,6
15734,4,0
15735,5,4
15736,8,2
15737,9,7
15738,3,8
15739,7,8
15740,9,7
15741,9,9
15742,2,5
15743,7,3
15744,3,6
15745,9,9
15746,9,9
15747,7,3
15748,1,2
15749,4,8
15750,9,7
15751,8,2
15752,5,4
15753,4,0
15754,9,7
15755,5,9
15756,3,6
15757,6,8
15758,1,1
15759,4,0
15760,2,3
15761,4,0
15762,2,3
15763,0,1
15764,2,3
15765,4,0
15766,7,8
15767,7,5
15768,7,5
15769,8,3
15770,4,0
15771,3,5
15772,6,8
15773,7,3
15774,1,3
15775,6,8
15776,1,1
15777,4,0
15778,5,5
15779,5,0
15780,3,6
15781,3,5
15782,6,8
15783,0,4
15784,5,4
15785,2,3
15786,1,1
15787,5,4
15788,3,6
15789,0,1
15790,1,1
15791,7,5
15792,9,7
15793,2,3
15794,7,5
15795,4,0
15796,8,2
15797,3,6
15798,4,0
15799,8,2
15800,7,5
15801,9,7
15802,8,2
15803,0,1
15804,7,5
15805,0,1
15806,3,6
15807,6,8
15808,9,7
15809,0,1
15810,2,5
15811,9,7
15812,0,5
15813,0,1
15814,4,0
15815,7,3
15816,2,3
15817,6,8
15818,9,7
15819,7,5
15820,2,8
15821,5,4
15822,5,4
15823,8,2
15824,9,7
15825,4,0
15826,3,6
15827,9,9
15828,4,0
15829,8,2
15830,7,5
15831,3,6
15832,4,9
15833,9,7
15834,7,5
15835,0,1
15836,6,2
15837,9,9
15838,1,1
15839,3,6
15840,5,4
15841,0,4
15842,5,3
15843,3,6
15844,5,9
15845,8,2
15846,8,2
15847,2,3
15848,2,3
15849,9,7
15850,2,3
15851,0,1
15852,5,4
15853,8,2
15854,4,0
15855,4,5
15856,9,7
15857,2,3
15858,5,9
15859,9,7
15860,9,9
15861,6,8
15862,4,6
15863,4,0
15864,4,0
15865,1,1
15866,5,4
15867,1,2
15868,4,0
15869,1,3
15870,3,6
15871,5,4
15872,2,3
15873,0,5
15874,3,5
15875,3,6
15876,5,4
15877,9,7
15878,1,1
15879,6,8
15880,3,5
15881,9,9
15882,4,0
15883,4,0
15884,7,5
15885,0,1
15886,7,5
15887,1,2
15888,1,1
15889,2,3
15890,4,0
15891,5,4
15892,7,5
15893,2,5
15894,2,9
15895,9,7
15896,3,6
15897,6,8
15898,1,1
15899,0,9
15900,9,7
15901,4,0
15902,8,2
15903,0,1
15904,4,0
15905,8,2
15906,9,7
15907,2,3
15908,3,6
15909,9,7
15910,4,0
15911,6,8
15912,5,9
15913,0,9
15914,3,6
15915,7,5
15916,5,4
15917,1,2
15918,7,5
15919,6,8
15920,1,1
15921,0,1
15922,5,7
15923,9,7
15924,3,6
15925,1,2
15926,4,0
15927,5,4
15928,4,0
15929,0,1
15930,2,3
15931,5,4
15932,5,7
15933,0,1
15934,4,0
15935,6,8
15936,2,3
15937,1,3
15938,2,3
15939,9,7
15940,1,1
15941,6,8
15942,3,4
15943,0,4
15944,5,9
15945,2,3
15946,4,0
15947,1,3
15948,8,2
15949,0,5
15950,6,8
15951,3,6
15952,9,7
15953,9,7
15954,5,7
15955,4,0
15956,6,8
15957,3,6
15958,1,2
15959,0,1
15960,3,6
15961,3,6
15962,1,1
15963,6,8
15964,1,1
15965,4,0
15966,8,2
15967,0,1
15968,2,3
15969,7,5
15970,9,9
15971,4,0
15972,5,9
15973,9,8
15974,1,1
15975,1,5
15976,9,7
15977,0,1
15978,3,6
15979,6,8
15980,2,3
15981,5,4
15982,8,2
15983,9,7
15984,7,5
15985,3,6
15986,2,3
15987,0,9
15988,3,8
15989,0,1
15990,2,3
15991,0,9
15992,4,0
15993,4,0
15994,8,2
15995,3,6
15996,7,5
15997,9,7
15998,9,7
15999,0,1
16000,6,8
16001,8,2
16002,3,6
16003,6,3
16004,9,7
16005,9,9
16006,5,9
16007,8,2
16008,9,9
16009,5,4
16010,2,5
16011,1,5
16012,1,1
16013,2,3
16014,0,1
16015,9,7
16016,9,7
16017,7,5
16018,8,2
16019,1,3
16020,5,9
16021,1,1
16022,4,8
16023,6,8
16024,8,2
16025,1,2
16026,6,8
16027,3,2
16028,2,5
16029,2,3
16030,8,2
16031,4,0
16032,3,6
16033,8,2
16034,5,9
16035,0,9
16036,1,8
16037,5,4
16038,7,5
16039,9,9
16040,6,8
16041,0,7
16042,6,8
16043,4,0
16044,5,8
16045,0,0
16046,8,2
16047,6,2
16048,5,4
16049,9,7
16050,1,1
16051,0,4
16052,9,7
16053,9,9
16054,3,6
16055,5,9
16056,3,6
16057,8,2
16058,8,2
16059,6,8
16060,8,2
16061,1,1
16062,1,1
16063,7,5
16064,3,6
16065,1,6
16066,2,8
16067,9,9
16068,5,4
16069,6,8
16070,3,6
16071,2,3
16072,7,5
16073,6,8
16074,2,3
16075,2,3
16076,1,1
16077,3,6
16078,2,3
16079,9,7
16080,1,1
16081,4,0
16082,5,9
16083,4,0
16084,2,5
16085,4,0
16086,0,1
16087,0,1
16088,3,6
16089,8,2
16090,5,9
16091,2,3
16092,7,5
16093,5,4
16094,5,4
16095,7,5
16096,2,3
16097,3,6
16098,5,4
16099,9,7
16100,5,7
16101,6,8
16102,7,6
16103,9,9
16104,8,2
16105,4,0
16106,5,9
16107,0,1
16108,8,2
16109,8,2
16110,1,1
16111,2,3
16112,7,5
16113,9,7
16114,6,8
16115,6,8
16116,3,5
16117,9,9
16118,3,6
16119,4,0
16120,7,5
16121,0,1
16122,4,0
16123,8,2
16124,1,2
16125,2,3
16126,7,5
16127,5,4
16128,6,8
16129,7,5
16130,1,1
16131,3,6
16132,5,9
16133,9,7
16134,2,3
16135,6,8
16136,4,0
16137,9,9
16138,9,7
16139,4,0
16140,8,2
16141,6,8
16142,4,2
16143,9,7
16144,4,0
16145,6,8
16146,8,2
16147,9,9
16148,1,1
16149,5,9
16150,9,7
16151,4,0
16152,5,9
16153,1,1
16154,6,8
16155,5,4
16156,2,3
16157,7,5
16158,6,8
16159,0,1
16160,3,6
16161,3,6
16162,9,7
16163,4,0
16164,7,5
16165,7,5
16166,8,2
16167,3,6
16168,5,4
16169,9,7
16170,5,9
16171,2,3
16172,6,8
16173,9,9
16174,2,5
16175,5,9
16176,8,2
16177,2,3
16178,4,0
16179,6,8
16180,5,4
16181,0,1
16182,6,8
16183,8,2
16184,6,8
16185,5,9
16186,9,7
16187,3,6
16188,3,6
16189,9,7
16190,2,3
16191,2,3
16192,4,0
16193,8,3
16194,9,7
16195,0,4
16196,4,2
16197,9,7
16198,6,2
16199,9,7
16200,6,2
16201,5,9
16202,4,0
16203,0,1
16204,1,1
16205,9,7
16206,5,4
16207,3,6
16208,2,3
16209,1,2
16210,2,5
16211,0,1
16212,0,7
16213,7,5
16214,5,4
16215,7,5
16216,5,4
16217,4,0
16218,1,1
16219,7,5
16220,2,3
16221,4,0
16222,1,1
16223,6,8
16224,1,1
16225,5,4
16226,9,7
16227,4,0
16228,1,1
16229,2,3
16230,6,8
16231,6,8
16232,6,8
16233,0,1
16234,1,1
16235,8,2
16236,0,1
16237,8,2
16238,4,0
16239,2,3
16240,9,7
16241,0,1
16242,7,5
16243,2,3
16244,4,0
16245,3,6
16246,6,8
16247,9,7
16248,5,7
16249,2,3
16250,5,9
16251,5,4
16252,6,8
16253,5,9
16254,0,1
16255,3,6
16256,5,9
16257,7,5
16258,3,6
16259,0,1
16260,2,3
16261,5,9
16262,1,1
16263,6,8
16264,0,7
16265,0,1
16266,2,8
16267,0,1
16268,7,5
16269,8,2
16270,9,9
16271,9,7
16272,9,7
16273,3,6
16274,6,8
16275,6,8
16276,7,5
16277,0,8
16278,1,1
16279,5,4
16280,5,9
16281,8,2
16282,6,8
16283,8,2
16284,6,8
16285,4,0
16286,4,0
16287,1,1
16288,5,7
16289,8,2
16290,5,4
16291,2,3
16292,1,1
16293,5,4
16294,8,2
16295,2,5
16296,2,3
16297,3,6
16298,8,2
16299,9,7
16300,1,1
16301,6,8
16302,5,4
16303,5,9
16304,9,7
16305,4,0
16306,4,0
16307,1,1
16308,1,1
16309,8,2
16310,7,5
16311,2,3
16312,5,4
16313,5,4
16314,5,4
16315,7,5
16316,9,7
16317,3,6
16318,4,0
16319,9,7
16320,8,2
16321,6,8
16322,6,8
16323,4,0
16324,9,7
16325,1,1
16326,4,0
16327,8,2
16328,8,2
16329,2,3
16330,5,9
16331,5,4
16332,3,6
16333,2,5
16334,1,1
16335,3,6
16336,2,3
16337,9,7
16338,5,4
16339,6,8
16340,6,8
16341,9,9
16342,5,9
16343,9,7
16344,2,3
16345,1,1
16346,3,6
16347,2,5
16348,1,1
16349,3,6
16350,5,9
16351,8,2
16352,4,0
16353,2,5
16354,4,0
16355,4,0
16356,2,5
16357,2,5
16358,2,5
16359,5,4
16360,5,9
16361,8,2
16362,1,1
16363,4,0
16364,2,5
16365,6,8
16366,2,3
16367,1,1
16368,1,1
16369,9,7
16370,2,3
16371,0,1
16372,2,3
16373,6,8
16374,7,5
16375,2,3
16376,1,1
16377,6,8
16378,3,6
16379,5,7
16380,7,5
16381,1,1
16382,6,8
16383,9,7
16384,7,5
16385,0,1
16386,2,3
16387,5,4
16388,5,9
16389,5,4
16390,8,2
16391,5,4
16392,1,1
16393,2,5
16394,5,7
16395,9,7
16396,4,0
16397,5,4
16398,6,8
16399,5,4
16400,2,5
16401,9,7
16402,4,0
16403,8,2
16404,8,2
16405,7,5
16406,7,5
16407,2,3
16408,2,2
16409,9,9
16410,3,6
16411,2,3
16412,4,0
16413,9,9
16414,2,3
16415,4,0
16416,6,8
16417,6,8
16418,1,1
16419,9,7
16420,9,7
16421,9,9
16422,5,9
16423,4,0
16424,7,5
16425,3,6
16426,7,5
16427,2,3
16428,4,0
16429,4,0
16430,3,6
16431,5,4
16432,6,8
16433,3,6
16434,5,4
16435,2,3
16436,3,6
16437,9,7
16438,5,4
16439,4,0
16440,6,8
16441,1,1
16442,7,5
16443,5,4
16444,1,9
16445,6,8
16446,5,5
16447,1,1
16448,5,4
16449,8,2
16450,5,4
16451,9,9
16452,3,6
16453,2,3
16454,5,7
16455,0,1
16456,8,2
16457,6,8
16458,1,1
16459,5,4
16460,4,0
16461,8,2
16462,2,3
16463,5,9
16464,5,4
16465,6,8
16466,5,4
16467,6,8
16468,1,1
16469,3,6
16470,5,9
16471,7,5
16472,8,2
16473,8,2
16474,4,0
16475,0,1
16476,5,9
16477,9,9
16478,9,7
16479,8,2
16480,5,9
16481,9,9
16482,8,2
16483,0,1
16484,4,0
16485,4,0
16486,2,8
16487,7,5
16488,3,9
16489,2,3
16490,2,5
16491,2,3
16492,2,3
16493,3,6
16494,2,5
16495,0,1
16496,9,7
16497,8,2
16498,4,0
16499,2,5
16500,6,8
16501,4,0
16502,2,3
16503,2,3
16504,2,3
16505,9,7
16506,3,6
16507,3,6
16508,1,1
16509,0,1
16510,2,3
16511,4,5
16512,2,3
16513,2,5
16514,9,7
16515,9,9
16516,4,0
16517,6,8
16518,4,0
16519,4,0
16520,4,0
16521,9,9
16522,5,9
16523,4,0
16524,9,7
16525,1,1
16526,5,4
16527,8,2
16528,9,7
16529,2,3
16530,2,3
16531,5,4
16532,8,2
16533,2,5
16534,3,6
16535,3,6
16536,1,1
16537,9,7
16538,3,6
16539,6,8
16540,4,0
16541,5,9
16542,5,4
16543,4,0
16544,1,2
16545,1,1
16546,1,1
16547,8,2
16548,9,7
16549,2,3
16550,3,6
16551,5,4
16552,6,8
16553,7,5
16554,6,8
16555,3,6
16556,2,3
16557,9,7
16558,7,5
16559,6,8
16560,7,6
16561,9,9
16562,1,1
16563,4,0
16564,1,3
16565,0,1
16566,5,4
16567,8,2
16568,5,9
16569,2,3
16570,5,9
16571,5,4
16572,4,4
16573,7,5
16574,2,5
16575,3,6
16576,8,2
16577,9,7
16578,5,4
16579,6,8
16580,5,9
16581,9,9
16582,7,5
16583,3,6
16584,2,3
16585,4,0
16586,7,5
16587,2,3
16588,5,9
16589,5,4
16590,4,6
16591,1,1
16592,7,5
16593,5,4
16594,9,7
16595,4,0
16596,9,7
16597,6,8
16598,4,0
16599,3,6
16600,5,4
16601,5,4
16602,5,9
16603,7,5
16604,3,6
16605,5,4
16606,4,0
16607,4,0
16608,1,1
16609,9,7
16610,1,1
16611,6,8
16612,5,4
16613,9,7
16614,1,1
16615,9,7
16616,3,6
16617,5,9
16618,4,0
16619,4,0
16620,2,3
16621,5,9
16622,5,9
16623,9,7
16624,6,8
16625,5,4
16626,2,3
16627,8,2
16628,9,9
16629,2,5
16630,9,7
16631,6,8
16632,3,6
16633,7,5
16634,4,0
16635,5,9
16636,1,1
16637,6,8
16638,8,2
16639,6,8
16640,4,0
16641,9,7
16642,4,0
16643,1,1
16644,1,7
16645,2,3
16646,7,5
16647,7,5
16648,3,6
16649,2,3
16650,8,2
16651,1,1
16652,5,4
16653,3,6
16654,8,2
16655,7,5
16656,1,1
16657,2,3
16658,1,8
16659,6,8
16660,1,1
16661,9,7
16662,8,2
16663,2,3
16664,8,2
16665,1,1
16666,3,6
16667,3,6
16668,3,6
16669,6,8
16670,1,1
16671,2,5
16672,5,7
16673,5,9
16674,1,1
16675,8,2
16676,3,3
16677,8,2
16678,2,3
16679,4,0
16680,5,4
16681,5,9
16682,2,5
16683,8,2
16684,3,6
16685,5,4
16686,0,1
16687,9,7
16688,6,8
16689,2,3
16690,4,2
16691,1,1
16692,3,5
16693,2,3
16694,1,1
16695,3,6
16696,9,7
16697,8,2
16698,7,5
16699,1,1
16700,9,7
16701,8,2
16702,5,9
16703,3,6
16704,9,9
16705,4,0
16706,9,4
16707,8,2
16708,2,3
16709,8,2
16710,9,7
16711,9,7
16712,9,7
16713,0,1
16714,0,1
16715,2,3
16716,3,2
16717,9,7
16718,1,1
16719,5,4
16720,1,1
16721,9,7
16722,1,1
16723,5,4
16724,6,8
16725,6,8
16726,3,6
16727,5,9
16728,3,6
16729,8,2
16730,0,8
16731,5,9
16732,2,3
16733,2,5
16734,5,9
16735,1,1
16736,3,6
16737,7,5
16738,5,4
16739,3,6
16740,5,9
16741,6,8
16742,1,1
16743,2,3
16744,8,2
16745,2,5
16746,3,6
16747,3,6
16748,2,3
16749,4,0
16750,5,8
16751,5,9
16752,6,8
16753,5,9
16754,8,2
16755,2,3
16756,9,7
16757,0,1
16758,4,0
16759,0,1
16760,8,2
16761,4,0
16762,6,8
16763,2,3
16764,2,3
16765,5,4
16766,3,6
16767,7,5
16768,1,6
16769,3,6
16770,5,9
16771,0,7
16772,8,2
16773,0,8
16774,2,3
16775,9,9
16776,5,9
16777,4,0
16778,5,9
16779,0,1
16780,3,5
16781,8,2
16782,3,6
16783,2,3
16784,7,5
16785,0,8
16786,3,6
16787,4,0
16788,3,6
16789,0,1
16790,6,8
16791,8,2
16792,3,6
16793,2,3
16794,8,2
16795,0,7
16796,3,6
16797,0,8
16798,6,8
16799,0,9
16800,9,7
16801,9,9
16802,5,4
16803,4,0
16804,5,9
16805,0,1
16806,5,9
16807,0,4
16808,5,9
16809,0,7
16810,8,2
16811,2,3
16812,8,2
16813,8,2
16814,9,9
16815,9,9
16816,5,9
16817,4,0
16818,5,4
16819,7,5
16820,6,8
16821,7,6
16822,3,6
16823,0,7
16824,6,8
16825,2,3
16826,2,8
16827,9,9
16828,6,8
16829,9,9
16830,3,6
16831,2,3
16832,7,5
16833,6,8
16834,2,5
16835,0,1
16836,9,7
16837,8,2
16838,0,1
16839,5,9
16840,9,7
16841,3,6
16842,9,7
16843,0,7
16844,7,5
16845,7,5
16846,5,9
16847,7,6
16848,9,7
16849,2,3
16850,5,4
16851,9,4
16852,9,7
16853,9,9
16854,5,9
16855,0,1
16856,5,4
16857,8,2
16858,8,2
16859,9,9
16860,6,8
16861,2,3
16862,7,5
16863,0,4
16864,6,8
16865,0,4
16866,4,0
16867,2,3
16868,4,0
16869,0,1
16870,6,8
16871,9,7
16872,0,1
16873,2,3
16874,5,4
16875,0,4
16876,1,1
16877,9,9
16878,5,9
16879,3,6
16880,6,8
16881,9,9
16882,9,7
16883,0,8
16884,5,9
16885,0,1
16886,5,4
16887,0,1
16888,4,0
16889,3,6
16890,3,6
16891,3,6
16892,2,3
16893,6,8
16894,3,6
16895,8,2
16896,3,6
16897,0,8
16898,3,6
16899,0,4
16900,2,3
16901,0,8
16902,1,2
16903,4,0
16904,1,1
16905,4,0
16906,1,1
16907,1,1
16908,2,5
16909,2,2
16910,7,5
16911,2,3
16912,5,4
16913,5,4
16914,1,1
16915,9,7
16916,8,2
16917,6,8
16918,5,9
16919,9,9
16920,6,8
16921,4,0
16922,2,3
16923,1,1
16924,2,3
16925,8,2
16926,7,5
16927,2,3
16928,4,0
16929,5,4
16930,1,1
16931,0,5
16932,1,1
16933,3,6
16934,5,9
16935,9,7
16936,3,6
16937,6,8
16938,1,1
16939,9,9
16940,2,3
16941,4,0
16942,5,4
16943,0,1
16944,1,1
16945,2,3
16946,1,1
16947,0,4
16948,1,2
16949,9,7
16950,1,1
16951,5,8
16952,8,2
16953,5,9
16954,2,3
16955,6,8
16956,7,5
16957,3,6
16958,8,2
16959,2,5
16960,1,1
16961,3,0
16962,9,7
16963,3,6
16964,6,8
16965,6,8
16966,9,7
16967,9,9
16968,5,9
16969,0,4
16970,9,7
16971,0,1
16972,6,8
16973,9,9
16974,6,8
16975,4,0
16976,3,6
16977,0,4
16978,9,7
16979,6,8
16980,2,5
16981,9,9
16982,5,4
16983,0,1
16984,9,7
16985,0,4
16986,5,7
16987,4,0
16988,1,1
16989,1,2
16990,9,7
16991,1,1
16992,5,9
16993,7,5
16994,6,8
16995,0,4
16996,5,4
16997,3,0
16998,3,6
16999,9,7
17000,2,3
17001,3,6
17002,9,9
17003,4,0
17004,3,6
17005,0,1
17006,7,5
17007,9,7
17008,3,6
17009,4,0
17010,1,3
17011,0,6
17012,1,1
17013,0,8
17014,3,6
17015,5,4
17016,2,5
17017,9,7
17018,5,4
17019,9,9
17020,5,4
17021,6,8
17022,1,1
17023,3,6
17024,7,5
17025,4,0
17026,2,3
17027,6,8
17028,1,1
17029,1,1
17030,1,1
17031,9,7
17032,1,1
17033,9,7
17034,3,6
17035,0,1
17036,6,8
17037,2,3
17038,2,3
17039,3,2
17040,2,3
17041,2,3
17042,0,1
17043,0,1
17044,9,7
17045,0,4
17046,8,2
17047,8,2
17048,4,0
17049,4,0
17050,4,0
17051,4,0
17052,8,2
17053,1,7
17054,9,7
17055,1,8
17056,6,8
17057,9,4
17058,1,1
17059,3,6
17060,6,8
17061,5,9
17062,2,3
17063,2,3
17064,4,0
17065,6,8
17066,7,6
17067,5,4
17068,9,7
17069,9,7
17070,8,2
17071,2,2
17072,1,1
17073,7,5
17074,5,4
17075,3,6
17076,5,4
17077,2,3
17078,8,2
17079,3,6
17080,8,2
17081,5,9
17082,1,3
17083,3,6
17084,6,8
17085,2,3
17086,5,7
17087,8,2
17088,2,3
17089,1,2
17090,1,1
17091,1,4
17092,5,9
17093,7,6
17094,2,5
17095,4,0
17096,6,8
17097,7,5
17098,3,6
17099,7,5
17100,2,3
17101,0,1
17102,5,4
17103,2,3
17104,2,3
17105,2,3
17106,4,0
17107,5,9
17108,4,0
17109,9,7
17110,8,2
17111,6,8
17112,7,8
17113,9,7
17114,9,7
17115,8,2
17116,2,3
17117,9,7
17118,7,5
17119,9,9
17120,4,6
17121,1,8
17122,4,0
17123,8,2
17124,4,0
17125,0,1
17126,3,6
17127,2,3
17128,6,8
17129,0,1
17130,1,1
17131,8,3
17132,0,5
17133,4,0
17134,4,0
17135,0,1
17136,9,7
17137,8,2
17138,7,5
17139,2,3
17140,9,7
17141,5,4
17142,5,9
17143,9,7
17144,9,7
17145,6,8
17146,2,3
17147,9,9
17148,2,3
17149,4,0
17150,3,6
17151,0,1
17152,5,9
17153,8,2
17154,2,3
17155,2,3
17156,7,5
17157,5,4
17158,5,4
17159,7,5
17160,6,8
17161,3,6
17162,6,8
17163,9,7
17164,3,6
17165,6,8
17166,9,9
17167,9,9
17168,3,6
17169,4,0
17170,6,8
17171,0,1
17172,2,5
17173,8,2
17174,3,6
17175,2,3
17176,3,6
17177,9,7
17178,2,8
17179,6,8
17180,1,1
17181,9,9
17182,1,4
17183,9,7
17184,1,1
17185,9,7
17186,5,9
17187,4,0
17188,9,2
17189,2,3
17190,1,9
17191,0,1
17192,2,3
17193,6,8
17194,6,8
17195,9,9
17196,6,8
17197,6,8
17198,5,4
17199,3,6
17200,4,0
17201,7,5
17202,8,2
17203,5,4
17204,3,6
17205,9,7
17206,9,7
17207,2,3
17208,2,3
17209,0,1
17210,3,0
17211,9,9
17212,8,2
17213,0,1
17214,4,0
17215,5,4
17216,8,2
17217,7,5
17218,5,4
17219,7,5
17220,9,2
17221,3,6
17222,1,8
17223,4,0
17224,7,5
17225,0,1
17226,5,9
17227,2,3
17228,9,7
17229,3,6
17230,6,2
17231,5,4
17232,1,1
17233,6,8
17234,9,9
17235,9,9
17236,4,0
17237,7,8
17238,5,4
17239,7,5
17240,0,1
17241,8,2
17242,2,3
17243,0,1
17244,2,8
17245,4,0
17246,8,2
17247,7,5
17248,9,7
17249,3,6
17250,5,4
17251,3,6
17252,3,6
17253,2,3
17254,1,1
17255,2,3
17256,5,4
17257,2,3
17258,2,3
17259,0,1
17260,0,1
17261,9,7
17262,1,1
17263,4,2
17264,7,5
17265,5,2
17266,8,2
17267,9,7
17268,5,4
17269,8,2
17270,6,8
17271,2,3
17272,8,2
17273,3,6
17274,2,3
17275,6,8
17276,5,4
17277,7,5
17278,9,7
17279,0,1
17280,2,3
17281,5,4
17282,9,7
17283,9,9
17284,3,6
17285,4,0
17286,1,1
17287,3,6
17288,2,3
17289,6,8
17290,6,8
17291,6,8
17292,1,3
17293,4,0
17294,7,5
17295,2,3
17296,5,9
17297,9,9
17298,7,5
17299,5,4
17300,5,4
17301,2,3
17302,6,8
17303,9,7
17304,4,0
17305,0,1
17306,9,7
17307,9,7
17308,2,3
17309,3,6
17310,5,9
17311,5,9
17312,7,5
17313,5,4
17314,4,0
17315,8,2
17316,9,7
17317,9,9
17318,2,3
17319,9,9
17320,2,3
17321,5,4
17322,4,0
17323,9,9
17324,2,3
17325,5,4
17326,3,6
17327,4,0
17328,2,3
17329,9,7
17330,2,3
17331,0,1
17332,3,6
17333,2,3
17334,4,0
17335,4,0
17336,8,2
17337,0,1
17338,7,5
17339,8,2
17340,9,7
17341,2,3
17342,5,9
17343,9,7
17344,3,6
17345,6,8
17346,5,9
17347,9,9
17348,6,8
17349,4,0
17350,9,7
17351,0,1
17352,2,3
17353,8,2
17354,2,3
17355,2,3
17356,9,7
17357,5,4
17358,6,8
17359,9,7
17360,4,0
17361,0,8
17362,6,8
17363,9,9
17364,6,8
17365,4,0
17366,7,5
17367,0,1
17368,9,7
17369,8,2
17370,9,7
17371,2,3
17372,8,2
17373,9,7
17374,8,2
17375,8,8
17376,4,0
17377,9,9
17378,1,1
17379,4,0
17380,5,7
17381,4,0
17382,3,6
17383,9,7
17384,9,9
17385,7,5
17386,2,3
17387,7,5
17388,9,7
17389,0,3
17390,5,4
17391,9,7
17392,4,0
17393,0,8
17394,1,1
17395,3,6
17396,3,6
17397,3,6
17398,9,9
17399,0,4
17400,2,5
17401,4,6
17402,1,1
17403,2,3
17404,2,3
17405,6,8
17406,1,4
17407,6,8
17408,3,6
17409,2,3
17410,5,9
17411,4,0
17412,5,4
17413,0,1
17414,3,5
17415,0,4
17416,3,6
17417,5,4
17418,0,1
17419,9,7
17420,9,7
17421,2,3
17422,1,1
17423,0,1
17424,9,7
17425,0,1
17426,3,6
17427,9,9
17428,5,4
17429,0,1
17430,1,1
17431,8,2
17432,8,2
17433,0,1
17434,8,2
17435,2,3
17436,7,5
17437,9,9
17438,1,1
17439,8,2
17440,9,7
17441,9,7
17442,2,3
17443,9,7
17444,5,4
17445,9,9
17446,7,5
17447,9,9
17448,8,2
17449,4,0
17450,5,4
17451,5,4
17452,4,0
17453,7,5
17454,4,0
17455,5,9
17456,6,8
17457,0,1
17458,4,0
17459,0,1
17460,2,3
17461,7,5
17462,4,0
17463,9,9
17464,8,2
17465,0,1
17466,4,0
17467,2,3
17468,7,5
17469,5,4
17470,2,3
17471,2,3
17472,1,1
17473,0,1
17474,5,4
17475,9,9
17476,4,0
17477,0,1
17478,3,4
17479,4,0
17480,8,2
17481,9,7
17482,8,2
17483,9,7
17484,3,6
17485,4,0
17486,5,7
17487,0,1
17488,1,1
17489,8,2
17490,9,7
17491,2,3
17492,5,4
17493,5,4
17494,2,5
17495,0,5
17496,2,3
17497,9,7
17498,5,4
17499,9,8
17500,8,2
17501,9,9
17502,7,5
17503,4,0
17504,7,5
17505,0,1
17506,6,8
17507,8,2
17508,4,0
17509,2,3
17510,3,6
17511,5,4
17512,6,8
17513,9,7
17514,2,5
17515,6,8
17516,8,2
17517,9,9
17518,3,0
17519,4,0
17520,8,2
17521,4,3
17522,7,5
17523,0,4
17524,3,6
17525,9,7
17526,2,3
17527,8,8
17528,3,6
17529,9,9
17530,6,8
17531,9,9
17532,9,7
17533,9,7
17534,4,0
17535,4,0
17536,5,4
17537,9,9
17538,0,1
17539,4,0
17540,1,1
17541,0,1
17542,4,6
17543,7,5
17544,7,5
17545,6,8
17546,3,6
17547,6,8
17548,8,2
17549,4,0
17550,9,9
17551,9,9
17552,5,4
17553,4,3
17554,1,1
17555,8,2
17556,3,6
17557,9,7
17558,2,5
17559,8,8
17560,1,1
17561,5,4
17562,5,9
17563,3,6
17564,6,8
17565,0,4
17566,8,2
17567,7,5
17568,5,4
17569,2,3
17570,9,9
17571,9,9
17572,2,5
17573,5,4
17574,2,3
17575,2,3
17576,5,4
17577,5,4
17578,7,5
17579,8,2
17580,2,3
17581,4,0
17582,2,3
17583,7,5
17584,2,5
17585,4,0
17586,1,1
17587,0,1
17588,2,3
17589,3,6
17590,5,4
17591,9,9
17592,5,4
17593,8,3
17594,1,8
17595,8,2
17596,6,8
17597,5,9
17598,3,5
17599,1,1
17600,8,2
17601,3,6
17602,6,8
17603,4,0
17604,5,4
17605,0,1
17606,4,0
17607,0,1
17608,7,5
17609,6,8
17610,2,5
17611,4,0
17612,5,9
17613,5,4
17614,6,8
17615,9,7
17616,3,6
17617,9,7
17618,1,1
17619,3,6
17620,2,0
17621,2,3
17622,5,9
17623,3,6
17624,2,3
17625,4,0
17626,3,6
17627,0,1
17628,6,8
17629,2,3
17630,9,7
17631,7,5
17632,2,3
17633,5,4
17634,2,3
17635,8,2
17636,3,6
17637,0,1
17638,1,1
17639,0,1
17640,5,4
17641,6,8
17642,2,5
17643,2,3
17644,5,9
17645,7,5
17646,2,3
17647,3,6
17648,4,0
17649,9,7
17650,1,1
17651,7,5
17652,3,6
17653,8,2
17654,6,8
17655,4,0
17656,5,9
17657,3,6
17658,6,8
17659,9,7
17660,8,2
17661,0,1
17662,1,1
17663,8,2
17664,1,1
17665,7,5
17666,9,9
17667,6,8
17668,6,8
17669,0,1
17670,3,6
17671,9,9
17672,6,8
17673,8,3
17674,5,9
17675,6,8
17676,2,3
17677,8,2
17678,5,4
17679,9,8
17680,7,5
17681,6,8
17682,5,9
17683,9,7
17684,1,2
17685,0,1
17686,3,6
17687,9,7
17688,6,8
17689,9,9
17690,5,4
17691,8,2
17692,9,9
17693,4,0
17694,5,4
17695,1,1
17696,9,7
17697,6,2
17698,2,9
17699,2,3
17700,2,8
17701,5,4
17702,5,9
17703,9,7
17704,0,1
17705,6,8
17706,1,1
17707,5,9
17708,5,9
17709,4,0
17710,2,3
17711,1,1
17712,2,3
17713,8,2
17714,9,7
17715,2,3
17716,7,5
17717,5,4
17718,9,7
17719,9,7
17720,5,9
17721,6,8
17722,7,5
17723,5,9
17724,9,7
17725,4,0
17726,4,0
17727,1,1
17728,3,6
17729,8,2
17730,5,4
17731,2,3
17732,2,5
17733,5,4
17734,2,3
17735,9,7
17736,5,4
17737,5,9
17738,4,0
17739,7,5
17740,5,4
17741,2,0
17742,7,5
17743,6,8
17744,5,4
17745,2,3
17746,5,4
17747,7,5
17748,1,1
17749,5,4
17750,1,1
17751,6,8
17752,2,3
17753,2,3
17754,2,3
17755,4,0
17756,5,8
17757,8,2
17758,5,9
17759,1,1
17760,6,8
17761,4,0
17762,9,7
17763,1,2
17764,3,6
17765,6,8
17766,2,3
17767,5,4
17768,6,8
17769,5,4
17770,4,0
17771,0,1
17772,1,7
17773,3,6
17774,5,4
17775,1,1
17776,9,7
17777,2,3
17778,2,3
17779,4,0
17780,7,5
17781,2,3
17782,1,1
17783,3,6
17784,2,8
17785,5,9
17786,8,2
17787,2,3
17788,3,6
17789,9,7
17790,2,3
17791,5,4
17792,5,9
17793,5,9
17794,7,5
17795,9,7
17796,3,6
17797,4,0
17798,9,7
17799,5,9
17800,9,7
17801,5,4
17802,1,1
17803,6,8
17804,6,8
17805,1,2
17806,1,1
17807,9,7
17808,2,8
17809,9,7
17810,2,3
17811,7,5
17812,1,1
17813,9,7
17814,3,6
17815,1,1
17816,9,7
17817,4,9
17818,6,8
17819,7,5
17820,5,3
17821,8,2
17822,5,4
17823,5,4
17824,5,9
17825,6,8
17826,5,9
17827,5,9
17828,4,0
17829,3,6
17830,9,7
17831,5,9
17832,2,3
17833,9,7
17834,1,1
17835,3,6
17836,8,2
17837,5,4
17838,4,0
17839,1,1
17840,8,2
17841,8,2
17842,5,4
17843,3,6
17844,5,4
17845,1,1
17846,1,1
17847,1,1
17848,5,9
17849,5,7
17850,5,4
17851,1,2
17852,3,6
17853,2,3
17854,1,1
17855,3,6
17856,1,1
17857,5,4
17858,5,9
17859,1,8
17860,5,9
17861,5,9
17862,5,4
17863,3,6
17864,2,3
17865,5,4
17866,9,7
17867,3,6
17868,5,4
17869,7,5
17870,5,4
17871,4,0
17872,1,1
17873,1,2
17874,3,6
17875,1,1
17876,3,6
17877,4,0
17878,6,8
17879,7,5
17880,8,2
17881,4,0
17882,9,7
17883,1,1
17884,8,2
17885,1,1
17886,7,5
17887,9,7
17888,1,1
17889,6,8
17890,2,5
17891,5,4
17892,0,2
17893,2,3
17894,6,8
17895,6,2
17896,5,4
17897,9,7
17898,5,4
17899,5,9
17900,1,1
17901,2,3
17902,5,9
17903,9,9
17904,2,3
17905,4,0
17906,2,3
17907,0,1
17908,2,3
17909,8,2
17910,3,6
17911,2,3
17912,8,2
17913,5,4
17914,2,5
17915,7,5
17916,5,4
17917,9,7
17918,5,7
17919,6,8
17920,7,5
17921,9,9
17922,5,4
17923,4,0
17924,6,8
17925,0,1
17926,5,4
17927,8,2
17928,1,1
17929,2,3
17930,4,0
17931,5,4
17932,4,0
17933,3,6
17934,5,4
17935,9,7
17936,5,9
17937,9,8
17938,1,1
17939,5,9
17940,5,4
17941,4,0
17942,1,1
17943,0,1
17944,5,4
17945,8,2
17946,9,7
17947,2,3
17948,4,8
17949,0,4
17950,6,8
17951,7,5
17952,6,8
17953,3,6
17954,5,4
17955,9,7
17956,4,0
17957,0,8
17958,2,9
17959,9,9
17960,1,1
17961,5,7
17962,9,7
17963,9,7
17964,1,1
17965,0,1
17966,2,3
17967,2,3
17968,4,0
17969,9,7
17970,5,4
17971,7,5
17972,5,9
17973,8,2
17974,9,7
17975,6,8
17976,5,4
17977,4,0
17978,5,9
17979,9,7
17980,3,6
17981,7,5
17982,3,6
17983,9,9
17984,1,1
17985,3,6
17986,1,1
17987,4,0
17988,8,3
17989,9,9
17990,6,8
17991,0,4
17992,8,2
17993,2,3
17994,5,9
17995,8,2
17996,3,6
17997,2,3
17998,3,6
17999,0,8
18000,5,4
18001,2,3
18002,9,7
18003,4,2
18004,2,3
18005,7,5
18006,9,7
18007,2,3
18008,1,4
18009,9,9
18010,8,2
18011,5,4
18012,6,8
18013,0,1
18014,6,8
18015,9,9
18016,1,1
18017,8,2
18018,7,5
18019,0,1
18020,9,7
18021,9,9
18022,4,0
18023,3,6
18024,5,9
18025,9,7
18026,5,4
18027,9,9
18028,4,0
18029,4,0
18030,2,3
18031,0,4
18032,3,6
18033,3,6
18034,3,6
18035,0,1
18036,8,2
18037,0,7
18038,8,2
18039,2,3
18040,8,2
18041,6,8
18042,4,0
18043,9,9
18044,2,3
18045,3,6
18046,9,7
18047,0,8
18048,9,7
18049,8,3
18050,1,1
18051,9,9
18052,3,6
18053,0,1
18054,5,4
18055,4,0
18056,5,4
18057,9,9
18058,3,6
18059,2,3
18060,5,9
18061,2,3
18062,5,4
18063,3,6
18064,4,0
18065,8,2
18066,0,7
18067,7,5
18068,3,6
18069,2,3
18070,1,1
18071,5,4
18072,1,1
18073,4,0
18074,1,1
18075,1,1
18076,3,6
18077,8,2
18078,6,8
18079,2,3
18080,7,5
18081,5,4
18082,9,9
18083,7,5
18084,8,2
18085,3,6
18086,9,7
18087,9,7
18088,5,4
18089,6,8
18090,2,5
18091,9,9
18092,5,4
18093,4,0
18094,7,6
18095,1,1
18096,3,6
18097,8,2
18098,5,4
18099,2,3
18100,5,7
18101,5,4
18102,4,0
18103,7,5
18104,6,8
18105,3,6
18106,5,9
18107,9,7
18108,2,3
18109,6,8
18110,1,2
18111,5,9
18112,4,0
18113,4,0
18114,6,8
18115,1,1
18116,1,1
18117,8,2
18118,5,9
18119,2,3
18120,2,3
18121,5,4
18122,9,7
18123,7,5
18124,4,0
18125,3,6
18126,0,8
18127,9,7
18128,3,6
18129,6,8
18130,3,8
18131,5,9
18132,4,0
18133,5,4
18134,3,6
18135,2,2
18136,5,4
18137,4,0
18138,5,9
18139,8,2
18140,3,6
18141,7,5
18142,9,7
18143,9,9
18144,3,6
18145,5,4
18146,5,9
18147,8,2
18148,0,1
18149,3,6
18150,6,8
18151,7,5
18152,9,7
18153,5,9
18154,3,6
18155,2,3
18156,6,8
18157,7,5
18158,8,2
18159,4,0
18160,9,7
18161,9,7
18162,7,5
18163,1,1
18164,8,2
18165,1,1
18166,2,9
18167,7,5
18168,7,6
18169,2,3
18170,9,7
18171,4,0
18172,7,5
18173,9,7
18174,1,1
18175,5,9
18176,1,1
18177,3,6
18178,4,0
18179,1,1
18180,5,4
18181,3,6
18182,1,1
18183,9,7
18184,5,4
18185,5,4
18186,7,5
18187,1,9
18188,1,1
18189,7,5
18190,5,4
18191,9,7
18192,8,2
18193,5,9
18194,3,6
18195,6,8
18196,0,1
18197,7,5
18198,8,2
18199,3,6
18200,5,4
18201,8,2
18202,5,4
18203,5,4
18204,9,7
18205,6,8
18206,8,2
18207,1,1
18208,4,0
18209,7,5
18210,8,2
18211,5,9
18212,4,0
18213,8,2
18214,6,8
18215,8,2
18216,8,2
18217,6,8
18218,2,3
18219,4,0
18220,1,6
18221,3,6
18222,4,0
18223,5,4
18224,1,2
18225,2,3
18226,1,1
18227,9,3
18228,5,9
18229,1,1
18230,8,2
18231,8,2
18232,4,0
18233,5,4
18234,2,5
18235,1,1
18236,8,2
18237,7,5
18238,3,6
18239,6,8
18240,2,3
18241,9,9
18242,6,8
18243,2,3
18244,2,3
18245,5,4
18246,5,4
18247,3,0
18248,2,5
18249,2,3
18250,7,6
18251,5,9
18252,2,3
18253,4,0
18254,7,5
18255,8,2
18256,1,1
18257,9,7
18258,1,1
18259,1,1
18260,8,2
18261,1,1
18262,3,6
18263,4,0
18264,8,2
18265,9,7
18266,0,1
18267,3,6
18268,2,3
18269,9,7
18270,1,1
18271,3,6
18272,6,8
18273,4,0
18274,2,3
18275,3,6
18276,7,5
18277,9,9
18278,4,0
18279,5,4
18280,2,3
18281,6,8
18282,1,1
18283,5,4
18284,4,0
18285,2,3
18286,1,1
18287,2,3
18288,6,8
18289,9,7
18290,8,2
18291,6,8
18292,3,6
18293,1,1
18294,5,4
18295,4,0
18296,5,9
18297,5,4
18298,3,5
18299,2,3
18300,8,2
18301,4,0
18302,3,6
18303,3,6
18304,1,1
18305,6,8
18306,5,4
18307,2,3
18308,5,4
18309,9,7
18310,6,8
18311,6,8
18312,3,6
18313,7,5
18314,1,1
18315,9,7
18316,1,1
18317,6,8
18318,8,2
18319,4,0
18320,9,7
18321,1,1
18322,2,7
18323,8,2
18324,4,0
18325,2,3
18326,2,5
18327,5,4
18328,3,6
18329,7,5
18330,3,6
18331,3,6
18332,5,4
18333,9,7
18334,5,8
18335,6,8
18336,3,6
18337,4,0
18338,2,8
18339,1,1
18340,2,5
18341,8,2
18342,7,5
18343,2,3
18344,3,6
18345,5,4
18346,9,7
18347,7,5
18348,5,8
18349,3,6
18350,5,9
18351,9,7
18352,0,1
18353,6,8
18354,3,6
18355,5,9
18356,8,2
18357,4,0
18358,9,7
18359,1,1
18360,1,1
18361,8,2
18362,5,4
18363,2,3
18364,7,5
18365,5,4
18366,2,5
18367,9,7
18368,5,8
18369,6,8
18370,8,2
18371,4,0
18372,1,1
18373,6,8
18374,5,9
18375,2,3
18376,7,6
18377,5,9
18378,7,8
18379,7,5
18380,2,3
18381,3,6
18382,5,9
18383,6,8
18384,1,1
18385,5,4
18386,8,2
18387,5,9
18388,3,6
18389,1,1
18390,2,3
18391,9,7
18392,9,7
18393,1,1
18394,8,2
18395,9,2
18396,6,8
18397,2,3
18398,5,4
18399,7,5
18400,1,1
18401,5,9
18402,9,7
18403,3,6
18404,7,5
18405,5,9
18406,6,8
18407,1,1
18408,9,7
18409,1,1
18410,9,7
18411,1,1
18412,4,0
18413,8,2
18414,6,8
18415,5,9
18416,2,5
18417,7,5
18418,2,5
18419,5,8
18420,5,4
18421,1,1
18422,3,6
18423,4,2
18424,4,0
18425,4,0
18426,0,3
18427,9,7
18428,3,6
18429,9,7
18430,3,6
18431,7,5
18432,3,6
18433,6,8
18434,6,8
18435,8,2
18436,5,4
18437,5,9
18438,5,4
18439,6,8
18440,7,5
18441,5,9
18442,1,1
18443,4,0
18444,1,1
18445,1,4
18446,7,5
18447,3,6
18448,5,9
18449,9,7
18450,6,8
18451,1,1
18452,1,1
18453,2,3
18454,8,2
18455,5,4
18456,2,5
18457,7,5
18458,5,9
18459,3,6
18460,6,2
18461,4,0
18462,4,0
18463,2,3
18464,4,0
18465,3,6
18466,2,8
18467,6,8
18468,1,1
18469,9,7
18470,7,5
18471,4,0
18472,9,7
18473,9,4
18474,1,1
18475,5,9
18476,2,5
18477,2,3
18478,6,8
18479,9,7
18480,8,2
18481,7,5
18482,1,1
18483,5,4
18484,5,4
18485,2,3
18486,4,0
18487,9,4
18488,1,1
18489,4,2
18490,5,4
18491,6,8
18492,1,1
18493,1,1
18494,9,7
18495,7,5
18496,5,4
18497,1,1
18498,9,7
18499,8,2
18500,5,9
18501,0,4
18502,5,7
18503,2,3
18504,5,4
18505,4,0
18506,5,9
18507,4,0
18508,7,5
18509,4,0
18510,5,9
18511,7,5
18512,5,4
18513,9,7
18514,1,2
18515,4,0
18516,1,1
18517,3,6
18518,7,5
18519,1,4
18520,3,6
18521,6,8
18522,2,3
18523,6,8
18524,1,1
18525,3,6
18526,8,2
18527,2,3
18528,2,3
18529,5,9
18530,3,6
18531,9,9
18532,9,7
18533,6,8
18534,9,7
18535,8,2
18536,3,6
18537,9,7
18538,4,0
18539,9,7
18540,1,1
18541,0,1
18542,2,3
18543,4,0
18544,8,2
18545,1,1
18546,1,1
18547,8,2
18548,3,6
18549,2,3
18550,7,5
18551,5,4
18552,5,9
18553,7,5
18554,9,9
18555,3,6
18556,9,7
18557,9,7
18558,9,9
18559,6,8
18560,5,4
18561,5,9
18562,5,9
18563,4,0
18564,4,0
18565,1,1
18566,8,2
18567,8,2
18568,0,1
18569,2,3
18570,5,4
18571,5,4
18572,4,0
18573,2,5
18574,2,8
18575,3,6
18576,3,6
18577,6,8
18578,5,4
18579,9,9
18580,6,8
18581,4,0
18582,5,4
18583,1,1
18584,2,3
18585,4,2
18586,4,0
18587,2,3
18588,2,3
18589,5,4
18590,4,0
18591,7,5
18592,5,4
18593,3,6
18594,2,5
18595,6,8
18596,5,4
18597,9,7
18598,4,9
18599,4,0
18600,7,5
18601,5,4
18602,5,9
18603,4,0
18604,5,4
18605,3,6
18606,4,0
18607,5,4
18608,7,6
18609,9,7
18610,5,9
18611,3,6
18612,2,3
18613,8,2
18614,6,8
18615,2,3
18616,9,7
18617,5,4
18618,6,8
18619,6,8
18620,8,2
18621,9,7
18622,8,2
18623,6,8
18624,5,9
18625,3,6
18626,2,3
18627,2,3
18628,5,9
18629,6,8
18630,2,3
18631,4,2
18632,8,2
18633,8,2
18634,8,2
18635,6,8
18636,5,4
18637,5,4
18638,5,4
18639,7,5
18640,1,1
18641,4,0
18642,6,8
18643,8,2
18644,6,8
18645,4,0
18646,2,3
18647,1,1
18648,9,7
18649,1,1
18650,4,0
18651,8,2
18652,7,6
18653,5,9
18654,5,4
18655,3,6
18656,1,1
18657,6,8
18658,4,0
18659,1,1
18660,6,8
18661,8,2
18662,8,2
18663,1,1
18664,1,1
18665,4,0
18666,5,9
18667,3,6
18668,5,9
18669,5,9
18670,3,6
18671,9,7
18672,3,6
18673,7,5
18674,6,8
18675,2,3
18676,7,5
18677,5,9
18678,3,6
18679,2,3
18680,5,9
18681,9,7
18682,9,7
18683,1,1
18684,1,2
18685,6,8
18686,5,4
18687,2,3
18688,5,9
18689,6,8
18690,6,8
18691,9,7
18692,1,1
18693,8,2
18694,5,9
18695,0,1
18696,7,5
18697,5,9
18698,9,9
18699,7,5
18700,0,9
18701,7,5
18702,3,6
18703,4,0
18704,1,6
18705,1,1
18706,9,7
18707,1,1
18708,5,4
18709,5,9
18710,6,8
18711,6,8
18712,4,0
18713,4,2
18714,6,8
18715,4,0
18716,3,6
18717,5,4
18718,4,0
18719,7,5
18720,9,7
18721,3,6
18722,5,9
18723,7,5
18724,5,4
18725,4,0
18726,5,4
18727,2,3
18728,2,9
18729,9,7
18730,5,4
18731,5,9
18732,3,6
18733,5,9
18734,9,7
18735,2,3
18736,9,7
18737,4,0
18738,5,9
18739,2,3
18740,2,8
18741,1,1
18742,2,3
18743,4,0
18744,5,9
18745,5,4
18746,5,9
18747,5,9
18748,8,2
18749,7,5
18750,4,0
18751,5,4
18752,2,3
18753,9,7
18754,5,7
18755,5,9
18756,5,9
18757,9,7
18758,0,1
18759,4,0
18760,1,1
18761,1,1
18762,3,8
18763,8,2
18764,8,2
18765,2,3
18766,2,3
18767,5,4
18768,1,1
18769,7,5
18770,2,3
18771,3,6
18772,3,6
18773,9,7
18774,6,8
18775,6,8
18776,8,2
18777,9,9
18778,7,5
18779,4,0
18780,8,2
18781,1,1
18782,7,5
18783,8,2
18784,9,7
18785,2,3
18786,5,9
18787,5,4
18788,3,6
18789,7,5
18790,1,1
18791,3,6
18792,1,1
18793,9,7
18794,4,0
18795,6,8
18796,2,3
18797,9,9
18798,6,8
18799,4,0
18800,1,1
18801,0,1
18802,2,3
18803,8,2
18804,8,2
18805,2,3
18806,1,1
18807,5,4
18808,7,5
18809,9,7
18810,0,7
18811,6,8
18812,2,3
18813,9,9
18814,1,3
18815,8,2
18816,1,7
18817,6,2
18818,5,7
18819,9,7
18820,5,9
18821,3,6
18822,7,5
18823,5,4
18824,0,7
18825,9,7
18826,2,3
18827,2,3
18828,5,9
18829,7,5
18830,1,1
18831,5,4
18832,4,0
18833,0,1
18834,9,7
18835,6,8
18836,4,0
18837,4,0
18838,3,6
18839,7,5
18840,2,3
18841,8,2
18842,5,9
18843,9,7
18844,9,7
18845,3,2
18846,5,4
18847,2,3
18848,3,6
18849,3,6
18850,8,2
18851,8,2
18852,1,1
18853,0,1
18854,5,4
18855,9,7
18856,6,8
18857,9,7
18858,4,0
18859,5,9
18860,9,9
18861,9,9
18862,2,3
18863,0,1
18864,8,2
18865,8,2
18866,5,4
18867,5,4
18868,4,0
18869,3,6
18870,1,1
18871,9,7
18872,6,8
18873,9,7
18874,5,9
18875,7,5
18876,9,7
18877,5,4
18878,4,0
18879,7,5
18880,1,1
18881,4,0
18882,2,5
18883,5,9
18884,6,8
18885,9,9
18886,1,1
18887,6,8
18888,5,4
18889,4,0
18890,6,8
18891,8,2
18892,4,0
18893,4,0
18894,9,7
18895,2,3
18896,4,0
18897,7,5
18898,5,4
18899,0,1
18900,8,2
18901,6,8
18902,6,8
18903,3,6
18904,3,6
18905,5,4
18906,1,1
18907,3,6
18908,3,6
18909,4,0
18910,5,7
18911,3,6
18912,1,1
18913,5,4
18914,4,0
18915,2,3
18916,5,9
18917,5,9
18918,1,1
18919,2,3
18920,2,3
18921,4,0
18922,8,2
18923,4,0
18924,2,3
18925,7,5
18926,4,0
18927,8,2
18928,5,9
18929,7,5
18930,1,2
18931,6,8
18932,7,5
18933,6,8
18934,7,5
18935,9,9
18936,4,0
18937,5,4
18938,2,5
18939,2,3
18940,0,1
18941,5,4
18942,0,1
18943,8,2
18944,5,9
18945,6,8
18946,8,2
18947,7,5
18948,2,3
18949,7,5
18950,9,7
18951,0,7
18952,6,8
18953,0,1
18954,5,4
18955,2,3
18956,3,6
18957,3,6
18958,1,1
18959,9,9
18960,2,3
18961,5,4
18962,5,7
18963,0,1
18964,2,3
18965,2,3
18966,9,7
18967,6,8
18968,2,5
18969,9,7
18970,4,0
18971,3,6
18972,1,2
18973,9,9
18974,2,3
18975,2,3
18976,5,9
18977,2,3
18978,8,2
18979,9,7
18980,1,1
18981,5,4
18982,3,6
18983,0,1
18984,2,9
18985,9,9
18986,2,3
18987,0,1
18988,5,4
18989,4,0
18990,5,4
18991,4,0
18992,2,3
18993,0,1
18994,6,8
18995,8,2
18996,5,9
18997,2,3
18998,1,2
18999,5,4
19000,6,8
19001,7,5
19002,3,6
19003,9,7
19004,4,0
19005,0,8
19006,4,0
19007,0,9
19008,4,0
19009,4,0
19010,0,1
19011,0,1
19012,4,0
19013,8,2
19014,2,3
19015,2,3
19016,2,3
19017,9,4
19018,1,1
19019,7,5
19020,7,5
19021,3,6
19022,7,5
19023,0,7
19024,5,9
19025,0,8
19026,5,4
19027,4,0
19028,8,2
19029,0,1
19030,5,9
19031,8,2
19032,5,4
19033,5,4
19034,5,4
19035,7,5
19036,1,1
19037,7,6
19038,4,0
19039,0,7
19040,3,6
19041,0,8
19042,5,9
19043,0,8
19044,5,4
19045,9,9
19046,6,8
19047,9,9
19048,3,6
19049,4,0
19050,9,7
19051,0,1
19052,6,8
19053,8,2
19054,9,7
19055,5,4
19056,2,5
19057,9,7
19058,0,1
19059,5,4
19060,4,0
19061,4,0
19062,3,6
19063,2,3
19064,5,4
19065,0,8
19066,3,6
19067,0,8
19068,1,1
19069,8,2
19070,1,1
19071,0,1
19072,4,0
19073,9,7
19074,4,0
19075,2,3
19076,5,4
19077,7,5
19078,7,5
19079,6,8
19080,4,0
19081,7,5
19082,4,0
19083,7,5
19084,8,2
19085,9,9
19086,1,7
19087,8,2
19088,5,4
19089,2,5
19090,1,1
19091,0,1
19092,2,3
19093,0,1
19094,1,1
19095,3,6
19096,1,1
19097,8,2
19098,5,9
19099,0,1
19100,1,1
19101,2,3
19102,1,1
19103,0,8
19104,4,0
19105,3,6
19106,7,5
19107,5,4
19108,2,5
19109,9,9
19110,2,3
19111,5,4
19112,5,4
19113,9,9
19114,2,3
19115,8,2
19116,2,3
19117,4,0
19118,3,6
19119,4,0
19120,5,9
19121,5,4
19122,0,1
19123,5,4
19124,5,8
19125,3,6
19126,5,9
19127,4,0
19128,6,8
19129,8,2
19130,3,5
19131,6,8
19132,8,2
19133,4,0
19134,3,6
19135,3,6
19136,0,1
19137,0,8
19138,5,4
19139,0,1
19140,5,9
19141,9,7
19142,3,6
19143,9,9
19144,9,9
19145,0,1
19146,5,9
19147,9,9
19148,5,8
19149,8,2
19150,1,1
19151,3,6
19152,8,2
19153,9,7
19154,8,2
19155,3,6
19156,4,0
19157,3,6
19158,1,1
19159,6,8
19160,2,5
19161,5,4
19162,2,5
19163,9,9
19164,9,7
19165,8,2
19166,4,0
19167,0,1
19168,1,1
19169,2,3
19170,2,5
19171,4,0
19172,9,7
19173,7,5
19174,7,5
19175,7,5
19176,0,1
19177,6,8
19178,5,9
19179,4,0
19180,4,0
19181,2,3
19182,6,8
19183,9,7
19184,9,7
19185,9,9
19186,7,5
19187,9,7
19188,1,1
19189,4,0
19190,5,9
19191,8,2
19192,5,4
19193,9,7
19194,6,8
19195,2,3
19196,3,6
19197,3,6
19198,5,4
19199,9,7
19200,2,3
19201,6,8
19202,5,4
19203,4,0
19204,6,8
19205,2,3
19206,3,6
19207,7,5
19208,3,6
19209,4,0
19210,8,2
19211,1,1
19212,2,9
19213,8,2
19214,1,8
19215,2,3
19216,4,0
19217,5,4
19218,3,6
19219,7,5
19220,5,9
19221,9,7
19222,2,3
19223,6,8
19224,6,8
19225,4,0
19226,9,7
19227,0,1
19228,3,6
19229,8,2
19230,2,3
19231,2,3
19232,8,2
19233,5,4
19234,2,3
19235,9,7
19236,7,5
19237,6,8
19238,2,3
19239,5,9
19240,4,0
19241,4,0
19242,6,8
19243,0,1
19244,4,9
19245,8,2
19246,2,3
19247,2,3
19248,8,2
19249,5,4
19250,2,3
19251,9,7
19252,1,4
19253,9,8
19254,2,9
19255,9,9
19256,5,9
19257,9,7
19258,4,0
19259,9,7
19260,9,7
19261,4,0
19262,9,7
19263,2,3
19264,2,3
19265,0,1
19266,2,3
19267,6,8
19268,5,9
19269,5,9
19270,9,7
19271,8,2
19272,3,6
19273,0,1
19274,3,6
19275,6,8
19276,3,6
19277,3,6
19278,0,1
19279,7,5
19280,2,3
19281,5,4
19282,1,1
19283,9,7
19284,9,7
19285,2,3
19286,5,4
19287,5,4
19288,2,5
19289,1,1
19290,3,6
19291,6,8
19292,4,0
19293,3,6
19294,5,4
19295,5,9
19296,8,2
19297,0,1
19298,3,6
19299,5,4
19300,5,9
19301,7,5
19302,2,3
19303,4,0
19304,1,1
19305,0,1
19306,3,5
19307,2,3
19308,4,0
19309,3,6
19310,5,9
19311,5,4
19312,9,7
19313,6,8
19314,8,2
19315,9,9
19316,3,6
19317,6,8
19318,3,5
19319,7,5
19320,5,9
19321,8,2
19322,5,9
19323,0,1
19324,1,2
19325,4,0
19326,2,3
19327,9,7
19328,5,5
19329,3,6
19330,3,6
19331,3,6
19332,3,6
19333,2,3
19334,9,7
19335,2,3
19336,8,2
19337,2,3
19338,2,3
19339,0,1
19340,5,4
19341,9,7
19342,2,3
19343,8,2
19344,9,7
19345,8,2
19346,1,1
19347,2,3
19348,2,3
19349,3,6
19350,2,8
19351,6,8
19352,9,7
19353,7,5
19354,7,5
19355,0,1
19356,3,6
19357,5,4
19358,6,8
19359,9,9
19360,3,0
19361,4,0
19362,5,8
19363,3,6
19364,7,5
19365,5,8
19366,7,5
19367,6,8
19368,2,3
19369,3,0
19370,9,7
19371,6,8
19372,5,7
19373,8,2
19374,7,5
19375,5,4
19376,4,0
19377,2,3
19378,5,4
19379,9,7
19380,5,4
19381,0,1
19382,3,6
19383,9,7
19384,3,6
19385,3,6
19386,2,3
19387,5,9
19388,1,1
19389,5,4
19390,7,5
19391,8,2
19392,6,8
19393,9,9
19394,1,1
19395,9,9
19396,7,5
19397,8,2
19398,7,5
19399,4,0
19400,0,1
19401,5,4
19402,8,2
19403,9,9
19404,5,4
19405,5,4
19406,5,4
19407,4,0
19408,3,6
19409,9,7
19410,1,1
19411,0,1
19412,5,9
19413,2,3
19414,5,4
19415,8,2
19416,9,7
19417,9,9
19418,5,4
19419,4,0
19420,1,1
19421,1,1
19422,2,5
19423,8,2
19424,9,7
19425,2,3
19426,3,6
19427,5,4
19428,4,9
19429,7,5
19430,3,5
19431,3,6
19432,8,2
19433,9,7
19434,9,7
19435,6,8
19436,7,5
19437,5,9
19438,2,3
19439,4,0
19440,1,1
19441,1,1
19442,2,3
19443,8,2
19444,8,2
19445,2,3
19446,1,1
19447,5,4
19448,9,7
19449,7,5
19450,6,2
19451,3,6
19452,1,1
19453,9,7
19454,4,0
19455,6,8
19456,7,5
19457,5,9
19458,6,8
19459,4,0
19460,5,8
19461,0,1
19462,3,6
19463,8,2
19464,3,6
19465,2,3
19466,1,2
19467,5,4
19468,8,2
19469,7,5
19470,6,8
19471,3,6
19472,7,5
19473,9,7
19474,2,3
19475,6,8
19476,7,5
19477,5,9
19478,5,4
19479,9,7
19480,4,0
19481,3,6
19482,1,1
19483,5,4
19484,5,4
19485,4,0
19486,1,1
19487,7,5
19488,3,6
19489,6,8
19490,4,0
19491,4,0
19492,4,0
19493,9,7
19494,5,9
19495,2,3
19496,3,6
19497,7,5
19498,5,4
19499,5,4
19500,2,3
19501,2,3
19502,4,2
19503,3,6
19504,4,0
19505,8,2
19506,7,5
19507,1,1
19508,8,2
19509,9,7
19510,1,1
19511,9,7
19512,5,9
19513,9,9
19514,5,4
19515,5,9
19516,1,1
19517,1,1
19518,2,3
19519,8,2
19520,5,4
19521,5,4
19522,5,4
19523,3,6
19524,1,2
19525,9,7
19526,1,1
19527,9,7
19528,1,1
19529,7,5
19530,3,6
19531,5,4
19532,3,6
19533,7,5
19534,5,7
19535,4,0
19536,2,3
19537,5,9
19538,5,8
19539,5,9
19540,9,8
19541,6,8
19542,4,0
19543,4,0
19544,1,1
19545,8,2
19546,5,9
19547,4,0
19548,2,3
19549,2,3
19550,4,0
19551,7,5
19552,1,1
19553,3,6
19554,4,0
19555,0,1
19556,8,2
19557,6,8
19558,5,9
19559,3,6
19560,9,9
19561,5,4
19562,3,6
19563,3,6
19564,5,4
19565,4,0
19566,6,8
19567,5,9
19568,8,2
19569,8,2
19570,6,8
19571,3,6
19572,9,7
19573,5,4
19574,9,7
19575,2,3
19576,5,9
19577,5,9
19578,2,5
19579,2,3
19580,9,7
19581,4,0
19582,6,8
19583,4,0
19584,4,0
19585,7,5
19586,2,9
19587,8,2
19588,4,0
19589,7,5
19590,1,5
19591,6,8
19592,9,7
19593,6,8
19594,4,0
19595,6,8
19596,5,9
19597,9,9
19598,1,1
19599,5,4
19600,2,8
19601,2,3
19602,8,2
19603,6,8
19604,4,0
19605,6,8
19606,8,2
19607,7,5
19608,5,4
19609,7,5
19610,2,5
19611,9,7
19612,4,0
19613,0,1
19614,1,1
19615,2,3
19616,5,9
19617,3,6
19618,5,8
19619,5,9
19620,2,3
19621,5,4
19622,1,1
19623,0,1
19624,3,6
19625,9,7
19626,1,1
19627,3,6
19628,4,0
19629,5,9
19630,1,1
19631,2,3
19632,8,2
19633,2,3
19634,5,4
19635,9,7
19636,9,7
19637,5,4
19638,7,5
19639,0,1
19640,1,1
19641,5,9
19642,0,7
19643,0,1
19644,9,9
19645,4,0
19646,4,0
19647,3,6
19648,9,7
19649,4,0
19650,6,8
19651,1,1
19652,1,1
19653,8,2
19654,8,2
19655,2,3
19656,3,6
19657,5,4
19658,9,7
19659,7,5
19660,2,3
19661,3,6
19662,6,8
19663,9,7
19664,4,0
19665,6,8
19666,5,4
19667,5,9
19668,9,7
19669,4,0
19670,7,5
19671,0,1
19672,5,4
19673,8,2
19674,1,1
19675,2,3
19676,2,5
19677,5,4
19678,3,6
19679,7,5
19680,8,2
19681,3,6
19682,4,0
19683,9,7
19684,3,6
19685,6,8
19686,4,0
19687,5,9
19688,8,2
19689,4,0
19690,5,9
19691,1,1
19692,5,8
19693,8,2
19694,8,2
19695,2,3
19696,5,9
19697,5,4
19698,3,6
19699,7,5
19700,5,4
19701,3,6
19702,4,5
19703,9,7
19704,9,7
19705,6,8
19706,7,5
19707,9,9
19708,2,3
19709,4,0
19710,3,6
19711,6,8
19712,3,6
19713,2,3
19714,4,0
19715,9,9
19716,6,8
19717,7,5
19718,5,9
19719,7,5
19720,6,8
19721,8,2
19722,3,6
19723,3,6
19724,1,1
19725,6,8
19726,4,0
19727,5,4
19728,5,9
19729,5,9
19730,5,9
19731,1,1
19732,4,0
19733,9,7
19734,2,3
19735,1,1
19736,2,3
19737,8,2
19738,4,0
19739,2,3
19740,9,7
19741,7,5
19742,1,1
19743,5,9
19744,4,0
19745,3,6
19746,2,5
19747,5,9
19748,5,9
19749,1,1
19750,8,2
19751,1,1
19752,2,5
19753,1,1
19754,3,6
19755,8,2
19756,5,8
19757,5,9
19758,2,3
19759,7,5
19760,4,0
19761,3,6
19762,3,6
19763,6,8
19764,8,2
19765,1,1
19766,5,9
19767,8,2
19768,1,1
19769,4,0
19770,4,0
19771,9,7
19772,4,0
19773,9,7
19774,4,0
19775,7,5
19776,1,1
19777,6,8
19778,5,9
19779,8,2
19780,9,7
19781,9,9
19782,8,1
19783,6,8
19784,8,2
19785,9,9
19786,4,0
19787,4,0
19788,3,6
19789,5,4
19790,6,8
19791,9,7
19792,6,8
19793,2,3
19794,5,4
19795,5,4
19796,4,0
19797,7,5
19798,4,0
19799,3,6
19800,9,7
19801,4,0
19802,8,2
19803,2,3
19804,1,1
19805,3,6
19806,5,9
19807,6,8
19808,1,2
19809,9,7
19810,5,4
19811,4,0
19812,9,7
19813,5,4
19814,2,9
19815,8,2
19816,0,1
19817,9,7
19818,4,0
19819,5,4
19820,2,5
19821,2,3
19822,4,0
19823,9,7
19824,4,9
19825,7,5
19826,6,8
19827,5,4
19828,3,6
19829,2,3
19830,1,1
19831,5,4
19832,5,9
19833,8,2
19834,2,3
19835,6,8
19836,2,3
19837,1,1
19838,9,7
19839,7,5
19840,5,4
19841,1,1
19842,9,7
19843,8,2
19844,5,7
19845,4,0
19846,2,5
19847,8,2
19848,3,6
19849,7,5
19850,1,1
19851,3,6
19852,7,5
19853,5,4
19854,8,2
19855,6,3
19856,4,0
19857,4,0
19858,7,5
19859,4,0
19860,5,9
19861,4,0
19862,2,5
19863,2,3
19864,6,8
19865,2,3
19866,4,3
19867,7,5
19868,5,5
19869,9,7
19870,7,5
19871,4,0
19872,4,0
19873,3,6
19874,7,5
19875,5,4
19876,8,2
19877,6,8
19878,2,3
19879,6,8
19880,1,1
19881,3,6
19882,5,4
19883,2,3
19884,1,1
19885,9,9
19886,8,2
19887,9,9
19888,4,5
19889,6,8
19890,8,2
19891,8,2
19892,3,5
19893,9,7
19894,1,1
19895,9,7
19896,1,6
19897,0,1
19898,1,1
19899,4,0
19900,4,0
19901,1,1
19902,4,0
19903,8,2
19904,5,7
19905,2,3
19906,6,8
19907,5,4
19908,4,0
19909,2,5
19910,5,9
19911,2,8
19912,9,7
19913,5,9
19914,5,9
19915,4,0
19916,3,6
19917,1,1
19918,1,1
19919,8,2
19920,7,5
19921,2,3
19922,5,4
19923,5,4
19924,3,0
19925,2,5
19926,8,2
19927,3,6
19928,5,8
19929,9,7
19930,4,0
19931,2,8
19932,6,8
19933,5,9
19934,5,9
19935,4,0
19936,5,4
19937,1,1
19938,5,9
19939,8,2
19940,1,1
19941,2,3
19942,5,5
19943,5,4
19944,2,5
19945,2,5
19946,3,6
19947,3,6
19948,1,8
19949,9,7
19950,2,3
19951,2,8
19952,5,4
19953,5,9
19954,3,6
19955,1,1
19956,3,6
19957,5,4
19958,7,5
19959,7,5
19960,3,6
19961,5,4
19962,2,3
19963,8,2
19964,3,6
19965,2,3
19966,1,1
19967,2,3
19968,1,1
19969,4,0
19970,3,6
19971,5,9
19972,5,9
19973,2,5
19974,4,0
19975,5,4
19976,2,3
19977,2,3
19978,9,7
19979,4,0
19980,7,5
19981,2,8
19982,8,2
19983,5,4
19984,3,6
19985,4,0
19986,3,6
19987,9,7
19988,6,8
19989,9,7
19990,4,0
19991,1,1
19992,5,9
19993,3,6
19994,2,5
19995,5,9
19996,2,5
19997,1,1
19998,5,4
19999,8,2
20000,7,5
20001,5,9
20002,9,7
20003,2,3
20004,9,7
20005,3,6
20006,2,5
20007,8,2
20008,5,4
20009,2,3
20010,4,0
20011,5,4
20012,4,0
20013,3,6
20014,6,8
20015,2,8
20016,6,3
20017,2,5
20018,1,1
20019,9,7
20020,6,8
20021,8,2
20022,8,2
20023,2,3
20024,6,8
20025,2,8
20026,5,9
20027,1,1
20028,8,2
20029,1,2
20030,5,7
20031,5,9
20032,9,7
20033,2,5
20034,7,5
20035,2,8
20036,1,1
20037,2,8
20038,7,5
20039,5,7
20040,5,4
20041,1,1
20042,8,2
20043,9,7
20044,7,5
20045,1,1
20046,1,1
20047,1,1
20048,0,7
20049,4,0
20050,5,9
20051,2,3
20052,1,1
20053,5,4
20054,5,9
20055,8,2
20056,5,4
20057,3,6
20058,1,1
20059,5,4
20060,4,0
20061,9,7
20062,5,8
20063,5,4
20064,1,1
20065,8,2
20066,1,1
20067,9,7
20068,3,8
20069,5,4
20070,1,1
20071,8,2
20072,5,3
20073,5,9
20074,5,4
20075,5,9
20076,3,6
20077,1,2
20078,8,2
20079,2,8
20080,2,3
20081,3,6
20082,5,4
20083,1,1
20084,5,9
20085,4,0
20086,5,9
20087,3,6
20088,3,0
20089,2,8
20090,9,7
20091,2,5
20092,7,5
20093,2,5
20094,1,1
20095,4,0
20096,2,3
20097,2,5
20098,5,4
20099,2,3
20100,9,2
20101,2,5
20102,2,8
20103,5,9
20104,3,6
20105,9,7
20106,6,8
20107,2,8
20108,1,1
20109,2,5
20110,5,4
20111,5,9
20112,9,9
20113,3,6
20114,4,0
20115,5,9
20116,3,8
20117,4,0
20118,5,4
20119,3,6
20120,4,5
20121,2,3
20122,3,6
20123,4,0
20124,3,6
20125,2,5
20126,9,9
20127,2,8
20128,4,0
20129,5,9
20130,5,9
20131,1,1
20132,1,1
20133,6,8
20134,9,7
20135,1,1
20136,3,6
20137,3,6
20138,9,9
20139,4,0
20140,7,5
20141,4,0
20142,3,6
20143,0,1
20144,5,4
20145,8,2
20146,1,1
20147,2,3
20148,3,6
20149,5,4
20150,1,3
20151,7,5
20152,3,6
20153,3,6
20154,3,6
20155,9,7
20156,3,6
20157,0,8
20158,1,7
20159,9,9
20160,8,2
20161,4,0
20162,9,7
20163,0,1
20164,9,9
20165,8,2
20166,2,3
20167,2,3
20168,3,6
20169,7,4
20170,4,9
20171,8,5
20172,5,4
20173,3,6
20174,4,0
20175,4,0
20176,5,4
20177,0,1
20178,1,1
20179,8,2
20180,5,4
20181,2,3
20182,5,4
20183,5,4
20184,5,9
20185,7,5
20186,0,5
20187,3,6
20188,5,9
20189,9,7
20190,7,5
20191,6,8
20192,2,3
20193,9,9
20194,1,1
20195,0,1
20196,9,9
20197,5,4
20198,6,8
20199,7,5
20200,7,5
20201,2,3
20202,5,9
20203,2,3
20204,3,8
20205,4,0
20206,5,7
20207,9,9
20208,5,4
20209,7,5
20210,7,5
20211,5,4
20212,1,1
20213,2,3
20214,9,7
20215,4,0
20216,5,9
20217,0,8
20218,9,7
20219,0,4
20220,2,3
20221,3,6
20222,2,3
20223,9,7
20224,8,2
20225,4,0
20226,8,7
20227,9,7
20228,5,9
20229,9,7
20230,5,4
20231,0,1
20232,1,1
20233,3,6
20234,5,4
20235,9,9
20236,5,4
20237,1,1
20238,4,0
20239,8,2
20240,8,2
20241,9,9
20242,8,2
20243,2,3
20244,4,0
20245,4,6
20246,7,5
20247,8,2
20248,5,9
20249,2,3
20250,5,4
20251,0,4
20252,2,3
20253,3,6
20254,5,9
20255,9,7
20256,4,0
20257,8,2
20258,5,4
20259,2,3
20260,9,7
20261,0,8
20262,5,4
20263,0,1
20264,9,9
20265,8,2
20266,2,5
20267,9,9
20268,1,2
20269,0,8
20270,5,9
20271,6,8
20272,3,6
20273,9,7
20274,1,1
20275,0,1
20276,5,4
20277,9,7
20278,2,3
20279,0,1
20280,9,7
20281,0,1
20282,5,9
20283,4,0
20284,1,2
20285,2,3
20286,3,6
20287,5,4
20288,3,6
20289,8,2
20290,5,9
20291,3,6
20292,3,0
20293,5,4
20294,5,4
20295,9,7
20296,9,7
20297,5,4
20298,1,1
20299,8,2
20300,6,8
20301,9,7
20302,1,1
20303,5,4
20304,9,7
20305,8,2
20306,2,5
20307,5,9
20308,5,9
20309,8,2
20310,9,7
20311,9,7
20312,9,7
20313,8,2
20314,2,3
20315,0,8
20316,5,9
20317,3,6
20318,9,7
20319,0,1
20320,3,6
20321,4,0
20322,1,1
20323,3,6
20324,3,6
20325,7,5
20326,2,3
20327,0,1
20328,6,8
20329,2,3
20330,5,9
20331,7,5
20332,1,1
20333,9,9
20334,4,0
20335,9,7
20336,6,8
20337,5,4
20338,5,4
20339,0,8
20340,1,1
20341,9,9
20342,2,5
20343,3,6
20344,2,3
20345,9,9
20346,5,4
20347,2,3
20348,1,1
20349,4,0
20350,2,8
20351,4,0
20352,6,8
20353,3,6
20354,9,7
20355,2,3
20356,2,3
20357,4,0
20358,5,9
20359,7,5
20360,5,9
20361,0,1
20362,2,3
20363,0,8
20364,6,8
20365,0,1
20366,2,9
20367,3,6
20368,5,4
20369,4,0
20370,9,7
20371,4,0
20372,6,8
20373,1,1
20374,2,5
20375,8,2
20376,5,9
20377,2,3
20378,2,3
20379,5,4
20380,9,7
20381,7,5
20382,8,2
20383,3,6
20384,1,1
20385,9,7
20386,9,7
20387,6,8
20388,4,0
20389,9,9
20390,7,5
20391,4,0
20392,4,0
20393,0,1
20394,0,1
20395,8,2
20396,5,4
20397,2,3
20398,5,7
20399,5,4
20400,2,3
20401,3,6
20402,5,9
20403,9,7
20404,9,7
20405,6,8
20406,9,7
20407,4,0
20408,2,8
20409,0,1
20410,5,9
20411,8,2
20412,2,8
20413,2,3
20414,8,2
20415,5,4
20416,3,6
20417,9,7
20418,4,0
20419,6,8
20420,4,0
20421,9,9
20422,9,7
20423,2,3
20424,8,2
20425,5,4
20426,2,3
20427,0,1
20428,7,5
20429,5,4
20430,2,3
20431,3,6
20432,8,2
20433,3,6
20434,5,9
20435,9,7
20436,8,2
20437,2,3
20438,1,1
20439,2,3
20440,8,2
20441,8,2
20442,8,2
20443,1,1
20444,1,9
20445,5,9
20446,2,2
20447,5,4
20448,6,2
20449,9,7
20450,9,9
20451,2,3
20452,9,7
20453,7,5
20454,8,2
20455,5,4
20456,1,1
20457,9,9
20458,2,3
20459,0,1
20460,5,4
20461,0,1
20462,9,9
20463,4,0
20464,5,4
20465,1,1
20466,9,7
20467,0,4
20468,5,4
20469,3,6
20470,2,3
20471,4,0
20472,6,8
20473,4,2
20474,1,1
20475,0,1
20476,2,5
20477,9,7
20478,4,0
20479,7,5
20480,3,6
20481,4,0
20482,4,0
20483,4,0
20484,5,4
20485,8,2
20486,4,6
20487,4,0
20488,8,2
20489,3,6
20490,5,4
20491,6,8
20492,2,3
20493,8,2
20494,3,6
20495,5,9
20496,5,4
20497,8,2
20498,9,7
20499,2,3
20500,2,3
20501,9,7
20502,8,2
20503,3,6
20504,9,7
20505,5,9
20506,0,1
20507,6,8
20508,9,9
20509,9,7
20510,4,0
20511,6,8
20512,3,6
20513,9,9
20514,8,2
20515,8,2
20516,6,8
20517,8,2
20518,5,9
20519,9,9
20520,8,2
20521,6,8
20522,8,2
20523,3,6
20524,6,8
20525,5,4
20526,8,2
20527,0,4
20528,7,5
20529,0,4
20530,7,5
20531,4,0
20532,0,7
20533,4,0
20534,7,5
20535,6,8
20536,1,1
20537,4,0
20538,0,3
20539,6,8
20540,2,3
20541,3,6
20542,8,2
20543,3,6
20544,2,3
20545,6,8
20546,5,9
20547,2,5
20548,4,0
20549,9,7
20550,1,2
20551,4,0
20552,9,7
20553,2,3
20554,5,9
20555,3,6
20556,1,1
20557,0,7
20558,9,7
20559,6,8
20560,2,8
20561,2,3
20562,5,9
20563,0,1
20564,7,5
20565,2,3
20566,9,7
20567,5,9
20568,8,2
20569,2,5
20570,2,3
20571,5,9
20572,5,6
20573,9,9
20574,5,4
20575,7,5
20576,9,7
20577,4,0
20578,6,8
20579,9,7
20580,2,8
20581,8,2
20582,9,7
20583,9,7
20584,4,0
20585,9,4
20586,7,5
20587,2,3
20588,9,7
20589,0,1
20590,2,5
20591,4,0
20592,6,8
20593,1,1
20594,5,9
20595,8,2
20596,3,6
20597,2,3
20598,2,5
20599,5,4
20600,9,7
20601,7,5
20602,4,0
20603,3,6
20604,1,1
20605,9,7
20606,0,3
20607,6,8
20608,4,0
20609,4,0
20610,2,3
20611,0,1
20612,8,2
20613,8,2
20614,6,8
20615,2,3
20616,2,3
20617,5,4
20618,6,8
20619,9,7
20620,5,4
20621,6,8
20622,4,0
20623,9,9
20624,8,2
20625,4,0
20626,2,3
20627,0,1
20628,7,5
20629,8,2
20630,1,8
20631,2,3
20632,4,0
20633,5,4
20634,5,4
20635,7,5
20636,5,9
20637,3,6
20638,5,9
20639,6,8
20640,6,8
20641,5,9
20642,4,0
20643,0,1
20644,5,9
20645,4,0
20646,9,7
20647,3,6
20648,2,8
20649,2,3
20650,5,4
20651,5,4
20652,5,4
20653,5,4
20654,1,1
20655,8,2
20656,3,6
20657,6,8
20658,4,0
20659,0,1
20660,9,8
20661,4,0
20662,4,0
20663,3,6
20664,2,3
20665,5,4
20666,6,8
20667,9,9
20668,7,5
20669,9,7
20670,2,3
20671,8,2
20672,8,1
20673,2,3
20674,0,1
20675,2,3
20676,5,9
20677,9,9
20678,1,1
20679,8,2
20680,5,4
20681,4,0
20682,3,6
20683,9,9
20684,9,9
20685,2,3
20686,1,1
20687,2,3
20688,4,0
20689,9,9
20690,6,8
20691,0,1
20692,5,9
20693,7,5
20694,9,7
20695,8,2
20696,5,4
20697,2,3
20698,5,9
20699,0,1
20700,5,9
20701,3,6
20702,5,4
20703,0,7
20704,3,6
20705,2,3
20706,1,1
20707,9,7
20708,2,3
20709,7,8
20710,1,2
20711,5,4
20712,5,8
20713,4,0
20714,5,4
20715,8,2
20716,7,5
20717,5,4
20718,7,5
20719,4,0
20720,0,7
20721,8,2
20722,6,8
20723,9,7
20724,4,0
20725,6,8
20726,5,4
20727,4,0
20728,2,3
20729,9,7
20730,5,4
20731,4,0
20732,6,8
20733,3,6
20734,5,9
20735,4,9
20736,3,6
20737,2,3
20738,2,3
20739,8,2
20740,5,7
20741,5,4
20742,8,2
20743,6,8
20744,3,6
20745,1,6
20746,0,1
20747,4,0
20748,8,2
20749,0,1
20750,1,9
20751,4,0
20752,2,3
20753,6,8
20754,7,5
20755,0,1
20756,5,3
20757,3,6
20758,7,8
20759,9,7
20760,1,1
20761,8,2
20762,4,0
20763,9,9
20764,3,6
20765,9,7
20766,9,7
20767,9,9
20768,5,4
20769,7,5
20770,8,2
20771,7,8
20772,1,1
20773,0,9
20774,6,8
20775,3,6
20776,5,4
20777,7,5
20778,5,9
20779,8,2
20780,2,3
20781,3,6
20782,3,6
20783,8,2
20784,4,5
20785,6,8
20786,8,2
20787,0,1
20788,9,9
20789,9,7
20790,2,3
20791,7,5
20792,4,9
20793,7,5
20794,5,4
20795,9,7
20796,3,6
20797,2,3
20798,1,1
20799,7,5
20800,2,3
20801,4,0
20802,1,1
20803,0,1
20804,7,5
20805,2,3
20806,3,6
20807,6,8
20808,3,6
20809,5,4
20810,1,1
20811,9,9
20812,6,8
20813,5,4
20814,4,0
20815,7,5
20816,4,0
20817,1,1
20818,5,9
20819,6,8
20820,4,9
20821,3,6
20822,3,6
20823,6,8
20824,1,1
20825,9,9
20826,5,9
20827,4,0
20828,1,1
20829,0,1
20830,5,9
20831,8,2
20832,8,2
20833,2,3
20834,9,7
20835,0,4
20836,5,4
20837,7,5
20838,1,1
20839,3,6
20840,4,0
20841,9,9
20842,2,3
20843,4,0
20844,2,3
20845,0,1
20846,4,0
20847,8,2
20848,1,1
20849,2,3
20850,8,2
20851,0,4
20852,1,1
20853,7,5
20854,2,5
20855,7,6
20856,9,7
20857,9,7
20858,6,8
20859,0,8
20860,7,5
20861,9,9
20862,8,2
20863,4,0
20864,9,9
20865,0,1
20866,9,7
20867,8,2
20868,2,3
20869,4,3
20870,1,1
20871,9,9
20872,2,3
20873,0,8
20874,8,2
20875,0,1
20876,6,8
20877,4,0
20878,7,5
20879,9,9
20880,6,8
20881,7,5
20882,1,2
20883,9,7
20884,0,1
20885,7,5
20886,4,0
20887,0,1
20888,1,1
20889,0,8
20890,7,5
20891,3,6
20892,7,6
20893,9,9
20894,5,4
20895,4,0
20896,3,6
20897,0,4
20898,1,1
20899,0,1
20900,5,9
20901,9,9
20902,2,3
20903,2,3
20904,6,8
20905,0,8
20906,6,8
20907,0,4
20908,5,4
20909,9,7
20910,8,2
20911,4,0
20912,0,1
20913,0,1
20914,7,5
20915,5,9
20916,7,6
20917,8,2
20918,5,9
20919,0,8
20920,5,9
20921,9,7
20922,7,5
20923,6,8
20924,5,4
20925,9,9
20926,2,3
20927,3,6
20928,4,0
20929,4,0
20930,1,2
20931,3,6
20932,5,4
20933,7,5
20934,4,0
20935,7,5
20936,4,0
20937,2,3
20938,6,8
20939,8,3
20940,3,6
20941,2,3
20942,2,3
20943,9,9
20944,2,2
20945,0,8
20946,2,3
20947,4,0
20948,3,6
20949,3,6
20950,5,4
20951,0,1
20952,2,3
20953,4,0
20954,2,8
20955,4,0
20956,5,4
20957,3,6
20958,4,0
20959,5,2
20960,8,2
20961,0,1
20962,9,4
20963,0,1
20964,5,9
20965,2,3
20966,2,8
20967,5,2
20968,6,8
20969,9,7
20970,8,2
20971,9,7
20972,5,4
20973,0,8
20974,1,1
20975,0,8
20976,3,5
20977,9,7
20978,3,6
20979,4,0
20980,9,7
20981,8,2
20982,5,9
20983,4,0
20984,3,6
20985,2,3
20986,2,8
20987,0,1
20988,1,1
20989,8,3
20990,1,1
20991,9,7
20992,9,2
20993,8,2
20994,7,5
20995,0,4
20996,5,7
20997,9,9
20998,7,6
20999,5,4
21000,9,7
21001,7,3
21002,1,1
21003,3,6
21004,3,6
21005,7,5
21006,8,2
21007,2,3
21008,3,6
21009,8,2
21010,1,1
21011,7,5
21012,8,2
21013,7,5
21014,8,2
21015,9,9
21016,2,5
21017,0,4
21018,2,3
21019,0,1
21020,5,9
21021,9,7
21022,5,4
21023,8,2
21024,6,2
21025,3,6
21026,2,3
21027,7,5
21028,4,0
21029,4,0
21030,3,6
21031,1,1
21032,5,9
21033,8,2
21034,2,5
21035,2,3
21036,3,6
21037,5,4
21038,2,3
21039,7,5
21040,4,9
21041,3,6
21042,8,2
21043,9,7
21044,8,2
21045,6,8
21046,1,8
21047,5,9
21048,6,8
21049,4,0
21050,9,7
21051,1,1
21052,1,1
21053,8,2
21054,1,1
21055,2,3
21056,2,3
21057,5,4
21058,2,5
21059,7,5
21060,1,1
21061,3,6
21062,9,7
21063,9,7
21064,4,0
21065,6,8
21066,1,0
21067,5,9
21068,1,1
21069,4,0
21070,0,1
21071,0,1
21072,5,9
21073,8,2
21074,3,6
21075,2,3
21076,5,4
21077,5,4
21078,4,0
21079,7,5
21080,2,3
21081,3,6
21082,4,0
21083,9,7
21084,3,6
21085,6,8
21086,9,7
21087,9,9
21088,0,1
21089,6,8
21090,1,1
21091,5,9
21092,2,3
21093,7,5
21094,1,1
21095,9,7
21096,5,4
21097,4,0
21098,2,3
21099,2,3
21100,7,6
21101,1,1
21102,2,3
21103,3,6
21104,6,8
21105,6,8
21106,6,8
21107,5,4
21108,5,9
21109,1,1
21110,6,8
21111,9,7
21112,2,3
21113,3,6
21114,2,5
21115,7,5
21116,2,3
21117,3,6
21118,6,8
21119,5,4
21120,6,8
21121,8,2
21122,3,6
21123,9,7
21124,7,5
21125,6,8
21126,3,6
21127,1,1
21128,1,6
21129,2,3
21130,5,4
21131,5,4
21132,4,0
21133,9,7
21134,3,4
21135,8,2
21136,8,2
21137,4,0
21138,5,9
21139,7,5
21140,5,4
21141,4,0
21142,4,0
21143,1,1
21144,2,3
21145,5,9
21146,6,8
21147,8,2
21148,9,7
21149,2,3
21150,2,3
21151,8,2
21152,5,4
21153,2,3
21154,2,3
21155,7,5
21156,2,3
21157,7,5
21158,1,9
21159,9,7
21160,9,7
21161,6,8
21162,5,9
21163,5,4
21164,8,2
21165,5,9
21166,0,1
21167,5,9
21168,0,1
21169,9,7
21170,2,3
21171,1,1
21172,5,9
21173,1,1
21174,5,2
21175,9,7
21176,2,3
21177,6,8
21178,1,1
21179,2,3
21180,3,6
21181,5,4
21182,2,3
21183,6,8
21184,7,5
21185,3,6
21186,5,4
21187,2,3
21188,6,8
21189,6,8
21190,6,8
21191,4,0
21192,5,9
21193,5,9
21194,8,2
21195,3,6
21196,1,1
21197,8,2
21198,7,5
21199,4,0
21200,1,1
21201,0,1
21202,1,1
21203,4,0
21204,1,5
21205,3,6
21206,7,5
21207,8,2
21208,2,3
21209,2,3
21210,7,5
21211,6,8
21212,6,8
21213,5,9
21214,3,6
21215,4,0
21216,4,0
21217,9,7
21218,5,9
21219,8,2
21220,1,1
21221,2,3
21222,9,7
21223,5,4
21224,5,9
21225,7,5
21226,3,6
21227,7,5
21228,2,3
21229,8,2
21230,0,1
21231,6,8
21232,5,4
21233,7,5
21234,3,6
21235,5,4
21236,9,7
21237,3,6
21238,2,3
21239,3,6
21240,9,7
21241,3,6
21242,4,0
21243,9,7
21244,7,5
21245,5,9
21246,5,4
21247,1,1
21248,1,1
21249,6,8
21250,2,3
21251,8,2
21252,7,5
21253,1,1
21254,4,2
21255,8,2
21256,4,0
21257,3,6
21258,9,7
21259,7,5
21260,4,0
21261,2,3
21262,0,4
21263,5,4
21264,7,5
21265,9,7
21266,4,0
21267,5,9
21268,3,6
21269,5,4
21270,5,4
21271,4,0
21272,1,1
21273,4,0
21274,8,2
21275,7,5
21276,7,5
21277,5,9
21278,2,3
21279,4,0
21280,6,8
21281,1,1
21282,6,8
21283,8,2
21284,2,3
21285,2,3
21286,1,8
21287,5,4
21288,1,1
21289,7,5
21290,3,6
21291,3,6
21292,1,1
21293,9,7
21294,3,6
21295,4,8
21296,5,4
21297,9,9
21298,3,6
21299,4,0
21300,5,9
21301,1,1
21302,1,9
21303,8,2
21304,5,4
21305,2,3
21306,5,3
21307,5,4
21308,4,0
21309,2,5
21310,6,8
21311,3,6
21312,6,8
21313,9,7
21314,4,0
21315,4,8
21316,3,6
21317,9,9
21318,9,7
21319,4,0
21320,2,3
21321,1,1
21322,9,7
21323,8,2
21324,8,2
21325,2,3
21326,5,4
21327,5,4
21328,2,3
21329,7,5
21330,8,2
21331,3,6
21332,3,6
21333,5,7
21334,1,1
21335,5,7
21336,5,9
21337,3,6
21338,7,5
21339,5,4
21340,5,4
21341,2,3
21342,1,1
21343,4,0
21344,9,9
21345,3,6
21346,7,5
21347,3,6
21348,1,6
21349,3,6
21350,4,0
21351,9,9
21352,9,7
21353,4,0
21354,4,0
21355,4,0
21356,9,9
21357,1,1
21358,4,0
21359,2,3
21360,3,5
21361,9,9
21362,1,1
21363,5,4
21364,1,1
21365,2,5
21366,8,2
21367,9,7
21368,3,6
21369,9,9
21370,2,3
21371,2,5
21372,4,0
21373,3,6
21374,5,4
21375,2,8
21376,1,1
21377,9,9
21378,5,9
21379,1,1
21380,4,0
21381,2,3
21382,2,2
21383,2,8
21384,6,8
21385,2,5
21386,9,7
21387,9,7
21388,9,7
21389,2,8
21390,2,3
21391,1,1
21392,3,6
21393,5,4
21394,0,1
21395,4,8
21396,9,7
21397,7,5
21398,1,1
21399,2,8
21400,9,7
21401,1,1
21402,1,1
21403,4,0
21404,3,6
21405,9,7
21406,6,8
21407,3,6
21408,6,8
21409,1,1
21410,3,6
21411,3,6
21412,0,7
21413,4,0
21414,8,2
21415,2,3
21416,2,5
21417,5,4
21418,3,6
21419,3,6
21420,2,3
21421,4,8
21422,5,9
21423,5,9
21424,1,1
21425,8,2
21426,3,6
21427,1,1
21428,2,3
21429,9,7
21430,5,4
21431,5,4
21432,6,8
21433,2,5
21434,3,6
21435,8,2
21436,3,2
21437,9,7
21438,8,2
21439,2,5
21440,2,5
21441,8,2
21442,5,4
21443,8,2
21444,8,2
21445,9,9
21446,1,1
21447,2,3
21448,5,4
21449,5,9
21450,8,2
21451,8,2
21452,3,6
21453,8,2
21454,4,0
21455,2,5
21456,9,7
21457,4,8
21458,2,3
21459,9,7
21460,1,1
21461,5,4
21462,9,7
21463,9,7
21464,9,7
21465,1,1
21466,2,3
21467,4,8
21468,1,3
21469,4,0
21470,8,2
21471,5,9
21472,5,4
21473,3,6
21474,1,1
21475,2,8
21476,1,1
21477,1,1
21478,9,7
21479,1,1
21480,5,4
21481,2,5
21482,9,7
21483,9,7
21484,7,5
21485,3,6
21486,6,8
21487,2,3
21488,3,6
21489,7,5
21490,5,4
21491,5,4
21492,1,1
21493,8,2
21494,6,8
21495,5,9
21496,2,3
21497,4,0
21498,1,1
21499,5,4
21500,5,4
21501,9,7
21502,8,2
21503,5,4
21504,8,2
21505,2,3
21506,4,0
21507,6,2
21508,4,0
21509,5,9
21510,5,9
21511,8,2
21512,2,3
21513,4,0
21514,9,7
21515,2,3
21516,9,9
21517,5,4
21518,9,7
21519,7,5
21520,6,8
21521,4,0
21522,8,2
21523,4,0
21524,2,3
21525,2,3
21526,4,0
21527,8,2
21528,8,2
21529,2,8
21530,7,5
21531,2,3
21532,2,5
21533,4,0
21534,4,0
21535,1,1
21536,8,2
21537,8,2
21538,3,6
21539,2,3
21540,5,9
21541,5,4
21542,4,0
21543,7,5
21544,8,2
21545,3,6
21546,4,0
21547,9,7
21548,3,5
21549,0,8
21550,2,5
21551,9,9
21552,1,1
21553,4,0
21554,0,1
21555,1,1
21556,6,8
21557,8,2
21558,4,5
21559,2,3
21560,4,0
21561,5,4
21562,5,9
21563,7,5
21564,3,6
21565,3,6
21566,4,2
21567,9,7
21568,1,1
21569,0,8
21570,2,3
21571,9,9
21572,1,7
21573,4,0
21574,1,1
21575,1,1
21576,1,0
21577,8,2
21578,6,8
21579,2,3
21580,2,3
21581,5,4
21582,2,3
21583,7,5
21584,2,3
21585,3,6
21586,4,0
21587,9,7
21588,7,5
21589,0,8
21590,5,4
21591,9,9
21592,9,9
21593,6,8
21594,1,1
21595,9,9
21596,2,3
21597,8,2
21598,6,2
21599,3,6
21600,4,0
21601,3,1
21602,4,0
21603,9,7
21604,2,5
21605,3,6
21606,9,3
21607,2,3
21608,4,0
21609,7,5
21610,2,3
21611,5,4
21612,4,0
21613,0,8
21614,4,0
21615,8,2
21616,5,9
21617,3,6
21618,1,1
21619,5,4
21620,4,0
21621,9,7
21622,2,3
21623,8,2
21624,9,7
21625,2,3
21626,7,5
21627,5,4
21628,4,0
21629,7,5
21630,8,2
21631,9,9
21632,7,5
21633,8,2
21634,0,1
21635,4,0
21636,8,2
21637,2,3
21638,8,2
21639,9,9
21640,4,0
21641,9,7
21642,5,4
21643,2,3
21644,5,4
21645,5,9
21646,5,9
21647,2,3
21648,5,4
21649,6,8
21650,2,8
21651,9,7
21652,8,2
21653,5,4
21654,2,3
21655,5,4
21656,6,8
21657,9,9
21658,4,0
21659,0,8
21660,1,3
21661,7,5
21662,9,7
21663,0,8
21664,5,4
21665,8,2
21666,9,7
21667,3,6
21668,1,2
21669,9,9
21670,8,2
21671,7,5
21672,9,7
21673,2,3
21674,8,2
21675,3,6
21676,3,6
21677,7,5
21678,2,5
21679,9,7
21680,1,1
21681,4,0
21682,1,1
21683,8,2
21684,3,6
21685,2,3
21686,4,9
21687,1,1
21688,6,8
21689,2,3
21690,2,3
21691,8,2
21692,2,2
21693,9,7
21694,6,8
21695,2,3
21696,3,6
21697,1,1
21698,0,1
21699,0,1
21700,9,7
21701,9,7
21702,1,1
21703,4,0
21704,9,7
21705,0,8
21706,4,7
21707,7,5
21708,6,8
21709,0,1
21710,9,7
21711,6,8
21712,3,6
21713,8,2
21714,2,3
21715,1,1
21716,1,1
21717,2,3
21718,5,9
21719,9,7
21720,2,3
21721,4,0
21722,8,2
21723,0,8
21724,5,9
21725,9,7
21726,2,3
21727,8,2
21728,3,6
21729,5,4
21730,6,8
21731,5,4
21732,9,7
21733,0,8
21734,2,5
21735,4,0
21736,4,0
21737,0,1
21738,5,4
21739,7,5
21740,1,1
21741,0,1
21742,8,2
21743,5,4
21744,1,1
21745,3,6
21746,5,4
21747,4,0
21748,9,9
21749,7,5
21750,8,2
21751,0,1
21752,3,6
21753,3,6
21754,3,5
21755,3,6
21756,5,9
21757,9,9
21758,5,7
21759,4,0
21760,8,2
21761,9,7
21762,3,6
21763,3,6
21764,3,6
21765,0,1
21766,4,0
21767,0,1
21768,4,0
21769,4,0
21770,5,4
21771,1,1
21772,3,6
21773,8,2
21774,5,9
21775,2,3
21776,5,4
21777,5,4
21778,6,8
21779,7,5
21780,4,0
21781,3,6
21782,7,5
21783,9,7
21784,8,2
21785,6,8
21786,9,9
21787,5,9
21788,8,2
21789,4,0
21790,9,7
21791,1,1
21792,5,4
21793,8,2
21794,1,1
21795,2,3
21796,8,2
21797,5,4
21798,8,2
21799,2,5
21800,4,0
21801,3,6
21802,8,2
21803,9,7
21804,1,2
21805,6,8
21806,7,5
21807,5,9
21808,3,6
21809,4,0
21810,7,5
21811,1,1
21812,2,3
21813,8,2
21814,5,4
21815,2,3
21816,9,7
21817,5,4
21818,1,1
21819,7,5
21820,7,5
21821,3,6
21822,5,4
21823,9,7
21824,9,7
21825,6,8
21826,7,8
21827,5,9
21828,5,4
21829,1,1
21830,5,4
21831,2,3
21832,3,6
21833,7,5
21834,9,7
21835,5,9
21836,7,5
21837,5,4
21838,3,6
21839,0,1
21840,5,9
21841,9,7
21842,5,9
21843,9,7
21844,7,6
21845,8,2
21846,5,4
21847,1,1
21848,4,0
21849,5,4
21850,2,5
21851,6,8
21852,6,2
21853,2,3
21854,3,6
21855,6,8
21856,3,6
21857,8,2
21858,5,4
21859,5,9
21860,3,6
21861,2,3
21862,3,6
21863,6,8
21864,2,3
21865,7,5
21866,2,3
21867,5,4
21868,1,8
21869,5,9
21870,5,9
21871,9,7
21872,5,9
21873,7,5
21874,4,0
21875,5,4
21876,5,9
21877,2,3
21878,0,1
21879,5,9
21880,4,2
21881,8,2
21882,5,4
21883,7,5
21884,1,1
21885,9,7
21886,5,4
21887,5,4
21888,5,4
21889,1,1
21890,4,0
21891,8,2
21892,5,9
21893,2,3
21894,0,7
21895,7,5
21896,2,8
21897,5,9
21898,4,0
21899,1,1
21900,3,6
21901,3,6
21902,7,5
21903,4,0
21904,9,7
21905,1,1
21906,5,4
21907,4,0
21908,1,1
21909,4,0
21910,4,0
21911,8,2
21912,3,6
21913,6,8
21914,2,5
21915,9,7
21916,5,4
21917,8,2
21918,3,6
21919,7,5
21920,3,6
21921,1,1
21922,5,4
21923,1,1
21924,9,9
21925,6,8
21926,6,8
21927,7,5
21928,1,1
21929,3,6
21930,2,3
21931,5,4
21932,4,0
21933,4,0
21934,3,6
21935,5,4
21936,5,4
21937,9,7
21938,2,3
21939,2,3
21940,5,4
21941,3,6
21942,1,1
21943,6,8
21944,1,1
21945,4,0
21946,2,3
21947,2,3
21948,2,3
21949,9,7
21950,2,3
21951,5,4
21952,1,2
21953,4,0
21954,4,0
21955,3,6
21956,4,5
21957,5,9
21958,0,1
21959,8,2
21960,4,0
21961,3,6
21962,6,8
21963,7,5
21964,1,1
21965,6,8
21966,2,3
21967,3,6
21968,5,4
21969,5,9
21970,4,0
21971,4,0
21972,1,1
21973,5,4
21974,2,3
21975,4,0
21976,7,5
21977,3,6
21978,1,1
21979,0,1
21980,2,3
21981,5,9
21982,9,2
21983,8,2
21984,1,1
21985,4,0
21986,2,3
21987,5,9
21988,5,4
21989,7,5
21990,1,1
21991,1,1
21992,5,4
21993,2,3
21994,5,4
21995,3,6
21996,4,0
21997,5,9
21998,2,3
21999,5,4
22000,2,3
22001,6,8
22002,2,3
22003,2,3
22004,1,1
22005,9,7
22006,3,6
22007,9,7
22008,4,0
22009,3,6
22010,8,2
22011,2,3
22012,5,4
22013,4,0
22014,2,3
22015,7,5
22016,9,7
22017,3,6
22018,9,7
22019,8,2
22020,2,5
22021,8,2
22022,9,7
22023,4,0
22024,2,3
22025,1,1
22026,8,2
22027,8,2
22028,5,4
22029,2,3
22030,2,5
22031,5,4
22032,2,3
22033,2,5
22034,5,4
22035,3,6
22036,8,2
22037,9,7
22038,7,5
22039,6,8
22040,4,0
22041,5,9
22042,7,5
22043,4,0
22044,8,2
22045,1,1
22046,4,0
22047,8,2
22048,4,0
22049,2,3
22050,5,9
22051,5,4
22052,9,7
22053,4,5
22054,6,8
22055,3,6
22056,8,2
22057,9,7
22058,2,3
22059,6,8
22060,6,8
22061,5,9
22062,8,2
22063,4,0
22064,5,4
22065,1,1
22066,1,1
22067,8,2
22068,3,6
22069,2,3
22070,8,2
22071,5,4
22072,5,9
22073,4,5
22074,3,6
22075,3,6
22076,8,2
22077,9,7
22078,5,9
22079,6,8
22080,5,9
22081,5,9
22082,9,7
22083,8,2
22084,3,6
22085,5,4
22086,5,9
22087,1,1
22088,5,9
22089,2,5
22090,9,7
22091,3,6
22092,2,3
22093,1,1
22094,9,7
22095,1,1
22096,5,4
22097,9,7
22098,5,4
22099,2,8
22100,8,2
22101,2,5
22102,7,5
22103,2,3
22104,8,2
22105,5,4
22106,1,1
22107,3,6
22108,5,9
22109,9,7
22110,5,9
22111,4,0
22112,8,2
22113,2,3
22114,2,3
22115,8,2
22116,5,9
22117,5,9
22118,6,8
22119,6,8
22120,1,1
22121,3,6
22122,2,3
22123,6,8
22124,8,2
22125,5,9
22126,2,3
22127,5,9
22128,3,6
22129,9,7
22130,9,5
22131,9,7
22132,8,2
22133,8,2
22134,9,7
22135,1,1
22136,3,8
22137,1,1
22138,5,4
22139,4,2
22140,9,9
22141,6,8
22142,3,6
22143,4,0
22144,4,0
22145,3,6
22146,8,2
22147,2,5
22148,5,9
22149,2,3
22150,6,8
22151,6,8
22152,4,0
22153,1,1
22154,2,3
22155,2,3
22156,7,5
22157,3,6
22158,1,1
22159,4,0
22160,3,6
22161,5,4
22162,2,3
22163,6,8
22164,1,1
22165,5,9
22166,2,8
22167,9,7
22168,1,1
22169,8,2
22170,1,1
22171,9,7
22172,2,3
22173,1,1
22174,9,9
22175,2,8
22176,5,9
22177,2,2
22178,3,6
22179,1,1
22180,3,5
22181,9,7
22182,1,3
22183,9,7
22184,8,2
22185,2,3
22186,7,5
22187,8,2
22188,8,2
22189,5,4
22190,3,6
22191,3,6
22192,1,1
22193,4,5
22194,2,5
22195,5,9
22196,4,0
22197,5,4
22198,2,2
22199,2,2
22200,9,2
22201,6,8
22202,4,0
22203,8,2
22204,2,3
22205,2,5
22206,2,3
22207,1,1
22208,4,0
22209,4,0
22210,7,6
22211,3,5
22212,0,6
22213,4,0
22214,1,1
22215,3,6
22216,5,9
22217,8,2
22218,2,3
22219,2,3
22220,9,7
22221,3,6
22222,1,1
22223,5,9
22224,4,0
22225,4,0
22226,8,2
22227,0,1
22228,9,7
22229,5,2
22230,5,9
22231,2,3
22232,9,2
22233,5,4
22234,2,3
22235,7,5
22236,8,2
22237,3,6
22238,2,3
22239,9,7
22240,7,6
22241,6,8
22242,5,4
22243,9,9
22244,7,5
22245,4,0
22246,5,9
22247,0,1
22248,0,1
22249,8,2
22250,9,7
22251,2,3
22252,8,2
22253,5,4
22254,4,0
22255,7,5
22256,5,9
22257,3,6
22258,3,6
22259,9,7
22260,3,6
22261,6,8
22262,5,4
22263,9,9
22264,2,5
22265,4,0
22266,0,8
22267,0,1
22268,7,5
22269,8,2
22270,4,0
22271,2,3
22272,7,5
22273,5,4
22274,6,8
22275,7,5
22276,5,4
22277,3,6
22278,0,2
22279,9,7
22280,8,2
22281,6,8
22282,3,6
22283,0,9
22284,5,2
22285,5,4
22286,6,8
22287,9,7
22288,4,0
22289,6,8
22290,6,8
22291,3,6
22292,6,8
22293,2,3
22294,4,0
22295,5,4
22296,5,9
22297,4,0
22298,3,6
22299,9,9
22300,9,7
22301,9,7
22302,7,5
22303,0,1
22304,2,3
22305,9,9
22306,4,0
22307,2,3
22308,6,8
22309,6,8
22310,7,5
22311,5,4
22312,5,9
22313,9,7
22314,9,7
22315,2,3
22316,0,9
22317,4,0
22318,2,3
22319,9,9
22320,0,8
22321,9,9
22322,2,3
22323,3,6
22324,6,8
22325,0,1
22326,9,7
22327,5,4
22328,1,1
22329,7,5
22330,1,1
22331,5,4
22332,5,9
22333,3,6
22334,5,9
22335,8,2
22336,9,7
22337,4,0
22338,5,9
22339,3,6
22340,5,9
22341,8,2
22342,9,7
22343,1,1
22344,4,0
22345,0,1
22346,9,7
22347,0,1
22348,9,7
22349,0,1
22350,9,7
22351,9,7
22352,4,0
22353,8,2
22354,2,5
22355,5,4
22356,8,2
22357,8,2
22358,1,2
22359,9,9
22360,3,6
22361,5,4
22362,4,0
22363,7,5
22364,4,0
22365,6,8
22366,2,3
22367,5,4
22368,8,2
22369,8,2
22370,1,1
22371,9,7
22372,5,4
22373,4,0
22374,2,3
22375,4,0
22376,2,2
22377,9,7
22378,4,0
22379,7,5
22380,7,5
22381,9,7
22382,7,5
22383,3,6
22384,3,6
22385,3,6
22386,8,2
22387,3,6
22388,5,9
22389,7,8
22390,5,9
22391,8,2
22392,9,7
22393,7,5
22394,5,4
22395,8,2
22396,2,5
22397,8,2
22398,1,1
22399,9,7
22400,5,4
22401,9,7
22402,5,4
22403,5,4
22404,6,3
22405,4,0
22406,5,9
22407,8,2
22408,2,3
22409,5,4
22410,1,1
22411,8,2
22412,1,1
22413,2,3
22414,6,2
22415,2,3
22416,9,7
22417,2,3
22418,1,4
22419,0,1
22420,9,7
22421,6,8
22422,3,6
22423,9,9
22424,3,6
22425,3,6
22426,2,5
22427,0,1
22428,7,5
22429,4,0
22430,4,0
22431,7,5
22432,4,0
22433,9,9
22434,5,4
22435,3,6
22436,4,0
22437,9,9
22438,5,8
22439,6,8
22440,4,0
22441,4,0
22442,5,2
22443,2,3
22444,4,0
22445,4,0
22446,8,2
22447,9,9
22448,3,6
22449,3,6
22450,9,9
22451,2,3
22452,1,1
22453,4,0
22454,9,7
22455,0,1
22456,5,4
22457,8,2
22458,9,9
22459,2,3
22460,2,3
22461,5,4
22462,1,1
22463,7,5
22464,1,1
22465,7,6
22466,1,1
22467,9,7
22468,2,3
22469,6,8
22470,3,5
22471,9,9
22472,5,4
22473,4,0
22474,2,3
22475,0,1
22476,1,1
22477,2,3
22478,1,1
22479,5,4
22480,5,4
22481,9,7
22482,5,4
22483,6,8
22484,2,8
22485,9,9
22486,8,2
22487,4,0
22488,2,3
22489,0,1
22490,1,1
22491,8,2
22492,2,3
22493,7,3
22494,1,8
22495,0,4
22496,2,3
22497,9,7
22498,5,7
22499,0,8
22500,8,2
22501,9,9
22502,1,1
22503,9,9
22504,5,4
22505,0,9
22506,7,5
22507,9,8
22508,2,5
22509,7,5
22510,4,0
22511,4,0
22512,1,1
22513,0,7
22514,5,9
22515,9,7
22516,8,2
22517,2,5
22518,5,4
22519,9,7
22520,3,6
22521,9,9
22522,2,3
22523,9,9
22524,8,2
22525,0,4
22526,6,8
22527,9,7
22528,9,7
22529,4,0
22530,9,7
22531,0,4
22532,2,8
22533,0,1
22534,9,7
22535,0,4
22536,2,3
22537,0,4
22538,1,1
22539,9,7
22540,5,9
22541,7,5
22542,2,3
22543,6,8
22544,5,4
22545,0,1
22546,9,7
22547,0,4
22548,8,2
22549,9,9
22550,3,6
22551,6,8
22552,5,9
22553,5,4
22554,8,2
22555,0,1
22556,7,5
22557,6,8
22558,8,2
22559,7,6
22560,1,1
22561,0,6
22562,3,6
22563,9,4
22564,5,4
22565,7,5
22566,7,5
22567,2,3
22568,6,8
22569,2,3
22570,9,7
22571,7,5
22572,5,4
22573,8,2
22574,5,4
22575,7,5
22576,1,9
22577,9,7
22578,2,3
22579,8,2
22580,5,4
22581,7,5
22582,1,1
22583,4,0
22584,5,4
22585,6,8
22586,1,1
22587,2,3
22588,9,7
22589,4,0
22590,5,4
22591,6,8
22592,3,6
22593,0,7
22594,8,2
22595,0,4
22596,4,0
22597,0,9
22598,2,3
22599,7,5
22600,3,6
22601,4,0
22602,5,4
22603,4,0
22604,6,8
22605,4,0
22606,8,2
22607,0,4
22608,9,7
22609,7,6
22610,5,9
22611,8,2
22612,8,2
22613,0,7
22614,5,4
22615,7,6
22616,3,6
22617,6,8
22618,3,6
22619,2,3
22620,8,2
22621,0,1
22622,0,5
22623,6,8
22624,8,2
22625,2,3
22626,9,7
22627,0,1
22628,0,1
22629,4,0
22630,5,4
22631,2,3
22632,1,1
22633,7,6
22634,4,0
22635,8,2
22636,4,0
22637,4,0
22638,7,5
22639,0,1
22640,4,0
22641,8,2
22642,1,1
22643,8,3
22644,1,1
22645,5,4
22646,4,0
22647,7,5
22648,2,9
22649,3,6
22650,7,5
22651,9,7
22652,5,4
22653,6,8
22654,7,6
22655,9,9
22656,1,1
22657,4,0
22658,4,0
22659,0,1
22660,5,4
22661,8,2
22662,9,7
22663,2,3
22664,6,9
22665,3,6
22666,5,4
22667,9,7
22668,2,3
22669,4,0
22670,5,4
22671,0,1
22672,5,9
22673,8,2
22674,2,3
22675,2,3
22676,5,4
22677,5,4
22678,5,9
22679,7,5
22680,7,5
22681,3,6
22682,6,8
22683,9,7
22684,5,9
22685,6,8
22686,7,5
22687,9,9
22688,8,2
22689,0,1
22690,3,6
22691,4,0
22692,5,9
22693,3,6
22694,5,4
22695,2,3
22696,8,2
22697,5,4
22698,3,6
22699,5,4
22700,1,1
22701,8,2
22702,3,6
22703,6,8
22704,7,5
22705,0,1
22706,4,0
22707,4,0
22708,2,3
22709,3,6
22710,4,0
22711,9,7
22712,8,2
22713,8,2
22714,5,4
22715,2,3
22716,3,6
22717,2,3
22718,3,6
22719,9,9
22720,2,5
22721,2,3
22722,5,4
22723,2,3
22724,6,8
22725,5,9
22726,8,2
22727,0,1
22728,2,3
22729,7,5
22730,2,3
22731,8,2
22732,7,5
22733,2,3
22734,2,5
22735,0,1
22736,3,5
22737,3,6
22738,2,3
22739,9,7
22740,5,7
22741,2,3
22742,8,2
22743,9,7
22744,4,0
22745,6,8
22746,7,5
22747,5,4
22748,1,1
22749,4,0
22750,5,4
22751,8,2
22752,4,0
22753,9,7
22754,9,7
22755,0,8
22756,7,5
22757,4,0
22758,3,6
22759,9,7
22760,6,8
22761,4,0
22762,5,9
22763,3,6
22764,4,0
22765,5,9
22766,5,4
22767,2,3
22768,5,4
22769,8,2
22770,2,3
22771,5,4
22772,5,9
22773,0,8
22774,5,4
22775,3,6
22776,1,1
22777,4,0
22778,8,2
22779,7,5
22780,9,9
22781,9,7
22782,5,9
22783,7,5
22784,6,8
22785,0,1
22786,5,4
22787,4,0
22788,1,1
22789,3,6
22790,1,7
22791,9,7
22792,8,2
22793,8,2
22794,1,1
22795,5,9
22796,9,7
22797,9,7
22798,1,1
22799,5,9
22800,6,2
22801,0,5
22802,7,5
22803,3,6
22804,9,9
22805,7,5
22806,3,6
22807,8,2
22808,6,8
22809,3,6
22810,6,8
22811,8,2
22812,1,1
22813,6,8
22814,3,6
22815,0,1
22816,4,0
22817,9,7
22818,5,4
22819,7,5
22820,3,6
22821,7,5
22822,7,5
22823,9,7
22824,4,9
22825,2,3
22826,9,7
22827,7,5
22828,1,1
22829,4,0
22830,3,6
22831,0,1
22832,4,0
22833,0,1
22834,3,6
22835,2,3
22836,9,7
22837,6,8
22838,5,4
22839,5,4
22840,3,6
22841,5,9
22842,9,9
22843,5,4
22844,0,1
22845,7,5
22846,7,5
22847,0,1
22848,1,1
22849,6,8
22850,1,1
22851,3,6
22852,1,2
22853,6,8
22854,5,9
22855,9,9
22856,8,2
22857,4,0
22858,9,7
22859,0,1
22860,4,0
22861,8,2
22862,9,7
22863,2,3
22864,8,2
22865,5,4
22866,7,5
22867,7,5
22868,1,1
22869,3,6
22870,9,7
22871,9,7
22872,3,6
22873,6,8
22874,4,0
22875,9,9
22876,9,7
22877,4,0
22878,8,2
22879,0,1
22880,9,7
22881,8,2
22882,4,0
22883,2,3
22884,2,2
22885,5,4
22886,4,0
22887,7,5
22888,1,1
22889,3,6
22890,5,9
22891,9,7
22892,1,1
22893,6,8
22894,2,3
22895,0,9
22896,1,1
22897,4,0
22898,5,9
22899,0,1
22900,8,2
22901,8,2
22902,5,9
22903,2,3
22904,3,6
22905,5,4
22906,2,3
22907,7,5
22908,3,6
22909,3,6
22910,4,0
22911,9,7
22912,4,0
22913,6,8
22914,1,1
22915,9,9
22916,1,1
22917,4,0
22918,2,5
22919,6,8
22920,7,5
22921,9,7
22922,8,2
22923,6,8
22924,6,8
22925,9,9
22926,1,1
22927,9,9
22928,0,1
22929,4,0
22930,8,2
22931,0,1
22932,4,0
22933,5,4
22934,1,8
22935,7,5
22936,3,6
22937,0,1
22938,4,0
22939,3,6
22940,3,6
22941,9,7
22942,7,5
22943,2,3
22944,3,6
22945,8,2
22946,2,3
22947,9,9
22948,5,9
22949,4,0
22950,9,7
22951,7,5
22952,1,1
22953,3,6
22954,4,0
22955,9,7
22956,1,1
22957,2,3
22958,8,2
22959,5,9
22960,5,4
22961,5,9
22962,3,6
22963,2,3
22964,2,3
22965,6,8
22966,6,8
22967,9,9
22968,5,4
22969,3,6
22970,5,4
22971,9,7
22972,1,1
22973,7,5
22974,5,4
22975,3,6
22976,7,8
22977,2,3
22978,4,0
22979,7,5
22980,5,4
22981,4,0
22982,7,6
22983,7,5
22984,9,7
22985,5,4
22986,3,6
22987,4,0
22988,5,4
22989,6,3
22990,8,2
22991,5,4
22992,5,4
22993,9,7
22994,3,2
22995,9,7
22996,2,3
22997,5,4
22998,8,2
22999,2,3
23000,9,7
23001,8,2
23002,9,7
23003,0,1
23004,6,8
23005,7,5
23006,7,5
23007,7,5
23008,6,8
23009,4,0
23010,9,7
23011,7,5
23012,1,1
23013,4,0
23014,5,4
23015,6,8
23016,5,9
23017,5,4
23018,8,2
23019,3,6
23020,1,2
23021,0,7
23022,2,3
23023,4,0
23024,2,3
23025,8,2
23026,8,2
23027,5,9
23028,6,2
23029,2,3
23030,1,1
23031,5,4
23032,4,0
23033,5,4
23034,1,1
23035,6,8
23036,1,1
23037,0,1
23038,6,2
23039,8,2
23040,8,2
23041,8,2
23042,5,9
23043,2,3
23044,4,0
23045,0,1
23046,2,3
23047,2,3
23048,6,8
23049,3,6
23050,3,6
23051,9,7
23052,6,8
23053,2,3
23054,9,7
23055,5,4
23056,1,1
23057,5,9
23058,8,2
23059,0,1
23060,4,0
23061,9,9
23062,5,9
23063,6,8
23064,2,8
23065,7,5
23066,7,5
23067,4,0
23068,9,7
23069,8,2
23070,9,7
23071,6,8
23072,3,6
23073,3,6
23074,9,7
23075,3,6
23076,2,3
23077,6,8
23078,2,8
23079,8,2
23080,8,2
23081,6,8
23082,8,2
23083,5,4
23084,5,9
23085,5,4
23086,3,8
23087,8,2
23088,4,0
23089,6,2
23090,5,9
23091,6,8
23092,6,8
23093,4,0
23094,5,7
23095,4,0
23096,5,4
23097,1,1
23098,3,6
23099,8,2
23100,2,9
23101,2,3
23102,5,9
23103,5,4
23104,4,0
23105,7,5
23106,8,2
23107,3,6
23108,4,0
23109,6,8
23110,3,6
23111,5,9
23112,6,8
23113,4,0
23114,9,2
23115,0,1
23116,2,3
23117,8,2
23118,1,1
23119,2,3
23120,4,0
23121,5,4
23122,5,4
23123,7,5
23124,4,0
23125,3,6
23126,3,6
23127,9,7
23128,9,9
23129,6,8
23130,2,3
23131,4,0
23132,1,1
23133,1,1
23134,1,1
23135,5,4
23136,4,0
23137,7,5
23138,1,2
23139,7,6
23140,5,7
23141,9,7
23142,1,1
23143,6,8
23144,2,3
23145,5,9
23146,7,5
23147,6,8
23148,3,6
23149,9,7
23150,5,4
23151,5,4
23152,5,4
23153,9,7
23154,4,0
23155,9,7
23156,2,3
23157,2,3
23158,7,5
23159,9,9
23160,1,1
23161,6,8
23162,8,2
23163,6,8
23164,9,7
23165,2,3
23166,5,9
23167,0,1
23168,3,6
23169,7,5
23170,5,9
23171,8,2
23172,4,0
23173,9,7
23174,5,4
23175,5,4
23176,1,1
23177,1,2
23178,9,7
23179,3,6
23180,6,8
23181,1,1
23182,1,1
23183,7,5
23184,1,8
23185,8,2
23186,3,6
23187,5,4
23188,5,4
23189,7,5
23190,6,8
23191,7,5
23192,9,7
23193,6,8
23194,8,2
23195,7,6
23196,5,4
23197,5,4
23198,3,6
23199,5,4
23200,7,5
23201,5,4
23202,2,3
23203,0,1
23204,1,1
23205,6,8
23206,0,3
23207,9,7
23208,5,4
23209,7,5
23210,4,0
23211,7,5
23212,5,9
23213,0,1
23214,1,1
23215,9,8
23216,8,2
23217,5,9
23218,2,3
23219,1,1
23220,9,7
23221,2,3
23222,1,2
23223,3,6
23224,5,9
23225,2,3
23226,7,5
23227,2,3
23228,3,6
23229,8,2
23230,9,7
23231,8,2
23232,6,8
23233,7,6
23234,5,9
23235,7,5
23236,3,6
23237,7,5
23238,1,1
23239,2,3
23240,1,1
23241,2,3
23242,2,3
23243,7,8
23244,3,6
23245,0,1
23246,9,7
23247,7,6
23248,9,7
23249,7,5
23250,4,0
23251,7,6
23252,3,5
23253,6,8
23254,1,1
23255,0,1
23256,3,6
23257,9,9
23258,3,6
23259,9,7
23260,9,7
23261,3,6
23262,5,9
23263,6,8
23264,3,5
23265,2,3
23266,5,9
23267,9,7
23268,8,2
23269,5,4
23270,5,4
23271,9,7
23272,5,4
23273,4,0
23274,5,4
23275,9,9
23276,5,4
23277,4,0
23278,5,9
23279,4,0
23280,1,1
23281,2,3
23282,6,8
23283,9,7
23284,3,6
23285,5,9
23286,5,4
23287,2,3
23288,6,8
23289,4,0
23290,1,1
23291,0,1
23292,9,7
23293,4,0
23294,2,3
23295,0,1
23296,6,8
23297,4,0
23298,2,3
23299,5,4
23300,6,8
23301,4,0
23302,1,1
23303,0,1
23304,2,3
23305,4,0
23306,5,4
23307,5,4
23308,1,1
23309,9,7
23310,8,2
23311,9,9
23312,2,5
23313,8,2
23314,9,9
23315,4,0
23316,6,8
23317,3,6
23318,1,1
23319,8,2
23320,2,3
23321,7,6
23322,2,3
23323,8,2
23324,7,5
23325,8,2
23326,5,4
23327,9,9
23328,6,8
23329,9,9
23330,8,2
23331,4,0
23332,2,5
23333,1,1
23334,9,7
23335,8,2
23336,7,5
23337,2,3
23338,2,3
23339,5,4
23340,1,1
23341,7,5
23342,0,1
23343,3,6
23344,2,3
23345,9,7
23346,3,6
23347,4,8
23348,1,1
23349,5,9
23350,5,8
23351,4,0
23352,9,7
23353,1,1
23354,3,6
23355,8,2
23356,3,6
23357,2,3
23358,3,6
23359,5,4
23360,9,7
23361,7,5
23362,4,0
23363,3,6
23364,8,2
23365,5,9
23366,1,9
23367,4,0
23368,6,8
23369,1,1
23370,8,2
23371,8,2
23372,4,0
23373,2,3
23374,5,9
23375,5,4
23376,6,8
23377,7,5
23378,4,0
23379,3,6
23380,4,0
23381,9,7
23382,1,1
23383,6,8
23384,2,5
23385,7,5
23386,9,7
23387,9,7
23388,9,7
23389,4,0
23390,1,1
23391,6,8
23392,7,5
23393,5,4
23394,3,6
23395,4,0
23396,1,1
23397,1,2
23398,6,8
23399,1,1
23400,7,8
23401,4,0
23402,9,7
23403,8,2
23404,1,1
23405,6,8
23406,5,4
23407,2,5
23408,6,8
23409,5,4
23410,8,2
23411,5,4
23412,2,3
23413,1,1
23414,6,8
23415,3,6
23416,3,6
23417,1,1
23418,7,5
23419,2,3
23420,5,9
23421,3,6
23422,6,8
23423,5,9
23424,7,5
23425,2,3
23426,6,8
23427,9,7
23428,6,8
23429,5,4
23430,9,7
23431,5,9
23432,5,4
23433,9,7
23434,3,5
23435,5,4
23436,0,8
23437,6,8
23438,7,5
23439,2,3
23440,6,8
23441,1,2
23442,9,7
23443,9,7
23444,0,1
23445,9,7
23446,5,9
23447,5,9
23448,6,8
23449,7,5
23450,3,6
23451,9,7
23452,5,5
23453,3,6
23454,4,0
23455,7,5
23456,6,8
23457,8,2
23458,2,8
23459,5,4
23460,8,2
23461,4,8
23462,1,1
23463,5,9
23464,4,0
23465,3,6
23466,6,8
23467,5,9
23468,2,2
23469,5,7
23470,1,1
23471,3,6
23472,8,2
23473,1,1
23474,5,4
23475,3,6
23476,3,6
23477,1,1
23478,5,4
23479,9,7
23480,5,9
23481,8,2
23482,2,3
23483,2,3
23484,5,4
23485,3,6
23486,5,4
23487,3,6
23488,2,3
23489,3,6
23490,2,3
23491,8,2
23492,1,1
23493,1,1
23494,8,2
23495,4,0
23496,2,5
23497,7,5
23498,1,1
23499,4,0
23500,3,6
23501,1,1
23502,1,9
23503,8,2
23504,4,0
23505,1,1
23506,4,0
23507,9,7
23508,7,5
23509,6,8
23510,6,8
23511,1,1
23512,5,9
23513,5,4
23514,7,5
23515,5,9
23516,2,5
23517,2,3
23518,7,5
23519,5,9
23520,8,2
23521,4,0
23522,1,8
23523,0,1
23524,6,8
23525,8,2
23526,5,7
23527,2,3
23528,5,4
23529,5,4
23530,1,1
23531,7,5
23532,1,1
23533,3,6
23534,9,7
23535,9,7
23536,4,0
23537,6,8
23538,5,4
23539,9,9
23540,9,7
23541,4,0
23542,5,9
23543,0,1
23544,7,5
23545,8,2
23546,2,5
23547,2,3
23548,5,9
23549,5,4
23550,2,5
23551,9,7
23552,5,9
23553,6,8
23554,1,1
23555,0,9
23556,2,3
23557,4,0
23558,3,6
23559,0,1
23560,6,8
23561,8,2
23562,6,8
23563,2,3
23564,8,2
23565,0,4
23566,3,6
23567,7,5
23568,2,5
23569,3,6
23570,9,7
23571,9,7
23572,2,3
23573,6,8
23574,5,9
23575,0,9
23576,1,1
23577,3,6
23578,8,2
23579,4,0
23580,5,4
23581,2,3
23582,7,8
23583,5,4
23584,2,2
23585,0,1
23586,4,0
23587,5,4
23588,1,7
23589,4,0
23590,9,7
23591,6,8
23592,5,4
23593,3,6
23594,3,6
23595,0,4
23596,5,4
23597,7,5
23598,4,0
23599,0,4
23600,3,6
23601,4,0
23602,6,8
23603,9,7
23604,1,1
23605,7,8
23606,4,0
23607,9,7
23608,5,4
23609,9,7
23610,8,2
23611,9,9
23612,1,1
23613,4,0
23614,1,1
23615,0,4
23616,4,0
23617,0,9
23618,5,4
23619,9,9
23620,7,5
23621,9,7
23622,3,6
23623,5,4
23624,5,9
23625,8,2
23626,3,6
23627,4,0
23628,3,6
23629,4,5
23630,7,5
23631,6,8
23632,7,5
23633,7,5
23634,2,3
23635,9,9
23636,5,4
23637,6,8
23638,5,9
23639,6,8
23640,7,5
23641,0,4
23642,8,2
23643,4,0
23644,5,4
23645,9,7
23646,3,6
23647,0,1
23648,5,4
23649,2,3
23650,6,8
23651,7,5
23652,8,2
23653,3,6
23654,3,6
23655,7,5
23656,1,1
23657,2,3
23658,5,4
23659,6,8
23660,1,1
23661,9,7
23662,4,0
23663,2,3
23664,1,4
23665,0,1
23666,9,7
23667,3,6
23668,7,5
23669,6,8
23670,5,4
23671,7,5
23672,2,3
23673,9,9
23674,1,8
23675,8,2
23676,2,5
23677,8,2
23678,5,7
23679,4,0
23680,1,8
23681,0,9
23682,5,9
23683,8,2
23684,9,7
23685,9,4
23686,9,7
23687,3,6
23688,3,6
23689,7,5
23690,2,5
23691,8,2
23692,5,4
23693,0,1
23694,3,6
23695,2,3
23696,5,4
23697,3,6
23698,5,7
23699,3,6
23700,2,3
23701,8,2
23702,6,8
23703,0,1
23704,9,7
23705,8,2
23706,3,6
23707,3,6
23708,9,7
23709,4,0
23710,5,9
23711,9,7
23712,2,3
23713,0,4
23714,5,4
23715,9,7
23716,1,2
23717,6,8
23718,9,2
23719,9,9
23720,3,6
23721,8,2
23722,7,5
23723,0,9
23724,2,3
23725,7,5
23726,9,7
23727,0,1
23728,4,0
23729,6,8
23730,8,3
23731,2,3
23732,5,9
23733,4,5
23734,2,5
23735,3,6
23736,7,5
23737,6,8
23738,5,9
23739,4,0
23740,0,1
23741,4,0
23742,3,6
23743,0,9
23744,5,9
23745,0,9
23746,7,5
23747,2,3
23748,5,9
23749,0,1
23750,6,8
23751,0,1
23752,9,7
23753,4,0
23754,4,0
23755,0,1
23756,1,1
23757,8,2
23758,4,6
23759,2,3
23760,9,7
23761,5,4
23762,0,1
23763,7,5
23764,8,2
23765,3,6
23766,3,6
23767,9,7
23768,2,8
23769,6,8
23770,4,2
23771,5,9
23772,5,9
23773,4,0
23774,3,6
23775,0,1
23776,8,2
23777,8,2
23778,2,3
23779,2,3
23780,3,6
23781,5,4
23782,1,7
23783,7,5
23784,9,7
23785,3,6
23786,4,0
23787,9,7
23788,1,1
23789,6,8
23790,3,6
23791,9,9
23792,2,5
23793,4,0
23794,8,2
23795,0,1
23796,2,3
23797,8,2
23798,9,7
23799,2,3
23800,8,2
23801,5,4
23802,9,7
23803,9,7
23804,6,8
23805,6,8
23806,3,5
23807,5,9
23808,7,5
23809,4,0
23810,2,3
23811,9,7
23812,2,3
23813,4,0
23814,6,2
23815,9,7
23816,5,9
23817,6,8
23818,1,1
23819,2,3
23820,2,3
23821,4,0
23822,1,1
23823,4,0
23824,9,5
23825,7,5
23826,8,2
23827,7,5
23828,4,0
23829,2,3
23830,3,6
23831,6,8
23832,2,5
23833,6,8
23834,5,4
23835,1,1
23836,7,5
23837,5,4
23838,5,9
23839,3,6
23840,9,7
23841,0,1
23842,4,0
23843,6,8
23844,0,1
23845,4,0
23846,8,2
23847,8,2
23848,6,8
23849,9,7
23850,3,6
23851,2,3
23852,1,1
23853,9,9
23854,1,1
23855,5,4
23856,4,0
23857,0,1
23858,7,5
23859,8,2
23860,2,3
23861,7,5
23862,1,1
23863,5,9
23864,9,9
23865,6,8
23866,2,3
23867,5,9
23868,5,9
23869,7,5
23870,7,5
23871,5,4
23872,1,1
23873,2,3
23874,2,5
23875,4,0
23876,5,9
23877,2,3
23878,5,4
23879,2,3
23880,5,9
23881,5,4
23882,4,0
23883,9,7
23884,4,0
23885,0,1
23886,0,1
23887,8,2
23888,2,3
23889,0,1
23890,6,8
23891,4,0
23892,1,1
23893,3,6
23894,8,2
23895,8,2
23896,5,4
23897,2,3
23898,3,6
23899,6,8
23900,3,6
23901,5,9
23902,9,7
23903,7,5
23904,5,4
23905,3,6
23906,7,5
23907,3,6
23908,1,1
23909,9,7
23910,1,1
23911,0,1
23912,2,5
23913,5,4
23914,4,0
23915,3,6
23916,8,2
23917,8,2
23918,7,5
23919,5,9
23920,7,5
23921,0,1
23922,3,6
23923,7,5
23924,3,6
23925,7,5
23926,4,0
23927,7,5
23928,7,5
23929,2,3
23930,6,8
23931,0,1
23932,9,7
23933,5,4
23934,8,2
23935,6,8
23936,5,4
23937,3,6
23938,2,5
23939,2,3
23940,4,0
23941,9,7
23942,8,2
23943,4,0
23944,5,9
23945,5,9
23946,9,7
23947,7,5
23948,0,8
23949,3,6
23950,5,9
23951,9,7
23952,6,2
23953,0,1
23954,1,1
23955,2,3
23956,4,4
23957,8,2
23958,3,6
23959,3,6
23960,1,1
23961,8,2
23962,4,3
23963,3,6
23964,6,8
23965,9,7
23966,6,8
23967,6,8
23968,1,7
23969,9,7
23970,0,1
23971,4,0
23972,7,5
23973,1,1
23974,5,4
23975,8,2
23976,5,9
23977,2,3
23978,1,7
23979,5,4
23980,4,0
23981,7,5
23982,9,2
23983,3,6
23984,1,1
23985,9,7
23986,2,3
23987,6,8
23988,4,0
23989,5,9
23990,5,9
23991,4,0
23992,5,4
23993,1,1
23994,8,2
23995,8,2
23996,2,5
23997,2,3
23998,9,9
23999,5,4
24000,6,8
24001,7,5
24002,6,8
24003,3,6
24004,7,5
24005,9,7
24006,9,9
24007,6,8
24008,9,7
24009,5,9
24010,8,2
24011,4,0
24012,8,2
24013,0,1
24014,8,2
24015,8,2
24016,3,6
24017,2,3
24018,5,4
24019,5,4
24020,0,1
24021,7,5
24022,9,7
24023,3,6
24024,4,0
24025,9,7
24026,6,8
24027,6,8
24028,2,3
24029,9,9
24030,3,6
24031,3,6
24032,5,4
24033,5,4
24034,4,0
24035,8,2
24036,8,2
24037,3,6
24038,1,1
24039,5,4
24040,9,7
24041,9,7
24042,2,3
24043,7,5
24044,9,7
24045,7,5
24046,6,8
24047,5,4
24048,6,8
24049,9,7
24050,8,2
24051,6,8
24052,9,4
24053,5,9
24054,5,9
24055,8,2
24056,2,5
24057,5,9
24058,3,6
24059,1,3
24060,8,2
24061,9,9
24062,2,9
24063,6,3
24064,9,7
24065,6,8
24066,2,3
24067,8,2
24068,7,5
24069,4,0
24070,1,1
24071,5,9
24072,4,0
24073,6,8
24074,3,6
24075,4,0
24076,5,4
24077,7,5
24078,4,0
24079,3,6
24080,1,1
24081,4,0
24082,9,9
24083,1,1
24084,3,4
24085,4,0
24086,1,1
24087,5,4
24088,9,7
24089,8,2
24090,1,1
24091,3,6
24092,9,9
24093,2,5
24094,9,7
24095,2,3
24096,8,2
24097,7,5
24098,8,2
24099,1,3
24100,7,5
24101,6,8
24102,1,1
24103,4,0
24104,2,3
24105,4,0
24106,3,5
24107,7,5
24108,6,8
24109,5,4
24110,6,8
24111,1,3
24112,6,8
24113,5,4
24114,5,4
24115,1,1
24116,8,2
24117,7,5
24118,8,2
24119,2,3
24120,5,4
24121,4,0
24122,1,1
24123,6,8
24124,1,2
24125,2,3
24126,1,1
24127,3,6
24128,2,5
24129,8,2
24130,6,8
24131,9,7
24132,2,3
24133,0,1
24134,7,8
24135,1,1
24136,1,1
24137,6,8
24138,9,7
24139,1,1
24140,9,7
24141,9,7
24142,2,3
24143,1,1
24144,2,3
24145,1,3
24146,3,6
24147,6,8
24148,4,0
24149,7,5
24150,6,8
24151,4,0
24152,8,2
24153,5,9
24154,5,4
24155,9,7
24156,5,9
24157,3,6
24158,3,6
24159,9,7
24160,6,8
24161,5,4
24162,3,6
24163,1,1
24164,0,9
24165,3,6
24166,7,5
24167,6,8
24168,0,1
24169,5,4
24170,7,5
24171,9,7
24172,9,7
24173,7,5
24174,5,4
24175,1,1
24176,2,3
24177,8,2
24178,5,9
24179,3,6
24180,2,5
24181,5,7
24182,8,2
24183,1,1
24184,3,6
24185,5,9
24186,9,7
24187,6,8
24188,4,0
24189,4,0
24190,6,8
24191,3,6
24192,5,4
24193,5,9
24194,0,9
24195,5,4
24196,2,3
24197,5,9
24198,1,2
24199,1,9
24200,9,7
24201,3,6
24202,3,5
24203,8,2
24204,2,3
24205,2,3
24206,8,2
24207,9,7
24208,1,1
24209,1,1
24210,5,9
24211,5,9
24212,4,0
24213,8,2
24214,3,6
24215,8,2
24216,1,1
24217,7,5
24218,2,3
24219,2,3
24220,3,6
24221,5,7
24222,1,1
24223,6,8
24224,3,6
24225,4,0
24226,8,2
24227,0,1
24228,9,7
24229,8,2
24230,5,9
24231,2,3
24232,7,5
24233,0,4
24234,6,8
24235,0,5
24236,9,7
24237,3,6
24238,1,2
24239,9,7
24240,5,8
24241,0,8
24242,3,6
24243,9,9
24244,5,4
24245,4,0
24246,5,9
24247,0,1
24248,2,3
24249,8,2
24250,1,5
24251,2,3
24252,3,5
24253,5,4
24254,9,7
24255,7,5
24256,1,8
24257,3,6
24258,3,4
24259,9,7
24260,9,7
24261,0,8
24262,5,4
24263,0,9
24264,2,3
24265,4,0
24266,3,6
24267,0,1
24268,4,0
24269,8,2
24270,5,9
24271,2,3
24272,5,4
24273,5,4
24274,5,4
24275,0,5
24276,4,0
24277,3,6
24278,0,3
24279,0,1
24280,5,7
24281,2,3
24282,5,4
24283,7,5
24284,2,3
24285,9,9
24286,3,6
24287,5,4
24288,1,1
24289,0,1
24290,8,2
24291,9,7
24292,0,4
24293,0,1
24294,2,3
24295,5,4
24296,5,4
24297,0,8
24298,5,4
24299,2,3
24300,5,9
24301,0,8
24302,5,4
24303,8,2
24304,3,6
24305,9,9
24306,1,1
24307,2,3
24308,4,0
24309,6,8
24310,2,5
24311,6,8
24312,2,8
24313,9,9
24314,9,7
24315,9,7
24316,5,4
24317,7,5
24318,7,5
24319,9,9
24320,4,0
24321,8,2
24322,0,1
24323,7,5
24324,7,5
24325,9,7
24326,2,3
24327,5,4
24328,1,1
24329,0,1
24330,7,5
24331,8,2
24332,2,5
24333,2,3
24334,5,4
24335,7,5
24336,2,3
24337,9,9
24338,2,3
24339,0,1
24340,5,4
24341,0,1
24342,3,6
24343,4,0
24344,6,8
24345,4,0
24346,4,0
24347,0,2
24348,4,0
24349,6,8
24350,2,3
24351,9,7
24352,1,1
24353,7,5
24354,2,3
24355,0,1
24356,2,3
24357,0,1
24358,2,3
24359,0,8
24360,5,2
24361,7,5
24362,9,7
24363,7,6
24364,9,7
24365,0,4
24366,1,1
24367,4,0
24368,1,1
24369,2,3
24370,6,8
24371,4,0
24372,9,7
24373,2,3
24374,7,5
24375,9,7
24376,1,1
24377,3,6
24378,5,4
24379,9,9
24380,3,6
24381,8,2
24382,9,7
24383,3,6
24384,9,7
24385,3,6
24386,2,3
24387,9,9
24388,4,0
24389,4,0
24390,8,2
24391,5,4
24392,3,6
24393,4,0
24394,2,5
24395,3,6
24396,2,8
24397,0,1
24398,5,9
24399,4,0
24400,2,3
24401,9,9
24402,2,5
24403,7,5
24404,6,8
24405,0,1
24406,8,2
24407,2,3
24408,7,5
24409,9,7
24410,6,8
24411,3,6
24412,9,7
24413,9,9
24414,2,3
24415,9,7
24416,6,8
24417,2,3
24418,8,2
24419,4,0
24420,5,9
24421,7,5
24422,6,8
24423,3,6
24424,6,1
24425,8,2
24426,2,5
24427,8,2
24428,3,6
24429,4,0
24430,8,2
24431,1,1
24432,5,4
24433,8,2
24434,9,7
24435,2,3
24436,1,1
24437,5,4
24438,3,6
24439,7,5
24440,3,0
24441,3,6
24442,2,3
24443,9,7
24444,4,0
24445,4,0
24446,2,3
24447,1,1
24448,2,3
24449,8,2
24450,8,2
24451,2,3
24452,2,3
24453,3,6
24454,9,9
24455,9,7
24456,5,4
24457,0,8
24458,3,6
24459,9,9
24460,6,8
24461,1,1
24462,3,2
24463,4,0
24464,9,7
24465,0,1
24466,1,1
24467,8,2
24468,5,9
24469,2,3
24470,1,1
24471,5,4
24472,5,4
24473,7,5
24474,3,6
24475,3,6
24476,4,0
24477,9,7
24478,9,9
24479,7,8
24480,4,0
24481,2,3
24482,5,9
24483,1,1
24484,8,2
24485,8,2
24486,3,6
24487,1,1
24488,3,6
24489,5,9
24490,3,5
24491,1,2
24492,7,5
24493,5,4
24494,5,9
24495,4,0
24496,5,9
24497,5,9
24498,6,8
24499,5,9
24500,9,7
24501,2,3
24502,9,7
24503,9,7
24504,7,5
24505,9,7
24506,5,4
24507,5,9
24508,5,9
24509,1,1
24510,4,0
24511,5,4
24512,2,3
24513,1,2
24514,5,4
24515,9,7
24516,2,5
24517,8,2
24518,9,7
24519,7,5
24520,8,2
24521,6,8
24522,3,6
24523,3,6
24524,2,3
24525,4,0
24526,3,6
24527,5,4
24528,2,3
24529,4,0
24530,5,4
24531,2,3
24532,2,3
24533,3,8
24534,2,8
24535,1,1
24536,1,1
24537,4,0
24538,5,9
24539,2,3
24540,9,7
24541,4,0
24542,5,4
24543,5,4
24544,9,7
24545,9,7
24546,8,2
24547,5,4
24548,9,7
24549,5,9
24550,9,7
24551,8,2
24552,8,2
24553,5,9
24554,3,6
24555,0,1
24556,5,9
24557,8,2
24558,2,8
24559,7,5
24560,2,3
24561,0,7
24562,9,8
24563,1,1
24564,1,1
24565,9,7
24566,5,9
24567,1,1
24568,9,7
24569,3,6
24570,1,2
24571,9,7
24572,9,7
24573,2,3
24574,7,5
24575,2,3
24576,3,6
24577,3,6
24578,6,8
24579,7,5
24580,1,1
24581,3,6
24582,8,2
24583,9,7
24584,2,3
24585,3,6
24586,6,8
24587,4,8
24588,5,9
24589,4,8
24590,5,4
24591,8,2
24592,3,6
24593,5,9
24594,5,9
24595,7,5
24596,5,9
24597,2,3
24598,4,8
24599,9,7
24600,6,8
24601,5,4
24602,8,2
24603,2,3
24604,5,4
24605,4,0
24606,1,1
24607,5,4
24608,7,5
24609,3,6
24610,2,3
24611,3,6
24612,8,2
24613,5,9
24614,7,5
24615,4,0
24616,5,6
24617,0,1
24618,8,2
24619,0,1
24620,5,9
24621,2,3
24622,3,6
24623,1,2
24624,1,1
24625,0,1
24626,1,1
24627,4,0
24628,1,1
24629,4,0
24630,2,5
24631,0,1
24632,8,2
24633,8,2
24634,1,1
24635,2,3
24636,4,0
24637,5,4
24638,3,6
24639,9,7
24640,4,0
24641,6,8
24642,5,4
24643,5,9
24644,9,7
24645,4,0
24646,1,8
24647,0,1
24648,5,4
24649,8,2
24650,7,5
24651,2,3
24652,9,7
24653,5,4
24654,1,8
24655,9,7
24656,3,6
24657,6,8
24658,6,8
24659,5,9
24660,5,5
24661,4,0
24662,9,7
24663,0,1
24664,6,8
24665,8,2
24666,2,5
24667,2,3
24668,1,4
24669,5,4
24670,9,7
24671,7,5
24672,2,3
24673,3,6
24674,8,2
24675,9,7
24676,4,0
24677,6,8
24678,1,1
24679,6,8
24680,2,3
24681,4,0
24682,9,7
24683,7,5
24684,1,9
24685,3,6
24686,6,8
24687,3,6
24688,1,1
24689,4,0
24690,8,2
24691,6,8
24692,9,7
24693,4,0
24694,5,9
24695,8,2
24696,4,0
24697,2,3
24698,4,0
24699,9,7
24700,9,7
24701,9,9
24702,9,7
24703,0,4
24704,5,9
24705,9,7
24706,4,0
24707,0,1
24708,2,5
24709,9,7
24710,1,1
24711,0,1
24712,5,9
24713,5,4
24714,1,1
24715,4,0
24716,3,5
24717,4,0
24718,7,5
24719,5,4
24720,6,8
24721,0,1
24722,8,2
24723,9,7
24724,8,2
24725,7,5
24726,4,6
24727,9,7
24728,8,2
24729,0,1
24730,7,5
24731,2,3
24732,8,2
24733,2,3
24734,5,4
24735,2,3
24736,5,9
24737,0,1
24738,1,1
24739,3,6
24740,5,8
24741,5,9
24742,9,7
24743,9,7
24744,5,4
24745,5,4
24746,9,2
24747,2,3
24748,2,3
24749,4,0
24750,3,6
24751,8,2
24752,1,2
24753,3,6
24754,3,6
24755,4,0
24756,5,9
24757,6,8
24758,5,4
24759,9,9
24760,6,8
24761,1,4
24762,1,1
24763,2,3
24764,3,6
24765,7,5
24766,5,4
24767,0,4
24768,6,8
24769,6,8
24770,2,3
24771,0,1
24772,9,3
24773,7,5
24774,3,6
24775,5,9
24776,3,0
24777,4,0
24778,2,5
24779,3,6
24780,2,3
24781,5,4
24782,1,1
24783,2,3
24784,2,3
24785,3,6
24786,8,2
24787,2,3
24788,9,7
24789,2,3
24790,1,2
24791,6,8
24792,7,5
24793,1,1
24794,4,2
24795,5,4
24796,8,2
24797,9,7
24798,4,4
24799,7,5
24800,1,1
24801,9,7
24802,3,6
24803,8,2
24804,3,6
24805,8,2
24806,6,8
24807,4,0
24808,1,1
24809,4,0
24810,5,4
24811,0,1
24812,7,5
24813,9,7
24814,1,1
24815,9,7
24816,9,7
24817,5,9
24818,9,7
24819,7,5
24820,7,5
24821,9,9
24822,1,4
24823,6,8
24824,1,1
24825,9,9
24826,1,8
24827,7,6
24828,4,0
24829,6,8
24830,9,7
24831,6,8
24832,3,6
24833,8,2
24834,0,1
24835,2,3
24836,8,2
24837,3,6
24838,1,1
24839,0,1
24840,4,0
24841,8,2
24842,4,0
24843,9,9
24844,8,2
24845,6,8
24846,4,0
24847,7,5
24848,1,1
24849,6,2
24850,2,3
24851,3,6
24852,6,8
24853,8,2
24854,7,5
24855,5,4
24856,4,0
24857,6,8
24858,4,0
24859,7,5
24860,5,9
24861,4,0
24862,8,2
24863,0,1
24864,3,5
24865,8,2
24866,5,4
24867,2,3
24868,2,3
24869,5,4
24870,2,3
24871,3,6
24872,4,0
24873,9,7
24874,5,4
24875,6,8
24876,8,2
24877,4,0
24878,9,7
24879,1,1
24880,5,4
24881,8,2
24882,9,7
24883,2,3
24884,9,7
24885,5,4
24886,2,3
24887,6,5
24888,1,1
24889,6,8
24890,7,5
24891,9,9
24892,4,0
24893,4,0
24894,5,4
24895,0,1
24896,4,0
24897,8,2
24898,5,9
24899,1,3
24900,1,1
24901,5,4
24902,5,9
24903,7,5
24904,1,1
24905,3,6
24906,2,3
24907,9,7
24908,2,5
24909,6,8
24910,7,5
24911,9,9
24912,5,4
24913,4,0
24914,1,9
24915,1,1
24916,5,9
24917,9,7
24918,1,1
24919,9,9
24920,5,9
24921,7,5
24922,5,4
24923,0,1
24924,1,1
24925,6,8
24926,6,8
24927,9,9
24928,9,7
24929,5,4
24930,1,1
24931,2,3
24932,1,1
24933,0,1
24934,4,6
24935,9,7
24936,5,9
24937,6,8
24938,5,7
24939,8,2
24940,4,0
24941,5,4
24942,5,9
24943,2,3
24944,3,6
24945,3,6
24946,5,9
24947,9,9
24948,3,6
24949,9,9
24950,1,8
24951,7,5
24952,4,0
24953,6,8
24954,6,8
24955,3,6
24956,5,9
24957,3,6
24958,1,1
24959,6,8
24960,2,5
24961,8,2
24962,4,0
24963,3,6
24964,9,7
24965,2,3
24966,1,1
24967,9,9
24968,8,2
24969,2,3
24970,0,1
24971,8,2
24972,8,2
24973,0,1
24974,1,1
24975,9,7
24976,5,4
24977,5,4
24978,4,0
24979,0,8
24980,5,4
24981,0,8
24982,6,2
24983,9,9
24984,1,7
24985,4,0
24986,5,4
24987,2,3
24988,4,0
24989,2,3
24990,2,7
24991,9,9
24992,5,4
24993,4,0
24994,9,7
24995,7,5
24996,1,1
24997,8,2
24998,5,9
24999,9,9
25000,2,3
25001,5,4
25002,7,5
25003,0,1
25004,8,2
25005,4,0
25006,5,4
25007,2,3
25008,6,8
25009,9,7
25010,3,6
25011,9,7
25012,6,8
25013,9,7
25014,5,4
25015,0,8
25016,6,8
25017,8,2
25018,5,8
25019,5,9
25020,8,2
25021,9,7
25022,4,0
25023,7,5
25024,4,0
25025,7,5
25026,9,7
25027,0,1
25028,2,3
25029,8,2
25030,3,6
25031,3,6
25032,2,3
25033,2,3
25034,1,3
25035,3,6
25036,1,1
25037,3,6
25038,8,2
25039,4,0
25040,2,3
25041,8,2
25042,1,1
25043,6,8
25044,5,9
25045,1,1
25046,5,9
25047,3,6
25048,5,4
25049,0,1
25050,5,4
25051,4,0
25052,1,1
25053,5,4
25054,0,1
25055,4,3
25056,5,4
25057,0,1
25058,9,7
25059,3,6
25060,9,7
25061,0,1
25062,9,7
25063,9,9
25064,1,1
25065,4,0
25066,7,5
25067,1,1
25068,1,6
25069,8,2
25070,9,7
25071,2,3
25072,6,8
25073,5,4
25074,9,8
25075,7,5
25076,3,6
25077,3,6
25078,2,3
25079,9,7
25080,2,5
25081,6,8
25082,4,0
25083,5,9
25084,7,5
25085,4,0
25086,5,4
25087,1,1
25088,8,2
25089,8,2
25090,3,6
25091,2,3
25092,1,0
25093,5,4
25094,2,3
25095,9,7
25096,2,5
25097,6,8
25098,3,6
25099,9,9
25100,5,4
25101,4,0
25102,3,6
25103,0,1
25104,3,6
25105,8,2
25106,2,3
25107,2,3
25108,3,6
25109,5,4
25110,9,7
25111,7,5
25112,0,1
25113,3,6
25114,5,4
25115,9,7
25116,2,3
25117,6,8
25118,1,1
25119,9,9
25120,6,8
25121,9,7
25122,8,2
25123,9,7
25124,1,1
25125,9,7
25126,9,7
25127,2,3
25128,9,7
25129,1,1
25130,9,7
25131,6,8
25132,2,8
25133,9,7
25134,5,9
25135,3,6
25136,8,2
25137,4,0
25138,8,2
25139,8,2
25140,9,7
25141,3,6
25142,3,6
25143,6,8
25144,3,5
25145,2,3
25146,2,8
25147,8,2
25148,1,2
25149,6,8
25150,8,2
25151,1,1
25152,4,0
25153,1,1
25154,5,4
25155,9,7
25156,1,2
25157,4,2
25158,7,5
25159,3,0
25160,9,7
25161,9,7
25162,5,4
25163,1,1
25164,2,3
25165,3,6
25166,4,0
25167,4,0
25168,5,9
25169,5,4
25170,5,4
25171,3,6
25172,2,3
25173,5,4
25174,2,3
25175,5,4
25176,3,4
25177,7,5
25178,4,5
25179,6,8
25180,5,4
25181,4,0
25182,5,4
25183,3,6
25184,5,4
25185,8,2
25186,2,8
25187,2,3
25188,5,4
25189,1,1
25190,2,5
25191,2,3
25192,2,5
25193,3,6
25194,5,4
25195,6,8
25196,0,1
25197,0,4
25198,7,5
25199,4,0
25200,9,7
25201,9,7
25202,1,1
25203,7,5
25204,3,6
25205,6,8
25206,4,0
25207,6,8
25208,2,3
25209,2,3
25210,2,3
25211,9,7
25212,2,9
25213,6,8
25214,4,0
25215,5,9
25216,5,9
25217,8,2
25218,5,4
25219,3,6
25220,1,2
25221,8,2
25222,2,3
25223,7,5
25224,5,9
25225,2,3
25226,3,6
25227,1,1
25228,6,8
25229,9,7
25230,1,1
25231,2,3
25232,0,8
25233,5,9
25234,5,4
25235,0,1
25236,6,8
25237,5,9
25238,8,2
25239,5,9
25240,7,5
25241,3,6
25242,9,7
25243,4,0
25244,1,1
25245,2,3
25246,1,2
25247,9,9
25248,5,9
25249,8,2
25250,6,8
25251,6,8
25252,4,0
25253,1,1
25254,6,8
25255,5,4
25256,2,8
25257,2,3
25258,5,9
25259,7,5
25260,5,4
25261,8,2
25262,2,8
25263,5,9
25264,1,1
25265,8,2
25266,2,3
25267,9,9
25268,1,1
25269,0,1
25270,3,6
25271,3,6
25272,8,2
25273,0,5
25274,1,1
25275,6,8
25276,6,8
25277,9,9
25278,4,0
25279,5,4
25280,5,9
25281,8,2
25282,2,3
25283,7,5
25284,2,3
25285,4,0
25286,9,7
25287,1,1
25288,5,4
25289,8,2
25290,4,0
25291,2,3
25292,5,4
25293,5,4
25294,2,2
25295,2,5
25296,2,3
25297,3,6
25298,9,9
25299,9,7
25300,5,7
25301,4,8
25302,0,1
25303,5,9
25304,4,0
25305,4,0
25306,3,6
25307,1,1
25308,1,7
25309,1,2
25310,1,1
25311,2,3
25312,4,0
25313,5,4
25314,9,7
25315,7,5
25316,3,6
25317,3,6
25318,9,2
25319,9,7
25320,6,8
25321,4,8
25322,0,1
25323,5,9
25324,1,1
25325,4,0
25326,6,8
25327,1,1
25328,2,3
25329,8,2
25330,4,5
25331,2,3
25332,1,2
25333,5,4
25334,5,4
25335,2,5
25336,1,1
25337,3,6
25338,3,6
25339,9,7
25340,3,6
25341,4,8
25342,7,5
25343,5,9
25344,4,0
25345,3,6
25346,2,3
25347,5,4
25348,9,7
25349,8,2
25350,5,7
25351,3,6
25352,1,1
25353,5,4
25354,1,1
25355,9,7
25356,2,5
25357,2,5
25358,3,6
25359,2,5
25360,6,8
25361,5,4
25362,6,8
25363,9,7
25364,1,1
25365,6,8
25366,4,0
25367,5,9
25368,3,6
25369,8,2
25370,9,7
25371,5,9
25372,5,9
25373,2,3
25374,3,6
25375,5,9
25376,5,9
25377,2,3
25378,5,4
25379,4,8
25380,5,4
25381,8,2
25382,5,4
25383,4,0
25384,7,5
25385,5,9
25386,4,0
25387,2,8
25388,6,8
25389,4,0
25390,4,0
25391,2,5
25392,9,7
25393,3,6
25394,1,1
25395,4,0
25396,5,4
25397,1,1
25398,2,3
25399,4,0
25400,6,8
25401,5,4
25402,2,5
25403,8,2
25404,5,9
25405,3,6
25406,4,2
25407,7,5
25408,4,0
25409,2,3
25410,5,4
25411,2,5
25412,1,2
25413,2,3
25414,1,1
25415,4,8
25416,1,1
25417,2,3
25418,6,8
25419,5,4
25420,4,0
25421,1,1
25422,3,6
25423,7,5
25424,3,6
25425,2,3
25426,9,7
25427,4,0
25428,1,1
25429,2,8
25430,3,6
25431,2,3
25432,5,9
25433,4,0
25434,1,1
25435,3,6
25436,1,1
25437,8,2
25438,5,4
25439,9,7
25440,7,5
25441,1,1
25442,8,2
25443,1,1
25444,9,7
25445,6,8
25446,5,9
25447,1,1
25448,1,1
25449,9,7
25450,1,1
25451,1,1
25452,9,7
25453,2,3
25454,2,3
25455,4,8
25456,4,0
25457,2,5
25458,9,7
25459,8,2
25460,4,0
25461,4,0
25462,3,6
25463,5,9
25464,6,8
25465,9,7
25466,7,5
25467,3,6
25468,2,5
25469,9,7
25470,5,4
25471,5,4
25472,5,9
25473,1,1
25474,1,1
25475,3,6
25476,8,2
25477,6,8
25478,1,9
25479,5,4
25480,2,3
25481,9,7
25482,0,8
25483,7,5
25484,5,4
25485,1,1
25486,8,8
25487,8,2
25488,5,4
25489,3,6
25490,5,4
25491,9,7
25492,8,2
25493,5,9
25494,7,5
25495,5,8
25496,1,1
25497,4,0
25498,9,4
25499,3,6
25500,9,7
25501,5,9
25502,5,9
25503,5,4
25504,1,1
25505,3,6
25506,9,7
25507,8,2
25508,7,5
25509,2,3
25510,8,2
25511,9,7
25512,4,0
25513,1,1
25514,6,8
25515,5,9
25516,1,2
25517,8,2
25518,4,0
25519,8,2
25520,3,6
25521,7,5
25522,9,7
25523,2,3
25524,1,1
25525,9,7
25526,8,2
25527,6,8
25528,2,9
25529,4,0
25530,8,2
25531,1,1
25532,5,9
25533,8,2
25534,5,4
25535,2,3
25536,2,3
25537,1,1
25538,2,3
25539,7,5
25540,1,1
25541,3,6
25542,4,0
25543,9,7
25544,6,8
25545,6,8
25546,2,8
25547,4,0
25548,8,2
25549,1,1
25550,5,4
25551,8,2
25552,2,3
25553,2,3
25554,9,7
25555,5,4
25556,2,8
25557,7,5
25558,5,4
25559,3,6
25560,2,5
25561,9,7
25562,9,9
25563,6,8
25564,8,2
25565,5,9
25566,3,5
25567,4,0
25568,6,8
25569,1,1
25570,8,2
25571,8,2
25572,3,6
25573,2,3
25574,8,2
25575,5,4
25576,4,0
25577,7,5
25578,9,7
25579,3,6
25580,7,5
25581,9,7
25582,6,8
25583,6,8
25584,4,0
25585,9,9
25586,2,3
25587,6,8
25588,7,5
25589,5,9
25590,2,3
25591,8,2
25592,6,8
25593,3,6
25594,9,7
25595,1,1
25596,1,1
25597,9,7
25598,7,5
25599,3,6
25600,1,1
25601,2,3
25602,5,4
25603,7,5
25604,5,4
25605,5,4
25606,1,1
25607,6,8
25608,3,6
25609,8,2
25610,9,7
25611,3,6
25612,5,4
25613,5,4
25614,7,6
25615,9,7
25616,5,4
25617,8,2
25618,8,2
25619,2,3
25620,7,8
25621,5,4
25622,7,5
25623,7,5
25624,1,9
25625,9,9
25626,4,0
25627,8,2
25628,1,1
25629,4,0
25630,2,3
25631,2,3
25632,8,2
25633,5,9
25634,5,9
25635,5,4
25636,3,6
25637,5,9
25638,3,6
25639,9,7
25640,5,9
25641,2,3
25642,9,7
25643,5,9
25644,5,4
25645,2,3
25646,3,6
25647,6,8
25648,5,9
25649,9,7
25650,4,0
25651,0,1
25652,5,9
25653,5,4
25654,3,5
25655,5,9
25656,5,4
25657,6,8
25658,8,2
25659,7,5
25660,5,4
25661,6,8
25662,5,4
25663,8,2
25664,5,9
25665,3,6
25666,1,1
25667,5,9
25668,5,4
25669,3,5
25670,5,4
25671,2,3
25672,8,2
25673,3,6
25674,6,8
25675,7,5
25676,4,0
25677,8,2
25678,3,5
25679,7,5
25680,3,6
25681,9,7
25682,5,4
25683,8,2
25684,3,6
25685,2,3
25686,6,8
25687,1,1
25688,2,3
25689,2,3
25690,4,0
25691,8,2
25692,2,8
25693,9,7
25694,4,0
25695,2,3
25696,1,1
25697,1,1
25698,5,9
25699,5,9
25700,8,2
25701,4,0
25702,1,1
25703,1,1
25704,1,1
25705,9,7
25706,5,9
25707,4,0
25708,2,3
25709,6,8
25710,6,8
25711,2,5
25712,5,9
25713,3,6
25714,4,0
25715,6,8
25716,9,7
25717,8,2
25718,8,2
25719,1,1
25720,7,5
25721,2,3
25722,5,4
25723,2,5
25724,1,1
25725,4,0
25726,7,5
25727,9,7
25728,2,3
25729,4,0
25730,3,6
25731,6,8
25732,1,2
25733,9,7
25734,1,1
25735,8,2
25736,2,8
25737,5,4
25738,7,5
25739,5,4
25740,2,3
25741,6,8
25742,3,6
25743,4,0
25744,1,1
25745,1,1
25746,2,3
25747,7,5
25748,1,7
25749,1,1
25750,4,0
25751,0,1
25752,2,2
25753,3,6
25754,4,0
25755,4,0
25756,9,7
25757,4,0
25758,0,1
25759,5,4
25760,5,4
25761,9,9
25762,7,5
25763,6,8
25764,0,1
25765,7,5
25766,6,8
25767,0,1
25768,2,3
25769,3,6
25770,3,6
25771,3,6
25772,5,4
25773,4,0
25774,1,1
25775,9,7
25776,6,8
25777,3,6
25778,7,5
25779,0,1
25780,8,2
25781,0,1
25782,9,7
25783,4,0
25784,5,4
25785,1,1
25786,1,1
25787,8,2
25788,9,7
25789,2,3
25790,5,4
25791,5,4
25792,9,7
25793,7,5
25794,1,1
25795,3,6
25796,6,8
25797,5,7
25798,7,6
25799,1,8
25800,8,1
25801,5,9
25802,2,3
25803,4,0
25804,8,2
25805,1,1
25806,5,7
25807,8,2
25808,9,7
25809,2,3
25810,5,9
25811,5,4
25812,1,1
25813,7,5
25814,4,0
25815,3,6
25816,5,7
25817,9,7
25818,4,0
25819,0,8
25820,2,3
25821,5,9
25822,1,1
25823,4,0
25824,5,9
25825,1,1
25826,5,4
25827,8,2
25828,5,9
25829,7,3
25830,9,7
25831,5,4
25832,7,5
25833,9,7
25834,3,6
25835,0,8
25836,4,0
25837,5,9
25838,1,2
25839,4,0
25840,7,5
25841,9,7
25842,1,1
25843,6,8
25844,5,4
25845,5,4
25846,5,4
25847,1,1
25848,5,4
25849,6,8
25850,9,7
25851,6,8
25852,5,9
25853,1,1
25854,8,2
25855,6,3
25856,5,4
25857,1,1
25858,1,1
25859,6,8
25860,7,6
25861,2,3
25862,9,7
25863,9,7
25864,1,1
25865,5,9
25866,5,4
25867,2,3
25868,9,7
25869,5,4
25870,6,8
25871,9,7
25872,9,9
25873,6,8
25874,1,9
25875,5,4
25876,1,1
25877,9,7
25878,5,4
25879,0,8
25880,2,3
25881,5,9
25882,2,3
25883,1,3
25884,5,4
25885,1,1
25886,7,5
25887,5,4
25888,9,7
25889,3,6
25890,6,8
25891,7,5
25892,4,0
25893,3,6
25894,5,4
25895,9,7
25896,2,3
25897,9,7
25898,1,1
25899,1,1
25900,9,9
25901,3,6
25902,8,2
25903,5,4
25904,9,7
25905,5,9
25906,3,6
25907,8,2
25908,3,6
25909,5,9
25910,1,1
25911,2,3
25912,8,2
25913,7,5
25914,4,0
25915,2,3
25916,8,2
25917,3,6
25918,1,1
25919,4,0
25920,6,2
25921,4,0
25922,2,3
25923,8,2
25924,2,3
25925,5,4
25926,9,7
25927,8,2
25928,4,0
25929,9,7
25930,3,5
25931,5,4
25932,4,0
25933,5,9
25934,1,1
25935,7,5
25936,7,5
25937,1,1
25938,5,4
25939,8,2
25940,1,1
25941,2,3
25942,4,0
25943,3,6
25944,3,6
25945,1,1
25946,2,9
25947,0,8
25948,1,1
25949,0,3
25950,2,3
25951,0,8
25952,4,0
25953,4,0
25954,4,5
25955,2,3
25956,5,4
25957,4,0
25958,7,5
25959,3,6
25960,5,4
25961,1,1
25962,7,6
25963,3,6
25964,9,7
25965,5,9
25966,5,5
25967,7,5
25968,2,8
25969,5,9
25970,1,1
25971,5,4
25972,9,7
25973,7,5
25974,8,2
25975,6,8
25976,6,8
25977,3,6
25978,4,0
25979,9,7
25980,4,0
25981,1,1
25982,9,7
25983,1,1
25984,6,8
25985,9,7
25986,2,8
25987,4,0
25988,2,8
25989,1,1
25990,5,4
25991,8,2
25992,3,6
25993,2,3
25994,2,2
25995,5,4
25996,2,3
25997,7,5
25998,9,7
25999,3,6
26000,5,4
26001,9,7
26002,1,1
26003,6,8
26004,9,7
26005,5,9
26006,8,2
26007,4,0
26008,2,3
26009,1,1
26010,9,7
26011,8,2
26012,8,2
26013,2,3
26014,2,3
26015,5,4
26016,7,6
26017,6,5
26018,7,5
26019,3,6
26020,2,5
26021,9,7
26022,6,8
26023,6,8
26024,2,5
26025,5,9
26026,9,7
26027,4,0
26028,6,8
26029,1,1
26030,7,5
26031,8,2
26032,3,6
26033,2,3
26034,3,5
26035,5,4
26036,6,8
26037,7,5
26038,4,0
26039,3,6
26040,4,0
26041,9,7
26042,5,9
26043,6,8
26044,4,0
26045,5,9
26046,4,2
26047,9,7
26048,2,3
26049,5,7
26050,2,3
26051,9,7
26052,3,6
26053,2,3
26054,9,7
26055,4,0
26056,9,7
26057,2,3
26058,4,0
26059,1,1
26060,5,9
26061,6,8
26062,7,5
26063,9,7
26064,5,9
26065,3,6
26066,7,5
26067,5,4
26068,5,9
26069,7,5
26070,1,1
26071,3,6
26072,1,1
26073,4,0
26074,5,4
26075,8,2
26076,9,7
26077,3,6
26078,1,8
26079,6,8
26080,9,7
26081,2,3
26082,5,9
26083,8,2
26084,2,3
26085,6,8
26086,5,4
26087,1,1
26088,9,7
26089,1,1
26090,2,8
26091,9,7
26092,3,6
26093,8,2
26094,7,5
26095,4,0
26096,1,1
26097,9,7
26098,7,5
26099,0,1
26100,6,8
26101,3,6
26102,7,5
26103,4,0
26104,1,1
26105,5,4
26106,5,4
26107,3,6
26108,9,9
26109,5,4
26110,5,9
26111,5,4
26112,7,5
26113,7,5
26114,4,6
26115,6,8
26116,5,9
26117,4,0
26118,1,1
26119,3,6
26120,8,2
26121,8,2
26122,1,8
26123,2,3
26124,3,6
26125,1,1
26126,3,6
26127,2,3
26128,5,4
26129,3,6
26130,2,3
26131,7,5
26132,5,4
26133,1,1
26134,7,5
26135,3,8
26136,6,8
26137,5,4
26138,6,8
26139,4,0
26140,2,3
26141,9,7
26142,0,1
26143,7,5
26144,1,1
26145,6,8
26146,8,2
26147,6,8
26148,2,3
26149,2,3
26150,7,5
26151,9,7
26152,1,1
26153,6,8
26154,2,3
26155,9,9
26156,2,3
26157,8,2
26158,0,7
26159,3,6
26160,3,6
26161,8,2
26162,5,7
26163,7,5
26164,8,2
26165,2,3
26166,5,4
26167,1,1
26168,3,6
26169,9,7
26170,8,2
26171,2,3
26172,5,4
26173,5,9
26174,1,1
26175,1,1
26176,4,0
26177,5,9
26178,4,0
26179,9,9
26180,3,6
26181,3,6
26182,1,1
26183,4,0
26184,4,0
26185,5,9
26186,3,6
26187,2,3
26188,1,1
26189,9,7
26190,1,1
26191,4,0
26192,5,4
26193,5,4
26194,2,3
26195,7,5
26196,7,5
26197,4,0
26198,7,5
26199,5,9
26200,6,8
26201,8,2
26202,1,1
26203,6,8
26204,2,5
26205,0,1
26206,1,5
26207,5,4
26208,2,3
26209,2,3
26210,4,0
26211,7,5
26212,5,9
26213,8,2
26214,2,9
26215,5,9
26216,9,7
26217,5,4
26218,9,7
26219,4,0
26220,5,9
26221,8,2
26222,2,3
26223,5,9
26224,8,2
26225,0,1
26226,5,9
26227,3,6
26228,7,5
26229,7,5
26230,4,0
26231,6,8
26232,9,7
26233,5,9
26234,9,7
26235,5,4
26236,7,5
26237,8,2
26238,1,1
26239,7,5
26240,7,5
26241,4,0
26242,5,4
26243,0,1
26244,6,8
26245,8,2
26246,5,4
26247,2,3
26248,6,8
26249,5,4
26250,1,1
26251,7,5
26252,7,6
26253,3,6
26254,5,9
26255,9,7
26256,4,0
26257,6,8
26258,4,0
26259,9,9
26260,4,0
26261,4,0
26262,4,0
26263,0,1
26264,5,4
26265,8,2
26266,5,7
26267,2,3
26268,1,1
26269,5,4
26270,2,3
26271,9,7
26272,9,7
26273,6,8
26274,9,7
26275,5,9
26276,9,9
26277,4,0
26278,5,9
26279,0,1
26280,8,2
26281,5,4
26282,5,9
26283,7,5
26284,2,3
26285,3,6
26286,7,5
26287,9,7
26288,5,4
26289,6,8
26290,7,5
26291,2,3
26292,4,0
26293,5,4
26294,6,8
26295,0,1
26296,5,4
26297,5,4
26298,4,0
26299,3,6
26300,2,0
26301,3,6
26302,5,9
26303,9,7
26304,9,7
26305,2,3
26306,2,3
26307,2,3
26308,4,0
26309,5,4
26310,1,1
26311,2,3
26312,8,2
26313,7,5
26314,9,9
26315,4,0
26316,5,9
26317,1,1
26318,3,6
26319,5,4
26320,2,5
26321,3,6
26322,9,7
26323,4,0
26324,2,3
26325,8,2
26326,8,2
26327,6,8
26328,7,5
26329,8,2
26330,8,2
26331,7,5
26332,5,9
26333,8,2
26334,5,4
26335,1,1
26336,5,9
26337,9,7
26338,4,0
26339,4,0
26340,8,2
26341,8,2
26342,3,6
26343,4,0
26344,4,6
26345,3,6
26346,9,9
26347,3,6
26348,8,2
26349,5,9
26350,1,1
26351,6,8
26352,5,4
26353,9,9
26354,1,7
26355,8,2
26356,9,7
26357,8,2
26358,5,3
26359,9,9
26360,2,5
26361,9,9
26362,9,8
26363,7,5
26364,2,3
26365,5,4
26366,4,0
26367,5,4
26368,3,5
26369,4,0
26370,7,5
26371,4,0
26372,4,6
26373,6,8
26374,9,7
26375,3,6
26376,3,1
26377,3,6
26378,2,3
26379,6,8
26380,4,9
26381,7,5
26382,3,6
26383,2,3
26384,3,6
26385,6,8
26386,3,6
26387,7,5
26388,1,1
26389,0,0
26390,1,1
26391,2,3
26392,3,6
26393,3,6
26394,3,6
26395,9,7
26396,3,6
26397,6,8
26398,3,5
26399,2,3
26400,5,9
26401,1,1
26402,3,6
26403,2,3
26404,7,5
26405,5,9
26406,1,1
26407,7,5
26408,4,0
26409,0,1
26410,3,6
26411,7,5
26412,2,3
26413,7,5
26414,6,8
26415,4,0
26416,5,9
26417,9,7
26418,3,6
26419,9,3
26420,1,1
26421,0,1
26422,4,0
26423,9,7
26424,5,9
26425,3,6
26426,9,9
26427,4,0
26428,5,9
26429,1,1
26430,5,9
26431,8,2
26432,2,5
26433,2,3
26434,2,2
26435,5,4
26436,4,0
26437,7,5
26438,4,0
26439,3,6
26440,5,9
26441,9,7
26442,1,7
26443,6,8
26444,5,1
26445,1,1
26446,9,7
26447,4,2
26448,2,3
26449,2,3
26450,5,4
26451,7,5
26452,3,6
26453,3,6
26454,8,2
26455,1,7
26456,5,4
26457,4,0
26458,5,4
26459,0,1
26460,7,5
26461,8,2
26462,5,9
26463,2,3
26464,7,5
26465,5,4
26466,3,5
26467,7,5
26468,8,2
26469,3,6
26470,3,6
26471,7,8
26472,3,6
26473,1,1
26474,6,8
26475,4,0
26476,1,1
26477,8,2
26478,2,3
26479,1,1
26480,5,4
26481,7,5
26482,3,6
26483,3,6
26484,7,5
26485,1,1
26486,5,9
26487,1,1
26488,2,3
26489,5,7
26490,3,6
26491,6,8
26492,1,1
26493,7,5
26494,5,4
26495,0,1
26496,6,8
26497,3,6
26498,3,6
26499,9,7
26500,9,7
26501,4,0
26502,1,1
26503,2,3
26504,0,2
26505,2,3
26506,5,4
26507,4,0
26508,4,0
26509,8,2
26510,5,4
26511,3,6
26512,5,9
26513,9,9
26514,0,1
26515,6,8
26516,3,6
26517,7,5
26518,5,9
26519,6,8
26520,6,8
26521,3,6
26522,8,2
26523,6,8
26524,3,6
26525,9,9
26526,2,3
26527,5,9
26528,5,7
26529,9,7
26530,3,6
26531,0,1
26532,6,8
26533,8,2
26534,2,3
26535,0,1
26536,5,9
26537,0,1
26538,4,5
26539,0,1
26540,8,2
26541,8,2
26542,1,3
26543,6,8
26544,5,4
26545,4,0
26546,5,4
26547,2,5
26548,2,3
26549,9,7
26550,2,3
26551,3,6
26552,7,5
26553,7,5
26554,2,3
26555,2,3
26556,1,1
26557,6,8
26558,5,9
26559,1,1
26560,1,7
26561,2,3
26562,8,2
26563,3,6
26564,5,4
26565,4,0
26566,5,9
26567,5,4
26568,9,7
26569,6,8
26570,7,5
26571,5,9
26572,7,5
26573,5,4
26574,2,5
26575,5,7
26576,3,6
26577,8,2
26578,1,1
26579,5,7
26580,6,8
26581,1,1
26582,5,4
26583,6,8
26584,3,6
26585,8,2
26586,5,9
26587,1,1
26588,5,4
26589,9,7
26590,7,5
26591,5,7
26592,7,5
26593,2,3
26594,5,9
26595,8,2
26596,2,3
26597,4,0
26598,1,1
26599,5,4
26600,5,7
26601,3,6
26602,9,7
26603,3,6
26604,1,1
26605,6,8
26606,3,6
26607,2,5
26608,4,0
26609,5,9
26610,1,1
26611,6,8
26612,9,9
26613,8,2
26614,3,6
26615,7,5
26616,2,8
26617,0,1
26618,5,4
26619,4,0
26620,4,0
26621,2,5
26622,3,6
26623,4,0
26624,8,2
26625,2,3
26626,9,2
26627,5,4
26628,0,8
26629,8,3
26630,8,2
26631,5,9
26632,8,2
26633,3,6
26634,5,4
26635,4,2
26636,3,5
26637,7,5
26638,8,2
26639,4,0
26640,2,9
26641,3,6
26642,5,7
26643,9,9
26644,2,3
26645,4,0
26646,8,2
26647,1,1
26648,7,5
26649,8,2
26650,3,6
26651,2,3
26652,5,4
26653,5,4
26654,3,6
26655,7,5
26656,4,0
26657,3,6
26658,4,2
26659,9,7
26660,6,8
26661,2,8
26662,2,3
26663,1,9
26664,2,8
26665,4,0
26666,6,8
26667,1,1
26668,9,7
26669,8,2
26670,3,6
26671,2,3
26672,6,8
26673,5,4
26674,2,3
26675,7,5
26676,7,5
26677,3,6
26678,2,3
26679,9,7
26680,7,5
26681,5,8
26682,5,9
26683,5,9
26684,9,7
26685,4,0
26686,4,0
26687,1,1
26688,8,2
26689,8,2
26690,8,2
26691,2,3
26692,2,3
26693,5,4
26694,2,3
26695,7,5
26696,1,1
26697,3,6
26698,1,1
26699,9,7
26700,3,5
26701,6,8
26702,2,3
26703,9,9
26704,5,4
26705,5,7
26706,3,5
26707,9,7
26708,6,8
26709,5,7
26710,2,3
26711,2,3
26712,4,0
26713,4,0
26714,9,7
26715,2,3
26716,3,6
26717,1,1
26718,8,2
26719,6,8
26720,6,8
26721,9,7
26722,4,0
26723,3,6
26724,2,3
26725,5,4
26726,1,1
26727,7,5
26728,4,0
26729,3,6
26730,5,9
26731,4,0
26732,2,3
26733,9,2
26734,9,7
26735,3,6
26736,7,5
26737,6,8
26738,4,4
26739,2,3
26740,8,2
26741,8,2
26742,5,7
26743,6,8
26744,2,3
26745,1,1
26746,1,1
26747,1,1
26748,5,9
26749,5,7
26750,9,7
26751,8,2
26752,7,5
26753,4,0
26754,3,6
26755,9,7
26756,5,7
26757,1,1
26758,5,4
26759,3,6
26760,2,8
26761,4,0
26762,2,8
26763,5,4
26764,5,9
26765,3,6
26766,3,6
26767,5,4
26768,3,6
26769,5,4
26770,8,2
26771,7,5
26772,1,1
26773,6,8
26774,1,1
26775,4,0
26776,6,8
26777,3,6
26778,9,7
26779,8,2
26780,1,1
26781,2,3
26782,8,2
26783,2,3
26784,4,0
26785,3,6
26786,6,8
26787,7,5
26788,8,2
26789,1,1
26790,5,4
26791,6,8
26792,3,6
26793,7,5
26794,8,2
26795,5,9
26796,3,6
26797,5,4
26798,5,4
26799,4,0
26800,8,2
26801,5,7
26802,1,1
26803,7,5
26804,6,8
26805,5,8
26806,5,9
26807,6,8
26808,5,4
26809,2,3
26810,3,6
26811,9,7
26812,1,1
26813,6,8
26814,3,5
26815,5,9
26816,5,4
26817,8,2
26818,4,0
26819,3,6
26820,4,0
26821,8,2
26822,5,9
26823,7,5
26824,2,3
26825,2,3
26826,9,7
26827,1,1
26828,5,9
26829,9,7
26830,2,3
26831,2,3
26832,4,0
26833,5,9
26834,5,9
26835,1,1
26836,4,0
26837,5,9
26838,9,7
26839,5,9
26840,4,0
26841,3,6
26842,3,5
26843,4,0
26844,9,9
26845,5,9
26846,9,9
26847,5,4
26848,3,6
26849,2,3
26850,4,2
26851,9,7
26852,7,8
26853,4,0
26854,9,7
26855,5,4
26856,2,5
26857,7,5
26858,5,4
26859,4,0
26860,2,9
26861,9,9
26862,7,5
26863,1,2
26864,5,4
26865,5,8
26866,2,3
26867,1,1
26868,2,5
26869,5,4
26870,5,9
26871,2,3
26872,1,4
26873,7,5
26874,3,6
26875,8,2
26876,7,5
26877,9,9
26878,2,3
26879,5,4
26880,2,3
26881,4,0
26882,4,7
26883,8,2
26884,3,6
26885,9,9
26886,9,7
26887,0,1
26888,8,2
26889,3,6
26890,5,4
26891,7,5
26892,1,1
26893,6,8
26894,9,7
26895,9,9
26896,7,5
26897,5,4
26898,1,7
26899,8,2
26900,0,6
26901,7,5
26902,5,9
26903,4,0
26904,5,4
26905,1,1
26906,9,9
26907,8,2
26908,6,8
26909,2,3
26910,1,1
26911,5,4
26912,3,6
26913,2,5
26914,1,1
26915,3,6
26916,9,7
26917,9,7
26918,4,5
26919,6,8
26920,3,6
26921,5,9
26922,8,2
26923,4,0
26924,1,1
26925,1,1
26926,2,5
26927,8,2
26928,2,3
26929,2,3
26930,4,0
26931,3,6
26932,8,2
26933,9,7
26934,7,6
26935,6,8
26936,6,8
26937,4,0
26938,3,6
26939,1,1
26940,6,6
26941,8,2
26942,2,3
26943,2,3
26944,1,1
26945,9,7
26946,3,6
26947,6,8
26948,6,8
26949,5,9
26950,5,9
26951,1,1
26952,6,8
26953,6,8
26954,5,9
26955,3,6
26956,8,2
26957,9,7
26958,3,6
26959,0,1
26960,1,1
26961,1,1
26962,3,6
26963,5,4
26964,9,7
26965,2,3
26966,9,7
26967,9,7
26968,1,1
26969,9,7
26970,9,9
26971,6,8
26972,7,5
26973,5,9
26974,8,2
26975,2,3
26976,7,5
26977,3,6
26978,7,5
26979,4,0
26980,4,0
26981,2,3
26982,9,7
26983,3,6
26984,1,1
26985,5,4
26986,0,1
26987,6,8
26988,3,6
26989,2,3
26990,4,0
26991,0,1
26992,5,4
26993,0,1
26994,8,2
26995,7,5
26996,6,8
26997,5,9
26998,1,3
26999,4,0
27000,7,5
27001,5,4
27002,7,5
27003,0,1
27004,5,9
27005,9,7
27006,3,6
27007,5,9
27008,1,8
27009,7,5
27010,8,2
27011,1,1
27012,1,1
27013,1,1
27014,5,4
27015,5,9
27016,5,9
27017,6,8
27018,1,1
27019,3,6
27020,0,1
27021,3,6
27022,2,3
27023,4,0
27024,5,8
27025,1,1
27026,5,2
27027,6,8
27028,1,1
27029,6,8
27030,6,8
27031,2,3
27032,2,3
27033,8,2
27034,1,1
27035,4,0
27036,5,4
27037,5,9
27038,7,5
27039,9,7
27040,5,4
27041,5,4
27042,7,5
27043,7,5
27044,5,4
27045,6,8
27046,3,6
27047,2,3
27048,6,8
27049,7,5
27050,4,0
27051,2,8
27052,8,2
27053,7,5
27054,9,7
27055,5,4
27056,5,4
27057,9,7
27058,9,7
27059,9,7
27060,2,3
27061,0,7
27062,7,5
27063,1,1
27064,1,1
27065,2,5
27066,9,9
27067,2,3
27068,1,1
27069,4,0
27070,4,0
27071,1,1
27072,6,8
27073,8,2
27074,5,9
27075,2,3
27076,6,8
27077,5,4
27078,2,3
27079,2,5
27080,5,4
27081,3,6
27082,4,0
27083,9,7
27084,2,3
27085,2,8
27086,7,6
27087,5,9
27088,5,4
27089,4,0
27090,3,6
27091,1,1
27092,4,0
27093,8,2
27094,4,0
27095,2,3
27096,6,8
27097,5,4
27098,9,7
27099,3,5
27100,2,5
27101,3,6
27102,5,4
27103,9,7
27104,1,1
27105,2,8
27106,1,8
27107,5,9
27108,8,2
27109,4,0
27110,5,9
27111,1,1
27112,9,9
27113,8,2
27114,4,0
27115,2,3
27116,5,9
27117,3,5
27118,6,8
27119,3,6
27120,2,2
27121,4,8
27122,4,2
27123,1,1
27124,1,1
27125,5,4
27126,6,8
27127,7,5
27128,5,9
27129,5,4
27130,5,9
27131,8,2
27132,2,3
27133,2,3
27134,3,6
27135,2,3
27136,1,1
27137,4,0
27138,1,2
27139,3,5
27140,2,3
27141,5,4
27142,1,1
27143,2,3
27144,9,7
27145,4,0
27146,6,8
27147,2,8
27148,4,0
27149,3,6
27150,8,2
27151,9,7
27152,2,3
27153,4,0
27154,7,5
27155,8,7
27156,3,6
27157,9,7
27158,9,7
27159,1,1
27160,2,3
27161,3,6
27162,8,2
27163,5,9
27164,5,9
27165,8,2
27166,9,7
27167,2,3
27168,1,7
27169,3,6
27170,4,0
27171,8,2
27172,1,3
27173,2,3
27174,5,9
27175,3,6
27176,5,5
27177,4,8
27178,8,2
27179,7,5
27180,5,4
27181,6,2
27182,1,1
27183,2,3
27184,9,7
27185,2,8
27186,8,2
27187,1,1
27188,8,2
27189,3,2
27190,3,6
27191,5,9
27192,8,2
27193,2,5
27194,5,7
27195,4,8
27196,5,4
27197,2,8
27198,3,6
27199,9,7
27200,4,0
27201,1,1
27202,0,1
27203,9,7
27204,3,6
27205,1,1
27206,4,0
27207,1,1
27208,3,6
27209,4,0
27210,6,8
27211,2,3
27212,2,3
27213,5,4
27214,2,3
27215,8,2
27216,7,5
27217,3,6
27218,5,4
27219,9,7
27220,9,7
27221,5,4
27222,5,4
27223,8,2
27224,7,5
27225,9,7
27226,5,9
27227,5,4
27228,2,5
27229,8,2
27230,5,9
27231,5,9
27232,8,2
27233,8,2
27234,5,9
27235,9,7
27236,6,8
27237,5,9
27238,2,3
27239,8,2
27240,3,6
27241,2,8
27242,1,1
27243,3,6
27244,3,6
27245,1,1
27246,4,0
27247,4,0
27248,2,3
27249,3,6
27250,1,1
27251,6,8
27252,6,2
27253,7,5
27254,0,7
27255,7,5
27256,1,1
27257,4,0
27258,8,2
27259,2,5
27260,5,9
27261,2,3
27262,1,1
27263,2,5
27264,8,2
27265,9,7
27266,3,6
27267,5,4
27268,3,6
27269,2,8
27270,1,1
27271,2,5
27272,5,4
27273,5,9
27274,2,3
27275,3,6
27276,1,1
27277,5,9
27278,6,8
27279,2,3
27280,4,0
27281,4,0
27282,2,3
27283,4,0
27284,1,1
27285,3,6
27286,6,8
27287,2,3
27288,7,5
27289,4,0
27290,4,0
27291,2,5
27292,9,7
27293,6,8
27294,6,8
27295,5,9
27296,7,5
27297,1,1
27298,3,6
27299,2,8
27300,1,1
27301,1,1
27302,5,7
27303,3,6
27304,9,9
27305,4,0
27306,3,6
27307,2,0
27308,5,4
27309,1,1
27310,7,5
27311,8,2
27312,3,8
27313,2,3
27314,7,5
27315,5,4
27316,2,3
27317,3,5
27318,4,0
27319,3,6
27320,7,6
27321,9,7
27322,4,0
27323,6,8
27324,8,8
27325,5,9
27326,4,0
27327,4,0
27328,4,0
27329,1,1
27330,1,1
27331,8,2
27332,4,0
27333,2,3
27334,5,9
27335,5,4
27336,1,1
27337,3,5
27338,3,6
27339,3,6
27340,7,5
27341,9,7
27342,5,9
27343,4,0
27344,5,9
27345,1,1
27346,5,4
27347,8,2
27348,0,8
27349,2,3
27350,7,6
27351,5,4
27352,5,4
27353,7,5
27354,1,1
27355,3,6
27356,8,2
27357,9,7
27358,1,8
27359,2,8
27360,9,7
27361,5,9
27362,2,3
27363,3,6
27364,5,4
27365,5,4
27366,2,3
27367,8,2
27368,9,9
27369,3,6
27370,5,9
27371,5,4
27372,6,8
27373,9,7
27374,8,2
27375,7,5
27376,8,2
27377,2,5
27378,7,5
27379,9,7
27380,4,0
27381,6,8
27382,3,6
27383,5,9
27384,1,2
27385,8,2
27386,6,8
27387,5,9
27388,1,1
27389,2,3
27390,3,6
27391,5,9
27392,9,7
27393,8,2
27394,4,0
27395,4,0
27396,1,1
27397,5,9
27398,5,4
27399,6,8
27400,7,5
27401,4,0
27402,3,6
27403,2,5
27404,3,6
27405,3,6
27406,9,7
27407,4,0
27408,2,5
27409,1,1
27410,1,1
27411,4,0
27412,7,5
27413,8,2
27414,4,0
27415,3,6
27416,7,5
27417,7,5
27418,7,8
27419,2,3
27420,2,3
27421,7,5
27422,7,5
27423,2,3
27424,5,4
27425,6,8
27426,8,2
27427,4,0
27428,3,6
27429,4,0
27430,5,9
27431,7,5
27432,8,2
27433,5,4
27434,8,2
27435,2,3
27436,4,0
27437,5,4
27438,3,6
27439,1,1
27440,9,9
27441,2,5
27442,3,6
27443,2,3
27444,8,2
27445,4,0
27446,4,0
27447,2,8
27448,9,9
27449,3,6
27450,5,9
27451,8,2
27452,7,5
27453,5,7
27454,0,1
27455,1,1
27456,8,2
27457,1,1
27458,9,2
27459,4,8
27460,5,9
27461,1,1
27462,4,0
27463,9,7
27464,1,2
27465,1,1
27466,4,0
27467,2,3
27468,5,7
27469,6,8
27470,8,2
27471,7,5
27472,8,2
27473,5,4
27474,1,1
27475,8,2
27476,5,4
27477,4,0
27478,2,3
27479,5,9
27480,2,3
27481,9,7
27482,7,5
27483,3,6
27484,4,0
27485,9,7
27486,2,3
27487,5,4
27488,6,8
27489,1,1
27490,9,2
27491,3,6
27492,4,0
27493,6,8
27494,5,4
27495,5,4
27496,3,6
27497,9,7
27498,9,7
27499,7,5
27500,7,5
27501,1,1
27502,1,5
27503,6,2
27504,3,6
27505,3,6
27506,1,1
27507,9,7
27508,6,8
27509,1,1
27510,2,5
27511,5,9
27512,4,0
27513,6,8
27514,5,4
27515,5,9
27516,9,7
27517,5,4
27518,2,3
27519,5,9
27520,8,2
27521,5,9
27522,8,7
27523,3,6
27524,6,8
27525,8,2
27526,2,5
27527,2,3
27528,1,1
27529,9,7
27530,3,6
27531,1,1
27532,9,7
27533,5,9
27534,2,3
27535,8,2
27536,3,6
27537,6,2
27538,5,4
27539,7,5
27540,2,3
27541,2,3
27542,9,7
27543,9,7
27544,4,0
27545,6,8
27546,9,7
27547,4,0
27548,8,2
27549,0,1
27550,4,0
27551,8,2
27552,5,4
27553,2,3
27554,9,7
27555,5,4
27556,3,6
27557,7,5
27558,1,1
27559,3,6
27560,2,3
27561,9,7
27562,6,8
27563,6,8
27564,1,1
27565,9,9
27566,5,9
27567,4,0
27568,6,8
27569,1,1
27570,2,3
27571,8,2
27572,1,1
27573,2,3
27574,9,7
27575,5,4
27576,4,5
27577,9,7
27578,1,1
27579,6,8
27580,4,0
27581,9,9
27582,1,1
27583,4,0
27584,5,4
27585,0,1
27586,5,4
27587,8,2
27588,5,4
27589,2,3
27590,1,1
27591,5,4
27592,9,7
27593,7,5
27594,2,5
27595,3,6
27596,5,8
27597,9,7
27598,8,2
27599,0,8
27600,8,2
27601,9,9
27602,2,5
27603,4,0
27604,1,1
27605,5,9
27606,6,8
27607,7,5
27608,6,8
27609,4,0
27610,2,3
27611,9,9
27612,5,4
27613,6,8
27614,9,2
27615,9,9
27616,6,8
27617,5,4
27618,2,2
27619,0,1
27620,4,0
27621,9,7
27622,8,2
27623,9,7
27624,3,6
27625,2,3
27626,9,9
27627,7,5
27628,4,0
27629,0,1
27630,1,1
27631,4,0
27632,1,7
27633,4,0
27634,1,1
27635,9,7
27636,6,8
27637,4,0
27638,4,0
27639,0,1
27640,2,3
27641,8,2
27642,3,6
27643,8,2
27644,2,3
27645,8,3
27646,6,8
27647,9,7
27648,2,5
27649,2,3
27650,6,8
27651,2,3
27652,8,2
27653,3,6
27654,5,9
27655,3,6
27656,2,5
27657,1,1
27658,4,0
27659,4,0
27660,8,2
27661,5,9
27662,0,1
27663,4,0
27664,8,2
27665,0,1
27666,2,3
27667,9,7
27668,2,5
27669,3,6
27670,2,3
27671,2,3
27672,8,2
27673,8,2
27674,3,6
27675,2,3
27676,5,4
27677,0,1
27678,3,8
27679,5,9
27680,8,2
27681,0,1
27682,3,6
27683,9,7
27684,1,1
27685,3,6
27686,5,4
27687,6,8
27688,5,9
27689,5,4
27690,2,3
27691,2,3
27692,5,9
27693,0,1
27694,5,4
27695,5,4
27696,6,2
27697,4,0
27698,5,9
27699,7,5
27700,8,2
27701,2,3
27702,3,6
27703,4,6
27704,3,6
27705,9,9
27706,1,7
27707,0,1
27708,3,6
27709,9,7
27710,5,9
27711,7,5
27712,4,0
27713,5,4
27714,9,7
27715,5,4
27716,4,7
27717,9,7
27718,2,3
27719,8,2
27720,4,0
27721,8,2
27722,9,7
27723,9,7
27724,3,6
27725,9,9
27726,2,3
27727,7,5
27728,9,7
27729,0,8
27730,5,9
27731,0,9
27732,5,9
27733,6,8
27734,5,9
27735,4,0
27736,8,2
27737,1,1
27738,5,4
27739,6,2
27740,6,8
27741,2,3
27742,7,5
27743,5,4
27744,1,1
27745,2,5
27746,1,1
27747,9,7
27748,5,9
27749,4,0
27750,3,6
27751,0,1
27752,8,2
27753,8,2
27754,8,2
27755,2,3
27756,9,7
27757,3,6
27758,5,7
27759,1,1
27760,7,5
27761,8,2
27762,6,8
27763,2,3
27764,7,5
27765,5,4
27766,9,9
27767,3,5
27768,8,2
27769,3,6
27770,1,2
27771,5,9
27772,1,1
27773,5,9
27774,5,9
27775,3,6
27776,5,4
27777,3,5
27778,4,5
27779,5,9
27780,2,9
27781,8,2
27782,5,4
27783,5,3
27784,2,3
27785,1,1
27786,2,3
27787,8,2
27788,4,0
27789,0,1
27790,0,1
27791,3,2
27792,1,1
27793,1,1
27794,3,6
27795,1,3
27796,3,6
27797,8,2
27798,6,8
27799,3,6
27800,5,4
27801,4,5
27802,7,5
27803,2,3
27804,2,3
27805,4,0
27806,4,0
27807,3,6
27808,9,7
27809,5,4
27810,8,2
27811,4,0
27812,7,6
27813,7,5
27814,7,5
27815,9,9
27816,1,1
27817,9,9
27818,7,5
27819,4,8
27820,4,0
27821,0,1
27822,1,0
27823,9,7
27824,5,4
27825,5,4
27826,5,4
27827,9,7
27828,2,3
27829,4,0
27830,9,7
27831,0,1
27832,5,4
27833,3,6
27834,8,2
27835,2,3
27836,1,1
27837,9,7
27838,2,3
27839,5,9
27840,2,3
27841,4,0
27842,3,6
27843,5,9
27844,8,2
27845,3,5
27846,5,9
27847,2,3
27848,5,9
27849,6,8
27850,3,6
27851,6,8
27852,8,2
27853,9,7
27854,4,0
27855,0,1
27856,2,3
27857,5,4
27858,3,6
27859,4,0
27860,8,2
27861,2,3
27862,1,7
27863,5,9
27864,8,2
27865,4,0
27866,2,3
27867,9,7
27868,9,7
27869,8,2
27870,2,3
27871,1,1
27872,9,7
27873,5,9
27874,8,2
27875,0,1
27876,5,9
27877,4,5
27878,8,2
27879,0,1
27880,3,2
27881,9,7
27882,5,4
27883,8,2
27884,5,9
27885,0,1
27886,1,1
27887,3,6
27888,8,2
27889,2,8
27890,3,6
27891,6,8
27892,6,8
27893,4,0
27894,4,0
27895,1,1
27896,0,1
27897,8,2
27898,6,2
27899,2,3
27900,4,0
27901,5,4
27902,5,9
27903,7,5
27904,5,9
27905,3,6
27906,9,7
27907,6,8
27908,1,9
27909,9,9
27910,6,8
27911,4,0
27912,9,7
27913,1,1
27914,5,4
27915,1,2
27916,6,8
27917,2,3
27918,6,8
27919,5,4
27920,1,1
27921,7,5
27922,5,4
27923,3,6
27924,0,1
27925,9,7
27926,5,9
27927,6,8
27928,4,2
27929,9,9
27930,2,3
27931,4,0
27932,5,9
27933,1,1
27934,3,6
27935,8,2
27936,4,0
27937,2,3
27938,5,7
27939,5,4
27940,3,6
27941,7,5
27942,7,5
27943,3,6
27944,9,7
27945,9,7
27946,2,3
27947,6,8
27948,5,4
27949,9,9
27950,9,7
27951,4,0
27952,7,5
27953,5,9
27954,7,5
27955,5,4
27956,9,7
27957,8,2
27958,6,8
27959,5,4
27960,2,3
27961,1,1
27962,3,6
27963,7,5
27964,2,8
27965,3,6
27966,2,9
27967,1,1
27968,1,9
27969,1,1
27970,9,7
27971,9,7
27972,2,8
27973,6,8
27974,6,8
27975,7,5
27976,9,7
27977,2,3
27978,1,1
27979,5,4
27980,5,4
27981,3,6
27982,4,0
27983,9,7
27984,5,7
27985,4,0
27986,5,7
27987,2,3
27988,2,3
27989,8,2
27990,4,0
27991,3,6
27992,3,6
27993,5,9
27994,6,8
27995,6,8
27996,7,5
27997,7,5
27998,6,8
27999,6,8
28000,1,1
28001,3,6
28002,4,0
28003,6,8
28004,5,7
28005,5,9
28006,2,3
28007,5,9
28008,5,4
28009,9,7
28010,2,8
28011,9,7
28012,9,7
28013,8,2
28014,4,7
28015,1,1
28016,4,0
28017,1,1
28018,1,1
28019,1,1
28020,5,4
28021,8,2
28022,5,4
28023,6,8
28024,4,0
28025,9,7
28026,2,3
28027,3,6
28028,5,4
28029,7,5
28030,4,0
28031,2,3
28032,2,3
28033,6,8
28034,5,4
28035,1,1
28036,5,4
28037,2,3
28038,1,1
28039,3,6
28040,7,5
28041,4,0
28042,6,8
28043,5,4
28044,4,0
28045,6,8
28046,7,5
28047,5,9
28048,7,5
28049,5,4
28050,8,2
28051,9,9
28052,1,2
28053,9,7
28054,6,8
28055,5,9
28056,1,1
28057,7,5
28058,9,9
28059,8,2
28060,7,5
28061,9,7
28062,5,9
28063,1,1
28064,9,7
28065,6,8
28066,3,6
28067,8,2
28068,8,2
28069,1,1
28070,3,6
28071,9,7
28072,4,0
28073,9,7
28074,8,2
28075,2,3
28076,4,0
28077,8,2
28078,8,2
28079,4,0
28080,7,5
28081,5,4
28082,9,7
28083,3,6
28084,3,6
28085,3,6
28086,1,4
28087,5,9
28088,5,9
28089,5,4
28090,0,1
28091,8,2
28092,9,9
28093,6,8
28094,1,1
28095,8,2
28096,5,4
28097,7,5
28098,1,1
28099,1,1
28100,1,1
28101,4,0
28102,4,0
28103,7,5
28104,3,6
28105,4,0
28106,9,7
28107,2,3
28108,4,0
28109,5,4
28110,1,1
28111,2,3
28112,8,2
28113,5,9
28114,5,9
28115,3,6
28116,7,5
28117,9,7
28118,9,7
28119,2,3
28120,9,7
28121,5,4
28122,4,0
28123,2,3
28124,5,4
28125,4,0
28126,8,2
28127,3,6
28128,5,4
28129,9,9
28130,1,1
28131,4,0
28132,9,3
28133,1,1
28134,1,1
28135,9,2
28136,5,8
28137,2,3
28138,9,7
28139,5,4
28140,8,2
28141,2,5
28142,3,6
28143,3,6
28144,6,8
28145,9,7
28146,5,4
28147,6,8
28148,7,5
28149,7,9
28150,3,6
28151,4,0
28152,3,6
28153,0,1
28154,8,2
28155,8,2
28156,8,2
28157,2,3
28158,9,7
28159,5,4
28160,4,0
28161,7,5
28162,3,6
28163,3,6
28164,5,4
28165,4,0
28166,1,1
28167,1,1
28168,9,9
28169,8,2
28170,3,6
28171,2,3
28172,7,5
28173,5,4
28174,2,3
28175,7,5
28176,5,9
28177,3,6
28178,7,5
28179,9,7
28180,9,7
28181,6,8
28182,2,8
28183,9,9
28184,1,1
28185,8,2
28186,4,0
28187,1,1
28188,6,8
28189,8,2
28190,1,4
28191,0,1
28192,2,9
28193,2,3
28194,0,9
28195,5,9
28196,1,1
28197,5,9
28198,2,8
28199,9,3
28200,4,2
28201,9,7
28202,4,0
28203,4,0
28204,2,3
28205,9,7
28206,6,8
28207,9,7
28208,1,1
28209,2,5
28210,1,2
28211,9,7
28212,2,2
28213,9,9
28214,1,2
28215,9,9
28216,3,6
28217,5,4
28218,8,2
28219,9,7
28220,9,7
28221,4,0
28222,3,6
28223,1,1
28224,2,3
28225,5,4
28226,4,8
28227,5,4
28228,8,2
28229,9,7
28230,4,0
28231,3,5
28232,1,1
28233,6,8
28234,8,2
28235,1,1
28236,9,7
28237,5,4
28238,1,1
28239,5,9
28240,5,9
28241,6,8
28242,4,0
28243,5,4
28244,1,1
28245,1,1
28246,1,1
28247,6,8
28248,5,4
28249,3,6
28250,1,1
28251,3,6
28252,2,3
28253,5,4
28254,7,5
28255,3,6
28256,2,3
28257,4,0
28258,7,5
28259,7,5
28260,5,9
28261,7,5
28262,5,9
28263,2,3
28264,2,3
28265,2,3
28266,8,2
28267,3,5
28268,8,2
28269,8,2
28270,9,7
28271,2,5
28272,4,0
28273,9,7
28274,4,0
28275,8,2
28276,2,3
28277,7,5
28278,8,2
28279,5,9
28280,7,5
28281,3,6
28282,6,2
28283,5,9
28284,8,2
28285,8,2
28286,4,0
28287,3,6
28288,9,9
28289,8,2
28290,5,4
28291,0,1
28292,0,1
28293,8,2
28294,8,2
28295,4,0
28296,4,0
28297,6,8
28298,9,7
28299,2,3
28300,1,1
28301,6,8
28302,3,6
28303,2,3
28304,5,4
28305,3,0
28306,9,8
28307,6,8
28308,5,9
28309,9,7
28310,5,4
28311,5,4
28312,5,4
28313,5,9
28314,9,7
28315,7,5
28316,2,3
28317,4,0
28318,1,1
28319,5,9
28320,3,6
28321,9,7
28322,1,1
28323,4,0
28324,8,2
28325,4,0
28326,7,6
28327,5,4
28328,4,0
28329,9,9
28330,5,9
28331,0,1
28332,7,5
28333,3,6
28334,1,1
28335,8,2
28336,8,2
28337,9,7
28338,6,8
28339,3,6
28340,7,5
28341,6,8
28342,6,8
28343,2,3
28344,2,3
28345,7,5
28346,5,9
28347,8,2
28348,6,8
28349,0,1
28350,1,1
28351,6,8
28352,2,8
28353,3,6
28354,5,9
28355,0,1
28356,7,5
28357,0,0
28358,4,0
28359,2,3
28360,7,5
28361,0,1
28362,9,7
28363,0,4
28364,6,8
28365,4,0
28366,8,2
28367,1,1
28368,2,9
28369,8,2
28370,8,2
28371,2,3
28372,4,5
28373,5,4
28374,9,3
28375,7,5
28376,7,5
28377,3,6
28378,1,1
28379,9,7
28380,2,3
28381,6,8
28382,3,6
28383,5,9
28384,7,5
28385,4,0
28386,3,6
28387,1,1
28388,1,2
28389,8,2
28390,6,8
28391,2,3
28392,1,3
28393,5,4
28394,1,1
28395,7,5
28396,5,9
28397,3,6
28398,5,4
28399,9,7
28400,3,6
28401,6,8
28402,4,0
28403,4,0
28404,8,2
28405,1,1
28406,2,3
28407,8,2
28408,4,0
28409,2,3
28410,7,5
28411,1,1
28412,4,0
28413,7,5
28414,4,0
28415,3,6
28416,5,9
28417,9,7
28418,2,3
28419,6,8
28420,1,1
28421,9,7
28422,5,9
28423,4,0
28424,5,9
28425,3,6
28426,5,4
28427,4,0
28428,4,0
28429,9,7
28430,2,5
28431,2,3
28432,6,8
28433,6,8
28434,7,5
28435,3,6
28436,8,2
28437,9,7
28438,3,6
28439,1,1
28440,3,6
28441,2,3
28442,5,4
28443,9,7
28444,2,3
28445,5,9
28446,5,9
28447,9,7
28448,5,9
28449,5,4
28450,9,7
28451,4,0
28452,4,0
28453,8,2
28454,8,2
28455,2,5
28456,4,0
28457,4,0
28458,2,3
28459,3,6
28460,5,9
28461,5,4
28462,5,4
28463,5,9
28464,5,4
28465,7,5
28466,4,0
28467,3,6
28468,5,4
28469,7,5
28470,6,8
28471,8,2
28472,2,3
28473,9,9
28474,6,8
28475,6,8
28476,2,3
28477,7,5
28478,2,5
28479,1,1
28480,2,8
28481,5,9
28482,0,1
28483,6,8
28484,0,1
28485,2,3
28486,4,0
28487,5,4
28488,1,1
28489,4,0
28490,6,8
28491,7,5
28492,5,4
28493,5,4
28494,8,2
28495,6,8
28496,3,6
28497,3,6
28498,6,8
28499,2,3
28500,5,4
28501,5,4
28502,1,2
28503,6,8
28504,7,5
28505,4,0
28506,2,8
28507,3,6
28508,3,6
28509,5,4
28510,4,0
28511,6,8
28512,7,5
28513,1,1
28514,9,7
28515,2,3
28516,1,1
28517,5,4
28518,5,4
28519,4,0
28520,5,7
28521,1,1
28522,1,1
28523,5,9
28524,1,1
28525,1,2
28526,6,8
28527,2,3
28528,2,3
28529,9,7
28530,5,9
28531,0,1
28532,9,7
28533,6,2
28534,3,5
28535,9,7
28536,2,3
28537,8,2
28538,9,9
28539,5,8
28540,4,0
28541,9,7
28542,9,7
28543,4,0
28544,8,2
28545,1,1
28546,4,0
28547,5,9
28548,3,6
28549,3,6
28550,9,7
28551,5,4
28552,3,6
28553,5,9
28554,3,6
28555,8,2
28556,4,4
28557,1,1
28558,9,7
28559,8,2
28560,8,2
28561,2,3
28562,9,7
28563,9,7
28564,1,9
28565,4,0
28566,8,2
28567,8,2
28568,1,1
28569,1,1
28570,7,5
28571,2,3
28572,3,6
28573,5,4
28574,5,9
28575,9,7
28576,3,6
28577,8,2
28578,5,4
28579,7,5
28580,2,3
28581,6,8
28582,5,9
28583,0,1
28584,5,4
28585,3,6
28586,1,1
28587,9,8
28588,5,4
28589,7,5
28590,3,6
28591,3,6
28592,2,9
28593,4,0
28594,3,6
28595,6,8
28596,2,5
28597,9,9
28598,5,9
28599,5,4
28600,5,4
28601,5,9
28602,3,6
28603,8,2
28604,5,9
28605,3,6
28606,2,5
28607,4,0
28608,7,5
28609,0,1
28610,5,4
28611,8,2
28612,4,0
28613,2,3
28614,5,4
28615,5,4
28616,3,6
28617,7,5
28618,5,9
28619,3,6
28620,5,7
28621,9,7
28622,1,1
28623,0,8
28624,9,7
28625,5,9
28626,2,3
28627,4,0
28628,4,0
28629,0,1
28630,8,2
28631,8,2
28632,5,7
28633,4,3
28634,9,7
28635,5,4
28636,9,9
28637,7,5
28638,5,7
28639,3,6
28640,8,2
28641,9,7
28642,8,7
28643,0,8
28644,3,6
28645,9,9
28646,1,1
28647,4,0
28648,6,8
28649,0,1
28650,1,1
28651,8,2
28652,5,4
28653,8,3
28654,7,5
28655,5,4
28656,1,1
28657,1,5
28658,2,5
28659,3,6
28660,1,1
28661,9,7
28662,6,8
28663,0,8
28664,1,8
28665,5,9
28666,7,5
28667,4,0
28668,2,3
28669,5,4
28670,5,7
28671,4,0
28672,8,2
28673,0,1
28674,5,9
28675,9,7
28676,5,9
28677,9,9
28678,3,6
28679,7,5
28680,3,6
28681,0,1
28682,6,8
28683,5,4
28684,8,2
28685,8,2
28686,8,2
28687,0,8
28688,9,7
28689,9,9
28690,4,0
28691,5,4
28692,4,0
28693,7,3
28694,6,8
28695,0,1
28696,9,7
28697,9,7
28698,3,6
28699,6,8
28700,5,4
28701,8,2
28702,3,6
28703,5,4
28704,3,6
28705,5,4
28706,5,4
28707,2,3
28708,7,6
28709,2,3
28710,7,8
28711,3,6
28712,7,8
28713,5,9
28714,4,0
28715,5,9
28716,2,3
28717,7,5
28718,1,1
28719,0,8
28720,7,5
28721,3,6
28722,5,9
28723,9,7
28724,1,1
28725,4,0
28726,6,8
28727,3,6
28728,3,6
28729,0,8
28730,9,7
28731,8,2
28732,2,5
28733,3,6
28734,2,3
28735,2,3
28736,1,1
28737,9,9
28738,1,1
28739,0,8
28740,4,0
28741,3,6
28742,6,8
28743,0,1
28744,8,2
28745,9,7
28746,4,0
28747,5,4
28748,7,5
28749,0,8
28750,5,9
28751,6,8
28752,2,3
28753,5,9
28754,5,9
28755,4,0
28756,3,6
28757,8,3
28758,3,6
28759,2,3
28760,2,3
28761,5,9
28762,7,5
28763,4,0
28764,9,7
28765,9,9
28766,6,8
28767,5,4
28768,3,6
28769,0,1
28770,3,5
28771,4,0
28772,4,0
28773,2,3
28774,9,9
28775,9,7
28776,3,6
28777,0,5
28778,2,3
28779,6,8
28780,8,2
28781,9,7
28782,6,8
28783,9,7
28784,4,0
28785,0,8
28786,8,2
28787,8,2
28788,7,8
28789,9,9
28790,9,7
28791,9,7
28792,1,1
28793,0,1
28794,1,1
28795,8,2
28796,2,3
28797,3,6
28798,3,6
28799,5,4
28800,5,4
28801,8,2
28802,6,8
28803,7,3
28804,1,1
28805,3,6
28806,5,4
28807,3,6
28808,9,9
28809,4,0
28810,4,6
28811,8,2
28812,9,7
28813,6,8
28814,4,0
28815,0,1
28816,4,0
28817,3,6
28818,4,0
28819,0,1
28820,2,3
28821,4,0
28822,1,1
28823,5,4
28824,4,0
28825,2,3
28826,2,3
28827,0,1
28828,1,1
28829,3,6
28830,3,6
28831,0,1
28832,8,2
28833,9,9
28834,1,1
28835,4,0
28836,1,1
28837,0,1
28838,5,9
28839,8,2
28840,4,0
28841,2,3
28842,8,2
28843,5,4
28844,4,2
28845,7,5
28846,7,5
28847,3,6
28848,9,7
28849,9,7
28850,1,6
28851,6,8
28852,9,7
28853,9,9
28854,7,5
28855,4,0
28856,2,8
28857,0,1
28858,2,3
28859,8,2
28860,5,4
28861,2,3
28862,0,1
28863,9,4
28864,9,7
28865,7,5
28866,5,4
28867,3,6
28868,8,2
28869,9,7
28870,3,6
28871,6,8
28872,8,2
28873,9,9
28874,7,5
28875,4,0
28876,3,6
28877,0,1
28878,1,1
28879,8,2
28880,9,7
28881,2,3
28882,8,2
28883,3,6
28884,6,8
28885,9,7
28886,7,5
28887,6,8
28888,4,0
28889,5,9
28890,3,6
28891,6,8
28892,1,8
28893,0,1
28894,1,1
28895,4,0
28896,4,0
28897,9,7
28898,4,6
28899,7,5
28900,2,3
28901,0,1
28902,6,8
28903,6,8
28904,4,0
28905,3,6
28906,1,1
28907,0,4
28908,5,9
28909,0,1
28910,4,0
28911,9,9
28912,3,6
28913,2,3
28914,5,4
28915,6,8
28916,2,3
28917,5,4
28918,2,5
28919,5,4
28920,4,2
28921,9,7
28922,1,1
28923,4,0
28924,7,5
28925,0,1
28926,9,7
28927,9,9
28928,5,9
28929,8,2
28930,4,7
28931,6,8
28932,8,2
28933,9,7
28934,3,6
28935,6,8
28936,2,3
28937,8,2
28938,5,4
28939,7,5
28940,6,8
28941,9,9
28942,5,4
28943,3,6
28944,8,2
28945,4,0
28946,4,0
28947,3,6
28948,5,4
28949,7,5
28950,8,2
28951,7,5
28952,2,5
28953,2,3
28954,1,2
28955,2,3
28956,9,7
28957,2,3
28958,8,2
28959,6,8
28960,9,9
28961,0,1
28962,6,8
28963,0,4
28964,1,1
28965,4,0
28966,3,6
28967,3,6
28968,4,0
28969,0,1
28970,1,1
28971,4,0
28972,9,7
28973,4,0
28974,7,5
28975,3,6
28976,5,4
28977,8,2
28978,3,6
28979,0,1
28980,5,4
28981,0,1
28982,9,7
28983,2,3
28984,3,9
28985,8,2
28986,5,7
28987,6,8
28988,4,7
28989,6,8
28990,5,7
28991,9,7
28992,4,0
28993,4,0
28994,7,5
28995,2,3
28996,5,4
28997,3,6
28998,8,2
28999,6,8
29000,8,2
29001,9,9
29002,9,7
29003,9,9
29004,8,2
29005,8,2
29006,3,5
29007,5,4
29008,7,5
29009,5,9
29010,5,9
29011,5,4
29012,5,9
29013,2,3
29014,2,3
29015,3,6
29016,7,8
29017,8,2
29018,5,9
29019,8,2
29020,3,6
29021,7,5
29022,6,8
29023,2,3
29024,5,4
29025,8,2
29026,5,8
29027,7,5
29028,3,6
29029,4,5
29030,1,1
29031,9,9
29032,9,7
29033,0,1
29034,4,0
29035,3,6
29036,5,9
29037,2,5
29038,7,5
29039,4,0
29040,1,1
29041,0,1
29042,2,3
29043,8,2
29044,4,0
29045,2,3
29046,5,4
29047,5,4
29048,3,6
29049,7,5
29050,8,2
29051,9,7
29052,4,0
29053,6,8
29054,5,4
29055,4,0
29056,4,0
29057,0,1
29058,7,5
29059,8,2
29060,8,2
29061,5,3
29062,8,1
29063,5,4
29064,8,2
29065,7,5
29066,2,5
29067,4,0
29068,1,1
29069,0,1
29070,6,8
29071,8,2
29072,5,9
29073,2,3
29074,4,0
29075,5,4
29076,7,5
29077,7,5
29078,9,9
29079,3,6
29080,1,1
29081,8,2
29082,6,8
29083,0,1
29084,5,9
29085,8,2
29086,1,1
29087,0,1
29088,1,1
29089,2,3
29090,6,8
29091,9,9
29092,6,8
29093,9,9
29094,2,3
29095,6,8
29096,3,6
29097,2,3
29098,1,1
29099,9,7
29100,7,5
29101,4,0
29102,4,0
29103,9,7
29104,2,3
29105,9,7
29106,8,2
29107,7,5
29108,5,9
29109,0,7
29110,5,9
29111,9,9
29112,7,5
29113,9,9
29114,1,1
29115,5,4
29116,6,8
29117,9,7
29118,6,8
29119,4,0
29120,7,5
29121,8,3
29122,5,4
29123,5,4
29124,5,9
29125,0,1
29126,2,8
29127,9,7
29128,4,0
29129,7,5
29130,5,4
29131,9,8
29132,3,8
29133,0,1
29134,5,9
29135,5,4
29136,3,6
29137,9,9
29138,3,6
29139,6,8
29140,3,6
29141,5,4
29142,6,8
29143,0,1
29144,9,7
29145,9,8
29146,2,3
29147,3,6
29148,4,0
29149,3,6
29150,7,5
29151,4,0
29152,8,2
29153,2,3
29154,5,9
29155,7,5
29156,7,5
29157,7,5
29158,2,3
29159,9,7
29160,3,6
29161,5,9
29162,6,8
29163,3,6
29164,6,8
29165,9,9
29166,5,4
29167,8,2
29168,5,9
29169,3,6
29170,5,9
29171,8,2
29172,5,8
29173,0,1
29174,3,5
29175,8,2
29176,8,2
29177,4,0
29178,6,8
29179,0,8
29180,0,9
29181,2,3
29182,2,3
29183,6,8
29184,9,7
29185,2,3
29186,9,7
29187,4,0
29188,8,2
29189,8,8
29190,4,0
29191,9,7
29192,6,8
29193,5,4
29194,2,8
29195,9,9
29196,5,4
29197,7,5
29198,6,8
29199,4,0
29200,8,2
29201,0,9
29202,9,7
29203,4,0
29204,7,5
29205,4,0
29206,1,4
29207,5,4
29208,0,8
29209,3,6
29210,9,7
29211,4,0
29212,5,7
29213,9,9
29214,1,1
29215,0,1
29216,3,6
29217,3,6
29218,5,4
29219,8,2
29220,8,2
29221,3,6
29222,0,1
29223,0,8
29224,2,3
29225,2,3
29226,7,6
29227,0,1
29228,5,4
29229,6,8
29230,4,0
29231,2,3
29232,2,3
29233,0,1
29234,5,9
29235,4,0
29236,1,9
29237,8,3
29238,5,7
29239,0,1
29240,8,2
29241,9,4
29242,0,1
29243,4,0
29244,8,2
29245,1,1
29246,2,3
29247,8,2
29248,7,5
29249,2,3
29250,4,0
29251,5,4
29252,5,4
29253,7,5
29254,6,8
29255,3,6
29256,5,4
29257,9,7
29258,5,4
29259,6,8
29260,1,1
29261,9,9
29262,4,0
29263,4,0
29264,1,5
29265,1,1
29266,2,3
29267,8,2
29268,7,5
29269,2,3
29270,2,3
29271,5,4
29272,3,6
29273,7,5
29274,0,1
29275,3,6
29276,6,8
29277,9,7
29278,1,1
29279,6,8
29280,6,8
29281,9,9
29282,9,7
29283,4,0
29284,1,1
29285,0,1
29286,1,9
29287,8,2
29288,1,1
29289,2,3
29290,6,2
29291,5,4
29292,5,9
29293,7,5
29294,2,3
29295,3,6
29296,9,7
29297,9,7
29298,9,7
29299,6,8
29300,2,3
29301,5,9
29302,5,9
29303,1,8
29304,2,3
29305,5,9
29306,6,8
29307,7,5
29308,7,5
29309,9,7
29310,7,5
29311,4,0
29312,8,2
29313,2,3
29314,8,2
29315,0,1
29316,7,5
29317,3,6
29318,5,9
29319,6,8
29320,7,1
29321,5,4
29322,1,9
29323,0,1
29324,9,7
29325,9,7
29326,5,7
29327,3,6
29328,5,9
29329,7,5
29330,7,6
29331,3,6
29332,5,9
29333,9,7
29334,8,2
29335,6,8
29336,4,0
29337,0,1
29338,9,7
29339,5,4
29340,5,4
29341,4,0
29342,6,8
29343,7,5
29344,7,5
29345,4,0
29346,9,9
29347,1,1
29348,2,5
29349,5,9
29350,3,6
29351,8,2
29352,2,3
29353,2,3
29354,7,5
29355,8,2
29356,2,3
29357,2,3
29358,5,4
29359,7,5
29360,6,8
29361,2,5
29362,3,6
29363,9,7
29364,4,0
29365,6,8
29366,2,3
29367,5,4
29368,4,0
29369,5,9
29370,3,6
29371,9,9
29372,5,4
29373,9,7
29374,4,0
29375,1,1
29376,9,7
29377,0,1
29378,4,0
29379,9,9
29380,3,6
29381,9,8
29382,9,7
29383,2,3
29384,7,5
29385,5,4
29386,4,0
29387,6,8
29388,4,0
29389,3,6
29390,5,9
29391,2,3
29392,3,6
29393,6,8
29394,4,0
29395,4,0
29396,1,1
29397,9,9
29398,2,3
29399,3,6
29400,5,9
29401,8,2
29402,6,8
29403,0,1
29404,7,5
29405,4,0
29406,5,9
29407,1,1
29408,8,2
29409,4,0
29410,2,5
29411,3,6
29412,9,7
29413,8,2
29414,4,0
29415,2,3
29416,1,1
29417,6,8
29418,5,4
29419,9,9
29420,4,0
29421,4,0
29422,6,8
29423,9,7
29424,3,6
29425,8,2
29426,5,9
29427,2,3
29428,1,1
29429,5,4
29430,0,1
29431,6,8
29432,9,7
29433,7,5
29434,2,1
29435,5,4
29436,9,7
29437,3,6
29438,4,0
29439,3,6
29440,0,7
29441,3,6
29442,5,4
29443,9,7
29444,5,4
29445,9,9
29446,4,0
29447,1,1
29448,1,1
29449,8,2
29450,9,7
29451,0,1
29452,9,7
29453,8,2
29454,3,6
29455,3,6
29456,4,0
29457,7,5
29458,2,3
29459,2,3
29460,3,6
29461,5,4
29462,2,5
29463,9,7
29464,7,3
29465,9,9
29466,8,2
29467,5,4
29468,4,0
29469,4,0
29470,9,7
29471,4,0
29472,5,9
29473,7,5
29474,4,0
29475,9,9
29476,0,3
29477,4,0
29478,4,0
29479,1,1
29480,1,1
29481,6,2
29482,9,7
29483,2,3
29484,5,4
29485,5,4
29486,5,9
29487,7,5
29488,4,0
29489,3,6
29490,4,0
29491,9,7
29492,5,9
29493,6,8
29494,6,8
29495,5,9
29496,8,2
29497,4,0
29498,4,0
29499,1,1
29500,8,2
29501,6,2
29502,5,9
29503,5,4
29504,2,3
29505,2,5
29506,2,3
29507,3,6
29508,1,7
29509,9,7
29510,9,2
29511,6,8
29512,9,7
29513,5,9
29514,1,1
29515,4,0
29516,9,7
29517,1,1
29518,1,1
29519,6,2
29520,4,0
29521,2,3
29522,1,1
29523,5,4
29524,7,5
29525,7,5
29526,3,6
29527,3,6
29528,2,3
29529,9,7
29530,5,4
29531,6,8
29532,1,1
29533,5,9
29534,7,5
29535,2,8
29536,5,9
29537,3,6
29538,5,4
29539,7,5
29540,4,0
29541,4,0
29542,5,4
29543,3,6
29544,1,1
29545,6,8
29546,8,2
29547,5,9
29548,3,6
29549,5,4
29550,1,4
29551,1,1
29552,5,9
29553,5,9
29554,3,6
29555,7,5
29556,1,1
29557,2,3
29558,5,4
29559,4,0
29560,4,0
29561,5,4
29562,4,0
29563,6,8
29564,4,0
29565,5,9
29566,5,4
29567,1,1
29568,3,6
29569,7,5
29570,3,0
29571,7,5
29572,7,5
29573,6,2
29574,5,4
29575,1,1
29576,6,8
29577,5,4
29578,4,0
29579,4,0
29580,5,9
29581,9,7
29582,9,7
29583,3,6
29584,5,4
29585,4,0
29586,1,1
29587,1,1
29588,3,4
29589,6,8
29590,5,4
29591,5,9
29592,1,7
29593,5,4
29594,1,2
29595,9,7
29596,6,8
29597,3,6
29598,1,1
29599,4,0
29600,5,4
29601,6,8
29602,2,3
29603,1,1
29604,6,8
29605,9,7
29606,5,4
29607,9,7
29608,2,3
29609,1,1
29610,2,3
29611,8,2
29612,8,2
29613,2,3
29614,4,0
29615,1,1
29616,0,5
29617,5,4
29618,6,8
29619,8,2
29620,3,6
29621,4,0
29622,3,6
29623,4,0
29624,8,2
29625,9,7
29626,8,2
29627,6,8
29628,1,1
29629,6,8
29630,3,6
29631,5,4
29632,9,7
29633,5,7
29634,2,8
29635,8,2
29636,2,3
29637,7,5
29638,0,4
29639,3,6
29640,8,2
29641,2,3
29642,2,3
29643,3,6
29644,3,6
29645,0,4
29646,8,2
29647,3,6
29648,7,5
29649,7,5
29650,2,3
29651,1,1
29652,9,7
29653,2,3
29654,8,2
29655,5,9
29656,6,8
29657,8,2
29658,1,1
29659,2,5
29660,5,9
29661,9,7
29662,6,2
29663,9,9
29664,4,0
29665,6,8
29666,1,1
29667,8,2
29668,1,1
29669,0,1
29670,2,3
29671,2,3
29672,0,9
29673,0,1
29674,8,2
29675,2,3
29676,3,0
29677,4,0
29678,6,8
29679,1,1
29680,6,8
29681,8,2
29682,3,6
29683,5,4
29684,4,0
29685,7,5
29686,3,6
29687,3,6
29688,5,4
29689,9,7
29690,5,4
29691,6,8
29692,5,4
29693,5,9
29694,1,7
29695,4,0
29696,7,5
29697,0,1
29698,8,2
29699,8,2
29700,6,8
29701,1,3
29702,6,8
29703,5,4
29704,3,0
29705,0,5
29706,4,0
29707,1,6
29708,7,5
29709,9,7
29710,5,9
29711,0,8
29712,7,5
29713,4,0
29714,9,7
29715,0,1
29716,8,2
29717,8,2
29718,4,0
29719,2,3
29720,8,2
29721,5,4
29722,9,8
29723,0,5
29724,5,9
29725,7,6
29726,8,2
29727,9,7
29728,3,6
29729,0,8
29730,9,7
29731,1,9
29732,4,0
29733,9,7
29734,8,2
29735,8,2
29736,4,0
29737,9,9
29738,9,9
29739,5,4
29740,1,1
29741,8,2
29742,5,4
29743,5,9
29744,5,4
29745,6,8
29746,1,1
29747,0,4
29748,7,5
29749,0,5
29750,4,0
29751,6,8
29752,5,9
29753,6,8
29754,5,4
29755,4,0
29756,9,7
29757,2,3
29758,3,6
29759,0,5
29760,7,5
29761,5,4
29762,9,7
29763,2,3
29764,5,4
29765,0,3
29766,3,6
29767,0,4
29768,3,6
29769,3,6
29770,8,2
29771,7,5
29772,4,0
29773,0,1
29774,3,6
29775,9,7
29776,3,6
29777,6,8
29778,5,9
29779,5,4
29780,7,8
29781,7,5
29782,6,8
29783,9,7
29784,8,2
29785,2,3
29786,9,7
29787,0,5
29788,0,4
29789,8,2
29790,2,5
29791,1,3
29792,5,4
29793,3,6
29794,5,4
29795,3,6
29796,9,7
29797,9,7
29798,6,8
29799,9,7
29800,2,3
29801,9,7
29802,1,9
29803,1,6
29804,2,5
29805,4,0
29806,9,7
29807,0,1
29808,5,9
29809,4,0
29810,1,1
29811,0,1
29812,1,1
29813,3,6
29814,5,4
29815,7,5
29816,2,3
29817,7,5
29818,5,4
29819,8,2
29820,5,4
29821,1,9
29822,5,9
29823,2,3
29824,5,9
29825,0,1
29826,9,7
29827,0,4
29828,1,1
29829,0,8
29830,3,5
29831,0,8
29832,3,6
29833,9,7
29834,3,5
29835,3,6
29836,3,6
29837,8,2
29838,3,6
29839,3,2
29840,0,1
29841,9,9
29842,7,5
29843,1,6
29844,2,3
29845,7,5
29846,5,9
29847,5,9
29848,4,0
29849,0,1
29850,9,7
29851,8,2
29852,7,5
29853,8,2
29854,5,4
29855,9,7
29856,9,9
29857,5,9
29858,6,8
29859,9,7
29860,4,0
29861,9,9
29862,4,0
29863,6,8
29864,5,4
29865,9,9
29866,5,4
29867,9,7
29868,0,9
29869,4,0
29870,2,5
29871,7,5
29872,4,6
29873,4,0
29874,9,9
29875,0,3
29876,8,2
29877,6,8
29878,5,9
29879,9,4
29880,7,5
29881,7,6
29882,2,3
29883,0,1
29884,5,4
29885,5,4
29886,5,8
29887,4,0
29888,5,7
29889,1,3
29890,3,5
29891,3,6
29892,2,5
29893,8,2
29894,2,3
29895,4,0
29896,1,3
29897,0,1
29898,5,4
29899,0,3
29900,9,7
29901,0,1
29902,1,1
29903,7,0
29904,8,2
29905,9,9
29906,1,2
29907,4,0
29908,9,7
29909,0,1
29910,5,4
29911,8,2
29912,7,5
29913,2,3
29914,5,4
29915,7,5
29916,7,5
29917,3,6
29918,4,0
29919,9,7
29920,9,7
29921,6,8
29922,5,4
29923,9,9
29924,7,5
29925,4,0
29926,4,0
29927,0,1
29928,3,6
29929,5,4
29930,8,2
29931,9,7
29932,8,2
29933,0,8
29934,4,0
29935,9,9
29936,2,3
29937,4,0
29938,2,9
29939,0,1
29940,7,5
29941,0,4
29942,5,4
29943,9,7
29944,3,6
29945,0,8
29946,5,4
29947,9,9
29948,9,7
29949,0,1
29950,3,6
29951,9,7
29952,0,1
29953,9,9
29954,9,7
29955,7,5
29956,5,9
29957,0,1
29958,2,3
29959,9,9
29960,5,4
29961,0,1
29962,2,3
29963,9,7
29964,9,7
29965,0,8
29966,4,6
29967,3,2
29968,1,1
29969,2,3
29970,3,6
29971,3,6
29972,2,3
29973,9,9
29974,1,1
29975,5,9
29976,1,1
29977,7,5
29978,5,9
29979,6,8
29980,9,9
29981,3,6
29982,9,7
29983,9,7
29984,9,7
29985,4,0
29986,1,1
29987,3,6
29988,6,8
29989,6,8
29990,8,2
29991,8,3
29992,5,4
29993,5,9
29994,4,0
29995,6,8
29996,5,9
29997,3,6
29998,9,7
29999,0,1
30000,2,3
30001,9,7
30002,2,3
30003,5,9
30004,3,6
30005,0,4
30006,5,4
30007,0,1
30008,9,7
30009,4,0
30010,9,9
30011,2,3
30012,7,5
30013,6,8
30014,8,2
30015,9,7
30016,5,4
30017,9,7
30018,5,7
30019,6,8
30020,2,5
30021,9,7
30022,0,9
30023,3,6
30024,3,6
30025,3,6
30026,6,8
30027,8,2
30028,2,5
30029,6,8
30030,7,5
30031,0,1
30032,8,2
30033,3,6
30034,4,0
30035,0,1
30036,3,6
30037,4,0
30038,6,8
30039,5,4
30040,2,3
30041,7,3
30042,2,5
30043,0,1
30044,4,0
30045,3,6
30046,7,5
30047,0,1
30048,2,3
30049,5,9
30050,6,8
30051,4,0
30052,5,4
30053,0,1
30054,8,2
30055,8,2
30056,8,2
30057,2,3
30058,4,0
30059,5,4
30060,9,7
30061,7,5
30062,2,3
30063,3,6
30064,8,2
30065,9,7
30066,5,4
30067,6,8
30068,1,1
30069,0,9
30070,2,3
30071,4,0
30072,2,3
30073,0,1
30074,3,6
30075,8,2
30076,8,2
30077,8,3
30078,8,2
30079,0,4
30080,4,0
30081,7,5
30082,7,5
30083,7,6
30084,2,3
30085,0,9
30086,7,5
30087,4,0
30088,4,0
30089,0,1
30090,2,3
30091,8,2
30092,2,8
30093,7,3
30094,8,2
30095,6,9
30096,5,9
30097,4,0
30098,6,8
30099,9,9
30100,1,1
30101,4,0
30102,8,2
30103,9,9
30104,1,1
30105,2,3
30106,3,6
30107,8,2
30108,5,4
30109,0,7
30110,5,9
30111,0,8
30112,7,5
30113,0,4
30114,3,6
30115,3,6
30116,2,8
30117,0,1
30118,9,7
30119,4,0
30120,8,2
30121,0,4
30122,6,2
30123,0,0
30124,2,3
30125,7,5
30126,1,1
30127,4,0
30128,3,6
30129,0,1
30130,9,3
30131,2,3
30132,7,5
30133,8,2
30134,5,4
30135,9,9
30136,2,3
30137,0,1
30138,9,9
30139,7,6
30140,1,1
30141,4,0
30142,3,6
30143,0,1
30144,4,9
30145,0,1
30146,1,1
30147,0,8
30148,1,1
30149,4,0
30150,3,6
30151,0,4
30152,3,6
30153,9,7
30154,9,7
30155,0,7
30156,4,0
30157,7,6
30158,1,1
30159,0,3
30160,4,0
30161,3,6
30162,6,8
30163,4,0
30164,5,4
30165,0,7
30166,9,7
30167,0,4
30168,3,6
30169,0,4
30170,4,0
30171,0,1
30172,6,8
30173,0,8
30174,5,4
30175,2,3
30176,1,1
30177,0,7
30178,3,6
30179,0,1
30180,5,4
30181,0,9
30182,3,6
30183,2,3
30184,5,9
30185,0,8
30186,5,4
30187,4,0
30188,9,7
30189,1,1
30190,9,7
30191,8,2
30192,3,6
30193,2,3
30194,1,1
30195,5,4
30196,4,0
30197,2,5
30198,5,4
30199,3,6
30200,1,1
30201,9,7
30202,5,7
30203,6,8
30204,5,9
30205,5,9
30206,2,3
30207,4,0
30208,5,9
30209,1,1
30210,0,1
30211,8,2
30212,4,0
30213,2,3
30214,1,1
30215,5,4
30216,3,5
30217,2,5
30218,1,1
30219,5,8
30220,4,0
30221,5,9
30222,4,0
30223,4,0
30224,9,7
30225,1,1
30226,2,3
30227,8,2
30228,5,2
30229,2,3
30230,3,6
30231,5,4
30232,3,6
30233,2,5
30234,5,4
30235,3,8
30236,6,8
30237,5,9
30238,1,1
30239,6,8
30240,4,0
30241,2,3
30242,6,8
30243,5,4
30244,1,1
30245,9,7
30246,4,0
30247,6,8
30248,6,8
30249,3,6
30250,9,7
30251,2,3
30252,3,6
30253,5,4
30254,2,3
30255,4,0
30256,2,3
30257,5,9
30258,2,3
30259,9,7
30260,9,7
30261,1,1
30262,7,5
30263,5,9
30264,9,7
30265,2,3
30266,5,4
30267,6,8
30268,6,8
30269,5,4
30270,1,1
30271,9,7
30272,5,4
30273,2,3
30274,1,1
30275,4,0
30276,5,4
30277,5,9
30278,7,5
30279,3,6
30280,7,5
30281,1,1
30282,2,3
30283,5,4
30284,2,3
30285,7,5
30286,9,7
30287,5,4
30288,7,5
30289,3,6
30290,9,7
30291,8,2
30292,1,1
30293,4,0
30294,9,7
30295,3,6
30296,5,9
30297,8,2
30298,5,4
30299,1,1
30300,4,0
30301,1,1
30302,9,7
30303,1,1
30304,2,3
30305,1,1
30306,2,3
30307,9,7
30308,2,9
30309,8,2
30310,9,7
30311,5,4
30312,3,6
30313,9,7
30314,3,6
30315,2,5
30316,5,4
30317,8,2
30318,6,8
30319,5,9
30320,4,0
30321,5,4
30322,2,8
30323,2,5
30324,6,8
30325,6,8
30326,5,4
30327,5,4
30328,5,9
30329,8,2
30330,2,8
30331,4,0
30332,3,6
30333,2,5
30334,5,9
30335,1,1
30336,8,2
30337,1,1
30338,3,6
30339,5,7
30340,4,0
30341,3,6
30342,5,9
30343,3,6
30344,8,2
30345,3,6
30346,8,2
30347,2,8
30348,9,7
30349,8,2
30350,3,6
30351,2,5
30352,4,0
30353,8,2
30354,2,3
30355,8,2
30356,6,2
30357,5,7
30358,5,9
30359,5,7
30360,5,9
30361,5,4
30362,2,3
30363,4,0
30364,0,1
30365,8,2
30366,1,1
30367,5,4
30368,1,1
30369,8,2
30370,4,0
30371,2,5
30372,0,1
30373,4,0
30374,6,8
30375,2,3
30376,8,2
30377,2,3
30378,5,9
30379,2,3
30380,9,7
30381,1,1
30382,4,0
30383,2,8
30384,4,0
30385,5,9
30386,2,3
30387,3,6
30388,4,0
30389,1,1
30390,2,5
30391,4,0
30392,3,6
30393,2,5
30394,5,9
30395,5,9
30396,7,5
30397,6,8
30398,2,3
30399,2,5
30400,2,3
30401,6,8
30402,7,5
30403,2,5
30404,1,1
30405,2,5
30406,5,9
30407,6,8
30408,1,1
30409,4,0
30410,2,5
30411,2,3
30412,6,8
30413,4,0
30414,5,7
30415,6,8
30416,7,8
30417,2,3
30418,3,8
30419,5,9
30420,8,2
30421,3,6
30422,5,4
30423,2,3
30424,4,0
30425,4,0
30426,3,6
30427,1,1
30428,9,7
30429,8,2
30430,1,1
30431,2,3
30432,9,7
30433,9,7
30434,4,0
30435,6,8
30436,1,1
30437,9,9
30438,4,0
30439,4,0
30440,3,6
30441,0,1
30442,9,7
30443,8,2
30444,3,6
30445,2,3
30446,9,9
30447,5,4
30448,7,5
30449,9,7
30450,6,8
30451,7,8
30452,5,9
30453,9,9
30454,4,6
30455,4,0
30456,7,5
30457,0,1
30458,5,4
30459,8,2
30460,6,8
30461,7,3
30462,9,7
30463,5,4
30464,1,4
30465,9,7
30466,3,6
30467,6,8
30468,2,3
30469,5,9
30470,5,9
30471,1,1
30472,5,4
30473,4,0
30474,3,6
30475,0,1
30476,7,5
30477,8,2
30478,6,8
30479,9,7
30480,4,0
30481,9,7
30482,7,5
30483,2,3
30484,4,0
30485,8,2
30486,1,1
30487,8,2
30488,7,5
30489,2,3
30490,3,6
30491,5,9
30492,8,2
30493,0,1
30494,6,8
30495,9,7
30496,4,0
30497,5,9
30498,5,9
30499,7,5
30500,5,9
30501,9,7
30502,9,7
30503,8,2
30504,9,7
30505,5,9
30506,5,4
30507,3,6
30508,8,1
30509,0,1
30510,6,8
30511,2,3
30512,0,1
30513,9,7
30514,7,5
30515,2,3
30516,6,8
30517,5,9
30518,7,6
30519,6,8
30520,5,9
30521,0,8
30522,1,2
30523,6,8
30524,1,1
30525,2,8
30526,3,6
30527,6,8
30528,7,5
30529,5,4
30530,6,2
30531,9,7
30532,9,7
30533,8,2
30534,8,2
30535,0,1
30536,5,4
30537,5,9
30538,9,7
30539,6,8
30540,2,3
30541,0,7
30542,5,4
30543,2,8
30544,7,5
30545,5,8
30546,6,8
30547,4,0
30548,4,0
30549,9,7
30550,1,1
30551,5,9
30552,5,4
30553,7,5
30554,5,4
30555,4,0
30556,1,1
30557,3,6
30558,9,7
30559,6,8
30560,9,7
30561,6,2
30562,5,9
30563,3,6
30564,1,1
30565,4,0
30566,7,5
30567,1,1
30568,6,8
30569,8,2
30570,8,2
30571,2,3
30572,7,5
30573,5,4
30574,2,3
30575,7,5
30576,1,6
30577,3,6
30578,4,0
30579,9,7
30580,8,2
30581,6,8
30582,3,6
30583,5,9
30584,1,8
30585,4,0
30586,4,0
30587,0,1
30588,5,4
30589,8,2
30590,5,4
30591,2,3
30592,1,1
30593,5,4
30594,8,2
30595,7,5
30596,1,2
30597,3,6
30598,1,9
30599,9,7
30600,1,2
30601,6,8
30602,5,4
30603,9,9
30604,5,7
30605,4,0
30606,1,1
30607,0,1
30608,3,6
30609,8,2
30610,5,7
30611,2,3
30612,1,1
30613,5,4
30614,1,1
30615,7,5
30616,1,1
30617,3,6
30618,4,0
30619,9,7
30620,5,9
30621,6,8
30622,5,5
30623,9,9
30624,4,0
30625,4,0
30626,7,5
30627,9,9
30628,1,1
30629,9,9
30630,7,6
30631,0,8
30632,3,6
30633,9,9
30634,8,2
30635,0,8
30636,5,9
30637,5,4
30638,4,6
30639,0,1
30640,8,2
30641,9,7
30642,2,3
30643,9,7
30644,2,3
30645,2,3
30646,4,9
30647,7,5
30648,3,6
30649,0,1
30650,2,3
30651,4,0
30652,9,7
30653,4,0
30654,2,8
30655,8,2
30656,6,8
30657,9,7
30658,5,4
30659,9,7
30660,2,9
30661,6,8
30662,2,3
30663,8,2
30664,9,7
30665,4,0
30666,5,4
30667,0,1
30668,4,0
30669,8,2
30670,9,7
30671,3,6
30672,9,7
30673,2,3
30674,9,7
30675,2,3
30676,7,5
30677,9,7
30678,4,0
30679,2,3
30680,3,6
30681,2,3
30682,5,4
30683,5,4
30684,1,1
30685,3,6
30686,9,9
30687,3,6
30688,1,8
30689,3,6
30690,9,2
30691,5,4
30692,9,3
30693,9,9
30694,5,9
30695,0,1
30696,5,9
30697,7,5
30698,2,9
30699,4,0
30700,4,0
30701,9,9
30702,5,4
30703,6,8
30704,5,9
30705,8,2
30706,4,0
30707,4,0
30708,5,4
30709,4,0
30710,3,2
30711,0,1
30712,5,9
30713,9,7
30714,7,5
30715,3,6
30716,3,6
30717,2,3
30718,5,7
30719,8,2
30720,0,3
30721,0,1
30722,9,7
30723,9,7
30724,8,2
30725,5,4
30726,8,2
30727,3,6
30728,9,7
30729,2,3
30730,8,2
30731,0,1
30732,6,8
30733,2,3
30734,4,0
30735,9,9
30736,5,4
30737,0,1
30738,6,8
30739,9,7
30740,2,3
30741,3,6
30742,1,1
30743,6,8
30744,3,6
30745,5,4
30746,8,2
30747,2,3
30748,4,0
30749,0,1
30750,4,9
30751,4,0
30752,8,2
30753,9,9
30754,2,3
30755,3,6
30756,9,9
30757,0,1
30758,5,9
30759,9,7
30760,2,3
30761,7,5
30762,8,2
30763,5,4
30764,2,7
30765,5,4
30766,2,5
30767,9,7
30768,9,7
30769,8,2
30770,3,6
30771,6,8
30772,1,2
30773,0,4
30774,2,3
30775,0,8
30776,5,9
30777,0,8
30778,9,9
30779,0,4
30780,2,3
30781,0,8
30782,5,9
30783,9,9
30784,3,6
30785,6,8
30786,9,7
30787,4,0
30788,3,6
30789,1,1
30790,4,0
30791,8,2
30792,5,4
30793,2,3
30794,8,2
30795,5,4
30796,3,6
30797,2,5
30798,9,7
30799,3,6
30800,4,0
30801,9,7
30802,8,2
30803,6,8
30804,5,9
30805,9,9
30806,6,8
30807,4,0
30808,5,9
30809,1,1
30810,9,2
30811,8,2
30812,3,6
30813,2,3
30814,5,9
30815,5,4
30816,8,2
30817,7,5
30818,0,6
30819,3,6
30820,3,6
30821,9,7
30822,3,6
30823,6,8
30824,2,3
30825,9,9
30826,8,2
30827,4,0
30828,4,0
30829,1,1
30830,5,4
30831,8,2
30832,8,2
30833,2,3
30834,5,9
30835,5,4
30836,5,9
30837,2,5
30838,2,9
30839,3,6
30840,8,2
30841,5,7
30842,7,5
30843,6,8
30844,2,8
30845,9,9
30846,5,4
30847,1,1
30848,1,1
30849,4,0
30850,5,9
30851,5,4
30852,1,1
30853,3,5
30854,1,1
30855,3,6
30856,3,6
30857,3,6
30858,7,5
30859,2,3
30860,1,2
30861,1,4
30862,6,8
30863,5,4
30864,7,5
30865,6,2
30866,1,1
30867,6,8
30868,5,4
30869,1,1
30870,6,8
30871,4,0
30872,9,2
30873,3,6
30874,6,8
30875,5,4
30876,1,4
30877,5,9
30878,3,6
30879,9,7
30880,8,2
30881,8,2
30882,7,6
30883,2,3
30884,4,2
30885,2,3
30886,5,4
30887,5,9
30888,5,4
30889,8,2
30890,5,4
30891,4,0
30892,6,8
30893,5,9
30894,1,1
30895,2,3
30896,2,5
30897,2,3
30898,1,1
30899,9,9
30900,3,5
30901,0,1
30902,9,7
30903,4,5
30904,3,6
30905,8,2
30906,1,1
30907,2,3
30908,5,4
30909,1,1
30910,5,9
30911,3,6
30912,9,7
30913,9,7
30914,6,8
30915,2,3
30916,3,6
30917,9,7
30918,7,5
30919,6,8
30920,1,1
30921,5,4
30922,9,9
30923,4,0
30924,9,7
30925,8,2
30926,4,0
30927,1,4
30928,7,5
30929,4,0
30930,3,6
30931,8,2
30932,3,0
30933,5,4
30934,2,3
30935,9,7
30936,9,7
30937,6,8
30938,1,1
30939,4,0
30940,1,1
30941,9,7
30942,5,9
30943,4,0
30944,5,9
30945,3,6
30946,9,7
30947,9,9
30948,4,0
30949,2,3
30950,3,6
30951,8,2
30952,1,7
30953,5,4
30954,5,4
30955,4,0
30956,3,6
30957,2,5
30958,1,1
30959,9,7
30960,1,3
30961,4,5
30962,2,3
30963,1,1
30964,6,8
30965,4,0
30966,1,1
30967,6,8
30968,3,6
30969,1,1
30970,8,2
30971,3,6
30972,1,2
30973,9,7
30974,2,3
30975,8,2
30976,8,2
30977,5,9
30978,1,1
30979,9,7
30980,7,5
30981,9,9
30982,9,7
30983,2,5
30984,2,3
30985,6,8
30986,2,3
30987,5,9
30988,9,7
30989,3,6
30990,9,7
30991,3,5
30992,4,0
30993,8,2
30994,6,8
30995,3,6
30996,0,1
30997,8,2
30998,9,7
30999,6,8
31000,7,6
31001,1,1
31002,8,2
31003,9,7
31004,5,9
31005,2,5
31006,5,4
31007,2,5
31008,7,5
31009,5,7
31010,7,5
31011,2,3
31012,1,1
31013,7,5
31014,7,8
31015,4,0
31016,8,2
31017,1,1
31018,5,9
31019,1,1
31020,4,0
31021,2,3
31022,7,5
31023,6,8
31024,8,2
31025,5,4
31026,4,0
31027,9,9
31028,7,5
31029,5,4
31030,6,8
31031,3,5
31032,2,3
31033,1,1
31034,6,8
31035,6,8
31036,5,4
31037,3,6
31038,1,1
31039,6,8
31040,3,6
31041,9,9
31042,2,3
31043,4,0
31044,2,3
31045,1,1
31046,4,6
31047,8,2
31048,1,1
31049,2,3
31050,5,4
31051,5,4
31052,5,4
31053,7,5
31054,3,6
31055,9,7
31056,8,2
31057,9,9
31058,1,1
31059,4,0
31060,6,8
31061,1,1
31062,9,7
31063,8,2
31064,9,7
31065,2,3
31066,5,7
31067,5,4
31068,6,2
31069,7,5
31070,2,2
31071,3,6
31072,5,9
31073,9,7
31074,5,9
31075,6,8
31076,9,7
31077,9,9
31078,7,5
31079,4,0
31080,6,8
31081,0,1
31082,4,0
31083,5,4
31084,1,1
31085,9,7
31086,7,5
31087,6,8
31088,5,9
31089,2,9
31090,5,4
31091,6,8
31092,8,2
31093,1,1
31094,5,9
31095,4,0
31096,8,2
31097,5,9
31098,2,3
31099,7,5
31100,0,7
31101,9,7
31102,5,4
31103,6,8
31104,3,6
31105,3,6
31106,5,4
31107,5,9
31108,2,3
31109,4,0
31110,3,6
31111,5,4
31112,4,0
31113,1,1
31114,5,4
31115,5,9
31116,4,0
31117,2,3
31118,3,6
31119,6,8
31120,5,9
31121,5,4
31122,0,1
31123,1,4
31124,2,8
31125,9,7
31126,5,4
31127,4,0
31128,5,9
31129,1,1
31130,5,9
31131,5,9
31132,5,9
31133,8,2
31134,8,1
31135,6,8
31136,2,3
31137,9,7
31138,4,0
31139,6,8
31140,2,3
31141,5,9
31142,5,9
31143,3,6
31144,1,1
31145,4,0
31146,8,2
31147,3,6
31148,8,2
31149,7,5
31150,8,2
31151,7,5
31152,3,6
31153,2,3
31154,4,0
31155,2,3
31156,9,7
31157,2,3
31158,7,5
31159,5,4
31160,9,7
31161,5,9
31162,6,8
31163,5,4
31164,5,4
31165,4,0
31166,1,1
31167,3,6
31168,2,8
31169,0,1
31170,5,9
31171,4,0
31172,4,0
31173,4,0
31174,1,1
31175,3,6
31176,2,7
31177,8,2
31178,2,3
31179,1,1
31180,4,0
31181,1,1
31182,6,8
31183,2,3
31184,3,9
31185,0,2
31186,2,5
31187,9,7
31188,8,2
31189,9,7
31190,2,5
31191,6,8
31192,9,7
31193,3,6
31194,4,0
31195,4,0
31196,9,7
31197,0,2
31198,1,1
31199,4,0
31200,5,9
31201,2,3
31202,4,0
31203,3,6
31204,3,6
31205,7,8
31206,6,8
31207,9,7
31208,3,6
31209,0,1
31210,5,7
31211,7,5
31212,3,6
31213,5,9
31214,2,5
31215,9,9
31216,8,2
31217,2,3
31218,5,9
31219,9,7
31220,3,6
31221,8,2
31222,2,5
31223,5,4
31224,5,4
31225,5,9
31226,5,9
31227,5,4
31228,3,6
31229,2,3
31230,7,5
31231,3,6
31232,3,6
31233,8,2
31234,4,0
31235,5,4
31236,6,8
31237,1,1
31238,1,1
31239,9,7
31240,8,2
31241,8,2
31242,2,5
31243,4,0
31244,5,9
31245,0,1
31246,5,4
31247,8,2
31248,6,8
31249,2,3
31250,1,1
31251,5,4
31252,9,5
31253,0,5
31254,2,3
31255,3,6
31256,5,9
31257,9,7
31258,8,2
31259,0,8
31260,6,8
31261,9,9
31262,5,9
31263,4,0
31264,1,1
31265,0,1
31266,3,5
31267,8,2
31268,3,6
31269,2,3
31270,3,6
31271,9,7
31272,4,0
31273,0,8
31274,2,3
31275,9,9
31276,8,2
31277,4,0
31278,1,1
31279,0,1
31280,1,1
31281,8,2
31282,1,1
31283,7,3
31284,5,7
31285,5,4
31286,1,1
31287,0,5
31288,4,0
31289,7,6
31290,7,5
31291,9,7
31292,6,8
31293,7,8
31294,3,6
31295,9,9
31296,1,1
31297,4,0
31298,6,8
31299,9,9
31300,9,7
31301,0,5
31302,2,5
31303,3,6
31304,8,2
31305,0,4
31306,6,8
31307,0,1
31308,2,8
31309,9,9
31310,5,0
31311,2,3
31312,5,9
31313,0,8
31314,4,0
31315,5,4
31316,2,5
31317,5,4
31318,1,1
31319,9,7
31320,5,9
31321,4,0
31322,5,4
31323,0,1
31324,5,4
31325,9,9
31326,5,9
31327,8,2
31328,7,5
31329,0,8
31330,9,7
31331,9,7
31332,1,1
31333,6,8
31334,6,8
31335,0,5
31336,5,9
31337,9,9
31338,8,2
31339,7,6
31340,5,4
31341,4,0
31342,3,6
31343,3,6
31344,7,5
31345,0,3
31346,7,5
31347,7,3
31348,1,1
31349,7,3
31350,4,0
31351,9,9
31352,7,5
31353,5,9
31354,8,2
31355,6,8
31356,4,0
31357,0,1
31358,5,9
31359,0,4
31360,1,2
31361,4,0
31362,9,7
31363,3,6
31364,5,9
31365,0,1
31366,0,1
31367,4,0
31368,3,6
31369,4,0
31370,1,1
31371,3,6
31372,1,2
31373,0,2
31374,5,7
31375,0,1
31376,5,9
31377,1,1
31378,5,4
31379,2,3
31380,6,8
31381,1,2
31382,9,7
31383,9,7
31384,1,1
31385,9,7
31386,1,1
31387,9,7
31388,8,2
31389,4,0
31390,6,8
31391,9,7
31392,4,0
31393,4,0
31394,9,9
31395,8,3
31396,9,7
31397,3,6
31398,9,7
31399,0,8
31400,5,9
31401,8,2
31402,7,5
31403,5,4
31404,2,3
31405,9,9
31406,1,1
31407,5,4
31408,9,7
31409,2,3
31410,4,0
31411,3,6
31412,5,4
31413,0,5
31414,6,8
31415,0,5
31416,5,4
31417,9,9
31418,3,5
31419,0,4
31420,1,1
31421,0,1
31422,8,2
31423,9,7
31424,7,5
31425,4,0
31426,0,9
31427,0,1
31428,5,3
31429,8,2
31430,4,0
31431,2,3
31432,1,1
31433,5,4
31434,7,5
31435,7,5
31436,5,4
31437,7,6
31438,5,4
31439,9,7
31440,6,8
31441,1,8
31442,7,5
31443,9,9
31444,2,8
31445,4,0
31446,2,3
31447,1,1
31448,5,4
31449,8,2
31450,8,3
31451,2,3
31452,2,3
31453,5,4
31454,6,2
31455,7,5
31456,4,9
31457,3,6
31458,5,4
31459,9,7
31460,5,7
31461,6,8
31462,8,2
31463,4,0
31464,3,6
31465,0,1
31466,4,0
31467,8,2
31468,6,8
31469,2,3
31470,4,0
31471,5,4
31472,3,5
31473,7,5
31474,6,8
31475,7,6
31476,4,0
31477,9,7
31478,1,1
31479,6,8
31480,5,9
31481,3,6
31482,2,3
31483,8,2
31484,5,4
31485,9,7
31486,2,8
31487,1,1
31488,2,3
31489,7,5
31490,4,0
31491,3,6
31492,8,2
31493,8,2
31494,1,1
31495,7,5
31496,7,5
31497,4,0
31498,1,1
31499,2,5
31500,3,6
31501,5,4
31502,4,0
31503,8,2
31504,2,3
31505,4,0
31506,3,2
31507,6,8
31508,8,2
31509,4,0
31510,9,7
31511,0,1
31512,6,2
31513,8,2
31514,5,4
31515,2,3
31516,3,6
31517,9,4
31518,4,0
31519,7,5
31520,7,5
31521,7,6
31522,5,4
31523,9,7
31524,5,9
31525,6,8
31526,1,1
31527,9,7
31528,6,8
31529,1,1
31530,7,8
31531,9,7
31532,5,9
31533,9,7
31534,1,1
31535,4,0
31536,5,4
31537,0,1
31538,2,3
31539,5,4
31540,6,8
31541,5,4
31542,1,7
31543,5,4
31544,2,3
31545,6,5
31546,8,2
31547,5,7
31548,2,3
31549,5,4
31550,9,7
31551,5,9
31552,5,4
31553,9,7
31554,2,5
31555,8,2
31556,1,1
31557,7,6
31558,5,7
31559,2,3
31560,9,7
31561,5,9
31562,2,3
31563,5,4
31564,2,3
31565,5,9
31566,5,9
31567,4,0
31568,3,6
31569,6,8
31570,1,1
31571,9,7
31572,3,6
31573,9,9
31574,5,4
31575,4,0
31576,5,7
31577,3,6
31578,1,1
31579,2,3
31580,5,4
31581,4,0
31582,2,3
31583,0,4
31584,7,5
31585,3,6
31586,3,6
31587,2,3
31588,3,6
31589,9,7
31590,7,5
31591,0,8
31592,1,1
31593,9,9
31594,5,7
31595,2,3
31596,6,3
31597,0,1
31598,5,4
31599,6,8
31600,2,8
31601,5,4
31602,2,3
31603,8,2
31604,4,0
31605,5,9
31606,3,6
31607,6,8
31608,2,2
31609,3,2
31610,2,3
31611,6,8
31612,1,6
31613,3,6
31614,9,7
31615,7,5
31616,8,2
31617,8,2
31618,7,5
31619,3,6
31620,3,6
31621,9,9
31622,6,8
31623,3,6
31624,5,9
31625,4,0
31626,3,6
31627,2,3
31628,4,0
31629,3,6
31630,6,8
31631,2,3
31632,5,4
31633,1,1
31634,8,2
31635,8,2
31636,2,3
31637,7,5
31638,8,2
31639,4,0
31640,1,1
31641,2,3
31642,1,1
31643,9,7
31644,7,5
31645,7,6
31646,3,6
31647,0,1
31648,5,7
31649,7,5
31650,3,5
31651,7,5
31652,1,9
31653,9,9
31654,3,6
31655,0,8
31656,6,8
31657,4,0
31658,8,2
31659,9,9
31660,5,4
31661,4,0
31662,8,2
31663,1,1
31664,5,3
31665,8,2
31666,8,2
31667,2,3
31668,5,4
31669,5,4
31670,3,6
31671,9,7
31672,0,6
31673,9,8
31674,9,7
31675,9,9
31676,5,9
31677,4,0
31678,9,7
31679,1,1
31680,2,3
31681,8,2
31682,7,5
31683,4,0
31684,9,7
31685,1,1
31686,3,6
31687,7,5
31688,4,2
31689,1,1
31690,5,7
31691,2,3
31692,5,4
31693,5,9
31694,7,5
31695,4,0
31696,8,2
31697,5,9
31698,9,7
31699,5,7
31700,5,9
31701,1,1
31702,7,5
31703,2,3
31704,6,8
31705,3,6
31706,3,8
31707,5,9
31708,3,6
31709,6,2
31710,3,8
31711,5,4
31712,9,7
31713,9,7
31714,3,6
31715,9,7
31716,4,0
31717,5,4
31718,1,1
31719,2,3
31720,2,3
31721,6,8
31722,2,3
31723,2,3
31724,2,3
31725,9,7
31726,6,8
31727,9,1
31728,5,4
31729,0,1
31730,9,7
31731,9,7
31732,2,8
31733,9,9
31734,7,5
31735,2,3
31736,3,6
31737,9,9
31738,7,8
31739,0,1
31740,8,2
31741,3,6
31742,5,7
31743,5,4
31744,5,9
31745,2,3
31746,2,5
31747,9,9
31748,8,3
31749,6,8
31750,5,4
31751,0,1
31752,3,6
31753,4,0
31754,7,6
31755,1,1
31756,2,5
31757,1,2
31758,6,8
31759,2,3
31760,3,8
31761,5,4
31762,1,1
31763,7,5
31764,1,1
31765,6,8
31766,1,1
31767,5,9
31768,2,5
31769,4,0
31770,6,8
31771,1,1
31772,7,5
31773,8,2
31774,5,4
31775,2,3
31776,5,4
31777,5,4
31778,4,0
31779,2,5
31780,1,1
31781,6,8
31782,7,5
31783,5,9
31784,1,1
31785,4,0
31786,5,9
31787,1,1
31788,2,3
31789,8,2
31790,5,4
31791,2,3
31792,9,7
31793,5,4
31794,2,2
31795,7,5
31796,9,7
31797,3,6
31798,5,9
31799,9,7
31800,6,8
31801,6,8
31802,8,2
31803,5,9
31804,9,7
31805,2,3
31806,3,6
31807,1,2
31808,4,0
31809,5,9
31810,6,8
31811,2,3
31812,9,7
31813,8,2
31814,5,4
31815,1,1
31816,6,8
31817,5,4
31818,5,9
31819,3,5
31820,7,5
31821,3,5
31822,5,9
31823,8,2
31824,9,7
31825,2,3
31826,9,7
31827,1,2
31828,5,9
31829,1,1
31830,4,0
31831,2,3
31832,6,8
31833,5,9
31834,5,9
31835,5,7
31836,4,0
31837,8,2
31838,2,5
31839,1,1
31840,5,9
31841,5,9
31842,9,9
31843,1,1
31844,9,7
31845,5,8
31846,1,1
31847,6,8
31848,1,1
31849,9,7
31850,5,7
31851,5,8
31852,8,2
31853,1,1
31854,5,9
31855,4,0
31856,1,6
31857,4,0
31858,5,4
31859,3,6
31860,5,4
31861,9,7
31862,1,1
31863,7,5
31864,1,1
31865,4,0
31866,5,9
31867,3,6
31868,2,3
31869,1,1
31870,1,1
31871,1,1
31872,5,4
31873,8,2
31874,8,2
31875,3,5
31876,5,9
31877,4,0
31878,5,9
31879,9,7
31880,6,8
31881,6,8
31882,9,7
31883,5,4
31884,6,2
31885,5,4
31886,7,5
31887,1,1
31888,5,9
31889,6,8
31890,1,2
31891,7,5
31892,3,6
31893,5,9
31894,1,1
31895,4,0
31896,5,9
31897,2,3
31898,3,6
31899,9,7
31900,7,5
31901,1,1
31902,9,7
31903,3,6
31904,4,0
31905,8,2
31906,6,8
31907,3,6
31908,1,1
31909,3,6
31910,9,7
31911,1,1
31912,5,7
31913,2,3
31914,9,7
31915,5,8
31916,1,1
31917,5,9
31918,5,9
31919,5,9
31920,1,1
31921,2,5
31922,5,9
31923,5,9
31924,3,6
31925,2,3
31926,7,5
31927,9,7
31928,8,2
31929,7,5
31930,1,1
31931,3,6
31932,1,1
31933,8,2
31934,1,9
31935,8,2
31936,2,3
31937,4,0
31938,6,8
31939,5,9
31940,5,4
31941,1,4
31942,5,9
31943,4,0
31944,2,5
31945,0,1
31946,7,5
31947,8,2
31948,3,6
31949,2,3
31950,1,1
31951,5,4
31952,1,3
31953,7,5
31954,6,6
31955,3,6
31956,8,2
31957,9,7
31958,1,2
31959,6,8
31960,2,3
31961,9,9
31962,2,3
31963,0,1
31964,9,7
31965,3,4
31966,1,1
31967,9,7
31968,2,8
31969,4,0
31970,8,2
31971,0,1
31972,6,8
31973,8,2
31974,4,6
31975,2,3
31976,7,5
31977,5,4
31978,8,2
31979,7,5
31980,1,1
31981,3,6
31982,7,5
31983,9,7
31984,5,4
31985,6,8
31986,9,9
31987,9,9
31988,2,3
31989,2,3
31990,1,1
31991,9,7
31992,5,7
31993,0,1
31994,5,4
31995,4,0
31996,9,7
31997,9,7
31998,3,6
31999,7,5
32000,6,8
32001,7,5
32002,1,6
32003,3,6
32004,9,7
32005,0,1
32006,3,6
32007,4,0
32008,8,2
32009,4,0
32010,8,2
32011,6,8
32012,6,8
32013,2,3
32014,5,4
32015,5,4
32016,9,9
32017,6,3
32018,0,8
32019,0,1
32020,5,4
32021,5,9
32022,8,2
32023,7,5
32024,8,2
32025,2,3
32026,3,5
32027,5,4
32028,9,7
32029,5,9
32030,6,8
32031,2,3
32032,5,4
32033,5,9
32034,1,1
32035,8,2
32036,4,0
32037,5,4
32038,1,1
32039,7,5
32040,2,5
32041,0,1
32042,2,3
32043,3,6
32044,2,3
32045,5,4
32046,2,8
32047,5,9
32048,1,7
32049,5,4
32050,3,6
32051,5,9
32052,7,5
32053,5,4
32054,1,1
32055,0,1
32056,5,4
32057,8,2
32058,3,6
32059,7,5
32060,2,5
32061,6,8
32062,4,0
32063,1,1
32064,5,9
32065,2,2
32066,9,9
32067,9,9
32068,5,9
32069,5,4
32070,1,1
32071,2,3
32072,5,8
32073,6,8
32074,7,5
32075,8,2
32076,6,8
32077,8,2
32078,6,8
32079,0,1
32080,2,5
32081,8,2
32082,3,6
32083,0,1
32084,5,4
32085,1,1
32086,4,0
32087,2,3
32088,5,4
32089,9,9
32090,7,5
32091,2,3
32092,4,0
32093,6,8
32094,5,4
32095,9,7
32096,1,1
32097,4,0
32098,4,0
32099,9,7
32100,5,9
32101,5,4
32102,6,8
32103,6,8
32104,9,7
32105,6,8
32106,2,3
32107,7,5
32108,3,4
32109,4,0
32110,2,8
32111,3,6
32112,5,4
32113,3,6
32114,2,3
32115,2,3
32116,6,8
32117,9,7
32118,3,6
32119,3,6
32120,9,7
32121,9,9
32122,5,7
32123,9,9
32124,5,4
32125,0,4
32126,5,4
32127,6,8
32128,5,9
32129,0,1
32130,4,0
32131,4,0
32132,7,5
32133,0,1
32134,3,5
32135,8,2
32136,7,5
32137,2,3
32138,1,1
32139,0,4
32140,3,6
32141,0,5
32142,8,2
32143,3,6
32144,4,0
32145,9,7
32146,8,2
32147,6,8
32148,8,2
32149,9,9
32150,1,7
32151,4,0
32152,9,9
32153,0,1
32154,2,5
32155,8,2
32156,7,5
32157,2,3
32158,0,1
32159,9,7
32160,4,0
32161,0,8
32162,4,0
32163,9,9
32164,5,4
32165,4,0
32166,6,8
32167,0,1
32168,7,5
32169,8,2
32170,8,2
32171,7,3
32172,5,4
32173,0,7
32174,9,7
32175,0,8
32176,2,3
32177,9,9
32178,5,4
32179,0,1
32180,3,6
32181,6,8
32182,5,4
32183,3,6
32184,4,0
32185,9,7
32186,5,4
32187,0,1
32188,5,4
32189,0,1
32190,5,7
32191,5,4
32192,2,3
32193,8,3
32194,2,3
32195,9,7
32196,5,9
32197,9,7
32198,2,5
32199,0,8
32200,7,5
32201,9,9
32202,1,2
32203,7,3
32204,0,1
32205,3,6
32206,6,8
32207,4,0
32208,9,7
32209,2,3
32210,4,0
32211,3,6
32212,8,2
32213,0,4
32214,4,5
32215,0,7
32216,8,2
32217,7,5
32218,6,8
32219,3,6
32220,9,7
32221,4,0
32222,3,6
32223,7,3
32224,1,1
32225,6,8
32226,6,8
32227,2,3
32228,3,6
32229,0,1
32230,3,6
32231,0,1
32232,5,4
32233,7,5
32234,2,3
32235,0,9
32236,9,7
32237,4,0
32238,5,4
32239,0,9
32240,3,6
32241,3,6
32242,3,6
32243,8,2
32244,0,8
32245,0,1
32246,1,1
32247,0,7
32248,7,5
32249,9,9
32250,8,2
32251,9,9
32252,9,7
32253,0,8
32254,7,5
32255,3,6
32256,1,9
32257,3,6
32258,7,5
32259,0,8
32260,5,9
32261,0,8
32262,5,4
32263,8,2
32264,8,2
32265,3,6
32266,9,7
32267,7,3
32268,4,0
32269,8,2
32270,6,8
32271,9,9
32272,5,4
32273,4,0
32274,4,0
32275,2,3
32276,2,3
32277,7,5
32278,5,4
32279,0,8
32280,5,2
32281,2,3
32282,9,7
32283,7,5
32284,2,3
32285,6,8
32286,5,4
32287,7,5
32288,9,2
32289,9,7
32290,7,5
32291,9,7
32292,8,2
32293,4,0
32294,9,7
32295,0,1
32296,0,1
32297,8,2
32298,3,0
32299,2,3
32300,6,8
32301,5,4
32302,3,6
32303,7,5
32304,5,9
32305,3,6
32306,1,1
32307,9,7
32308,5,4
32309,6,8
32310,5,4
32311,9,9
32312,3,6
32313,4,0
32314,2,3
32315,0,1
32316,5,9
32317,8,2
32318,8,2
32319,2,3
32320,3,6
32321,5,4
32322,7,5
32323,0,5
32324,7,5
32325,3,6
32326,0,1
32327,9,7
32328,5,4
32329,0,8
32330,2,3
32331,9,9
32332,1,1
32333,4,0
32334,0,1
32335,0,1
32336,4,0
32337,8,2
32338,1,1
32339,2,3
32340,5,4
32341,5,4
32342,5,9
32343,0,5
32344,2,5
32345,7,6
32346,1,7
32347,9,7
32348,5,5
32349,0,8
32350,5,9
32351,9,9
32352,6,8
32353,1,1
32354,7,5
32355,6,8
32356,5,9
32357,3,6
32358,1,1
32359,0,7
32360,5,9
32361,8,2
32362,7,5
32363,9,7
32364,5,7
32365,0,1
32366,5,9
32367,0,1
32368,5,9
32369,5,4
32370,3,6
32371,2,3
32372,4,5
32373,9,7
32374,5,9
32375,0,8
32376,2,3
32377,9,9
32378,1,1
32379,2,3
32380,5,9
32381,7,6
32382,1,2
32383,4,0
32384,5,4
32385,2,3
32386,7,5
32387,5,4
32388,4,0
32389,0,8
32390,6,8
32391,5,4
32392,1,1
32393,0,5
32394,7,5
32395,9,7
32396,4,9
32397,0,5
32398,2,3
32399,4,0
32400,6,8
32401,2,3
32402,3,6
32403,5,9
32404,6,8
32405,6,2
32406,1,1
32407,0,8
32408,8,2
32409,2,3
32410,9,9
32411,0,1
32412,5,4
32413,0,1
32414,2,3
32415,0,5
32416,9,7
32417,9,9
32418,8,2
32419,5,4
32420,2,3
32421,2,3
32422,2,3
32423,4,0
32424,8,2
32425,5,4
32426,9,8
32427,4,0
32428,9,7
32429,9,9
32430,1,2
32431,3,6
32432,9,7
32433,9,9
32434,2,3
32435,8,2
32436,3,6
32437,8,2
32438,8,2
32439,0,1
32440,1,1
32441,9,7
32442,5,4
32443,9,9
32444,2,3
32445,0,5
32446,1,1
32447,0,1
32448,5,4
32449,0,1
32450,6,2
32451,9,9
32452,6,8
32453,0,8
32454,4,0
32455,3,6
32456,5,8
32457,9,9
32458,5,4
32459,4,0
32460,9,7
32461,4,0
32462,0,1
32463,4,0
32464,3,6
32465,0,1
32466,5,4
32467,0,8
32468,6,8
32469,5,4
32470,9,7
32471,0,8
32472,0,1
32473,0,8
32474,1,1
32475,3,2
32476,2,3
32477,3,6
32478,6,8
32479,2,3
32480,6,8
32481,3,2
32482,1,1
32483,5,9
32484,2,3
32485,8,2
32486,1,1
32487,5,4
32488,2,5
32489,4,0
32490,2,3
32491,9,9
32492,2,5
32493,4,0
32494,4,0
32495,2,3
32496,1,1
32497,0,7
32498,5,4
32499,3,4
32500,3,6
32501,7,5
32502,6,8
32503,0,8
32504,5,9
32505,2,3
32506,7,5
32507,0,5
32508,8,2
32509,0,8
32510,8,2
32511,0,5
32512,5,4
32513,5,4
32514,4,0
32515,9,7
32516,6,8
32517,3,6
32518,5,4
32519,0,5
32520,4,0
32521,8,2
32522,7,6
32523,8,2
32524,5,4
32525,8,2
32526,4,0
32527,9,7
32528,1,1
32529,0,7
32530,1,1
32531,4,0
32532,5,9
32533,0,5
32534,1,1
32535,0,1
32536,1,1
32537,0,5
32538,9,7
32539,2,3
32540,1,1
32541,4,0
32542,9,7
32543,1,1
32544,6,8
32545,8,2
32546,3,6
32547,7,5
32548,7,5
32549,3,6
32550,4,0
32551,9,7
32552,5,9
32553,6,8
32554,1,1
32555,5,9
32556,5,4
32557,4,0
32558,5,4
32559,1,1
32560,5,4
32561,8,2
32562,1,1
32563,2,3
32564,4,0
32565,5,4
32566,7,5
32567,7,5
32568,4,0
32569,3,6
32570,7,5
32571,1,7
32572,3,6
32573,5,8
32574,4,0
32575,4,0
32576,3,6
32577,1,1
32578,5,4
32579,8,2
32580,9,7
32581,2,3
32582,7,5
32583,5,4
32584,9,7
32585,2,5
32586,2,3
32587,3,6
32588,2,3
32589,9,7
32590,8,2
32591,6,8
32592,3,6
32593,5,9
32594,9,9
32595,8,2
32596,6,8
32597,1,1
32598,7,5
32599,9,7
32600,7,5
32601,8,2
32602,1,4
32603,2,5
32604,9,7
32605,4,0
32606,8,2
32607,6,8
32608,9,7
32609,4,0
32610,2,3
32611,8,2
32612,1,1
32613,9,7
32614,7,5
32615,6,8
32616,7,5
32617,6,8
32618,9,9
32619,2,3
32620,9,7
32621,4,0
32622,2,8
32623,3,6
32624,3,6
32625,4,0
32626,9,7
32627,8,2
32628,5,4
32629,9,7
32630,8,2
32631,3,6
32632,1,1
32633,3,6
32634,8,2
32635,1,1
32636,6,8
32637,6,2
32638,6,8
32639,6,8
32640,2,2
32641,6,8
32642,2,3
32643,9,7
32644,2,3
32645,9,7
32646,2,5
32647,5,4
32648,5,9
32649,9,7
32650,8,2
32651,9,7
32652,2,3
32653,2,3
32654,8,2
32655,9,7
32656,2,3
32657,5,4
32658,3,6
32659,3,5
32660,1,1
32661,5,4
32662,9,7
32663,2,3
32664,2,3
32665,2,3
32666,3,0
32667,6,8
32668,2,9
32669,5,4
32670,3,6
32671,7,5
32672,5,9
32673,5,4
32674,7,5
32675,1,1
32676,5,9
32677,1,1
32678,8,2
32679,5,9
32680,2,3
32681,9,7
32682,4,0
32683,5,4
32684,7,5
32685,2,3
32686,7,5
32687,9,7
32688,2,3
32689,2,3
32690,4,0
32691,2,3
32692,3,6
32693,4,0
32694,3,6
32695,8,2
32696,3,6
32697,2,5
32698,7,5
32699,2,5
32700,9,7
32701,3,6
32702,7,5
32703,2,3
32704,1,1
32705,1,1
32706,5,9
32707,7,5
32708,4,0
32709,8,2
32710,1,1
32711,2,5
32712,3,8
32713,5,9
32714,5,9
32715,5,9
32716,9,7
32717,6,8
32718,1,1
32719,5,4
32720,7,5
32721,1,1
32722,6,8
32723,4,0
32724,0,5
32725,3,6
32726,8,2
32727,4,0
32728,9,7
32729,5,9
32730,2,3
32731,3,6
32732,5,9
32733,6,8
32734,3,6
32735,6,8
32736,3,6
32737,2,5
32738,9,7
32739,3,6
32740,9,7
32741,1,1
32742,6,8
32743,1,1
32744,8,2
32745,5,9
32746,4,0
32747,9,8
32748,7,5
32749,5,9
32750,2,5
32751,8,2
32752,3,6
32753,2,3
32754,3,6
32755,2,5
32756,1,1
32757,2,5
32758,7,5
32759,5,9
32760,2,8
32761,5,4
32762,5,4
32763,8,2
32764,1,3
32765,1,1
32766,7,8
32767,5,9
32768,8,2
32769,5,4
32770,6,8
32771,5,9
32772,5,4
32773,1,1
32774,2,8
32775,2,3
32776,8,4
32777,5,9
32778,4,0
32779,8,2
32780,8,2
32781,4,0
32782,7,6
32783,3,6
32784,5,8
32785,4,0
32786,2,3
32787,5,4
32788,2,5
32789,4,0
32790,2,3
32791,3,6
32792,8,2
32793,4,0
32794,2,3
32795,1,1
32796,6,8
32797,8,2
32798,5,4
32799,2,3
32800,4,0
32801,5,4
32802,5,4
32803,3,6
32804,2,3
32805,2,8
32806,6,8
32807,1,1
32808,1,1
32809,8,2
32810,4,0
32811,2,3
32812,9,7
32813,5,4
32814,1,1
32815,2,5
32816,9,9
32817,3,6
32818,8,2
32819,9,7
32820,9,7
32821,5,9
32822,7,5
32823,1,1
32824,0,1
32825,8,2
32826,3,6
32827,2,3
32828,7,5
32829,1,4
32830,5,4
32831,2,5
32832,5,4
32833,3,6
32834,4,0
32835,1,7
32836,8,2
32837,2,8
32838,5,4
32839,3,6
32840,7,5
32841,3,6
32842,1,1
32843,4,0
32844,9,7
32845,8,2
32846,4,0
32847,2,3
32848,5,9
32849,9,7
32850,2,3
32851,5,4
32852,1,1
32853,9,7
32854,8,2
32855,1,1
32856,5,2
32857,5,9
32858,3,0
32859,1,1
32860,5,9
32861,9,7
32862,5,4
32863,1,1
32864,5,8
32865,5,4
32866,3,6
32867,4,0
32868,3,6
32869,4,0
32870,2,5
32871,1,1
32872,8,2
32873,9,7
32874,6,8
32875,2,5
32876,3,6
32877,9,7
32878,5,9
32879,0,1
32880,3,0
32881,2,3
32882,5,9
32883,2,3
32884,6,8
32885,2,3
32886,1,1
32887,1,1
32888,9,7
32889,3,6
32890,1,1
32891,5,9
32892,1,1
32893,9,7
32894,3,6
32895,5,4
32896,9,7
32897,2,3
32898,5,9
32899,4,0
32900,2,3
32901,8,2
32902,2,5
32903,3,6
32904,5,9
32905,4,0
32906,5,7
32907,6,8
32908,2,9
32909,5,9
32910,5,9
32911,5,4
32912,3,6
32913,2,3
32914,1,1
32915,7,5
32916,9,9
32917,5,4
32918,0,2
32919,2,8
32920,9,7
32921,1,1
32922,3,6
32923,2,5
32924,9,7
32925,4,0
32926,9,8
32927,3,6
32928,8,2
32929,3,6
32930,5,9
32931,2,3
32932,7,6
32933,2,3
32934,8,2
32935,2,8
32936,6,8
32937,1,1
32938,3,6
32939,5,4
32940,2,3
32941,9,7
32942,3,6
32943,7,5
32944,2,3
32945,9,7
32946,4,0
32947,8,2
32948,6,8
32949,8,2
32950,4,0
32951,4,0
32952,4,0
32953,4,0
32954,2,5
32955,9,7
32956,9,7
32957,9,7
32958,1,1
32959,5,9
32960,2,3
32961,2,5
32962,6,8
32963,5,9
32964,2,3
32965,6,8
32966,4,0
32967,5,9
32968,2,8
32969,3,6
32970,9,9
32971,6,8
32972,5,9
32973,8,2
32974,0,1
32975,2,3
32976,5,4
32977,3,6
32978,3,6
32979,1,1
32980,9,7
32981,8,2
32982,6,8
32983,5,9
32984,2,3
32985,8,2
32986,1,1
32987,2,5
32988,9,7
32989,8,2
32990,2,3
32991,8,2
32992,3,5
32993,5,4
32994,3,6
32995,6,8
32996,7,5
32997,5,4
32998,8,2
32999,3,6
33000,2,3
33001,3,5
33002,2,3
33003,4,0
33004,2,3
33005,0,1
33006,3,6
33007,8,2
33008,8,2
33009,6,3
33010,3,6
33011,5,4
33012,1,1
33013,7,5
33014,5,9
33015,3,6
33016,8,2
33017,9,7
33018,6,8
33019,6,8
33020,4,0
33021,5,9
33022,2,3
33023,4,0
33024,1,1
33025,0,1
33026,6,8
33027,8,2
33028,2,3
33029,2,3
33030,3,6
33031,5,4
33032,3,6
33033,7,5
33034,1,6
33035,7,6
33036,6,8
33037,9,7
33038,6,8
33039,6,8
33040,3,6
33041,9,9
33042,4,0
33043,4,0
33044,5,5
33045,0,1
33046,7,5
33047,8,2
33048,1,1
33049,2,3
33050,1,7
33051,5,4
33052,5,9
33053,7,5
33054,2,3
33055,7,6
33056,3,6
33057,0,7
33058,4,6
33059,6,8
33060,8,2
33061,9,9
33062,1,7
33063,3,6
33064,5,4
33065,8,2
33066,4,0
33067,9,7
33068,8,2
33069,0,1
33070,5,4
33071,7,5
33072,6,8
33073,3,6
33074,4,8
33075,8,2
33076,3,6
33077,7,5
33078,4,0
33079,4,0
33080,2,3
33081,7,5
33082,9,7
33083,5,4
33084,1,1
33085,8,2
33086,1,1
33087,4,0
33088,8,2
33089,7,8
33090,8,2
33091,0,1
33092,1,1
33093,9,7
33094,8,2
33095,0,1
33096,8,2
33097,6,8
33098,9,9
33099,2,3
33100,3,6
33101,6,8
33102,3,6
33103,9,7
33104,9,7
33105,0,1
33106,5,4
33107,9,7
33108,1,1
33109,9,7
33110,1,1
33111,4,0
33112,4,0
33113,0,1
33114,2,3
33115,5,4
33116,3,6
33117,5,4
33118,4,0
33119,5,4
33120,1,2
33121,7,5
33122,1,1
33123,0,7
33124,1,1
33125,5,4
33126,5,9
33127,5,4
33128,5,7
33129,9,9
33130,2,9
33131,0,7
33132,2,3
33133,8,2
33134,9,7
33135,3,6
33136,4,0
33137,7,5
33138,2,5
33139,2,3
33140,1,1
33141,9,9
33142,4,0
33143,5,4
33144,5,9
33145,2,3
33146,2,3
33147,5,9
33148,4,0
33149,4,0
33150,2,8
33151,6,8
33152,6,8
33153,0,7
33154,3,6
33155,9,9
33156,5,9
33157,4,0
33158,8,2
33159,3,6
33160,8,2
33161,2,3
33162,8,8
33163,4,0
33164,9,7
33165,5,4
33166,1,1
33167,3,6
33168,8,2
33169,2,3
33170,9,7
33171,0,7
33172,4,0
33173,4,0
33174,5,9
33175,0,1
33176,1,1
33177,5,4
33178,3,6
33179,6,8
33180,8,2
33181,6,8
33182,5,9
33183,1,1
33184,8,2
33185,8,2
33186,2,3
33187,5,9
33188,1,1
33189,2,3
33190,1,1
33191,0,1
33192,4,0
33193,6,8
33194,2,3
33195,5,4
33196,9,7
33197,8,2
33198,7,8
33199,5,9
33200,7,5
33201,6,8
33202,6,8
33203,8,2
33204,5,4
33205,6,8
33206,2,5
33207,3,6
33208,2,3
33209,3,6
33210,8,2
33211,9,9
33212,5,9
33213,8,2
33214,4,0
33215,9,9
33216,2,5
33217,3,6
33218,5,4
33219,4,0
33220,7,5
33221,7,5
33222,3,5
33223,2,3
33224,1,1
33225,2,3
33226,2,9
33227,3,6
33228,4,0
33229,2,3
33230,4,0
33231,0,1
33232,9,9
33233,8,2
33234,9,7
33235,7,5
33236,5,9
33237,4,0
33238,4,0
33239,2,3
33240,2,3
33241,9,7
33242,7,6
33243,0,1
33244,4,0
33245,7,5
33246,5,9
33247,7,5
33248,5,4
33249,9,9
33250,8,2
33251,6,8
33252,5,9
33253,4,0
33254,4,0
33255,9,9
33256,5,9
33257,4,0
33258,3,6
33259,0,1
33260,7,5
33261,8,2
33262,5,4
33263,2,3
33264,3,6
33265,5,4
33266,1,1
33267,7,5
33268,1,1
33269,3,6
33270,6,8
33271,9,7
33272,3,6
33273,6,8
33274,8,2
33275,9,9
33276,2,3
33277,4,0
33278,6,8
33279,0,1
33280,9,7
33281,8,2
33282,5,4
33283,2,3
33284,9,7
33285,5,4
33286,5,9
33287,9,7
33288,7,5
33289,6,8
33290,9,2
33291,9,9
33292,4,0
33293,4,0
33294,7,5
33295,0,1
33296,8,2
33297,6,2
33298,1,1
33299,2,3
33300,9,9
33301,5,4
33302,4,0
33303,7,5
33304,9,7
33305,3,6
33306,0,4
33307,9,7
33308,5,9
33309,6,8
33310,1,1
33311,9,9
33312,5,4
33313,5,9
33314,3,6
33315,9,7
33316,2,3
33317,5,4
33318,3,6
33319,0,1
33320,5,4
33321,7,5
33322,5,4
33323,6,8
33324,7,5
33325,6,8
33326,1,1
33327,4,0
33328,3,6
33329,9,9
33330,4,0
33331,2,3
33332,1,1
33333,8,2
33334,8,2
33335,0,7
33336,5,9
33337,6,8
33338,2,8
33339,0,1
33340,4,5
33341,3,6
33342,8,2
33343,0,1
33344,2,3
33345,4,0
33346,5,4
33347,0,4
33348,9,7
33349,7,5
33350,4,0
33351,2,3
33352,2,5
33353,5,9
33354,0,1
33355,5,4
33356,9,7
33357,2,3
33358,5,9
33359,5,4
33360,5,9
33361,8,2
33362,9,7
33363,4,0
33364,1,2
33365,7,5
33366,5,9
33367,4,0
33368,1,1
33369,0,1
33370,1,1
33371,2,3
33372,5,9
33373,8,2
33374,1,1
33375,5,9
33376,2,5
33377,0,1
33378,4,0
33379,3,6
33380,9,9
33381,4,0
33382,6,8
33383,0,1
33384,9,7
33385,0,1
33386,6,8
33387,6,8
33388,4,8
33389,4,0
33390,4,0
33391,0,4
33392,4,0
33393,9,7
33394,1,1
33395,9,7
33396,1,1
33397,3,6
33398,1,1
33399,2,3
33400,2,3
33401,3,6
33402,5,9
33403,4,0
33404,2,5
33405,9,7
33406,1,7
33407,2,3
33408,9,7
33409,7,5
33410,3,6
33411,5,4
33412,6,3
33413,8,2
33414,8,2
33415,5,4
33416,1,1
33417,0,1
33418,1,1
33419,6,8
33420,7,5
33421,2,3
33422,1,9
33423,9,7
33424,6,8
33425,0,1
33426,5,4
33427,4,0
33428,1,1
33429,3,6
33430,9,7
33431,9,7
33432,2,3
33433,0,1
33434,3,6
33435,8,2
33436,3,6
33437,7,5
33438,1,2
33439,6,8
33440,1,1
33441,0,1
33442,4,0
33443,1,9
33444,2,3
33445,2,3
33446,1,1
33447,6,8
33448,7,5
33449,8,2
33450,3,6
33451,6,8
33452,6,8
33453,6,8
33454,1,6
33455,9,7
33456,1,1
33457,0,1
33458,1,1
33459,9,7
33460,6,8
33461,9,9
33462,1,1
33463,8,2
33464,3,0
33465,4,0
33466,9,7
33467,1,1
33468,2,3
33469,2,2
33470,9,7
33471,2,3
33472,5,9
33473,5,4
33474,3,6
33475,7,5
33476,6,8
33477,3,6
33478,5,4
33479,9,7
33480,1,1
33481,6,8
33482,4,0
33483,5,9
33484,3,6
33485,4,0
33486,3,6
33487,1,1
33488,8,2
33489,8,2
33490,6,8
33491,2,3
33492,4,0
33493,5,4
33494,7,5
33495,7,5
33496,4,0
33497,3,6
33498,1,1
33499,9,7
33500,2,3
33501,4,0
33502,7,5
33503,1,1
33504,9,7
33505,2,2
33506,1,4
33507,2,3
33508,1,1
33509,5,4
33510,2,3
33511,7,5
33512,4,0
33513,3,6
33514,6,8
33515,9,7
33516,1,1
33517,6,8
33518,3,6
33519,6,8
33520,3,6
33521,9,7
33522,4,0
33523,5,4
33524,9,7
33525,9,7
33526,8,2
33527,9,7
33528,2,5
33529,2,3
33530,9,7
33531,9,9
33532,2,3
33533,2,8
33534,4,0
33535,1,1
33536,4,0
33537,7,5
33538,4,0
33539,6,8
33540,8,2
33541,4,2
33542,3,6
33543,9,7
33544,5,9
33545,5,4
33546,6,8
33547,8,2
33548,3,6
33549,3,6
33550,3,6
33551,5,4
33552,5,4
33553,7,5
33554,5,4
33555,7,5
33556,1,1
33557,6,8
33558,1,1
33559,3,6
33560,3,6
33561,5,4
33562,7,5
33563,5,4
33564,3,6
33565,5,4
33566,2,3
33567,1,1
33568,2,3
33569,6,8
33570,6,8
33571,9,7
33572,3,6
33573,7,5
33574,5,4
33575,7,5
33576,5,9
33577,1,1
33578,4,0
33579,6,8
33580,0,1
33581,9,9
33582,9,7
33583,2,3
33584,3,6
33585,3,6
33586,1,1
33587,2,3
33588,3,6
33589,2,3
33590,2,3
33591,8,2
33592,5,9
33593,4,2
33594,2,3
33595,3,6
33596,1,1
33597,9,9
33598,4,5
33599,9,9
33600,1,1
33601,3,6
33602,2,5
33603,7,5
33604,3,6
33605,7,5
33606,5,9
33607,2,3
33608,4,0
33609,2,3
33610,5,9
33611,7,8
33612,5,7
33613,0,1
33614,5,4
33615,3,6
33616,9,7
33617,7,5
33618,9,7
33619,3,6
33620,8,2
33621,6,8
33622,7,5
33623,1,1
33624,2,3
33625,5,9
33626,3,4
33627,9,7
33628,1,1
33629,3,6
33630,5,4
33631,2,8
33632,7,5
33633,2,3
33634,1,1
33635,9,7
33636,6,8
33637,5,4
33638,5,4
33639,9,7
33640,4,0
33641,4,0
33642,5,9
33643,5,9
33644,8,2
33645,4,0
33646,1,1
33647,4,0
33648,1,1
33649,2,3
33650,5,4
33651,9,7
33652,1,1
33653,9,9
33654,1,1
33655,2,3
33656,5,7
33657,4,0
33658,1,1
33659,8,2
33660,9,7
33661,4,0
33662,8,2
33663,1,1
33664,6,8
33665,4,0
33666,8,2
33667,1,1
33668,6,8
33669,4,0
33670,4,0
33671,5,4
33672,8,2
33673,4,0
33674,2,5
33675,1,1
33676,9,7
33677,4,0
33678,9,8
33679,5,4
33680,8,2
33681,9,7
33682,5,9
33683,5,9
33684,1,1
33685,4,2
33686,8,2
33687,4,0
33688,8,2
33689,3,6
33690,7,5
33691,8,2
33692,3,6
33693,3,6
33694,2,3
33695,8,2
33696,5,9
33697,4,2
33698,0,2
33699,5,9
33700,7,5
33701,5,9
33702,5,4
33703,4,0
33704,3,6
33705,1,1
33706,1,1
33707,8,2
33708,5,4
33709,2,3
33710,9,7
33711,5,4
33712,5,9
33713,7,5
33714,5,4
33715,3,6
33716,8,2
33717,9,7
33718,5,4
33719,6,8
33720,5,4
33721,5,9
33722,2,3
33723,4,0
33724,3,6
33725,1,1
33726,5,4
33727,8,2
33728,3,6
33729,2,3
33730,3,6
33731,5,4
33732,4,0
33733,7,5
33734,7,5
33735,3,6
33736,9,7
33737,9,7
33738,2,9
33739,4,0
33740,5,4
33741,0,1
33742,3,6
33743,8,2
33744,5,9
33745,2,3
33746,9,9
33747,5,4
33748,7,5
33749,7,5
33750,0,1
33751,3,6
33752,5,1
33753,9,7
33754,2,3
33755,6,8
33756,5,9
33757,5,9
33758,2,3
33759,9,7
33760,2,3
33761,5,4
33762,5,9
33763,2,3
33764,9,9
33765,6,8
33766,6,8
33767,7,5
33768,9,9
33769,1,1
33770,6,8
33771,6,8
33772,2,3
33773,7,5
33774,1,1
33775,8,2
33776,4,0
33777,6,8
33778,6,8
33779,3,6
33780,0,8
33781,1,1
33782,3,6
33783,5,9
33784,5,9
33785,8,2
33786,2,3
33787,5,4
33788,9,7
33789,3,0
33790,3,6
33791,5,9
33792,5,4
33793,5,9
33794,3,6
33795,2,3
33796,9,7
33797,9,7
33798,9,7
33799,1,1
33800,0,1
33801,6,8
33802,6,8
33803,5,4
33804,6,2
33805,5,4
33806,9,9
33807,8,2
33808,2,5
33809,9,7
33810,6,8
33811,7,5
33812,3,6
33813,6,8
33814,3,6
33815,7,5
33816,5,4
33817,2,3
33818,2,3
33819,8,2
33820,1,8
33821,8,2
33822,9,9
33823,4,0
33824,5,4
33825,7,5
33826,1,1
33827,6,8
33828,2,3
33829,3,6
33830,9,7
33831,4,0
33832,8,2
33833,5,4
33834,9,7
33835,4,0
33836,9,7
33837,2,3
33838,5,7
33839,6,8
33840,2,3
33841,1,1
33842,0,1
33843,4,0
33844,4,0
33845,2,3
33846,5,4
33847,4,0
33848,4,0
33849,5,4
33850,1,1
33851,9,7
33852,5,4
33853,5,4
33854,2,3
33855,5,9
33856,1,1
33857,8,2
33858,7,5
33859,5,9
33860,5,9
33861,1,1
33862,5,9
33863,8,2
33864,4,0
33865,0,1
33866,7,5
33867,9,7
33868,1,1
33869,0,1
33870,9,7
33871,3,6
33872,5,4
33873,9,7
33874,4,0
33875,2,3
33876,2,5
33877,2,3
33878,8,2
33879,3,6
33880,2,3
33881,8,2
33882,5,4
33883,6,8
33884,5,4
33885,9,7
33886,3,6
33887,3,6
33888,5,4
33889,5,4
33890,6,8
33891,5,9
33892,7,5
33893,6,8
33894,5,4
33895,6,8
33896,2,3
33897,8,2
33898,6,8
33899,5,9
33900,5,4
33901,3,6
33902,1,1
33903,7,5
33904,4,0
33905,7,5
33906,8,2
33907,5,9
33908,2,3
33909,7,5
33910,3,6
33911,2,3
33912,9,7
33913,9,7
33914,4,0
33915,5,4
33916,3,6
33917,2,3
33918,1,1
33919,3,6
33920,9,7
33921,4,0
33922,5,4
33923,4,0
33924,1,1
33925,5,4
33926,5,4
33927,3,6
33928,7,5
33929,3,6
33930,8,2
33931,5,9
33932,5,4
33933,4,0
33934,3,6
33935,0,1
33936,1,1
33937,1,1
33938,8,2
33939,2,3
33940,4,0
33941,8,2
33942,1,1
33943,0,1
33944,5,9
33945,4,0
33946,6,8
33947,4,0
33948,5,9
33949,0,1
33950,9,7
33951,8,2
33952,5,4
33953,2,3
33954,7,5
33955,5,4
33956,5,8
33957,9,7
33958,5,4
33959,6,8
33960,3,6
33961,9,9
33962,2,3
33963,4,0
33964,9,7
33965,0,1
33966,2,3
33967,8,2
33968,7,5
33969,2,3
33970,2,3
33971,5,4
33972,7,5
33973,7,5
33974,7,9
33975,3,6
33976,5,9
33977,9,7
33978,4,0
33979,6,8
33980,3,6
33981,5,9
33982,8,2
33983,4,0
33984,3,6
33985,0,1
33986,2,3
33987,8,2
33988,9,7
33989,2,3
33990,5,9
33991,5,4
33992,1,1
33993,2,5
33994,5,4
33995,0,7
33996,9,7
33997,0,8
33998,1,1
33999,9,9
34000,5,4
34001,6,8
34002,7,5
34003,3,6
34004,0,1
34005,7,5
34006,2,3
34007,4,0
34008,1,1
34009,3,6
34010,2,1
34011,6,8
34012,3,6
34013,9,9
34014,4,0
34015,5,4
34016,4,0
34017,0,1
34018,2,3
34019,5,9
34020,6,8
34021,7,5
34022,5,4
34023,2,3
34024,3,6
34025,4,0
34026,2,3
34027,0,4
34028,5,4
34029,6,8
34030,6,8
34031,5,9
34032,9,7
34033,0,1
34034,2,8
34035,5,4
34036,4,0
34037,4,0
34038,1,1
34039,7,5
34040,2,8
34041,7,5
34042,6,8
34043,5,4
34044,5,9
34045,4,0
34046,3,6
34047,9,7
34048,1,3
34049,3,6
34050,2,5
34051,4,0
34052,5,9
34053,0,1
34054,4,0
34055,9,7
34056,8,2
34057,4,0
34058,1,3
34059,3,6
34060,3,6
34061,6,8
34062,0,2
34063,9,9
34064,4,0
34065,7,5
34066,5,9
34067,0,4
34068,2,8
34069,9,7
34070,4,0
34071,3,6
34072,5,9
34073,4,0
34074,1,1
34075,6,8
34076,2,3
34077,0,1
34078,6,2
34079,9,7
34080,1,1
34081,9,7
34082,2,5
34083,0,1
34084,4,0
34085,2,3
34086,4,0
34087,8,2
34088,9,7
34089,7,3
34090,0,9
34091,0,1
34092,2,3
34093,0,4
34094,9,7
34095,8,2
34096,1,1
34097,4,0
34098,6,8
34099,4,0
34100,3,6
34101,0,4
34102,5,4
34103,9,9
34104,5,9
34105,2,3
34106,3,6
34107,0,8
34108,6,8
34109,5,4
34110,9,7
34111,9,7
34112,2,5
34113,8,2
34114,7,5
34115,2,5
34116,8,2
34117,3,6
34118,9,7
34119,2,3
34120,2,3
34121,3,6
34122,4,5
34123,9,9
34124,3,6
34125,3,6
34126,9,9
34127,2,3
34128,7,5
34129,8,2
34130,5,4
34131,8,2
34132,9,7
34133,5,4
34134,8,2
34135,3,6
34136,8,2
34137,7,5
34138,5,4
34139,7,5
34140,2,3
34141,0,1
34142,9,7
34143,2,3
34144,5,4
34145,2,3
34146,5,4
34147,5,9
34148,7,5
34149,9,7
34150,1,8
34151,6,8
34152,4,0
34153,9,7
34154,6,8
34155,8,2
34156,1,1
34157,8,2
34158,1,1
34159,7,5
34160,9,7
34161,0,7
34162,1,1
34163,9,9
34164,1,1
34165,0,8
34166,0,1
34167,8,2
34168,1,1
34169,0,1
34170,2,3
34171,2,3
34172,4,0
34173,0,1
34174,3,6
34175,2,3
34176,5,9
34177,4,0
34178,9,7
34179,1,1
34180,2,3
34181,8,2
34182,8,2
34183,2,3
34184,5,9
34185,5,4
34186,1,6
34187,7,5
34188,2,3
34189,3,6
34190,2,3
34191,9,7
34192,5,4
34193,6,8
34194,6,8
34195,5,9
34196,5,9
34197,4,0
34198,3,6
34199,1,1
34200,9,7
34201,8,2
34202,8,2
34203,2,3
34204,1,3
34205,5,4
34206,1,1
34207,9,7
34208,2,3
34209,6,8
34210,5,4
34211,5,9
34212,6,8
34213,4,0
34214,8,2
34215,1,1
34216,5,4
34217,8,2
34218,6,2
34219,2,3
34220,3,6
34221,5,4
34222,1,1
34223,9,7
34224,5,9
34225,6,8
34226,8,2
34227,5,9
34228,8,2
34229,5,7
34230,9,7
34231,5,7
34232,9,7
34233,9,7
34234,5,4
34235,2,3
34236,6,8
34237,4,0
34238,4,0
34239,2,3
34240,5,4
34241,1,1
34242,7,5
34243,6,8
34244,4,0
34245,9,7
34246,4,0
34247,3,6
34248,5,9
34249,5,4
34250,8,2
34251,4,0
34252,8,2
34253,8,2
34254,5,9
34255,3,6
34256,8,2
34257,6,8
34258,5,9
34259,2,3
34260,3,6
34261,1,1
34262,4,0
34263,1,1
34264,1,1
34265,9,7
34266,5,4
34267,9,7
34268,2,3
34269,1,1
34270,7,5
34271,3,6
34272,1,1
34273,4,0
34274,7,5
34275,5,4
34276,7,5
34277,3,6
34278,9,7
34279,5,4
34280,5,9
34281,5,4
34282,1,1
34283,4,0
34284,3,6
34285,3,6
34286,6,8
34287,8,2
34288,7,5
34289,2,3
34290,5,4
34291,1,1
34292,5,9
34293,2,3
34294,5,4
34295,3,6
34296,4,0
34297,6,8
34298,9,7
34299,7,5
34300,5,9
34301,5,9
34302,4,0
34303,5,4
34304,2,8
34305,4,0
34306,1,9
34307,9,7
34308,8,2
34309,7,5
34310,8,2
34311,6,8
34312,6,8
34313,6,8
34314,5,7
34315,2,3
34316,2,3
34317,9,7
34318,2,3
34319,6,8
34320,6,8
34321,5,9
34322,4,8
34323,8,2
34324,3,6
34325,7,5
34326,8,2
34327,2,3
34328,0,8
34329,1,1
34330,5,9
34331,9,7
34332,5,9
34333,2,3
34334,1,1
34335,5,9
34336,3,6
34337,1,1
34338,5,9
34339,5,9
34340,7,5
34341,5,9
34342,3,6
34343,3,6
34344,9,7
34345,4,0
34346,5,4
34347,5,9
34348,5,4
34349,5,4
34350,3,6
34351,2,3
34352,5,0
34353,9,7
34354,5,4
34355,4,0
34356,4,0
34357,5,4
34358,4,0
34359,1,1
34360,3,6
34361,5,4
34362,3,5
34363,2,3
34364,2,3
34365,7,5
34366,2,3
34367,5,4
34368,2,3
34369,4,0
34370,7,5
34371,8,2
34372,6,8
34373,1,1
34374,7,6
34375,6,8
34376,6,8
34377,5,9
34378,9,7
34379,5,4
34380,3,6
34381,4,0
34382,6,8
34383,1,1
34384,2,3
34385,8,2
34386,1,7
34387,2,3
34388,1,1
34389,5,4
34390,2,3
34391,7,5
34392,4,0
34393,3,6
34394,4,0
34395,9,7
34396,2,3
34397,6,8
34398,5,9
34399,9,9
34400,7,5
34401,4,0
34402,1,1
34403,1,1
34404,6,9
34405,8,2
34406,4,4
34407,2,3
34408,8,2
34409,5,4
34410,0,7
34411,7,5
34412,1,1
34413,3,6
34414,5,8
34415,9,7
34416,4,0
34417,6,8
34418,0,1
34419,9,9
34420,5,9
34421,4,0
34422,7,8
34423,1,1
34424,5,4
34425,8,2
34426,1,1
34427,2,3
34428,5,4
34429,5,4
34430,5,4
34431,7,5
34432,9,2
34433,3,6
34434,9,7
34435,9,7
34436,6,2
34437,3,8
34438,7,5
34439,5,9
34440,4,0
34441,8,2
34442,9,2
34443,8,2
34444,1,2
34445,5,7
34446,9,7
34447,3,6
34448,2,5
34449,5,4
34450,8,2
34451,4,0
34452,6,8
34453,7,5
34454,9,7
34455,6,8
34456,3,6
34457,4,0
34458,5,9
34459,9,7
34460,2,8
34461,2,3
34462,8,2
34463,7,5
34464,5,4
34465,5,4
34466,3,6
34467,0,1
34468,5,4
34469,2,8
34470,1,1
34471,4,0
34472,9,7
34473,7,5
34474,7,5
34475,8,2
34476,5,9
34477,9,7
34478,2,5
34479,8,2
34480,4,0
34481,2,3
34482,5,9
34483,1,1
34484,8,2
34485,9,7
34486,4,0
34487,9,7
34488,3,6
34489,5,9
34490,3,6
34491,5,9
34492,3,6
34493,1,1
34494,8,2
34495,8,2
34496,5,9
34497,5,4
34498,5,4
34499,3,6
34500,2,8
34501,9,7
34502,4,0
34503,9,7
34504,5,9
34505,7,5
34506,9,7
34507,5,4
34508,4,0
34509,7,5
34510,6,8
34511,4,0
34512,1,1
34513,1,1
34514,4,0
34515,1,1
34516,9,7
34517,5,9
34518,9,7
34519,4,0
34520,3,6
34521,8,2
34522,3,6
34523,4,0
34524,2,8
34525,2,3
34526,2,3
34527,7,5
34528,9,7
34529,3,6
34530,5,4
34531,1,1
34532,8,2
34533,6,8
34534,6,8
34535,3,6
34536,2,3
34537,5,4
34538,4,0
34539,3,6
34540,2,8
34541,4,0
34542,1,1
34543,3,6
34544,9,9
34545,5,4
34546,3,6
34547,2,3
34548,2,3
34549,5,9
34550,5,4
34551,2,3
34552,2,3
34553,4,0
34554,6,8
34555,4,0
34556,9,3
34557,7,5
34558,8,2
34559,8,2
34560,9,7
34561,7,5
34562,4,0
34563,6,8
34564,9,7
34565,2,8
34566,1,1
34567,6,8
34568,9,7
34569,9,9
34570,5,4
34571,5,4
34572,5,4
34573,8,2
34574,2,8
34575,6,8
34576,9,7
34577,2,8
34578,3,6
34579,7,5
34580,4,0
34581,7,5
34582,4,0
34583,5,7
34584,2,5
34585,1,1
34586,4,0
34587,2,3
34588,1,1
34589,3,6
34590,1,1
34591,9,9
34592,5,9
34593,5,4
34594,2,8
34595,0,1
34596,5,4
34597,2,3
34598,5,9
34599,9,7
34600,9,7
34601,3,6
34602,7,5
34603,9,9
34604,8,2
34605,2,3
34606,8,2
34607,2,3
34608,5,9
34609,9,7
34610,2,5
34611,5,4
34612,1,1
34613,1,1
34614,8,2
34615,5,9
34616,5,9
34617,0,1
34618,9,7
34619,4,0
34620,8,2
34621,3,6
34622,2,3
34623,4,0
34624,3,6
34625,0,1
34626,7,5
34627,8,2
34628,3,6
34629,2,3
34630,2,3
34631,5,4
34632,0,1
34633,9,7
34634,4,0
34635,6,8
34636,8,2
34637,9,9
34638,1,1
34639,4,0
34640,1,1
34641,0,1
34642,2,3
34643,8,2
34644,2,3
34645,2,3
34646,2,3
34647,9,7
34648,3,6
34649,6,8
34650,6,2
34651,9,9
34652,3,6
34653,4,0
34654,3,6
34655,0,1
34656,4,0
34657,8,2
34658,3,6
34659,2,3
34660,1,3
34661,9,7
34662,4,0
34663,0,8
34664,8,2
34665,0,9
34666,9,7
34667,0,1
34668,9,9
34669,0,8
34670,9,7
34671,3,6
34672,2,3
34673,9,7
34674,7,5
34675,8,2
34676,9,7
34677,5,7
34678,5,8
34679,0,1
34680,8,2
34681,0,1
34682,5,4
34683,0,4
34684,2,3
34685,4,3
34686,3,6
34687,9,7
34688,5,9
34689,9,7
34690,9,7
34691,6,8
34692,7,5
34693,9,9
34694,5,9
34695,2,3
34696,6,8
34697,3,6
34698,3,6
34699,4,0
34700,3,6
34701,2,3
34702,9,7
34703,3,6
34704,9,7
34705,0,1
34706,4,0
34707,0,8
34708,4,0
34709,5,4
34710,2,3
34711,7,5
34712,2,3
34713,7,3
34714,3,0
34715,9,9
34716,2,3
34717,8,2
34718,8,2
34719,0,8
34720,2,5
34721,2,3
34722,6,8
34723,0,1
34724,8,2
34725,0,1
34726,8,2
34727,7,5
34728,2,3
34729,9,9
34730,4,0
34731,4,0
34732,9,7
34733,5,4
34734,0,8
34735,5,4
34736,2,3
34737,4,0
34738,6,8
34739,0,9
34740,2,3
34741,3,6
34742,5,4
34743,0,9
34744,5,4
34745,8,2
34746,8,2
34747,8,2
34748,3,6
34749,0,1
34750,5,4
34751,9,7
34752,5,4
34753,9,9
34754,1,1
34755,7,5
34756,5,4
34757,0,1
34758,7,8
34759,0,1
34760,7,5
34761,5,9
34762,1,1
34763,6,8
34764,5,9
34765,7,6
34766,6,8
34767,3,6
34768,8,2
34769,9,9
34770,6,8
34771,4,0
34772,9,7
34773,4,0
34774,9,7
34775,4,0
34776,3,6
34777,0,1
34778,1,1
34779,6,8
34780,5,4
34781,5,4
34782,1,1
34783,3,6
34784,5,4
34785,0,8
34786,5,9
34787,0,8
34788,2,3
34789,8,2
34790,5,9
34791,3,6
34792,1,1
34793,2,3
34794,6,8
34795,8,2
34796,1,1
34797,9,9
34798,4,0
34799,8,2
34800,3,5
34801,5,9
34802,2,3
34803,4,0
34804,6,8
34805,2,3
34806,7,5
34807,9,7
34808,5,4
34809,5,4
34810,5,4
34811,7,5
34812,3,6
34813,0,8
34814,6,8
34815,2,3
34816,3,6
34817,7,5
34818,5,9
34819,9,8
34820,6,8
34821,7,5
34822,5,9
34823,5,4
34824,9,9
34825,9,7
34826,1,1
34827,3,6
34828,2,3
34829,4,5
34830,5,4
34831,8,2
34832,2,3
34833,8,2
34834,5,9
34835,9,7
34836,3,5
34837,9,7
34838,5,9
34839,4,0
34840,4,6
34841,7,5
34842,6,8
34843,7,5
34844,5,9
34845,2,3
34846,2,3
34847,4,0
34848,8,2
34849,0,1
34850,8,2
34851,8,2
34852,1,1
34853,2,3
34854,4,0
34855,5,4
34856,8,2
34857,7,5
34858,2,5
34859,3,6
34860,3,4
34861,0,7
34862,2,3
34863,6,8
34864,8,2
34865,9,9
34866,2,3
34867,4,0
34868,7,5
34869,0,1
34870,1,8
34871,8,2
34872,1,8
34873,2,3
34874,1,1
34875,5,4
34876,9,9
34877,7,5
34878,5,9
34879,3,6
34880,9,7
34881,9,7
34882,7,5
34883,0,8
34884,1,1
34885,9,9
34886,5,9
34887,4,0
34888,5,5
34889,0,1
34890,9,7
34891,8,2
34892,5,9
34893,2,3
34894,3,6
34895,5,4
34896,3,6
34897,3,6
34898,2,3
34899,9,7
34900,6,8
34901,0,8
34902,4,2
34903,9,9
34904,4,0
34905,3,6
34906,5,3
34907,8,2
34908,7,5
34909,9,7
34910,6,8
34911,0,1
34912,6,8
34913,7,5
34914,9,7
34915,3,6
34916,9,7
34917,8,2
34918,3,6
34919,4,0
34920,5,9
34921,6,8
34922,1,1
34923,0,1
34924,3,6
34925,9,7
34926,1,1
34927,0,1
34928,8,2
34929,6,8
34930,1,9
34931,2,3
34932,7,5
34933,6,8
34934,1,7
34935,9,7
34936,8,2
34937,1,1
34938,1,1
34939,9,7
34940,5,9
34941,9,7
34942,5,9
34943,4,0
34944,8,2
34945,0,1
34946,6,8
34947,5,4
34948,5,4
34949,5,4
34950,1,1
34951,9,7
34952,2,5
34953,5,4
34954,5,9
34955,5,4
34956,3,6
34957,9,9
34958,4,0
34959,9,7
34960,3,6
34961,8,2
34962,5,9
34963,3,6
34964,8,2
34965,7,5
34966,6,8
34967,2,3
34968,2,8
34969,9,9
34970,9,7
34971,5,4
34972,9,7
34973,2,3
34974,2,8
34975,9,9
34976,8,2
34977,4,0
34978,6,8
34979,6,8
34980,1,1
34981,9,7
34982,9,7
34983,9,9
34984,7,5
34985,4,0
34986,6,8
34987,2,3
34988,5,4
34989,4,0
34990,1,1
34991,5,4
34992,1,1
34993,3,6
34994,5,4
34995,2,3
34996,2,5
34997,9,7
34998,9,7
34999,4,0
35000,1,1
35001,0,1
35002,5,9
35003,5,4
35004,5,9
35005,6,8
35006,1,1
35007,6,8
35008,1,1
35009,0,1
35010,2,3
35011,8,2
35012,4,0
35013,9,9
35014,8,2
35015,2,3
35016,5,9
35017,6,8
35018,6,8
35019,9,9
35020,8,2
35021,6,8
35022,1,3
35023,8,2
35024,1,9
35025,6,8
35026,3,6
35027,3,6
35028,4,0
35029,7,5
35030,2,3
35031,8,2
35032,9,7
35033,3,6
35034,7,6
35035,8,2
35036,6,8
35037,3,6
35038,6,8
35039,4,0
35040,7,5
35041,7,5
35042,6,8
35043,2,3
35044,4,8
35045,2,3
35046,7,5
35047,3,6
35048,1,1
35049,2,3
35050,4,0
35051,8,2
35052,1,1
35053,9,7
35054,5,9
35055,3,6
35056,4,0
35057,7,5
35058,2,3
35059,5,9
35060,4,0
35061,6,8
35062,3,5
35063,4,0
35064,4,0
35065,9,9
35066,2,3
35067,4,0
35068,1,9
35069,0,1
35070,5,9
35071,8,2
35072,6,8
35073,2,3
35074,4,0
35075,5,4
35076,8,2
35077,7,5
35078,5,4
35079,3,6
35080,9,9
35081,9,7
35082,7,5
35083,6,8
35084,5,9
35085,9,9
35086,2,3
35087,4,0
35088,2,8
35089,0,1
35090,8,2
35091,8,2
35092,8,2
35093,2,3
35094,1,1
35095,5,4
35096,6,8
35097,7,5
35098,5,4
35099,3,6
35100,7,5
35101,9,7
35102,9,7
35103,6,8
35104,8,2
35105,9,9
35106,8,2
35107,4,0
35108,1,1
35109,0,1
35110,8,2
35111,8,2
35112,8,2
35113,2,3
35114,7,5
35115,0,4
35116,1,1
35117,7,5
35118,5,9
35119,3,6
35120,6,8
35121,9,7
35122,2,3
35123,6,8
35124,1,2
35125,0,9
35126,5,4
35127,5,9
35128,4,2
35129,6,8
35130,9,7
35131,3,6
35132,2,3
35133,7,5
35134,8,2
35135,5,9
35136,5,4
35137,8,2
35138,9,2
35139,2,3
35140,3,6
35141,0,4
35142,5,4
35143,2,3
35144,5,4
35145,2,8
35146,3,6
35147,7,5
35148,4,0
35149,0,1
35150,9,7
35151,7,5
35152,5,4
35153,8,2
35154,3,6
35155,2,3
35156,2,3
35157,4,0
35158,3,6
35159,0,1
35160,1,9
35161,8,2
35162,2,3
35163,0,1
35164,7,5
35165,2,3
35166,5,4
35167,8,2
35168,0,1
35169,3,6
35170,2,3
35171,7,5
35172,3,5
35173,2,3
35174,9,9
35175,4,0
35176,9,7
35177,9,7
35178,5,4
35179,5,4
35180,2,3
35181,3,6
35182,5,9
35183,5,4
35184,3,6
35185,4,0
35186,5,4
35187,7,5
35188,5,9
35189,9,9
35190,2,3
35191,9,9
35192,4,0
35193,6,8
35194,9,9
35195,2,3
35196,1,7
35197,0,1
35198,4,2
35199,9,7
35200,3,6
35201,5,4
35202,8,2
35203,9,7
35204,3,6
35205,1,6
35206,7,6
35207,7,5
35208,2,3
35209,4,0
35210,3,6
35211,3,6
35212,1,1
35213,3,6
35214,2,5
35215,8,2
35216,8,2
35217,4,0
35218,5,9
35219,3,6
35220,8,2
35221,2,3
35222,3,6
35223,9,7
35224,7,5
35225,9,7
35226,1,3
35227,5,4
35228,7,5
35229,5,4
35230,6,8
35231,2,3
35232,5,8
35233,9,9
35234,3,4
35235,8,2
35236,1,1
35237,6,8
35238,3,6
35239,9,9
35240,8,2
35241,3,6
35242,6,8
35243,4,0
35244,1,1
35245,9,9
35246,6,8
35247,7,5
35248,2,3
35249,2,3
35250,8,2
35251,7,8
35252,1,1
35253,6,8
35254,5,4
35255,9,7
35256,5,4
35257,0,1
35258,5,4
35259,5,4
35260,9,7
35261,4,0
35262,4,0
35263,5,4
35264,6,8
35265,2,8
35266,1,1
35267,2,5
35268,7,5
35269,8,2
35270,1,1
35271,2,3
35272,2,3
35273,9,9
35274,3,5
35275,4,0
35276,0,5
35277,9,7
35278,1,1
35279,8,2
35280,3,6
35281,0,1
35282,4,0
35283,9,9
35284,3,6
35285,0,1
35286,1,1
35287,7,5
35288,8,2
35289,0,1
35290,8,2
35291,9,7
35292,5,9
35293,5,4
35294,4,0
35295,6,8
35296,5,9
35297,3,6
35298,8,2
35299,0,1
35300,6,8
35301,8,2
35302,4,0
35303,0,1
35304,5,4
35305,3,6
35306,9,7
35307,6,8
35308,6,8
35309,6,8
35310,7,5
35311,4,0
35312,5,4
35313,0,1
35314,5,4
35315,8,2
35316,9,7
35317,2,3
35318,3,6
35319,5,4
35320,4,0
35321,9,7
35322,3,6
35323,6,8
35324,5,4
35325,5,9
35326,5,5
35327,4,0
35328,1,1
35329,0,1
35330,5,9
35331,8,2
35332,0,9
35333,2,3
35334,9,7
35335,5,4
35336,2,3
35337,9,7
35338,6,8
35339,6,8
35340,8,2
35341,9,9
35342,3,6
35343,4,0
35344,1,2
35345,0,1
35346,2,3
35347,8,2
35348,4,0
35349,2,3
35350,7,5
35351,9,7
35352,1,1
35353,6,8
35354,2,3
35355,9,9
35356,8,2
35357,0,1
35358,5,9
35359,0,1
35360,1,1
35361,9,7
35362,5,4
35363,0,4
35364,6,8
35365,6,8
35366,2,3
35367,0,1
35368,5,9
35369,7,5
35370,1,1
35371,9,7
35372,9,7
35373,8,2
35374,5,9
35375,6,8
35376,2,3
35377,3,6
35378,8,2
35379,2,3
35380,5,9
35381,2,3
35382,5,7
35383,6,8
35384,5,9
35385,3,6
35386,1,1
35387,9,9
35388,7,5
35389,0,1
35390,7,5
35391,0,7
35392,5,4
35393,8,2
35394,7,5
35395,0,1
35396,0,1
35397,7,5
35398,6,8
35399,0,1
35400,4,0
35401,8,3
35402,5,4
35403,8,2
35404,1,1
35405,8,2
35406,7,5
35407,2,3
35408,4,0
35409,4,0
35410,8,2
35411,3,6
35412,5,4
35413,5,4
35414,1,1
35415,2,3
35416,9,7
35417,9,7
35418,5,4
35419,3,6
35420,7,5
35421,9,9
35422,2,3
35423,4,0
35424,4,6
35425,5,4
35426,3,6
35427,0,1
35428,2,8
35429,0,4
35430,0,1
35431,4,0
35432,4,0
35433,3,6
35434,2,3
35435,0,1
35436,1,1
35437,8,2
35438,6,8
35439,3,6
35440,9,9
35441,9,9
35442,5,4
35443,8,2
35444,5,9
35445,8,2
35446,9,7
35447,2,3
35448,1,1
35449,4,0
35450,5,7
35451,9,7
35452,3,6
35453,8,2
35454,8,2
35455,9,9
35456,8,2
35457,8,2
35458,2,3
35459,2,3
35460,6,8
35461,0,4
35462,7,5
35463,4,0
35464,2,9
35465,4,0
35466,7,5
35467,6,8
35468,3,6
35469,9,7
35470,7,6
35471,6,8
35472,5,4
35473,4,0
35474,5,7
35475,9,9
35476,9,7
35477,6,8
35478,8,2
35479,9,9
35480,1,9
35481,4,0
35482,5,4
35483,8,2
35484,6,8
35485,4,0
35486,2,3
35487,0,1
35488,4,0
35489,8,2
35490,5,4
35491,2,3
35492,8,2
35493,5,4
35494,8,2
35495,7,5
35496,1,1
35497,3,6
35498,2,3
35499,9,7
35500,7,5
35501,6,8
35502,4,0
35503,9,9
35504,2,3
35505,4,0
35506,9,9
35507,0,1
35508,1,1
35509,8,2
35510,8,2
35511,2,3
35512,9,7
35513,5,4
35514,1,1
35515,7,5
35516,4,0
35517,3,6
35518,9,7
35519,9,7
35520,2,3
35521,6,8
35522,2,3
35523,9,9
35524,5,9
35525,4,0
35526,6,8
35527,0,1
35528,2,3
35529,8,2
35530,2,3
35531,2,3
35532,5,9
35533,0,4
35534,5,4
35535,7,5
35536,4,0
35537,7,6
35538,1,1
35539,9,7
35540,3,6
35541,6,8
35542,2,3
35543,9,9
35544,9,7
35545,7,5
35546,5,4
35547,6,8
35548,2,3
35549,9,7
35550,2,3
35551,5,4
35552,1,1
35553,9,7
35554,0,1
35555,9,7
35556,5,9
35557,0,3
35558,1,1
35559,6,8
35560,9,7
35561,6,8
35562,2,3
35563,2,3
35564,3,6
35565,0,1
35566,3,6
35567,7,5
35568,2,3
35569,6,8
35570,7,5
35571,8,2
35572,8,2
35573,9,7
35574,2,3
35575,3,6
35576,6,8
35577,6,8
35578,3,6
35579,3,6
35580,9,7
35581,5,4
35582,2,3
35583,9,4
35584,5,4
35585,5,4
35586,1,1
35587,0,1
35588,3,6
35589,6,8
35590,5,4
35591,6,8
35592,1,1
35593,9,9
35594,9,7
35595,0,1
35596,1,1
35597,8,2
35598,5,9
35599,8,2
35600,0,1
35601,3,6
35602,7,5
35603,9,9
35604,2,8
35605,9,9
35606,8,2
35607,3,6
35608,2,5
35609,7,5
35610,2,3
35611,7,5
35612,4,0
35613,2,3
35614,3,6
35615,2,3
35616,5,6
35617,8,8
35618,7,5
35619,6,8
35620,4,0
35621,0,1
35622,2,3
35623,9,9
35624,1,4
35625,9,7
35626,5,4
35627,3,6
35628,7,5
35629,6,8
35630,9,2
35631,2,3
35632,4,0
35633,9,7
35634,4,0
35635,9,4
35636,9,7
35637,9,7
35638,8,2
35639,4,0
35640,2,3
35641,9,9
35642,1,1
35643,2,3
35644,8,2
35645,9,7
35646,4,0
35647,9,9
35648,9,7
35649,2,3
35650,7,5
35651,4,0
35652,8,2
35653,8,2
35654,1,1
35655,4,0
35656,5,4
35657,0,1
35658,2,3
35659,4,0
35660,4,0
35661,0,1
35662,5,4
35663,4,0
35664,3,6
35665,5,4
35666,5,9
35667,4,0
35668,9,7
35669,0,1
35670,8,2
35671,4,0
35672,5,9
35673,5,4
35674,7,5
35675,9,7
35676,5,9
35677,9,9
35678,6,2
35679,8,2
35680,4,0
35681,4,0
35682,3,6
35683,3,6
35684,3,6
35685,8,2
35686,1,4
35687,3,6
35688,2,3
35689,8,2
35690,9,2
35691,8,2
35692,2,3
35693,9,9
35694,2,9
35695,9,9
35696,5,7
35697,4,0
35698,1,1
35699,1,1
35700,4,0
35701,8,2
35702,3,5
35703,2,3
35704,6,8
35705,5,4
35706,6,8
35707,7,5
35708,4,0
35709,3,6
35710,0,1
35711,9,7
35712,4,0
35713,6,8
35714,3,6
35715,5,9
35716,5,4
35717,4,0
35718,3,6
35719,1,1
35720,4,0
35721,8,2
35722,1,1
35723,2,3
35724,5,9
35725,5,4
35726,1,6
35727,2,5
35728,1,7
35729,3,6
35730,6,8
35731,5,7
35732,5,9
35733,6,8
35734,3,6
35735,5,9
35736,3,6
35737,1,1
35738,7,5
35739,4,0
35740,4,0
35741,5,9
35742,4,0
35743,7,5
35744,2,3
35745,9,7
35746,4,0
35747,7,5
35748,5,4
35749,1,1
35750,4,6
35751,2,8
35752,5,4
35753,3,6
35754,9,7
35755,5,9
35756,1,1
35757,4,0
35758,8,2
35759,5,4
35760,9,9
35761,1,1
35762,6,8
35763,5,9
35764,2,8
35765,2,3
35766,2,5
35767,6,8
35768,3,6
35769,5,4
35770,8,2
35771,5,4
35772,6,8
35773,5,7
35774,1,1
35775,4,0
35776,6,8
35777,1,1
35778,4,0
35779,8,2
35780,5,4
35781,9,7
35782,4,0
35783,6,8
35784,7,5
35785,8,2
35786,5,9
35787,7,5
35788,6,8
35789,5,9
35790,9,7
35791,3,6
35792,1,1
35793,4,0
35794,9,3
35795,3,6
35796,2,3
35797,7,5
35798,1,1
35799,7,5
35800,4,0
35801,2,3
35802,8,2
35803,2,3
35804,5,9
35805,2,3
35806,2,3
35807,5,9
35808,3,6
35809,2,8
35810,3,6
35811,0,1
35812,5,9
35813,5,4
35814,2,3
35815,4,0
35816,4,0
35817,3,6
35818,5,4
35819,1,1
35820,1,1
35821,4,0
35822,5,4
35823,4,0
35824,5,9
35825,3,6
35826,1,1
35827,8,2
35828,3,6
35829,1,1
35830,5,4
35831,1,1
35832,8,2
35833,2,3
35834,9,7
35835,8,2
35836,5,9
35837,9,7
35838,7,5
35839,5,7
35840,5,4
35841,2,8
35842,9,7
35843,5,8
35844,3,6
35845,5,7
35846,7,6
35847,5,8
35848,6,8
35849,5,4
35850,8,2
35851,4,6
35852,5,4
35853,4,0
35854,5,9
35855,5,7
35856,1,1
35857,4,0
35858,2,5
35859,2,3
35860,9,7
35861,4,6
35862,1,1
35863,9,7
35864,2,5
35865,1,1
35866,5,4
35867,7,5
35868,3,6
35869,2,3
35870,2,3
35871,9,7
35872,8,2
35873,8,2
35874,2,3
35875,5,4
35876,2,3
35877,5,9
35878,5,9
35879,5,4
35880,1,1
35881,2,3
35882,1,2
35883,3,6
35884,5,4
35885,8,2
35886,3,6
35887,8,2
35888,3,6
35889,2,5
35890,2,3
35891,2,3
35892,5,9
35893,9,9
35894,5,9
35895,5,4
35896,4,0
35897,1,1
35898,2,3
35899,9,7
35900,1,1
35901,8,2
35902,8,2
35903,2,5
35904,5,4
35905,4,0
35906,7,5
35907,0,1
35908,1,1
35909,8,2
35910,3,6
35911,2,3
35912,1,1
35913,5,4
35914,1,3
35915,7,5
35916,7,8
35917,1,6
35918,3,6
35919,9,7
35920,9,7
35921,6,8
35922,2,3
35923,4,0
35924,2,8
35925,1,1
35926,5,4
35927,8,2
35928,6,8
35929,2,3
35930,8,2
35931,5,4
35932,6,8
35933,7,5
35934,4,0
35935,3,6
35936,4,0
35937,9,7
35938,9,7
35939,6,8
35940,3,8
35941,9,9
35942,1,1
35943,4,0
35944,2,3
35945,0,1
35946,5,4
35947,8,2
35948,3,6
35949,2,3
35950,6,8
35951,5,4
35952,5,4
35953,7,5
35954,2,3
35955,7,6
35956,5,9
35957,9,7
35958,2,8
35959,4,0
35960,9,7
35961,9,7
35962,4,6
35963,4,0
35964,5,4
35965,9,7
35966,5,4
35967,6,8
35968,3,6
35969,2,3
35970,1,2
35971,7,0
35972,4,0
35973,4,0
35974,6,2
35975,7,5
35976,2,5
35977,7,5
35978,9,7
35979,2,3
35980,9,7
35981,6,8
35982,4,0
35983,6,8
35984,2,3
35985,0,1
35986,2,3
35987,6,8
35988,3,6
35989,5,4
35990,1,1
35991,9,9
35992,8,2
35993,7,6
35994,4,0
35995,0,1
35996,5,9
35997,6,8
35998,9,7
35999,4,0
36000,9,9
36001,8,2
36002,3,6
36003,9,7
36004,5,9
36005,2,3
36006,8,2
36007,9,9
36008,2,8
36009,8,2
36010,6,8
36011,7,5
36012,1,7
36013,9,9
36014,3,6
36015,7,5
36016,8,2
36017,9,4
36018,2,3
36019,4,0
36020,6,8
36021,2,3
36022,4,0
36023,2,3
36024,9,9
36025,3,4
36026,7,5
36027,9,7
36028,7,5
36029,5,9
36030,1,1
36031,4,0
36032,2,3
36033,0,1
36034,6,8
36035,9,9
36036,3,6
36037,0,1
36038,3,6
36039,8,2
36040,4,0
36041,9,7
36042,1,1
36043,5,9
36044,5,9
36045,0,1
36046,1,3
36047,7,0
36048,2,3
36049,7,6
36050,5,9
36051,8,2
36052,5,7
36053,5,4
36054,6,8
36055,0,0
36056,8,2
36057,2,3
36058,5,9
36059,7,5
36060,7,5
36061,3,6
36062,5,9
36063,3,6
36064,8,2
36065,7,5
36066,6,8
36067,7,6
36068,3,6
36069,9,7
36070,3,6
36071,0,1
36072,4,2
36073,5,4
36074,5,9
36075,3,4
36076,2,3
36077,8,2
36078,4,3
36079,7,6
36080,5,9
36081,8,2
36082,2,3
36083,9,9
36084,4,0
36085,0,1
36086,7,5
36087,7,5
36088,9,7
36089,7,5
36090,4,0
36091,7,5
36092,5,4
36093,2,3
36094,1,1
36095,1,1
36096,6,8
36097,5,4
36098,1,1
36099,6,8
36100,8,2
36101,3,6
36102,5,9
36103,2,3
36104,9,9
36105,9,7
36106,1,1
36107,4,0
36108,1,1
36109,5,9
36110,1,1
36111,7,5
36112,8,2
36113,3,6
36114,6,8
36115,9,7
36116,4,0
36117,0,1
36118,1,5
36119,2,3
36120,8,2
36121,6,8
36122,5,9
36123,8,2
36124,1,1
36125,7,6
36126,5,5
36127,8,2
36128,2,3
36129,7,6
36130,2,3
36131,5,4
36132,2,3
36133,8,2
36134,9,7
36135,9,7
36136,9,7
36137,6,8
36138,4,0
36139,9,7
36140,9,7
36141,1,1
36142,8,2
36143,4,0
36144,3,6
36145,1,1
36146,4,0
36147,8,2
36148,5,9
36149,2,3
36150,9,7
36151,5,4
36152,9,7
36153,7,5
36154,2,3
36155,3,6
36156,9,7
36157,5,7
36158,1,7
36159,6,8
36160,5,4
36161,5,9
36162,9,9
36163,4,0
36164,1,1
36165,1,1
36166,3,2
36167,8,2
36168,4,0
36169,2,3
36170,8,2
36171,5,4
36172,5,9
36173,7,5
36174,3,4
36175,3,6
36176,3,6
36177,9,7
36178,9,7
36179,6,8
36180,2,3
36181,5,9
36182,6,8
36183,4,0
36184,3,6
36185,1,1
36186,5,9
36187,8,2
36188,9,7
36189,2,3
36190,5,4
36191,5,4
36192,2,8
36193,7,5
36194,5,9
36195,3,6
36196,5,9
36197,9,7
36198,4,0
36199,6,8
36200,5,4
36201,5,9
36202,5,4
36203,5,9
36204,5,4
36205,9,7
36206,2,3
36207,7,5
36208,5,4
36209,8,2
36210,2,8
36211,5,9
36212,1,4
36213,4,0
36214,7,5
36215,1,1
36216,2,3
36217,7,5
36218,5,4
36219,6,8
36220,3,6
36221,6,8
36222,5,4
36223,4,0
36224,6,8
36225,5,9
36226,5,4
36227,2,3
36228,5,4
36229,8,2
36230,5,7
36231,9,7
36232,3,6
36233,6,8
36234,9,7
36235,5,4
36236,7,5
36237,3,6
36238,5,7
36239,0,1
36240,1,1
36241,4,0
36242,2,3
36243,5,4
36244,7,5
36245,7,5
36246,5,4
36247,2,3
36248,2,3
36249,5,9
36250,6,8
36251,4,0
36252,7,5
36253,7,5
36254,3,6
36255,4,0
36256,4,5
36257,1,1
36258,9,7
36259,3,6
36260,4,0
36261,9,9
36262,2,3
36263,2,3
36264,1,1
36265,1,1
36266,8,2
36267,3,6
36268,3,5
36269,4,0
36270,7,8
36271,1,1
36272,4,0
36273,1,1
36274,3,6
36275,6,8
36276,1,1
36277,4,0
36278,3,6
36279,5,4
36280,5,4
36281,5,7
36282,1,9
36283,9,7
36284,9,7
36285,3,6
36286,5,4
36287,2,3
36288,1,1
36289,7,5
36290,4,0
36291,3,6
36292,8,2
36293,3,6
36294,3,6
36295,2,3
36296,5,4
36297,1,1
36298,2,3
36299,6,8
36300,6,8
36301,2,3
36302,9,7
36303,7,5
36304,4,0
36305,3,6
36306,5,9
36307,9,7
36308,3,6
36309,7,5
36310,3,6
36311,8,2
36312,4,0
36313,9,7
36314,5,4
36315,1,1
36316,9,7
36317,1,1
36318,4,0
36319,5,9
36320,8,8
36321,8,2
36322,5,4
36323,6,8
36324,1,3
36325,6,8
36326,8,2
36327,2,3
36328,9,9
36329,2,3
36330,7,5
36331,4,0
36332,2,5
36333,1,1
36334,9,7
36335,8,2
36336,5,4
36337,8,3
36338,2,3
36339,5,4
36340,9,7
36341,7,5
36342,5,4
36343,3,6
36344,3,6
36345,9,7
36346,5,4
36347,6,8
36348,9,9
36349,9,9
36350,5,4
36351,4,0
36352,9,7
36353,1,1
36354,7,5
36355,8,2
36356,1,1
36357,6,3
36358,3,6
36359,5,4
36360,5,9
36361,7,5
36362,4,0
36363,7,6
36364,5,4
36365,9,7
36366,7,5
36367,6,8
36368,0,1
36369,9,9
36370,1,9
36371,4,0
36372,3,6
36373,0,1
36374,2,2
36375,8,2
36376,4,0
36377,2,3
36378,9,9
36379,5,4
36380,1,1
36381,7,5
36382,1,1
36383,7,6
36384,5,4
36385,9,7
36386,0,8
36387,6,8
36388,1,1
36389,5,9
36390,3,6
36391,4,0
36392,0,9
36393,4,0
36394,5,4
36395,9,7
36396,8,2
36397,8,2
36398,5,7
36399,5,4
36400,5,4
36401,8,2
36402,5,9
36403,3,6
36404,9,7
36405,7,5
36406,2,3
36407,7,5
36408,0,1
36409,8,3
36410,1,1
36411,9,7
36412,4,0
36413,6,8
36414,4,0
36415,7,6
36416,3,6
36417,7,6
36418,5,9
36419,5,4
36420,5,9
36421,6,3
36422,1,1
36423,8,2
36424,7,5
36425,3,6
36426,1,1
36427,2,3
36428,5,4
36429,6,8
36430,9,7
36431,4,0
36432,2,3
36433,0,1
36434,1,4
36435,5,4
36436,0,7
36437,7,5
36438,5,9
36439,7,6
36440,4,0
36441,5,4
36442,1,1
36443,9,7
36444,3,6
36445,6,8
36446,4,6
36447,4,0
36448,1,1
36449,2,3
36450,4,2
36451,0,1
36452,7,5
36453,7,5
36454,7,5
36455,5,4
36456,5,9
36457,0,1
36458,2,3
36459,9,9
36460,8,2
36461,0,1
36462,8,2
36463,8,2
36464,5,9
36465,9,7
36466,5,4
36467,4,0
36468,4,0
36469,0,1
36470,2,5
36471,6,3
36472,9,7
36473,0,8
36474,5,9
36475,8,2
36476,4,0
36477,9,9
36478,6,8
36479,9,7
36480,7,5
36481,9,9
36482,2,5
36483,5,4
36484,4,0
36485,8,2
36486,9,9
36487,7,5
36488,1,3
36489,6,8
36490,1,1
36491,7,6
36492,6,8
36493,7,5
36494,5,4
36495,7,5
36496,3,6
36497,9,9
36498,0,7
36499,9,9
36500,9,9
36501,0,1
36502,5,4
36503,6,8
36504,3,6
36505,8,2
36506,4,0
36507,9,9
36508,2,5
36509,0,1
36510,5,9
36511,2,3
36512,9,7
36513,5,4
36514,2,5
36515,2,3
36516,7,5
36517,1,1
36518,5,4
36519,4,0
36520,1,1
36521,9,9
36522,8,2
36523,3,6
36524,4,0
36525,6,3
36526,5,9
36527,7,6
36528,2,5
36529,6,8
36530,9,7
36531,9,7
36532,1,1
36533,4,0
36534,9,7
36535,0,1
36536,1,1
36537,4,0
36538,5,9
36539,7,5
36540,5,4
36541,6,8
36542,2,3
36543,8,2
36544,2,5
36545,9,7
36546,9,7
36547,9,7
36548,5,4
36549,4,0
36550,5,9
36551,0,1
36552,5,4
36553,8,2
36554,9,7
36555,2,3
36556,7,5
36557,5,4
36558,1,1
36559,7,5
36560,4,0
36561,3,6
36562,4,0
36563,9,7
36564,4,0
36565,6,8
36566,2,3
36567,5,9
36568,8,2
36569,4,0
36570,3,6
36571,0,1
36572,2,3
36573,8,2
36574,3,6
36575,2,3
36576,2,8
36577,5,4
36578,3,6
36579,7,5
36580,9,7
36581,3,6
36582,6,8
36583,9,7
36584,5,4
36585,6,8
36586,4,0
36587,9,9
36588,7,5
36589,4,0
36590,3,6
36591,0,1
36592,2,3
36593,8,2
36594,1,1
36595,2,3
36596,5,4
36597,5,4
36598,2,8
36599,2,5
36600,8,2
36601,3,6
36602,7,5
36603,9,7
36604,2,3
36605,6,8
36606,5,9
36607,9,9
36608,1,1
36609,2,5
36610,6,8
36611,9,7
36612,9,7
36613,9,7
36614,8,2
36615,9,7
36616,3,6
36617,4,0
36618,1,1
36619,5,4
36620,4,0
36621,4,0
36622,6,8
36623,2,3
36624,8,2
36625,0,1
36626,1,1
36627,6,8
36628,4,0
36629,9,9
36630,5,4
36631,8,2
36632,5,4
36633,0,1
36634,5,4
36635,6,8
36636,3,6
36637,3,6
36638,7,5
36639,7,5
36640,5,4
36641,5,4
36642,7,5
36643,9,7
36644,2,3
36645,2,3
36646,4,0
36647,5,4
36648,6,8
36649,1,1
36650,9,7
36651,6,8
36652,2,8
36653,3,6
36654,9,7
36655,5,9
36656,6,8
36657,0,1
36658,7,5
36659,5,4
36660,3,6
36661,7,5
36662,8,2
36663,7,5
36664,5,4
36665,3,6
36666,9,9
36667,4,0
36668,5,4
36669,0,1
36670,5,9
36671,2,3
36672,6,8
36673,3,6
36674,5,4
36675,5,4
36676,5,4
36677,6,8
36678,5,9
36679,5,9
36680,8,2
36681,6,8
36682,1,1
36683,7,5
36684,2,3
36685,8,2
36686,3,6
36687,1,1
36688,9,7
36689,4,0
36690,7,5
36691,9,7
36692,4,0
36693,8,2
36694,8,2
36695,7,5
36696,6,8
36697,7,5
36698,3,6
36699,3,6
36700,9,7
36701,3,6
36702,3,6
36703,3,6
36704,8,2
36705,2,3
36706,5,4
36707,2,3
36708,6,8
36709,2,3
36710,6,8
36711,0,1
36712,4,0
36713,9,7
36714,7,6
36715,8,2
36716,2,3
36717,8,2
36718,8,2
36719,9,7
36720,5,9
36721,8,2
36722,2,5
36723,2,3
36724,3,6
36725,3,6
36726,5,4
36727,6,8
36728,8,2
36729,7,5
36730,9,7
36731,0,1
36732,2,3
36733,5,4
36734,4,0
36735,9,9
36736,3,5
36737,4,0
36738,1,1
36739,7,5
36740,2,3
36741,4,0
36742,5,4
36743,3,6
36744,5,1
36745,6,8
36746,7,6
36747,6,8
36748,9,7
36749,4,0
36750,7,5
36751,6,8
36752,0,8
36753,8,2
36754,6,8
36755,2,3
36756,7,5
36757,5,9
36758,5,7
36759,5,4
36760,9,7
36761,2,3
36762,9,7
36763,9,7
36764,4,0
36765,0,1
36766,3,6
36767,9,7
36768,8,2
36769,3,6
36770,2,8
36771,5,9
36772,3,6
36773,5,4
36774,2,5
36775,8,2
36776,6,8
36777,5,9
36778,1,1
36779,9,9
36780,4,0
36781,8,2
36782,5,9
36783,4,0
36784,3,6
36785,6,8
36786,1,1
36787,7,5
36788,4,0
36789,4,0
36790,5,4
36791,5,4
36792,3,6
36793,9,9
36794,0,1
36795,5,4
36796,9,7
36797,4,0
36798,3,6
36799,9,7
36800,2,5
36801,0,1
36802,2,3
36803,2,3
36804,7,5
36805,8,2
36806,5,7
36807,9,9
36808,9,9
36809,4,0
36810,5,6
36811,1,1
36812,7,5
36813,8,2
36814,1,1
36815,2,3
36816,6,8
36817,5,4
36818,1,7
36819,7,5
36820,6,8
36821,3,6
36822,0,1
36823,9,7
36824,4,0
36825,6,8
36826,3,6
36827,9,9
36828,2,8
36829,4,0
36830,5,9
36831,1,1
36832,5,9
36833,8,2
36834,6,8
36835,2,3
36836,5,4
36837,5,4
36838,3,6
36839,7,5
36840,9,7
36841,3,6
36842,4,0
36843,9,7
36844,8,2
36845,6,8
36846,8,2
36847,9,9
36848,4,0
36849,4,0
36850,7,5
36851,0,1
36852,8,3
36853,8,2
36854,1,8
36855,2,3
36856,9,7
36857,3,6
36858,8,2
36859,9,7
36860,5,9
36861,6,8
36862,2,3
36863,9,9
36864,1,1
36865,6,8
36866,4,6
36867,5,4
36868,1,2
36869,4,0
36870,2,8
36871,4,0
36872,2,3
36873,9,7
36874,4,0
36875,8,2
36876,9,7
36877,5,4
36878,2,8
36879,8,2
36880,5,9
36881,3,6
36882,4,0
36883,7,5
36884,4,2
36885,7,5
36886,5,9
36887,2,3
36888,7,5
36889,9,7
36890,3,6
36891,6,8
36892,1,1
36893,3,6
36894,4,0
36895,3,6
36896,7,5
36897,5,4
36898,1,1
36899,2,3
36900,2,5
36901,8,2
36902,9,7
36903,3,6
36904,8,2
36905,3,6
36906,9,9
36907,5,4
36908,1,1
36909,5,4
36910,3,6
36911,2,3
36912,2,3
36913,6,8
36914,8,2
36915,6,8
36916,9,7
36917,2,3
36918,7,5
36919,4,0
36920,5,9
36921,1,1
36922,5,9
36923,5,4
36924,1,1
36925,9,7
36926,5,7
36927,6,8
36928,1,1
36929,4,0
36930,5,9
36931,2,3
36932,5,4
36933,0,1
36934,5,9
36935,9,9
36936,1,2
36937,4,0
36938,5,4
36939,7,5
36940,5,4
36941,5,4
36942,6,2
36943,1,1
36944,6,8
36945,9,9
36946,2,3
36947,1,1
36948,4,0
36949,8,2
36950,8,2
36951,9,7
36952,5,4
36953,4,0
36954,9,7
36955,1,1
36956,1,1
36957,2,3
36958,8,2
36959,6,8
36960,5,9
36961,8,2
36962,5,4
36963,5,9
36964,9,7
36965,8,2
36966,3,6
36967,9,7
36968,1,1
36969,9,7
36970,5,4
36971,9,9
36972,5,7
36973,9,9
36974,6,8
36975,4,0
36976,5,4
36977,5,4
36978,6,2
36979,8,2
36980,3,6
36981,7,5
36982,8,2
36983,6,8
36984,3,5
36985,3,6
36986,6,8
36987,7,5
36988,5,9
36989,7,5
36990,2,3
36991,9,9
36992,1,1
36993,9,9
36994,4,0
36995,0,1
36996,3,6
36997,0,1
36998,1,2
36999,7,5
37000,5,4
37001,9,7
37002,5,9
37003,3,6
37004,5,5
37005,6,8
37006,7,5
37007,8,2
37008,1,1
37009,9,9
37010,5,4
37011,1,1
37012,1,1
37013,2,3
37014,1,1
37015,8,2
37016,3,5
37017,2,3
37018,3,6
37019,5,4
37020,8,2
37021,2,3
37022,2,3
37023,0,1
37024,1,1
37025,9,9
37026,2,9
37027,4,0
37028,3,6
37029,9,9
37030,6,8
37031,7,5
37032,6,8
37033,3,6
37034,9,7
37035,2,3
37036,1,1
37037,3,6
37038,8,1
37039,6,8
37040,8,2
37041,9,7
37042,2,3
37043,4,0
37044,3,6
37045,1,1
37046,5,9
37047,4,0
37048,5,9
37049,7,5
37050,7,6
37051,6,8
37052,4,0
37053,8,2
37054,2,3
37055,9,7
37056,7,5
37057,9,7
37058,1,1
37059,4,0
37060,1,9
37061,0,1
37062,0,9
37063,8,2
37064,9,7
37065,2,3
37066,7,5
37067,5,4
37068,9,7
37069,7,5
37070,4,5
37071,3,6
37072,2,5
37073,9,7
37074,5,4
37075,6,8
37076,5,4
37077,9,9
37078,6,8
37079,4,0
37080,5,4
37081,0,1
37082,2,3
37083,8,2
37084,8,2
37085,2,3
37086,4,5
37087,5,4
37088,5,9
37089,7,5
37090,9,7
37091,3,6
37092,4,0
37093,9,7
37094,0,8
37095,6,8
37096,6,8
37097,9,9
37098,9,7
37099,4,0
37100,1,7
37101,0,1
37102,1,1
37103,8,2
37104,5,4
37105,2,3
37106,6,8
37107,9,7
37108,5,9
37109,6,8
37110,1,1
37111,9,9
37112,5,4
37113,4,0
37114,7,5
37115,5,9
37116,0,1
37117,7,5
37118,1,3
37119,7,5
37120,8,2
37121,3,6
37122,6,8
37123,9,9
37124,2,3
37125,6,8
37126,9,9
37127,5,9
37128,5,4
37129,6,8
37130,6,8
37131,9,7
37132,1,3
37133,9,7
37134,2,3
37135,2,3
37136,5,9
37137,7,5
37138,1,1
37139,0,1
37140,3,6
37141,4,0
37142,3,6
37143,8,2
37144,5,4
37145,8,2
37146,9,7
37147,9,7
37148,7,5
37149,6,8
37150,5,9
37151,8,2
37152,6,8
37153,4,0
37154,1,1
37155,0,1
37156,5,4
37157,8,2
37158,4,0
37159,3,6
37160,1,5
37161,1,3
37162,9,9
37163,2,3
37164,2,5
37165,9,7
37166,2,3
37167,2,3
37168,9,7
37169,2,3
37170,6,8
37171,5,4
37172,8,2
37173,3,6
37174,2,3
37175,3,6
37176,5,4
37177,3,6
37178,6,8
37179,0,1
37180,7,5
37181,7,5
37182,1,1
37183,4,0
37184,6,8
37185,6,8
37186,2,3
37187,8,2
37188,2,3
37189,4,0
37190,1,1
37191,0,1
37192,4,0
37193,9,7
37194,7,6
37195,3,6
37196,1,1
37197,2,3
37198,6,8
37199,8,2
37200,1,1
37201,0,1
37202,6,8
37203,9,7
37204,2,3
37205,2,3
37206,9,9
37207,0,1
37208,3,6
37209,2,3
37210,8,2
37211,5,9
37212,9,7
37213,0,1
37214,6,2
37215,9,7
37216,7,5
37217,3,6
37218,3,6
37219,6,8
37220,4,0
37221,5,4
37222,3,6
37223,2,3
37224,4,0
37225,0,1
37226,7,5
37227,5,4
37228,3,6
37229,2,3
37230,1,6
37231,3,6
37232,1,1
37233,9,9
37234,8,2
37235,3,6
37236,3,6
37237,0,1
37238,3,6
37239,5,4
37240,2,8
37241,8,2
37242,5,9
37243,1,2
37244,2,3
37245,9,7
37246,3,6
37247,9,9
37248,5,4
37249,7,5
37250,2,3
37251,5,4
37252,4,0
37253,6,8
37254,3,6
37255,6,8
37256,3,6
37257,5,4
37258,8,2
37259,9,9
37260,2,3
37261,4,0
37262,5,4
37263,6,8
37264,5,4
37265,9,9
37266,2,3
37267,6,8
37268,5,9
37269,4,0
37270,7,5
37271,2,3
37272,5,4
37273,5,4
37274,8,2
37275,7,5
37276,2,5
37277,3,6
37278,5,8
37279,9,7
37280,2,3
37281,8,8
37282,3,6
37283,5,9
37284,2,3
37285,1,1
37286,1,1
37287,4,0
37288,9,7
37289,0,1
37290,1,1
37291,8,2
37292,3,6
37293,8,3
37294,5,4
37295,5,4
37296,8,2
37297,9,7
37298,9,7
37299,6,8
37300,7,5
37301,9,9
37302,5,4
37303,4,0
37304,2,3
37305,0,1
37306,5,9
37307,8,2
37308,7,5
37309,7,3
37310,3,6
37311,5,4
37312,6,8
37313,7,5
37314,2,3
37315,3,6
37316,5,8
37317,9,7
37318,5,9
37319,0,8
37320,8,2
37321,5,9
37322,8,2
37323,4,0
37324,6,8
37325,6,8
37326,5,9
37327,9,7
37328,5,4
37329,6,8
37330,1,1
37331,5,9
37332,2,3
37333,9,9
37334,3,6
37335,4,0
37336,3,6
37337,0,1
37338,5,9
37339,0,4
37340,3,6
37341,7,5
37342,6,8
37343,0,1
37344,6,8
37345,3,6
37346,3,6
37347,8,2
37348,9,7
37349,5,9
37350,3,6
37351,3,6
37352,5,9
37353,9,7
37354,1,1
37355,2,3
37356,3,6
37357,5,9
37358,3,5
37359,5,9
37360,1,2
37361,2,3
37362,2,3
37363,6,8
37364,7,5
37365,0,1
37366,5,4
37367,8,2
37368,2,3
37369,5,9
37370,3,6
37371,3,6
37372,5,4
37373,3,3
37374,2,3
37375,7,5
37376,5,9
37377,4,0
37378,1,1
37379,7,5
37380,2,5
37381,5,4
37382,4,0
37383,8,3
37384,1,1
37385,5,4
37386,8,2
37387,9,7
37388,5,4
37389,9,7
37390,3,6
37391,5,9
37392,5,4
37393,0,1
37394,9,7
37395,5,4
37396,1,8
37397,2,3
37398,6,8
37399,9,7
37400,5,9
37401,3,6
37402,9,7
37403,5,2
37404,2,3
37405,0,1
37406,3,8
37407,7,5
37408,4,0
37409,7,5
37410,5,4
37411,4,0
37412,8,2
37413,1,5
37414,7,5
37415,4,0
37416,1,2
37417,1,8
37418,8,2
37419,5,4
37420,9,7
37421,3,6
37422,2,3
37423,9,7
37424,9,9
37425,4,0
37426,8,2
37427,5,2
37428,6,8
37429,5,4
37430,5,9
37431,6,8
37432,4,0
37433,0,1
37434,6,8
37435,8,2
37436,6,8
37437,8,2
37438,7,5
37439,2,3
37440,4,2
37441,0,1
37442,3,6
37443,2,3
37444,6,8
37445,3,6
37446,8,2
37447,5,4
37448,2,5
37449,5,9
37450,5,4
37451,3,6
37452,4,0
37453,7,5
37454,2,3
37455,0,1
37456,2,8
37457,5,9
37458,6,8
37459,6,8
37460,6,8
37461,0,1
37462,8,2
37463,0,1
37464,2,3
37465,7,5
37466,5,9
37467,4,0
37468,6,3
37469,5,2
37470,2,3
37471,9,7
37472,7,5
37473,6,8
37474,5,9
37475,3,6
37476,3,6
37477,3,6
37478,2,3
37479,1,8
37480,9,7
37481,8,2
37482,1,1
37483,6,8
37484,8,2
37485,5,4
37486,6,2
37487,5,4
37488,6,8
37489,8,2
37490,5,4
37491,8,2
37492,5,4
37493,6,8
37494,9,7
37495,4,0
37496,5,4
37497,4,0
37498,5,9
37499,1,1
37500,9,7
37501,8,2
37502,7,6
37503,2,3
37504,8,2
37505,5,4
37506,4,0
37507,7,5
37508,0,7
37509,3,6
37510,4,0
37511,4,0
37512,6,8
37513,1,1
37514,4,2
37515,8,2
37516,5,4
37517,2,3
37518,1,1
37519,5,4
37520,5,9
37521,2,5
37522,5,8
37523,3,6
37524,2,3
37525,9,7
37526,8,2
37527,6,8
37528,5,4
37529,4,0
37530,5,4
37531,1,1
37532,8,2
37533,9,2
37534,5,9
37535,3,6
37536,9,7
37537,9,7
37538,2,9
37539,6,8
37540,2,3
37541,5,9
37542,3,6
37543,4,0
37544,3,6
37545,2,2
37546,5,4
37547,1,1
37548,7,5
37549,3,6
37550,9,7
37551,2,5
37552,6,5
37553,5,9
37554,4,0
37555,2,3
37556,9,7
37557,3,5
37558,7,5
37559,4,0
37560,8,2
37561,9,7
37562,5,4
37563,1,1
37564,1,1
37565,1,1
37566,2,3
37567,3,5
37568,8,2
37569,2,3
37570,8,2
37571,4,0
37572,2,3
37573,9,7
37574,7,5
37575,5,9
37576,3,6
37577,3,6
37578,2,3
37579,1,1
37580,8,2
37581,3,6
37582,3,5
37583,9,7
37584,2,5
37585,5,4
37586,5,9
37587,5,9
37588,8,2
37589,7,5
37590,7,5
37591,5,7
37592,7,5
37593,5,9
37594,5,4
37595,6,8
37596,9,7
37597,2,5
37598,1,1
37599,3,6
37600,6,8
37601,8,2
37602,9,7
37603,5,4
37604,2,3
37605,2,8
37606,2,5
37607,1,1
37608,6,8
37609,7,5
37610,8,2
37611,5,9
37612,9,7
37613,8,2
37614,1,1
37615,8,2
37616,5,4
37617,6,8
37618,1,1
37619,4,0
37620,6,8
37621,3,6
37622,2,3
37623,5,4
37624,1,1
37625,2,3
37626,2,3
37627,2,3
37628,6,8
37629,1,1
37630,8,2
37631,8,2
37632,8,2
37633,5,4
37634,5,4
37635,1,1
37636,2,3
37637,5,9
37638,8,2
37639,3,6
37640,5,4
37641,5,9
37642,4,0
37643,2,3
37644,6,8
37645,5,4
37646,8,2
37647,4,0
37648,1,4
37649,2,3
37650,1,1
37651,5,9
37652,1,3
37653,4,0
37654,5,9
37655,9,2
37656,4,0
37657,5,7
37658,2,3
37659,1,1
37660,8,2
37661,1,1
37662,2,5
37663,4,0
37664,5,9
37665,9,7
37666,3,6
37667,3,6
37668,1,2
37669,8,2
37670,1,1
37671,8,2
37672,2,8
37673,5,7
37674,1,1
37675,3,6
37676,3,6
37677,4,0
37678,4,0
37679,3,6
37680,7,5
37681,5,9
37682,5,9
37683,5,4
37684,9,7
37685,6,8
37686,4,0
37687,5,4
37688,5,9
37689,2,3
37690,2,3
37691,2,3
37692,2,3
37693,9,7
37694,9,7
37695,6,8
37696,6,2
37697,4,0
37698,7,5
37699,7,5
37700,2,3
37701,6,8
37702,2,9
37703,2,3
37704,9,8
37705,4,0
37706,9,7
37707,3,6
37708,4,0
37709,6,8
37710,6,8
37711,2,3
37712,5,4
37713,9,7
37714,4,0
37715,6,8
37716,1,1
37717,7,5
37718,2,3
37719,1,1
37720,2,8
37721,2,8
37722,5,4
37723,4,0
37724,3,6
37725,0,1
37726,2,5
37727,8,2
37728,0,1
37729,2,3
37730,2,3
37731,5,4
37732,1,1
37733,9,7
37734,9,2
37735,6,8
37736,5,4
37737,9,9
37738,4,0
37739,4,0
37740,7,5
37741,0,1
37742,0,1
37743,8,2
37744,4,0
37745,2,3
37746,2,3
37747,5,4
37748,5,9
37749,7,5
37750,7,5
37751,3,6
37752,4,0
37753,9,7
37754,5,9
37755,0,8
37756,2,3
37757,9,9
37758,4,0
37759,4,0
37760,8,2
37761,0,1
37762,9,7
37763,8,2
37764,9,9
37765,2,3
37766,8,2
37767,5,4
37768,6,8
37769,9,7
37770,9,7
37771,0,8
37772,9,9
37773,0,9
37774,6,8
37775,9,7
37776,6,8
37777,8,2
37778,3,8
37779,9,9
37780,4,0
37781,9,9
37782,0,1
37783,0,8
37784,9,7
37785,5,4
37786,2,3
37787,4,0
37788,3,6
37789,2,3
37790,4,0
37791,7,5
37792,2,3
37793,9,4
37794,5,4
37795,2,3
37796,2,3
37797,2,3
37798,8,2
37799,5,4
37800,5,4
37801,3,6
37802,1,1
37803,3,6
37804,3,6
37805,7,5
37806,1,2
37807,7,5
37808,6,8
37809,0,1
37810,3,8
37811,9,7
37812,8,2
37813,6,8
37814,4,0
37815,5,4
37816,5,1
37817,7,5
37818,9,7
37819,9,7
37820,7,5
37821,2,3
37822,4,0
37823,7,5
37824,5,9
37825,8,2
37826,5,4
37827,2,3
37828,1,1
37829,3,6
37830,7,5
37831,3,6
37832,8,2
37833,9,7
37834,1,7
37835,9,7
37836,7,5
37837,4,0
37838,9,2
37839,0,1
37840,5,4
37841,4,0
37842,3,5
37843,0,1
37844,4,0
37845,3,6
37846,5,4
37847,2,3
37848,2,3
37849,0,1
37850,7,5
37851,5,4
37852,7,5
37853,9,7
37854,4,0
37855,2,3
37856,4,0
37857,6,8
37858,5,4
37859,3,6
37860,2,3
37861,8,2
37862,1,1
37863,8,2
37864,7,5
37865,7,5
37866,5,9
37867,9,9
37868,6,8
37869,0,1
37870,2,8
37871,9,7
37872,1,6
37873,0,9
37874,7,5
37875,9,7
37876,9,7
37877,9,9
37878,9,7
37879,9,9
37880,8,2
37881,0,1
37882,1,1
37883,4,0
37884,5,4
37885,0,8
37886,2,3
37887,9,9
37888,3,6
37889,2,3
37890,2,3
37891,6,8
37892,3,6
37893,5,4
37894,7,5
37895,3,6
37896,2,3
37897,0,1
37898,9,7
37899,5,4
37900,9,7
37901,4,0
37902,4,0
37903,2,3
37904,8,2
37905,3,6
37906,9,9
37907,5,4
37908,2,3
37909,0,8
37910,2,8
37911,0,1
37912,2,3
37913,2,3
37914,4,0
37915,0,1
37916,5,4
37917,4,0
37918,8,2
37919,9,9
37920,1,1
37921,1,0
37922,9,7
37923,1,1
37924,6,8
37925,8,2
37926,5,1
37927,2,3
37928,2,3
37929,7,5
37930,9,7
37931,7,6
37932,5,9
37933,6,8
37934,5,9
37935,9,9
37936,1,1
37937,4,0
37938,1,1
37939,1,1
37940,2,3
37941,8,2
37942,8,2
37943,2,3
37944,2,3
37945,5,4
37946,4,0
37947,9,7
37948,1,1
37949,6,8
37950,4,0
37951,5,9
37952,6,8
37953,4,0
37954,4,0
37955,1,1
37956,6,8
37957,8,2
37958,5,4
37959,2,3
37960,9,7
37961,5,4
37962,6,8
37963,9,7
37964,8,2
37965,5,9
37966,3,6
37967,8,2
37968,4,0
37969,8,2
37970,4,0
37971,9,7
37972,1,1
37973,3,6
37974,9,2
37975,5,4
37976,5,9
37977,4,0
37978,0,1
37979,0,8
37980,4,0
37981,4,0
37982,3,6
37983,7,5
37984,1,7
37985,8,2
37986,5,4
37987,9,7
37988,5,4
37989,8,2
37990,3,6
37991,2,3
37992,7,5
37993,3,6
37994,9,7
37995,8,2
37996,2,3
37997,1,1
37998,3,6
37999,9,7
38000,6,8
38001,9,7
38002,1,1
38003,5,9
38004,9,7
38005,5,9
38006,5,9
38007,1,1
38008,4,0
38009,8,2
38010,8,2
38011,5,4
38012,5,4
38013,3,6
38014,6,8
38015,9,7
38016,1,1
38017,9,7
38018,9,7
38019,7,5
38020,5,9
38021,5,4
38022,3,6
38023,7,5
38024,6,2
38025,4,0
38026,9,7
38027,1,1
38028,3,6
38029,1,1
38030,5,9
38031,5,9
38032,3,6
38033,8,2
38034,9,7
38035,4,0
38036,8,2
38037,2,3
38038,7,5
38039,1,1
38040,1,2
38041,5,4
38042,4,0
38043,4,0
38044,6,8
38045,3,6
38046,5,9
38047,5,4
38048,5,9
38049,2,3
38050,7,6
38051,5,9
38052,5,4
38053,2,3
38054,4,0
38055,4,0
38056,1,1
38057,4,0
38058,2,3
38059,7,5
38060,2,5
38061,8,2
38062,4,0
38063,6,8
38064,5,9
38065,6,8
38066,2,3
38067,6,8
38068,8,2
38069,6,8
38070,8,2
38071,7,5
38072,5,4
38073,7,5
38074,6,8
38075,9,7
38076,9,7
38077,1,1
38078,8,2
38079,5,4
38080,8,2
38081,0,1
38082,5,9
38083,2,3
38084,3,6
38085,6,8
38086,2,3
38087,9,9
38088,9,7
38089,2,3
38090,4,5
38091,9,7
38092,6,8
38093,0,4
38094,1,2
38095,0,1
38096,9,7
38097,0,1
38098,9,7
38099,4,0
38100,4,0
38101,3,6
38102,4,0
38103,4,0
38104,3,6
38105,0,1
38106,4,0
38107,8,2
38108,8,2
38109,2,3
38110,4,0
38111,5,4
38112,6,8
38113,7,5
38114,3,6
38115,3,6
38116,2,3
38117,9,7
38118,5,9
38119,6,8
38120,8,2
38121,9,9
38122,5,4
38123,4,0
38124,8,2
38125,0,1
38126,4,0
38127,8,2
38128,4,0
38129,2,3
38130,2,3
38131,5,4
38132,5,4
38133,9,7
38134,7,5
38135,6,8
38136,1,8
38137,9,9
38138,4,0
38139,4,0
38140,8,2
38141,0,1
38142,6,8
38143,8,2
38144,5,7
38145,2,3
38146,6,8
38147,0,4
38148,8,2
38149,9,7
38150,5,4
38151,0,8
38152,3,6
38153,9,9
38154,5,9
38155,4,0
38156,3,6
38157,4,0
38158,2,8
38159,0,1
38160,1,1
38161,4,0
38162,4,0
38163,1,1
38164,0,1
38165,7,5
38166,2,3
38167,2,3
38168,5,4
38169,5,4
38170,8,2
38171,8,2
38172,7,6
38173,5,4
38174,2,3
38175,5,4
38176,3,6
38177,4,0
38178,0,7
38179,4,0
38180,2,3
38181,3,6
38182,2,9
38183,9,9
38184,5,7
38185,3,6
38186,9,7
38187,3,6
38188,5,4
38189,7,5
38190,3,6
38191,9,7
38192,3,6
38193,2,3
38194,2,5
38195,8,2
38196,1,1
38197,8,2
38198,4,0
38199,2,3
38200,4,0
38201,5,4
38202,2,5
38203,5,4
38204,5,9
38205,9,9
38206,0,1
38207,0,1
38208,8,2
38209,5,4
38210,9,7
38211,4,0
38212,4,0
38213,9,7
38214,3,6
38215,9,7
38216,8,2
38217,7,5
38218,2,3
38219,3,6
38220,9,7
38221,8,2
38222,7,5
38223,2,3
38224,0,7
38225,1,1
38226,1,1
38227,5,4
38228,4,0
38229,5,4
38230,5,9
38231,4,0
38232,4,0
38233,9,9
38234,7,5
38235,0,1
38236,5,4
38237,6,8
38238,2,3
38239,2,3
38240,7,5
38241,2,3
38242,5,7
38243,9,7
38244,9,7
38245,2,3
38246,0,7
38247,9,9
38248,5,9
38249,6,8
38250,7,5
38251,0,8
38252,7,5
38253,5,4
38254,7,5
38255,9,7
38256,8,2
38257,9,7
38258,3,6
38259,3,6
38260,3,6
38261,8,2
38262,5,4
38263,0,1
38264,1,1
38265,9,9
38266,7,5
38267,0,8
38268,8,2
38269,0,7
38270,5,4
38271,6,8
38272,1,1
38273,6,8
38274,5,4
38275,8,2
38276,1,1
38277,2,3
38278,9,7
38279,9,9
38280,7,5
38281,2,3
38282,9,7
38283,2,3
38284,5,4
38285,7,5
38286,5,4
38287,0,5
38288,8,2
38289,4,0
38290,3,6
38291,9,7
38292,5,9
38293,9,9
38294,2,3
38295,7,5
38296,5,4
38297,4,0
38298,4,5
38299,3,6
38300,5,7
38301,5,4
38302,3,6
38303,0,1
38304,9,7
38305,0,1
38306,3,6
38307,8,2
38308,3,6
38309,6,8
38310,4,0
38311,0,1
38312,5,9
38313,0,5
38314,2,5
38315,4,0
38316,5,4
38317,1,1
38318,3,6
38319,6,2
38320,5,7
38321,2,3
38322,3,6
38323,5,4
38324,6,8
38325,7,5
38326,8,2
38327,3,6
38328,1,1
38329,9,7
38330,1,2
38331,6,8
38332,4,0
38333,5,9
38334,3,6
38335,4,0
38336,5,4
38337,1,1
38338,5,7
38339,1,2
38340,1,1
38341,2,3
38342,3,6
38343,5,4
38344,5,9
38345,7,5
38346,2,3
38347,3,6
38348,3,6
38349,9,7
38350,9,7
38351,6,8
38352,3,6
38353,5,9
38354,1,2
38355,4,0
38356,8,2
38357,1,1
38358,5,9
38359,8,2
38360,7,5
38361,2,3
38362,7,5
38363,5,4
38364,4,0
38365,7,5
38366,8,2
38367,3,6
38368,2,3
38369,5,9
38370,1,4
38371,3,6
38372,5,4
38373,5,4
38374,0,7
38375,5,4
38376,3,6
38377,2,3
38378,5,5
38379,3,6
38380,4,0
38381,8,2
38382,2,8
38383,2,3
38384,1,1
38385,0,4
38386,6,8
38387,6,8
38388,1,1
38389,9,7
38390,7,6
38391,6,8
38392,5,4
38393,3,6
38394,3,6
38395,5,9
38396,8,2
38397,0,8
38398,1,1
38399,2,3
38400,3,6
38401,8,2
38402,5,4
38403,6,2
38404,4,0
38405,6,8
38406,8,2
38407,5,4
38408,4,5
38409,8,2
38410,2,3
38411,4,0
38412,4,0
38413,1,1
38414,7,5
38415,0,1
38416,3,6
38417,8,2
38418,6,8
38419,5,9
38420,5,8
38421,3,6
38422,9,7
38423,6,8
38424,1,1
38425,1,1
38426,5,9
38427,8,2
38428,5,4
38429,4,0
38430,8,2
38431,3,6
38432,1,1
38433,7,5
38434,6,8
38435,8,2
38436,1,1
38437,9,7
38438,8,2
38439,7,5
38440,4,0
38441,2,3
38442,6,8
38443,5,9
38444,3,6
38445,2,3
38446,4,0
38447,9,7
38448,3,6
38449,1,1
38450,3,6
38451,2,3
38452,6,8
38453,6,8
38454,1,1
38455,1,1
38456,5,9
38457,5,9
38458,9,7
38459,7,5
38460,3,6
38461,4,0
38462,0,1
38463,1,1
38464,1,1
38465,1,1
38466,1,1
38467,5,9
38468,9,7
38469,8,2
38470,5,9
38471,3,6
38472,3,6
38473,4,0
38474,3,6
38475,5,4
38476,6,8
38477,7,5
38478,3,6
38479,3,6
38480,1,1
38481,7,5
38482,1,1
38483,4,0
38484,4,0
38485,2,3
38486,7,5
38487,1,1
38488,4,0
38489,6,8
38490,1,1
38491,3,6
38492,1,1
38493,5,9
38494,4,0
38495,2,3
38496,5,4
38497,4,0
38498,5,4
38499,1,1
38500,5,4
38501,4,0
38502,9,7
38503,5,4
38504,9,7
38505,9,7
38506,9,7
38507,2,3
38508,2,5
38509,6,2
38510,1,8
38511,3,6
38512,3,5
38513,2,5
38514,3,6
38515,5,4
38516,1,1
38517,9,7
38518,5,4
38519,9,9
38520,2,3
38521,9,7
38522,1,1
38523,4,0
38524,0,4
38525,0,1
38526,9,1
38527,8,2
38528,1,1
38529,2,3
38530,8,2
38531,5,4
38532,1,1
38533,7,5
38534,9,7
38535,3,6
38536,2,3
38537,9,7
38538,1,1
38539,6,8
38540,4,0
38541,9,9
38542,8,2
38543,4,0
38544,6,8
38545,0,1
38546,7,5
38547,8,2
38548,3,6
38549,2,3
38550,9,7
38551,5,4
38552,5,9
38553,0,5
38554,1,1
38555,3,6
38556,9,7
38557,9,7
38558,1,1
38559,4,0
38560,8,2
38561,0,1
38562,9,9
38563,8,2
38564,2,5
38565,2,3
38566,6,8
38567,5,4
38568,5,4
38569,7,5
38570,1,1
38571,3,6
38572,0,1
38573,4,0
38574,4,0
38575,9,7
38576,3,6
38577,7,5
38578,3,6
38579,4,0
38580,2,3
38581,7,8
38582,1,1
38583,5,4
38584,3,6
38585,0,1
38586,5,7
38587,9,8
38588,6,8
38589,9,8
38590,4,0
38591,1,1
38592,7,5
38593,2,3
38594,7,5
38595,0,1
38596,6,8
38597,9,9
38598,5,7
38599,4,0
38600,5,9
38601,5,4
38602,2,3
38603,5,4
38604,4,5
38605,0,0
38606,6,8
38607,9,7
38608,7,5
38609,8,2
38610,7,5
38611,9,9
38612,2,5
38613,6,8
38614,4,0
38615,9,7
38616,5,4
38617,8,2
38618,8,2
38619,5,4
38620,9,7
38621,9,7
38622,5,4
38623,6,8
38624,7,5
38625,5,9
38626,2,5
38627,2,3
38628,7,5
38629,0,1
38630,5,4
38631,5,4
38632,5,9
38633,3,6
38634,3,6
38635,8,2
38636,8,2
38637,8,2
38638,5,8
38639,9,7
38640,7,6
38641,6,8
38642,3,6
38643,3,6
38644,4,0
38645,5,4
38646,5,9
38647,9,9
38648,7,5
38649,8,2
38650,9,7
38651,9,9
38652,8,2
38653,2,3
38654,5,4
38655,7,5
38656,7,5
38657,2,3
38658,7,5
38659,3,6
38660,4,0
38661,3,6
38662,4,0
38663,4,0
38664,1,1
38665,8,2
38666,1,1
38667,8,2
38668,5,4
38669,5,7
38670,2,3
38671,5,4
38672,9,7
38673,5,9
38674,5,9
38675,7,5
38676,3,6
38677,0,1
38678,5,5
38679,8,2
38680,5,9
38681,3,6
38682,1,1
38683,0,1
38684,1,1
38685,6,8
38686,3,0
38687,2,3
38688,5,7
38689,7,5
38690,5,9
38691,4,0
38692,8,2
38693,4,0
38694,3,6
38695,3,6
38696,4,0
38697,0,1
38698,2,5
38699,3,6
38700,1,1
38701,5,9
38702,6,8
38703,3,6
38704,5,9
38705,9,7
38706,4,0
38707,0,1
38708,2,5
38709,0,1
38710,5,4
38711,0,7
38712,2,3
38713,0,1
38714,2,3
38715,8,2
38716,5,4
38717,5,4
38718,1,1
38719,7,5
38720,8,2
38721,3,6
38722,4,0
38723,9,7
38724,1,1
38725,6,8
38726,2,5
38727,5,9
38728,9,7
38729,4,0
38730,3,6
38731,0,1
38732,2,3
38733,8,2
38734,6,8
38735,2,3
38736,1,1
38737,5,4
38738,9,7
38739,7,5
38740,5,9
38741,3,6
38742,6,8
38743,9,7
38744,4,0
38745,6,8
38746,4,0
38747,9,9
38748,5,9
38749,4,0
38750,1,1
38751,0,1
38752,2,3
38753,8,2
38754,3,6
38755,2,3
38756,7,5
38757,5,4
38758,9,7
38759,7,5
38760,2,9
38761,3,6
38762,7,5
38763,9,7
38764,1,1
38765,6,8
38766,4,0
38767,9,9
38768,5,9
38769,1,1
38770,8,2
38771,2,3
38772,2,3
38773,2,5
38774,1,1
38775,5,9
38776,9,7
38777,5,4
38778,6,8
38779,0,1
38780,7,6
38781,9,7
38782,3,6
38783,9,7
38784,8,2
38785,8,2
38786,5,4
38787,0,1
38788,5,7
38789,5,4
38790,8,2
38791,2,8
38792,2,5
38793,8,2
38794,9,7
38795,9,9
38796,3,6
38797,2,3
38798,3,5
38799,6,8
38800,1,2
38801,7,5
38802,4,0
38803,5,4
38804,2,3
38805,6,8
38806,1,1
38807,6,8
38808,4,0
38809,9,9
38810,9,7
38811,2,3
38812,5,4
38813,5,9
38814,9,7
38815,8,2
38816,4,0
38817,7,5
38818,7,5
38819,9,7
38820,3,6
38821,5,4
38822,5,4
38823,0,1
38824,1,1
38825,8,2
38826,8,2
38827,2,3
38828,1,1
38829,9,9
38830,2,5
38831,0,1
38832,6,8
38833,3,6
38834,5,4
38835,4,0
38836,9,7
38837,0,1
38838,9,7
38839,8,2
38840,1,1
38841,6,8
38842,6,8
38843,7,5
38844,6,8
38845,0,1
38846,8,2
38847,0,1
38848,2,5
38849,2,8
38850,4,0
38851,7,5
38852,5,4
38853,3,6
38854,3,6
38855,5,4
38856,3,6
38857,9,7
38858,6,8
38859,2,3
38860,1,1
38861,3,6
38862,8,2
38863,6,8
38864,7,5
38865,4,0
38866,6,8
38867,2,3
38868,1,1
38869,9,7
38870,6,8
38871,5,4
38872,5,4
38873,4,0
38874,4,0
38875,3,6
38876,3,6
38877,5,9
38878,6,8
38879,8,2
38880,9,9
38881,3,6
38882,2,3
38883,7,5
38884,8,2
38885,3,6
38886,8,2
38887,5,9
38888,2,5
38889,4,0
38890,1,7
38891,5,4
38892,2,3
38893,4,0
38894,2,3
38895,3,6
38896,7,5
38897,1,1
38898,5,4
38899,9,9
38900,2,3
38901,8,2
38902,7,5
38903,4,0
38904,2,3
38905,5,9
38906,5,4
38907,7,5
38908,9,7
38909,1,1
38910,5,9
38911,2,3
38912,6,8
38913,9,7
38914,4,0
38915,3,6
38916,9,7
38917,5,9
38918,1,1
38919,5,4
38920,5,7
38921,9,7
38922,5,4
38923,9,7
38924,8,2
38925,3,6
38926,4,0
38927,2,3
38928,1,1
38929,4,0
38930,5,9
38931,7,5
38932,2,5
38933,3,6
38934,7,5
38935,8,2
38936,3,6
38937,8,2
38938,5,4
38939,4,0
38940,7,5
38941,1,1
38942,6,8
38943,9,7
38944,7,5
38945,6,8
38946,4,0
38947,9,9
38948,6,8
38949,4,0
38950,5,9
38951,1,1
38952,8,2
38953,8,2
38954,9,7
38955,2,3
38956,6,8
38957,5,4
38958,3,6
38959,7,5
38960,5,4
38961,3,6
38962,8,2
38963,4,0
38964,9,7
38965,1,1
38966,5,4
38967,6,8
38968,1,1
38969,9,9
38970,2,3
38971,6,8
38972,9,7
38973,5,4
38974,1,1
38975,1,1
38976,1,1
38977,6,8
38978,5,4
38979,6,8
38980,0,6
38981,1,1
38982,2,3
38983,2,3
38984,5,4
38985,1,1
38986,2,3
38987,6,8
38988,3,6
38989,7,3
38990,1,3
38991,2,3
38992,5,9
38993,4,0
38994,9,7
38995,9,9
38996,3,6
38997,5,4
38998,2,3
38999,9,9
39000,5,9
39001,6,8
39002,8,2
39003,9,7
39004,3,6
39005,6,8
39006,8,2
39007,0,1
39008,8,2
39009,9,7
39010,5,7
39011,6,8
39012,1,1
39013,9,7
39014,9,7
39015,7,5
39016,5,9
39017,0,1
39018,1,1
39019,3,6
39020,1,2
39021,7,5
39022,8,2
39023,4,0
39024,5,4
39025,9,9
39026,9,7
39027,7,5
39028,4,0
39029,4,0
39030,5,9
39031,9,2
39032,8,2
39033,0,1
39034,5,9
39035,6,8
39036,3,6
39037,4,0
39038,9,7
39039,4,0
39040,2,3
39041,1,1
39042,8,2
39043,3,6
39044,4,0
39045,3,6
39046,5,4
39047,5,7
39048,9,7
39049,0,1
39050,4,0
39051,0,1
39052,1,1
39053,9,7
39054,4,0
39055,4,0
39056,9,7
39057,1,1
39058,5,4
39059,8,2
39060,9,7
39061,2,3
39062,9,7
39063,5,4
39064,5,9
39065,7,5
39066,2,3
39067,3,6
39068,6,8
39069,9,7
39070,6,8
39071,6,8
39072,1,1
39073,5,9
39074,1,2
39075,4,0
39076,1,1
39077,1,1
39078,5,4
39079,8,2
39080,5,4
39081,2,3
39082,9,7
39083,5,4
39084,1,1
39085,7,5
39086,3,6
39087,3,6
39088,9,7
39089,9,7
39090,8,2
39091,6,8
39092,6,8
39093,4,0
39094,6,8
39095,1,1
39096,9,9
39097,8,2
39098,3,6
39099,2,3
39100,2,3
39101,5,4
39102,0,1
39103,7,5
39104,6,8
39105,3,6
39106,0,1
39107,9,7
39108,2,3
39109,6,8
39110,5,4
39111,5,9
39112,3,6
39113,9,7
39114,7,5
39115,4,0
39116,2,3
39117,5,4
39118,8,2
39119,4,0
39120,7,5
39121,3,6
39122,2,3
39123,5,4
39124,2,3
39125,2,3
39126,7,5
39127,2,3
39128,5,4
39129,5,4
39130,4,6
39131,6,8
39132,7,5
39133,9,7
39134,5,9
39135,6,8
39136,2,3
39137,3,6
39138,1,1
39139,5,9
39140,2,3
39141,6,8
39142,6,8
39143,2,3
39144,6,8
39145,8,2
39146,1,2
39147,8,2
39148,5,9
39149,6,8
39150,5,7
39151,5,4
39152,1,1
39153,8,2
39154,3,6
39155,4,0
39156,4,0
39157,1,1
39158,2,5
39159,1,1
39160,1,1
39161,8,2
39162,8,2
39163,5,9
39164,3,6
39165,3,6
39166,5,9
39167,6,8
39168,8,2
39169,0,1
39170,8,2
39171,8,2
39172,5,9
39173,1,1
39174,5,9
39175,4,0
39176,7,5
39177,3,6
39178,6,8
39179,5,9
39180,3,6
39181,2,3
39182,5,4
39183,9,7
39184,9,3
39185,0,1
39186,5,4
39187,6,8
39188,3,6
39189,2,3
39190,9,7
39191,6,8
39192,5,9
39193,0,1
39194,4,0
39195,9,9
39196,1,1
39197,7,5
39198,8,2
39199,9,9
39200,3,6
39201,6,8
39202,4,0
39203,8,2
39204,5,4
39205,3,6
39206,3,6
39207,4,0
39208,5,5
39209,5,4
39210,8,2
39211,7,5
39212,3,6
39213,4,0
39214,7,5
39215,2,3
39216,8,2
39217,0,1
39218,5,4
39219,6,8
39220,4,0
39221,3,6
39222,2,3
39223,9,7
39224,4,0
39225,7,5
39226,3,6
39227,9,9
39228,8,2
39229,5,9
39230,5,5
39231,2,3
39232,1,1
39233,4,0
39234,1,9
39235,2,3
39236,4,0
39237,0,1
39238,6,8
39239,5,4
39240,2,3
39241,5,4
39242,2,8
39243,4,0
39244,9,7
39245,5,4
39246,9,7
39247,9,9
39248,5,4
39249,8,2
39250,3,6
39251,3,6
39252,9,7
39253,7,5
39254,9,7
39255,5,4
39256,6,2
39257,9,7
39258,3,6
39259,5,9
39260,4,6
39261,9,7
39262,1,1
39263,4,0
39264,6,8
39265,0,1
39266,2,8
39267,2,3
39268,1,1
39269,5,4
39270,1,1
39271,7,5
39272,5,4
39273,3,6
39274,7,5
39275,9,7
39276,9,7
39277,6,8
39278,3,6
39279,4,0
39280,7,5
39281,0,1
39282,8,2
39283,8,2
39284,2,2
39285,2,3
39286,5,9
39287,5,4
39288,1,1
39289,9,7
39290,2,3
39291,0,8
39292,3,6
39293,5,9
39294,9,7
39295,4,0
39296,8,2
39297,0,1
39298,5,4
39299,3,2
39300,1,1
39301,2,3
39302,5,4
39303,5,4
39304,3,4
39305,0,7
39306,4,0
39307,0,8
39308,1,8
39309,4,0
39310,9,7
39311,7,5
39312,2,3
39313,3,6
39314,9,7
39315,6,8
39316,5,7
39317,2,3
39318,3,6
39319,9,9
39320,3,6
39321,4,0
39322,6,8
39323,8,2
39324,5,4
39325,2,3
39326,4,0
39327,9,3
39328,1,1
39329,2,3
39330,8,2
39331,9,9
39332,3,6
39333,9,9
39334,4,0
39335,0,5
39336,3,6
39337,3,6
39338,8,2
39339,5,4
39340,3,6
39341,5,4
39342,9,2
39343,8,2
39344,6,8
39345,9,7
39346,4,0
39347,4,0
39348,9,7
39349,2,3
39350,6,8
39351,5,9
39352,1,1
39353,3,6
39354,1,1
39355,0,8
39356,3,6
39357,0,7
39358,5,7
39359,2,3
39360,4,0
39361,5,4
39362,1,1
39363,4,0
39364,1,1
39365,5,4
39366,2,3
39367,0,1
39368,5,4
39369,3,6
39370,5,9
39371,9,7
39372,3,6
39373,6,8
39374,7,5
39375,5,4
39376,4,0
39377,7,9
39378,7,8
39379,3,6
39380,7,5
39381,7,5
39382,6,8
39383,3,6
39384,2,3
39385,3,6
39386,5,4
39387,9,7
39388,3,6
39389,6,8
39390,9,7
39391,6,8
39392,8,2
39393,0,1
39394,3,6
39395,6,8
39396,5,4
39397,7,3
39398,1,2
39399,9,7
39400,7,5
39401,9,7
39402,1,1
39403,0,1
39404,5,4
39405,0,5
39406,3,6
39407,4,0
39408,8,2
39409,7,5
39410,7,5
39411,5,2
39412,2,3
39413,5,4
39414,5,4
39415,2,3
39416,7,5
39417,0,1
39418,5,9
39419,9,8
39420,8,2
39421,8,2
39422,4,0
39423,9,9
39424,7,5
39425,0,9
39426,9,7
39427,0,5
39428,9,9
39429,8,2
39430,3,6
39431,3,6
39432,6,8
39433,5,4
39434,8,2
39435,5,4
39436,3,5
39437,0,1
39438,6,8
39439,0,7
39440,3,6
39441,0,1
39442,6,8
39443,0,4
39444,0,1
39445,6,3
39446,4,0
39447,5,9
39448,5,9
39449,0,7
39450,6,8
39451,0,1
39452,2,3
39453,8,2
39454,1,1
39455,3,6
39456,6,8
39457,4,0
39458,5,4
39459,9,7
39460,7,5
39461,2,3
39462,1,1
39463,4,0
39464,5,9
39465,0,1
39466,3,6
39467,8,2
39468,7,5
39469,2,3
39470,8,2
39471,5,4
39472,5,9
39473,7,5
39474,3,0
39475,3,6
39476,8,2
39477,9,7
39478,6,8
39479,6,8
39480,5,9
39481,9,9
39482,7,5
39483,4,0
39484,1,1
39485,1,1
39486,5,4
39487,1,2
39488,8,2
39489,2,3
39490,9,7
39491,5,4
39492,5,4
39493,7,5
39494,4,0
39495,3,6
39496,3,6
39497,9,7
39498,4,0
39499,6,8
39500,9,7
39501,9,9
39502,7,5
39503,4,0
39504,4,0
39505,0,1
39506,3,6
39507,8,2
39508,3,6
39509,2,3
39510,8,2
39511,5,4
39512,1,1
39513,7,5
39514,5,4
39515,3,6
39516,7,5
39517,9,7
39518,8,2
39519,0,8
39520,1,3
39521,9,9
39522,5,4
39523,9,7
39524,9,7
39525,5,4
39526,4,5
39527,4,0
39528,3,6
39529,5,4
39530,6,8
39531,4,0
39532,5,9
39533,0,1
39534,5,7
39535,9,7
39536,5,4
39537,1,9
39538,9,9
39539,7,5
39540,9,7
39541,1,1
39542,1,1
39543,5,4
39544,9,7
39545,8,2
39546,1,1
39547,6,8
39548,5,4
39549,9,9
39550,0,1
39551,5,4
39552,1,1
39553,2,3
39554,1,1
39555,0,1
39556,7,5
39557,9,7
39558,5,4
39559,6,8
39560,1,1
39561,3,2
39562,2,5
39563,5,4
39564,4,0
39565,2,3
39566,2,3
39567,3,6
39568,1,1
39569,9,9
39570,4,0
39571,9,9
39572,8,2
39573,7,5
39574,7,5
39575,6,8
39576,1,9
39577,3,6
39578,5,9
39579,9,7
39580,9,7
39581,4,0
39582,1,2
39583,3,6
39584,5,4
39585,6,8
39586,9,7
39587,8,2
39588,5,9
39589,3,6
39590,5,4
39591,2,3
39592,8,2
39593,9,9
39594,1,1
39595,2,3
39596,5,8
39597,2,2
39598,5,9
39599,6,8
39600,1,0
39601,3,6
39602,6,8
39603,0,1
39604,6,8
39605,9,7
39606,4,0
39607,5,4
39608,6,8
39609,6,8
39610,3,6
39611,6,8
39612,4,0
39613,5,9
39614,9,9
39615,4,0
39616,5,7
39617,2,3
39618,2,3
39619,2,3
39620,4,0
39621,9,9
39622,1,1
39623,4,0
39624,4,0
39625,7,5
39626,3,6
39627,3,2
39628,4,0
39629,7,5
39630,3,6
39631,3,0
39632,3,6
39633,5,9
39634,5,4
39635,5,4
39636,5,4
39637,0,1
39638,5,4
39639,3,0
39640,5,9
39641,2,3
39642,5,9
39643,9,7
39644,8,2
39645,7,5
39646,1,1
39647,0,8
39648,5,9
39649,9,7
39650,3,6
39651,9,7
39652,0,1
39653,6,8
39654,5,9
39655,8,2
39656,3,0
39657,9,9
39658,6,8
39659,9,7
39660,5,9
39661,0,1
39662,6,8
39663,8,2
39664,4,0
39665,3,6
39666,2,5
39667,5,4
39668,5,8
39669,8,2
39670,5,4
39671,7,5
39672,5,7
39673,3,2
39674,5,4
39675,2,3
39676,9,7
39677,3,6
39678,1,3
39679,3,6
39680,5,4
39681,7,5
39682,8,2
39683,3,0
39684,1,1
39685,4,0
39686,2,3
39687,9,7
39688,8,2
39689,7,5
39690,5,4
39691,8,2
39692,5,9
39693,6,8
39694,5,9
39695,0,1
39696,2,3
39697,3,6
39698,8,2
39699,0,1
39700,7,5
39701,4,0
39702,5,9
39703,5,4
39704,2,3
39705,6,3
39706,2,3
39707,0,1
39708,9,2
39709,3,6
39710,4,0
39711,0,1
39712,5,7
39713,0,9
39714,4,0
39715,4,0
39716,1,1
39717,1,1
39718,5,9
39719,8,2
39720,5,4
39721,2,3
39722,2,5
39723,5,4
39724,5,9
39725,7,5
39726,8,2
39727,3,6
39728,2,3
39729,9,7
39730,5,4
39731,0,8
39732,5,9
39733,9,9
39734,8,2
39735,4,0
39736,3,6
39737,0,1
39738,5,4
39739,8,2
39740,4,0
39741,2,3
39742,3,6
39743,5,4
39744,2,3
39745,7,5
39746,4,0
39747,7,6
39748,7,5
39749,9,7
39750,5,9
39751,0,8
39752,1,7
39753,9,9
39754,5,9
39755,4,0
39756,6,8
39757,0,1
39758,4,0
39759,8,2
39760,9,7
39761,2,3
39762,5,9
39763,5,4
39764,6,8
39765,7,5
39766,3,6
39767,7,6
39768,2,3
39769,9,7
39770,2,3
39771,0,8
39772,8,2
39773,7,5
39774,2,3
39775,4,0
39776,1,1
39777,3,6
39778,4,8
39779,0,8
39780,7,5
39781,9,9
39782,1,1
39783,5,4
39784,9,7
39785,0,1
39786,2,3
39787,9,9
39788,4,0
39789,4,0
39790,8,2
39791,5,4
39792,3,6
39793,0,8
39794,8,2
39795,9,9
39796,1,1
39797,0,1
39798,2,3
39799,5,4
39800,4,0
39801,4,0
39802,5,9
39803,7,5
39804,2,3
39805,1,1
39806,6,8
39807,7,5
39808,2,5
39809,5,4
39810,8,2
39811,4,0
39812,5,4
39813,9,7
39814,2,3
39815,3,6
39816,5,9
39817,4,0
39818,1,1
39819,0,1
39820,1,3
39821,9,7
39822,5,9
39823,4,0
39824,3,6
39825,3,6
39826,9,7
39827,6,8
39828,1,1
39829,9,9
39830,1,1
39831,7,5
39832,7,8
39833,5,4
39834,9,9
39835,9,7
39836,2,3
39837,3,6
39838,1,1
39839,4,0
39840,8,2
39841,0,8
39842,5,9
39843,0,1
39844,5,4
39845,9,7
39846,1,1
39847,9,7
39848,4,0
39849,0,1
39850,4,0
39851,2,3
39852,2,3
39853,8,2
39854,4,0
39855,2,3
39856,4,0
39857,0,1
39858,7,5
39859,4,0
39860,8,2
39861,4,0
39862,8,2
39863,9,7
39864,6,8
39865,0,8
39866,5,4
39867,5,4
39868,9,7
39869,9,9
39870,3,6
39871,2,3
39872,6,8
39873,0,8
39874,4,0
39875,9,4
39876,6,8
39877,9,7
39878,1,1
39879,8,2
39880,9,7
39881,7,5
39882,6,8
39883,3,6
39884,2,3
39885,8,3
39886,5,4
39887,3,6
39888,1,1
39889,9,9
39890,4,0
39891,5,4
39892,8,2
39893,3,6
39894,5,4
39895,9,9
39896,1,1
39897,4,0
39898,4,0
39899,8,2
39900,2,3
39901,7,5
39902,6,8
39903,7,5
39904,2,3
39905,0,1
39906,4,0
39907,2,3
39908,3,6
39909,8,3
39910,2,5
39911,9,9
39912,0,1
39913,5,7
39914,8,2
39915,0,8
39916,5,4
39917,9,7
39918,8,2
39919,8,2
39920,9,7
39921,5,2
39922,6,8
39923,7,5
39924,5,9
39925,9,7
39926,5,8
39927,9,9
39928,2,3
39929,8,2
39930,8,2
39931,0,1
39932,5,9
39933,2,3
39934,3,6
39935,4,0
39936,1,1
39937,0,1
39938,0,8
39939,8,2
39940,7,5
39941,2,3
39942,5,9
39943,5,4
39944,4,0
39945,2,5
39946,7,5
39947,3,6
39948,6,8
39949,9,7
39950,1,1
39951,6,8
39952,2,5
39953,9,9
39954,5,4
39955,4,0
39956,4,0
39957,1,1
39958,7,5
39959,8,2
39960,4,0
39961,2,3
39962,2,5
39963,5,4
39964,7,5
39965,7,5
39966,7,5
39967,3,6
39968,4,0
39969,9,7
39970,8,2
39971,6,8
39972,2,5
39973,9,9
39974,5,9
39975,4,0
39976,5,4
39977,0,1
39978,2,5
39979,8,2
39980,0,1
39981,2,3
39982,2,3
39983,5,4
39984,1,1
39985,7,5
39986,1,1
39987,3,6
39988,1,1
39989,9,7
39990,5,4
39991,6,8
39992,4,0
39993,9,9
39994,5,8
39995,6,8
39996,7,5
39997,9,9
39998,5,9
39999,3,5
40000,9,7
40001,9,7
40002,4,0
40003,4,0
40004,1,1
40005,2,3
40006,5,9
40007,0,1
40008,1,5
40009,3,6
40010,3,6
40011,6,8
40012,5,8
40013,5,4
40014,2,5
40015,0,1
40016,2,8
40017,9,7
40018,9,7
40019,3,6
40020,2,3
40021,7,5
40022,3,8
40023,3,6
40024,1,1
40025,5,4
40026,5,9
40027,8,2
40028,5,9
40029,9,7
40030,5,4
40031,6,8
40032,7,5
40033,0,1
40034,3,6
40035,2,3
40036,3,6
40037,8,2
40038,4,0
40039,4,0
40040,4,0
40041,2,5
40042,4,0
40043,4,0
40044,8,2
40045,1,1
40046,9,7
40047,9,9
40048,6,8
40049,8,2
40050,9,9
40051,2,3
40052,1,1
40053,8,2
40054,8,2
40055,2,3
40056,1,1
40057,7,5
40058,1,1
40059,7,5
40060,9,7
40061,9,7
40062,5,4
40063,9,9
40064,1,8
40065,5,9
40066,5,4
40067,9,7
40068,2,3
40069,0,1
40070,9,7
40071,1,1
40072,3,6
40073,9,9
40074,4,0
40075,4,0
40076,1,2
40077,9,7
40078,2,3
40079,2,3
40080,9,7
40081,5,4
40082,4,0
40083,6,8
40084,8,2
40085,3,6
40086,1,1
40087,0,3
40088,3,5
40089,6,8
40090,8,2
40091,4,0
40092,6,8
40093,3,6
40094,5,4
40095,8,2
40096,8,2
40097,1,1
40098,1,1
40099,4,0
40100,2,3
40101,1,1
40102,5,9
40103,4,0
40104,2,3
40105,3,6
40106,6,8
40107,8,2
40108,4,0
40109,2,3
40110,6,8
40111,6,8
40112,5,4
40113,9,9
40114,9,7
40115,4,0
40116,5,4
40117,9,7
40118,9,7
40119,8,2
40120,8,2
40121,2,3
40122,4,0
40123,5,4
40124,3,6
40125,7,5
40126,9,9
40127,2,5
40128,5,9
40129,8,2
40130,5,4
40131,6,8
40132,1,1
40133,7,5
40134,6,8
40135,5,4
40136,5,9
40137,3,6
40138,9,8
40139,3,6
40140,1,1
40141,3,6
40142,1,1
40143,9,7
40144,2,5
40145,9,9
40146,6,8
40147,1,1
40148,1,1
40149,6,8
40150,4,0
40151,8,2
40152,8,2
40153,1,1
40154,7,5
40155,8,2
40156,5,4
40157,3,6
40158,2,8
40159,7,5
40160,8,2
40161,2,3
40162,4,0
40163,5,4
40164,5,4
40165,9,7
40166,2,3
40167,9,9
40168,5,4
40169,5,4
40170,9,7
40171,4,0
40172,7,5
40173,4,0
40174,5,9
40175,7,5
40176,3,6
40177,9,9
40178,1,1
40179,4,0
40180,4,0
40181,0,1
40182,7,5
40183,8,2
40184,2,3
40185,2,3
40186,9,7
40187,5,4
40188,4,0
40189,7,5
40190,1,1
40191,3,6
40192,6,8
40193,9,7
40194,7,5
40195,6,8
40196,1,1
40197,5,9
40198,8,2
40199,4,0
40200,4,0
40201,0,1
40202,2,3
40203,8,2
40204,9,7
40205,2,3
40206,8,2
40207,7,5
40208,4,0
40209,3,6
40210,1,1
40211,9,7
40212,8,2
40213,0,8
40214,9,7
40215,9,9
40216,9,7
40217,4,0
40218,4,0
40219,0,1
40220,1,1
40221,8,2
40222,9,7
40223,2,3
40224,5,4
40225,5,4
40226,5,4
40227,7,5
40228,4,0
40229,3,6
40230,3,6
40231,9,7
40232,9,7
40233,6,8
40234,5,4
40235,9,9
40236,5,4
40237,4,0
40238,5,4
40239,9,7
40240,0,0
40241,4,0
40242,9,7
40243,9,7
40244,3,6
40245,6,8
40246,4,0
40247,2,3
40248,1,1
40249,4,0
40250,5,9
40251,4,0
40252,6,8
40253,7,5
40254,2,3
40255,7,5
40256,2,3
40257,2,3
40258,7,5
40259,0,8
40260,4,0
40261,0,8
40262,4,0
40263,0,1
40264,5,9
40265,0,8
40266,4,0
40267,0,4
40268,2,5
40269,9,9
40270,5,9
40271,3,6
40272,8,2
40273,0,1
40274,6,8
40275,6,8
40276,1,1
40277,4,0
40278,3,6
40279,8,2
40280,3,0
40281,2,3
40282,3,6
40283,9,9
40284,4,0
40285,0,4
40286,4,0
40287,0,1
40288,1,4
40289,8,2
40290,7,5
40291,7,5
40292,9,9
40293,9,9
40294,1,1
40295,0,8
40296,6,8
40297,9,9
40298,1,3
40299,5,4
40300,5,9
40301,2,3
40302,5,9
40303,4,0
40304,6,6
40305,2,3
40306,6,8
40307,2,3
40308,9,7
40309,0,4
40310,1,1
40311,9,7
40312,4,0
40313,4,0
40314,1,1
40315,0,1
40316,5,4
40317,5,9
40318,8,2
40319,0,1
40320,4,0
40321,8,2
40322,4,0
40323,9,7
40324,6,8
40325,5,9
40326,2,5
40327,0,1
40328,5,9
40329,4,0
40330,5,9
40331,3,6
40332,3,6
40333,8,2
40334,5,4
40335,4,0
40336,4,0
40337,2,3
40338,9,7
40339,6,8
40340,4,0
40341,9,9
40342,3,6
40343,0,4
40344,9,7
40345,8,2
40346,7,5
40347,7,5
40348,1,1
40349,3,6
40350,7,5
40351,3,6
40352,1,1
40353,7,5
40354,5,4
40355,3,6
40356,3,6
40357,9,7
40358,9,7
40359,0,1
40360,8,2
40361,5,4
40362,1,1
40363,0,4
40364,6,8
40365,8,2
40366,8,2
40367,3,6
40368,9,7
40369,8,2
40370,9,7
40371,5,9
40372,5,9
40373,1,1
40374,2,3
40375,2,3
40376,8,2
40377,1,1
40378,8,7
40379,5,4
40380,1,1
40381,6,8
40382,2,3
40383,3,6
40384,2,3
40385,2,3
40386,5,7
40387,9,7
40388,8,2
40389,4,0
40390,4,0
40391,5,9
40392,1,4
40393,7,5
40394,3,6
40395,3,6
40396,4,0
40397,9,7
40398,6,8
40399,0,1
40400,4,0
40401,2,3
40402,5,4
40403,6,8
40404,2,3
40405,8,2
40406,9,7
40407,3,6
40408,6,8
40409,8,2
40410,2,8
40411,3,6
40412,4,0
40413,8,2
40414,4,0
40415,9,7
40416,8,2
40417,6,8
40418,4,0
40419,9,7
40420,8,2
40421,4,0
40422,2,5
40423,0,1
40424,5,4
40425,8,2
40426,5,4
40427,2,3
40428,4,0
40429,5,4
40430,9,7
40431,7,5
40432,7,5
40433,3,6
40434,7,5
40435,9,7
40436,9,7
40437,6,8
40438,1,1
40439,9,9
40440,5,9
40441,4,0
40442,9,7
40443,0,1
40444,5,4
40445,8,2
40446,5,9
40447,2,3
40448,5,9
40449,5,4
40450,5,4
40451,9,7
40452,2,3
40453,6,8
40454,4,0
40455,9,9
40456,4,0
40457,4,0
40458,5,9
40459,0,1
40460,5,4
40461,8,2
40462,2,3
40463,2,3
40464,1,1
40465,9,7
40466,3,8
40467,6,8
40468,1,1
40469,9,9
40470,9,7
40471,4,0
40472,6,8
40473,7,5
40474,3,5
40475,3,6
40476,9,7
40477,9,9
40478,7,5
40479,4,0
40480,1,3
40481,7,3
40482,1,1
40483,2,3
40484,3,6
40485,9,9
40486,4,0
40487,5,9
40488,6,8
40489,0,5
40490,2,3
40491,3,6
40492,4,6
40493,5,4
40494,1,0
40495,5,4
40496,5,4
40497,8,2
40498,8,2
40499,9,9
40500,9,7
40501,3,6
40502,2,3
40503,6,8
40504,1,1
40505,0,7
40506,9,7
40507,9,9
40508,9,9
40509,0,1
40510,9,7
40511,7,5
40512,9,7
40513,8,2
40514,3,6
40515,3,6
40516,1,1
40517,2,3
40518,7,5
40519,5,4
40520,2,3
40521,4,0
40522,5,9
40523,5,4
40524,9,7
40525,0,1
40526,3,6
40527,3,6
40528,5,9
40529,5,4
40530,5,2
40531,9,9
40532,2,3
40533,3,6
40534,7,5
40535,7,5
40536,0,2
40537,0,1
40538,3,6
40539,8,2
40540,2,3
40541,3,6
40542,8,2
40543,3,6
40544,4,0
40545,9,7
40546,7,5
40547,0,8
40548,5,4
40549,0,8
40550,2,3
40551,0,1
40552,5,4
40553,6,8
40554,3,6
40555,2,3
40556,8,2
40557,9,7
40558,6,8
40559,9,7
40560,3,6
40561,0,1
40562,8,2
40563,4,0
40564,3,6
40565,4,0
40566,8,2
40567,7,5
40568,1,1
40569,8,2
40570,2,3
40571,6,8
40572,2,3
40573,5,4
40574,2,3
40575,2,3
40576,5,4
40577,0,1
40578,2,3
40579,6,8
40580,1,2
40581,8,2
40582,4,0
40583,9,9
40584,5,9
40585,9,9
40586,4,0
40587,0,5
40588,2,3
40589,8,2
40590,9,7
40591,7,6
40592,6,2
40593,5,4
40594,3,6
40595,0,8
40596,3,6
40597,8,2
40598,8,2
40599,0,5
40600,5,4
40601,5,4
40602,5,4
40603,9,7
40604,1,1
40605,0,1
40606,5,4
40607,8,2
40608,5,9
40609,3,6
40610,1,1
40611,4,0
40612,4,0
40613,4,0
40614,8,2
40615,1,1
40616,3,6
40617,8,2
40618,2,3
40619,2,3
40620,2,3
40621,5,4
40622,8,2
40623,7,5
40624,7,5
40625,3,6
40626,6,8
40627,9,7
40628,5,9
40629,6,8
40630,4,0
40631,5,9
40632,8,2
40633,4,0
40634,9,9
40635,0,1
40636,2,3
40637,8,2
40638,9,7
40639,2,3
40640,2,5
40641,3,6
40642,3,6
40643,9,7
40644,1,1
40645,6,8
40646,5,8
40647,9,9
40648,4,0
40649,4,0
40650,3,6
40651,0,1
40652,6,8
40653,8,2
40654,5,5
40655,2,3
40656,5,9
40657,5,4
40658,1,1
40659,7,5
40660,1,4
40661,3,6
40662,2,3
40663,9,7
40664,1,1
40665,6,8
40666,9,9
40667,9,9
40668,9,7
40669,7,5
40670,5,9
40671,5,4
40672,5,4
40673,6,8
40674,2,5
40675,9,7
40676,3,6
40677,5,4
40678,7,5
40679,9,7
40680,5,4
40681,9,7
40682,1,1
40683,2,3
40684,5,7
40685,5,9
40686,8,2
40687,6,8
40688,7,5
40689,6,8
40690,4,0
40691,2,3
40692,1,1
40693,0,1
40694,1,1
40695,7,5
40696,1,1
40697,6,8
40698,6,8
40699,8,2
40700,5,7
40701,9,7
40702,5,4
40703,5,4
40704,5,5
40705,8,2
40706,7,8
40707,3,6
40708,2,8
40709,5,4
40710,9,7
40711,7,5
40712,5,7
40713,7,5
40714,1,1
40715,6,8
40716,1,1
40717,3,6
40718,6,2
40719,5,4
40720,2,3
40721,5,4
40722,2,3
40723,5,4
40724,1,1
40725,0,1
40726,2,8
40727,6,8
40728,9,7
40729,9,7
40730,9,7
40731,7,5
40732,4,0
40733,7,5
40734,2,3
40735,0,1
40736,7,5
40737,6,8
40738,7,5
40739,2,3
40740,8,2
40741,3,6
40742,9,7
40743,2,3
40744,1,1
40745,2,3
40746,4,0
40747,8,2
40748,7,5
40749,8,2
40750,6,8
40751,3,6
40752,7,3
40753,9,9
40754,3,6
40755,9,9
40756,7,5
40757,3,6
40758,6,8
40759,7,5
40760,4,0
40761,7,5
40762,5,9
40763,2,3
40764,5,9
40765,2,3
40766,5,4
40767,6,8
40768,9,7
40769,0,1
40770,1,1
40771,3,6
40772,5,9
40773,7,5
40774,9,7
40775,7,6
40776,7,5
40777,6,8
40778,4,0
40779,0,1
40780,4,0
40781,5,9
40782,6,2
40783,9,7
40784,9,7
40785,3,6
40786,5,9
40787,6,8
40788,8,2
40789,2,3
40790,1,1
40791,9,7
40792,6,8
40793,5,4
40794,9,7
40795,9,7
40796,1,1
40797,4,0
40798,3,6
40799,9,9
40800,9,9
40801,4,0
40802,1,1
40803,4,0
40804,5,9
40805,2,3
40806,5,4
40807,9,7
40808,6,8
40809,9,9
40810,9,7
40811,2,3
40812,8,2
40813,4,0
40814,6,8
40815,8,2
40816,8,2
40817,4,0
40818,2,3
40819,0,1
40820,4,0
40821,4,0
40822,9,7
40823,0,1
40824,7,5
40825,4,0
40826,1,1
40827,5,4
40828,3,6
40829,4,0
40830,2,3
40831,0,1
40832,8,2
40833,4,0
40834,5,4
40835,5,4
40836,2,3
40837,9,7
40838,9,7
40839,9,9
40840,2,5
40841,8,2
40842,5,4
40843,4,0
40844,4,0
40845,3,6
40846,5,4
40847,8,2
40848,1,1
40849,3,6
40850,4,0
40851,8,2
40852,2,8
40853,8,2
40854,9,9
40855,9,9
40856,6,8
40857,9,9
40858,2,3
40859,4,0
40860,1,1
40861,1,1
40862,3,6
40863,8,2
40864,1,1
40865,2,3
40866,2,3
40867,5,4
40868,7,5
40869,7,5
40870,8,2
40871,3,6
40872,9,7
40873,9,7
40874,3,6
40875,6,8
40876,5,9
40877,4,0
40878,1,1
40879,1,1
40880,1,1
40881,8,2
40882,1,8
40883,2,3
40884,1,1
40885,5,4
40886,1,2
40887,2,5
40888,4,0
40889,3,6
40890,5,9
40891,9,7
40892,2,3
40893,6,8
40894,7,6
40895,4,0
40896,0,1
40897,1,1
40898,2,3
40899,8,2
40900,8,2
40901,2,3
40902,7,5
40903,5,4
40904,2,3
40905,2,5
40906,9,7
40907,3,6
40908,1,1
40909,1,1
40910,5,4
40911,9,7
40912,5,4
40913,5,4
40914,2,3
40915,4,0
40916,9,7
40917,3,6
40918,1,1
40919,5,4
40920,7,5
40921,1,1
40922,4,0
40923,5,4
40924,0,1
40925,2,3
40926,2,3
40927,3,6
40928,6,8
40929,8,2
40930,7,5
40931,2,3
40932,2,3
40933,5,4
40934,5,4
40935,6,8
40936,8,2
40937,5,7
40938,5,9
40939,6,8
40940,2,3
40941,3,6
40942,4,8
40943,5,9
40944,1,1
40945,6,8
40946,5,4
40947,2,3
40948,8,2
40949,8,2
40950,5,4
40951,8,2
40952,1,6
40953,6,8
40954,1,1
40955,5,4
40956,8,2
40957,6,8
40958,4,0
40959,2,5
40960,6,8
40961,3,6
40962,2,3
40963,2,5
40964,2,5
40965,4,0
40966,2,5
40967,8,2
40968,1,2
40969,4,0
40970,5,4
40971,1,1
40972,7,5
40973,1,1
40974,1,1
40975,8,2
40976,6,1
40977,5,9
40978,5,9
40979,3,6
40980,3,6
40981,6,8
40982,0,1
40983,1,1
40984,5,9
40985,8,2
40986,3,6
40987,1,1
40988,8,2
40989,4,0
40990,5,4
40991,3,6
40992,5,4
40993,2,5
40994,5,9
40995,8,2
40996,2,3
40997,5,9
40998,6,8
40999,1,1
41000,7,5
41001,2,5
41002,9,7
41003,2,3
41004,8,2
41005,5,9
41006,5,4
41007,2,3
41008,5,9
41009,9,7
41010,2,3
41011,1,1
41012,3,0
41013,6,8
41014,5,9
41015,2,3
41016,3,5
41017,6,8
41018,3,6
41019,1,1
41020,5,4
41021,5,9
41022,5,4
41023,7,5
41024,9,7
41025,2,5
41026,9,7
41027,4,0
41028,5,4
41029,1,1
41030,4,0
41031,1,1
41032,7,5
41033,5,9
41034,6,8
41035,6,8
41036,5,4
41037,8,2
41038,4,0
41039,3,6
41040,5,9
41041,4,0
41042,5,9
41043,5,4
41044,9,7
41045,7,5
41046,6,8
41047,3,6
41048,2,3
41049,7,5
41050,3,6
41051,4,0
41052,4,0
41053,2,3
41054,5,7
41055,1,1
41056,4,0
41057,6,8
41058,5,9
41059,3,6
41060,3,6
41061,9,7
41062,9,7
41063,2,5
41064,6,8
41065,5,9
41066,5,4
41067,2,3
41068,5,4
41069,4,0
41070,5,9
41071,2,3
41072,4,5
41073,1,1
41074,8,2
41075,5,4
41076,0,1
41077,4,0
41078,6,8
41079,5,4
41080,8,2
41081,5,9
41082,8,2
41083,9,7
41084,9,9
41085,2,3
41086,3,6
41087,8,2
41088,5,7
41089,3,6
41090,1,1
41091,2,5
41092,2,8
41093,5,4
41094,7,5
41095,9,7
41096,5,4
41097,5,9
41098,5,4
41099,9,7
41100,4,0
41101,4,0
41102,5,9
41103,0,1
41104,1,1
41105,8,2
41106,6,8
41107,2,3
41108,3,0
41109,5,4
41110,2,3
41111,3,6
41112,8,2
41113,9,7
41114,5,9
41115,6,8
41116,5,9
41117,4,0
41118,6,8
41119,0,1
41120,5,4
41121,8,2
41122,4,0
41123,2,3
41124,6,8
41125,0,4
41126,4,0
41127,7,5
41128,5,9
41129,3,6
41130,6,8
41131,9,7
41132,6,8
41133,6,8
41134,1,6
41135,9,9
41136,2,3
41137,4,0
41138,4,0
41139,0,1
41140,2,5
41141,8,2
41142,3,6
41143,2,3
41144,3,5
41145,5,4
41146,1,1
41147,0,5
41148,9,7
41149,3,6
41150,1,1
41151,9,7
41152,7,5
41153,6,8
41154,6,8
41155,9,9
41156,4,0
41157,3,6
41158,4,0
41159,5,4
41160,3,6
41161,9,7
41162,5,9
41163,5,4
41164,9,7
41165,2,3
41166,5,4
41167,3,6
41168,9,7
41169,8,2
41170,3,6
41171,2,3
41172,3,6
41173,0,4
41174,9,7
41175,6,8
41176,9,7
41177,9,9
41178,5,9
41179,8,2
41180,5,8
41181,8,2
41182,8,2
41183,6,8
41184,9,7
41185,7,5
41186,2,5
41187,4,0
41188,3,6
41189,8,2
41190,3,6
41191,4,0
41192,5,4
41193,0,1
41194,9,7
41195,0,1
41196,5,9
41197,8,2
41198,3,6
41199,9,9
41200,2,8
41201,3,6
41202,7,5
41203,6,8
41204,9,2
41205,0,1
41206,5,4
41207,8,2
41208,7,5
41209,0,1
41210,1,1
41211,4,0
41212,2,3
41213,3,6
41214,3,6
41215,7,5
41216,8,2
41217,8,2
41218,1,8
41219,5,9
41220,5,4
41221,9,7
41222,1,1
41223,7,5
41224,9,7
41225,2,3
41226,1,1
41227,9,9
41228,4,0
41229,2,3
41230,7,5
41231,6,8
41232,9,7
41233,2,3
41234,6,2
41235,6,8
41236,9,7
41237,0,1
41238,1,1
41239,9,9
41240,9,7
41241,0,5
41242,3,6
41243,7,5
41244,9,7
41245,4,0
41246,3,6
41247,0,1
41248,1,1
41249,0,1
41250,9,7
41251,5,9
41252,4,0
41253,6,8
41254,2,9
41255,8,2
41256,8,2
41257,3,6
41258,0,5
41259,4,0
41260,8,2
41261,3,6
41262,3,6
41263,7,5
41264,8,2
41265,4,0
41266,1,1
41267,2,3
41268,1,6
41269,0,1
41270,5,9
41271,6,8
41272,3,6
41273,3,6
41274,5,9
41275,9,7
41276,9,2
41277,7,5
41278,7,5
41279,5,9
41280,5,7
41281,5,9
41282,1,1
41283,2,3
41284,9,2
41285,4,0
41286,4,0
41287,2,3
41288,4,0
41289,0,1
41290,8,2
41291,4,0
41292,3,2
41293,0,4
41294,8,2
41295,5,9
41296,4,0
41297,9,7
41298,5,4
41299,6,3
41300,9,7
41301,8,2
41302,9,9
41303,3,6
41304,6,8
41305,7,5
41306,9,9
41307,0,4
41308,3,6
41309,9,7
41310,9,7
41311,9,9
41312,2,5
41313,9,7
41314,2,5
41315,4,0
41316,3,6
41317,2,3
41318,4,0
41319,0,4
41320,4,0
41321,7,5
41322,7,5
41323,7,6
41324,0,7
41325,9,7
41326,5,9
41327,0,8
41328,9,7
41329,9,9
41330,8,2
41331,4,0
41332,1,1
41333,0,1
41334,2,9
41335,8,2
41336,9,7
41337,2,3
41338,4,0
41339,9,7
41340,1,2
41341,4,0
41342,5,4
41343,2,3
41344,3,6
41345,0,7
41346,3,6
41347,0,8
41348,8,2
41349,5,9
41350,4,0
41351,3,6
41352,4,0
41353,4,0
41354,5,4
41355,0,4
41356,2,3
41357,4,0
41358,4,0
41359,6,8
41360,1,1
41361,3,6
41362,9,7
41363,7,8
41364,9,9
41365,9,7
41366,8,2
41367,0,7
41368,4,0
41369,0,9
41370,2,5
41371,4,0
41372,0,1
41373,0,4
41374,4,0
41375,0,9
41376,4,0
41377,0,9
41378,2,3
41379,0,7
41380,7,6
41381,5,4
41382,8,2
41383,4,0
41384,4,0
41385,2,3
41386,1,1
41387,7,5
41388,4,0
41389,7,5
41390,7,5
41391,2,3
41392,1,1
41393,0,8
41394,6,8
41395,9,9
41396,5,8
41397,8,2
41398,8,2
41399,8,2
41400,3,6
41401,4,0
41402,7,5
41403,0,9
41404,2,3
41405,9,7
41406,4,0
41407,2,3
41408,3,6
41409,0,1
41410,3,6
41411,2,3
41412,4,0
41413,3,6
41414,9,7
41415,3,6
41416,2,8
41417,8,2
41418,1,1
41419,0,1
41420,8,2
41421,8,2
41422,5,9
41423,3,6
41424,1,1
41425,4,0
41426,3,4
41427,8,2
41428,2,3
41429,8,2
41430,3,6
41431,6,8
41432,4,0
41433,0,9
41434,4,9
41435,7,5
41436,2,3
41437,0,1
41438,1,2
41439,7,6
41440,5,4
41441,0,8
41442,3,6
41443,4,0
41444,5,4
41445,4,0
41446,1,1
41447,4,0
41448,9,7
41449,0,1
41450,9,7
41451,8,2
41452,3,6
41453,4,3
41454,1,1
41455,0,4
41456,5,4
41457,0,5
41458,8,2
41459,3,6
41460,8,2
41461,9,7
41462,7,5
41463,0,8
41464,2,8
41465,4,0
41466,8,2
41467,0,1
41468,3,8
41469,8,2
41470,9,7
41471,2,3
41472,9,7
41473,5,4
41474,1,1
41475,0,5
41476,2,3
41477,3,6
41478,9,2
41479,9,7
41480,5,9
41481,0,8
41482,5,4
41483,0,9
41484,8,2
41485,4,0
41486,7,5
41487,0,1
41488,3,6
41489,8,2
41490,4,0
41491,2,3
41492,1,1
41493,9,7
41494,2,3
41495,0,8
41496,9,7
41497,9,9
41498,7,5
41499,5,4
41500,3,6
41501,9,9
41502,5,9
41503,9,9
41504,6,8
41505,0,8
41506,4,0
41507,8,3
41508,3,6
41509,7,5
41510,5,9
41511,5,4
41512,8,2
41513,7,3
41514,1,1
41515,7,3
41516,8,2
41517,3,6
41518,1,1
41519,3,6
41520,5,7
41521,7,5
41522,7,5
41523,7,5
41524,1,1
41525,0,1
41526,1,1
41527,0,7
41528,5,4
41529,0,8
41530,9,7
41531,5,4
41532,9,7
41533,7,5
41534,4,0
41535,9,7
41536,1,1
41537,7,3
41538,3,6
41539,7,5
41540,1,2
41541,8,2
41542,1,1
41543,2,3
41544,4,8
41545,3,6
41546,3,6
41547,3,6
41548,2,5
41549,0,7
41550,6,8
41551,9,7
41552,2,3
41553,4,0
41554,1,1
41555,0,1
41556,4,0
41557,4,0
41558,9,7
41559,0,1
41560,6,8
41561,3,6
41562,1,9
41563,9,9
41564,6,8
41565,7,3
41566,7,5
41567,0,1
41568,5,4
41569,5,4
41570,4,0
41571,9,7
41572,4,6
41573,7,3
41574,5,4
41575,7,8
41576,5,4
41577,3,6
41578,6,8
41579,8,2
41580,5,4
41581,8,2
41582,7,5
41583,9,9
41584,9,7
41585,0,1
41586,3,6
41587,0,5
41588,4,0
41589,9,9
41590,2,3
41591,0,1
41592,6,8
41593,8,2
41594,5,9
41595,8,2
41596,1,1
41597,9,7
41598,2,8
41599,9,9
41600,1,1
41601,9,7
41602,7,5
41603,9,9
41604,9,7
41605,9,9
41606,4,0
41607,0,1
41608,2,3
41609,4,0
41610,7,5
41611,0,8
41612,4,0
41613,0,9
41614,4,0
41615,0,7
41616,4,0
41617,4,0
41618,3,5
41619,2,3
41620,4,0
41621,0,8
41622,1,8
41623,0,1
41624,2,3
41625,5,4
41626,5,4
41627,4,0
41628,7,5
41629,2,3
41630,9,7
41631,3,6
41632,2,3
41633,8,2
41634,4,0
41635,4,0
41636,3,6
41637,0,1
41638,1,1
41639,2,3
41640,1,1
41641,0,1
41642,3,6
41643,4,0
41644,5,9
41645,9,9
41646,4,0
41647,4,0
41648,5,4
41649,1,1
41650,9,7
41651,8,2
41652,6,8
41653,2,3
41654,3,6
41655,5,4
41656,9,7
41657,7,5
41658,1,1
41659,3,6
41660,9,7
41661,9,7
41662,8,2
41663,6,8
41664,5,4
41665,9,9
41666,3,6
41667,4,0
41668,9,2
41669,0,1
41670,2,5
41671,5,4
41672,8,2
41673,7,5
41674,7,5
41675,3,6
41676,3,6
41677,0,7
41678,5,4
41679,6,8
41680,5,4
41681,9,9
41682,7,5
41683,4,0
41684,5,9
41685,0,1
41686,5,4
41687,8,2
41688,3,6
41689,2,3
41690,3,6
41691,5,4
41692,9,7
41693,7,5
41694,1,1
41695,3,6
41696,4,0
41697,9,7
41698,9,7
41699,6,8
41700,9,7
41701,5,9
41702,8,2
41703,3,6
41704,2,3
41705,6,8
41706,5,9
41707,9,7
41708,8,2
41709,6,8
41710,8,2
41711,3,6
41712,6,8
41713,4,0
41714,5,4
41715,0,1
41716,5,4
41717,9,7
41718,6,8
41719,7,5
41720,2,3
41721,8,2
41722,5,4
41723,0,1
41724,5,4
41725,9,7
41726,3,6
41727,2,3
41728,1,1
41729,4,0
41730,8,2
41731,7,5
41732,0,1
41733,1,1
41734,5,9
41735,3,6
41736,3,6
41737,7,5
41738,5,9
41739,0,1
41740,2,3
41741,8,2
41742,9,3
41743,4,0
41744,1,1
41745,8,2
41746,3,6
41747,2,3
41748,1,1
41749,5,4
41750,1,1
41751,6,8
41752,7,5
41753,2,3
41754,7,5
41755,2,3
41756,3,0
41757,3,6
41758,1,8
41759,7,5
41760,9,7
41761,5,9
41762,9,7
41763,5,9
41764,6,8
41765,2,3
41766,8,2
41767,2,3
41768,5,9
41769,9,7
41770,4,0
41771,5,9
41772,6,5
41773,2,3
41774,5,4
41775,5,4
41776,2,3
41777,0,1
41778,3,6
41779,0,7
41780,5,4
41781,2,3
41782,3,6
41783,9,9
41784,1,1
41785,3,6
41786,7,5
41787,9,9
41788,9,7
41789,4,0
41790,3,6
41791,9,9
41792,5,9
41793,3,6
41794,8,2
41795,4,0
41796,5,4
41797,3,6
41798,7,5
41799,0,1
41800,3,6
41801,6,8
41802,3,2
41803,7,5
41804,5,4
41805,0,1
41806,4,0
41807,4,0
41808,7,5
41809,0,1
41810,4,0
41811,4,0
41812,1,1
41813,9,9
41814,3,6
41815,7,5
41816,1,1
41817,9,9
41818,5,4
41819,4,0
41820,2,3
41821,8,2
41822,2,3
41823,1,1
41824,1,1
41825,5,4
41826,1,1
41827,9,9
41828,3,6
41829,3,6
41830,8,2
41831,6,8
41832,0,2
41833,5,9
41834,2,3
41835,8,2
41836,1,1
41837,4,0
41838,5,4
41839,0,1
41840,5,9
41841,8,2
41842,3,6
41843,2,3
41844,9,7
41845,5,4
41846,5,4
41847,7,5
41848,3,6
41849,3,6
41850,2,3
41851,9,7
41852,1,1
41853,6,8
41854,9,7
41855,9,9
41856,4,0
41857,4,0
41858,1,1
41859,0,1
41860,6,2
41861,8,2
41862,1,1
41863,2,3
41864,5,4
41865,5,4
41866,6,8
41867,7,5
41868,7,5
41869,3,6
41870,5,4
41871,9,7
41872,9,7
41873,6,8
41874,3,6
41875,9,9
41876,3,6
41877,4,0
41878,8,2
41879,0,1
41880,4,0
41881,8,2
41882,2,8
41883,2,3
41884,1,1
41885,5,4
41886,5,4
41887,7,5
41888,1,1
41889,3,6
41890,3,6
41891,9,7
41892,9,7
41893,6,8
41894,0,1
41895,5,9
41896,4,0
41897,0,1
41898,1,1
41899,3,6
41900,1,2
41901,6,8
41902,2,3
41903,5,9
41904,7,5
41905,5,9
41906,5,4
41907,4,0
41908,1,1
41909,0,1
41910,9,7
41911,8,2
41912,3,6
41913,5,4
41914,1,1
41915,5,4
41916,8,2
41917,2,3
41918,5,9
41919,9,7
41920,9,7
41921,5,4
41922,4,0
41923,5,4
41924,5,9
41925,5,4
41926,2,5
41927,4,0
41928,9,7
41929,2,3
41930,5,4
41931,6,8
41932,9,9
41933,0,5
41934,7,5
41935,6,8
41936,8,2
41937,8,2
41938,7,5
41939,0,1
41940,3,6
41941,9,7
41942,5,9
41943,2,3
41944,1,1
41945,7,5
41946,8,2
41947,6,8
41948,5,9
41949,7,5
41950,5,4
41951,7,5
41952,6,8
41953,9,9
41954,1,1
41955,8,2
41956,1,1
41957,7,5
41958,9,7
41959,0,1
41960,2,3
41961,0,1
41962,5,9
41963,3,6
41964,5,4
41965,8,2
41966,8,2
41967,0,1
41968,2,3
41969,2,3
41970,7,5
41971,1,1
41972,9,7
41973,6,8
41974,3,6
41975,3,6
41976,3,6
41977,5,4
41978,2,3
41979,5,9
41980,7,5
41981,5,4
41982,5,9
41983,9,9
41984,8,2
41985,8,2
41986,1,1
41987,4,0
41988,3,6
41989,4,0
41990,5,4
41991,5,4
41992,6,8
41993,5,4
41994,2,3
41995,3,6
41996,2,8
41997,8,2
41998,9,7
41999,4,0
42000,1,1
42001,8,2
42002,1,1
42003,6,8
42004,0,7
42005,4,0
42006,6,8
42007,3,6
42008,4,0
42009,6,8
42010,4,0
42011,9,7
42012,8,2
42013,9,9
42014,8,2
42015,0,1
42016,5,7
42017,5,9
42018,5,4
42019,8,2
42020,4,9
42021,3,6
42022,3,6
42023,9,7
42024,2,3
42025,3,6
42026,1,1
42027,3,6
42028,1,1
42029,8,8
42030,9,7
42031,9,7
42032,5,4
42033,5,4
42034,6,8
42035,9,9
42036,5,7
42037,8,2
42038,4,0
42039,0,1
42040,0,1
42041,2,3
42042,5,4
42043,2,3
42044,1,1
42045,4,0
42046,7,5
42047,7,5
42048,5,9
42049,7,5
42050,8,2
42051,6,8
42052,5,9
42053,4,0
42054,2,3
42055,2,3
42056,2,3
42057,9,7
42058,1,1
42059,5,9
42060,6,8
42061,9,7
42062,9,7
42063,4,0
42064,9,7
42065,8,2
42066,3,6
42067,9,7
42068,8,2
42069,5,9
42070,2,3
42071,0,1
42072,3,6
42073,2,3
42074,4,0
42075,3,6
42076,2,8
42077,9,7
42078,5,4
42079,6,8
42080,3,6
42081,4,0
42082,2,3
42083,2,3
42084,4,0
42085,0,5
42086,9,9
42087,2,3
42088,9,3
42089,3,6
42090,5,9
42091,4,0
42092,8,2
42093,0,1
42094,9,7
42095,8,2
42096,6,8
42097,2,3
42098,1,1
42099,5,4
42100,4,0
42101,7,5
42102,1,1
42103,3,6
42104,1,8
42105,9,7
42106,5,9
42107,6,8
42108,7,5
42109,9,9
42110,7,5
42111,4,0
42112,6,8
42113,0,1
42114,1,3
42115,8,2
42116,5,4
42117,2,3
42118,9,9
42119,5,4
42120,2,3
42121,0,5
42122,7,5
42123,3,6
42124,5,9
42125,9,7
42126,8,2
42127,6,8
42128,5,4
42129,9,9
42130,6,8
42131,4,0
42132,1,1
42133,0,1
42134,9,7
42135,8,2
42136,4,0
42137,8,3
42138,8,2
42139,9,4
42140,2,3
42141,0,5
42142,1,2
42143,3,6
42144,5,9
42145,9,7
42146,9,7
42147,6,8
42148,5,7
42149,9,9
42150,2,3
42151,3,6
42152,5,9
42153,0,0
42154,3,6
42155,6,8
42156,1,1
42157,4,0
42158,6,2
42159,8,2
42160,3,6
42161,2,3
42162,3,6
42163,9,7
42164,9,7
42165,9,9
42166,3,6
42167,5,4
42168,8,2
42169,9,7
42170,4,0
42171,0,1
42172,3,6
42173,9,9
42174,3,6
42175,0,1
42176,1,1
42177,9,7
42178,2,3
42179,0,1
42180,4,0
42181,9,4
42182,1,1
42183,4,0
42184,1,1
42185,4,0
42186,2,3
42187,5,4
42188,8,2
42189,0,1
42190,3,6
42191,9,7
42192,5,9
42193,0,5
42194,1,1
42195,9,7
42196,6,8
42197,0,1
42198,5,4
42199,8,3
42200,9,7
42201,8,3
42202,9,7
42203,8,3
42204,9,7
42205,0,1
42206,8,2
42207,3,6
42208,6,8
42209,1,9
42210,2,3
42211,9,7
42212,2,3
42213,9,4
42214,5,9
42215,2,3
42216,5,4
42217,4,0
42218,6,8
42219,8,2
42220,2,3
42221,7,5
42222,5,9
42223,8,2
42224,4,0
42225,3,6
42226,6,8
42227,4,0
42228,5,9
42229,6,8
42230,4,0
42231,9,9
42232,7,5
42233,9,4
42234,3,6
42235,2,3
42236,5,4
42237,0,5
42238,6,8
42239,9,4
42240,8,2
42241,6,8
42242,1,1
42243,0,1
42244,2,5
42245,4,0
42246,5,9
42247,3,6
42248,2,3
42249,5,4
42250,4,0
42251,2,3
42252,7,5
42253,3,6
42254,8,3
42255,8,3
42256,3,6
42257,8,3
42258,9,9
42259,6,8
42260,1,1
42261,0,1
42262,4,0
42263,5,4
42264,8,3
42265,9,7
42266,6,8
42267,0,5
42268,1,1
42269,9,7
42270,4,0
42271,8,2
42272,5,4
42273,8,2
42274,3,5
42275,4,0
42276,1,1
42277,4,0
42278,8,2
42279,0,1
42280,1,2
42281,9,7
42282,9,7
42283,9,7
42284,2,3
42285,9,9
42286,5,4
42287,0,5
42288,1,1
42289,9,9
42290,5,7
42291,6,8
42292,0,7
42293,9,9
42294,4,0
42295,3,6
42296,9,7
42297,6,8
42298,5,9
42299,6,8
42300,5,4
42301,8,2
42302,5,4
42303,2,3
42304,5,4
42305,3,6
42306,5,9
42307,0,1
42308,8,2
42309,8,2
42310,8,2
42311,9,9
42312,2,5
42313,6,8
42314,1,8
42315,9,9
42316,1,1
42317,0,5
42318,5,9
42319,8,2
42320,9,7
42321,0,5
42322,2,5
42323,8,2
42324,4,0
42325,3,6
42326,1,1
42327,8,2
42328,8,2
42329,5,4
42330,5,4
42331,6,8
42332,1,1
42333,9,4
42334,7,5
42335,3,6
42336,8,2
42337,7,5
42338,7,5
42339,1,1
42340,3,6
42341,8,2
42342,4,0
42343,2,3
42344,5,9
42345,5,4
42346,5,4
42347,2,8
42348,1,1
42349,4,0
42350,3,6
42351,1,1
42352,9,7
42353,1,2
42354,5,7
42355,5,3
42356,5,9
42357,5,4
42358,4,0
42359,2,5
42360,5,9
42361,3,6
42362,4,0
42363,9,7
42364,7,8
42365,2,8
42366,8,2
42367,5,9
42368,9,7
42369,4,0
42370,3,6
42371,1,1
42372,7,5
42373,8,2
42374,4,0
42375,2,3
42376,9,9
42377,5,4
42378,9,7
42379,7,5
42380,1,1
42381,3,6
42382,5,4
42383,2,8
42384,5,8
42385,5,9
42386,3,6
42387,7,5
42388,6,8
42389,4,0
42390,7,5
42391,2,3
42392,7,5
42393,1,1
42394,8,2
42395,3,6
42396,3,6
42397,2,8
42398,2,3
42399,5,4
42400,5,9
42401,1,1
42402,4,0
42403,5,7
42404,1,1
42405,3,6
42406,1,1
42407,7,5
42408,6,8
42409,3,6
42410,9,7
42411,5,4
42412,1,1
42413,8,2
42414,7,5
42415,2,7
42416,9,7
42417,2,8
42418,9,7
42419,2,3
42420,3,6
42421,5,4
42422,1,1
42423,2,3
42424,1,1
42425,5,4
42426,5,9
42427,9,7
42428,4,5
42429,9,2
42430,9,7
42431,7,5
42432,2,3
42433,4,0
42434,9,3
42435,1,1
42436,7,5
42437,5,9
42438,2,9
42439,1,2
42440,1,1
42441,2,3
42442,6,8
42443,8,2
42444,4,0
42445,2,3
42446,4,0
42447,7,5
42448,4,0
42449,7,5
42450,3,6
42451,9,7
42452,3,6
42453,2,8
42454,8,2
42455,5,4
42456,4,0
42457,5,9
42458,5,9
42459,5,9
42460,1,1
42461,9,7
42462,1,1
42463,1,1
42464,5,4
42465,5,9
42466,9,7
42467,2,8
42468,9,7
42469,2,3
42470,6,8
42471,5,4
42472,2,2
42473,6,8
42474,8,2
42475,3,6
42476,2,3
42477,2,3
42478,6,8
42479,2,8
42480,7,5
42481,3,6
42482,5,9
42483,4,0
42484,5,4
42485,1,1
42486,1,1
42487,4,0
42488,4,0
42489,3,6
42490,3,6
42491,1,2
42492,5,9
42493,2,3
42494,1,1
42495,2,8
42496,8,2
42497,5,9
42498,3,6
42499,4,0
42500,5,9
42501,9,7
42502,1,1
42503,5,2
42504,5,8
42505,2,3
42506,1,1
42507,5,4
42508,2,3
42509,2,5
42510,1,1
42511,2,5
42512,9,9
42513,8,2
42514,9,7
42515,4,8
42516,5,9
42517,7,5
42518,1,1
42519,5,4
42520,7,5
42521,3,6
42522,9,2
42523,3,6
42524,5,9
42525,3,6
42526,2,3
42527,9,7
42528,9,7
42529,5,9
42530,3,6
42531,1,1
42532,4,2
42533,2,8
42534,2,3
42535,8,2
42536,5,4
42537,1,1
42538,5,2
42539,8,2
42540,6,8
42541,3,6
42542,5,9
42543,7,5
42544,9,7
42545,2,3
42546,1,1
42547,5,4
42548,9,7
42549,9,7
42550,5,9
42551,5,9
42552,4,0
42553,5,4
42554,3,5
42555,7,5
42556,7,5
42557,5,9
42558,3,6
42559,4,0
42560,7,5
42561,0,1
42562,8,2
42563,8,2
42564,5,9
42565,2,3
42566,5,9
42567,5,4
42568,8,2
42569,7,5
42570,3,6
42571,3,6
42572,7,5
42573,9,7
42574,5,4
42575,6,8
42576,6,8
42577,5,9
42578,1,1
42579,4,0
42580,6,8
42581,0,1
42582,9,7
42583,8,2
42584,1,1
42585,2,3
42586,1,1
42587,5,4
42588,2,3
42589,7,5
42590,2,5
42591,3,6
42592,9,7
42593,9,7
42594,9,7
42595,6,8
42596,8,2
42597,9,9
42598,8,2
42599,4,0
42600,3,6
42601,0,1
42602,1,1
42603,8,2
42604,7,5
42605,2,3
42606,9,7
42607,5,4
42608,4,0
42609,7,5
42610,4,0
42611,3,6
42612,4,0
42613,9,7
42614,4,0
42615,6,8
42616,5,4
42617,6,8
42618,1,1
42619,9,7
42620,5,4
42621,9,7
42622,8,2
42623,4,0
42624,9,8
42625,0,1
42626,7,5
42627,2,3
42628,5,9
42629,9,7
42630,1,1
42631,7,5
42632,4,0
42633,8,2
42634,4,0
42635,6,8
42636,2,3
42637,4,0
42638,5,4
42639,9,7
42640,9,9
42641,7,5
42642,5,9
42643,9,9
42644,1,1
42645,9,9
42646,9,7
42647,3,6
42648,9,7
42649,4,0
42650,9,7
42651,5,9
42652,2,5
42653,5,4
42654,8,2
42655,0,1
42656,6,8
42657,0,1
42658,4,0
42659,7,5
42660,2,5
42661,6,8
42662,5,8
42663,7,5
42664,4,0
42665,6,8
42666,1,1
42667,3,6
42668,5,9
42669,2,3
42670,5,7
42671,8,2
42672,9,7
42673,0,1
42674,4,0
42675,8,2
42676,5,4
42677,2,3
42678,2,3
42679,6,8
42680,2,5
42681,2,3
42682,2,8
42683,8,2
42684,5,4
42685,3,6
42686,8,2
42687,7,5
42688,1,8
42689,3,6
42690,1,1
42691,6,8
42692,8,2
42693,8,2
42694,3,6
42695,9,7
42696,0,9
42697,5,4
42698,7,5
42699,6,8
42700,3,6
42701,1,1
42702,1,1
42703,3,0
42704,6,8
42705,7,5
42706,6,8
42707,2,3
42708,8,2
42709,5,9
42710,5,4
42711,5,4
42712,6,8
42713,0,1
42714,3,6
42715,9,9
42716,1,1
42717,8,2
42718,9,9
42719,0,1
42720,4,0
42721,5,9
42722,9,7
42723,3,6
42724,6,8
42725,9,7
42726,8,2
42727,9,9
42728,5,9
42729,3,6
42730,3,6
42731,0,1
42732,4,0
42733,9,7
42734,4,2
42735,2,3
42736,6,8
42737,6,8
42738,5,9
42739,9,7
42740,1,1
42741,8,2
42742,5,4
42743,9,9
42744,4,0
42745,3,6
42746,8,2
42747,7,5
42748,9,7
42749,6,8
42750,5,4
42751,9,7
42752,4,0
42753,7,5
42754,8,2
42755,2,3
42756,2,5
42757,9,9
42758,2,3
42759,4,0
42760,3,5
42761,7,5
42762,7,5
42763,9,7
42764,4,0
42765,0,1
42766,5,4
42767,3,6
42768,1,1
42769,0,1
42770,5,4
42771,4,0
42772,9,7
42773,9,9
42774,5,4
42775,2,3
42776,4,0
42777,2,3
42778,6,8
42779,5,4
42780,9,7
42781,5,4
42782,5,7
42783,4,0
42784,9,7
42785,3,6
42786,0,1
42787,5,4
42788,3,6
42789,8,2
42790,9,7
42791,2,3
42792,8,2
42793,5,4
42794,2,3
42795,4,0
42796,5,9
42797,4,0
42798,9,7
42799,5,2
42800,9,7
42801,4,0
42802,9,9
42803,1,1
42804,2,3
42805,8,2
42806,1,1
42807,2,3
42808,9,9
42809,5,4
42810,8,2
42811,9,7
42812,5,4
42813,6,8
42814,8,2
42815,5,9
42816,5,4
42817,4,0
42818,4,0
42819,0,1
42820,6,8
42821,8,2
42822,5,4
42823,2,3
42824,9,7
42825,5,4
42826,9,9
42827,7,5
42828,5,7
42829,3,6
42830,8,2
42831,9,7
42832,6,8
42833,6,8
42834,1,1
42835,4,0
42836,7,5
42837,1,1
42838,5,9
42839,8,2
42840,2,3
42841,2,3
42842,8,2
42843,3,6
42844,9,7
42845,5,9
42846,1,1
42847,3,6
42848,4,0
42849,0,1
42850,7,5
42851,5,9
42852,1,1
42853,5,9
42854,0,4
42855,5,9
42856,3,6
42857,5,4
42858,5,4
42859,0,1
42860,2,9
42861,8,2
42862,4,0
42863,4,5
42864,2,5
42865,4,0
42866,9,2
42867,4,0
42868,6,8
42869,3,6
42870,5,9
42871,4,0
42872,6,8
42873,0,8
42874,1,1
42875,0,1
42876,9,7
42877,4,0
42878,2,8
42879,5,9
42880,2,8
42881,0,1
42882,5,9
42883,8,2
42884,5,9
42885,8,2
42886,9,3
42887,8,2
42888,1,1
42889,7,5
42890,5,9
42891,8,2
42892,5,7
42893,0,1
42894,1,1
42895,5,4
42896,4,0
42897,5,7
42898,2,3
42899,0,1
42900,6,8
42901,9,7
42902,2,3
42903,5,9
42904,3,6
42905,3,6
42906,2,3
42907,2,3
42908,2,3
42909,2,3
42910,7,5
42911,1,1
42912,3,6
42913,4,0
42914,2,3
42915,4,0
42916,8,2
42917,7,5
42918,8,2
42919,3,6
42920,6,8
42921,3,6
42922,3,6
42923,6,8
42924,9,9
42925,4,0
42926,8,2
42927,1,1
42928,9,7
42929,8,2
42930,2,3
42931,6,3
42932,1,1
42933,1,4
42934,8,2
42935,7,5
42936,6,2
42937,3,6
42938,2,3
42939,9,7
42940,2,5
42941,0,8
42942,3,6
42943,1,9
42944,6,8
42945,4,0
42946,5,9
42947,1,1
42948,3,6
42949,8,2
42950,8,2
42951,2,3
42952,5,4
42953,0,4
42954,2,3
42955,7,5
42956,5,4
42957,3,6
42958,8,2
42959,9,7
42960,3,6
42961,0,8
42962,2,3
42963,9,9
42964,2,5
42965,4,0
42966,2,3
42967,1,1
42968,1,1
42969,8,2
42970,2,5
42971,2,3
42972,3,6
42973,3,4
42974,1,1
42975,3,6
42976,9,7
42977,9,7
42978,3,6
42979,0,8
42980,4,0
42981,4,0
42982,1,2
42983,7,5
42984,2,5
42985,4,0
42986,1,1
42987,0,8
42988,5,8
42989,4,0
42990,6,8
42991,8,2
42992,7,6
42993,1,9
42994,2,3
42995,5,4
42996,3,6
42997,9,7
42998,6,8
42999,0,1
43000,5,9
43001,5,9
43002,8,2
43003,0,1
43004,6,8
43005,9,7
43006,1,1
43007,0,1
43008,2,8
43009,5,4
43010,5,4
43011,4,0
43012,1,3
43013,4,0
43014,7,3
43015,1,4
43016,1,1
43017,0,1
43018,6,8
43019,9,7
43020,4,0
43021,7,5
43022,5,4
43023,9,7
43024,9,7
43025,1,1
43026,5,4
43027,2,3
43028,5,9
43029,2,3
43030,1,1
43031,2,3
43032,8,2
43033,0,1
43034,5,9
43035,1,6
43036,9,7
43037,9,9
43038,5,4
43039,9,7
43040,8,2
43041,5,4
43042,9,8
43043,0,3
43044,1,1
43045,4,0
43046,9,7
43047,8,2
43048,7,5
43049,7,6
43050,4,0
43051,0,8
43052,9,7
43053,0,1
43054,3,6
43055,7,5
43056,7,5
43057,9,9
43058,1,9
43059,4,0
43060,6,8
43061,7,6
43062,5,8
43063,3,6
43064,2,3
43065,2,3
43066,7,5
43067,2,3
43068,5,4
43069,0,8
43070,2,3
43071,1,1
43072,6,8
43073,5,4
43074,4,0
43075,9,7
43076,2,3
43077,8,2
43078,5,4
43079,8,2
43080,5,3
43081,4,0
43082,9,7
43083,4,0
43084,7,5
43085,0,1
43086,5,9
43087,9,7
43088,4,0
43089,9,7
43090,2,3
43091,0,8
43092,4,0
43093,9,9
43094,1,9
43095,0,6
43096,6,8
43097,0,8
43098,1,5
43099,0,8
43100,2,3
43101,8,2
43102,4,0
43103,2,3
43104,9,7
43105,8,2
43106,5,4
43107,1,9
43108,9,7
43109,0,8
43110,6,8
43111,7,5
43112,5,4
43113,8,2
43114,9,9
43115,3,6
43116,8,2
43117,8,2
43118,1,1
43119,5,4
43120,9,9
43121,0,8
43122,8,2
43123,0,4
43124,8,2
43125,1,6
43126,2,3
43127,7,5
43128,1,1
43129,4,0
43130,5,4
43131,0,1
43132,2,3
43133,8,2
43134,4,0
43135,2,3
43136,2,5
43137,5,4
43138,5,9
43139,7,5
43140,2,3
43141,3,6
43142,1,1
43143,9,7
43144,7,5
43145,6,8
43146,5,9
43147,9,9
43148,7,5
43149,4,0
43150,5,4
43151,0,1
43152,5,4
43153,8,2
43154,3,6
43155,2,3
43156,5,4
43157,5,4
43158,5,9
43159,7,5
43160,9,7
43161,3,6
43162,1,1
43163,9,7
43164,3,6
43165,6,8
43166,3,6
43167,0,9
43168,9,7
43169,4,0
43170,4,0
43171,2,3
43172,8,2
43173,5,4
43174,1,9
43175,7,5
43176,2,2
43177,3,6
43178,9,7
43179,9,7
43180,2,3
43181,6,8
43182,6,8
43183,9,9
43184,8,2
43185,5,9
43186,4,0
43187,9,7
43188,4,0
43189,7,5
43190,9,7
43191,8,2
43192,2,3
43193,9,9
43194,6,8
43195,4,0
43196,2,3
43197,0,1
43198,2,3
43199,7,5
43200,2,3
43201,6,8
43202,9,7
43203,6,8
43204,2,3
43205,4,0
43206,4,5
43207,1,9
43208,6,3
43209,2,3
43210,5,9
43211,8,2
43212,2,5
43213,9,7
43214,1,1
43215,6,8
43216,4,0
43217,5,4
43218,7,5
43219,5,4
43220,6,2
43221,7,5
43222,9,7
43223,5,9
43224,2,3
43225,3,6
43226,9,8
43227,0,1
43228,5,4
43229,4,0
43230,2,3
43231,5,4
43232,1,1
43233,7,5
43234,6,8
43235,2,3
43236,4,0
43237,5,9
43238,9,7
43239,5,4
43240,8,2
43241,8,2
43242,0,8
43243,4,0
43244,2,5
43245,7,5
43246,1,1
43247,4,0
43248,2,9
43249,0,1
43250,6,8
43251,3,6
43252,2,3
43253,9,9
43254,8,2
43255,2,3
43256,2,3
43257,8,2
43258,4,0
43259,9,9
43260,3,6
43261,0,1
43262,7,5
43263,3,6
43264,3,6
43265,4,0
43266,4,0
43267,0,1
43268,6,8
43269,0,1
43270,3,6
43271,6,8
43272,5,4
43273,4,0
43274,5,4
43275,5,4
43276,4,0
43277,9,7
43278,5,4
43279,9,7
43280,2,3
43281,3,6
43282,2,9
43283,4,0
43284,9,7
43285,9,7
43286,1,1
43287,2,3
43288,9,7
43289,7,5
43290,6,8
43291,5,4
43292,8,2
43293,8,2
43294,8,2
43295,5,4
43296,1,1
43297,0,1
43298,2,3
43299,6,8
43300,0,1
43301,2,3
43302,5,4
43303,7,5
43304,3,6
43305,3,6
43306,6,8
43307,9,7
43308,7,5
43309,4,0
43310,9,9
43311,3,6
43312,8,2
43313,9,7
43314,8,2
43315,0,1
43316,1,1
43317,8,2
43318,7,5
43319,7,5
43320,3,6
43321,6,8
43322,6,8
43323,0,1
43324,5,9
43325,9,9
43326,1,2
43327,2,3
43328,7,5
43329,6,8
43330,2,3
43331,8,2
43332,0,1
43333,6,8
43334,6,8
43335,6,8
43336,0,1
43337,9,7
43338,8,2
43339,0,1
43340,9,7
43341,9,7
43342,6,8
43343,9,9
43344,1,1
43345,0,2
43346,9,7
43347,4,0
43348,3,6
43349,0,1
43350,1,1
43351,8,2
43352,9,7
43353,2,3
43354,9,7
43355,5,4
43356,9,7
43357,7,5
43358,5,9
43359,3,6
43360,8,2
43361,9,7
43362,9,7
43363,6,8
43364,5,4
43365,9,9
43366,4,0
43367,4,0
43368,7,5
43369,0,1
43370,5,4
43371,8,2
43372,5,8
43373,2,3
43374,9,7
43375,5,4
43376,8,2
43377,7,5
43378,1,7
43379,3,6
43380,2,3
43381,9,7
43382,9,7
43383,6,8
43384,9,7
43385,9,9
43386,3,6
43387,4,0
43388,0,8
43389,0,1
43390,9,7
43391,8,2
43392,5,9
43393,2,3
43394,8,2
43395,5,4
43396,3,6
43397,7,5
43398,5,4
43399,3,6
43400,9,7
43401,9,7
43402,3,5
43403,6,8
43404,4,0
43405,9,9
43406,1,1
43407,8,2
43408,9,7
43409,7,5
43410,6,8
43411,0,1
43412,2,5
43413,3,6
43414,9,7
43415,5,4
43416,9,9
43417,2,3
43418,4,0
43419,9,9
43420,3,6
43421,9,9
43422,4,0
43423,4,0
43424,3,6
43425,5,9
43426,1,1
43427,9,7
43428,2,3
43429,0,1
43430,8,2
43431,3,6
43432,7,5
43433,0,4
43434,8,2
43435,2,3
43436,8,2
43437,3,6
43438,2,3
43439,8,2
43440,3,6
43441,8,2
43442,7,5
43443,4,0
43444,1,1
43445,4,0
43446,1,1
43447,6,8
43448,2,3
43449,8,2
43450,8,2
43451,7,5
43452,5,4
43453,9,9
43454,2,5
43455,6,8
43456,2,3
43457,3,6
43458,1,1
43459,7,5
43460,2,3
43461,9,7
43462,3,6
43463,4,0
43464,6,8
43465,4,0
43466,2,3
43467,5,4
43468,4,0
43469,0,1
43470,1,7
43471,9,7
43472,4,0
43473,5,4
43474,1,3
43475,2,3
43476,2,3
43477,8,2
43478,9,9
43479,8,2
43480,1,1
43481,0,4
43482,2,3
43483,9,7
43484,1,1
43485,3,6
43486,8,2
43487,5,4
43488,7,5
43489,9,7
43490,1,1
43491,9,7
43492,2,3
43493,9,7
43494,2,3
43495,8,2
43496,9,7
43497,4,0
43498,3,6
43499,9,9
43500,1,1
43501,6,8
43502,5,9
43503,7,5
43504,6,8
43505,3,6
43506,2,5
43507,5,4
43508,7,5
43509,2,3
43510,3,5
43511,6,8
43512,5,9
43513,8,2
43514,1,2
43515,6,8
43516,5,4
43517,2,3
43518,3,6
43519,6,8
43520,9,7
43521,9,9
43522,2,8
43523,7,5
43524,6,8
43525,6,8
43526,5,9
43527,4,0
43528,9,7
43529,7,5
43530,5,4
43531,5,4
43532,3,8
43533,9,7
43534,1,8
43535,0,1
43536,4,0
43537,7,3
43538,2,8
43539,0,1
43540,2,5
43541,9,7
43542,9,7
43543,9,9
43544,5,9
43545,3,6
43546,8,2
43547,8,2
43548,2,8
43549,4,0
43550,9,9
43551,9,9
43552,2,3
43553,0,1
43554,4,0
43555,9,7
43556,4,0
43557,2,3
43558,6,8
43559,0,8
43560,4,5
43561,4,0
43562,1,3
43563,2,3
43564,3,6
43565,5,9
43566,8,2
43567,0,1
43568,7,5
43569,3,6
43570,1,1
43571,5,4
43572,3,6
43573,2,3
43574,7,5
43575,4,2
43576,8,2
43577,0,1
43578,1,1
43579,6,8
43580,6,8
43581,3,6
43582,3,6
43583,0,1
43584,9,7
43585,7,5
43586,3,6
43587,7,5
43588,8,8
43589,3,6
43590,8,2
43591,7,5
43592,3,6
43593,4,0
43594,3,6
43595,1,1
43596,5,9
43597,8,2
43598,9,7
43599,2,3
43600,5,4
43601,5,4
43602,4,0
43603,7,5
43604,5,4
43605,3,6
43606,6,8
43607,9,7
43608,5,4
43609,6,8
43610,4,0
43611,5,9
43612,5,4
43613,4,0
43614,5,4
43615,1,1
43616,1,1
43617,8,2
43618,4,7
43619,2,3
43620,3,6
43621,5,4
43622,5,4
43623,7,5
43624,4,0
43625,3,6
43626,5,4
43627,9,7
43628,5,7
43629,6,8
43630,8,2
43631,4,0
43632,8,2
43633,0,1
43634,5,4
43635,8,2
43636,5,4
43637,2,3
43638,2,5
43639,5,4
43640,1,6
43641,7,5
43642,1,2
43643,3,6
43644,2,3
43645,9,7
43646,3,6
43647,6,8
43648,3,5
43649,8,2
43650,5,9
43651,7,5
43652,1,1
43653,0,1
43654,2,3
43655,3,6
43656,2,8
43657,5,4
43658,5,3
43659,2,3
43660,5,9
43661,9,9
43662,4,0
43663,9,9
43664,1,1
43665,4,0
43666,2,3
43667,9,9
43668,3,6
43669,9,7
43670,9,3
43671,0,1
43672,2,3
43673,3,6
43674,6,2
43675,5,4
43676,7,5
43677,2,3
43678,3,6
43679,3,6
43680,2,5
43681,8,2
43682,3,6
43683,8,2
43684,1,1
43685,4,0
43686,5,7
43687,6,8
43688,5,4
43689,8,2
43690,6,8
43691,7,5
43692,6,8
43693,5,9
43694,3,6
43695,6,8
43696,3,5
43697,3,6
43698,6,8
43699,7,5
43700,5,4
43701,4,0
43702,2,3
43703,5,4
43704,1,1
43705,0,1
43706,4,0
43707,9,7
43708,1,1
43709,5,4
43710,9,7
43711,9,3
43712,4,0
43713,5,4
43714,1,1
43715,1,1
43716,7,5
43717,2,3
43718,5,9
43719,9,7
43720,3,6
43721,5,4
43722,9,7
43723,9,7
43724,6,8
43725,9,7
43726,3,6
43727,4,0
43728,4,0
43729,5,9
43730,2,3
43731,0,8
43732,5,4
43733,7,5
43734,5,9
43735,3,6
43736,3,6
43737,5,4
43738,5,9
43739,2,3
43740,5,4
43741,6,8
43742,3,6
43743,8,2
43744,3,6
43745,6,8
43746,1,1
43747,2,3
43748,7,5
43749,6,8
43750,5,9
43751,9,9
43752,3,6
43753,7,5
43754,6,8
43755,6,8
43756,5,4
43757,5,4
43758,2,3
43759,2,3
43760,2,2
43761,0,1
43762,2,3
43763,9,7
43764,1,1
43765,9,9
43766,7,5
43767,7,6
43768,8,2
43769,8,2
43770,1,1
43771,9,7
43772,2,5
43773,2,3
43774,9,7
43775,2,3
43776,2,5
43777,9,9
43778,4,0
43779,0,1
43780,7,5
43781,0,4
43782,6,3
43783,2,3
43784,1,1
43785,5,9
43786,5,9
43787,6,8
43788,8,8
43789,8,2
43790,1,1
43791,1,1
43792,5,9
43793,6,8
43794,8,2
43795,3,6
43796,5,7
43797,5,4
43798,9,7
43799,7,5
43800,3,6
43801,0,1
43802,9,7
43803,7,5
43804,3,6
43805,7,5
43806,8,2
43807,3,6
43808,1,1
43809,7,5
43810,5,9
43811,7,0
43812,5,4
43813,0,1
43814,5,9
43815,8,2
43816,2,3
43817,2,3
43818,9,2
43819,5,4
43820,2,5
43821,9,7
43822,4,6
43823,0,8
43824,0,8
43825,9,9
43826,8,2
43827,4,0
43828,6,8
43829,0,1
43830,5,9
43831,8,2
43832,5,4
43833,6,3
43834,4,0
43835,5,4
43836,1,1
43837,7,5
43838,7,5
43839,3,6
43840,9,7
43841,9,7
43842,1,2
43843,0,8
43844,1,1
43845,9,9
43846,6,8
43847,4,0
43848,6,8
43849,0,1
43850,1,2
43851,8,2
43852,1,2
43853,6,3
43854,8,2
43855,7,5
43856,2,5
43857,3,6
43858,5,4
43859,9,7
43860,9,7
43861,6,8
43862,5,9
43863,9,9
43864,5,9
43865,2,3
43866,3,6
43867,7,5
43868,2,3
43869,2,3
43870,5,9
43871,8,2
43872,0,1
43873,5,9
43874,1,2
43875,2,3
43876,6,8
43877,8,2
43878,8,2
43879,0,1
43880,0,8
43881,5,4
43882,7,5
43883,2,3
43884,4,0
43885,8,2
43886,9,7
43887,1,1
43888,5,9
43889,2,3
43890,9,7
43891,9,9
43892,3,6
43893,9,7
43894,6,8
43895,8,2
43896,5,9
43897,0,1
43898,5,7
43899,8,2
43900,6,8
43901,6,8
43902,2,3
43903,5,9
43904,5,4
43905,0,1
43906,1,4
43907,6,8
43908,3,6
43909,6,8
43910,1,1
43911,9,7
43912,9,7
43913,4,0
43914,3,6
43915,4,0
43916,5,9
43917,9,7
43918,5,9
43919,9,7
43920,5,9
43921,0,8
43922,2,3
43923,9,7
43924,9,7
43925,3,6
43926,9,7
43927,1,1
43928,5,4
43929,5,4
43930,6,8
43931,3,6
43932,4,0
43933,0,1
43934,5,4
43935,8,2
43936,2,5
43937,7,5
43938,6,8
43939,4,0
43940,3,6
43941,4,0
43942,2,3
43943,7,3
43944,2,8
43945,0,8
43946,2,5
43947,1,4
43948,1,1
43949,5,4
43950,2,9
43951,1,1
43952,2,3
43953,6,8
43954,5,4
43955,3,6
43956,1,7
43957,7,5
43958,6,8
43959,5,9
43960,4,0
43961,7,0
43962,2,3
43963,4,0
43964,8,2
43965,3,0
43966,5,9
43967,2,3
43968,6,8
43969,9,7
43970,5,9
43971,0,1
43972,1,1
43973,3,6
43974,8,2
43975,8,2
43976,4,0
43977,3,6
43978,2,3
43979,3,6
43980,1,1
43981,4,0
43982,5,9
43983,5,4
43984,1,1
43985,0,5
43986,8,8
43987,5,4
43988,8,2
43989,0,1
43990,9,7
43991,2,3
43992,9,9
43993,6,8
43994,8,2
43995,3,6
43996,8,2
43997,2,3
43998,5,7
43999,5,9
44000,4,0
44001,9,9
44002,2,8
44003,0,5
44004,2,3
44005,9,7
44006,7,5
44007,0,8
44008,5,9
44009,7,5
44010,5,9
44011,3,6
44012,1,1
44013,5,4
44014,7,5
44015,9,7
44016,5,9
44017,3,6
44018,7,5
44019,8,2
44020,2,3
44021,8,2
44022,5,9
44023,4,0
44024,6,8
44025,5,9
44026,5,9
44027,5,4
44028,1,9
44029,4,0
44030,4,0
44031,0,1
44032,2,3
44033,8,2
44034,2,3
44035,2,3
44036,0,1
44037,5,4
44038,1,1
44039,9,7
44040,4,0
44041,6,8
44042,9,7
44043,5,9
44044,5,9
44045,4,0
44046,1,1
44047,0,1
44048,5,9
44049,8,2
44050,9,7
44051,2,3
44052,5,4
44053,0,4
44054,8,2
44055,7,5
44056,6,8
44057,3,6
44058,1,3
44059,9,7
44060,4,0
44061,6,8
44062,9,7
44063,4,0
44064,9,7
44065,0,1
44066,3,6
44067,9,7
44068,5,4
44069,6,8
44070,3,6
44071,9,9
44072,2,8
44073,3,6
44074,5,9
44075,9,9
44076,4,0
44077,3,6
44078,3,6
44079,0,1
44080,9,7
44081,9,9
44082,7,6
44083,9,9
44084,5,9
44085,5,9
44086,5,4
44087,7,8
44088,5,4
44089,0,1
44090,8,2
44091,9,4
44092,8,2
44093,0,1
44094,4,0
44095,8,2
44096,4,0
44097,9,9
44098,8,2
44099,7,5
44100,5,4
44101,2,3
44102,3,6
44103,4,0
44104,5,9
44105,9,4
44106,4,5
44107,9,9
44108,1,1
44109,0,1
44110,5,4
44111,9,7
44112,2,3
44113,0,1
44114,3,6
44115,6,8
44116,5,9
44117,9,7
44118,6,8
44119,3,6
44120,1,1
44121,4,0
44122,6,8
44123,7,8
44124,5,4
44125,0,1
44126,0,1
44127,4,0
44128,3,6
44129,9,9
44130,4,0
44131,0,1
44132,3,6
44133,8,2
44134,2,3
44135,7,5
44136,1,1
44137,9,4
44138,2,3
44139,9,7
44140,8,2
44141,0,7
44142,2,3
44143,8,2
44144,6,8
44145,9,7
44146,2,3
44147,7,5
44148,7,5
44149,8,2
44150,9,7
44151,0,1
44152,7,5
44153,5,4
44154,5,9
44155,0,4
44156,9,7
44157,7,3
44158,1,1
44159,4,0
44160,9,7
44161,4,0
44162,2,3
44163,7,8
44164,2,5
44165,7,5
44166,8,2
44167,0,4
44168,3,6
44169,9,7
44170,9,7
44171,6,8
44172,2,8
44173,6,8
44174,2,3
44175,9,7
44176,6,8
44177,9,9
44178,9,7
44179,7,6
44180,6,8
44181,2,3
44182,5,9
44183,0,1
44184,4,0
44185,9,7
44186,8,2
44187,9,9
44188,2,3
44189,3,6
44190,5,4
44191,7,3
44192,2,3
44193,7,3
44194,9,7
44195,8,2
44196,2,8
44197,3,6
44198,1,1
44199,4,0
44200,7,8
44201,3,6
44202,2,8
44203,6,8
44204,3,6
44205,4,0
44206,1,8
44207,0,1
44208,4,0
44209,8,2
44210,1,1
44211,2,3
44212,9,7
44213,5,4
44214,5,9
44215,7,5
44216,2,3
44217,3,6
44218,3,6
44219,0,7
44220,1,1
44221,6,8
44222,1,1
44223,9,9
44224,5,4
44225,4,0
44226,8,2
44227,0,1
44228,9,9
44229,8,2
44230,5,9
44231,2,3
44232,5,4
44233,5,4
44234,4,9
44235,7,5
44236,2,9
44237,7,6
44238,3,6
44239,9,7
44240,2,3
44241,6,8
44242,1,1
44243,4,0
44244,5,9
44245,0,1
44246,9,7
44247,8,2
44248,8,2
44249,2,3
44250,3,6
44251,5,4
44252,9,7
44253,7,5
44254,9,7
44255,7,6
44256,5,4
44257,9,7
44258,3,6
44259,6,8
44260,8,2
44261,0,9
44262,2,5
44263,7,5
44264,5,4
44265,8,2
44266,4,0
44267,6,8
44268,4,0
44269,0,1
44270,6,8
44271,0,7
44272,6,8
44273,8,2
44274,1,2
44275,0,4
44276,4,0
44277,0,1
44278,4,0
44279,5,4
44280,2,3
44281,0,1
44282,2,3
44283,0,4
44284,5,4
44285,9,9
44286,2,8
44287,7,6
44288,1,1
44289,6,8
44290,1,1
44291,5,4
44292,7,5
44293,7,5
44294,5,4
44295,2,3
44296,1,1
44297,9,7
44298,0,2
44299,0,8
44300,3,6
44301,9,4
44302,8,2
44303,7,3
44304,8,2
44305,2,3
44306,1,1
44307,7,5
44308,2,8
44309,3,6
44310,6,8
44311,9,7
44312,2,3
44313,4,0
44314,4,0
44315,3,6
44316,8,2
44317,0,1
44318,3,6
44319,3,6
44320,2,8
44321,6,8
44322,9,7
44323,0,7
44324,1,1
44325,4,0
44326,4,0
44327,0,1
44328,2,9
44329,7,5
44330,3,6
44331,3,6
44332,5,4
44333,4,0
44334,8,2
44335,4,0
44336,3,6
44337,7,6
44338,2,3
44339,0,1
44340,9,9
44341,7,5
44342,5,4
44343,6,8
44344,4,0
44345,0,4
44346,3,6
44347,8,2
44348,5,9
44349,2,3
44350,2,3
44351,9,9
44352,5,4
44353,9,7
44354,3,6
44355,3,6
44356,5,4
44357,9,9
44358,3,6
44359,0,1
44360,7,8
44361,0,9
44362,8,2
44363,4,0
44364,8,2
44365,7,6
44366,1,1
44367,0,7
44368,1,1
44369,0,1
44370,1,1
44371,8,2
44372,4,0
44373,2,3
44374,8,2
44375,9,9
44376,5,9
44377,8,2
44378,0,7
44379,5,4
44380,2,3
44381,7,5
44382,4,6
44383,7,5
44384,9,9
44385,2,3
44386,5,4
44387,9,7
44388,2,3
44389,0,1
44390,7,5
44391,6,8
44392,9,7
44393,8,2
44394,3,6
44395,8,2
44396,5,9
44397,2,3
44398,9,7
44399,4,0
44400,5,9
44401,8,2
44402,5,9
44403,9,9
44404,2,5
44405,0,4
44406,7,5
44407,9,9
44408,2,3
44409,9,7
44410,3,6
44411,4,0
44412,8,2
44413,4,0
44414,8,2
44415,8,2
44416,2,3
44417,0,7
44418,1,1
44419,0,4
44420,3,6
44421,0,9
44422,0,1
44423,9,9
44424,8,2
44425,8,2
44426,2,3
44427,6,8
44428,3,6
44429,9,9
44430,5,9
44431,1,1
44432,1,1
44433,0,8
44434,9,7
44435,2,3
44436,6,8
44437,0,8
44438,5,9
44439,2,3
44440,2,3
44441,3,6
44442,2,8
44443,9,7
44444,3,6
44445,4,0
44446,1,1
44447,0,4
44448,4,0
44449,4,0
44450,5,9
44451,4,0
44452,3,6
44453,1,1
44454,1,1
44455,8,2
44456,8,3
44457,2,3
44458,6,8
44459,5,4
44460,3,6
44461,7,5
44462,2,3
44463,3,6
44464,5,4
44465,9,7
44466,5,4
44467,6,8
44468,2,3
44469,5,9
44470,9,7
44471,4,0
44472,9,7
44473,1,1
44474,4,0
44475,8,2
44476,7,5
44477,2,3
44478,2,3
44479,5,4
44480,7,5
44481,7,5
44482,1,1
44483,3,6
44484,2,8
44485,9,7
44486,5,9
44487,6,8
44488,7,5
44489,5,9
44490,8,2
44491,4,0
44492,8,2
44493,1,1
44494,5,5
44495,8,2
44496,5,4
44497,2,3
44498,3,6
44499,5,4
44500,9,7
44501,7,5
44502,6,2
44503,3,6
44504,2,3
44505,9,7
44506,2,5
44507,6,8
44508,4,5
44509,5,9
44510,2,3
44511,0,1
44512,9,7
44513,4,0
44514,2,8
44515,5,4
44516,9,7
44517,3,6
44518,4,0
44519,2,3
44520,8,2
44521,5,4
44522,2,3
44523,5,4
44524,1,1
44525,8,2
44526,9,7
44527,6,8
44528,5,4
44529,1,1
44530,5,4
44531,4,0
44532,6,8
44533,3,6
44534,2,9
44535,5,4
44536,9,7
44537,5,9
44538,9,7
44539,9,7
44540,2,3
44541,8,2
44542,1,1
44543,2,3
44544,5,4
44545,2,3
44546,2,3
44547,5,9
44548,1,1
44549,8,2
44550,5,9
44551,4,0
44552,9,7
44553,5,9
44554,7,5
44555,2,3
44556,1,1
44557,2,3
44558,4,0
44559,5,9
44560,4,0
44561,0,1
44562,9,7
44563,7,5
44564,7,5
44565,8,2
44566,9,7
44567,2,3
44568,6,8
44569,1,1
44570,1,7
44571,3,6
44572,9,7
44573,9,7
44574,9,7
44575,2,3
44576,6,8
44577,9,7
44578,4,0
44579,6,8
44580,2,3
44581,5,4
44582,1,1
44583,4,0
44584,5,4
44585,8,2
44586,5,9
44587,5,4
44588,9,7
44589,4,0
44590,5,7
44591,8,2
44592,5,9
44593,5,4
44594,5,4
44595,9,7
44596,2,3
44597,6,8
44598,4,0
44599,4,0
44600,5,9
44601,9,7
44602,3,6
44603,4,0
44604,6,8
44605,3,6
44606,4,0
44607,5,9
44608,2,3
44609,2,3
44610,9,7
44611,8,2
44612,8,2
44613,5,4
44614,4,0
44615,6,8
44616,6,8
44617,3,6
44618,5,9
44619,4,0
44620,5,4
44621,7,5
44622,1,1
44623,9,7
44624,6,8
44625,3,5
44626,9,7
44627,1,1
44628,1,1
44629,4,0
44630,2,3
44631,6,8
44632,5,4
44633,1,1
44634,3,5
44635,3,6
44636,5,4
44637,5,7
44638,2,8
44639,8,2
44640,9,7
44641,5,9
44642,7,5
44643,9,7
44644,3,6
44645,5,9
44646,5,4
44647,7,5
44648,1,1
44649,3,6
44650,0,1
44651,7,5
44652,6,8
44653,8,2
44654,6,8
44655,3,6
44656,4,0
44657,8,2
44658,9,7
44659,6,8
44660,4,0
44661,1,1
44662,2,5
44663,9,7
44664,7,5
44665,7,5
44666,3,6
44667,7,5
44668,5,4
44669,9,7
44670,5,9
44671,2,3
44672,8,2
44673,7,5
44674,3,5
44675,4,0
44676,6,8
44677,1,1
44678,5,9
44679,0,1
44680,1,1
44681,2,3
44682,1,1
44683,6,8
44684,0,3
44685,5,4
44686,6,8
44687,5,9
44688,5,4
44689,5,4
44690,3,6
44691,7,5
44692,4,0
44693,0,1
44694,5,4
44695,6,8
44696,4,0
44697,3,6
44698,5,1
44699,6,8
44700,4,0
44701,9,9
44702,6,8
44703,4,0
44704,4,0
44705,1,1
44706,3,5
44707,8,2
44708,9,7
44709,2,3
44710,8,2
44711,5,4
44712,5,4
44713,2,5
44714,6,8
44715,3,6
44716,2,3
44717,5,7
44718,8,2
44719,6,8
44720,4,0
44721,5,9
44722,3,6
44723,4,0
44724,1,1
44725,1,1
44726,9,7
44727,8,2
44728,3,6
44729,2,3
44730,4,0
44731,5,4
44732,3,6
44733,7,5
44734,9,7
44735,3,6
44736,3,5
44737,5,7
44738,2,5
44739,6,8
44740,8,2
44741,5,9
44742,3,6
44743,4,0
44744,4,0
44745,1,1
44746,5,9
44747,8,2
44748,2,8
44749,2,3
44750,4,0
44751,5,4
44752,7,5
44753,2,5
44754,3,6
44755,3,6
44756,5,7
44757,5,7
44758,8,2
44759,6,8
44760,3,5
44761,5,4
44762,5,9
44763,5,9
44764,2,3
44765,5,4
44766,4,0
44767,9,2
44768,4,0
44769,5,9
44770,1,1
44771,5,4
44772,9,7
44773,7,5
44774,9,7
44775,0,8
44776,5,9
44777,4,0
44778,5,9
44779,2,3
44780,5,9
44781,7,5
44782,2,3
44783,2,5
44784,8,2
44785,1,1
44786,1,1
44787,5,7
44788,4,0
44789,6,8
44790,3,6
44791,5,4
44792,1,1
44793,7,5
44794,8,2
44795,9,7
44796,4,0
44797,6,2
44798,5,4
44799,2,3
44800,1,1
44801,3,6
44802,7,5
44803,9,7
44804,7,5
44805,9,7
44806,6,8
44807,5,7
44808,3,6
44809,3,6
44810,7,5
44811,4,0
44812,6,8
44813,1,1
44814,3,6
44815,4,0
44816,7,5
44817,3,6
44818,9,7
44819,3,5
44820,7,5
44821,2,5
44822,1,9
44823,8,2
44824,5,9
44825,5,9
44826,4,0
44827,2,3
44828,8,2
44829,1,1
44830,7,5
44831,5,4
44832,9,7
44833,6,8
44834,6,8
44835,5,7
44836,9,7
44837,2,3
44838,4,0
44839,6,8
44840,9,7
44841,8,2
44842,5,4
44843,3,6
44844,4,0
44845,2,5
44846,4,0
44847,8,2
44848,9,3
44849,9,7
44850,5,4
44851,5,9
44852,2,5
44853,5,7
44854,1,9
44855,5,9
44856,1,1
44857,1,1
44858,7,5
44859,4,0
44860,5,4
44861,6,8
44862,4,0
44863,9,9
44864,1,1
44865,5,7
44866,6,8
44867,4,0
44868,9,7
44869,7,5
44870,3,6
44871,4,0
44872,4,0
44873,2,3
44874,6,8
44875,6,8
44876,1,1
44877,5,4
44878,2,9
44879,3,6
44880,6,8
44881,8,2
44882,5,9
44883,4,0
44884,5,9
44885,5,4
44886,1,1
44887,1,1
44888,2,3
44889,2,3
44890,5,9
44891,0,1
44892,5,9
44893,4,0
44894,5,4
44895,5,9
44896,9,7
44897,4,0
44898,8,2
44899,1,1
44900,4,0
44901,1,2
44902,8,2
44903,8,3
44904,5,4
44905,5,4
44906,2,3
44907,7,5
44908,9,7
44909,3,6
44910,7,5
44911,5,7
44912,9,7
44913,6,8
44914,9,7
44915,1,9
44916,2,5
44917,4,0
44918,6,8
44919,0,1
44920,9,7
44921,5,4
44922,5,4
44923,7,5
44924,7,5
44925,3,6
44926,5,9
44927,9,7
44928,3,5
44929,6,8
44930,7,5
44931,5,9
44932,3,6
44933,4,0
44934,8,2
44935,0,1
44936,5,9
44937,5,4
44938,7,5
44939,7,5
44940,5,7
44941,3,6
44942,5,4
44943,9,7
44944,4,8
44945,6,8
44946,5,9
44947,9,9
44948,5,9
44949,9,7
44950,8,2
44951,4,0
44952,3,6
44953,3,6
44954,9,7
44955,4,0
44956,5,4
44957,9,7
44958,4,0
44959,8,3
44960,5,4
44961,9,8
44962,5,9
44963,3,6
44964,7,5
44965,9,7
44966,1,1
44967,0,1
44968,6,8
44969,6,3
44970,7,5
44971,9,7
44972,9,7
44973,5,9
44974,6,8
44975,9,7
44976,7,5
44977,5,4
44978,8,2
44979,4,0
44980,2,8
44981,3,6
44982,2,9
44983,5,4
44984,3,6
44985,5,9
44986,1,1
44987,7,5
44988,0,1
44989,3,6
44990,5,4
44991,7,5
44992,5,9
44993,8,2
44994,1,1
44995,5,9
44996,1,1
44997,6,8
44998,5,4
44999,7,5
45000,2,3
45001,0,1
45002,1,1
45003,7,5
45004,9,7
45005,8,3
45006,1,1
45007,9,9
45008,2,3
45009,5,4
45010,3,6
45011,7,5
45012,3,5
45013,3,6
45014,9,7
45015,2,3
45016,6,8
45017,5,4
45018,3,5
45019,0,8
45020,9,7
45021,4,0
45022,8,2
45023,3,6
45024,2,5
45025,5,4
45026,7,8
45027,6,8
45028,8,2
45029,0,1
45030,3,6
45031,2,3
45032,1,1
45033,5,4
45034,5,9
45035,4,0
45036,3,5
45037,1,1
45038,5,4
45039,5,9
45040,9,7
45041,8,2
45042,4,0
45043,8,3
45044,5,9
45045,9,7
45046,9,3
45047,5,2
45048,5,4
45049,7,5
45050,6,8
45051,0,1
45052,7,5
45053,9,7
45054,9,7
45055,8,2
45056,3,8
45057,0,8
45058,4,0
45059,9,7
45060,9,7
45061,4,0
45062,5,9
45063,0,1
45064,5,4
45065,5,9
45066,4,0
45067,3,6
45068,9,7
45069,0,4
45070,7,5
45071,9,9
45072,7,5
45073,1,2
45074,5,9
45075,0,1
45076,0,1
45077,8,2
45078,1,1
45079,8,3
45080,3,6
45081,9,7
45082,7,8
45083,4,0
45084,5,9
45085,8,2
45086,5,9
45087,0,1
45088,2,3
45089,2,3
45090,3,6
45091,7,5
45092,1,1
45093,2,3
45094,4,2
45095,5,4
45096,8,2
45097,9,7
45098,6,8
45099,5,2
45100,0,4
45101,7,5
45102,9,7
45103,6,8
45104,3,6
45105,0,1
45106,6,8
45107,3,6
45108,2,3
45109,6,8
45110,6,8
45111,7,5
45112,4,0
45113,3,6
45114,9,7
45115,4,0
45116,0,8
45117,9,8
45118,2,5
45119,5,9
45120,5,9
45121,9,4
45122,6,8
45123,9,9
45124,7,5
45125,8,2
45126,4,0
45127,3,6
45128,4,0
45129,4,0
45130,8,2
45131,1,1
45132,7,5
45133,8,2
45134,7,5
45135,2,3
45136,8,2
45137,5,4
45138,1,6
45139,2,5
45140,1,1
45141,3,6
45142,9,9
45143,1,7
45144,5,9
45145,4,0
45146,4,0
45147,1,1
45148,5,4
45149,8,2
45150,2,3
45151,2,3
45152,4,0
45153,5,4
45154,3,6
45155,7,5
45156,6,8
45157,3,6
45158,8,2
45159,5,7
45160,2,5
45161,2,8
45162,4,0
45163,5,9
45164,2,3
45165,4,0
45166,7,5
45167,1,1
45168,2,8
45169,8,2
45170,9,7
45171,2,3
45172,5,4
45173,5,4
45174,5,9
45175,7,5
45176,5,9
45177,3,6
45178,5,9
45179,5,7
45180,9,7
45181,4,8
45182,1,1
45183,5,9
45184,5,4
45185,1,7
45186,1,1
45187,5,7
45188,9,7
45189,4,0
45190,4,0
45191,5,4
45192,9,7
45193,4,0
45194,6,8
45195,2,3
45196,2,3
45197,1,1
45198,5,4
45199,6,8
45200,9,7
45201,5,9
45202,6,8
45203,9,2
45204,1,1
45205,1,1
45206,1,2
45207,2,8
45208,6,8
45209,3,6
45210,5,4
45211,7,5
45212,5,5
45213,5,4
45214,5,4
45215,5,7
45216,8,2
45217,2,3
45218,4,0
45219,5,4
45220,1,1
45221,1,1
45222,7,5
45223,6,8
45224,3,6
45225,3,6
45226,2,5
45227,5,9
45228,3,6
45229,1,1
45230,4,0
45231,5,4
45232,5,9
45233,7,5
45234,5,4
45235,4,0
45236,5,9
45237,1,1
45238,5,4
45239,2,3
45240,1,1
45241,3,6
45242,5,9
45243,5,4
45244,5,9
45245,2,8
45246,2,3
45247,5,9
45248,3,6
45249,2,8
45250,1,5
45251,8,2
45252,5,4
45253,1,1
45254,1,1
45255,4,0
45256,3,5
45257,9,7
45258,9,7
45259,8,2
45260,2,3
45261,7,5
45262,3,6
45263,7,5
45264,2,3
45265,3,6
45266,2,3
45267,3,6
45268,8,2
45269,3,6
45270,6,8
45271,2,3
45272,2,3
45273,2,3
45274,4,6
45275,2,3
45276,4,0
45277,1,1
45278,5,4
45279,9,7
45280,5,4
45281,8,2
45282,3,5
45283,8,2
45284,1,1
45285,9,7
45286,6,8
45287,8,2
45288,4,0
45289,2,3
45290,1,1
45291,3,6
45292,2,5
45293,2,8
45294,3,6
45295,7,5
45296,5,4
45297,1,1
45298,2,8
45299,5,4
45300,3,6
45301,5,9
45302,1,1
45303,4,0
45304,5,9
45305,7,5
45306,8,2
45307,4,0
45308,5,9
45309,3,6
45310,9,7
45311,6,8
45312,2,3
45313,2,8
45314,9,7
45315,4,0
45316,5,4
45317,6,8
45318,5,4
45319,8,2
45320,1,1
45321,2,3
45322,5,9
45323,5,9
45324,3,6
45325,5,4
45326,7,8
45327,2,3
45328,2,3
45329,5,7
45330,5,4
45331,1,1
45332,8,2
45333,5,7
45334,7,5
45335,3,6
45336,2,3
45337,5,9
45338,3,6
45339,5,4
45340,2,3
45341,8,2
45342,8,2
45343,5,9
45344,7,5
45345,5,9
45346,8,2
45347,8,2
45348,2,2
45349,4,0
45350,8,2
45351,6,8
45352,5,9
45353,5,4
45354,4,0
45355,5,9
45356,6,8
45357,5,4
45358,8,2
45359,4,0
45360,7,5
45361,5,7
45362,8,2
45363,1,1
45364,2,3
45365,2,3
45366,1,1
45367,8,2
45368,3,6
45369,5,9
45370,5,9
45371,4,0
45372,1,1
45373,0,1
45374,9,7
45375,8,2
45376,3,6
45377,2,3
45378,8,2
45379,6,8
45380,5,9
45381,9,9
45382,9,7
45383,4,0
45384,4,0
45385,0,1
45386,4,0
45387,8,2
45388,5,9
45389,8,3
45390,2,5
45391,0,4
45392,9,7
45393,7,5
45394,5,4
45395,3,6
45396,2,3
45397,9,7
45398,2,3
45399,6,8
45400,2,3
45401,4,0
45402,4,0
45403,0,1
45404,5,4
45405,8,2
45406,8,2
45407,2,3
45408,2,3
45409,3,6
45410,3,6
45411,9,7
45412,8,2
45413,0,8
45414,1,2
45415,9,9
45416,6,8
45417,4,0
45418,4,0
45419,2,3
45420,8,2
45421,5,9
45422,3,0
45423,7,5
45424,5,4
45425,3,6
45426,4,0
45427,6,8
45428,9,7
45429,5,4
45430,8,2
45431,9,9
45432,7,5
45433,0,1
45434,4,0
45435,9,7
45436,2,3
45437,0,1
45438,1,1
45439,8,2
45440,9,9
45441,7,3
45442,4,0
45443,4,5
45444,1,1
45445,9,9
45446,5,7
45447,3,6
45448,3,6
45449,9,9
45450,5,9
45451,0,1
45452,7,5
45453,8,2
45454,2,8
45455,3,0
45456,9,7
45457,9,7
45458,1,8
45459,8,2
45460,3,6
45461,9,9
45462,9,2
45463,0,8
45464,8,2
45465,5,9
45466,9,7
45467,4,0
45468,2,3
45469,9,7
45470,7,5
45471,0,1
45472,5,4
45473,2,3
45474,2,3
45475,4,0
45476,4,0
45477,2,3
45478,3,6
45479,3,6
45480,2,3
45481,6,8
45482,7,5
45483,9,7
45484,1,2
45485,5,4
45486,8,2
45487,9,9
45488,8,2
45489,9,7
45490,3,5
45491,2,5
45492,9,7
45493,6,8
45494,4,0
45495,0,1
45496,9,7
45497,7,5
45498,8,2
45499,0,1
45500,8,2
45501,1,2
45502,0,1
45503,4,0
45504,4,0
45505,8,2
45506,3,6
45507,5,4
45508,2,3
45509,7,3
45510,3,6
45511,4,0
45512,7,5
45513,4,0
45514,3,6
45515,4,0
45516,1,1
45517,2,3
45518,9,7
45519,7,5
45520,2,8
45521,9,7
45522,4,0
45523,3,6
45524,9,7
45525,5,9
45526,7,5
45527,9,9
45528,5,9
45529,6,8
45530,5,7
45531,8,2
45532,1,1
45533,9,7
45534,7,5
45535,9,7
45536,4,5
45537,0,1
45538,5,4
45539,4,0
45540,4,0
45541,1,1
45542,3,6
45543,8,2
45544,4,0
45545,2,3
45546,1,1
45547,7,5
45548,9,7
45549,3,6
45550,5,4
45551,9,7
45552,3,6
45553,6,8
45554,2,3
45555,5,9
45556,1,1
45557,4,0
45558,3,6
45559,1,1
45560,5,4
45561,8,2
45562,7,5
45563,2,3
45564,5,4
45565,5,4
45566,4,6
45567,7,5
45568,8,2
45569,3,6
45570,9,7
45571,9,7
45572,1,1
45573,6,8
45574,5,4
45575,5,9
45576,6,8
45577,4,0
45578,5,4
45579,1,1
45580,3,6
45581,3,6
45582,2,5
45583,9,7
45584,9,2
45585,2,8
45586,2,3
45587,5,9
45588,1,1
45589,4,0
45590,5,4
45591,7,5
45592,9,7
45593,3,6
45594,5,7
45595,6,8
45596,4,0
45597,2,3
45598,1,1
45599,2,3
45600,9,7
45601,2,3
45602,7,5
45603,5,9
45604,7,5
45605,9,9
45606,9,7
45607,2,5
45608,4,0
45609,3,6
45610,2,3
45611,5,4
45612,2,3
45613,5,4
45614,1,6
45615,5,7
45616,4,5
45617,4,0
45618,9,7
45619,2,3
45620,8,2
45621,5,9
45622,4,6
45623,3,6
45624,7,5
45625,5,9
45626,9,7
45627,1,1
45628,2,3
45629,7,5
45630,3,6
45631,8,2
45632,5,9
45633,3,6
45634,3,6
45635,3,6
45636,2,3
45637,9,7
45638,8,2
45639,6,8
45640,3,6
45641,1,1
45642,2,3
45643,3,6
45644,2,3
45645,9,7
45646,6,8
45647,6,8
45648,8,2
45649,2,8
45650,1,1
45651,1,1
45652,9,7
45653,2,8
45654,5,9
45655,2,3
45656,2,3
45657,9,7
45658,2,3
45659,1,1
45660,6,8
45661,8,2
45662,8,2
45663,9,7
45664,3,6
45665,1,1
45666,1,1
45667,7,5
45668,3,6
45669,4,0
45670,5,4
45671,5,9
45672,8,2
45673,6,8
45674,5,4
45675,2,3
45676,4,0
45677,1,1
45678,0,8
45679,6,8
45680,9,7
45681,5,4
45682,4,0
45683,1,1
45684,6,8
45685,5,4
45686,3,6
45687,2,3
45688,5,9
45689,5,9
45690,1,1
45691,9,7
45692,7,8
45693,1,1
45694,9,9
45695,4,0
45696,2,3
45697,9,7
45698,8,2
45699,2,3
45700,5,9
45701,4,0
45702,3,6
45703,1,1
45704,2,3
45705,8,2
45706,6,8
45707,2,3
45708,5,9
45709,5,4
45710,2,8
45711,7,5
45712,2,3
45713,3,6
45714,8,2
45715,5,7
45716,2,5
45717,6,8
45718,5,4
45719,5,9
45720,9,7
45721,4,0
45722,4,0
45723,0,1
45724,5,4
45725,8,2
45726,3,5
45727,2,3
45728,4,0
45729,5,4
45730,1,1
45731,7,5
45732,2,3
45733,3,6
45734,2,3
45735,9,7
45736,2,3
45737,6,8
45738,6,8
45739,9,9
45740,5,4
45741,4,0
45742,3,6
45743,0,1
45744,5,7
45745,8,2
45746,2,8
45747,2,3
45748,4,0
45749,5,4
45750,3,6
45751,5,4
45752,1,4
45753,2,5
45754,1,1
45755,3,6
45756,5,9
45757,3,6
45758,2,3
45759,2,3
45760,4,0
45761,5,4
45762,5,9
45763,4,2
45764,2,3
45765,6,8
45766,4,0
45767,0,1
45768,1,1
45769,4,0
45770,5,5
45771,3,6
45772,3,8
45773,5,4
45774,2,3
45775,9,9
45776,9,7
45777,9,7
45778,5,4
45779,8,2
45780,7,5
45781,2,3
45782,1,1
45783,2,3
45784,2,9
45785,5,9
45786,2,3
45787,9,9
45788,5,4
45789,2,3
45790,1,1
45791,2,3
45792,6,2
45793,9,9
45794,5,4
45795,0,1
45796,2,3
45797,7,5
45798,6,8
45799,8,2
45800,4,9
45801,5,3
45802,6,8
45803,0,1
45804,9,7
45805,3,6
45806,9,7
45807,9,7
45808,7,5
45809,2,3
45810,5,9
45811,9,7
45812,4,0
45813,6,8
45814,2,3
45815,5,4
45816,1,1
45817,4,0
45818,8,2
45819,8,2
45820,1,1
45821,5,4
45822,2,3
45823,4,0
45824,5,9
45825,8,2
45826,2,5
45827,5,4
45828,5,9
45829,9,7
45830,4,0
45831,7,8
45832,8,2
45833,4,0
45834,5,4
45835,9,7
45836,2,3
45837,4,0
45838,8,2
45839,3,6
45840,4,0
45841,9,9
45842,6,8
45843,2,3
45844,5,7
45845,8,2
45846,7,6
45847,5,4
45848,2,3
45849,6,8
45850,2,3
45851,3,6
45852,8,2
45853,4,0
45854,2,3
45855,0,1
45856,3,6
45857,4,0
45858,1,1
45859,6,8
45860,5,4
45861,0,1
45862,2,3
45863,3,6
45864,5,9
45865,9,7
45866,6,8
45867,8,2
45868,9,2
45869,9,9
45870,7,5
45871,9,7
45872,2,5
45873,9,9
45874,6,8
45875,7,5
45876,5,4
45877,6,8
45878,2,3
45879,9,9
45880,1,2
45881,3,6
45882,6,8
45883,7,5
45884,2,8
45885,8,2
45886,7,5
45887,4,6
45888,2,9
45889,8,2
45890,7,5
45891,6,8
45892,5,9
45893,0,1
45894,2,5
45895,9,7
45896,6,8
45897,7,5
45898,6,8
45899,7,5
45900,1,1
45901,0,7
45902,2,3
45903,2,3
45904,8,2
45905,4,0
45906,8,2
45907,0,1
45908,4,0
45909,0,1
45910,3,6
45911,9,3
45912,5,4
45913,6,8
45914,3,6
45915,5,4
45916,5,4
45917,8,9
45918,2,8
45919,7,5
45920,8,2
45921,0,1
45922,5,9
45923,6,8
45924,7,5
45925,9,9
45926,1,1
45927,0,1
45928,5,4
45929,8,2
45930,9,7
45931,0,1
45932,8,2
45933,2,5
45934,3,6
45935,3,6
45936,5,4
45937,9,7
45938,2,8
45939,4,0
45940,2,3
45941,0,1
45942,4,0
45943,8,2
45944,5,9
45945,2,3
45946,2,3
45947,7,5
45948,2,8
45949,3,6
45950,5,4
45951,9,7
45952,4,0
45953,4,0
45954,9,8
45955,0,1
45956,6,8
45957,8,2
45958,8,2
45959,2,3
45960,4,0
45961,0,1
45962,1,1
45963,7,5
45964,8,2
45965,3,6
45966,4,0
45967,9,7
45968,2,8
45969,9,9
45970,2,3
45971,6,8
45972,2,2
45973,9,7
45974,1,1
45975,4,0
45976,6,8
45977,8,2
45978,9,7
45979,2,3
45980,5,9
45981,5,4
45982,5,4
45983,2,3
45984,3,6
45985,6,8
45986,3,6
45987,7,5
45988,1,8
45989,0,1
45990,2,3
45991,7,5
45992,9,7
45993,8,2
45994,1,1
45995,2,3
45996,1,1
45997,4,0
45998,8,2
45999,0,1
46000,5,9
46001,5,2
46002,6,2
46003,3,6
46004,5,4
46005,2,3
46006,1,1
46007,4,0
46008,5,9
46009,9,7
46010,4,0
46011,8,2
46012,1,1
46013,3,6
46014,4,0
46015,0,1
46016,9,7
46017,4,0
46018,6,8
46019,7,5
46020,9,9
46021,5,9
46022,5,4
46023,9,9
46024,3,6
46025,6,8
46026,1,1
46027,2,3
46028,8,2
46029,0,1
46030,5,9
46031,9,7
46032,9,9
46033,0,4
46034,7,8
46035,9,7
46036,8,2
46037,9,4
46038,5,4
46039,4,0
46040,1,1
46041,4,0
46042,9,7
46043,3,6
46044,8,2
46045,4,6
46046,0,1
46047,8,2
46048,9,7
46049,3,6
46050,8,2
46051,2,3
46052,5,4
46053,9,7
46054,4,0
46055,9,7
46056,8,2
46057,5,4
46058,1,1
46059,5,4
46060,7,5
46061,2,3
46062,2,3
46063,6,8
46064,5,9
46065,5,9
46066,5,9
46067,3,6
46068,2,3
46069,4,0
46070,2,3
46071,0,9
46072,2,3
46073,3,5
46074,3,6
46075,2,3
46076,9,7
46077,0,1
46078,1,7
46079,2,3
46080,6,8
46081,9,7
46082,8,2
46083,8,2
46084,9,7
46085,0,1
46086,3,5
46087,9,9
46088,6,6
46089,0,1
46090,4,0
46091,7,5
46092,8,2
46093,0,1
46094,8,2
46095,9,7
46096,3,6
46097,5,4
46098,2,3
46099,6,8
46100,5,9
46101,3,6
46102,7,5
46103,0,1
46104,5,4
46105,8,2
46106,9,7
46107,0,1
46108,7,5
46109,3,6
46110,1,8
46111,4,0
46112,5,4
46113,1,1
46114,4,0
46115,8,2
46116,6,2
46117,2,3
46118,6,8
46119,9,7
46120,3,6
46121,6,8
46122,2,2
46123,9,9
46124,5,4
46125,4,0
46126,2,3
46127,0,1
46128,5,4
46129,8,2
46130,2,3
46131,3,6
46132,9,7
46133,9,7
46134,2,3
46135,6,8
46136,2,3
46137,5,9
46138,2,3
46139,4,0
46140,5,4
46141,0,1
46142,1,1
46143,8,2
46144,4,0
46145,2,3
46146,9,9
46147,9,7
46148,5,9
46149,7,5
46150,5,4
46151,9,7
46152,7,5
46153,9,7
46154,0,8
46155,9,7
46156,9,7
46157,2,3
46158,1,1
46159,0,1
46160,9,7
46161,5,9
46162,6,2
46163,6,2
46164,5,4
46165,0,1
46166,4,0
46167,3,6
46168,5,9
46169,7,5
46170,3,6
46171,9,7
46172,5,4
46173,1,1
46174,9,7
46175,6,8
46176,5,9
46177,3,6
46178,1,1
46179,9,9
46180,7,5
46181,0,1
46182,2,3
46183,4,0
46184,2,3
46185,1,1
46186,3,6
46187,5,3
46188,2,5
46189,3,6
46190,9,7
46191,6,8
46192,4,0
46193,5,9
46194,5,4
46195,7,5
46196,1,1
46197,8,2
46198,3,6
46199,0,1
46200,6,8
46201,9,7
46202,5,7
46203,7,5
46204,0,1
46205,3,6
46206,5,9
46207,3,6
46208,2,3
46209,3,6
46210,0,1
46211,2,3
46212,8,2
46213,0,1
46214,4,2
46215,9,7
46216,6,8
46217,8,2
46218,3,6
46219,8,2
46220,5,4
46221,2,3
46222,6,8
46223,6,8
46224,8,2
46225,0,1
46226,6,8
46227,4,0
46228,2,3
46229,3,6
46230,5,4
46231,6,8
46232,5,4
46233,6,8
46234,5,4
46235,4,0
46236,1,1
46237,6,8
46238,5,9
46239,8,2
46240,1,1
46241,2,3
46242,2,3
46243,5,9
46244,2,5
46245,5,4
46246,2,3
46247,5,3
46248,5,7
46249,9,7
46250,8,2
46251,0,1
46252,6,8
46253,9,7
46254,1,1
46255,5,9
46256,1,1
46257,5,4
46258,6,8
46259,8,2
46260,9,7
46261,5,9
46262,6,2
46263,5,9
46264,9,7
46265,9,7
46266,8,2
46267,0,1
46268,1,1
46269,5,3
46270,6,8
46271,5,9
46272,3,6
46273,4,0
46274,0,7
46275,0,1
46276,1,1
46277,8,2
46278,9,7
46279,2,3
46280,2,3
46281,0,4
46282,5,9
46283,9,7
46284,5,9
46285,6,8
46286,8,2
46287,9,9
46288,8,2
46289,4,0
46290,2,5
46291,0,1
46292,4,0
46293,8,2
46294,4,0
46295,2,3
46296,2,3
46297,9,7
46298,5,9
46299,6,8
46300,7,5
46301,9,9
46302,0,1
46303,4,0
46304,1,1
46305,0,4
46306,2,3
46307,7,5
46308,5,9
46309,3,6
46310,3,6
46311,9,7
46312,7,5
46313,6,8
46314,5,4
46315,7,9
46316,1,9
46317,8,2
46318,5,9
46319,8,2
46320,2,8
46321,9,7
46322,7,5
46323,3,6
46324,5,4
46325,5,4
46326,1,1
46327,0,7
46328,4,0
46329,6,3
46330,6,8
46331,7,5
46332,4,0
46333,5,4
46334,1,1
46335,0,1
46336,5,9
46337,6,8
46338,6,8
46339,4,0
46340,9,7
46341,9,7
46342,1,1
46343,8,2
46344,4,0
46345,8,2
46346,6,8
46347,0,1
46348,6,8
46349,9,7
46350,2,3
46351,9,7
46352,5,4
46353,9,9
46354,9,3
46355,9,9
46356,9,7
46357,9,4
46358,7,5
46359,3,6
46360,1,1
46361,9,7
46362,5,9
46363,9,7
46364,8,2
46365,7,5
46366,7,5
46367,0,4
46368,4,8
46369,0,5
46370,2,3
46371,4,0
46372,1,1
46373,9,9
46374,5,4
46375,4,0
46376,9,7
46377,8,2
46378,2,5
46379,9,3
46380,6,8
46381,7,5
46382,3,6
46383,3,6
46384,5,4
46385,0,1
46386,8,2
46387,6,8
46388,5,4
46389,3,6
46390,3,6
46391,4,0
46392,3,6
46393,3,6
46394,8,2
46395,6,8
46396,6,8
46397,6,8
46398,4,0
46399,6,8
46400,8,2
46401,9,4
46402,5,4
46403,2,3
46404,9,7
46405,6,8
46406,2,3
46407,0,1
46408,8,2
46409,2,3
46410,4,0
46411,3,6
46412,4,0
46413,9,9
46414,8,2
46415,0,4
46416,1,1
46417,0,1
46418,7,5
46419,0,7
46420,3,6
46421,3,6
46422,9,7
46423,7,9
46424,2,3
46425,2,3
46426,5,7
46427,2,3
46428,2,8
46429,9,7
46430,4,0
46431,5,4
46432,3,6
46433,0,1
46434,1,1
46435,7,9
46436,4,0
46437,0,1
46438,4,0
46439,4,0
46440,3,6
46441,3,6
46442,2,3
46443,4,0
46444,5,9
46445,1,1
46446,4,0
46447,1,2
46448,7,5
46449,2,3
46450,6,8
46451,5,4
46452,1,1
46453,7,5
46454,2,3
46455,3,6
46456,5,4
46457,5,7
46458,7,5
46459,4,0
46460,5,4
46461,1,1
46462,9,7
46463,8,2
46464,8,2
46465,2,3
46466,9,7
46467,5,4
46468,1,1
46469,7,5
46470,1,1
46471,3,6
46472,5,4
46473,5,7
46474,5,9
46475,6,8
46476,3,5
46477,5,9
46478,6,8
46479,4,0
46480,2,3
46481,1,1
46482,3,6
46483,8,2
46484,4,0
46485,2,3
46486,8,2
46487,5,4
46488,4,0
46489,7,5
46490,5,9
46491,3,6
46492,5,9
46493,5,7
46494,4,0
46495,6,8
46496,1,1
46497,5,9
46498,5,4
46499,1,1
46500,2,3
46501,9,7
46502,4,8
46503,5,4
46504,0,8
46505,6,8
46506,2,3
46507,1,1
46508,6,8
46509,7,5
46510,6,2
46511,3,6
46512,1,1
46513,7,5
46514,9,7
46515,9,7
46516,4,0
46517,8,2
46518,1,1
46519,6,8
46520,1,1
46521,3,6
46522,2,5
46523,2,3
46524,4,6
46525,2,3
46526,3,6
46527,6,8
46528,6,8
46529,3,6
46530,5,4
46531,7,5
46532,2,3
46533,5,4
46534,2,3
46535,4,0
46536,3,6
46537,5,9
46538,3,6
46539,1,1
46540,8,2
46541,5,7
46542,1,1
46543,8,2
46544,7,5
46545,5,9
46546,8,2
46547,1,1
46548,2,3
46549,2,3
46550,5,4
46551,8,2
46552,1,1
46553,8,2
46554,2,5
46555,2,3
46556,8,2
46557,4,0
46558,3,6
46559,3,6
46560,4,0
46561,5,4
46562,4,0
46563,2,3
46564,5,4
46565,5,7
46566,2,3
46567,3,6
46568,5,4
46569,5,9
46570,2,3
46571,4,0
46572,9,9
46573,2,8
46574,8,2
46575,1,1
46576,7,5
46577,5,4
46578,5,9
46579,4,0
46580,0,6
46581,3,6
46582,4,0
46583,1,1
46584,6,8
46585,8,2
46586,8,2
46587,3,6
46588,2,3
46589,5,9
46590,3,6
46591,8,2
46592,2,3
46593,8,2
46594,3,6
46595,2,3
46596,4,0
46597,7,5
46598,0,1
46599,7,5
46600,2,3
46601,1,1
46602,5,9
46603,4,0
46604,4,0
46605,9,7
46606,8,2
46607,9,7
46608,2,5
46609,5,9
46610,3,5
46611,3,6
46612,7,5
46613,5,4
46614,6,8
46615,5,7
46616,2,8
46617,4,0
46618,9,7
46619,8,2
46620,8,2
46621,2,3
46622,5,4
46623,5,4
46624,5,4
46625,4,0
46626,3,6
46627,4,0
46628,4,0
46629,6,8
46630,9,7
46631,6,8
46632,3,6
46633,6,8
46634,2,3
46635,7,5
46636,9,7
46637,1,1
46638,9,7
46639,2,3
46640,2,5
46641,9,7
46642,9,7
46643,5,4
46644,5,4
46645,5,9
46646,3,6
46647,6,8
46648,9,7
46649,2,8
46650,6,8
46651,5,9
46652,2,3
46653,4,0
46654,4,0
46655,5,9
46656,8,2
46657,6,8
46658,6,8
46659,5,9
46660,5,9
46661,4,0
46662,5,9
46663,8,2
46664,1,1
46665,3,6
46666,2,3
46667,7,5
46668,5,4
46669,3,6
46670,3,6
46671,9,7
46672,9,7
46673,9,7
46674,2,3
46675,7,5
46676,4,6
46677,5,4
46678,8,2
46679,1,1
46680,4,0
46681,2,3
46682,3,6
46683,4,0
46684,3,6
46685,1,1
46686,9,7
46687,8,2
46688,9,7
46689,8,3
46690,8,2
46691,5,4
46692,2,3
46693,7,5
46694,8,2
46695,3,6
46696,1,1
46697,9,7
46698,2,9
46699,8,8
46700,7,5
46701,5,9
46702,2,3
46703,4,0
46704,3,6
46705,1,1
46706,5,9
46707,8,2
46708,8,2
46709,2,3
46710,8,2
46711,5,4
46712,5,4
46713,7,5
46714,5,9
46715,3,6
46716,0,4
46717,9,7
46718,1,1
46719,6,8
46720,2,5
46721,5,9
46722,1,1
46723,4,0
46724,9,7
46725,1,1
46726,5,0
46727,8,2
46728,5,4
46729,2,3
46730,6,8
46731,5,4
46732,3,6
46733,7,5
46734,1,4
46735,3,6
46736,6,3
46737,9,7
46738,6,8
46739,6,8
46740,4,0
46741,5,9
46742,5,9
46743,2,3
46744,9,7
46745,5,4
46746,4,0
46747,1,1
46748,4,0
46749,5,4
46750,3,6
46751,4,0
46752,9,7
46753,6,8
46754,5,4
46755,3,6
46756,6,8
46757,5,4
46758,6,8
46759,7,5
46760,8,2
46761,5,4
46762,9,9
46763,4,0
46764,2,8
46765,9,7
46766,5,4
46767,6,8
46768,2,5
46769,9,7
46770,5,7
46771,9,7
46772,4,0
46773,5,9
46774,7,5
46775,4,0
46776,6,8
46777,5,4
46778,9,9
46779,9,7
46780,1,1
46781,5,4
46782,0,1
46783,8,2
46784,5,9
46785,4,0
46786,5,4
46787,7,5
46788,3,6
46789,6,8
46790,5,4
46791,6,8
46792,1,1
46793,6,8
46794,6,8
46795,5,4
46796,4,0
46797,4,0
46798,5,4
46799,9,7
46800,5,9
46801,0,1
46802,5,9
46803,2,3
46804,3,6
46805,7,5
46806,5,4
46807,2,3
46808,7,5
46809,1,1
46810,4,0
46811,3,6
46812,4,0
46813,7,5
46814,5,9
46815,2,3
46816,1,8
46817,6,8
46818,4,0
46819,9,7
46820,9,7
46821,2,3
46822,4,0
46823,1,1
46824,7,5
46825,3,6
46826,4,0
46827,6,8
46828,9,9
46829,7,5
46830,8,2
46831,5,9
46832,9,7
46833,8,2
46834,2,3
46835,8,2
46836,9,7
46837,4,0
46838,2,3
46839,5,9
46840,1,1
46841,8,2
46842,1,1
46843,5,4
46844,3,6
46845,3,6
46846,5,4
46847,7,5
46848,2,3
46849,8,2
46850,0,1
46851,9,7
46852,5,4
46853,2,3
46854,2,3
46855,1,1
46856,2,3
46857,2,3
46858,9,7
46859,3,6
46860,4,0
46861,3,6
46862,3,5
46863,8,2
46864,6,8
46865,1,1
46866,5,9
46867,8,2
46868,4,0
46869,3,6
46870,5,9
46871,4,0
46872,5,8
46873,9,7
46874,1,7
46875,9,7
46876,6,8
46877,5,4
46878,2,5
46879,9,7
46880,1,1
46881,5,4
46882,2,3
46883,6,8
46884,5,4
46885,5,9
46886,5,4
46887,8,2
46888,9,7
46889,5,9
46890,2,5
46891,7,5
46892,4,0
46893,1,1
46894,5,4
46895,7,5
46896,4,0
46897,6,8
46898,3,6
46899,2,3
46900,2,3
46901,7,5
46902,2,3
46903,3,6
46904,6,8
46905,4,0
46906,5,7
46907,5,9
46908,2,3
46909,9,9
46910,8,2
46911,2,3
46912,8,2
46913,1,1
46914,2,5
46915,1,1
46916,1,1
46917,4,0
46918,7,3
46919,1,1
46920,5,4
46921,8,2
46922,5,4
46923,2,3
46924,2,5
46925,5,4
46926,4,0
46927,0,8
46928,9,7
46929,9,9
46930,1,1
46931,4,0
46932,2,3
46933,1,1
46934,0,1
46935,8,2
46936,1,1
46937,2,3
46938,9,7
46939,5,4
46940,8,2
46941,1,5
46942,6,8
46943,3,6
46944,4,0
46945,9,7
46946,5,9
46947,4,0
46948,7,5
46949,0,1
46950,9,7
46951,8,2
46952,4,0
46953,2,3
46954,1,1
46955,5,4
46956,8,2
46957,9,7
46958,2,9
46959,6,8
46960,5,4
46961,9,9
46962,4,0
46963,4,0
46964,9,7
46965,7,5
46966,8,2
46967,3,6
46968,7,5
46969,6,8
46970,5,9
46971,2,3
46972,5,9
46973,9,9
46974,8,2
46975,4,0
46976,3,4
46977,8,2
46978,8,2
46979,2,3
46980,4,0
46981,2,3
46982,6,8
46983,2,3
46984,1,1
46985,5,9
46986,2,3
46987,5,9
46988,6,8
46989,7,5
46990,2,5
46991,3,6
46992,4,0
46993,5,4
46994,3,6
46995,5,4
46996,2,5
46997,8,2
46998,6,8
46999,7,5
47000,4,0
47001,5,4
47002,5,4
47003,9,7
47004,1,1
47005,4,0
47006,3,6
47007,2,3
47008,2,8
47009,5,9
47010,9,9
47011,3,6
47012,1,2
47013,6,8
47014,3,6
47015,9,7
47016,2,5
47017,9,9
47018,3,6
47019,0,1
47020,5,5
47021,7,5
47022,1,1
47023,8,2
47024,8,2
47025,3,6
47026,3,6
47027,2,3
47028,5,4
47029,5,4
47030,6,8
47031,4,0
47032,3,6
47033,5,4
47034,1,8
47035,0,1
47036,3,2
47037,3,6
47038,7,8
47039,7,5
47040,5,9
47041,1,1
47042,4,0
47043,8,2
47044,5,4
47045,3,6
47046,4,0
47047,3,6
47048,9,9
47049,9,7
47050,1,1
47051,6,8
47052,6,8
47053,6,8
47054,1,1
47055,0,1
47056,5,9
47057,6,8
47058,5,4
47059,2,3
47060,2,5
47061,9,7
47062,9,7
47063,0,1
47064,3,6
47065,8,2
47066,6,8
47067,9,7
47068,5,4
47069,4,0
47070,5,4
47071,9,7
47072,4,0
47073,4,0
47074,6,8
47075,0,1
47076,2,8
47077,7,5
47078,4,0
47079,4,0
47080,6,8
47081,7,5
47082,5,9
47083,8,2
47084,3,6
47085,0,8
47086,5,4
47087,4,0
47088,8,2
47089,5,4
47090,2,3
47091,9,9
47092,5,4
47093,6,8
47094,5,4
47095,2,3
47096,4,0
47097,0,1
47098,7,5
47099,6,8
47100,2,8
47101,8,2
47102,8,2
47103,5,9
47104,7,5
47105,9,9
47106,3,6
47107,7,5
47108,1,1
47109,5,4
47110,9,7
47111,6,8
47112,3,6
47113,8,2
47114,8,2
47115,7,5
47116,6,8
47117,9,7
47118,1,1
47119,0,1
47120,5,9
47121,5,4
47122,2,8
47123,2,3
47124,4,0
47125,9,9
47126,5,9
47127,9,7
47128,5,4
47129,1,1
47130,7,5
47131,8,2
47132,2,2
47133,3,6
47134,5,9
47135,4,0
47136,6,8
47137,9,7
47138,7,5
47139,4,0
47140,2,3
47141,1,1
47142,1,2
47143,8,2
47144,6,8
47145,2,3
47146,7,5
47147,3,6
47148,5,9
47149,9,7
47150,4,0
47151,6,8
47152,7,8
47153,0,1
47154,6,8
47155,8,2
47156,4,0
47157,2,3
47158,1,1
47159,5,4
47160,9,7
47161,9,7
47162,3,6
47163,6,8
47164,8,2
47165,5,9
47166,4,0
47167,4,0
47168,9,7
47169,0,1
47170,9,7
47171,8,2
47172,4,0
47173,2,3
47174,4,0
47175,5,4
47176,6,8
47177,2,5
47178,5,9
47179,3,6
47180,5,7
47181,9,7
47182,9,7
47183,6,8
47184,9,7
47185,9,9
47186,4,0
47187,1,1
47188,6,8
47189,8,2
47190,4,0
47191,3,6
47192,2,3
47193,7,5
47194,1,1
47195,2,3
47196,5,9
47197,4,0
47198,5,4
47199,8,2
47200,1,1
47201,6,8
47202,4,0
47203,9,7
47204,7,5
47205,4,0
47206,9,7
47207,2,3
47208,7,5
47209,3,6
47210,5,4
47211,4,4
47212,6,8
47213,1,1
47214,3,6
47215,5,4
47216,0,1
47217,2,3
47218,6,8
47219,3,6
47220,3,6
47221,9,7
47222,1,1
47223,8,2
47224,1,1
47225,2,3
47226,8,2
47227,9,9
47228,8,2
47229,1,1
47230,8,2
47231,8,2
47232,9,7
47233,1,1
47234,1,1
47235,8,2
47236,1,1
47237,9,9
47238,8,2
47239,3,6
47240,5,4
47241,4,0
47242,9,7
47243,1,1
47244,5,9
47245,2,3
47246,8,2
47247,2,0
47248,9,7
47249,4,2
47250,7,5
47251,7,5
47252,5,4
47253,9,7
47254,8,2
47255,8,2
47256,7,5
47257,9,9
47258,8,2
47259,0,1
47260,4,6
47261,5,9
47262,9,7
47263,3,0
47264,1,9
47265,3,6
47266,9,7
47267,4,0
47268,1,1
47269,3,6
47270,8,2
47271,4,0
47272,1,1
47273,8,2
47274,9,8
47275,4,0
47276,5,4
47277,3,6
47278,7,5
47279,0,1
47280,2,3
47281,7,5
47282,5,4
47283,6,8
47284,7,5
47285,5,4
47286,9,7
47287,2,3
47288,3,6
47289,4,0
47290,2,2
47291,1,1
47292,5,9
47293,5,4
47294,4,0
47295,6,8
47296,7,5
47297,6,8
47298,6,8
47299,5,4
47300,3,6
47301,7,5
47302,8,2
47303,5,7
47304,6,8
47305,2,5
47306,8,2
47307,9,7
47308,5,4
47309,6,8
47310,1,1
47311,2,3
47312,6,8
47313,5,4
47314,7,5
47315,6,8
47316,4,0
47317,1,8
47318,5,4
47319,2,5
47320,7,5
47321,8,2
47322,4,8
47323,5,9
47324,4,0
47325,9,7
47326,5,4
47327,1,1
47328,2,8
47329,2,3
47330,5,4
47331,6,8
47332,5,9
47333,1,1
47334,5,4
47335,4,0
47336,5,4
47337,9,7
47338,1,1
47339,7,5
47340,5,1
47341,5,9
47342,1,2
47343,3,6
47344,4,0
47345,9,9
47346,4,0
47347,5,4
47348,7,5
47349,9,7
47350,1,1
47351,9,7
47352,2,3
47353,9,9
47354,8,2
47355,5,9
47356,2,3
47357,2,5
47358,7,6
47359,6,8
47360,1,1
47361,2,3
47362,9,7
47363,5,4
47364,9,7
47365,5,4
47366,7,5
47367,2,3
47368,5,4
47369,8,2
47370,4,0
47371,4,0
47372,4,0
47373,0,1
47374,9,7
47375,8,2
47376,3,6
47377,2,3
47378,8,2
47379,5,4
47380,2,3
47381,7,5
47382,1,1
47383,3,6
47384,0,1
47385,0,7
47386,4,0
47387,7,8
47388,1,1
47389,4,0
47390,5,9
47391,0,1
47392,6,8
47393,8,2
47394,1,1
47395,2,3
47396,4,0
47397,5,4
47398,9,9
47399,9,7
47400,1,1
47401,0,8
47402,9,7
47403,0,9
47404,3,6
47405,4,0
47406,4,0
47407,0,1
47408,8,2
47409,8,2
47410,5,4
47411,2,3
47412,7,5
47413,5,4
47414,7,5
47415,3,6
47416,9,7
47417,9,7
47418,3,6
47419,4,0
47420,7,8
47421,0,8
47422,4,0
47423,9,7
47424,2,3
47425,6,8
47426,2,3
47427,9,9
47428,2,5
47429,0,1
47430,3,6
47431,5,4
47432,5,6
47433,7,5
47434,1,1
47435,0,1
47436,3,6
47437,3,6
47438,6,8
47439,9,7
47440,1,1
47441,2,3
47442,1,1
47443,8,2
47444,7,5
47445,0,9
47446,1,1
47447,4,0
47448,8,2
47449,7,5
47450,3,6
47451,3,6
47452,4,0
47453,9,7
47454,3,6
47455,2,3
47456,5,9
47457,5,9
47458,3,6
47459,9,9
47460,8,2
47461,2,3
47462,6,8
47463,6,8
47464,9,7
47465,0,1
47466,4,0
47467,8,2
47468,3,5
47469,2,3
47470,4,0
47471,7,5
47472,7,6
47473,4,0
47474,3,6
47475,4,5
47476,4,0
47477,5,4
47478,6,8
47479,4,0
47480,4,0
47481,2,3
47482,4,0
47483,5,4
47484,2,8
47485,9,7
47486,3,6
47487,9,7
47488,4,0
47489,5,9
47490,1,1
47491,5,4
47492,3,6
47493,2,3
47494,7,5
47495,9,7
47496,2,3
47497,3,6
47498,0,8
47499,8,2
47500,5,4
47501,0,1
47502,1,1
47503,7,5
47504,9,7
47505,6,8
47506,1,8
47507,0,4
47508,8,2
47509,3,6
47510,2,3
47511,9,7
47512,6,8
47513,4,0
47514,2,3
47515,8,2
47516,1,1
47517,9,9
47518,5,4
47519,2,3
47520,2,3
47521,0,4
47522,1,2
47523,5,4
47524,3,6
47525,6,8
47526,7,5
47527,0,1
47528,7,5
47529,8,2
47530,8,2
47531,8,2
47532,5,4
47533,2,3
47534,8,2
47535,0,1
47536,9,7
47537,9,7
47538,2,8
47539,2,3
47540,5,9
47541,5,4
47542,1,1
47543,7,5
47544,9,7
47545,0,1
47546,2,8
47547,9,9
47548,7,8
47549,6,8
47550,6,8
47551,0,1
47552,4,0
47553,0,1
47554,7,5
47555,4,0
47556,5,9
47557,8,2
47558,5,4
47559,9,7
47560,4,7
47561,3,6
47562,7,6
47563,6,8
47564,3,6
47565,8,2
47566,5,4
47567,6,8
47568,9,7
47569,5,4
47570,9,7
47571,5,4
47572,4,0
47573,8,2
47574,3,6
47575,8,2
47576,0,1
47577,6,8
47578,8,2
47579,4,0
47580,1,1
47581,4,0
47582,6,8
47583,1,1
47584,3,6
47585,8,2
47586,2,5
47587,2,3
47588,5,9
47589,5,4
47590,1,2
47591,7,5
47592,2,3
47593,3,6
47594,5,3
47595,5,7
47596,9,7
47597,4,8
47598,8,2
47599,4,0
47600,5,7
47601,1,1
47602,2,3
47603,1,2
47604,9,7
47605,2,3
47606,5,4
47607,5,4
47608,5,4
47609,7,5
47610,8,2
47611,3,6
47612,8,2
47613,5,7
47614,9,2
47615,4,8
47616,4,0
47617,5,9
47618,2,3
47619,4,0
47620,2,3
47621,1,1
47622,7,5
47623,8,2
47624,3,5
47625,2,3
47626,4,0
47627,5,4
47628,2,3
47629,7,5
47630,2,5
47631,3,6
47632,6,8
47633,9,7
47634,9,8
47635,4,8
47636,4,6
47637,5,9
47638,1,1
47639,4,0
47640,9,7
47641,7,5
47642,1,1
47643,2,3
47644,1,1
47645,5,9
47646,7,5
47647,4,0
47648,6,8
47649,8,2
47650,8,2
47651,2,3
47652,6,2
47653,2,3
47654,2,3
47655,2,3
47656,6,8
47657,5,9
47658,8,2
47659,5,9
47660,6,8
47661,7,5
47662,5,9
47663,3,6
47664,5,9
47665,5,4
47666,9,7
47667,8,2
47668,1,1
47669,2,3
47670,1,1
47671,5,9
47672,1,1
47673,3,6
47674,5,4
47675,6,8
47676,2,3
47677,9,7
47678,2,3
47679,5,9
47680,5,4
47681,1,1
47682,9,7
47683,7,5
47684,2,3
47685,8,2
47686,8,2
47687,3,6
47688,8,2
47689,2,3
47690,4,0
47691,5,4
47692,1,1
47693,4,0
47694,3,6
47695,5,4
47696,4,0
47697,1,1
47698,5,7
47699,3,6
47700,9,7
47701,5,4
47702,1,1
47703,5,9
47704,4,0
47705,3,6
47706,8,2
47707,7,5
47708,5,4
47709,1,1
47710,8,2
47711,8,2
47712,5,9
47713,3,6
47714,4,0
47715,3,6
47716,4,0
47717,9,7
47718,7,5
47719,7,8
47720,2,3
47721,1,1
47722,4,0
47723,8,8
47724,2,3
47725,2,3
47726,6,8
47727,9,7
47728,6,8
47729,1,1
47730,6,8
47731,8,2
47732,5,4
47733,9,7
47734,1,1
47735,1,1
47736,4,0
47737,7,5
47738,3,6
47739,4,0
47740,4,0
47741,7,5
47742,2,3
47743,8,2
47744,5,4
47745,5,9
47746,2,3
47747,2,8
47748,6,8
47749,2,3
47750,5,4
47751,1,1
47752,4,0
47753,2,8
47754,8,2
47755,5,9
47756,4,0
47757,7,5
47758,1,1
47759,4,2
47760,2,3
47761,3,6
47762,1,9
47763,5,4
47764,5,4
47765,6,8
47766,5,9
47767,8,2
47768,7,5
47769,7,5
47770,1,1
47771,5,4
47772,3,6
47773,1,1
47774,3,6
47775,9,7
47776,1,1
47777,1,1
47778,3,6
47779,5,4
47780,8,2
47781,2,3
47782,6,2
47783,5,9
47784,1,1
47785,1,1
47786,4,0
47787,8,2
47788,5,9
47789,3,6
47790,0,1
47791,4,0
47792,7,6
47793,9,7
47794,3,6
47795,2,3
47796,1,1
47797,4,0
47798,3,6
47799,0,1
47800,9,7
47801,8,2
47802,2,3
47803,2,3
47804,1,2
47805,5,4
47806,9,7
47807,3,6
47808,3,6
47809,9,7
47810,3,6
47811,6,8
47812,4,0
47813,9,9
47814,5,4
47815,4,0
47816,4,0
47817,0,1
47818,2,3
47819,8,2
47820,4,0
47821,2,3
47822,4,0
47823,5,4
47824,3,6
47825,7,5
47826,5,4
47827,3,6
47828,5,5
47829,9,7
47830,1,1
47831,6,8
47832,7,5
47833,9,9
47834,2,3
47835,4,0
47836,9,9
47837,0,1
47838,2,3
47839,8,2
47840,3,6
47841,2,3
47842,8,2
47843,5,4
47844,1,7
47845,7,5
47846,7,5
47847,3,6
47848,7,5
47849,9,7
47850,1,1
47851,6,8
47852,9,7
47853,9,9
47854,7,5
47855,4,0
47856,7,5
47857,6,8
47858,7,5
47859,9,7
47860,4,0
47861,6,8
47862,8,2
47863,9,9
47864,3,6
47865,5,9
47866,2,5
47867,4,0
47868,1,1
47869,0,1
47870,5,9
47871,5,4
47872,2,3
47873,7,5
47874,5,9
47875,0,1
47876,2,3
47877,3,6
47878,5,9
47879,9,7
47880,1,1
47881,2,3
47882,6,8
47883,8,2
47884,5,4
47885,5,9
47886,6,8
47887,4,0
47888,2,8
47889,7,5
47890,1,2
47891,3,6
47892,6,8
47893,9,7
47894,9,9
47895,2,3
47896,6,8
47897,5,9
47898,9,7
47899,9,9
47900,8,2
47901,2,3
47902,4,0
47903,6,8
47904,1,1
47905,0,1
47906,9,7
47907,8,2
47908,1,1
47909,5,9
47910,0,1
47911,3,6
47912,9,2
47913,4,3
47914,4,0
47915,7,5
47916,3,6
47917,4,0
47918,9,9
47919,7,5
47920,2,5
47921,5,4
47922,8,2
47923,4,0
47924,8,2
47925,8,3
47926,5,8
47927,5,4
47928,1,1
47929,9,7
47930,1,3
47931,9,7
47932,3,6
47933,5,9
47934,7,5
47935,0,1
47936,3,8
47937,5,4
47938,2,5
47939,2,3
47940,2,5
47941,9,7
47942,6,8
47943,3,6
47944,7,5
47945,8,2
47946,2,3
47947,0,1
47948,6,8
47949,7,5
47950,2,3
47951,7,5
47952,2,5
47953,4,0
47954,3,6
47955,7,5
47956,8,2
47957,4,0
47958,5,9
47959,6,8
47960,0,1
47961,5,4
47962,3,6
47963,3,6
47964,6,8
47965,8,2
47966,1,2
47967,6,8
47968,7,5
47969,0,1
47970,2,3
47971,8,2
47972,7,5
47973,8,2
47974,9,9
47975,2,3
47976,4,0
47977,0,1
47978,9,7
47979,4,3
47980,3,6
47981,5,4
47982,1,1
47983,7,5
47984,1,2
47985,0,1
47986,1,1
47987,5,9
47988,1,7
47989,6,8
47990,8,2
47991,0,1
47992,2,3
47993,0,1
47994,1,1
47995,7,5
47996,5,4
47997,4,0
47998,1,1
47999,8,2
48000,5,4
48001,9,7
48002,2,8
48003,6,8
48004,2,5
48005,3,6
48006,3,6
48007,6,8
48008,8,2
48009,8,2
48010,9,7
48011,6,8
48012,4,0
48013,5,4
48014,2,3
48015,5,4
48016,2,5
48017,8,2
48018,5,4
48019,8,2
48020,5,4
48021,6,8
48022,0,1
48023,4,0
48024,1,1
48025,4,0
48026,4,0
48027,1,1
48028,6,8
48029,8,2
48030,5,9
48031,2,3
48032,3,6
48033,3,6
48034,8,2
48035,9,7
48036,5,9
48037,6,8
48038,2,3
48039,4,0
48040,0,1
48041,1,1
48042,5,9
48043,8,2
48044,1,1
48045,2,3
48046,7,5
48047,5,4
48048,5,4
48049,7,5
48050,9,7
48051,3,6
48052,3,6
48053,9,7
48054,3,6
48055,6,8
48056,5,4
48057,1,9
48058,7,5
48059,4,0
48060,6,8
48061,1,1
48062,6,8
48063,8,2
48064,2,3
48065,1,3
48066,3,6
48067,5,4
48068,5,4
48069,7,5
48070,9,2
48071,3,6
48072,5,9
48073,9,7
48074,1,1
48075,6,8
48076,2,3
48077,1,9
48078,7,5
48079,1,1
48080,9,7
48081,6,8
48082,3,6
48083,3,6
48084,5,4
48085,1,1
48086,3,6
48087,5,4
48088,2,3
48089,9,9
48090,7,6
48091,2,3
48092,6,8
48093,9,7
48094,2,5
48095,9,7
48096,5,7
48097,9,9
48098,9,7
48099,1,1
48100,9,7
48101,6,8
48102,1,7
48103,5,4
48104,6,8
48105,9,7
48106,6,8
48107,8,2
48108,9,7
48109,8,2
48110,6,8
48111,4,0
48112,1,1
48113,7,5
48114,3,6
48115,6,8
48116,3,6
48117,3,6
48118,8,2
48119,1,1
48120,5,4
48121,4,0
48122,9,7
48123,5,4
48124,9,7
48125,9,7
48126,1,1
48127,1,1
48128,4,0
48129,8,2
48130,1,9
48131,1,1
48132,7,5
48133,3,6
48134,7,5
48135,9,7
48136,4,0
48137,2,3
48138,6,8
48139,2,3
48140,6,8
48141,3,6
48142,4,0
48143,7,5
48144,9,7
48145,3,6
48146,9,7
48147,8,2
48148,5,9
48149,6,8
48150,6,8
48151,9,7
48152,3,6
48153,3,6
48154,2,9
48155,6,8
48156,3,6
48157,5,9
48158,8,2
48159,5,9
48160,6,8
48161,7,5
48162,6,8
48163,2,3
48164,2,3
48165,9,7
48166,5,7
48167,4,0
48168,4,0
48169,3,6
48170,5,7
48171,5,9
48172,5,4
48173,4,0
48174,2,3
48175,0,1
48176,4,0
48177,0,1
48178,8,2
48179,8,3
48180,4,0
48181,8,2
48182,5,9
48183,0,1
48184,1,1
48185,4,0
48186,5,9
48187,4,0
48188,3,6
48189,1,1
48190,9,7
48191,8,2
48192,6,8
48193,2,3
48194,5,4
48195,5,4
48196,4,0
48197,7,5
48198,5,4
48199,3,6
48200,4,0
48201,9,7
48202,5,4
48203,6,8
48204,6,8
48205,5,9
48206,6,8
48207,4,0
48208,9,7
48209,0,1
48210,4,0
48211,8,2
48212,8,2
48213,2,3
48214,7,5
48215,5,4
48216,5,4
48217,7,5
48218,4,0
48219,3,6
48220,8,2
48221,9,7
48222,5,9
48223,6,8
48224,1,9
48225,9,9
48226,1,1
48227,4,0
48228,9,7
48229,0,1
48230,4,5
48231,8,2
48232,1,1
48233,2,3
48234,5,9
48235,5,4
48236,1,1
48237,7,5
48238,8,2
48239,3,6
48240,5,4
48241,9,7
48242,9,7
48243,6,8
48244,5,9
48245,5,9
48246,8,2
48247,9,7
48248,6,2
48249,7,5
48250,9,7
48251,7,5
48252,5,4
48253,1,1
48254,1,1
48255,5,9
48256,6,8
48257,5,9
48258,2,3
48259,9,7
48260,3,5
48261,1,1
48262,3,6
48263,4,0
48264,2,3
48265,5,9
48266,1,1
48267,4,0
48268,4,0
48269,7,5
48270,2,2
48271,9,7
48272,2,9
48273,1,1
48274,4,0
48275,9,7
48276,3,6
48277,8,2
48278,3,6
48279,1,2
48280,6,8
48281,2,3
48282,5,4
48283,3,6
48284,4,0
48285,6,8
48286,5,4
48287,4,0
48288,5,4
48289,6,8
48290,9,9
48291,2,3
48292,8,2
48293,8,2
48294,8,2
48295,4,0
48296,6,8
48297,5,9
48298,9,7
48299,4,0
48300,2,3
48301,3,6
48302,2,3
48303,0,1
48304,5,9
48305,9,7
48306,1,1
48307,7,5
48308,9,7
48309,6,8
48310,5,4
48311,2,3
48312,6,8
48313,5,4
48314,5,4
48315,9,7
48316,5,4
48317,3,6
48318,1,1
48319,3,6
48320,8,2
48321,2,3
48322,4,0
48323,3,2
48324,2,3
48325,2,3
48326,1,1
48327,5,4
48328,3,6
48329,6,8
48330,5,9
48331,6,8
48332,8,2
48333,9,7
48334,8,2
48335,1,1
48336,1,3
48337,4,0
48338,3,6
48339,6,8
48340,3,6
48341,9,7
48342,5,4
48343,9,7
48344,0,9
48345,7,5
48346,7,6
48347,5,9
48348,7,5
48349,3,2
48350,4,0
48351,6,8
48352,2,3
48353,7,5
48354,8,2
48355,2,3
48356,4,2
48357,5,4
48358,2,5
48359,3,6
48360,2,3
48361,1,1
48362,3,6
48363,1,1
48364,4,0
48365,5,4
48366,3,6
48367,7,5
48368,1,1
48369,7,5
48370,3,6
48371,4,0
48372,6,8
48373,5,4
48374,7,5
48375,6,8
48376,5,4
48377,9,7
48378,6,2
48379,5,4
48380,3,6
48381,5,9
48382,4,8
48383,8,2
48384,4,9
48385,2,3
48386,2,3
48387,3,6
48388,5,9
48389,5,4
48390,1,1
48391,8,2
48392,2,3
48393,5,4
48394,6,8
48395,1,1
48396,2,3
48397,2,5
48398,3,6
48399,5,4
48400,7,5
48401,8,2
48402,5,4
48403,4,0
48404,9,7
48405,5,4
48406,6,8
48407,6,8
48408,2,5
48409,3,6
48410,5,4
48411,1,1
48412,4,0
48413,5,9
48414,4,0
48415,2,3
48416,9,7
48417,8,2
48418,5,4
48419,4,0
48420,8,2
48421,4,0
48422,5,7
48423,8,2
48424,7,5
48425,7,5
48426,2,3
48427,3,6
48428,6,8
48429,5,9
48430,3,6
48431,2,3
48432,9,7
48433,3,6
48434,4,0
48435,2,3
48436,5,4
48437,3,6
48438,4,0
48439,4,0
48440,7,5
48441,1,1
48442,5,4
48443,8,2
48444,1,1
48445,2,3
48446,8,2
48447,5,4
48448,5,4
48449,7,5
48450,9,7
48451,3,6
48452,9,7
48453,9,7
48454,1,1
48455,6,8
48456,1,1
48457,9,9
48458,1,1
48459,4,0
48460,0,2
48461,1,1
48462,8,2
48463,8,2
48464,1,1
48465,2,3
48466,5,4
48467,5,4
48468,1,1
48469,7,5
48470,5,4
48471,3,6
48472,4,8
48473,9,7
48474,8,2
48475,6,8
48476,8,2
48477,5,9
48478,5,4
48479,4,0
48480,1,3
48481,0,1
48482,2,3
48483,8,2
48484,5,9
48485,2,3
48486,5,4
48487,5,4
48488,4,0
48489,7,5
48490,9,7
48491,3,6
48492,3,6
48493,3,6
48494,0,8
48495,6,8
48496,5,4
48497,8,2
48498,2,3
48499,2,3
48500,2,3
48501,9,7
48502,8,2
48503,6,8
48504,5,9
48505,3,6
48506,1,2
48507,7,6
48508,5,4
48509,6,8
48510,1,1
48511,4,0
48512,3,5
48513,0,1
48514,5,4
48515,9,7
48516,8,2
48517,0,1
48518,1,1
48519,9,7
48520,5,4
48521,7,3
48522,5,4
48523,4,0
48524,4,9
48525,8,2
48526,4,0
48527,8,2
48528,6,8
48529,4,0
48530,5,9
48531,8,2
48532,4,0
48533,7,5
48534,1,1
48535,5,4
48536,8,2
48537,0,1
48538,3,6
48539,3,6
48540,2,8
48541,7,5
48542,4,0
48543,0,1
48544,6,8
48545,8,2
48546,5,4
48547,4,0
48548,2,9
48549,8,2
48550,8,2
48551,2,3
48552,6,8
48553,5,4
48554,4,0
48555,7,8
48556,1,7
48557,2,3
48558,5,4
48559,6,8
48560,6,8
48561,7,5
48562,5,7
48563,2,3
48564,7,5
48565,3,6
48566,5,9
48567,2,5
48568,3,6
48569,9,9
48570,3,6
48571,6,8
48572,7,5
48573,1,1
48574,4,0
48575,9,7
48576,7,5
48577,9,9
48578,4,0
48579,2,3
48580,5,9
48581,5,4
48582,5,4
48583,0,1
48584,5,9
48585,9,7
48586,2,5
48587,2,3
48588,0,8
48589,9,9
48590,3,6
48591,3,6
48592,1,1
48593,9,7
48594,3,6
48595,5,4
48596,5,4
48597,9,9
48598,8,2
48599,2,3
48600,1,1
48601,4,0
48602,4,0
48603,9,9
48604,4,0
48605,3,6
48606,7,5
48607,4,0
48608,5,4
48609,3,6
48610,9,7
48611,0,1
48612,4,0
48613,4,0
48614,1,7
48615,7,5
48616,5,9
48617,6,8
48618,9,9
48619,8,7
48620,3,6
48621,8,2
48622,9,7
48623,7,5
48624,8,2
48625,0,1
48626,2,3
48627,4,0
48628,2,3
48629,1,1
48630,3,6
48631,4,0
48632,3,6
48633,5,9
48634,5,9
48635,5,4
48636,3,6
48637,7,5
48638,4,0
48639,9,7
48640,8,2
48641,4,0
48642,2,3
48643,8,2
48644,2,5
48645,0,1
48646,5,4
48647,9,9
48648,9,7
48649,7,6
48650,1,1
48651,9,7
48652,6,8
48653,5,4
48654,5,9
48655,6,8
48656,3,6
48657,6,8
48658,2,8
48659,7,5
48660,5,4
48661,4,0
48662,2,3
48663,1,1
48664,1,1
48665,8,2
48666,2,3
48667,2,3
48668,6,8
48669,5,4
48670,4,0
48671,7,5
48672,9,7
48673,3,6
48674,8,2
48675,9,7
48676,4,0
48677,4,0
48678,9,7
48679,1,1
48680,2,5
48681,4,2
48682,2,3
48683,2,3
48684,6,8
48685,5,4
48686,8,2
48687,7,5
48688,6,8
48689,3,6
48690,5,4
48691,9,7
48692,7,6
48693,6,8
48694,9,7
48695,4,0
48696,6,2
48697,1,1
48698,8,2
48699,8,2
48700,2,3
48701,2,3
48702,2,3
48703,5,4
48704,6,8
48705,7,5
48706,3,6
48707,3,6
48708,1,9
48709,9,7
48710,5,4
48711,6,8
48712,9,7
48713,9,9
48714,3,6
48715,4,0
48716,4,0
48717,9,7
48718,9,9
48719,4,0
48720,0,1
48721,9,7
48722,2,3
48723,6,8
48724,9,7
48725,2,3
48726,3,8
48727,4,0
48728,5,4
48729,4,0
48730,5,4
48731,7,5
48732,2,3
48733,7,5
48734,6,8
48735,2,3
48736,9,7
48737,6,8
48738,8,2
48739,6,8
48740,3,6
48741,1,1
48742,4,0
48743,6,8
48744,3,6
48745,5,4
48746,2,3
48747,5,9
48748,8,2
48749,3,6
48750,9,9
48751,0,1
48752,6,8
48753,7,8
48754,5,4
48755,4,0
48756,6,8
48757,8,2
48758,5,9
48759,9,7
48760,3,6
48761,2,3
48762,0,7
48763,5,4
48764,5,4
48765,1,1
48766,5,9
48767,4,2
48768,9,7
48769,7,5
48770,2,3
48771,5,9
48772,3,6
48773,6,8
48774,7,5
48775,5,9
48776,3,6
48777,7,5
48778,3,6
48779,5,4
48780,4,0
48781,2,3
48782,5,4
48783,2,3
48784,1,2
48785,5,4
48786,5,4
48787,9,7
48788,2,3
48789,5,9
48790,4,0
48791,4,0
48792,3,6
48793,1,1
48794,2,3
48795,5,9
48796,6,8
48797,1,1
48798,2,3
48799,8,2
48800,3,5
48801,9,7
48802,5,9
48803,5,9
48804,9,9
48805,1,1
48806,2,3
48807,4,0
48808,4,0
48809,3,6
48810,3,6
48811,4,2
48812,7,5
48813,5,4
48814,7,5
48815,4,0
48816,5,9
48817,2,3
48818,5,9
48819,5,4
48820,1,2
48821,3,6
48822,8,2
48823,3,6
48824,0,8
48825,7,5
48826,7,5
48827,3,6
48828,6,8
48829,9,7
48830,4,0
48831,1,1
48832,9,7
48833,5,4
48834,4,0
48835,5,4
48836,5,9
48837,4,2
48838,7,5
48839,3,6
48840,5,4
48841,8,2
48842,6,8
48843,5,9
48844,1,1
48845,1,1
48846,5,4
48847,7,5
48848,1,1
48849,2,3
48850,7,5
48851,1,1
48852,9,7
48853,5,4
48854,5,4
48855,6,8
48856,7,5
48857,3,6
48858,3,6
48859,2,3
48860,1,1
48861,9,7
48862,1,1
48863,4,0
48864,3,6
48865,3,5
48866,9,7
48867,3,6
48868,2,3
48869,9,7
48870,5,4
48871,1,1
48872,2,5
48873,2,3
48874,9,7
48875,6,8
48876,5,4
48877,8,2
48878,9,7
48879,3,6
48880,5,4
48881,4,2
48882,9,9
48883,3,6
48884,8,2
48885,5,4
48886,3,6
48887,4,2
48888,5,9
48889,9,7
48890,5,4
48891,6,8
48892,5,4
48893,9,7
48894,5,9
48895,4,0
48896,1,1
48897,1,1
48898,8,2
48899,6,2
48900,1,1
48901,2,3
48902,1,1
48903,5,4
48904,2,3
48905,7,5
48906,6,8
48907,3,6
48908,1,1
48909,9,7
48910,9,7
48911,4,0
48912,0,2
48913,0,1
48914,9,7
48915,8,2
48916,1,1
48917,2,3
48918,3,6
48919,5,4
48920,4,0
48921,0,5
48922,2,3
48923,9,7
48924,5,9
48925,6,8
48926,8,2
48927,0,9
48928,5,4
48929,4,0
48930,2,3
48931,0,1
48932,2,3
48933,6,2
48934,8,2
48935,2,3
48936,5,4
48937,5,4
48938,9,9
48939,7,5
48940,5,9
48941,3,6
48942,5,4
48943,0,1
48944,1,7
48945,3,6
48946,5,2
48947,4,0
48948,5,7
48949,0,1
48950,7,5
48951,8,2
48952,9,7
48953,1,4
48954,8,2
48955,9,7
48956,1,1
48957,1,4
48958,3,6
48959,1,4
48960,4,0
48961,5,4
48962,5,4
48963,4,0
48964,5,9
48965,2,3
48966,9,5
48967,6,8
48968,5,9
48969,9,7
48970,5,4
48971,7,5
48972,5,4
48973,4,8
48974,2,3
48975,6,2
48976,9,7
48977,1,1
48978,2,3
48979,9,7
48980,9,9
48981,2,3
48982,8,2
48983,7,5
48984,5,4
48985,7,5
48986,8,2
48987,9,9
48988,5,7
48989,0,1
48990,9,4
48991,8,2
48992,9,7
48993,0,1
48994,7,6
48995,2,3
48996,5,9
48997,6,8
48998,2,3
48999,3,6
49000,5,4
49001,5,4
49002,1,1
49003,9,9
49004,3,6
49005,5,4
49006,2,3
49007,9,9
49008,1,1
49009,7,2
49010,1,9
49011,4,0
49012,1,7
49013,4,0
49014,4,0
49015,5,4
49016,2,8
49017,5,4
49018,2,3
49019,3,6
49020,2,3
49021,8,2
49022,3,6
49023,7,5
49024,9,7
49025,7,5
49026,3,6
49027,4,0
49028,8,2
49029,6,2
49030,5,9
49031,3,6
49032,7,5
49033,6,8
49034,6,2
49035,0,1
49036,3,6
49037,0,1
49038,2,5
49039,0,9
49040,5,5
49041,7,2
49042,1,1
49043,3,6
49044,6,8
49045,9,7
49046,6,8
49047,3,6
49048,3,5
49049,3,6
49050,5,4
49051,6,8
49052,6,8
49053,9,7
49054,2,3
49055,2,3
49056,0,7
49057,2,3
49058,5,7
49059,4,0
49060,3,6
49061,7,5
49062,7,5
49063,9,7
49064,7,8
49065,4,0
49066,4,6
49067,7,2
49068,1,1
49069,9,7
49070,1,2
49071,9,7
49072,5,4
49073,6,8
49074,8,2
49075,4,0
49076,1,1
49077,2,3
49078,5,4
49079,7,5
49080,2,3
49081,2,3
49082,2,3
49083,3,6
49084,3,6
49085,4,0
49086,4,0
49087,0,1
49088,6,8
49089,8,2
49090,8,2
49091,2,3
49092,5,4
49093,9,7
49094,7,5
49095,6,8
49096,1,9
49097,4,0
49098,8,2
49099,0,1
49100,7,5
49101,8,2
49102,5,4
49103,2,3
49104,3,6
49105,5,4
49106,6,2
49107,3,5
49108,2,3
49109,3,6
49110,4,0
49111,4,0
49112,5,9
49113,0,1
49114,2,8
49115,8,2
49116,9,7
49117,2,3
49118,1,1
49119,9,7
49120,5,7
49121,9,9
49122,2,3
49123,0,1
49124,4,0
49125,9,7
49126,6,8
49127,5,4
49128,5,9
49129,6,8
49130,5,9
49131,0,1
49132,7,5
49133,3,6
49134,1,1
49135,2,3
49136,9,7
49137,2,3
49138,5,4
49139,3,6
49140,3,5
49141,7,5
49142,2,3
49143,9,9
49144,5,4
49145,0,1
49146,5,4
49147,2,3
49148,8,2
49149,2,3
49150,4,0
49151,4,0
49152,2,5
49153,3,6
49154,1,1
49155,5,4
49156,2,3
49157,2,3
49158,8,2
49159,9,7
49160,8,2
49161,3,6
49162,5,4
49163,9,9
49164,3,2
49165,6,8
49166,2,3
49167,0,1
49168,8,2
49169,5,4
49170,2,8
49171,4,0
49172,5,4
49173,3,6
49174,9,7
49175,3,6
49176,6,8
49177,9,9
49178,3,6
49179,8,2
49180,9,7
49181,8,2
49182,5,9
49183,2,3
49184,9,7
49185,4,0
49186,1,1
49187,9,7
49188,2,3
49189,8,2
49190,2,5
49191,8,2
49192,6,2
49193,2,3
49194,1,1
49195,5,4
49196,5,4
49197,4,0
49198,0,1
49199,4,0
49200,4,0
49201,6,8
49202,2,5
49203,7,5
49204,5,9
49205,0,1
49206,5,4
49207,2,3
49208,4,0
49209,9,7
49210,1,1
49211,5,4
49212,9,7
49213,0,9
49214,4,0
49215,7,8
49216,3,6
49217,6,8
49218,4,0
49219,9,9
49220,4,0
49221,4,0
49222,2,3
49223,9,9
49224,4,0
49225,6,8
49226,2,9
49227,9,9
49228,2,3
49229,4,0
49230,2,3
49231,8,2
49232,1,1
49233,3,6
49234,2,3
49235,9,7
49236,0,5
49237,5,4
49238,6,8
49239,9,7
49240,1,7
49241,7,5
49242,9,7
49243,4,0
49244,4,0
49245,1,1
49246,1,1
49247,8,2
49248,8,2
49249,2,3
49250,5,8
49251,5,4
49252,1,6
49253,7,5
49254,2,3
49255,3,6
49256,5,4
49257,9,7
49258,3,6
49259,6,8
49260,1,1
49261,5,9
49262,5,9
49263,4,0
49264,1,2
49265,1,1
49266,6,8
49267,8,2
49268,4,0
49269,2,3
49270,7,5
49271,5,4
49272,5,9
49273,7,5
49274,5,4
49275,3,6
49276,2,8
49277,9,7
49278,4,0
49279,6,8
49280,4,0
49281,4,0
49282,0,2
49283,0,1
49284,1,1
49285,8,2
49286,2,3
49287,2,3
49288,2,3
49289,5,4
49290,1,8
49291,7,5
49292,1,1
49293,3,6
49294,2,3
49295,6,8
49296,3,6
49297,2,3
49298,9,9
49299,5,4
49300,7,3
49301,9,7
49302,2,8
49303,6,8
49304,4,0
49305,3,6
49306,4,0
49307,2,3
49308,1,1
49309,5,4
49310,4,0
49311,4,0
49312,2,3
49313,5,9
49314,8,2
49315,9,7
49316,2,5
49317,0,1
49318,2,3
49319,9,9
49320,9,7
49321,2,3
49322,4,0
49323,6,8
49324,2,3
49325,5,4
49326,1,1
49327,9,7
49328,3,6
49329,2,3
49330,9,7
49331,4,0
49332,6,8
49333,9,9
49334,7,5
49335,5,9
49336,4,0
49337,3,6
49338,1,1
49339,1,1
49340,8,2
49341,5,4
49342,4,0
49343,7,5
49344,3,6
49345,5,4
49346,3,6
49347,3,6
49348,7,5
49349,8,2
49350,2,3
49351,4,0
49352,7,5
49353,3,6
49354,4,0
49355,1,1
49356,9,7
49357,0,1
49358,5,9
49359,1,1
49360,7,5
49361,9,7
49362,1,1
49363,8,2
49364,5,7
49365,9,7
49366,6,8
49367,7,5
49368,1,1
49369,8,2
49370,4,0
49371,5,9
49372,9,7
49373,5,4
49374,4,0
49375,7,5
49376,2,3
49377,6,8
49378,2,3
49379,5,4
49380,1,1
49381,8,2
49382,5,4
49383,5,9
49384,1,1
49385,9,7
49386,5,9
49387,4,0
49388,5,9
49389,4,0
49390,2,3
49391,9,7
49392,1,1
49393,7,5
49394,4,0
49395,0,1
49396,3,6
49397,0,1
49398,5,4
49399,9,7
49400,1,8
49401,3,6
49402,7,5
49403,3,6
49404,2,3
49405,3,6
49406,5,3
49407,6,8
49408,8,2
49409,8,2
49410,2,3
49411,8,2
49412,9,7
49413,9,7
49414,6,8
49415,9,7
49416,1,2
49417,5,4
49418,3,6
49419,4,0
49420,1,1
49421,8,2
49422,6,8
49423,5,4
49424,2,5
49425,8,2
49426,3,6
49427,7,5
49428,7,5
49429,4,0
49430,8,2
49431,2,3
49432,5,9
49433,2,3
49434,8,2
49435,2,3
49436,3,6
49437,1,1
49438,6,8
49439,6,8
49440,1,1
49441,0,1
49442,1,9
49443,4,0
49444,9,7
49445,7,5
49446,2,3
49447,5,9
49448,3,6
49449,3,6
49450,2,3
49451,9,9
49452,8,2
49453,6,8
49454,8,2
49455,7,5
49456,3,6
49457,6,8
49458,9,7
49459,4,0
49460,2,5
49461,2,3
49462,5,9
49463,4,0
49464,1,9
49465,6,8
49466,5,9
49467,2,3
49468,5,9
49469,9,9
49470,2,5
49471,4,0
49472,5,7
49473,0,1
49474,9,2
49475,8,2
49476,7,5
49477,2,3
49478,3,6
49479,5,4
49480,5,4
49481,7,5
49482,1,1
49483,3,6
49484,3,6
49485,9,7
49486,8,2
49487,0,8
49488,1,1
49489,0,9
49490,2,5
49491,9,7
49492,5,9
49493,0,8
49494,2,3
49495,0,9
49496,6,8
49497,4,0
49498,8,2
49499,0,1
49500,4,0
49501,0,4
49502,6,8
49503,7,5
49504,1,1
49505,3,6
49506,5,9
49507,9,7
49508,2,5
49509,9,8
49510,3,6
49511,0,9
49512,1,1
49513,0,4
49514,5,4
49515,4,2
49516,9,7
49517,7,6
49518,4,0
49519,0,1
49520,7,5
49521,0,1
49522,0,8
49523,0,7
49524,1,6
49525,8,8
49526,3,6
49527,7,5
49528,4,0
49529,7,3
49530,4,0
49531,9,7
49532,6,8
49533,4,0
49534,1,1
49535,4,0
49536,7,5
49537,8,2
49538,1,1
49539,3,6
49540,9,7
49541,0,9
49542,5,4
49543,4,8
49544,5,9
49545,9,8
49546,5,4
49547,9,9
49548,6,8
49549,9,9
49550,3,6
49551,9,7
49552,5,4
49553,9,7
49554,9,7
49555,9,2
49556,2,3
49557,0,1
49558,7,5
49559,0,1
49560,2,3
49561,4,0
49562,5,9
49563,0,8
49564,5,9
49565,9,9
49566,2,3
49567,8,2
49568,7,5
49569,0,1
49570,2,3
49571,9,7
49572,6,8
49573,5,2
49574,5,9
49575,4,0
49576,4,0
49577,3,6
49578,1,8
49579,0,8
49580,8,2
49581,7,5
49582,4,2
49583,4,0
49584,9,7
49585,2,3
49586,2,3
49587,0,4
49588,1,1
49589,6,3
49590,5,7
49591,9,9
49592,1,1
49593,3,6
49594,4,0
49595,4,0
49596,4,0
49597,3,6
49598,8,2
49599,0,9
49600,1,1
49601,4,0
49602,2,3
49603,0,1
49604,2,5
49605,8,2
49606,1,1
49607,2,3
49608,5,9
49609,5,4
49610,1,1
49611,7,5
49612,1,1
49613,3,6
49614,1,2
49615,9,7
49616,5,7
49617,6,8
49618,2,8
49619,5,9
49620,6,8
49621,4,0
49622,4,0
49623,0,1
49624,3,6
49625,8,2
49626,3,6
49627,2,3
49628,1,1
49629,5,4
49630,6,8
49631,7,5
49632,7,5
49633,3,6
49634,5,8
49635,9,7
49636,7,5
49637,6,8
49638,2,3
49639,4,0
49640,5,9
49641,0,1
49642,8,2
49643,8,2
49644,5,7
49645,2,3
49646,5,4
49647,9,4
49648,2,3
49649,7,5
49650,2,3
49651,3,6
49652,7,5
49653,9,9
49654,2,3
49655,7,5
49656,2,9
49657,4,0
49658,5,5
49659,3,6
49660,6,8
49661,6,8
49662,0,7
49663,9,9
49664,1,1
49665,5,4
49666,5,7
49667,0,1
49668,2,5
49669,9,9
49670,2,3
49671,7,5
49672,7,5
49673,2,3
49674,8,2
49675,4,0
49676,5,4
49677,0,8
49678,2,3
49679,9,9
49680,1,1
49681,0,1
49682,2,5
49683,5,4
49684,2,5
49685,4,0
49686,2,5
49687,7,5
49688,5,4
49689,7,5
49690,1,9
49691,9,7
49692,5,4
49693,3,6
49694,9,7
49695,4,0
49696,5,9
49697,0,1
49698,9,7
49699,3,6
49700,5,4
49701,6,8
49702,1,2
49703,9,9
49704,6,8
49705,7,5
49706,1,1
49707,0,4
49708,7,5
49709,9,7
49710,5,9
49711,3,6
49712,5,4
49713,4,0
49714,5,9
49715,6,8
49716,4,0
49717,1,1
49718,3,6
49719,9,7
49720,4,0
49721,9,7
49722,5,4
49723,0,1
49724,6,8
49725,2,3
49726,7,5
49727,8,2
49728,2,5
49729,2,3
49730,5,9
49731,0,1
49732,2,3
49733,1,4
49734,5,9
49735,8,2
49736,9,7
49737,4,0
49738,9,7
49739,4,0
49740,5,9
49741,5,4
49742,9,7
49743,3,6
49744,1,8
49745,5,4
49746,2,3
49747,5,9
49748,2,3
49749,2,3
49750,4,0
49751,6,8
49752,5,9
49753,5,4
49754,5,4
49755,9,7
49756,6,8
49757,8,2
49758,9,7
49759,7,5
49760,2,5
49761,3,6
49762,8,2
49763,2,3
49764,5,9
49765,3,6
49766,6,8
49767,9,9
49768,0,1
49769,3,6
49770,4,0
49771,2,3
49772,3,6
49773,8,2
49774,4,0
49775,8,2
49776,8,2
49777,0,4
49778,8,2
49779,3,6
49780,4,0
49781,8,2
49782,8,2
49783,7,5
49784,7,5
49785,7,5
49786,1,1
49787,1,1
49788,7,5
49789,2,3
49790,9,2
49791,2,3
49792,4,2
49793,9,9
49794,7,5
49795,8,2
49796,1,1
49797,7,5
49798,5,9
49799,9,7
49800,4,0
49801,5,9
49802,3,6
49803,6,8
49804,6,8
49805,8,2
49806,9,7
49807,0,1
49808,6,8
49809,2,3
49810,2,3
49811,0,1
49812,9,7
49813,2,3
49814,2,3
49815,4,0
49816,3,6
49817,1,1
49818,9,7
49819,8,2
49820,7,5
49821,2,3
49822,6,8
49823,5,4
49824,2,8
49825,2,5
49826,2,3
49827,3,6
49828,3,6
49829,5,7
49830,6,8
49831,2,8
49832,1,1
49833,5,9
49834,8,2
49835,4,0
49836,5,9
49837,1,1
49838,3,6
49839,8,2
49840,1,1
49841,2,3
49842,7,5
49843,5,4
49844,5,9
49845,2,5
49846,9,7
49847,3,6
49848,4,0
49849,5,7
49850,5,4
49851,6,8
49852,0,1
49853,4,0
49854,9,9
49855,1,1
49856,8,2
49857,8,2
49858,5,4
49859,2,3
49860,1,1
49861,5,4
49862,9,7
49863,2,5
49864,2,3
49865,3,6
49866,9,7
49867,5,7
49868,2,3
49869,6,8
49870,5,9
49871,5,9
49872,4,0
49873,8,2
49874,5,4
49875,8,2
49876,1,1
49877,5,7
49878,1,1
49879,3,6
49880,5,9
49881,5,4
49882,2,3
49883,4,0
49884,1,1
49885,2,5
49886,3,6
49887,6,8
49888,1,1
49889,4,0
49890,5,5
49891,5,7
49892,5,5
49893,3,3
49894,4,0
49895,2,5
49896,2,3
49897,5,4
49898,5,9
49899,1,1
49900,3,6
49901,6,8
49902,1,1
49903,4,0
49904,5,9
49905,2,5
49906,9,7
49907,8,2
49908,8,2
49909,5,7
49910,1,6
49911,8,2
49912,2,3
49913,2,3
49914,8,2
49915,3,6
49916,8,2
49917,8,2
49918,9,7
49919,1,1
49920,5,4
49921,5,7
49922,7,5
49923,5,7
49924,4,0
49925,5,9
49926,2,3
49927,1,1
49928,4,5
49929,8,2
49930,3,6
49931,3,6
49932,1,1
49933,5,7
49934,5,4
49935,2,5
49936,8,2
49937,5,4
49938,2,3
49939,4,0
49940,5,4
49941,1,1
49942,5,4
49943,1,1
49944,5,9
49945,5,9
49946,2,3
49947,6,8
49948,2,3
49949,4,0
49950,2,5
49951,8,2
49952,4,0
49953,4,0
49954,4,0
49955,3,3
49956,5,9
49957,2,5
49958,5,7
49959,3,6
49960,3,6
49961,1,1
49962,8,2
49963,6,8
49964,1,1
49965,3,6
49966,2,3
49967,5,4
49968,2,3
49969,3,6
49970,3,6
49971,4,0
49972,1,1
49973,5,9
49974,4,0
49975,1,2
49976,8,2
49977,3,6
49978,9,7
49979,5,4
49980,9,7
49981,2,3
49982,5,4
49983,5,9
49984,5,9
49985,3,3
49986,9,7
49987,3,0
49988,5,9
49989,4,0
49990,6,8
49991,2,5
49992,3,5
49993,8,2
49994,5,4
49995,2,5
49996,4,0
49997,2,8
49998,5,4
49999,6,8
50000,2,3
50001,6,8
50002,3,6
50003,5,9
50004,3,6
50005,5,4
50006,7,5
50007,2,3
50008,6,8
50009,5,4
50010,7,5
50011,8,2
50012,2,3
50013,6,8
50014,5,4
50015,6,8
50016,1,1
50017,2,5
50018,4,0
50019,2,5
50020,9,9
50021,9,7
50022,5,4
50023,1,1
50024,4,0
50025,2,3
50026,4,0
50027,3,6
50028,8,2
50029,5,9
50030,5,9
50031,5,4
50032,1,1
50033,2,3
50034,3,6
50035,6,8
50036,4,0
50037,5,7
50038,9,7
50039,3,6
50040,6,8
50041,5,9
50042,4,0
50043,2,3
50044,6,8
50045,2,3
50046,9,7
50047,5,7
50048,6,8
50049,5,4
50050,5,4
50051,1,1
50052,8,2
50053,5,9
50054,6,8
50055,1,1
50056,1,1
50057,4,0
50058,3,6
50059,3,6
50060,7,5
50061,4,0
50062,1,1
50063,1,1
50064,9,7
50065,8,2
50066,9,7
50067,2,3
50068,1,1
50069,5,4
50070,4,0
50071,7,5
50072,4,0
50073,3,6
50074,6,8
50075,9,7
50076,3,6
50077,6,8
50078,2,9
50079,5,9
50080,5,4
50081,4,0
50082,3,6
50083,1,1
50084,5,9
50085,8,2
50086,3,6
50087,2,3
50088,0,9
50089,5,4
50090,5,4
50091,7,5
50092,3,6
50093,3,6
50094,1,1
50095,9,7
50096,8,2
50097,6,8
50098,3,6
50099,9,9
50100,9,7
50101,4,0
50102,9,9
50103,1,1
50104,3,6
50105,8,2
50106,6,8
50107,2,3
50108,3,6
50109,5,4
50110,9,9
50111,7,5
50112,6,8
50113,3,6
50114,2,8
50115,9,7
50116,2,8
50117,6,8
50118,3,6
50119,5,9
50120,0,1
50121,9,7
50122,3,6
50123,4,0
50124,5,9
50125,3,6
50126,5,7
50127,4,0
50128,5,9
50129,9,7
50130,1,1
50131,2,3
50132,3,6
50133,2,8
50134,5,4
50135,7,6
50136,1,1
50137,9,7
50138,7,5
50139,1,1
50140,2,3
50141,2,3
50142,7,5
50143,9,7
50144,5,9
50145,5,9
50146,3,6
50147,9,7
50148,2,3
50149,5,4
50150,1,1
50151,4,0
50152,5,4
50153,8,2
50154,5,4
50155,7,5
50156,4,0
50157,4,0
50158,0,1
50159,3,6
50160,3,6
50161,5,4
50162,0,7
50163,5,9
50164,5,4
50165,3,6
50166,7,5
50167,8,2
50168,3,6
50169,5,9
50170,6,8
50171,6,8
50172,6,8
50173,7,5
50174,9,9
50175,2,3
50176,6,8
50177,5,9
50178,1,8
50179,6,8
50180,6,8
50181,2,3
50182,5,4
50183,5,4
50184,2,3
50185,4,0
50186,5,9
50187,7,5
50188,5,4
50189,5,4
50190,1,1
50191,6,8
50192,4,0
50193,3,6
50194,1,1
50195,2,3
50196,1,2
50197,4,0
50198,6,8
50199,3,6
50200,4,0
50201,2,3
50202,4,5
50203,5,4
50204,5,9
50205,4,0
50206,2,3
50207,1,1
50208,4,0
50209,9,9
50210,2,3
50211,8,2
50212,2,3
50213,2,3
50214,2,3
50215,9,7
50216,5,4
50217,5,9
50218,8,2
50219,0,1
50220,3,6
50221,8,2
50222,1,1
50223,7,5
50224,5,7
50225,1,1
50226,5,9
50227,9,7
50228,5,9
50229,8,2
50230,8,2
50231,6,8
50232,1,1
50233,5,7
50234,9,7
50235,4,0
50236,1,0
50237,1,1
50238,6,8
50239,4,9
50240,4,0
50241,3,6
50242,3,6
50243,5,4
50244,9,7
50245,5,9
50246,1,8
50247,8,2
50248,5,9
50249,1,1
50250,7,5
50251,8,2
50252,7,5
50253,2,3
50254,9,7
50255,9,7
50256,3,0
50257,4,0
50258,2,8
50259,8,2
50260,2,3
50261,1,1
50262,2,3
50263,7,5
50264,1,1
50265,2,3
50266,3,6
50267,5,4
50268,6,8
50269,9,7
50270,3,6
50271,8,2
50272,2,8
50273,1,1
50274,6,8
50275,3,6
50276,3,6
50277,6,8
50278,9,7
50279,7,5
50280,3,6
50281,4,0
50282,5,4
50283,6,8
50284,5,4
50285,5,9
50286,2,3
50287,8,2
50288,2,3
50289,3,6
50290,8,2
50291,4,0
50292,1,1
50293,1,1
50294,4,6
50295,8,2
50296,2,5
50297,2,3
50298,4,0
50299,5,4
50300,2,3
50301,7,5
50302,6,8
50303,3,6
50304,5,9
50305,9,7
50306,6,8
50307,0,8
50308,2,3
50309,5,9
50310,4,0
50311,4,0
50312,2,3
50313,0,1
50314,5,4
50315,8,2
50316,0,5
50317,2,3
50318,9,9
50319,5,4
50320,4,5
50321,7,5
50322,2,5
50323,3,6
50324,4,0
50325,9,7
50326,1,1
50327,6,8
50328,4,0
50329,9,9
50330,2,3
50331,4,0
50332,7,5
50333,1,1
50334,8,2
50335,8,2
50336,2,3
50337,2,3
50338,0,1
50339,5,4
50340,8,3
50341,7,5
50342,2,8
50343,7,6
50344,4,0
50345,9,7
50346,0,8
50347,0,8
50348,8,2
50349,9,9
50350,1,1
50351,5,7
50352,7,5
50353,4,0
50354,4,0
50355,0,6
50356,1,1
50357,4,0
50358,5,9
50359,0,7
50360,9,7
50361,2,3
50362,1,1
50363,6,8
50364,2,3
50365,9,7
50366,7,5
50367,1,1
50368,5,2
50369,6,3
50370,5,7
50371,5,7
50372,2,3
50373,5,9
50374,2,3
50375,9,7
50376,9,7
50377,5,4
50378,2,3
50379,4,0
50380,9,7
50381,8,2
50382,9,7
50383,7,5
50384,5,9
50385,4,0
50386,5,9
50387,7,6
50388,5,4
50389,5,4
50390,4,0
50391,5,9
50392,9,7
50393,0,8
50394,6,8
50395,7,5
50396,1,1
50397,1,1
50398,7,5
50399,7,5
50400,0,1
50401,2,3
50402,3,6
50403,6,3
50404,1,1
50405,5,4
50406,2,5
50407,4,0
50408,5,9
50409,7,5
50410,2,8
50411,5,4
50412,2,3
50413,0,8
50414,2,9
50415,3,6
50416,5,4
50417,6,3
50418,3,6
50419,5,4
50420,7,5
50421,6,8
50422,7,5
50423,4,0
50424,4,0
50425,3,6
50426,0,7
50427,5,4
50428,3,6
50429,0,8
50430,7,5
50431,5,3
50432,5,4
50433,5,4
50434,4,0
50435,4,0
50436,5,9
50437,0,1
50438,9,7
50439,5,9
50440,9,7
50441,8,2
50442,6,8
50443,9,7
50444,4,0
50445,5,9
50446,6,2
50447,0,1
50448,6,8
50449,8,2
50450,5,4
50451,7,5
50452,8,2
50453,1,1
50454,6,2
50455,9,7
50456,0,5
50457,8,2
50458,5,9
50459,0,8
50460,7,5
50461,4,7
50462,5,9
50463,4,0
50464,9,7
50465,0,1
50466,5,4
50467,5,9
50468,9,7
50469,7,6
50470,2,3
50471,0,4
50472,1,1
50473,5,9
50474,8,2
50475,8,2
50476,4,0
50477,0,1
50478,8,2
50479,8,2
50480,4,0
50481,2,3
50482,0,1
50483,9,7
50484,7,5
50485,4,0
50486,5,4
50487,8,2
50488,9,7
50489,0,1
50490,5,9
50491,2,3
50492,4,0
50493,0,1
50494,7,6
50495,8,2
50496,8,2
50497,7,5
50498,0,1
50499,6,8
50500,2,3
50501,0,1
50502,5,4
50503,3,6
50504,8,2
50505,0,8
50506,3,6
50507,7,5
50508,8,2
50509,7,6
50510,5,4
50511,4,0
50512,6,8
50513,0,8
50514,2,8
50515,5,9
50516,2,3
50517,5,4
50518,4,0
50519,9,9
50520,5,7
50521,8,2
50522,1,9
50523,4,0
50524,6,8
50525,1,1
50526,4,0
50527,8,2
50528,5,9
50529,2,3
50530,6,8
50531,5,4
50532,6,8
50533,7,5
50534,4,0
50535,6,8
50536,5,7
50537,5,9
50538,8,2
50539,4,0
50540,2,5
50541,1,1
50542,4,0
50543,8,2
50544,5,9
50545,2,3
50546,1,2
50547,5,4
50548,6,8
50549,7,5
50550,0,1
50551,3,6
50552,6,8
50553,9,7
50554,1,3
50555,6,8
50556,3,6
50557,5,9
50558,5,9
50559,4,0
50560,2,3
50561,1,1
50562,5,9
50563,8,2
50564,5,4
50565,2,3
50566,4,0
50567,5,4
50568,8,2
50569,7,5
50570,2,5
50571,6,8
50572,1,1
50573,2,5
50574,3,5
50575,8,2
50576,3,2
50577,1,1
50578,1,9
50579,9,7
50580,3,6
50581,8,2
50582,1,1
50583,5,4
50584,4,6
50585,1,1
50586,4,0
50587,5,4
50588,3,6
50589,1,1
50590,3,6
50591,5,4
50592,7,5
50593,5,9
50594,3,6
50595,3,6
50596,6,8
50597,6,8
50598,3,6
50599,5,4
50600,1,1
50601,7,5
50602,2,5
50603,2,3
50604,6,8
50605,1,7
50606,5,4
50607,6,8
50608,1,1
50609,5,4
50610,3,6
50611,2,3
50612,7,6
50613,2,3
50614,9,7
50615,2,5
50616,5,4
50617,4,0
50618,1,6
50619,3,6
50620,9,7
50621,1,1
50622,3,6
50623,3,6
50624,7,5
50625,6,8
50626,6,8
50627,9,7
50628,4,0
50629,4,0
50630,4,0
50631,1,1
50632,8,1
50633,2,5
50634,6,8
50635,3,6
50636,5,4
50637,4,0
50638,4,0
50639,6,8
50640,8,2
50641,7,5
50642,8,2
50643,4,0
50644,1,3
50645,3,6
50646,1,1
50647,1,1
50648,9,7
50649,2,5
50650,7,5
50651,6,8
50652,1,1
50653,5,4
50654,4,0
50655,9,7
50656,5,4
50657,3,6
50658,2,3
50659,5,9
50660,6,8
50661,1,1
50662,7,5
50663,5,9
50664,4,7
50665,9,7
50666,3,6
50667,1,1
50668,5,7
50669,8,2
50670,3,6
50671,2,3
50672,2,3
50673,5,4
50674,8,2
50675,7,5
50676,8,2
50677,2,5
50678,1,1
50679,2,3
50680,2,3
50681,9,7
50682,0,1
50683,2,3
50684,4,0
50685,1,1
50686,9,9
50687,6,8
50688,2,3
50689,8,2
50690,7,5
50691,8,2
50692,6,8
50693,2,3
50694,5,4
50695,8,2
50696,4,0
50697,9,7
50698,4,9
50699,5,4
50700,9,2
50701,5,9
50702,2,8
50703,5,9
50704,5,4
50705,8,2
50706,9,7
50707,6,8
50708,9,7
50709,1,1
50710,5,9
50711,6,8
50712,5,4
50713,2,3
50714,2,8
50715,6,8
50716,6,2
50717,2,3
50718,2,5
50719,3,6
50720,1,2
50721,9,7
50722,8,2
50723,4,0
50724,5,9
50725,5,4
50726,2,3
50727,4,0
50728,2,3
50729,4,0
50730,9,7
50731,1,1
50732,9,7
50733,8,2
50734,5,5
50735,2,3
50736,2,2
50737,5,4
50738,2,8
50739,7,5
50740,4,8
50741,3,6
50742,9,7
50743,0,7
50744,8,2
50745,6,8
50746,5,9
50747,5,9
50748,8,2
50749,4,0
50750,4,0
50751,1,1
50752,5,9
50753,2,2
50754,9,9
50755,2,3
50756,8,2
50757,5,4
50758,5,9
50759,7,5
50760,9,7
50761,3,6
50762,6,8
50763,9,7
50764,7,5
50765,6,8
50766,7,5
50767,5,9
50768,2,5
50769,4,0
50770,2,3
50771,1,1
50772,1,1
50773,8,2
50774,4,0
50775,2,3
50776,3,6
50777,5,4
50778,7,5
50779,2,5
50780,3,6
50781,3,6
50782,7,5
50783,9,7
50784,5,9
50785,6,8
50786,7,5
50787,5,9
50788,1,1
50789,1,1
50790,6,8
50791,6,8
50792,9,7
50793,3,6
50794,9,7
50795,9,7
50796,9,7
50797,1,1
50798,5,9
50799,1,1
50800,7,5
50801,5,4
50802,8,2
50803,2,3
50804,4,0
50805,1,7
50806,5,9
50807,5,9
50808,4,0
50809,2,3
50810,3,6
50811,3,6
50812,8,2
50813,4,0
50814,8,2
50815,2,3
50816,5,9
50817,3,6
50818,3,6
50819,5,4
50820,4,0
50821,1,8
50822,9,7
50823,3,6
50824,2,3
50825,4,0
50826,4,2
50827,1,1
50828,4,0
50829,1,1
50830,0,1
50831,7,5
50832,9,9
50833,5,9
50834,2,3
50835,5,4
50836,3,6
50837,2,3
50838,1,1
50839,4,0
50840,8,2
50841,5,4
50842,1,1
50843,3,6
50844,5,4
50845,5,9
50846,5,4
50847,1,1
50848,7,5
50849,9,7
50850,1,1
50851,5,9
50852,4,0
50853,7,5
50854,5,9
50855,1,1
50856,3,6
50857,1,1
50858,5,4
50859,5,9
50860,6,8
50861,6,8
50862,4,0
50863,3,6
50864,1,1
50865,3,6
50866,3,6
50867,5,9
50868,9,7
50869,6,8
50870,3,6
50871,6,8
50872,9,7
50873,6,8
50874,9,7
50875,8,2
50876,4,0
50877,9,7
50878,4,7
50879,5,4
50880,3,6
50881,2,5
50882,5,9
50883,2,8
50884,9,7
50885,2,3
50886,1,8
50887,2,5
50888,3,6
50889,5,4
50890,3,6
50891,1,7
50892,2,3
50893,3,6
50894,9,7
50895,2,5
50896,5,9
50897,1,2
50898,2,2
50899,8,2
50900,6,8
50901,8,2
50902,2,8
50903,9,7
50904,3,5
50905,0,7
50906,2,3
50907,1,1
50908,2,9
50909,4,0
50910,9,7
50911,1,1
50912,3,6
50913,8,2
50914,1,1
50915,2,3
50916,5,4
50917,5,4
50918,0,1
50919,7,5
50920,9,7
50921,3,6
50922,2,3
50923,9,7
50924,4,0
50925,6,8
50926,7,5
50927,9,9
50928,1,1
50929,4,0
50930,4,0
50931,0,1
50932,3,6
50933,8,2
50934,3,6
50935,2,3
50936,2,3
50937,5,4
50938,3,6
50939,7,5
50940,2,3
50941,3,6
50942,9,7
50943,9,7
50944,4,0
50945,6,8
50946,2,3
50947,5,9
50948,5,4
50949,4,0
50950,2,3
50951,0,1
50952,0,1
50953,8,2
50954,7,5
50955,2,3
50956,1,1
50957,5,4
50958,4,0
50959,7,5
50960,2,3
50961,3,6
50962,8,2
50963,9,7
50964,2,3
50965,6,8
50966,8,2
50967,9,9
50968,4,0
50969,2,3
50970,0,8
50971,8,2
50972,9,7
50973,5,9
50974,4,0
50975,2,3
50976,2,3
50977,8,2
50978,9,7
50979,1,1
50980,5,4
50981,1,4
50982,2,3
50983,7,5
50984,9,7
50985,7,5
50986,8,2
50987,8,2
50988,6,8
50989,2,3
50990,4,0
50991,8,2
50992,9,7
50993,0,1
50994,9,7
50995,2,3
50996,6,8
50997,9,9
50998,5,4
50999,9,7
51000,9,7
51001,8,2
51002,4,0
51003,0,1
51004,5,7
51005,1,1
51006,4,0
51007,6,8
51008,6,8
51009,6,8
51010,1,1
51011,9,7
51012,5,9
51013,6,8
51014,6,8
51015,1,1
51016,8,2
51017,4,0
51018,5,4
51019,4,0
51020,5,9
51021,3,6
51022,5,9
51023,9,7
51024,4,0
51025,9,7
51026,5,4
51027,7,5
51028,5,4
51029,4,0
51030,2,3
51031,3,6
51032,5,9
51033,0,1
51034,9,7
51035,0,1
51036,5,9
51037,8,2
51038,2,3
51039,7,5
51040,2,5
51041,4,0
51042,5,9
51043,9,7
51044,4,0
51045,4,0
51046,5,4
51047,5,4
51048,1,1
51049,5,4
51050,7,5
51051,1,1
51052,4,0
51053,6,8
51054,2,3
51055,3,6
51056,5,4
51057,4,0
51058,0,8
51059,4,0
51060,1,1
51061,4,0
51062,9,7
51063,2,3
51064,8,2
51065,9,7
51066,3,6
51067,0,1
51068,9,7
51069,3,6
51070,9,7
51071,5,4
51072,7,5
51073,8,2
51074,9,7
51075,3,6
51076,5,4
51077,5,4
51078,6,8
51079,7,5
51080,9,7
51081,5,4
51082,5,9
51083,0,1
51084,9,7
51085,2,3
51086,2,5
51087,6,8
51088,9,7
51089,3,6
51090,8,2
51091,2,3
51092,2,3
51093,5,9
51094,6,8
51095,5,9
51096,3,6
51097,7,5
51098,5,4
51099,5,9
51100,8,2
51101,2,3
51102,0,7
51103,9,7
51104,2,8
51105,6,8
51106,2,3
51107,7,5
51108,4,0
51109,3,6
51110,1,1
51111,5,4
51112,0,1
51113,9,7
51114,5,4
51115,3,6
51116,2,3
51117,8,2
51118,8,2
51119,8,2
51120,1,1
51121,4,0
51122,4,0
51123,5,9
51124,7,5
51125,5,4
51126,9,7
51127,4,0
51128,6,8
51129,0,1
51130,3,5
51131,8,2
51132,5,9
51133,2,3
51134,6,8
51135,5,4
51136,1,1
51137,7,5
51138,9,7
51139,3,6
51140,5,9
51141,9,7
51142,2,3
51143,6,8
51144,7,5
51145,9,9
51146,5,4
51147,4,0
51148,4,0
51149,0,1
51150,4,0
51151,8,2
51152,3,6
51153,2,3
51154,2,3
51155,5,4
51156,5,9
51157,7,5
51158,3,8
51159,3,6
51160,6,8
51161,9,7
51162,9,7
51163,6,8
51164,5,8
51165,9,9
51166,9,7
51167,4,0
51168,5,9
51169,0,1
51170,5,4
51171,8,2
51172,1,8
51173,2,3
51174,5,7
51175,5,4
51176,5,5
51177,7,5
51178,9,7
51179,3,6
51180,5,7
51181,9,7
51182,5,4
51183,0,8
51184,6,8
51185,9,9
51186,4,0
51187,0,1
51188,1,1
51189,6,8
51190,1,1
51191,3,6
51192,5,9
51193,9,7
51194,2,9
51195,0,1
51196,2,3
51197,0,1
51198,9,7
51199,5,4
51200,1,9
51201,2,3
51202,5,4
51203,9,7
51204,9,7
51205,9,7
51206,1,1
51207,0,8
51208,6,8
51209,9,9
51210,4,0
51211,2,3
51212,8,2
51213,3,6
51214,8,2
51215,4,0
51216,8,2
51217,2,3
51218,6,8
51219,3,6
51220,3,6
51221,5,4
51222,2,3
51223,6,8
51224,6,8
51225,5,4
51226,4,0
51227,7,5
51228,4,0
51229,9,7
51230,1,3
51231,7,5
51232,3,6
51233,3,6
51234,2,5
51235,4,0
51236,9,7
51237,2,3
51238,1,2
51239,9,9
51240,1,9
51241,8,2
51242,2,8
51243,6,8
51244,6,8
51245,2,3
51246,3,6
51247,0,1
51248,5,9
51249,0,1
51250,0,1
51251,7,5
51252,1,1
51253,9,9
51254,7,5
51255,5,4
51256,8,2
51257,2,3
51258,2,5
51259,4,0
51260,2,3
51261,0,4
51262,8,2
51263,5,4
51264,5,4
51265,4,0
51266,6,8
51267,9,9
51268,2,3
51269,3,6
51270,5,4
51271,9,9
51272,6,8
51273,8,2
51274,2,3
51275,8,2
51276,3,6
51277,0,1
51278,2,5
51279,9,7
51280,1,9
51281,9,9
51282,9,7
51283,7,5
51284,5,9
51285,0,1
51286,4,0
51287,0,1
51288,5,4
51289,9,9
51290,4,0
51291,6,8
51292,9,7
51293,3,6
51294,5,7
51295,3,6
51296,7,5
51297,5,9
51298,7,5
51299,4,0
51300,1,7
51301,4,0
51302,6,8
51303,4,0
51304,9,7
51305,0,1
51306,9,7
51307,6,8
51308,4,0
51309,5,4
51310,3,6
51311,3,6
51312,5,4
51313,6,8
51314,4,0
51315,0,8
51316,5,9
51317,8,2
51318,5,9
51319,3,6
51320,3,2
51321,2,3
51322,1,7
51323,8,2
51324,6,8
51325,5,4
51326,6,8
51327,4,0
51328,5,4
51329,9,9
51330,6,8
51331,4,0
51332,2,3
51333,2,3
51334,5,9
51335,9,7
51336,4,0
51337,5,4
51338,5,4
51339,7,5
51340,8,2
51341,0,8
51342,2,5
51343,0,3
51344,9,7
51345,7,5
51346,5,7
51347,6,8
51348,4,0
51349,7,5
51350,5,4
51351,5,4
51352,4,0
51353,9,7
51354,3,6
51355,3,6
51356,8,2
51357,8,2
51358,9,7
51359,8,2
51360,5,4
51361,9,7
51362,4,5
51363,9,7
51364,7,5
51365,4,0
51366,7,5
51367,7,5
51368,5,4
51369,0,1
51370,3,6
51371,7,5
51372,1,1
51373,2,3
51374,5,4
51375,4,0
51376,2,3
51377,1,1
51378,3,6
51379,8,2
51380,3,5
51381,2,3
51382,5,4
51383,5,4
51384,9,7
51385,2,5
51386,3,6
51387,3,6
51388,2,3
51389,9,7
51390,1,1
51391,6,8
51392,7,5
51393,5,9
51394,2,8
51395,4,0
51396,5,4
51397,1,1
51398,8,2
51399,8,2
51400,3,6
51401,2,3
51402,3,6
51403,5,4
51404,4,0
51405,7,5
51406,3,6
51407,3,6
51408,3,6
51409,9,7
51410,3,6
51411,6,8
51412,6,8
51413,5,9
51414,9,8
51415,4,0
51416,7,5
51417,1,1
51418,8,2
51419,8,2
51420,9,7
51421,2,3
51422,4,0
51423,5,4
51424,6,8
51425,2,5
51426,1,1
51427,3,6
51428,2,3
51429,9,7
51430,5,9
51431,6,8
51432,1,1
51433,2,5
51434,4,0
51435,6,2
51436,1,1
51437,6,8
51438,3,6
51439,1,1
51440,6,8
51441,9,7
51442,5,9
51443,8,2
51444,2,5
51445,5,4
51446,3,6
51447,1,1
51448,8,2
51449,5,4
51450,6,8
51451,1,1
51452,9,7
51453,5,4
51454,1,4
51455,5,9
51456,3,6
51457,3,6
51458,8,2
51459,6,8
51460,9,7
51461,7,5
51462,2,3
51463,2,3
51464,4,0
51465,9,7
51466,4,0
51467,6,8
51468,1,1
51469,2,3
51470,5,9
51471,2,3
51472,5,9
51473,7,5
51474,2,3
51475,3,6
51476,3,6
51477,9,7
51478,4,0
51479,4,0
51480,3,6
51481,3,6
51482,5,4
51483,1,1
51484,6,8
51485,3,6
51486,2,3
51487,6,8
51488,6,8
51489,9,7
51490,4,0
51491,4,0
51492,3,5
51493,1,1
51494,2,5
51495,2,5
51496,9,7
51497,3,6
51498,7,5
51499,4,0
51500,9,7
51501,6,8
51502,9,7
51503,7,5
51504,6,8
51505,4,0
51506,8,2
51507,3,6
51508,1,6
51509,1,1
51510,6,8
51511,2,5
51512,5,9
51513,6,8
51514,3,6
51515,5,4
51516,5,9
51517,8,2
51518,3,6
51519,2,3
51520,4,0
51521,5,9
51522,5,3
51523,9,7
51524,2,5
51525,3,6
51526,9,7
51527,5,9
51528,3,6
51529,1,1
51530,9,2
51531,5,9
51532,9,7
51533,4,0
51534,2,3
51535,3,6
51536,2,3
51537,9,7
51538,3,6
51539,1,1
51540,1,1
51541,8,2
51542,8,2
51543,2,3
51544,1,1
51545,5,9
51546,4,0
51547,8,2
51548,1,1
51549,5,4
51550,8,2
51551,7,5
51552,5,9
51553,7,5
51554,1,1
51555,2,3
51556,1,1
51557,9,7
51558,9,7
51559,7,5
51560,9,7
51561,2,3
51562,2,5
51563,1,1
51564,1,1
51565,6,8
51566,1,1
51567,8,2
51568,9,7
51569,8,2
51570,3,6
51571,2,3
51572,2,5
51573,4,0
51574,5,9
51575,8,2
51576,6,8
51577,5,9
51578,2,3
51579,5,4
51580,8,2
51581,5,9
51582,5,9
51583,9,7
51584,5,9
51585,4,0
51586,9,7
51587,4,0
51588,6,8
51589,8,2
51590,5,9
51591,9,7
51592,9,9
51593,5,4
51594,1,1
51595,5,9
51596,3,6
51597,5,9
51598,4,0
51599,8,2
51600,5,4
51601,6,8
51602,3,6
51603,1,1
51604,5,4
51605,2,5
51606,1,1
51607,3,6
51608,8,2
51609,5,9
51610,2,5
51611,6,8
51612,6,8
51613,2,3
51614,8,2
51615,6,8
51616,2,3
51617,2,3
51618,4,0
51619,3,6
51620,4,6
51621,9,7
51622,5,4
51623,4,0
51624,3,6
51625,5,4
51626,7,5
51627,4,0
51628,3,6
51629,4,0
51630,8,2
51631,0,1
51632,5,9
51633,8,2
51634,9,7
51635,2,3
51636,9,7
51637,5,4
51638,4,0
51639,7,5
51640,2,3
51641,3,6
51642,8,2
51643,9,7
51644,5,9
51645,6,8
51646,7,5
51647,9,9
51648,8,2
51649,4,0
51650,9,7
51651,0,1
51652,5,4
51653,8,2
51654,9,9
51655,2,3
51656,6,8
51657,5,4
51658,8,2
51659,7,5
51660,8,2
51661,3,6
51662,3,6
51663,9,7
51664,3,6
51665,0,8
51666,1,1
51667,9,9
51668,6,8
51669,4,0
51670,6,8
51671,0,1
51672,1,1
51673,8,2
51674,2,5
51675,2,3
51676,3,6
51677,5,4
51678,5,4
51679,7,5
51680,4,0
51681,7,6
51682,8,2
51683,9,7
51684,5,4
51685,4,0
51686,2,3
51687,3,6
51688,9,9
51689,5,4
51690,3,6
51691,9,7
51692,7,5
51693,5,4
51694,5,4
51695,2,3
51696,3,6
51697,3,6
51698,9,2
51699,8,2
51700,3,6
51701,2,3
51702,8,2
51703,0,4
51704,9,7
51705,6,8
51706,2,3
51707,9,7
51708,5,9
51709,6,8
51710,1,1
51711,3,6
51712,5,4
51713,9,9
51714,1,1
51715,6,8
51716,5,9
51717,2,3
51718,7,5
51719,8,2
51720,6,8
51721,8,2
51722,5,4
51723,5,4
51724,1,1
51725,6,8
51726,8,2
51727,7,5
51728,3,6
51729,3,6
51730,5,9
51731,7,5
51732,6,8
51733,4,0
51734,3,6
51735,8,2
51736,3,5
51737,4,0
51738,8,2
51739,0,1
51740,7,5
51741,0,1
51742,0,1
51743,8,2
51744,7,5
51745,3,6
51746,6,8
51747,6,8
51748,8,2
51749,0,1
51750,1,1
51751,8,2
51752,9,7
51753,4,0
51754,6,8
51755,3,6
51756,2,3
51757,9,9
51758,4,0
51759,0,3
51760,8,2
51761,5,9
51762,7,5
51763,2,3
51764,3,5
51765,9,7
51766,9,7
51767,0,1
51768,2,3
51769,0,8
51770,5,9
51771,2,3
51772,1,1
51773,6,8
51774,4,0
51775,7,5
51776,2,3
51777,4,0
51778,3,6
51779,0,1
51780,5,4
51781,0,1
51782,2,2
51783,9,9
51784,1,1
51785,6,8
51786,8,2
51787,8,2
51788,3,6
51789,4,0
51790,2,3
51791,5,4
51792,7,5
51793,7,5
51794,2,5
51795,7,5
51796,5,9
51797,4,0
51798,2,3
51799,2,3
51800,7,5
51801,0,1
51802,9,7
51803,0,8
51804,3,6
51805,3,6
51806,9,7
51807,9,9
51808,8,2
51809,4,0
51810,8,2
51811,2,3
51812,5,9
51813,0,1
51814,5,4
51815,4,0
51816,2,3
51817,5,4
51818,4,0
51819,9,7
51820,5,4
51821,7,5
51822,7,5
51823,5,4
51824,4,0
51825,9,7
51826,4,0
51827,9,9
51828,4,0
51829,9,7
51830,6,8
51831,4,0
51832,9,7
51833,0,1
51834,4,0
51835,8,2
51836,1,1
51837,2,3
51838,5,4
51839,9,7
51840,1,9
51841,6,8
51842,5,9
51843,9,9
51844,7,5
51845,4,0
51846,6,8
51847,0,1
51848,2,3
51849,8,2
51850,6,8
51851,2,3
51852,7,5
51853,5,4
51854,7,5
51855,7,5
51856,0,7
51857,3,6
51858,9,7
51859,9,7
51860,5,4
51861,6,8
51862,9,7
51863,9,9
51864,6,8
51865,4,0
51866,4,0
51867,0,1
51868,5,4
51869,8,2
51870,8,2
51871,2,3
51872,7,6
51873,5,4
51874,7,5
51875,7,5
51876,1,1
51877,3,6
51878,6,8
51879,9,7
51880,6,8
51881,6,8
51882,1,1
51883,4,0
51884,8,2
51885,9,7
51886,7,5
51887,7,5
51888,1,1
51889,4,0
51890,2,3
51891,6,8
51892,4,0
51893,5,4
51894,5,4
51895,1,1
51896,2,3
51897,6,8
51898,8,2
51899,6,8
51900,1,1
51901,1,1
51902,5,4
51903,2,3
51904,5,8
51905,1,1
51906,6,8
51907,6,8
51908,1,1
51909,2,3
51910,5,9
51911,9,7
51912,3,6
51913,5,9
51914,9,7
51915,2,3
51916,9,7
51917,4,0
51918,2,3
51919,5,9
51920,3,6
51921,5,4
51922,8,2
51923,5,4
51924,7,6
51925,4,0
51926,5,4
51927,9,7
51928,7,5
51929,5,4
51930,5,9
51931,8,2
51932,1,1
51933,6,8
51934,2,3
51935,9,7
51936,1,1
51937,8,2
51938,5,9
51939,5,4
51940,2,3
51941,9,7
51942,9,9
51943,6,8
51944,5,4
51945,5,9
51946,2,3
51947,2,3
51948,6,8
51949,0,1
51950,7,5
51951,5,4
51952,1,1
51953,3,6
51954,6,8
51955,7,5
51956,5,9
51957,8,2
51958,0,7
51959,8,2
51960,4,0
51961,8,2
51962,5,4
51963,7,5
51964,9,8
51965,3,6
51966,5,4
51967,9,7
51968,6,8
51969,6,8
51970,2,3
51971,9,7
51972,7,5
51973,7,5
51974,5,7
51975,0,1
51976,8,2
51977,3,6
51978,4,0
51979,5,4
51980,4,0
51981,9,9
51982,5,9
51983,8,2
51984,9,7
51985,9,9
51986,9,2
51987,2,3
51988,5,7
51989,7,5
51990,2,5
51991,2,3
51992,4,0
51993,3,6
51994,7,5
51995,3,6
51996,9,7
51997,4,0
51998,2,3
51999,4,0
52000,3,6
52001,8,2
52002,1,1
52003,7,5
52004,3,6
52005,3,6
52006,4,2
52007,5,4
52008,9,7
52009,5,9
52010,9,7
52011,8,2
52012,2,8
52013,9,7
52014,0,3
52015,5,4
52016,8,2
52017,9,9
52018,5,9
52019,7,5
52020,1,1
52021,4,0
52022,1,3
52023,8,2
52024,5,4
52025,8,2
52026,7,5
52027,2,3
52028,4,0
52029,3,6
52030,5,9
52031,1,1
52032,1,1
52033,6,8
52034,9,9
52035,2,3
52036,4,0
52037,6,8
52038,2,3
52039,4,0
52040,7,5
52041,2,3
52042,1,1
52043,7,5
52044,6,8
52045,4,0
52046,1,1
52047,4,0
52048,4,0
52049,3,6
52050,6,8
52051,0,1
52052,9,7
52053,3,6
52054,3,6
52055,5,9
52056,1,1
52057,7,5
52058,1,1
52059,2,3
52060,5,9
52061,5,9
52062,3,6
52063,5,4
52064,4,0
52065,7,5
52066,3,6
52067,6,8
52068,2,2
52069,3,6
52070,1,8
52071,9,7
52072,6,8
52073,1,1
52074,5,4
52075,1,1
52076,3,6
52077,9,7
52078,1,1
52079,4,0
52080,6,8
52081,0,1
52082,1,1
52083,8,2
52084,1,1
52085,7,3
52086,3,5
52087,0,4
52088,1,1
52089,0,7
52090,2,8
52091,0,8
52092,4,7
52093,0,9
52094,5,9
52095,4,0
52096,2,3
52097,0,1
52098,2,3
52099,8,2
52100,3,6
52101,8,3
52102,3,6
52103,5,4
52104,2,3
52105,4,0
52106,4,5
52107,0,1
52108,7,5
52109,8,2
52110,9,7
52111,2,3
52112,5,4
52113,0,7
52114,4,0
52115,0,8
52116,2,3
52117,0,9
52118,8,2
52119,0,1
52120,1,1
52121,7,5
52122,7,5
52123,0,9
52124,9,7
52125,3,6
52126,4,0
52127,0,9
52128,5,4
52129,7,3
52130,4,0
52131,7,5
52132,8,2
52133,4,0
52134,2,3
52135,4,0
52136,1,1
52137,9,7
52138,1,9
52139,0,9
52140,5,4
52141,3,6
52142,1,2
52143,0,1
52144,9,2
52145,3,6
52146,5,7
52147,9,7
52148,5,9
52149,9,7
52150,7,6
52151,9,9
52152,9,2
52153,8,2
52154,4,0
52155,5,4
52156,3,6
52157,6,8
52158,5,4
52159,0,8
52160,2,3
52161,4,0
52162,9,7
52163,3,6
52164,2,3
52165,0,4
52166,9,7
52167,0,1
52168,2,3
52169,8,2
52170,2,5
52171,0,8
52172,7,5
52173,0,7
52174,1,1
52175,0,1
52176,9,7
52177,0,1
52178,9,7
52179,4,0
52180,5,9
52181,9,7
52182,4,0
52183,3,6
52184,5,9
52185,4,0
52186,8,2
52187,0,1
52188,1,2
52189,8,2
52190,7,5
52191,2,3
52192,7,5
52193,5,4
52194,3,6
52195,7,5
52196,9,7
52197,1,6
52198,3,6
52199,9,7
52200,5,4
52201,1,8
52202,4,0
52203,9,9
52204,4,0
52205,0,1
52206,3,6
52207,8,2
52208,8,2
52209,2,3
52210,5,5
52211,5,4
52212,3,6
52213,7,5
52214,5,9
52215,3,6
52216,9,7
52217,9,7
52218,3,8
52219,6,8
52220,1,1
52221,4,0
52222,5,4
52223,0,1
52224,8,2
52225,8,2
52226,4,0
52227,2,3
52228,4,0
52229,5,4
52230,5,9
52231,7,5
52232,0,9
52233,1,6
52234,1,1
52235,9,7
52236,5,9
52237,0,8
52238,4,0
52239,9,9
52240,2,3
52241,6,8
52242,2,2
52243,5,4
52244,1,1
52245,3,0
52246,5,4
52247,4,0
52248,1,1
52249,9,7
52250,6,8
52251,8,2
52252,2,3
52253,0,6
52254,1,1
52255,7,5
52256,9,7
52257,7,5
52258,5,9
52259,2,3
52260,5,4
52261,9,7
52262,0,1
52263,3,6
52264,7,5
52265,3,6
52266,7,5
52267,5,4
52268,1,1
52269,2,3
52270,9,9
52271,8,2
52272,2,3
52273,3,6
52274,5,4
52275,0,6
52276,4,0
52277,5,4
52278,1,1
52279,1,4
52280,6,8
52281,2,3
52282,3,6
52283,6,8
52284,7,5
52285,6,8
52286,5,9
52287,2,3
52288,4,0
52289,4,0
52290,1,8
52291,0,1
52292,6,8
52293,5,4
52294,3,0
52295,7,5
52296,6,8
52297,3,6
52298,2,3
52299,5,4
52300,2,3
52301,9,7
52302,9,7
52303,6,8
52304,9,9
52305,4,0
52306,4,8
52307,2,3
52308,5,4
52309,0,1
52310,7,5
52311,9,9
52312,4,0
52313,4,0
52314,2,5
52315,9,9
52316,8,2
52317,0,1
52318,4,0
52319,8,2
52320,4,0
52321,9,7
52322,5,7
52323,4,0
52324,9,9
52325,0,1
52326,7,5
52327,2,3
52328,5,9
52329,6,8
52330,9,7
52331,8,2
52332,7,5
52333,9,9
52334,1,1
52335,8,2
52336,4,0
52337,9,7
52338,3,6
52339,9,7
52340,9,9
52341,5,9
52342,1,1
52343,0,4
52344,5,4
52345,8,2
52346,5,4
52347,7,5
52348,5,4
52349,6,8
52350,2,3
52351,3,6
52352,6,8
52353,7,5
52354,4,0
52355,9,9
52356,5,9
52357,5,9
52358,5,2
52359,0,1
52360,0,1
52361,0,1
52362,1,1
52363,9,7
52364,7,5
52365,3,6
52366,8,2
52367,9,9
52368,1,1
52369,0,1
52370,8,2
52371,2,3
52372,5,9
52373,8,2
52374,3,6
52375,2,3
52376,1,1
52377,5,4
52378,2,3
52379,2,3
52380,3,6
52381,0,1
52382,1,1
52383,9,9
52384,5,4
52385,2,3
52386,2,3
52387,3,6
52388,2,5
52389,6,8
52390,2,8
52391,9,7
52392,1,1
52393,4,0
52394,2,3
52395,0,1
52396,4,0
52397,4,0
52398,6,8
52399,0,5
52400,8,2
52401,6,8
52402,5,4
52403,8,2
52404,2,3
52405,9,7
52406,5,9
52407,9,7
52408,8,2
52409,4,0
52410,8,2
52411,1,1
52412,3,6
52413,8,2
52414,5,4
52415,2,3
52416,1,1
52417,5,4
52418,1,1
52419,7,5
52420,3,6
52421,3,6
52422,1,2
52423,9,7
52424,5,4
52425,6,8
52426,3,6
52427,5,9
52428,4,0
52429,4,0
52430,6,8
52431,1,1
52432,2,3
52433,8,2
52434,3,6
52435,2,3
52436,9,7
52437,5,4
52438,4,0
52439,7,5
52440,8,2
52441,3,6
52442,5,4
52443,9,7
52444,1,1
52445,6,8
52446,2,3
52447,5,9
52448,5,4
52449,4,0
52450,0,1
52451,1,1
52452,3,5
52453,8,2
52454,1,1
52455,2,3
52456,8,2
52457,5,4
52458,7,5
52459,7,5
52460,0,7
52461,3,6
52462,5,9
52463,9,7
52464,2,3
52465,6,8
52466,9,7
52467,5,9
52468,6,8
52469,6,8
52470,4,0
52471,9,7
52472,3,6
52473,5,4
52474,2,5
52475,9,7
52476,2,3
52477,9,7
52478,2,9
52479,2,3
52480,9,7
52481,5,9
52482,3,6
52483,6,8
52484,9,7
52485,6,8
52486,9,7
52487,2,3
52488,8,2
52489,1,1
52490,9,7
52491,7,5
52492,1,1
52493,6,8
52494,3,6
52495,8,2
52496,2,8
52497,9,7
52498,1,1
52499,5,4
52500,5,9
52501,8,2
52502,3,6
52503,3,6
52504,3,6
52505,1,1
52506,5,9
52507,7,5
52508,4,0
52509,7,5
52510,5,9
52511,6,8
52512,8,2
52513,3,6
52514,3,6
52515,5,4
52516,3,6
52517,5,4
52518,3,6
52519,5,4
52520,4,0
52521,1,1
52522,5,4
52523,6,8
52524,9,7
52525,9,7
52526,4,0
52527,7,5
52528,9,7
52529,7,5
52530,1,1
52531,1,1
52532,5,4
52533,6,8
52534,3,6
52535,9,9
52536,8,8
52537,1,1
52538,5,9
52539,2,3
52540,7,5
52541,3,6
52542,3,6
52543,2,3
52544,3,6
52545,2,3
52546,5,9
52547,8,2
52548,1,2
52549,8,2
52550,8,2
52551,3,6
52552,1,1
52553,5,9
52554,4,0
52555,5,9
52556,5,9
52557,3,6
52558,4,0
52559,7,5
52560,3,6
52561,7,5
52562,1,1
52563,2,3
52564,5,4
52565,2,3
52566,5,4
52567,6,8
52568,9,7
52569,1,1
52570,5,9
52571,3,6
52572,5,4
52573,6,8
52574,8,2
52575,1,1
52576,5,9
52577,5,9
52578,3,6
52579,9,7
52580,5,4
52581,3,6
52582,1,2
52583,6,8
52584,3,6
52585,2,3
52586,1,1
52587,9,7
52588,9,7
52589,5,4
52590,2,3
52591,9,7
52592,6,8
52593,4,0
52594,9,7
52595,5,9
52596,4,0
52597,4,0
52598,3,6
52599,4,0
52600,5,4
52601,2,3
52602,8,2
52603,9,7
52604,5,4
52605,9,9
52606,9,7
52607,2,3
52608,7,5
52609,4,0
52610,7,5
52611,8,2
52612,6,8
52613,4,0
52614,1,1
52615,0,1
52616,0,1
52617,4,0
52618,5,9
52619,1,1
52620,3,6
52621,4,0
52622,1,1
52623,5,4
52624,1,1
52625,4,0
52626,3,6
52627,1,1
52628,4,0
52629,4,0
52630,8,2
52631,5,4
52632,1,8
52633,9,7
52634,8,2
52635,5,9
52636,2,3
52637,8,2
52638,2,9
52639,4,0
52640,3,6
52641,3,6
52642,5,4
52643,8,2
52644,1,7
52645,3,6
52646,5,9
52647,8,2
52648,1,1
52649,8,2
52650,7,5
52651,5,9
52652,5,4
52653,9,9
52654,1,1
52655,4,0
52656,1,2
52657,0,1
52658,5,4
52659,8,2
52660,8,2
52661,2,3
52662,6,8
52663,5,4
52664,2,3
52665,7,5
52666,5,7
52667,3,6
52668,1,1
52669,9,7
52670,9,7
52671,0,8
52672,5,9
52673,4,0
52674,6,6
52675,0,1
52676,2,3
52677,8,2
52678,3,6
52679,2,3
52680,9,7
52681,5,4
52682,5,4
52683,7,5
52684,8,2
52685,3,6
52686,7,5
52687,0,7
52688,3,6
52689,0,8
52690,2,3
52691,4,0
52692,2,3
52693,0,1
52694,1,2
52695,8,2
52696,4,0
52697,2,3
52698,4,0
52699,0,8
52700,2,3
52701,9,7
52702,2,3
52703,5,4
52704,5,4
52705,9,7
52706,7,5
52707,9,7
52708,5,4
52709,9,9
52710,1,1
52711,0,8
52712,5,9
52713,2,3
52714,5,9
52715,0,1
52716,4,0
52717,7,5
52718,5,9
52719,0,8
52720,4,0
52721,0,4
52722,2,8
52723,8,2
52724,3,6
52725,3,6
52726,8,2
52727,5,4
52728,4,0
52729,5,4
52730,9,7
52731,0,1
52732,9,7
52733,0,8
52734,5,4
52735,0,7
52736,9,7
52737,7,5
52738,8,1
52739,7,5
52740,2,3
52741,0,1
52742,3,6
52743,5,9
52744,1,7
52745,0,1
52746,6,8
52747,2,3
52748,5,4
52749,3,6
52750,9,7
52751,2,3
52752,5,7
52753,2,3
52754,3,6
52755,8,2
52756,5,4
52757,8,2
52758,1,1
52759,3,6
52760,9,7
52761,0,9
52762,8,2
52763,9,9
52764,6,8
52765,3,6
52766,4,0
52767,7,5
52768,3,6
52769,7,5
52770,5,9
52771,2,3
52772,5,9
52773,2,3
52774,8,2
52775,0,8
52776,7,5
52777,0,1
52778,7,5
52779,9,7
52780,1,1
52781,3,6
52782,8,2
52783,6,8
52784,8,2
52785,2,3
52786,9,7
52787,9,7
52788,3,6
52789,5,4
52790,2,3
52791,0,7
52792,2,5
52793,4,0
52794,2,3
52795,5,9
52796,8,2
52797,4,0
52798,7,5
52799,4,0
52800,1,9
52801,8,2
52802,1,2
52803,9,7
52804,4,0
52805,5,9
52806,3,6
52807,0,1
52808,6,8
52809,4,0
52810,2,3
52811,0,1
52812,9,2
52813,4,0
52814,2,9
52815,5,4
52816,2,3
52817,4,0
52818,2,3
52819,0,1
52820,3,6
52821,4,0
52822,1,1
52823,0,4
52824,9,7
52825,9,7
52826,7,5
52827,5,9
52828,1,3
52829,8,2
52830,6,8
52831,4,0
52832,4,0
52833,3,6
52834,0,2
52835,8,2
52836,4,0
52837,3,6
52838,5,4
52839,8,2
52840,8,2
52841,8,2
52842,9,7
52843,9,9
52844,3,6
52845,5,9
52846,5,9
52847,4,0
52848,6,8
52849,1,1
52850,1,1
52851,8,2
52852,5,4
52853,2,3
52854,1,1
52855,5,4
52856,3,6
52857,7,5
52858,3,6
52859,3,6
52860,6,8
52861,9,7
52862,4,8
52863,6,8
52864,2,3
52865,4,0
52866,9,7
52867,0,1
52868,1,1
52869,8,2
52870,7,5
52871,2,3
52872,1,1
52873,5,4
52874,8,2
52875,7,5
52876,5,4
52877,3,6
52878,1,1
52879,9,7
52880,3,6
52881,6,8
52882,1,1
52883,5,9
52884,0,8
52885,4,0
52886,1,7
52887,0,1
52888,1,1
52889,8,2
52890,6,8
52891,2,3
52892,6,8
52893,5,4
52894,1,2
52895,7,5
52896,7,5
52897,3,6
52898,8,2
52899,6,7
52900,6,8
52901,6,8
52902,7,5
52903,5,9
52904,2,3
52905,6,8
52906,1,1
52907,2,3
52908,3,6
52909,5,4
52910,4,9
52911,9,7
52912,7,6
52913,2,8
52914,4,5
52915,3,6
52916,1,1
52917,2,3
52918,3,6
52919,5,4
52920,5,4
52921,4,0
52922,2,3
52923,5,9
52924,2,3
52925,9,7
52926,9,7
52927,1,1
52928,4,0
52929,5,9
52930,4,0
52931,2,3
52932,8,8
52933,6,8
52934,4,0
52935,5,4
52936,2,3
52937,9,7
52938,6,2
52939,7,3
52940,2,3
52941,4,0
52942,8,2
52943,5,9
52944,6,8
52945,5,4
52946,3,6
52947,7,5
52948,5,9
52949,5,4
52950,6,8
52951,3,6
52952,0,7
52953,6,2
52954,6,8
52955,4,0
52956,8,2
52957,3,6
52958,5,4
52959,8,2
52960,9,7
52961,1,1
52962,3,5
52963,0,1
52964,9,7
52965,0,1
52966,2,3
52967,1,1
52968,0,8
52969,9,7
52970,7,5
52971,6,2
52972,2,3
52973,5,4
52974,2,3
52975,8,2
52976,3,6
52977,5,9
52978,3,0
52979,5,4
52980,2,8
52981,7,5
52982,8,2
52983,6,8
52984,1,1
52985,5,4
52986,3,6
52987,8,2
52988,5,4
52989,5,9
52990,1,1
52991,9,7
52992,9,7
52993,4,0
52994,2,3
52995,4,0
52996,5,4
52997,9,7
52998,9,7
52999,7,5
53000,7,5
53001,0,1
53002,6,8
53003,9,7
53004,1,1
53005,3,6
53006,6,8
53007,3,6
53008,8,2
53009,3,6
53010,9,9
53011,6,8
53012,1,1
53013,8,2
53014,4,0
53015,7,5
53016,1,1
53017,8,2
53018,1,1
53019,9,2
53020,5,9
53021,9,7
53022,5,9
53023,9,7
53024,2,5
53025,5,4
53026,8,2
53027,4,0
53028,6,8
53029,8,2
53030,4,0
53031,5,4
53032,5,4
53033,8,2
53034,8,2
53035,2,3
53036,9,8
53037,2,3
53038,4,0
53039,2,3
53040,1,1
53041,0,1
53042,2,3
53043,6,8
53044,2,9
53045,5,9
53046,4,5
53047,3,6
53048,2,3
53049,0,1
53050,7,5
53051,4,0
53052,5,4
53053,7,5
53054,7,5
53055,5,9
53056,8,2
53057,3,6
53058,1,1
53059,5,9
53060,9,7
53061,6,8
53062,5,4
53063,7,5
53064,2,8
53065,6,8
53066,9,7
53067,7,5
53068,3,6
53069,7,5
53070,5,9
53071,6,8
53072,8,2
53073,4,0
53074,9,7
53075,2,3
53076,9,2
53077,4,0
53078,5,4
53079,2,8
53080,1,1
53081,3,6
53082,6,8
53083,2,3
53084,2,3
53085,4,0
53086,7,5
53087,0,1
53088,8,2
53089,8,2
53090,0,8
53091,2,3
53092,6,8
53093,5,4
53094,9,7
53095,3,6
53096,7,5
53097,9,7
53098,1,1
53099,6,8
53100,2,5
53101,4,0
53102,9,7
53103,0,1
53104,2,3
53105,8,2
53106,3,6
53107,2,3
53108,2,3
53109,5,4
53110,1,8
53111,3,6
53112,6,8
53113,9,7
53114,2,5
53115,6,8
53116,4,0
53117,4,0
53118,4,0
53119,0,1
53120,5,5
53121,8,2
53122,7,5
53123,2,3
53124,4,0
53125,5,4
53126,5,9
53127,3,6
53128,6,8
53129,9,7
53130,5,4
53131,6,8
53132,8,2
53133,6,8
53134,5,4
53135,0,1
53136,2,3
53137,9,7
53138,8,2
53139,8,2
53140,1,1
53141,5,4
53142,5,9
53143,0,1
53144,5,4
53145,5,4
53146,9,9
53147,0,1
53148,1,6
53149,5,4
53150,2,8
53151,9,9
53152,3,5
53153,3,6
53154,5,9
53155,6,8
53156,8,3
53157,5,4
53158,1,3
53159,9,7
53160,1,1
53161,6,8
53162,1,1
53163,0,4
53164,9,7
53165,2,3
53166,5,9
53167,2,3
53168,1,1
53169,3,6
53170,5,8
53171,9,7
53172,7,5
53173,4,0
53174,4,0
53175,3,6
53176,1,1
53177,0,1
53178,1,1
53179,3,6
53180,1,1
53181,6,8
53182,2,3
53183,9,7
53184,6,8
53185,4,0
53186,6,8
53187,0,1
53188,9,7
53189,4,0
53190,9,9
53191,6,8
53192,5,4
53193,0,5
53194,1,1
53195,4,0
53196,1,9
53197,3,6
53198,3,6
53199,0,1
53200,7,5
53201,7,5
53202,5,9
53203,6,8
53204,5,9
53205,5,4
53206,1,1
53207,8,2
53208,6,8
53209,2,3
53210,9,7
53211,9,9
53212,4,0
53213,9,7
53214,9,7
53215,3,6
53216,4,9
53217,9,9
53218,8,2
53219,4,0
53220,3,6
53221,3,6
53222,5,4
53223,2,3
53224,8,2
53225,2,3
53226,5,4
53227,9,7
53228,1,6
53229,7,5
53230,3,6
53231,2,3
53232,9,7
53233,0,1
53234,9,7
53235,6,8
53236,6,8
53237,8,2
53238,5,9
53239,8,2
53240,6,8
53241,2,3
53242,4,7
53243,4,0
53244,7,5
53245,8,2
53246,2,3
53247,9,9
53248,9,8
53249,0,4
53250,9,9
53251,9,9
53252,2,3
53253,9,7
53254,5,4
53255,4,0
53256,4,0
53257,4,0
53258,9,7
53259,8,2
53260,5,4
53261,9,7
53262,2,3
53263,5,4
53264,9,2
53265,9,9
53266,1,2
53267,9,9
53268,7,5
53269,8,2
53270,4,0
53271,6,8
53272,7,5
53273,0,1
53274,9,7
53275,7,5
53276,9,9
53277,3,6
53278,5,4
53279,9,9
53280,5,9
53281,6,8
53282,2,3
53283,2,3
53284,8,2
53285,6,8
53286,6,8
53287,2,3
53288,5,4
53289,3,6
53290,4,0
53291,9,7
53292,2,5
53293,4,0
53294,6,8
53295,5,4
53296,2,5
53297,4,0
53298,4,0
53299,4,0
53300,5,4
53301,0,1
53302,9,7
53303,1,2
53304,1,1
53305,2,3
53306,2,5
53307,5,4
53308,1,1
53309,7,5
53310,1,1
53311,3,6
53312,7,8
53313,9,7
53314,1,1
53315,6,8
53316,3,5
53317,5,9
53318,3,6
53319,4,0
53320,7,6
53321,1,1
53322,8,2
53323,8,2
53324,5,9
53325,2,3
53326,1,1
53327,5,4
53328,4,0
53329,7,5
53330,1,1
53331,3,6
53332,2,3
53333,9,7
53334,9,7
53335,6,8
53336,3,6
53337,5,9
53338,9,7
53339,4,0
53340,8,2
53341,0,1
53342,5,9
53343,8,2
53344,4,0
53345,2,3
53346,5,4
53347,5,4
53348,1,1
53349,5,9
53350,4,0
53351,1,1
53352,7,5
53353,4,0
53354,4,0
53355,4,0
53356,7,5
53357,2,3
53358,2,3
53359,3,6
53360,4,0
53361,1,1
53362,5,4
53363,5,4
53364,5,4
53365,2,3
53366,8,2
53367,8,2
53368,9,7
53369,5,9
53370,5,9
53371,0,1
53372,9,7
53373,8,2
53374,2,3
53375,0,1
53376,2,3
53377,8,2
53378,5,4
53379,5,9
53380,4,0
53381,4,0
53382,2,3
53383,0,1
53384,5,4
53385,2,3
53386,5,9
53387,4,0
53388,8,2
53389,3,6
53390,8,2
53391,8,2
53392,9,7
53393,9,9
53394,1,1
53395,1,1
53396,5,9
53397,5,9
53398,3,6
53399,3,0
53400,6,8
53401,4,0
53402,2,3
53403,4,0
53404,4,0
53405,0,1
53406,3,6
53407,4,0
53408,2,5
53409,0,1
53410,7,5
53411,5,4
53412,2,3
53413,7,5
53414,7,5
53415,9,7
53416,3,6
53417,6,8
53418,9,7
53419,2,3
53420,6,8
53421,5,4
53422,3,6
53423,9,7
53424,4,0
53425,0,1
53426,5,4
53427,1,1
53428,7,5
53429,4,0
53430,8,2
53431,9,7
53432,4,0
53433,7,5
53434,1,2
53435,5,9
53436,1,1
53437,5,9
53438,5,9
53439,5,4
53440,0,8
53441,9,7
53442,5,9
53443,7,5
53444,4,0
53445,6,8
53446,5,4
53447,2,3
53448,0,1
53449,5,4
53450,5,4
53451,5,4
53452,5,4
53453,2,3
53454,4,0
53455,8,2
53456,5,9
53457,2,3
53458,5,4
53459,5,4
53460,4,0
53461,7,5
53462,6,8
53463,3,6
53464,6,8
53465,9,7
53466,2,5
53467,1,1
53468,1,1
53469,4,0
53470,7,5
53471,0,1
53472,3,6
53473,8,2
53474,2,3
53475,2,3
53476,1,4
53477,5,4
53478,1,7
53479,7,5
53480,2,3
53481,3,6
53482,0,3
53483,9,7
53484,1,1
53485,6,8
53486,6,8
53487,4,0
53488,2,3
53489,0,1
53490,9,7
53491,8,2
53492,5,4
53493,2,3
53494,8,2
53495,5,4
53496,1,9
53497,7,5
53498,1,1
53499,3,6
53500,8,2
53501,9,7
53502,4,0
53503,4,0
53504,8,2
53505,5,9
53506,6,8
53507,7,5
53508,9,8
53509,4,0
53510,9,7
53511,5,9
53512,8,2
53513,6,8
53514,2,3
53515,5,9
53516,3,6
53517,6,8
53518,0,1
53519,5,4
53520,4,8
53521,1,1
53522,8,2
53523,9,7
53524,4,0
53525,9,7
53526,3,6
53527,2,3
53528,5,4
53529,7,5
53530,5,9
53531,0,1
53532,5,9
53533,4,0
53534,3,6
53535,4,0
53536,4,0
53537,4,0
53538,7,5
53539,0,1
53540,3,6
53541,8,2
53542,2,3
53543,3,6
53544,5,9
53545,2,3
53546,5,4
53547,9,3
53548,1,7
53549,9,7
53550,5,9
53551,5,4
53552,2,5
53553,3,6
53554,2,3
53555,3,6
53556,2,8
53557,3,6
53558,2,3
53559,5,4
53560,2,3
53561,9,9
53562,4,0
53563,0,1
53564,1,4
53565,5,9
53566,2,3
53567,2,5
53568,7,5
53569,6,8
53570,1,3
53571,8,2
53572,2,5
53573,4,0
53574,3,8
53575,4,0
53576,5,4
53577,0,1
53578,7,6
53579,9,7
53580,6,8
53581,3,6
53582,5,4
53583,2,3
53584,2,3
53585,5,2
53586,2,3
53587,1,1
53588,3,6
53589,9,7
53590,7,5
53591,2,3
53592,5,9
53593,1,1
53594,1,1
53595,2,3
53596,5,4
53597,5,9
53598,2,5
53599,0,1
53600,1,7
53601,9,7
53602,5,4
53603,3,6
53604,0,1
53605,6,8
53606,3,6
53607,5,4
53608,8,2
53609,2,3
53610,1,1
53611,0,1
53612,5,7
53613,5,4
53614,9,7
53615,4,0
53616,5,9
53617,7,5
53618,5,4
53619,2,3
53620,7,5
53621,3,6
53622,5,4
53623,9,9
53624,9,7
53625,3,6
53626,2,5
53627,0,1
53628,8,2
53629,9,7
53630,2,3
53631,5,4
53632,4,0
53633,5,4
53634,7,5
53635,9,7
53636,6,8
53637,8,2
53638,4,5
53639,8,2
53640,6,8
53641,7,5
53642,7,5
53643,9,7
53644,8,2
53645,9,9
53646,3,6
53647,7,5
53648,6,8
53649,5,4
53650,8,2
53651,6,8
53652,3,6
53653,6,8
53654,5,4
53655,5,4
53656,1,2
53657,4,0
53658,8,2
53659,6,8
53660,6,8
53661,5,9
53662,1,1
53663,6,8
53664,1,1
53665,4,0
53666,9,7
53667,1,1
53668,1,2
53669,8,2
53670,4,0
53671,2,3
53672,6,8
53673,5,4
53674,5,4
53675,7,5
53676,5,9
53677,3,6
53678,4,0
53679,9,7
53680,9,9
53681,6,8
53682,5,9
53683,9,9
53684,4,0
53685,4,0
53686,6,8
53687,0,1
53688,2,3
53689,8,2
53690,2,5
53691,2,3
53692,8,2
53693,5,4
53694,9,7
53695,7,5
53696,2,5
53697,3,6
53698,5,9
53699,9,7
53700,5,9
53701,6,8
53702,9,7
53703,9,9
53704,2,3
53705,4,0
53706,3,6
53707,0,1
53708,8,2
53709,8,2
53710,5,4
53711,2,3
53712,2,3
53713,5,4
53714,1,1
53715,7,5
53716,2,3
53717,3,6
53718,3,5
53719,9,7
53720,8,2
53721,6,8
53722,2,3
53723,9,9
53724,2,3
53725,9,7
53726,1,1
53727,8,2
53728,2,8
53729,5,9
53730,6,8
53731,5,4
53732,7,5
53733,8,2
53734,4,0
53735,9,9
53736,0,9
53737,6,8
53738,5,4
53739,5,4
53740,2,3
53741,7,5
53742,8,2
53743,6,8
53744,8,2
53745,6,8
53746,1,1
53747,4,0
53748,8,2
53749,2,3
53750,1,1
53751,7,5
53752,9,9
53753,5,4
53754,7,6
53755,2,3
53756,6,8
53757,2,3
53758,2,3
53759,7,5
53760,5,4
53761,0,1
53762,8,2
53763,9,7
53764,5,9
53765,6,8
53766,9,7
53767,5,4
53768,5,4
53769,7,5
53770,9,7
53771,9,7
53772,8,2
53773,8,2
53774,6,8
53775,3,6
53776,5,4
53777,3,6
53778,5,9
53779,9,7
53780,1,1
53781,9,7
53782,6,8
53783,9,7
53784,5,9
53785,4,0
53786,2,8
53787,0,1
53788,4,0
53789,4,0
53790,8,2
53791,0,1
53792,1,1
53793,3,6
53794,7,5
53795,7,5
53796,2,5
53797,7,5
53798,3,6
53799,8,2
53800,4,0
53801,9,9
53802,2,5
53803,2,3
53804,1,1
53805,1,1
53806,9,8
53807,5,4
53808,5,4
53809,6,8
53810,5,9
53811,6,8
53812,2,5
53813,9,7
53814,4,0
53815,2,3
53816,1,1
53817,6,8
53818,3,6
53819,8,2
53820,5,4
53821,5,9
53822,0,5
53823,0,1
53824,0,1
53825,8,2
53826,4,5
53827,3,6
53828,3,6
53829,7,5
53830,3,6
53831,5,9
53832,1,7
53833,0,1
53834,5,4
53835,8,2
53836,9,7
53837,8,2
53838,2,3
53839,9,7
53840,3,6
53841,9,9
53842,0,1
53843,9,7
53844,4,5
53845,5,9
53846,2,3
53847,5,9
53848,6,8
53849,0,1
53850,5,4
53851,4,0
53852,9,7
53853,5,9
53854,7,8
53855,9,7
53856,5,4
53857,4,0
53858,9,7
53859,7,5
53860,6,8
53861,4,0
53862,8,2
53863,2,3
53864,6,8
53865,6,8
53866,9,7
53867,5,4
53868,5,9
53869,3,6
53870,1,1
53871,1,1
53872,5,8
53873,5,4
53874,2,3
53875,2,3
53876,8,2
53877,3,6
53878,8,2
53879,8,2
53880,4,0
53881,4,0
53882,5,9
53883,5,4
53884,4,2
53885,6,8
53886,9,7
53887,0,1
53888,5,4
53889,2,3
53890,8,2
53891,0,1
53892,3,6
53893,4,0
53894,4,0
53895,9,9
53896,1,1
53897,4,0
53898,5,4
53899,0,1
53900,7,6
53901,8,2
53902,5,4
53903,2,3
53904,1,1
53905,5,4
53906,1,8
53907,7,5
53908,1,1
53909,3,6
53910,1,2
53911,9,7
53912,5,4
53913,6,8
53914,5,4
53915,9,9
53916,4,0
53917,4,0
53918,3,6
53919,0,1
53920,7,5
53921,8,2
53922,7,5
53923,2,3
53924,4,0
53925,5,4
53926,8,2
53927,7,5
53928,4,0
53929,3,6
53930,1,1
53931,9,7
53932,4,0
53933,0,8
53934,4,0
53935,9,9
53936,4,0
53937,4,0
53938,2,3
53939,0,1
53940,4,0
53941,8,2
53942,2,5
53943,2,3
53944,9,7
53945,5,4
53946,7,5
53947,7,5
53948,5,9
53949,3,6
53950,5,9
53951,0,9
53952,6,8
53953,4,8
53954,2,3
53955,5,4
53956,5,7
53957,4,0
53958,2,3
53959,4,0
53960,2,3
53961,9,7
53962,9,7
53963,8,2
53964,5,9
53965,0,4
53966,1,1
53967,8,2
53968,7,5
53969,3,6
53970,9,8
53971,7,5
53972,8,2
53973,7,5
53974,5,4
53975,2,3
53976,4,9
53977,9,7
53978,7,5
53979,7,8
53980,1,1
53981,3,6
53982,4,0
53983,3,6
53984,8,2
53985,5,4
53986,9,7
53987,2,3
53988,5,4
53989,8,2
53990,5,4
53991,3,6
53992,7,5
53993,3,6
53994,4,0
53995,2,3
53996,3,8
53997,4,8
53998,2,9
53999,2,8
54000,7,5
54001,2,3
54002,4,5
54003,4,0
54004,4,0
54005,0,1
54006,2,8
54007,0,4
54008,2,3
54009,5,4
54010,4,0
54011,9,7
54012,4,0
54013,2,3
54014,2,3
54015,7,5
54016,2,3
54017,5,4
54018,3,6
54019,0,1
54020,2,3
54021,9,9
54022,9,7
54023,0,1
54024,2,5
54025,8,2
54026,5,9
54027,0,1
54028,2,3
54029,2,3
54030,6,8
54031,9,9
54032,3,6
54033,8,2
54034,6,8
54035,9,7
54036,5,9
54037,9,7
54038,5,9
54039,9,9
54040,6,8
54041,0,4
54042,5,4
54043,8,2
54044,2,5
54045,7,5
54046,5,4
54047,6,8
54048,5,9
54049,3,6
54050,5,9
54051,7,5
54052,8,2
54053,7,5
54054,6,8
54055,9,9
54056,2,8
54057,9,9
54058,8,2
54059,0,1
54060,2,3
54061,0,1
54062,2,3
54063,7,5
54064,5,9
54065,9,7
54066,5,7
54067,7,6
54068,3,6
54069,9,9
54070,1,1
54071,0,1
54072,9,7
54073,2,3
54074,2,3
54075,8,2
54076,5,9
54077,2,3
54078,8,2
54079,0,1
54080,4,0
54081,9,9
54082,5,8
54083,4,0
54084,2,3
54085,9,9
54086,3,6
54087,0,1
54088,2,3
54089,4,0
54090,8,2
54091,7,5
54092,7,5
54093,6,8
54094,1,1
54095,8,2
54096,9,7
54097,9,7
54098,5,9
54099,0,7
54100,9,7
54101,4,0
54102,4,0
54103,1,1
54104,3,0
54105,8,2
54106,9,7
54107,2,3
54108,4,0
54109,5,4
54110,8,2
54111,7,5
54112,9,4
54113,3,6
54114,9,7
54115,9,7
54116,5,4
54117,6,8
54118,9,7
54119,5,9
54120,6,8
54121,4,0
54122,7,5
54123,1,1
54124,3,6
54125,8,2
54126,2,3
54127,2,3
54128,8,2
54129,5,4
54130,5,4
54131,7,5
54132,6,8
54133,3,6
54134,1,2
54135,9,7
54136,2,8
54137,6,8
54138,5,9
54139,5,9
54140,2,3
54141,4,0
54142,7,5
54143,1,1
54144,5,9
54145,8,2
54146,5,9
54147,2,3
54148,9,7
54149,5,4
54150,3,6
54151,7,5
54152,9,7
54153,3,6
54154,5,9
54155,9,7
54156,5,4
54157,6,8
54158,5,4
54159,7,5
54160,6,2
54161,8,2
54162,4,8
54163,6,8
54164,1,1
54165,1,1
54166,5,9
54167,9,7
54168,8,2
54169,8,2
54170,5,9
54171,5,4
54172,3,6
54173,1,1
54174,2,3
54175,5,4
54176,9,7
54177,1,1
54178,6,8
54179,5,4
54180,2,8
54181,5,9
54182,1,1
54183,3,6
54184,7,5
54185,6,8
54186,9,7
54187,5,4
54188,7,6
54189,7,5
54190,1,8
54191,2,3
54192,6,8
54193,9,7
54194,9,7
54195,2,8
54196,3,6
54197,5,4
54198,6,8
54199,2,3
54200,3,6
54201,2,3
54202,7,5
54203,7,5
54204,3,6
54205,3,6
54206,3,6
54207,9,7
54208,2,3
54209,4,0
54210,1,1
54211,3,6
54212,5,7
54213,1,1
54214,4,0
54215,3,6
54216,6,8
54217,6,8
54218,9,7
54219,9,7
54220,8,2
54221,4,0
54222,5,9
54223,1,1
54224,3,6
54225,7,5
54226,0,8
54227,3,6
54228,2,3
54229,4,0
54230,2,5
54231,6,8
54232,4,0
54233,7,5
54234,5,4
54235,4,0
54236,1,1
54237,3,6
54238,8,2
54239,1,1
54240,1,2
54241,2,5
54242,2,3
54243,6,8
54244,5,9
54245,5,4
54246,7,5
54247,8,2
54248,2,3
54249,2,3
54250,2,3
54251,5,9
54252,3,6
54253,9,7
54254,1,1
54255,3,6
54256,9,7
54257,5,9
54258,2,3
54259,1,1
54260,2,5
54261,5,9
54262,8,2
54263,4,0
54264,5,4
54265,3,6
54266,9,9
54267,9,7
54268,1,8
54269,1,1
54270,2,3
54271,8,2
54272,4,0
54273,2,3
54274,9,7
54275,5,9
54276,5,4
54277,8,2
54278,5,7
54279,5,4
54280,6,8
54281,7,5
54282,7,5
54283,7,5
54284,4,0
54285,2,3
54286,8,2
54287,9,7
54288,3,6
54289,7,5
54290,4,0
54291,2,3
54292,8,2
54293,0,1
54294,5,4
54295,6,8
54296,6,3
54297,8,2
54298,3,6
54299,8,2
54300,5,9
54301,2,3
54302,7,5
54303,4,0
54304,2,3
54305,8,2
54306,2,2
54307,9,9
54308,6,8
54309,5,4
54310,1,1
54311,5,9
54312,5,9
54313,4,0
54314,1,2
54315,8,2
54316,3,6
54317,9,7
54318,1,2
54319,5,4
54320,4,0
54321,5,9
54322,2,3
54323,5,9
54324,5,4
54325,8,2
54326,8,2
54327,6,8
54328,4,0
54329,1,1
54330,8,2
54331,7,5
54332,3,6
54333,3,6
54334,9,9
54335,9,9
54336,6,8
54337,6,8
54338,8,2
54339,2,3
54340,1,1
54341,6,8
54342,1,1
54343,2,3
54344,6,8
54345,3,6
54346,6,8
54347,5,4
54348,3,6
54349,4,0
54350,8,2
54351,4,0
54352,6,8
54353,1,1
54354,4,0
54355,8,2
54356,4,0
54357,2,3
54358,5,4
54359,5,4
54360,3,6
54361,2,5
54362,6,8
54363,3,6
54364,9,7
54365,9,7
54366,2,5
54367,6,8
54368,4,0
54369,9,9
54370,3,6
54371,4,0
54372,9,7
54373,1,1
54374,5,4
54375,8,2
54376,5,4
54377,2,3
54378,1,7
54379,5,4
54380,1,1
54381,7,5
54382,5,9
54383,3,6
54384,1,1
54385,9,7
54386,5,9
54387,6,8
54388,1,1
54389,9,9
54390,3,6
54391,4,0
54392,4,0
54393,1,1
54394,7,8
54395,8,2
54396,9,7
54397,2,3
54398,2,3
54399,5,4
54400,7,5
54401,2,5
54402,2,3
54403,3,6
54404,4,0
54405,9,7
54406,2,3
54407,6,8
54408,8,2
54409,3,6
54410,5,4
54411,4,0
54412,5,4
54413,2,3
54414,4,0
54415,5,4
54416,1,1
54417,1,1
54418,1,1
54419,5,4
54420,3,6
54421,4,0
54422,5,4
54423,6,8
54424,8,2
54425,3,6
54426,9,7
54427,5,4
54428,1,1
54429,2,5
54430,2,3
54431,5,4
54432,8,2
54433,4,0
54434,1,1
54435,9,7
54436,2,3
54437,6,8
54438,1,1
54439,9,7
54440,8,2
54441,9,7
54442,7,5
54443,9,9
54444,2,3
54445,4,0
54446,2,5
54447,5,4
54448,8,2
54449,5,9
54450,6,8
54451,5,9
54452,5,4
54453,9,7
54454,8,2
54455,5,4
54456,8,2
54457,8,2
54458,1,1
54459,4,0
54460,2,3
54461,2,5
54462,3,6
54463,6,8
54464,4,0
54465,2,5
54466,5,4
54467,5,9
54468,1,1
54469,6,8
54470,7,5
54471,6,8
54472,9,7
54473,5,4
54474,4,0
54475,4,0
54476,2,3
54477,9,7
54478,9,7
54479,1,1
54480,8,2
54481,2,3
54482,9,7
54483,7,5
54484,8,2
54485,1,1
54486,4,0
54487,2,3
54488,6,8
54489,1,1
54490,3,6
54491,2,5
54492,3,8
54493,2,3
54494,9,7
54495,6,8
54496,3,6
54497,9,7
54498,6,8
54499,2,3
54500,7,5
54501,1,1
54502,4,0
54503,3,6
54504,5,9
54505,6,8
54506,8,1
54507,2,5
54508,9,9
54509,5,9
54510,7,5
54511,8,2
54512,4,0
54513,8,2
54514,4,0
54515,4,0
54516,2,3
54517,5,9
54518,3,6
54519,8,2
54520,2,9
54521,5,4
54522,9,7
54523,3,6
54524,2,3
54525,7,5
54526,2,3
54527,8,2
54528,2,5
54529,9,7
54530,2,3
54531,2,3
54532,1,7
54533,1,1
54534,2,3
54535,2,3
54536,9,7
54537,3,6
54538,5,9
54539,3,6
54540,9,7
54541,8,2
54542,5,7
54543,1,1
54544,1,1
54545,8,2
54546,5,9
54547,3,6
54548,9,9
54549,4,0
54550,2,8
54551,6,2
54552,1,1
54553,8,2
54554,0,8
54555,9,7
54556,5,2
54557,0,1
54558,9,7
54559,2,3
54560,2,3
54561,9,7
54562,7,5
54563,5,4
54564,6,8
54565,9,7
54566,7,5
54567,5,4
54568,2,3
54569,6,8
54570,3,6
54571,5,9
54572,3,6
54573,8,2
54574,3,2
54575,5,9
54576,1,1
54577,2,5
54578,5,9
54579,1,1
54580,1,1
54581,2,5
54582,5,4
54583,3,6
54584,5,9
54585,6,8
54586,1,9
54587,2,3
54588,5,4
54589,7,5
54590,6,8
54591,3,6
54592,5,9
54593,6,8
54594,6,8
54595,4,0
54596,2,8
54597,4,0
54598,2,5
54599,5,9
54600,4,0
54601,5,9
54602,3,6
54603,2,3
54604,7,5
54605,1,1
54606,9,7
54607,1,1
54608,4,0
54609,4,0
54610,3,6
54611,1,1
54612,5,8
54613,8,2
54614,1,1
54615,2,3
54616,6,3
54617,5,4
54618,3,6
54619,7,5
54620,4,0
54621,3,6
54622,2,3
54623,9,7
54624,2,8
54625,6,8
54626,2,8
54627,5,9
54628,1,4
54629,4,0
54630,3,6
54631,1,1
54632,9,7
54633,8,2
54634,5,4
54635,2,3
54636,6,8
54637,5,4
54638,9,7
54639,7,5
54640,7,5
54641,3,6
54642,4,0
54643,9,7
54644,9,7
54645,6,8
54646,3,6
54647,9,9
54648,2,3
54649,4,0
54650,5,4
54651,1,1
54652,3,6
54653,8,2
54654,6,8
54655,2,3
54656,6,8
54657,5,4
54658,2,3
54659,7,5
54660,2,3
54661,3,6
54662,3,6
54663,9,7
54664,1,1
54665,6,8
54666,5,9
54667,5,9
54668,5,4
54669,9,7
54670,7,5
54671,7,5
54672,5,4
54673,7,5
54674,6,2
54675,1,1
54676,8,2
54677,5,9
54678,1,7
54679,9,9
54680,8,2
54681,9,7
54682,2,2
54683,0,1
54684,6,8
54685,4,0
54686,5,4
54687,9,9
54688,9,7
54689,4,0
54690,4,0
54691,9,7
54692,1,1
54693,1,1
54694,2,3
54695,9,7
54696,9,7
54697,2,3
54698,5,9
54699,3,6
54700,2,3
54701,9,8
54702,5,9
54703,4,0
54704,2,3
54705,6,8
54706,2,3
54707,2,3
54708,0,1
54709,8,2
54710,5,4
54711,3,0
54712,6,8
54713,5,9
54714,8,2
54715,4,0
54716,1,1
54717,3,6
54718,5,4
54719,1,1
54720,0,1
54721,9,7
54722,2,3
54723,7,5
54724,2,3
54725,6,8
54726,6,8
54727,2,3
54728,4,0
54729,5,4
54730,2,3
54731,9,7
54732,9,7
54733,3,6
54734,9,7
54735,2,3
54736,2,3
54737,8,2
54738,5,9
54739,2,3
54740,9,7
54741,6,8
54742,5,4
54743,9,9
54744,7,5
54745,5,4
54746,2,3
54747,6,8
54748,5,4
54749,6,8
54750,7,5
54751,9,7
54752,1,1
54753,0,1
54754,8,2
54755,4,0
54756,1,2
54757,6,8
54758,8,2
54759,9,7
54760,9,7
54761,9,7
54762,9,2
54763,9,9
54764,4,0
54765,8,2
54766,5,9
54767,2,3
54768,8,2
54769,5,4
54770,5,4
54771,3,6
54772,2,3
54773,0,1
54774,7,5
54775,0,1
54776,7,5
54777,5,4
54778,5,4
54779,7,5
54780,2,3
54781,7,5
54782,4,3
54783,4,0
54784,1,1
54785,5,4
54786,1,1
54787,6,8
54788,3,6
54789,9,7
54790,8,2
54791,5,4
54792,9,7
54793,9,9
54794,1,2
54795,8,2
54796,8,2
54797,2,3
54798,2,3
54799,3,6
54800,4,0
54801,5,4
54802,3,6
54803,1,1
54804,4,0
54805,8,2
54806,8,2
54807,5,4
54808,4,0
54809,1,1
54810,4,0
54811,7,5
54812,4,0
54813,5,4
54814,5,4
54815,8,2
54816,1,1
54817,4,0
54818,9,7
54819,5,4
54820,3,6
54821,6,8
54822,4,0
54823,3,6
54824,1,1
54825,0,1
54826,5,4
54827,9,9
54828,2,5
54829,2,3
54830,3,6
54831,8,2
54832,4,0
54833,4,0
54834,1,2
54835,4,0
54836,3,0
54837,8,2
54838,8,2
54839,7,5
54840,8,2
54841,3,6
54842,6,8
54843,9,9
54844,4,0
54845,2,3
54846,6,8
54847,3,6
54848,1,2
54849,2,3
54850,5,9
54851,3,6
54852,5,4
54853,4,0
54854,8,2
54855,0,1
54856,2,3
54857,8,2
54858,2,3
54859,2,3
54860,5,9
54861,0,4
54862,7,5
54863,9,7
54864,1,1
54865,4,0
54866,8,2
54867,2,3
54868,7,5
54869,5,4
54870,6,8
54871,9,7
54872,1,1
54873,4,0
54874,5,9
54875,0,1
54876,1,1
54877,8,2
54878,1,4
54879,7,3
54880,3,5
54881,0,4
54882,9,7
54883,0,5
54884,6,8
54885,3,6
54886,1,1
54887,9,7
54888,2,3
54889,6,8
54890,9,7
54891,9,7
54892,2,3
54893,8,2
54894,8,2
54895,0,4
54896,9,8
54897,0,1
54898,2,3
54899,0,4
54900,4,0
54901,0,1
54902,7,5
54903,0,4
54904,7,5
54905,9,9
54906,5,4
54907,3,6
54908,8,2
54909,0,8
54910,2,3
54911,0,4
54912,9,7
54913,0,5
54914,7,5
54915,2,3
54916,5,8
54917,0,7
54918,5,4
54919,6,8
54920,6,8
54921,0,4
54922,4,0
54923,3,6
54924,8,2
54925,9,7
54926,1,8
54927,4,0
54928,7,5
54929,3,6
54930,2,3
54931,0,1
54932,3,5
54933,3,6
54934,2,5
54935,0,8
54936,5,4
54937,0,7
54938,7,5
54939,4,0
54940,9,7
54941,4,0
54942,4,0
54943,4,0
54944,5,9
54945,3,6
54946,1,1
54947,0,1
54948,3,6
54949,0,5
54950,6,8
54951,8,2
54952,2,3
54953,2,3
54954,7,8
54955,9,9
54956,8,2
54957,0,7
54958,6,8
54959,3,6
54960,5,4
54961,9,9
54962,5,9
54963,0,1
54964,9,7
54965,9,9
54966,5,7
54967,4,0
54968,1,1
54969,3,6
54970,7,5
54971,9,7
54972,2,3
54973,8,2
54974,1,1
54975,0,5
54976,2,3
54977,8,3
54978,8,2
54979,0,1
54980,4,0
54981,5,2
54982,4,0
54983,7,3
54984,5,9
54985,4,0
54986,2,8
54987,8,2
54988,2,5
54989,9,9
54990,6,8
54991,0,4
54992,5,4
54993,9,9
54994,3,6
54995,9,7
54996,2,3
54997,4,0
54998,5,4
54999,4,0
55000,0,1
55001,8,2
55002,6,8
55003,9,7
55004,5,4
55005,0,4
55006,4,0
55007,9,9
55008,2,3
55009,9,9
55010,7,5
55011,5,2
55012,3,6
55013,9,9
55014,1,1
55015,0,8
55016,3,6
55017,2,3
55018,3,6
55019,3,6
55020,6,8
55021,9,7
55022,5,8
55023,4,0
55024,5,4
55025,0,4
55026,6,8
55027,4,0
55028,2,3
55029,4,0
55030,4,0
55031,1,1
55032,8,2
55033,8,2
55034,9,7
55035,2,3
55036,1,1
55037,5,4
55038,2,3
55039,3,6
55040,8,2
55041,9,7
55042,3,5
55043,6,8
55044,1,2
55045,4,0
55046,1,1
55047,1,1
55048,4,0
55049,8,2
55050,2,3
55051,2,3
55052,9,7
55053,5,4
55054,2,3
55055,7,5
55056,4,0
55057,3,6
55058,7,5
55059,9,7
55060,2,5
55061,6,8
55062,2,3
55063,9,9
55064,5,9
55065,4,0
55066,3,6
55067,0,1
55068,5,9
55069,8,2
55070,8,2
55071,2,3
55072,5,9
55073,5,4
55074,5,4
55075,7,5
55076,7,5
55077,3,6
55078,5,7
55079,9,7
55080,1,1
55081,6,8
55082,9,7
55083,1,1
55084,9,7
55085,5,4
55086,9,7
55087,5,4
55088,9,7
55089,8,2
55090,0,7
55091,2,3
55092,5,9
55093,2,3
55094,9,7
55095,4,0
55096,3,6
55097,5,9
55098,5,4
55099,7,5
55100,8,2
55101,5,4
55102,5,9
55103,2,3
55104,2,3
55105,4,0
55106,2,3
55107,6,8
55108,7,5
55109,5,4
55110,4,0
55111,3,6
55112,3,6
55113,9,7
55114,9,9
55115,4,0
55116,7,3
55117,9,7
55118,6,8
55119,9,7
55120,5,9
55121,1,1
55122,2,8
55123,3,6
55124,5,4
55125,9,9
55126,9,9
55127,0,1
55128,4,8
55129,8,2
55130,4,0
55131,9,9
55132,6,8
55133,2,3
55134,3,6
55135,3,6
55136,5,4
55137,8,2
55138,3,6
55139,2,3
55140,0,1
55141,5,4
55142,1,1
55143,3,6
55144,2,3
55145,6,8
55146,6,8
55147,9,7
55148,7,5
55149,8,2
55150,1,1
55151,2,3
55152,4,0
55153,9,8
55154,3,6
55155,0,1
55156,6,8
55157,8,2
55158,8,2
55159,5,9
55160,5,4
55161,7,5
55162,3,6
55163,6,8
55164,7,5
55165,6,8
55166,3,6
55167,9,7
55168,3,6
55169,0,1
55170,6,2
55171,9,7
55172,8,2
55173,0,1
55174,9,7
55175,0,1
55176,6,2
55177,4,0
55178,5,4
55179,2,3
55180,9,7
55181,5,4
55182,6,8
55183,8,2
55184,7,5
55185,3,6
55186,8,2
55187,5,4
55188,8,2
55189,9,7
55190,1,3
55191,5,4
55192,6,8
55193,8,2
55194,8,3
55195,9,7
55196,3,6
55197,5,4
55198,2,3
55199,8,2
55200,5,9
55201,5,9
55202,8,2
55203,8,2
55204,7,5
55205,9,7
55206,3,4
55207,5,9
55208,7,5
55209,8,2
55210,9,7
55211,6,8
55212,7,5
55213,3,6
55214,1,1
55215,0,1
55216,9,7
55217,4,0
55218,6,8
55219,3,6
55220,8,2
55221,6,8
55222,1,1
55223,7,5
55224,9,9
55225,7,5
55226,3,6
55227,4,0
55228,8,2
55229,7,5
55230,1,6
55231,2,3
55232,1,1
55233,7,5
55234,6,8
55235,5,9
55236,1,1
55237,9,7
55238,9,7
55239,5,4
55240,5,9
55241,7,8
55242,4,0
55243,9,9
55244,5,7
55245,3,6
55246,4,0
55247,9,9
55248,7,5
55249,2,3
55250,2,8
55251,4,0
55252,3,6
55253,4,0
55254,4,0
55255,3,6
55256,2,8
55257,2,3
55258,5,4
55259,4,0
55260,7,5
55261,7,5
55262,1,1
55263,6,8
55264,6,8
55265,9,9
55266,9,7
55267,0,1
55268,1,8
55269,6,8
55270,9,7
55271,0,1
55272,6,8
55273,3,6
55274,7,6
55275,4,0
55276,9,7
55277,4,0
55278,4,0
55279,1,1
55280,5,4
55281,8,2
55282,5,4
55283,2,3
55284,6,8
55285,5,4
55286,1,1
55287,7,5
55288,4,0
55289,3,6
55290,4,0
55291,9,7
55292,2,3
55293,6,8
55294,5,4
55295,9,9
55296,0,9
55297,4,0
55298,7,5
55299,0,1
55300,8,2
55301,2,3
55302,4,0
55303,5,4
55304,1,2
55305,7,5
55306,1,1
55307,3,6
55308,2,2
55309,9,7
55310,1,1
55311,9,8
55312,2,3
55313,5,9
55314,3,6
55315,4,0
55316,8,2
55317,0,1
55318,5,4
55319,8,2
55320,5,4
55321,2,3
55322,2,5
55323,5,4
55324,0,1
55325,7,5
55326,8,2
55327,3,6
55328,5,4
55329,5,7
55330,8,8
55331,6,8
55332,5,4
55333,9,9
55334,2,3
55335,1,1
55336,2,3
55337,5,4
55338,1,1
55339,5,4
55340,1,4
55341,2,3
55342,7,5
55343,2,3
55344,9,7
55345,4,0
55346,9,7
55347,9,9
55348,4,0
55349,7,5
55350,3,6
55351,5,4
55352,8,2
55353,2,3
55354,4,0
55355,4,0
55356,7,5
55357,6,8
55358,1,1
55359,5,4
55360,8,2
55361,4,0
55362,3,6
55363,9,7
55364,5,9
55365,9,7
55366,4,0
55367,3,6
55368,0,8
55369,9,9
55370,5,9
55371,1,1
55372,3,6
55373,8,2
55374,9,7
55375,5,9
55376,7,5
55377,2,3
55378,2,3
55379,3,6
55380,0,1
55381,8,2
55382,3,6
55383,2,3
55384,9,7
55385,5,4
55386,0,1
55387,3,6
55388,3,5
55389,7,5
55390,3,6
55391,8,2
55392,6,8
55393,6,3
55394,7,5
55395,0,8
55396,4,5
55397,0,1
55398,4,0
55399,8,2
55400,4,0
55401,5,9
55402,4,0
55403,7,5
55404,8,2
55405,6,8
55406,5,9
55407,6,8
55408,4,0
55409,9,7
55410,4,0
55411,1,1
55412,1,1
55413,9,7
55414,2,5
55415,0,1
55416,5,4
55417,0,1
55418,5,4
55419,2,3
55420,3,6
55421,5,4
55422,9,7
55423,5,4
55424,5,4
55425,5,7
55426,5,7
55427,5,4
55428,3,5
55429,8,2
55430,6,8
55431,9,7
55432,2,3
55433,8,2
55434,7,5
55435,5,9
55436,6,8
55437,8,2
55438,5,8
55439,9,7
55440,2,3
55441,5,9
55442,7,5
55443,8,2
55444,9,7
55445,6,8
55446,9,7
55447,3,6
55448,9,7
55449,0,1
55450,7,5
55451,6,8
55452,9,7
55453,7,5
55454,5,9
55455,7,5
55456,3,6
55457,4,0
55458,3,6
55459,7,5
55460,7,5
55461,2,3
55462,6,8
55463,7,5
55464,5,9
55465,5,9
55466,9,7
55467,9,7
55468,5,9
55469,5,4
55470,2,3
55471,6,8
55472,2,3
55473,5,9
55474,2,3
55475,3,6
55476,9,7
55477,5,9
55478,1,1
55479,4,0
55480,9,7
55481,4,0
55482,2,3
55483,3,6
55484,4,0
55485,2,3
55486,9,7
55487,4,0
55488,1,3
55489,7,5
55490,5,4
55491,6,8
55492,5,7
55493,5,9
55494,9,7
55495,1,1
55496,4,9
55497,6,8
55498,7,5
55499,0,1
55500,1,1
55501,4,0
55502,1,1
55503,4,0
55504,8,2
55505,0,1
55506,7,5
55507,8,2
55508,8,2
55509,2,3
55510,5,9
55511,5,4
55512,3,6
55513,4,5
55514,9,7
55515,3,6
55516,5,4
55517,9,7
55518,9,7
55519,6,8
55520,3,6
55521,4,0
55522,5,4
55523,0,1
55524,1,1
55525,8,2
55526,8,2
55527,2,3
55528,8,2
55529,5,4
55530,1,8
55531,7,5
55532,5,4
55533,3,6
55534,6,8
55535,9,7
55536,3,6
55537,6,8
55538,5,4
55539,9,9
55540,6,2
55541,4,0
55542,8,2
55543,0,1
55544,9,7
55545,1,2
55546,5,4
55547,2,3
55548,2,3
55549,5,4
55550,2,3
55551,3,6
55552,5,4
55553,9,7
55554,7,5
55555,6,8
55556,4,0
55557,6,8
55558,3,6
55559,8,2
55560,9,7
55561,3,6
55562,9,7
55563,9,9
55564,5,4
55565,3,6
55566,2,3
55567,0,1
55568,5,9
55569,5,9
55570,5,9
55571,5,9
55572,2,5
55573,5,9
55574,1,1
55575,5,4
55576,4,0
55577,5,4
55578,6,8
55579,2,3
55580,2,3
55581,6,8
55582,4,0
55583,1,1
55584,3,6
55585,5,4
55586,5,8
55587,0,1
55588,4,0
55589,8,2
55590,3,6
55591,7,5
55592,2,3
55593,4,0
55594,1,1
55595,5,9
55596,1,1
55597,5,4
55598,5,4
55599,9,9
55600,5,9
55601,0,1
55602,7,5
55603,9,7
55604,1,8
55605,5,4
55606,6,8
55607,5,4
55608,9,7
55609,0,1
55610,6,8
55611,6,8
55612,2,9
55613,9,7
55614,6,8
55615,3,6
55616,3,6
55617,4,0
55618,6,8
55619,6,8
55620,0,8
55621,0,1
55622,4,0
55623,6,8
55624,4,0
55625,8,2
55626,4,6
55627,3,6
55628,2,3
55629,8,2
55630,5,4
55631,4,0
55632,6,8
55633,5,9
55634,1,1
55635,0,1
55636,2,9
55637,8,2
55638,3,6
55639,0,5
55640,2,3
55641,5,4
55642,5,9
55643,7,5
55644,1,1
55645,3,6
55646,4,0
55647,9,7
55648,5,9
55649,2,3
55650,6,8
55651,4,0
55652,9,9
55653,8,2
55654,5,4
55655,8,2
55656,4,0
55657,8,2
55658,5,4
55659,9,7
55660,3,6
55661,7,5
55662,8,2
55663,4,0
55664,4,0
55665,2,3
55666,4,0
55667,7,5
55668,9,7
55669,8,2
55670,3,6
55671,0,1
55672,2,5
55673,5,4
55674,4,8
55675,5,4
55676,5,4
55677,2,3
55678,8,2
55679,4,0
55680,4,0
55681,4,0
55682,4,0
55683,6,8
55684,5,4
55685,7,5
55686,1,1
55687,5,4
55688,2,3
55689,9,7
55690,5,4
55691,9,9
55692,8,2
55693,9,7
55694,2,3
55695,6,8
55696,3,8
55697,6,8
55698,2,3
55699,9,7
55700,9,7
55701,9,9
55702,5,9
55703,3,6
55704,8,2
55705,2,3
55706,6,8
55707,0,1
55708,7,5
55709,9,7
55710,1,1
55711,9,9
55712,3,5
55713,3,6
55714,1,1
55715,2,3
55716,1,1
55717,2,3
55718,7,5
55719,0,1
55720,3,6
55721,4,0
55722,7,5
55723,8,2
55724,5,7
55725,3,6
55726,2,3
55727,4,0
55728,3,5
55729,2,5
55730,5,9
55731,3,6
55732,2,3
55733,6,8
55734,7,5
55735,9,7
55736,5,4
55737,2,3
55738,3,6
55739,3,5
55740,1,1
55741,6,8
55742,3,6
55743,7,3
55744,9,7
55745,4,0
55746,2,3
55747,1,1
55748,7,5
55749,8,2
55750,9,7
55751,2,3
55752,4,0
55753,5,4
55754,3,6
55755,7,5
55756,9,7
55757,3,6
55758,1,3
55759,9,7
55760,3,6
55761,6,8
55762,0,8
55763,5,9
55764,6,8
55765,4,0
55766,6,8
55767,1,1
55768,1,1
55769,8,2
55770,3,6
55771,2,3
55772,2,8
55773,5,4
55774,5,4
55775,7,5
55776,5,4
55777,3,6
55778,5,9
55779,9,7
55780,5,9
55781,6,8
55782,8,2
55783,5,9
55784,1,1
55785,4,0
55786,1,1
55787,1,1
55788,5,4
55789,8,2
55790,6,8
55791,2,3
55792,2,9
55793,5,4
55794,3,5
55795,7,5
55796,2,3
55797,3,6
55798,3,6
55799,9,7
55800,2,5
55801,6,8
55802,9,7
55803,5,9
55804,7,5
55805,4,0
55806,4,0
55807,6,8
55808,8,2
55809,9,7
55810,5,4
55811,6,8
55812,5,4
55813,5,9
55814,5,9
55815,5,9
55816,8,2
55817,4,0
55818,7,5
55819,1,1
55820,3,6
55821,5,4
55822,4,0
55823,7,5
55824,3,6
55825,0,1
55826,9,7
55827,3,6
55828,5,4
55829,9,7
55830,4,0
55831,2,3
55832,0,1
55833,8,2
55834,2,9
55835,5,9
55836,9,2
55837,4,0
55838,7,5
55839,7,5
55840,4,0
55841,3,6
55842,9,7
55843,9,7
55844,2,3
55845,2,3
55846,1,1
55847,5,9
55848,9,7
55849,5,9
55850,9,9
55851,2,3
55852,6,8
55853,6,8
55854,9,7
55855,1,1
55856,5,9
55857,8,2
55858,2,3
55859,9,9
55860,5,4
55861,3,6
55862,5,2
55863,9,7
55864,2,3
55865,7,5
55866,2,3
55867,3,6
55868,6,8
55869,2,3
55870,1,1
55871,7,5
55872,5,4
55873,4,0
55874,2,3
55875,7,5
55876,2,3
55877,5,4
55878,7,5
55879,4,0
55880,6,8
55881,2,3
55882,9,7
55883,5,4
55884,5,9
55885,9,7
55886,3,5
55887,9,7
55888,1,1
55889,5,9
55890,4,0
55891,5,4
55892,4,0
55893,2,3
55894,2,5
55895,9,7
55896,5,7
55897,3,6
55898,5,4
55899,8,2
55900,3,6
55901,0,1
55902,7,5
55903,7,5
55904,3,6
55905,7,5
55906,8,2
55907,4,0
55908,7,5
55909,7,5
55910,7,5
55911,4,0
55912,8,2
55913,3,6
55914,2,3
55915,9,7
55916,9,7
55917,4,0
55918,9,7
55919,8,2
55920,1,1
55921,9,9
55922,4,0
55923,2,3
55924,5,4
55925,5,4
55926,2,3
55927,5,4
55928,9,7
55929,6,8
55930,5,4
55931,0,1
55932,2,3
55933,8,2
55934,9,7
55935,8,2
55936,3,6
55937,2,3
55938,5,9
55939,0,1
55940,2,8
55941,2,3
55942,3,6
55943,3,6
55944,0,4
55945,9,7
55946,6,8
55947,2,3
55948,5,4
55949,9,9
55950,8,2
55951,3,6
55952,8,2
55953,7,5
55954,5,4
55955,0,1
55956,3,6
55957,5,9
55958,5,5
55959,6,8
55960,2,3
55961,1,1
55962,2,3
55963,1,1
55964,5,4
55965,7,5
55966,2,3
55967,4,0
55968,6,8
55969,8,2
55970,5,9
55971,9,7
55972,8,2
55973,6,8
55974,1,3
55975,3,6
55976,5,4
55977,3,6
55978,5,9
55979,6,8
55980,2,5
55981,5,4
55982,8,2
55983,5,4
55984,3,6
55985,8,2
55986,4,0
55987,8,2
55988,1,1
55989,6,8
55990,5,4
55991,4,0
55992,5,9
55993,4,0
55994,3,6
55995,0,1
55996,8,2
55997,8,2
55998,2,3
55999,2,3
56000,0,1
56001,6,8
56002,7,5
56003,9,9
56004,5,8
56005,4,0
56006,1,3
56007,0,1
56008,2,3
56009,8,2
56010,0,1
56011,5,4
56012,2,3
56013,7,5
56014,8,5
56015,3,6
56016,1,1
56017,9,7
56018,5,9
56019,6,8
56020,1,1
56021,9,9
56022,3,6
56023,4,0
56024,7,5
56025,0,1
56026,6,8
56027,8,2
56028,9,7
56029,2,3
56030,9,7
56031,5,4
56032,2,5
56033,7,5
56034,9,7
56035,3,6
56036,2,5
56037,9,7
56038,7,5
56039,6,8
56040,8,2
56041,9,9
56042,9,7
56043,2,3
56044,3,6
56045,7,5
56046,1,1
56047,2,3
56048,1,1
56049,8,2
56050,4,0
56051,9,9
56052,9,7
56053,2,3
56054,5,5
56055,8,2
56056,6,8
56057,0,1
56058,9,7
56059,0,4
56060,5,4
56061,7,5
56062,5,9
56063,7,5
56064,5,7
56065,8,2
56066,1,7
56067,2,3
56068,6,8
56069,8,2
56070,1,8
56071,1,1
56072,5,4
56073,2,3
56074,9,7
56075,5,9
56076,1,7
56077,9,7
56078,5,9
56079,8,2
56080,5,4
56081,0,1
56082,1,8
56083,8,2
56084,5,4
56085,6,8
56086,9,7
56087,9,9
56088,8,2
56089,0,1
56090,5,9
56091,6,8
56092,5,9
56093,6,8
56094,5,4
56095,9,7
56096,9,7
56097,6,8
56098,4,6
56099,0,1
56100,8,2
56101,4,0
56102,5,9
56103,4,0
56104,8,2
56105,3,6
56106,5,4
56107,9,7
56108,2,5
56109,9,7
56110,1,1
56111,9,7
56112,9,7
56113,7,5
56114,1,1
56115,3,6
56116,7,5
56117,0,1
56118,9,9
56119,7,5
56120,8,2
56121,9,7
56122,5,4
56123,0,1
56124,4,0
56125,8,2
56126,6,8
56127,7,5
56128,4,5
56129,4,0
56130,3,6
56131,9,7
56132,9,7
56133,9,9
56134,1,3
56135,9,9
56136,2,3
56137,4,0
56138,1,1
56139,2,3
56140,4,0
56141,6,8
56142,5,4
56143,5,4
56144,3,6
56145,0,8
56146,5,4
56147,5,4
56148,3,6
56149,0,1
56150,5,4
56151,6,8
56152,9,9
56153,3,6
56154,8,2
56155,7,5
56156,5,9
56157,9,9
56158,4,0
56159,4,0
56160,9,7
56161,4,0
56162,7,6
56163,4,0
56164,2,3
56165,2,3
56166,9,9
56167,9,7
56168,8,2
56169,0,1
56170,2,8
56171,3,6
56172,7,6
56173,0,4
56174,4,0
56175,8,2
56176,4,0
56177,3,6
56178,5,9
56179,3,6
56180,1,8
56181,4,0
56182,3,6
56183,0,4
56184,5,4
56185,7,5
56186,3,6
56187,5,4
56188,1,2
56189,0,1
56190,5,4
56191,2,3
56192,1,1
56193,6,8
56194,6,8
56195,3,6
56196,9,7
56197,2,3
56198,2,3
56199,9,9
56200,7,5
56201,9,9
56202,7,5
56203,7,5
56204,2,3
56205,9,9
56206,7,5
56207,2,3
56208,1,1
56209,9,7
56210,3,6
56211,3,6
56212,5,9
56213,4,2
56214,7,5
56215,8,2
56216,5,9
56217,4,0
56218,9,7
56219,4,0
56220,5,7
56221,1,1
56222,0,2
56223,8,2
56224,2,5
56225,2,3
56226,1,1
56227,5,4
56228,2,3
56229,7,5
56230,5,9
56231,3,6
56232,3,6
56233,9,7
56234,2,3
56235,6,8
56236,4,0
56237,5,9
56238,5,9
56239,4,0
56240,3,6
56241,1,1
56242,9,9
56243,8,2
56244,5,4
56245,2,3
56246,7,5
56247,5,4
56248,4,0
56249,2,5
56250,6,8
56251,3,6
56252,1,1
56253,9,7
56254,6,8
56255,6,8
56256,4,0
56257,5,9
56258,5,4
56259,4,0
56260,2,3
56261,1,1
56262,2,5
56263,1,2
56264,8,2
56265,2,3
56266,9,7
56267,5,4
56268,5,4
56269,7,5
56270,5,9
56271,1,9
56272,9,7
56273,1,1
56274,9,7
56275,2,3
56276,5,4
56277,7,5
56278,0,1
56279,1,9
56280,5,4
56281,5,4
56282,8,2
56283,1,1
56284,6,8
56285,9,7
56286,5,8
56287,9,7
56288,2,3
56289,8,2
56290,6,8
56291,1,1
56292,1,9
56293,5,4
56294,9,7
56295,6,8
56296,6,8
56297,2,3
56298,8,2
56299,6,8
56300,5,9
56301,8,2
56302,5,4
56303,1,9
56304,5,9
56305,2,3
56306,7,5
56307,6,8
56308,1,1
56309,7,5
56310,7,5
56311,5,4
56312,8,2
56313,6,8
56314,7,5
56315,6,8
56316,5,4
56317,5,9
56318,4,0
56319,5,4
56320,5,4
56321,2,3
56322,6,8
56323,5,9
56324,2,3
56325,8,2
56326,0,1
56327,7,5
56328,0,1
56329,9,7
56330,5,4
56331,5,4
56332,4,0
56333,1,1
56334,5,4
56335,8,2
56336,1,1
56337,2,3
56338,1,1
56339,7,5
56340,8,2
56341,5,9
56342,3,6
56343,1,1
56344,2,5
56345,3,6
56346,9,7
56347,3,0
56348,5,9
56349,1,1
56350,5,4
56351,4,0
56352,4,0
56353,4,0
56354,9,7
56355,8,2
56356,9,7
56357,6,8
56358,3,6
56359,9,7
56360,7,5
56361,8,2
56362,4,0
56363,7,5
56364,5,4
56365,1,1
56366,5,5
56367,1,1
56368,7,5
56369,6,8
56370,7,5
56371,7,5
56372,8,2
56373,3,6
56374,1,1
56375,5,4
56376,5,4
56377,4,0
56378,6,8
56379,1,4
56380,5,4
56381,9,7
56382,9,7
56383,2,3
56384,1,1
56385,3,6
56386,6,8
56387,6,8
56388,4,0
56389,4,0
56390,9,7
56391,6,3
56392,9,7
56393,9,7
56394,8,2
56395,5,4
56396,6,8
56397,4,0
56398,2,3
56399,3,6
56400,5,4
56401,5,9
56402,6,8
56403,8,2
56404,4,0
56405,3,6
56406,5,4
56407,7,5
56408,5,9
56409,6,8
56410,9,7
56411,3,6
56412,1,8
56413,5,9
56414,5,9
56415,4,0
56416,9,7
56417,5,4
56418,9,7
56419,4,0
56420,2,3
56421,3,6
56422,5,4
56423,1,1
56424,4,0
56425,5,9
56426,9,7
56427,3,2
56428,6,8
56429,4,0
56430,6,8
56431,5,9
56432,9,7
56433,7,5
56434,2,3
56435,1,1
56436,4,0
56437,2,3
56438,9,7
56439,9,7
56440,5,4
56441,3,6
56442,5,9
56443,5,9
56444,4,0
56445,5,4
56446,3,6
56447,6,8
56448,2,3
56449,2,3
56450,4,0
56451,5,7
56452,0,4
56453,9,7
56454,4,0
56455,3,6
56456,1,1
56457,9,3
56458,5,9
56459,4,0
56460,4,0
56461,7,5
56462,9,7
56463,3,6
56464,2,9
56465,8,2
56466,5,9
56467,8,2
56468,7,5
56469,4,0
56470,1,1
56471,1,1
56472,5,7
56473,8,2
56474,2,3
56475,2,3
56476,2,5
56477,5,4
56478,5,9
56479,2,5
56480,2,9
56481,3,6
56482,9,7
56483,9,7
56484,5,4
56485,6,8
56486,5,9
56487,5,9
56488,2,3
56489,4,0
56490,1,1
56491,1,1
56492,2,3
56493,8,2
56494,0,9
56495,2,3
56496,5,4
56497,5,4
56498,8,2
56499,2,5
56500,9,7
56501,3,6
56502,6,8
56503,5,7
56504,2,3
56505,6,8
56506,1,1
56507,5,9
56508,8,2
56509,4,0
56510,9,7
56511,1,1
56512,4,0
56513,8,2
56514,4,2
56515,2,3
56516,5,4
56517,2,5
56518,9,7
56519,3,6
56520,3,6
56521,9,7
56522,4,0
56523,6,8
56524,2,3
56525,6,8
56526,3,6
56527,5,9
56528,2,3
56529,2,5
56530,4,0
56531,5,7
56532,5,4
56533,4,0
56534,9,7
56535,2,3
56536,6,8
56537,1,1
56538,1,1
56539,5,4
56540,8,2
56541,1,1
56542,9,7
56543,9,7
56544,6,8
56545,3,6
56546,9,7
56547,2,5
56548,3,6
56549,3,6
56550,5,4
56551,5,4
56552,3,6
56553,8,2
56554,7,5
56555,9,7
56556,4,0
56557,6,8
56558,8,2
56559,1,1
56560,6,8
56561,2,3
56562,3,6
56563,5,4
56564,5,4
56565,2,3
56566,7,5
56567,9,7
56568,3,6
56569,8,2
56570,4,0
56571,7,5
56572,0,1
56573,4,0
56574,2,3
56575,1,1
56576,1,1
56577,5,9
56578,2,3
56579,8,2
56580,9,9
56581,2,3
56582,3,6
56583,8,2
56584,1,1
56585,2,3
56586,7,5
56587,7,5
56588,9,7
56589,2,5
56590,1,2
56591,9,7
56592,3,6
56593,6,8
56594,6,8
56595,5,4
56596,5,4
56597,5,9
56598,8,2
56599,5,9
56600,0,8
56601,5,7
56602,1,1
56603,1,1
56604,9,7
56605,1,1
56606,4,0
56607,5,9
56608,4,0
56609,4,0
56610,1,1
56611,9,7
56612,2,2
56613,6,8
56614,4,2
56615,2,3
56616,2,3
56617,6,8
56618,5,9
56619,3,6
56620,5,4
56621,2,3
56622,5,9
56623,6,8
56624,2,3
56625,4,0
56626,4,0
56627,5,9
56628,6,8
56629,3,6
56630,7,5
56631,8,2
56632,3,6
56633,1,1
56634,5,9
56635,4,0
56636,2,8
56637,1,1
56638,9,7
56639,4,0
56640,9,7
56641,3,6
56642,5,4
56643,9,2
56644,1,1
56645,2,3
56646,0,4
56647,6,8
56648,5,4
56649,5,9
56650,9,7
56651,4,0
56652,9,7
56653,9,7
56654,2,3
56655,9,2
56656,1,1
56657,2,3
56658,7,5
56659,5,4
56660,1,1
56661,7,5
56662,4,0
56663,2,5
56664,1,2
56665,8,2
56666,7,5
56667,2,8
56668,1,1
56669,2,5
56670,9,7
56671,5,4
56672,1,8
56673,3,6
56674,4,0
56675,3,6
56676,5,4
56677,3,6
56678,3,6
56679,9,7
56680,9,7
56681,5,9
56682,6,2
56683,1,1
56684,5,9
56685,6,8
56686,4,0
56687,8,2
56688,1,1
56689,1,1
56690,5,9
56691,8,2
56692,3,6
56693,3,6
56694,5,7
56695,2,5
56696,1,1
56697,2,3
56698,5,4
56699,5,4
56700,5,4
56701,9,7
56702,5,9
56703,5,9
56704,4,0
56705,5,4
56706,3,6
56707,4,0
56708,5,9
56709,4,0
56710,6,8
56711,7,5
56712,7,5
56713,5,9
56714,1,1
56715,4,0
56716,6,8
56717,1,1
56718,3,6
56719,8,2
56720,7,5
56721,2,3
56722,9,7
56723,5,4
56724,4,0
56725,7,5
56726,5,9
56727,3,6
56728,1,1
56729,9,7
56730,2,3
56731,6,8
56732,7,5
56733,5,9
56734,1,1
56735,4,0
56736,3,6
56737,1,1
56738,2,3
56739,1,2
56740,5,4
56741,2,3
56742,5,9
56743,5,4
56744,1,1
56745,7,5
56746,3,6
56747,3,6
56748,7,5
56749,9,7
56750,0,1
56751,6,8
56752,8,2
56753,5,9
56754,2,3
56755,4,0
56756,9,7
56757,1,1
56758,5,4
56759,8,2
56760,5,9
56761,2,3
56762,8,2
56763,5,4
56764,1,1
56765,7,5
56766,4,0
56767,3,6
56768,1,1
56769,9,7
56770,5,4
56771,6,8
56772,1,1
56773,9,9
56774,5,9
56775,4,0
56776,2,3
56777,4,0
56778,4,0
56779,1,1
56780,9,7
56781,4,0
56782,7,5
56783,1,1
56784,5,4
56785,8,2
56786,7,5
56787,9,7
56788,5,9
56789,7,5
56790,7,6
56791,2,3
56792,5,9
56793,5,4
56794,9,7
56795,8,2
56796,3,6
56797,5,4
56798,9,7
56799,5,4
56800,2,9
56801,4,0
56802,5,4
56803,4,0
56804,4,5
56805,3,6
56806,9,7
56807,5,9
56808,5,4
56809,3,6
56810,0,1
56811,3,6
56812,2,5
56813,7,5
56814,9,7
56815,9,7
56816,9,7
56817,2,3
56818,5,4
56819,8,2
56820,2,3
56821,8,2
56822,9,7
56823,2,3
56824,8,2
56825,5,4
56826,5,4
56827,5,4
56828,5,7
56829,5,9
56830,3,6
56831,1,1
56832,9,7
56833,5,4
56834,1,1
56835,4,0
56836,1,1
56837,9,7
56838,2,5
56839,5,9
56840,3,6
56841,9,7
56842,5,8
56843,7,5
56844,9,7
56845,3,6
56846,9,7
56847,8,2
56848,8,2
56849,2,3
56850,9,7
56851,1,1
56852,2,5
56853,5,4
56854,3,6
56855,5,4
56856,5,4
56857,4,0
56858,6,8
56859,5,9
56860,7,5
56861,5,9
56862,3,6
56863,3,6
56864,1,2
56865,1,1
56866,7,8
56867,6,8
56868,4,0
56869,2,3
56870,1,1
56871,2,3
56872,6,8
56873,9,7
56874,9,8
56875,2,3
56876,8,2
56877,5,9
56878,6,6
56879,6,8
56880,9,7
56881,6,8
56882,0,1
56883,5,9
56884,5,9
56885,3,6
56886,5,4
56887,6,8
56888,9,7
56889,6,8
56890,2,5
56891,6,8
56892,9,7
56893,5,4
56894,6,8
56895,9,7
56896,5,9
56897,9,7
56898,7,5
56899,3,6
56900,9,7
56901,8,2
56902,1,1
56903,1,1
56904,3,6
56905,5,9
56906,5,9
56907,6,8
56908,4,0
56909,9,7
56910,1,1
56911,6,8
56912,1,1
56913,6,8
56914,5,0
56915,9,7
56916,3,6
56917,8,2
56918,3,6
56919,8,2
56920,9,7
56921,2,3
56922,8,2
56923,5,9
56924,9,7
56925,2,3
56926,8,2
56927,2,3
56928,7,5
56929,4,0
56930,5,9
56931,9,7
56932,9,7
56933,5,9
56934,2,3
56935,7,5
56936,3,6
56937,3,6
56938,2,5
56939,9,5
56940,4,0
56941,4,0
56942,4,0
56943,3,6
56944,5,9
56945,1,1
56946,5,4
56947,7,5
56948,5,9
56949,4,0
56950,4,0
56951,5,4
56952,6,8
56953,1,1
56954,4,0
56955,1,1
56956,6,8
56957,8,2
56958,5,4
56959,6,8
56960,1,1
56961,8,2
56962,3,5
56963,3,6
56964,3,6
56965,1,1
56966,2,3
56967,7,5
56968,4,0
56969,4,0
56970,5,4
56971,0,1
56972,3,6
56973,8,2
56974,2,3
56975,2,3
56976,7,8
56977,5,4
56978,6,8
56979,7,5
56980,1,1
56981,3,6
56982,7,5
56983,9,7
56984,4,0
56985,6,8
56986,1,1
56987,9,9
56988,7,6
56989,4,0
56990,7,5
56991,0,1
56992,9,7
56993,8,2
56994,2,3
56995,2,3
56996,5,9
56997,5,4
56998,8,2
56999,2,5
57000,4,0
57001,6,8
57002,5,4
57003,4,0
57004,5,3
57005,0,1
57006,5,9
57007,8,2
57008,5,9
57009,2,3
57010,3,6
57011,5,4
57012,3,6
57013,7,5
57014,1,1
57015,7,6
57016,2,3
57017,9,7
57018,9,9
57019,6,8
57020,4,0
57021,1,8
57022,1,1
57023,3,6
57024,5,9
57025,7,5
57026,5,4
57027,4,0
57028,2,5
57029,3,6
57030,6,8
57031,6,8
57032,9,7
57033,9,9
57034,4,0
57035,5,4
57036,7,6
57037,0,1
57038,6,8
57039,9,9
57040,2,3
57041,4,0
57042,6,8
57043,5,4
57044,9,7
57045,6,8
57046,1,1
57047,9,9
57048,5,7
57049,0,1
57050,5,9
57051,5,4
57052,5,9
57053,4,0
57054,1,8
57055,0,5
57056,2,3
57057,1,1
57058,0,1
57059,5,4
57060,6,8
57061,4,0
57062,6,8
57063,9,7
57064,4,0
57065,3,6
57066,5,7
57067,4,0
57068,4,0
57069,0,1
57070,2,8
57071,9,7
57072,5,9
57073,4,0
57074,9,7
57075,3,6
57076,1,4
57077,6,8
57078,0,7
57079,9,9
57080,6,8
57081,7,5
57082,5,4
57083,9,7
57084,1,8
57085,9,9
57086,8,2
57087,0,8
57088,2,5
57089,3,6
57090,6,8
57091,4,0
57092,4,0
57093,0,8
57094,1,1
57095,0,1
57096,8,2
57097,9,7
57098,9,7
57099,9,7
57100,5,9
57101,0,1
57102,5,4
57103,2,3
57104,8,2
57105,8,2
57106,7,5
57107,2,3
57108,6,8
57109,0,1
57110,9,7
57111,5,4
57112,8,2
57113,8,2
57114,5,4
57115,4,0
57116,6,8
57117,4,0
57118,6,8
57119,9,7
57120,4,0
57121,6,8
57122,3,6
57123,5,4
57124,2,5
57125,3,6
57126,5,4
57127,5,4
57128,7,5
57129,5,9
57130,8,2
57131,2,3
57132,7,5
57133,6,8
57134,9,7
57135,5,4
57136,7,5
57137,9,7
57138,3,6
57139,8,2
57140,3,6
57141,2,3
57142,8,2
57143,3,6
57144,5,4
57145,9,9
57146,5,4
57147,3,6
57148,5,9
57149,2,3
57150,9,7
57151,8,2
57152,5,9
57153,8,2
57154,4,0
57155,5,4
57156,2,5
57157,3,6
57158,3,6
57159,5,9
57160,1,1
57161,4,0
57162,4,0
57163,8,2
57164,6,8
57165,7,5
57166,2,3
57167,7,5
57168,7,5
57169,0,1
57170,1,1
57171,2,3
57172,2,3
57173,2,3
57174,6,8
57175,9,9
57176,4,0
57177,9,7
57178,9,7
57179,6,8
57180,7,5
57181,9,7
57182,7,5
57183,8,2
57184,5,4
57185,8,2
57186,4,0
57187,9,9
57188,1,7
57189,6,8
57190,1,1
57191,8,2
57192,1,1
57193,0,1
57194,2,3
57195,2,3
57196,9,7
57197,0,1
57198,3,6
57199,2,3
57200,6,8
57201,4,0
57202,4,0
57203,0,1
57204,9,7
57205,8,2
57206,9,9
57207,2,3
57208,5,4
57209,5,4
57210,2,8
57211,7,5
57212,6,8
57213,3,6
57214,4,0
57215,5,7
57216,6,8
57217,6,8
57218,3,6
57219,5,9
57220,0,1
57221,4,0
57222,1,1
57223,0,1
57224,5,4
57225,8,2
57226,4,6
57227,2,3
57228,5,4
57229,5,4
57230,9,7
57231,7,5
57232,2,5
57233,3,6
57234,7,5
57235,9,7
57236,5,9
57237,6,8
57238,6,8
57239,9,9
57240,4,5
57241,4,0
57242,2,5
57243,0,1
57244,1,8
57245,8,2
57246,5,9
57247,2,3
57248,2,5
57249,5,4
57250,1,1
57251,7,5
57252,4,0
57253,3,6
57254,3,6
57255,9,7
57256,3,5
57257,6,8
57258,9,9
57259,9,9
57260,3,6
57261,4,0
57262,2,2
57263,6,8
57264,2,3
57265,2,3
57266,0,1
57267,9,9
57268,1,1
57269,7,5
57270,1,2
57271,7,5
57272,1,1
57273,8,2
57274,5,9
57275,3,6
57276,2,8
57277,6,8
57278,2,3
57279,5,4
57280,5,7
57281,9,9
57282,9,7
57283,0,1
57284,8,2
57285,9,7
57286,9,7
57287,0,1
57288,4,0
57289,8,2
57290,5,9
57291,2,3
57292,9,7
57293,7,5
57294,9,9
57295,5,9
57296,4,0
57297,3,6
57298,4,0
57299,9,9
57300,2,3
57301,0,1
57302,3,5
57303,0,1
57304,6,8
57305,0,1
57306,2,3
57307,8,2
57308,2,3
57309,5,9
57310,1,1
57311,7,5
57312,2,3
57313,3,6
57314,3,6
57315,6,8
57316,6,8
57317,0,1
57318,6,8
57319,8,2
57320,7,5
57321,4,0
57322,1,1
57323,9,7
57324,2,8
57325,9,7
57326,4,0
57327,7,5
57328,5,4
57329,6,8
57330,2,5
57331,8,2
57332,6,8
57333,9,9
57334,5,7
57335,7,8
57336,2,3
57337,9,7
57338,6,2
57339,1,1
57340,1,1
57341,2,3
57342,8,2
57343,5,4
57344,9,7
57345,7,5
57346,3,6
57347,3,6
57348,6,8
57349,4,0
57350,9,7
57351,2,3
57352,6,8
57353,3,6
57354,5,4
57355,6,8
57356,4,0
57357,9,7
57358,8,2
57359,4,0
57360,3,6
57361,5,4
57362,1,1
57363,8,2
57364,4,0
57365,9,7
57366,8,2
57367,9,7
57368,5,4
57369,7,5
57370,5,4
57371,5,4
57372,9,7
57373,2,3
57374,5,9
57375,5,4
57376,9,7
57377,8,2
57378,1,1
57379,6,8
57380,5,7
57381,0,1
57382,5,4
57383,7,5
57384,4,0
57385,0,1
57386,9,7
57387,8,2
57388,8,2
57389,5,4
57390,4,0
57391,2,3
57392,2,8
57393,4,0
57394,8,2
57395,4,0
57396,2,3
57397,4,0
57398,1,2
57399,2,3
57400,1,1
57401,2,3
57402,2,3
57403,7,5
57404,2,8
57405,9,7
57406,5,9
57407,4,0
57408,4,0
57409,3,6
57410,1,1
57411,6,8
57412,1,1
57413,3,6
57414,9,7
57415,2,3
57416,8,2
57417,5,4
57418,1,1
57419,3,6
57420,4,0
57421,9,9
57422,5,4
57423,9,9
57424,2,3
57425,6,8
57426,2,3
57427,8,2
57428,9,9
57429,9,7
57430,1,1
57431,9,7
57432,5,9
57433,0,1
57434,2,8
57435,4,0
57436,1,1
57437,0,1
57438,3,6
57439,8,2
57440,1,1
57441,7,3
57442,8,2
57443,5,4
57444,5,9
57445,9,7
57446,8,2
57447,6,8
57448,8,2
57449,9,9
57450,5,8
57451,4,0
57452,1,9
57453,0,1
57454,1,1
57455,8,2
57456,3,6
57457,2,3
57458,9,7
57459,5,4
57460,1,1
57461,7,5
57462,7,5
57463,3,6
57464,1,1
57465,9,7
57466,5,4
57467,6,8
57468,2,3
57469,9,9
57470,2,5
57471,4,0
57472,2,3
57473,0,1
57474,2,3
57475,8,2
57476,9,9
57477,7,3
57478,8,2
57479,9,7
57480,7,5
57481,6,8
57482,5,4
57483,5,9
57484,6,8
57485,9,7
57486,2,0
57487,5,9
57488,2,3
57489,7,5
57490,3,6
57491,4,0
57492,2,3
57493,6,8
57494,4,0
57495,2,3
57496,8,2
57497,7,5
57498,3,6
57499,5,4
57500,8,2
57501,6,8
57502,9,7
57503,1,2
57504,9,7
57505,0,1
57506,8,2
57507,7,0
57508,3,6
57509,8,2
57510,7,5
57511,7,5
57512,9,7
57513,6,8
57514,3,6
57515,6,8
57516,1,1
57517,0,1
57518,3,6
57519,3,6
57520,8,2
57521,0,1
57522,2,3
57523,0,3
57524,5,4
57525,4,0
57526,9,7
57527,0,3
57528,7,5
57529,3,6
57530,5,4
57531,9,9
57532,6,8
57533,2,3
57534,9,7
57535,9,7
57536,4,0
57537,5,4
57538,5,4
57539,9,9
57540,8,7
57541,9,7
57542,4,0
57543,4,0
57544,5,4
57545,9,9
57546,9,7
57547,9,7
57548,5,4
57549,9,7
57550,9,7
57551,9,9
57552,1,1
57553,7,5
57554,3,6
57555,9,7
57556,9,7
57557,3,6
57558,4,0
57559,5,4
57560,5,7
57561,6,8
57562,2,8
57563,5,9
57564,9,7
57565,3,6
57566,7,5
57567,9,9
57568,2,3
57569,5,4
57570,9,7
57571,0,1
57572,9,7
57573,8,2
57574,8,2
57575,7,0
57576,9,7
57577,3,6
57578,3,6
57579,0,1
57580,1,8
57581,9,7
57582,5,4
57583,8,2
57584,2,3
57585,0,4
57586,4,0
57587,3,6
57588,8,2
57589,5,4
57590,5,9
57591,3,6
57592,8,2
57593,7,5
57594,2,3
57595,4,0
57596,6,8
57597,8,2
57598,2,3
57599,0,1
57600,9,7
57601,4,0
57602,6,8
57603,0,1
57604,8,2
57605,8,2
57606,8,2
57607,0,1
57608,2,3
57609,9,7
57610,7,5
57611,6,8
57612,2,3
57613,0,1
57614,1,1
57615,8,2
57616,6,8
57617,6,8
57618,6,8
57619,8,2
57620,8,2
57621,9,7
57622,3,6
57623,9,9
57624,6,2
57625,2,3
57626,8,2
57627,9,9
57628,9,2
57629,4,0
57630,5,4
57631,1,1
57632,8,2
57633,8,2
57634,4,0
57635,2,3
57636,5,9
57637,5,4
57638,5,9
57639,7,5
57640,6,8
57641,3,6
57642,4,0
57643,9,7
57644,1,1
57645,4,0
57646,9,7
57647,0,1
57648,2,8
57649,8,2
57650,4,0
57651,2,3
57652,9,7
57653,9,7
57654,8,2
57655,6,8
57656,3,6
57657,9,9
57658,8,2
57659,4,0
57660,2,3
57661,0,1
57662,3,5
57663,9,7
57664,6,8
57665,6,8
57666,6,8
57667,9,9
57668,6,8
57669,8,2
57670,5,9
57671,7,5
57672,4,7
57673,0,1
57674,9,9
57675,3,6
57676,9,7
57677,5,4
57678,6,8
57679,2,3
57680,2,3
57681,5,9
57682,4,0
57683,2,9
57684,1,1
57685,4,0
57686,4,0
57687,0,4
57688,5,9
57689,2,3
57690,5,4
57691,3,6
57692,9,7
57693,4,0
57694,8,2
57695,4,0
57696,6,8
57697,6,8
57698,2,3
57699,5,9
57700,4,0
57701,6,8
57702,5,7
57703,9,7
57704,5,4
57705,4,0
57706,5,4
57707,4,0
57708,5,4
57709,5,4
57710,7,5
57711,1,1
57712,5,4
57713,5,4
57714,1,1
57715,0,1
57716,8,2
57717,2,3
57718,1,7
57719,3,6
57720,4,0
57721,5,4
57722,1,1
57723,9,7
57724,5,4
57725,5,7
57726,1,2
57727,4,0
57728,2,9
57729,9,9
57730,3,0
57731,6,8
57732,2,9
57733,5,4
57734,2,3
57735,2,3
57736,6,8
57737,6,8
57738,1,1
57739,2,3
57740,1,1
57741,6,8
57742,3,6
57743,7,5
57744,5,9
57745,6,8
57746,4,0
57747,0,4
57748,9,7
57749,0,1
57750,2,3
57751,0,7
57752,8,2
57753,9,9
57754,3,6
57755,1,2
57756,3,6
57757,4,0
57758,3,6
57759,9,9
57760,4,0
57761,0,1
57762,2,3
57763,5,7
57764,3,6
57765,2,3
57766,2,3
57767,6,8
57768,4,5
57769,4,0
57770,7,6
57771,2,3
57772,6,8
57773,0,8
57774,9,7
57775,0,1
57776,5,9
57777,3,6
57778,1,1
57779,5,4
57780,1,1
57781,2,3
57782,9,9
57783,3,6
57784,4,0
57785,0,1
57786,5,9
57787,7,5
57788,2,3
57789,7,5
57790,8,2
57791,3,6
57792,9,7
57793,2,5
57794,5,9
57795,4,0
57796,5,9
57797,1,1
57798,4,0
57799,8,2
57800,6,8
57801,2,3
57802,3,6
57803,5,4
57804,2,3
57805,2,5
57806,2,3
57807,3,6
57808,8,2
57809,9,7
57810,4,0
57811,4,0
57812,7,5
57813,1,1
57814,2,5
57815,8,2
57816,1,1
57817,2,3
57818,7,5
57819,5,4
57820,2,3
57821,2,5
57822,4,0
57823,3,6
57824,2,5
57825,9,7
57826,6,8
57827,4,0
57828,9,7
57829,1,1
57830,1,1
57831,8,2
57832,6,8
57833,2,3
57834,1,1
57835,5,4
57836,9,7
57837,2,5
57838,8,2
57839,5,7
57840,5,4
57841,5,4
57842,3,6
57843,4,0
57844,5,4
57845,5,4
57846,3,6
57847,4,0
57848,7,5
57849,1,1
57850,3,6
57851,9,7
57852,7,5
57853,7,5
57854,5,9
57855,1,1
57856,2,3
57857,5,4
57858,9,7
57859,8,2
57860,3,6
57861,5,4
57862,5,4
57863,2,3
57864,2,3
57865,1,1
57866,9,7
57867,9,7
57868,2,3
57869,6,8
57870,6,8
57871,8,2
57872,2,3
57873,5,4
57874,5,9
57875,5,4
57876,8,2
57877,2,3
57878,8,2
57879,2,3
57880,5,9
57881,3,6
57882,4,0
57883,3,6
57884,9,7
57885,9,7
57886,2,3
57887,4,0
57888,1,1
57889,8,2
57890,8,2
57891,3,6
57892,5,4
57893,2,3
57894,9,2
57895,5,9
57896,5,9
57897,2,3
57898,6,8
57899,8,2
57900,2,5
57901,2,8
57902,3,5
57903,1,1
57904,8,2
57905,5,7
57906,0,1
57907,4,0
57908,8,2
57909,2,3
57910,8,2
57911,8,2
57912,4,0
57913,5,9
57914,2,3
57915,5,4
57916,4,0
57917,4,0
57918,6,8
57919,2,3
57920,2,3
57921,9,7
57922,6,8
57923,5,7
57924,4,0
57925,5,7
57926,7,5
57927,9,7
57928,8,2
57929,1,1
57930,8,2
57931,1,1
57932,2,3
57933,8,2
57934,5,4
57935,3,6
57936,8,2
57937,5,4
57938,5,4
57939,8,2
57940,5,4
57941,2,3
57942,2,5
57943,3,6
57944,7,5
57945,3,6
57946,5,4
57947,2,5
57948,1,1
57949,9,7
57950,5,4
57951,2,5
57952,2,3
57953,4,2
57954,1,6
57955,6,8
57956,0,2
57957,1,1
57958,9,7
57959,3,6
57960,1,1
57961,1,1
57962,4,0
57963,4,0
57964,8,2
57965,5,4
57966,8,2
57967,2,3
57968,1,1
57969,1,1
57970,9,7
57971,3,6
57972,5,4
57973,1,1
57974,2,3
57975,5,9
57976,6,2
57977,4,0
57978,9,7
57979,0,1
57980,9,7
57981,8,2
57982,2,5
57983,2,3
57984,6,8
57985,5,4
57986,9,9
57987,2,5
57988,6,8
57989,3,6
57990,2,3
57991,9,7
57992,8,2
57993,6,8
57994,3,6
57995,4,0
57996,9,7
57997,0,1
57998,1,1
57999,8,2
58000,8,2
58001,2,3
58002,4,0
58003,5,4
58004,5,9
58005,7,5
58006,5,9
58007,3,6
58008,1,1
58009,9,7
58010,3,6
58011,6,8
58012,4,0
58013,9,9
58014,4,0
58015,4,0
58016,3,6
58017,0,1
58018,5,4
58019,8,2
58020,6,8
58021,2,3
58022,1,1
58023,5,4
58024,6,8
58025,7,5
58026,6,2
58027,3,6
58028,6,8
58029,9,7
58030,8,2
58031,6,8
58032,8,2
58033,0,1
58034,5,9
58035,4,0
58036,4,0
58037,5,4
58038,4,0
58039,7,5
58040,7,5
58041,3,6
58042,9,7
58043,3,6
58044,8,2
58045,2,3
58046,6,8
58047,5,4
58048,2,3
58049,5,4
58050,3,6
58051,1,1
58052,1,1
58053,4,0
58054,5,9
58055,3,6
58056,1,1
58057,5,4
58058,6,8
58059,9,9
58060,8,2
58061,9,7
58062,4,0
58063,8,2
58064,2,3
58065,2,3
58066,5,4
58067,2,3
58068,8,2
58069,9,9
58070,2,8
58071,8,2
58072,1,1
58073,4,0
58074,4,0
58075,9,9
58076,5,9
58077,2,3
58078,9,7
58079,2,3
58080,2,3
58081,9,9
58082,1,1
58083,0,1
58084,2,3
58085,7,5
58086,2,3
58087,8,2
58088,5,9
58089,2,3
58090,9,7
58091,1,1
58092,9,7
58093,3,6
58094,1,7
58095,9,7
58096,5,9
58097,2,3
58098,8,2
58099,9,7
58100,6,8
58101,0,4
58102,4,0
58103,8,2
58104,8,2
58105,1,4
58106,9,7
58107,6,8
58108,4,0
58109,9,7
58110,4,0
58111,3,6
58112,9,9
58113,2,3
58114,8,2
58115,3,6
58116,4,0
58117,2,5
58118,9,7
58119,7,5
58120,0,1
58121,4,0
58122,6,8
58123,0,1
58124,3,6
58125,9,7
58126,8,2
58127,9,9
58128,9,7
58129,0,9
58130,7,5
58131,0,8
58132,9,9
58133,3,6
58134,7,5
58135,8,2
58136,3,6
58137,8,2
58138,6,8
58139,0,1
58140,9,7
58141,7,5
58142,7,5
58143,9,7
58144,2,3
58145,7,5
58146,4,0
58147,0,1
58148,0,1
58149,2,3
58150,6,8
58151,5,4
58152,9,9
58153,5,4
58154,0,5
58155,0,1
58156,6,8
58157,3,6
58158,6,8
58159,0,9
58160,4,0
58161,1,1
58162,8,2
58163,2,3
58164,5,4
58165,7,5
58166,3,6
58167,9,7
58168,6,8
58169,5,9
58170,4,0
58171,1,1
58172,8,2
58173,2,3
58174,5,4
58175,7,5
58176,3,6
58177,9,7
58178,6,8
58179,5,9
58180,4,0
58181,1,1
58182,8,2
58183,2,3
58184,5,4
58185,9,7
58186,0,8
58187,9,9
58188,9,7
58189,1,1
58190,7,5
58191,3,6
58192,8,2
58193,7,5
58194,5,4
58195,6,8
58196,1,1
58197,9,7
58198,1,1
58199,6,8
58200,2,3
58201,6,8
58202,9,7
58203,1,1
58204,9,7
58205,9,7
58206,4,0
58207,1,1
58208,5,4
58209,5,4
58210,5,4
58211,5,4
58212,5,4
58213,5,9
58214,9,7
58215,8,2
58216,3,6
58217,7,5
58218,5,4
58219,2,3
58220,6,8
58221,9,7
58222,5,9
58223,4,0
58224,3,6
58225,5,4
58226,3,6
58227,2,3
58228,9,7
58229,4,0
58230,0,1
58231,5,4
58232,0,8
58233,6,8
58234,1,1
58235,8,2
58236,5,9
58237,2,3
58238,1,1
58239,6,8
58240,5,4
58241,8,2
58242,5,9
58243,5,9
58244,8,2
58245,5,9
58246,4,6
58247,4,0
58248,7,5
58249,2,3
58250,2,3
58251,3,6
58252,2,3
58253,1,1
58254,8,2
58255,7,5
58256,4,0
58257,2,3
58258,5,7
58259,4,6
58260,1,1
58261,4,5
58262,7,5
58263,5,9
58264,5,9
58265,4,0
58266,0,1
58267,8,2
58268,2,3
58269,5,4
58270,7,5
58271,3,6
58272,9,7
58273,6,8
58274,9,9
58275,4,0
58276,0,1
58277,8,2
58278,2,3
58279,5,4
58280,7,5
58281,3,6
58282,9,7
58283,6,8
58284,9,9
58285,4,0
58286,0,1
58287,8,2
58288,2,3
58289,5,4
58290,7,5
58291,3,6
58292,9,7
58293,6,8
58294,9,9
58295,3,6
58296,6,8
58297,8,2
58298,2,3
58299,9,7
58300,5,4
58301,3,6
58302,6,8
58303,3,6
58304,3,6
58305,6,8
58306,4,0
58307,0,1
58308,9,7
58309,0,1
58310,9,7
58311,2,3
58312,7,5
58313,4,0
58314,8,2
58315,8,2
58316,7,0
58317,8,2
58318,7,5
58319,5,4
58320,0,1
58321,7,5
58322,0,1
58323,8,2
58324,2,3
58325,5,4
58326,0,8
58327,2,3
58328,2,3
58329,3,6
58330,7,5
58331,0,9
58332,0,9
58333,2,3
58334,6,8
58335,0,1
58336,2,3
58337,9,7
58338,9,9
58339,2,3
58340,5,4
58341,0,1
58342,9,7
58343,2,3
58344,0,9
58345,3,6
58346,9,7
58347,5,4
58348,9,9
58349,9,7
58350,4,0
58351,9,9
58352,3,6
58353,4,0
58354,3,6
58355,0,1
58356,4,0
58357,7,5
58358,6,8
58359,7,5
58360,4,0
58361,0,1
58362,4,0
58363,9,9
58364,5,4
58365,7,5
58366,9,9
58367,0,7
58368,0,1
58369,9,9
58370,3,6
58371,6,8
58372,9,9
58373,8,2
58374,6,8
58375,7,5
58376,4,0
58377,1,1
58378,8,2
58379,2,3
58380,5,4
58381,7,5
58382,3,6
58383,9,7
58384,2,8
58385,5,9
58386,4,0
58387,1,1
58388,8,2
58389,2,3
58390,5,4
58391,7,5
58392,3,6
58393,9,7
58394,4,8
58395,5,9
58396,4,0
58397,0,1
58398,8,2
58399,2,3
58400,5,4
58401,5,9
58402,4,0
58403,7,5
58404,3,6
58405,6,8
58406,2,3
58407,5,9
58408,4,0
58409,8,2
58410,2,3
58411,2,3
58412,2,3
58413,2,9
58414,7,5
58415,3,6
58416,5,4
58417,5,4
58418,8,2
58419,7,5
58420,5,4
58421,2,3
58422,5,9
58423,3,6
58424,6,8
58425,9,7
58426,5,9
58427,1,1
58428,0,5
58429,8,2
58430,4,6
58431,2,3
58432,5,4
58433,5,4
58434,1,1
58435,4,6
58436,5,4
58437,5,9
58438,3,6
58439,7,5
58440,0,1
58441,8,2
58442,3,6
58443,3,6
58444,9,7
58445,6,8
58446,6,8
58447,1,1
58448,6,8
58449,2,3
58450,9,7
58451,1,1
58452,8,2
58453,9,7
58454,4,0
58455,9,7
58456,7,5
58457,4,0
58458,4,0
58459,0,1
58460,7,5
58461,4,0
58462,4,0
58463,5,4
58464,3,8
58465,2,3
58466,1,1
58467,2,8
58468,8,2
58469,5,9
58470,4,9
58471,0,5
58472,8,2
58473,3,6
58474,5,4
58475,2,8
58476,8,2
58477,7,5
58478,5,4
58479,1,1
58480,9,7
58481,1,1
58482,5,4
58483,2,3
58484,5,9
58485,9,7
58486,0,1
58487,8,2
58488,3,6
58489,4,0
58490,9,7
58491,2,3
58492,4,0
58493,1,1
58494,8,2
58495,2,3
58496,5,4
58497,9,7
58498,6,8
58499,9,9
58500,4,0
58501,1,1
58502,8,2
58503,2,3
58504,5,4
58505,7,5
58506,3,6
58507,9,7
58508,6,8
58509,5,9
58510,4,0
58511,1,1
58512,8,2
58513,2,3
58514,5,4
58515,7,5
58516,3,6
58517,9,7
58518,6,8
58519,5,9
58520,9,7
58521,4,0
58522,3,6
58523,4,0
58524,9,7
58525,2,3
58526,9,7
58527,2,3
58528,9,7
58529,5,9
58530,9,7
58531,5,4
58532,4,0
58533,8,2
58534,3,6
58535,7,5
58536,3,6
58537,7,5
58538,8,2
58539,5,9
58540,7,5
58541,2,3
58542,5,9
58543,5,8
58544,2,3
58545,5,4
58546,4,0
58547,7,5
58548,5,4
58549,3,6
58550,2,3
58551,5,4
58552,6,8
58553,4,0
58554,3,6
58555,5,4
58556,6,8
58557,1,1
58558,2,3
58559,5,4
58560,4,0
58561,1,1
58562,5,9
58563,8,2
58564,2,3
58565,9,7
58566,5,9
58567,0,1
58568,8,2
58569,7,5
58570,1,1
58571,9,7
58572,8,2
58573,6,8
58574,9,7
58575,4,0
58576,1,1
58577,5,9
58578,3,6
58579,5,4
58580,0,1
58581,8,2
58582,2,3
58583,9,7
58584,4,0
58585,8,2
58586,1,1
58587,2,3
58588,1,1
58589,9,7
58590,8,2
58591,1,1
58592,3,6
58593,6,8
58594,4,0
58595,6,8
58596,5,9
58597,1,1
58598,3,6
58599,1,0
58600,1,1
58601,8,2
58602,2,3
58603,5,4
58604,7,5
58605,3,6
58606,9,7
58607,6,8
58608,5,9
58609,4,0
58610,1,1
58611,8,2
58612,2,3
58613,5,4
58614,9,7
58615,6,8
58616,5,9
58617,4,0
58618,0,1
58619,8,2
58620,2,3
58621,5,4
58622,7,5
58623,3,6
58624,9,7
58625,6,8
58626,3,6
58627,5,4
58628,8,2
58629,3,6
58630,5,4
58631,9,7
58632,7,5
58633,7,5
58634,5,4
58635,9,7
58636,6,8
58637,5,9
58638,8,2
58639,9,9
58640,2,3
58641,5,9
58642,2,3
58643,6,8
58644,8,2
58645,4,0
58646,7,5
58647,4,0
58648,1,7
58649,1,0
58650,5,4
58651,1,2
58652,3,6
58653,7,5
58654,2,3
58655,7,5
58656,2,3
58657,6,8
58658,4,0
58659,4,0
58660,2,3
58661,5,4
58662,1,1
58663,7,5
58664,2,3
58665,4,0
58666,6,8
58667,2,3
58668,4,0
58669,3,6
58670,8,2
58671,9,7
58672,1,1
58673,1,1
58674,6,8
58675,1,1
58676,9,7
58677,1,1
58678,2,3
58679,6,8
58680,9,9
58681,9,7
58682,3,6
58683,9,7
58684,5,4
58685,1,1
58686,3,6
58687,9,7
58688,7,5
58689,1,1
58690,9,7
58691,1,1
58692,9,9
58693,6,8
58694,4,0
58695,3,6
58696,5,9
58697,5,4
58698,9,9
58699,9,9
58700,2,3
58701,9,7
58702,0,1
58703,9,9
58704,8,2
58705,8,2
58706,7,5
58707,2,3
58708,9,7
58709,6,8
58710,8,2
58711,2,3
58712,5,4
58713,7,5
58714,3,6
58715,9,7
58716,6,8
58717,9,9
58718,4,0
58719,1,1
58720,8,2
58721,2,3
58722,5,4
58723,7,5
58724,3,6
58725,9,7
58726,4,0
58727,0,1
58728,8,2
58729,2,3
58730,5,4
58731,7,5
58732,3,6
58733,9,7
58734,0,8
58735,9,9
58736,6,8
58737,1,1
58738,4,0
58739,7,5
58740,7,5
58741,1,1
58742,5,9
58743,4,0
58744,5,4
58745,0,1
58746,5,9
58747,2,3
58748,6,8
58749,5,4
58750,9,7
58751,9,7
58752,0,8
58753,7,5
58754,4,0
58755,3,6
58756,7,5
58757,7,5
58758,2,3
58759,2,3
58760,2,3
58761,9,9
58762,6,8
58763,1,1
58764,5,4
58765,4,0
58766,3,6
58767,0,1
58768,4,0
58769,4,0
58770,3,6
58771,8,2
58772,0,1
58773,0,1
58774,2,3
58775,8,2
58776,6,8
58777,0,8
58778,9,7
58779,6,8
58780,5,4
58781,3,6
58782,4,0
58783,8,2
58784,4,0
58785,2,3
58786,3,6
58787,0,8
58788,9,7
58789,0,1
58790,7,5
58791,9,9
58792,9,9
58793,2,3
58794,8,2
58795,5,4
58796,5,9
58797,5,4
58798,3,6
58799,7,5
58800,2,3
58801,8,2
58802,7,5
58803,7,5
58804,9,9
58805,0,4
58806,0,1
58807,3,6
58808,7,5
58809,4,0
58810,1,1
58811,8,2
58812,2,3
58813,5,4
58814,7,5
58815,3,6
58816,9,7
58817,8,8
58818,5,9
58819,4,0
58820,1,1
58821,8,2
58822,2,3
58823,5,4
58824,7,5
58825,3,6
58826,9,7
58827,6,8
58828,5,9
58829,4,0
58830,1,1
58831,8,2
58832,6,3
58833,5,4
58834,7,5
58835,3,6
58836,9,7
58837,6,8
58838,5,9
58839,3,6
58840,5,4
58841,8,2
58842,3,6
58843,5,4
58844,9,7
58845,2,5
58846,7,5
58847,5,4
58848,9,7
58849,6,8
58850,5,9
58851,8,2
58852,5,9
58853,2,3
58854,5,9
58855,2,3
58856,6,8
58857,8,2
58858,4,0
58859,5,9
58860,6,8
58861,4,0
58862,7,5
58863,3,6
58864,4,0
58865,1,1
58866,4,0
58867,5,4
58868,8,2
58869,3,6
58870,7,5
58871,5,5
58872,7,5
58873,5,4
58874,2,3
58875,5,4
58876,1,1
58877,3,5
58878,2,3
58879,4,0
58880,6,8
58881,2,3
58882,4,0
58883,3,6
58884,8,2
58885,9,7
58886,1,1
58887,1,1
58888,6,8
58889,1,1
58890,9,7
58891,1,1
58892,2,3
58893,6,8
58894,7,5
58895,5,4
58896,8,2
58897,4,0
58898,5,9
58899,9,7
58900,3,6
58901,9,7
58902,5,4
58903,0,1
58904,3,6
58905,6,8
58906,5,4
58907,9,7
58908,7,5
58909,1,1
58910,8,2
58911,3,6
58912,9,7
58913,1,1
58914,5,9
58915,6,8
58916,4,0
58917,3,6
58918,5,9
58919,5,4
58920,5,9
58921,5,9
58922,3,6
58923,8,2
58924,2,3
58925,9,7
58926,1,1
58927,5,9
58928,8,2
58929,8,2
58930,2,5
58931,2,3
58932,9,7
58933,6,8
58934,4,0
58935,1,1
58936,8,2
58937,2,3
58938,5,4
58939,7,5
58940,3,6
58941,9,7
58942,6,8
58943,4,0
58944,1,1
58945,8,2
58946,2,3
58947,5,4
58948,7,5
58949,3,6
58950,9,7
58951,6,8
58952,4,0
58953,0,1
58954,8,2
58955,2,3
58956,5,4
58957,7,5
58958,3,6
58959,9,7
58960,6,8
58961,9,9
58962,8,2
58963,1,1
58964,8,2
58965,1,1
58966,2,3
58967,9,9
58968,5,9
58969,6,8
58970,7,5
58971,2,3
58972,9,7
58973,4,0
58974,9,7
58975,9,7
58976,7,5
58977,9,7
58978,5,9
58979,5,9
58980,1,4
58981,9,7
58982,4,0
58983,2,3
58984,5,4
58985,0,1
58986,5,4
58987,5,4
58988,9,7
58989,7,5
58990,6,8
58991,0,1
58992,5,4
58993,6,8
58994,5,4
58995,0,1
58996,6,8
58997,3,6
58998,3,6
58999,5,4
59000,3,6
59001,2,3
59002,7,5
59003,9,7
59004,8,2
59005,7,5
59006,5,9
59007,8,2
59008,3,6
59009,8,2
59010,0,1
59011,8,2
59012,4,0
59013,0,8
59014,2,3
59015,6,8
59016,2,3
59017,4,0
59018,6,8
59019,9,7
59020,5,4
59021,9,9
59022,7,5
59023,4,0
59024,5,9
59025,9,7
59026,5,4
59027,5,9
59028,1,1
59029,3,6
59030,8,2
59031,9,7
59032,3,6
59033,0,1
59034,6,8
59035,3,6
59036,1,1
59037,4,0
59038,2,3
59039,3,6
59040,8,2
59041,1,1
59042,5,4
59043,4,0
59044,0,1
59045,8,2
59046,2,3
59047,5,4
59048,9,7
59049,6,8
59050,9,9
59051,4,0
59052,0,1
59053,8,2
59054,2,3
59055,5,4
59056,9,7
59057,6,8
59058,9,9
59059,4,0
59060,0,1
59061,8,2
59062,2,3
59063,5,4
59064,7,5
59065,3,6
59066,9,7
59067,6,8
59068,9,7
59069,5,4
59070,2,3
59071,0,1
59072,6,8
59073,3,6
59074,0,1
59075,0,9
59076,8,2
59077,5,4
59078,4,0
59079,9,9
59080,9,9
59081,2,3
59082,9,7
59083,9,7
59084,9,9
59085,0,1
59086,6,8
59087,5,4
59088,9,7
59089,7,5
59090,6,8
59091,7,5
59092,2,3
59093,8,2
59094,8,2
59095,4,0
59096,7,5
59097,6,8
59098,3,6
59099,4,0
59100,2,3
59101,6,8
59102,0,1
59103,4,0
59104,2,3
59105,4,0
59106,5,4
59107,9,7
59108,5,4
59109,5,9
59110,8,2
59111,9,9
59112,0,1
59113,8,2
59114,0,1
59115,9,7
59116,0,1
59117,3,6
59118,9,7
59119,2,3
59120,2,3
59121,3,6
59122,8,2
59123,6,8
59124,9,7
59125,3,6
59126,5,4
59127,5,9
59128,6,8
59129,6,8
59130,8,2
59131,9,9
59132,3,6
59133,7,5
59134,7,5
59135,5,9
59136,7,5
59137,2,3
59138,9,7
59139,5,4
59140,9,7
59141,3,6
59142,4,0
59143,4,0
59144,5,4
59145,3,6
59146,3,6
59147,9,9
59148,4,0
59149,0,1
59150,0,1
59151,2,3
59152,8,2
59153,0,1
59154,4,0
59155,4,0
59156,1,1
59157,8,2
59158,2,3
59159,5,4
59160,7,5
59161,3,6
59162,9,7
59163,6,8
59164,9,9
59165,4,0
59166,0,1
59167,8,2
59168,8,3
59169,5,4
59170,7,5
59171,3,6
59172,9,7
59173,6,8
59174,9,9
59175,4,0
59176,0,1
59177,8,2
59178,2,3
59179,5,4
59180,7,5
59181,3,6
59182,9,7
59183,6,8
59184,9,9
59185,5,4
59186,8,2
59187,4,0
59188,8,2
59189,0,1
59190,7,5
59191,9,9
59192,3,6
59193,7,5
59194,9,9
59195,2,3
59196,4,5
59197,4,0
59198,9,7
59199,0,1
59200,0,1
59201,7,5
59202,8,3
59203,4,0
59204,9,7
59205,9,9
59206,3,6
59207,0,1
59208,3,6
59209,9,7
59210,5,4
59211,9,9
59212,7,5
59213,9,7
59214,9,9
59215,6,8
59216,7,5
59217,3,6
59218,8,2
59219,5,4
59220,6,8
59221,9,9
59222,8,2
59223,8,2
59224,6,8
59225,4,0
59226,3,6
59227,5,4
59228,2,3
59229,2,3
59230,0,1
59231,8,2
59232,5,4
59233,0,1
59234,7,5
59235,6,8
59236,9,9
59237,3,6
59238,9,9
59239,2,3
59240,5,4
59241,4,0
59242,2,3
59243,5,9
59244,4,0
59245,8,2
59246,9,7
59247,0,1
59248,0,1
59249,4,0
59250,9,7
59251,3,6
59252,8,2
59253,8,2
59254,9,7
59255,3,6
59256,4,0
59257,3,6
59258,9,9
59259,5,4
59260,0,8
59261,5,4
59262,2,3
59263,2,3
59264,9,7
59265,6,8
59266,0,1
59267,4,0
59268,5,4
59269,7,5
59270,6,8
59271,2,3
59272,4,0
59273,3,6
59274,6,8
59275,2,3
59276,9,7
59277,6,8
59278,7,5
59279,9,7
59280,0,8
59281,8,2
59282,2,3
59283,3,4
59284,3,6
59285,9,7
59286,4,8
59287,9,9
59288,4,0
59289,0,1
59290,8,2
59291,7,5
59292,3,6
59293,9,7
59294,4,8
59295,9,9
59296,4,0
59297,0,1
59298,8,2
59299,2,3
59300,0,4
59301,7,5
59302,3,6
59303,7,8
59304,9,7
59305,7,5
59306,9,7
59307,2,3
59308,2,3
59309,4,8
59310,3,6
59311,7,5
59312,3,4
59313,4,0
59314,4,9
59315,2,3
59316,8,2
59317,8,2
59318,2,3
59319,4,0
59320,3,6
59321,5,4
59322,2,3
59323,9,7
59324,3,6
59325,9,9
59326,8,2
59327,8,2
59328,2,3
59329,7,5
59330,7,5
59331,4,0
59332,9,7
59333,8,2
59334,2,3
59335,5,4
59336,4,0
59337,4,0
59338,7,5
59339,0,1
59340,6,8
59341,9,9
59342,4,0
59343,4,8
59344,4,9
59345,3,6
59346,7,5
59347,3,6
59348,9,7
59349,7,5
59350,2,3
59351,7,5
59352,2,3
59353,4,0
59354,1,1
59355,8,2
59356,2,3
59357,5,4
59358,2,5
59359,3,6
59360,9,7
59361,5,8
59362,5,9
59363,4,0
59364,1,1
59365,8,2
59366,2,3
59367,5,4
59368,2,5
59369,3,6
59370,9,7
59371,5,9
59372,4,0
59373,1,1
59374,8,2
59375,2,3
59376,5,4
59377,3,5
59378,3,6
59379,9,7
59380,2,8
59381,5,9
59382,1,1
59383,2,3
59384,2,5
59385,5,9
59386,5,4
59387,1,1
59388,9,7
59389,9,7
59390,1,2
59391,1,1
59392,5,4
59393,3,8
59394,2,3
59395,4,8
59396,8,2
59397,5,9
59398,2,3
59399,3,8
59400,2,5
59401,5,4
59402,6,8
59403,6,8
59404,5,9
59405,9,7
59406,2,5
59407,5,4
59408,2,3
59409,5,9
59410,8,2
59411,7,5
59412,9,7
59413,5,4
59414,1,1
59415,8,2
59416,2,3
59417,3,6
59418,4,0
59419,1,1
59420,4,0
59421,4,0
59422,8,2
59423,2,8
59424,9,7
59425,8,2
59426,2,5
59427,1,1
59428,1,1
59429,6,8
59430,2,5
59431,3,6
59432,5,4
59433,4,0
59434,5,4
59435,9,7
59436,2,3
59437,3,6
59438,6,8
59439,4,0
59440,2,3
59441,9,7
59442,3,6
59443,5,9
59444,8,2
59445,3,6
59446,7,5
59447,3,8
59448,3,6
59449,5,9
59450,4,0
59451,5,4
59452,4,0
59453,3,6
59454,1,1
59455,5,9
59456,8,2
59457,4,0
59458,5,9
59459,2,5
59460,1,1
59461,2,3
59462,9,7
59463,3,6
59464,5,9
59465,5,4
59466,2,8
59467,2,3
59468,5,7
59469,9,7
59470,3,6
59471,2,3
59472,4,0
59473,2,5
59474,3,6
59475,8,2
59476,8,2
59477,4,0
59478,1,1
59479,8,2
59480,2,3
59481,5,4
59482,7,5
59483,3,6
59484,9,7
59485,6,8
59486,5,9
59487,4,0
59488,1,1
59489,8,2
59490,2,3
59491,5,4
59492,7,5
59493,3,6
59494,9,7
59495,6,8
59496,5,9
59497,4,0
59498,1,1
59499,8,2
59500,2,3
59501,5,4
59502,7,5
59503,3,6
59504,9,7
59505,6,8
59506,5,9
59507,4,5
59508,3,6
59509,3,6
59510,4,0
59511,6,8
59512,2,3
59513,9,7
59514,5,9
59515,5,4
59516,9,7
59517,0,1
59518,5,9
59519,0,1
59520,9,7
59521,0,1
59522,5,4
59523,1,1
59524,9,7
59525,7,5
59526,9,7
59527,1,1
59528,2,3
59529,2,3
59530,0,1
59531,3,6
59532,9,9
59533,9,7
59534,5,4
59535,2,3
59536,4,0
59537,8,2
59538,7,5
59539,8,2
59540,3,6
59541,4,0
59542,6,8
59543,5,4
59544,6,8
59545,1,1
59546,4,5
59547,4,0
59548,3,6
59549,3,6
59550,2,3
59551,5,4
59552,9,7
59553,7,5
59554,9,7
59555,8,2
59556,8,2
59557,4,0
59558,4,0
59559,0,1
59560,9,7
59561,9,7
59562,5,9
59563,4,5
59564,5,9
59565,6,8
59566,9,9
59567,3,6
59568,6,8
59569,2,3
59570,3,6
59571,0,1
59572,8,2
59573,5,9
59574,4,5
59575,8,2
59576,4,5
59577,8,2
59578,3,6
59579,8,2
59580,5,4
59581,6,8
59582,5,4
59583,3,6
59584,2,5
59585,4,0
59586,1,1
59587,8,2
59588,2,3
59589,5,4
59590,7,5
59591,3,6
59592,9,7
59593,6,8
59594,9,9
59595,4,0
59596,0,1
59597,8,2
59598,2,3
59599,5,4
59600,7,5
59601,3,6
59602,9,7
59603,6,8
59604,5,9
59605,4,0
59606,0,1
59607,8,2
59608,5,4
59609,7,5
59610,3,6
59611,9,7
59612,6,8
59613,4,0
59614,5,4
59615,4,0
59616,0,1
59617,9,7
59618,7,5
59619,0,1
59620,0,4
59621,8,2
59622,6,8
59623,5,4
59624,2,3
59625,0,1
59626,9,7
59627,6,8
59628,8,2
59629,5,4
59630,2,3
59631,2,3
59632,7,6
59633,5,9
59634,5,9
59635,7,5
59636,6,8
59637,3,6
59638,9,7
59639,4,0
59640,3,6
59641,8,2
59642,3,6
59643,2,3
59644,5,9
59645,0,1
59646,9,7
59647,5,4
59648,6,8
59649,6,8
59650,9,9
59651,4,0
59652,2,3
59653,9,0
59654,7,5
59655,8,2
59656,5,9
59657,9,4
59658,0,1
59659,4,0
59660,2,3
59661,9,7
59662,7,5
59663,6,8
59664,9,7
59665,9,7
59666,6,8
59667,8,2
59668,9,9
59669,7,5
59670,7,5
59671,0,1
59672,8,2
59673,3,6
59674,5,4
59675,8,2
59676,7,5
59677,8,2
59678,2,3
59679,3,6
59680,4,0
59681,4,0
59682,9,7
59683,7,5
59684,8,2
59685,6,8
59686,0,1
59687,3,6
59688,0,1
59689,4,0
59690,5,4
59691,2,3
59692,0,1
59693,3,6
59694,0,1
59695,9,9
59696,4,0
59697,0,1
59698,8,2
59699,2,3
59700,5,4
59701,3,5
59702,3,6
59703,9,7
59704,4,0
59705,0,1
59706,8,2
59707,2,3
59708,0,4
59709,3,6
59710,9,7
59711,6,8
59712,4,0
59713,0,1
59714,8,2
59715,2,3
59716,0,4
59717,9,7
59718,0,8
59719,7,9
59720,4,2
59721,8,2
59722,0,4
59723,4,0
59724,9,7
59725,2,3
59726,8,5
59727,5,4
59728,0,1
59729,6,8
59730,4,0
59731,1,5
59732,8,2
59733,9,7
59734,1,2
59735,6,3
59736,3,6
59737,1,2
59738,0,1
59739,9,7
59740,9,7
59741,5,9
59742,8,2
59743,0,4
59744,3,6
59745,9,7
59746,9,7
59747,1,5
59748,5,9
59749,9,9
59750,0,1
59751,0,8
59752,3,6
59753,0,4
59754,3,6
59755,4,0
59756,9,9
59757,8,2
59758,3,6
59759,0,4
59760,2,3
59761,9,9
59762,4,0
59763,0,8
59764,6,8
59765,5,9
59766,0,4
59767,9,7
59768,1,1
59769,2,3
59770,3,6
59771,5,9
59772,5,4
59773,0,1
59774,9,7
59775,3,6
59776,9,9
59777,2,3
59778,2,3
59779,9,7
59780,0,4
59781,0,1
59782,9,9
59783,0,1
59784,4,0
59785,3,6
59786,4,0
59787,0,1
59788,8,2
59789,5,4
59790,7,5
59791,3,6
59792,9,7
59793,6,8
59794,9,9
59795,4,0
59796,0,1
59797,8,2
59798,2,3
59799,5,4
59800,7,5
59801,3,6
59802,9,7
59803,6,8
59804,9,9
59805,4,0
59806,0,1
59807,8,2
59808,2,3
59809,5,4
59810,7,5
59811,3,6
59812,9,7
59813,0,8
59814,9,9
59815,2,3
59816,8,2
59817,5,9
59818,2,3
59819,8,2
59820,0,1
59821,5,4
59822,7,5
59823,7,5
59824,8,2
59825,2,3
59826,8,2
59827,1,1
59828,2,3
59829,9,9
59830,9,7
59831,8,2
59832,0,1
59833,8,2
59834,6,8
59835,5,9
59836,0,1
59837,6,8
59838,6,8
59839,9,7
59840,4,0
59841,3,6
59842,9,7
59843,9,7
59844,6,8
59845,9,7
59846,7,5
59847,4,0
59848,3,6
59849,0,1
59850,7,5
59851,9,7
59852,0,4
59853,3,6
59854,0,1
59855,8,2
59856,9,7
59857,9,9
59858,5,9
59859,4,0
59860,2,3
59861,6,8
59862,5,4
59863,5,4
59864,0,1
59865,6,8
59866,3,6
59867,7,5
59868,4,0
59869,4,0
59870,2,3
59871,9,7
59872,0,1
59873,3,6
59874,5,4
59875,8,2
59876,3,6
59877,3,6
59878,4,0
59879,5,4
59880,7,5
59881,5,4
59882,0,1
59883,2,3
59884,6,8
59885,3,6
59886,2,3
59887,9,9
59888,9,9
59889,7,5
59890,9,9
59891,2,3
59892,3,6
59893,5,4
59894,9,7
59895,3,6
59896,8,2
59897,8,2
59898,4,0
59899,9,9
59900,0,4
59901,4,0
59902,0,1
59903,8,2
59904,2,3
59905,5,4
59906,7,5
59907,3,6
59908,9,7
59909,6,8
59910,9,9
59911,4,0
59912,0,1
59913,8,2
59914,2,3
59915,9,4
59916,6,8
59917,9,9
59918,4,0
59919,0,1
59920,8,2
59921,2,3
59922,0,4
59923,7,5
59924,3,6
59925,9,7
59926,0,8
59927,9,9
59928,3,6
59929,4,0
59930,2,3
59931,0,4
59932,0,1
59933,0,4
59934,4,0
59935,9,7
59936,6,8
59937,9,7
59938,9,7
59939,9,9
59940,4,0
59941,0,4
59942,9,9
59943,5,4
59944,4,0
59945,7,5
59946,6,8
59947,7,5
59948,9,9
59949,6,8
59950,6,8
59951,5,4
59952,4,0
59953,9,7
59954,0,1
59955,2,3
59956,7,5
59957,2,3
59958,0,1
59959,3,6
59960,7,5
59961,2,3
59962,6,8
59963,9,7
59964,2,3
59965,0,1
59966,3,6
59967,6,8
59968,7,5
59969,9,9
59970,8,2
59971,8,2
59972,4,0
59973,9,9
59974,8,2
59975,5,4
59976,3,6
59977,9,7
59978,2,3
59979,0,1
59980,2,3
59981,3,6
59982,3,6
59983,8,2
59984,0,1
59985,8,2
59986,3,6
59987,4,0
59988,9,7
59989,6,8
59990,9,9
59991,8,2
59992,9,9
59993,7,5
59994,0,1
59995,6,8
59996,2,3
59997,7,5
59998,3,6
59999,0,8
60000,9,7
60001,8,2
60002,1,1
60003,4,0
60004,5,4
60005,1,1
60006,5,4
60007,5,9
60008,7,5
60009,9,9
60010,4,0
60011,3,6
60012,5,9
60013,4,0
60014,1,1
60015,2,5
60016,5,9
60017,9,7
60018,2,3
60019,5,4
60020,9,9
60021,3,6
60022,3,6
60023,7,5
60024,5,4
60025,4,0
60026,9,7
60027,5,4
60028,4,0
60029,1,1
60030,2,3
60031,1,1
60032,2,3
60033,3,4
60034,9,7
60035,8,2
60036,9,7
60037,1,1
60038,1,2
60039,1,1
60040,1,1
60041,9,7
60042,5,4
60043,0,2
60044,2,3
60045,2,5
60046,1,1
60047,8,2
60048,5,4
60049,5,4
60050,3,6
60051,2,3
60052,7,5
60053,2,5
60054,3,6
60055,4,0
60056,5,4
60057,1,1
60058,5,9
60059,7,5
60060,9,7
60061,8,8
60062,5,9
60063,8,3
60064,9,7
60065,5,4
60066,4,6
60067,5,4
60068,2,3
60069,4,0
60070,9,7
60071,4,0
60072,8,2
60073,0,9
60074,1,1
60075,9,7
60076,2,3
60077,8,2
60078,9,9
60079,9,7
60080,5,7
60081,3,6
60082,8,2
60083,9,7
60084,6,8
60085,5,4
60086,9,7
60087,2,3
60088,3,6
60089,0,1
60090,2,3
60091,3,6
60092,0,9
60093,2,3
60094,1,1
60095,5,4
60096,1,1
60097,9,7
60098,3,6
60099,5,9
60100,3,6
60101,4,0
60102,7,5
60103,5,4
60104,5,9
60105,5,9
60106,8,2
60107,0,1
60108,5,9
60109,5,4
60110,6,8
60111,1,7
60112,2,3
60113,5,9
60114,9,7
60115,5,4
60116,5,4
60117,5,4
60118,5,9
60119,8,2
60120,2,5
60121,5,4
60122,9,7
60123,3,6
60124,9,7
60125,5,9
60126,4,0
60127,7,5
60128,6,8
60129,7,5
60130,3,6
60131,3,6
60132,7,5
60133,9,7
60134,6,8
60135,1,1
60136,4,0
60137,0,1
60138,3,6
60139,5,4
60140,3,6
60141,9,7
60142,2,3
60143,1,1
60144,9,7
60145,1,1
60146,6,8
60147,8,2
60148,4,0
60149,5,2
60150,5,9
60151,5,9
60152,7,5
60153,7,5
60154,1,1
60155,7,5
60156,3,6
60157,4,0
60158,2,3
60159,5,4
60160,5,4
60161,3,6
60162,7,5
60163,5,4
60164,3,6
60165,2,5
60166,5,4
60167,7,5
60168,1,1
60169,5,4
60170,5,4
60171,9,7
60172,8,2
60173,2,3
60174,8,2
60175,1,7
60176,1,1
60177,6,8
60178,1,1
60179,6,8
60180,1,1
60181,6,8
60182,7,5
60183,4,0
60184,2,8
60185,5,9
60186,8,2
60187,2,5
60188,4,0
60189,1,1
60190,0,1
60191,1,1
60192,4,0
60193,5,9
60194,4,0
60195,1,3
60196,1,1
60197,3,6
60198,5,4
60199,8,2
60200,2,3
60201,3,6
60202,0,1
60203,1,1
60204,1,1
60205,2,3
60206,5,9
60207,2,5
60208,8,2
60209,5,9
60210,5,4
60211,7,5
60212,5,9
60213,2,3
60214,5,9
60215,4,0
60216,2,3
60217,7,6
60218,7,5
60219,7,5
60220,5,7
60221,8,2
60222,8,2
60223,9,7
60224,1,1
60225,8,2
60226,6,8
60227,5,4
60228,0,1
60229,9,7
60230,2,3
60231,2,3
60232,6,8
60233,6,8
60234,9,7
60235,5,9
60236,8,2
60237,8,2
60238,5,4
60239,1,1
60240,7,5
60241,2,9
60242,0,8
60243,5,7
60244,1,2
60245,2,3
60246,4,0
60247,3,4
60248,5,4
60249,8,2
60250,5,4
60251,1,1
60252,5,9
60253,7,5
60254,9,7
60255,9,7
60256,8,2
60257,1,8
60258,8,2
60259,4,6
60260,6,8
60261,7,5
60262,9,7
60263,9,7
60264,5,9
60265,1,1
60266,3,8
60267,1,1
60268,6,8
60269,4,0
60270,2,3
60271,4,0
60272,1,1
60273,5,9
60274,5,9
60275,5,4
60276,1,1
60277,6,8
60278,8,2
60279,1,1
60280,8,2
60281,5,9
60282,9,7
60283,7,5
60284,5,9
60285,8,2
60286,3,6
60287,5,4
60288,1,1
60289,3,5
60290,5,8
60291,8,2
60292,5,9
60293,8,2
60294,4,0
60295,5,4
60296,4,0
60297,4,0
60298,8,2
60299,6,8
60300,1,4
60301,9,7
60302,1,1
60303,8,2
60304,5,4
60305,4,0
60306,8,2
60307,9,7
60308,5,4
60309,2,3
60310,2,3
60311,4,0
60312,4,0
60313,2,3
60314,1,1
60315,5,9
60316,7,6
60317,7,5
60318,2,2
60319,3,5
60320,1,9
60321,6,2
60322,5,9
60323,2,3
60324,4,0
60325,5,4
60326,1,2
60327,4,0
60328,9,7
60329,1,1
60330,1,1
60331,8,2
60332,1,1
60333,7,5
60334,2,3
60335,2,3
60336,5,9
60337,9,7
60338,2,8
60339,3,6
60340,7,5
60341,3,6
60342,1,1
60343,2,3
60344,6,8
60345,1,1
60346,4,0
60347,7,5
60348,1,1
60349,9,3
60350,1,1
60351,7,5
60352,4,5
60353,3,6
60354,0,1
60355,6,8
60356,7,5
60357,1,1
60358,5,7
60359,5,9
60360,5,4
60361,3,6
60362,9,2
60363,1,2
60364,7,5
60365,4,0
60366,3,6
60367,2,5
60368,3,6
60369,2,3
60370,9,7
60371,8,2
60372,4,0
60373,6,8
60374,6,8
60375,7,5
60376,5,4
60377,1,1
60378,1,1
60379,5,4
60380,4,0
60381,9,3
60382,2,3
60383,9,7
60384,3,6
60385,1,1
60386,3,6
60387,8,2
60388,0,1
60389,9,9
60390,8,2
60391,6,8
60392,3,6
60393,1,1
60394,5,9
60395,7,5
60396,8,2
60397,7,5
60398,5,4
60399,5,4
60400,8,2
60401,6,8
60402,2,3
60403,5,8
60404,8,2
60405,5,4
60406,3,5
60407,4,0
60408,2,3
60409,1,1
60410,9,7
60411,9,7
60412,2,5
60413,9,7
60414,5,9
60415,9,7
60416,1,1
60417,9,9
60418,8,2
60419,1,1
60420,5,4
60421,8,2
60422,5,9
60423,8,2
60424,4,0
60425,5,4
60426,9,9
60427,1,1
60428,5,4
60429,6,8
60430,1,1
60431,6,8
60432,5,4
60433,7,5
60434,5,9
60435,6,8
60436,6,8
60437,2,3
60438,9,7
60439,3,6
60440,4,0
60441,4,0
60442,2,3
60443,3,0
60444,6,2
60445,4,6
60446,3,6
60447,0,4
60448,6,9
60449,2,3
60450,2,3
60451,2,3
60452,8,2
60453,2,3
60454,5,9
60455,1,1
60456,1,2
60457,7,6
60458,6,8
60459,4,0
60460,7,5
60461,3,6
60462,3,6
60463,3,6
60464,9,3
60465,6,8
60466,6,8
60467,8,2
60468,9,7
60469,7,5
60470,6,8
60471,5,9
60472,3,6
60473,1,1
60474,6,8
60475,5,4
60476,1,1
60477,8,2
60478,3,5
60479,2,9
60480,1,1
60481,5,9
60482,9,7
60483,7,5
60484,5,4
60485,4,0
60486,6,8
60487,5,9
60488,9,9
60489,1,1
60490,4,0
60491,7,5
60492,8,2
60493,2,3
60494,9,7
60495,3,8
60496,5,9
60497,5,4
60498,4,0
60499,3,6
60500,2,3
60501,5,9
60502,7,5
60503,8,2
60504,1,1
60505,2,3
60506,0,1
60507,2,3
60508,7,6
60509,7,5
60510,9,7
60511,0,4
60512,8,2
60513,8,2
60514,4,6
60515,2,3
60516,8,2
60517,3,6
60518,7,5
60519,5,4
60520,6,8
60521,5,9
60522,9,7
60523,0,1
60524,2,3
60525,4,0
60526,2,3
60527,2,8
60528,2,3
60529,1,1
60530,5,9
60531,2,3
60532,5,4
60533,5,4
60534,3,6
60535,5,4
60536,1,2
60537,1,1
60538,0,8
60539,8,2
60540,7,5
60541,5,4
60542,5,8
60543,5,8
60544,5,4
60545,4,0
60546,4,0
60547,8,2
60548,2,3
60549,8,2
60550,9,7
60551,1,7
60552,4,0
60553,6,8
60554,9,7
60555,5,4
60556,5,4
60557,9,7
60558,5,9
60559,3,6
60560,9,9
60561,4,0
60562,5,9
60563,6,8
60564,4,0
60565,5,4
60566,3,6
60567,4,0
60568,3,6
60569,2,3
60570,7,5
60571,5,4
60572,6,8
60573,2,3
60574,2,3
60575,5,9
60576,2,3
60577,2,3
60578,8,3
60579,9,7
60580,6,8
60581,4,0
60582,2,8
60583,5,2
60584,1,1
60585,9,7
60586,4,0
60587,3,6
60588,2,5
60589,5,4
60590,2,3
60591,2,8
60592,4,0
60593,9,9
60594,3,6
60595,2,3
60596,6,8
60597,4,0
60598,5,9
60599,5,9
60600,3,6
60601,6,8
60602,3,6
60603,6,8
60604,7,5
60605,9,7
60606,2,8
60607,3,6
60608,4,0
60609,8,2
60610,5,4
60611,4,0
60612,8,2
60613,6,2
60614,1,3
60615,0,1
60616,5,9
60617,9,7
60618,7,5
60619,1,1
60620,4,0
60621,6,8
60622,5,4
60623,3,6
60624,6,2
60625,3,6
60626,9,7
60627,5,9
60628,5,3
60629,8,2
60630,5,9
60631,6,8
60632,8,2
60633,8,2
60634,5,9
60635,8,2
60636,9,7
60637,2,3
60638,7,5
60639,5,9
60640,1,1
60641,6,8
60642,4,0
60643,8,2
60644,4,0
60645,7,5
60646,1,2
60647,1,1
60648,2,3
60649,9,7
60650,3,6
60651,9,7
60652,1,1
60653,1,2
60654,2,5
60655,6,8
60656,4,0
60657,2,3
60658,9,7
60659,1,2
60660,5,4
60661,3,0
60662,5,9
60663,1,1
60664,6,8
60665,3,6
60666,9,7
60667,1,7
60668,5,4
60669,2,3
60670,0,4
60671,5,9
60672,1,1
60673,9,9
60674,7,5
60675,1,1
60676,9,7
60677,2,3
60678,5,9
60679,9,7
60680,3,6
60681,5,9
60682,1,1
60683,2,3
60684,1,7
60685,6,8
60686,2,3
60687,2,3
60688,3,6
60689,9,7
60690,8,2
60691,5,8
60692,7,5
60693,6,8
60694,7,5
60695,1,1
60696,1,1
60697,5,4
60698,5,4
60699,2,3
60700,1,1
60701,4,0
60702,9,7
60703,9,7
60704,4,0
60705,9,7
60706,5,9
60707,5,4
60708,5,4
60709,6,8
60710,7,5
60711,7,5
60712,5,4
60713,4,0
60714,2,8
60715,8,2
60716,1,1
60717,3,0
60718,6,8
60719,5,4
60720,3,5
60721,4,0
60722,5,4
60723,4,0
60724,3,6
60725,1,1
60726,1,7
60727,2,3
60728,6,2
60729,3,6
60730,5,7
60731,8,2
60732,3,6
60733,5,9
60734,2,3
60735,1,1
60736,5,4
60737,3,6
60738,6,2
60739,7,5
60740,5,4
60741,6,2
60742,4,0
60743,3,6
60744,8,2
60745,0,1
60746,9,7
60747,2,3
60748,5,4
60749,1,1
60750,4,0
60751,7,5
60752,5,4
60753,2,3
60754,1,1
60755,1,1
60756,9,7
60757,5,4
60758,5,9
60759,9,9
60760,5,4
60761,6,8
60762,5,4
60763,4,0
60764,8,2
60765,5,4
60766,7,5
60767,0,1
60768,1,1
60769,3,6
60770,5,4
60771,5,7
60772,1,1
60773,5,9
60774,5,4
60775,8,2
60776,5,4
60777,1,1
60778,7,5
60779,7,5
60780,2,3
60781,2,8
60782,2,3
60783,1,1
60784,5,4
60785,2,5
60786,3,6
60787,6,8
60788,5,9
60789,5,4
60790,1,1
60791,5,5
60792,2,3
60793,6,8
60794,4,0
60795,1,3
60796,8,2
60797,1,5
60798,1,1
60799,8,2
60800,2,8
60801,2,3
60802,5,4
60803,5,4
60804,4,0
60805,6,8
60806,6,8
60807,2,3
60808,2,3
60809,1,1
60810,9,7
60811,2,3
60812,7,5
60813,9,9
60814,3,6
60815,2,3
60816,8,2
60817,3,6
60818,1,1
60819,2,3
60820,3,6
60821,4,0
60822,9,7
60823,8,2
60824,1,1
60825,9,7
60826,1,1
60827,9,4
60828,8,2
60829,0,4
60830,8,2
60831,1,1
60832,9,7
60833,9,9
60834,3,6
60835,1,1
60836,1,1
60837,8,2
60838,5,4
60839,2,8
60840,0,1
60841,5,7
60842,9,7
60843,5,4
60844,2,8
60845,4,0
60846,9,7
60847,2,3
60848,0,1
60849,2,3
60850,1,1
60851,4,0
60852,9,7
60853,9,7
60854,4,0
60855,2,3
60856,7,5
60857,7,5
60858,8,2
60859,9,7
60860,3,6
60861,3,6
60862,5,9
60863,8,2
60864,6,8
60865,2,3
60866,3,5
60867,8,2
60868,8,2
60869,7,5
60870,7,6
60871,4,0
60872,6,8
60873,8,2
60874,9,9
60875,8,2
60876,6,8
60877,3,8
60878,2,8
60879,6,8
60880,9,7
60881,5,4
60882,5,9
60883,2,3
60884,4,0
60885,3,6
60886,3,6
60887,2,3
60888,8,2
60889,1,1
60890,2,3
60891,8,2
60892,8,2
60893,5,9
60894,2,3
60895,4,0
60896,4,0
60897,7,5
60898,9,7
60899,6,8
60900,1,1
60901,5,4
60902,5,4
60903,3,6
60904,4,0
60905,8,2
60906,5,9
60907,0,1
60908,5,4
60909,5,7
60910,5,4
60911,9,7
60912,2,3
60913,5,9
60914,6,8
60915,2,8
60916,5,4
60917,9,7
60918,1,1
60919,1,2
60920,1,1
60921,8,2
60922,8,2
60923,2,3
60924,9,2
60925,2,3
60926,8,2
60927,2,3
60928,5,9
60929,1,1
60930,1,7
60931,5,4
60932,4,0
60933,2,3
60934,7,5
60935,7,5
60936,3,8
60937,3,6
60938,2,3
60939,4,2
60940,3,6
60941,9,7
60942,3,6
60943,7,6
60944,1,3
60945,8,2
60946,9,7
60947,5,8
60948,1,1
60949,1,1
60950,9,7
60951,5,5
60952,3,6
60953,5,4
60954,5,9
60955,3,5
60956,1,1
60957,2,3
60958,2,3
60959,5,4
60960,9,7
60961,6,8
60962,9,9
60963,1,1
60964,1,1
60965,4,6
60966,9,9
60967,1,1
60968,5,4
60969,5,4
60970,7,5
60971,5,4
60972,4,0
60973,3,6
60974,8,2
60975,2,2
60976,2,3
60977,0,1
60978,2,5
60979,1,1
60980,8,2
60981,4,0
60982,6,3
60983,6,8
60984,1,1
60985,6,2
60986,3,6
60987,9,7
60988,1,1
60989,3,6
60990,8,2
60991,2,3
60992,5,9
60993,4,0
60994,1,1
60995,8,2
60996,8,2
60997,4,0
60998,7,8
60999,5,9
61000,9,9
61001,4,0
61002,8,2
61003,2,5
61004,1,1
61005,5,9
61006,9,7
61007,1,8
61008,1,1
61009,4,0
61010,5,4
61011,1,1
61012,9,7
61013,5,9
61014,7,6
61015,5,4
61016,8,2
61017,3,6
61018,6,8
61019,0,1
61020,2,3
61021,9,7
61022,7,5
61023,5,4
61024,0,4
61025,0,1
61026,6,8
61027,1,1
61028,2,3
61029,6,8
61030,1,1
61031,8,2
61032,5,5
61033,6,8
61034,4,0
61035,3,6
61036,8,2
61037,1,1
61038,1,1
61039,5,7
61040,1,1
61041,7,5
61042,2,3
61043,5,4
61044,3,6
61045,1,9
61046,7,5
61047,4,0
61048,5,9
61049,8,2
61050,8,2
61051,5,4
61052,7,8
61053,8,2
61054,1,1
61055,5,7
61056,8,2
61057,5,4
61058,9,9
61059,5,4
61060,5,4
61061,4,0
61062,9,3
61063,9,9
61064,8,2
61065,8,2
61066,2,3
61067,2,3
61068,6,8
61069,2,3
61070,7,5
61071,9,7
61072,2,3
61073,7,5
61074,6,8
61075,1,1
61076,8,2
61077,5,4
61078,5,4
61079,3,6
61080,5,4
61081,5,9
61082,7,5
61083,1,1
61084,4,0
61085,3,6
61086,5,9
61087,7,5
61088,5,9
61089,2,5
61090,5,9
61091,5,7
61092,2,3
61093,6,8
61094,4,0
61095,2,3
61096,5,7
61097,1,1
61098,2,3
61099,3,6
61100,9,7
61101,5,8
61102,7,5
61103,5,9
61104,9,7
61105,5,9
61106,3,6
61107,2,9
61108,3,6
61109,2,3
61110,9,7
61111,5,4
61112,3,4
61113,7,5
61114,2,3
61115,7,5
61116,5,4
61117,0,7
61118,6,8
61119,0,7
61120,6,8
61121,4,0
61122,9,7
61123,3,6
61124,6,8
61125,6,8
61126,9,7
61127,2,3
61128,2,3
61129,0,1
61130,5,9
61131,7,5
61132,8,2
61133,9,7
61134,2,3
61135,7,5
61136,1,1
61137,1,1
61138,8,2
61139,1,1
61140,5,4
61141,9,7
61142,5,4
61143,9,7
61144,2,5
61145,5,4
61146,2,5
61147,5,4
61148,4,0
61149,6,8
61150,2,3
61151,3,6
61152,9,9
61153,7,6
61154,4,0
61155,8,2
61156,9,7
61157,5,4
61158,5,4
61159,0,4
61160,5,4
61161,3,6
61162,3,6
61163,5,4
61164,9,7
61165,5,9
61166,2,3
61167,5,4
61168,7,5
61169,7,5
61170,6,8
61171,9,7
61172,2,3
61173,9,7
61174,8,2
61175,9,7
61176,4,0
61177,8,2
61178,5,4
61179,1,1
61180,1,1
61181,0,6
61182,3,6
61183,5,9
61184,8,2
61185,6,8
61186,9,7
61187,8,2
61188,4,0
61189,1,1
61190,2,5
61191,4,0
61192,5,9
61193,1,1
61194,9,7
61195,4,0
61196,3,6
61197,4,0
61198,3,8
61199,3,6
61200,2,8
61201,1,1
61202,6,8
61203,4,0
61204,9,3
61205,2,3
61206,0,7
61207,8,2
61208,2,3
61209,7,6
61210,8,2
61211,0,1
61212,3,6
61213,1,1
61214,1,1
61215,2,3
61216,9,7
61217,9,9
61218,4,0
61219,2,8
61220,4,0
61221,7,5
61222,5,4
61223,4,0
61224,3,2
61225,6,8
61226,1,7
61227,8,2
61228,2,9
61229,6,8
61230,5,4
61231,4,0
61232,5,9
61233,3,5
61234,6,8
61235,7,5
61236,1,1
61237,8,2
61238,1,1
61239,2,3
61240,0,1
61241,9,7
61242,1,4
61243,3,5
61244,9,7
61245,8,2
61246,4,0
61247,4,9
61248,2,8
61249,6,8
61250,1,6
61251,3,2
61252,2,5
61253,5,4
61254,1,1
61255,5,9
61256,9,2
61257,0,1
61258,7,5
61259,6,8
61260,1,7
61261,4,0
61262,8,2
61263,5,4
61264,5,4
61265,2,3
61266,3,6
61267,6,8
61268,6,8
61269,8,2
61270,5,4
61271,4,0
61272,7,5
61273,4,0
61274,5,4
61275,5,4
61276,9,7
61277,5,9
61278,2,3
61279,5,4
61280,1,1
61281,4,5
61282,5,9
61283,9,7
61284,2,3
61285,7,5
61286,6,8
61287,6,8
61288,4,0
61289,7,5
61290,2,3
61291,2,3
61292,3,6
61293,3,6
61294,4,0
61295,1,1
61296,3,6
61297,4,0
61298,2,3
61299,2,5
61300,5,4
61301,5,4
61302,1,1
61303,8,2
61304,5,9
61305,0,1
61306,5,4
61307,3,6
61308,5,9
61309,5,9
61310,2,3
61311,5,9
61312,6,8
61313,5,4
61314,5,4
61315,2,3
61316,1,1
61317,2,3
61318,0,1
61319,2,8
61320,6,8
61321,9,7
61322,9,9
61323,5,4
61324,0,8
61325,6,8
61326,0,7
61327,5,9
61328,9,7
61329,1,1
61330,5,4
61331,2,5
61332,3,6
61333,4,0
61334,2,5
61335,8,2
61336,8,2
61337,3,2
61338,1,1
61339,2,5
61340,7,5
61341,8,2
61342,5,4
61343,5,9
61344,7,6
61345,1,2
61346,9,7
61347,5,7
61348,4,2
61349,8,2
61350,1,1
61351,0,1
61352,4,2
61353,6,8
61354,2,3
61355,9,7
61356,1,2
61357,5,4
61358,1,1
61359,9,7
61360,1,1
61361,9,7
61362,3,6
61363,9,7
61364,8,8
61365,8,2
61366,9,7
61367,2,3
61368,1,1
61369,9,7
61370,7,5
61371,6,8
61372,8,2
61373,3,6
61374,8,2
61375,8,2
61376,7,5
61377,3,6
61378,7,5
61379,4,0
61380,5,9
61381,8,2
61382,5,4
61383,2,3
61384,2,3
61385,5,9
61386,9,7
61387,3,6
61388,3,6
61389,6,8
61390,4,0
61391,5,4
61392,1,1
61393,2,5
61394,2,8
61395,8,2
61396,9,9
61397,1,1
61398,2,8
61399,4,0
61400,3,6
61401,9,7
61402,9,2
61403,0,1
61404,4,0
61405,7,5
61406,7,5
61407,8,2
61408,4,0
61409,1,2
61410,8,2
61411,4,0
61412,8,2
61413,5,4
61414,5,9
61415,2,8
61416,4,0
61417,5,9
61418,5,9
61419,5,4
61420,3,6
61421,7,5
61422,5,4
61423,9,9
61424,1,1
61425,6,8
61426,2,3
61427,5,4
61428,5,9
61429,5,9
61430,1,1
61431,6,2
61432,8,2
61433,1,8
61434,1,1
61435,5,9
61436,7,6
61437,5,4
61438,4,0
61439,1,9
61440,5,4
61441,6,8
61442,2,3
61443,6,8
61444,3,6
61445,4,0
61446,8,2
61447,7,5
61448,1,1
61449,5,9
61450,3,6
61451,8,2
61452,5,9
61453,5,4
61454,4,0
61455,5,9
61456,3,6
61457,4,0
61458,3,6
61459,8,2
61460,7,5
61461,5,4
61462,4,2
61463,2,3
61464,2,8
61465,1,4
61466,4,5
61467,7,5
61468,4,0
61469,2,3
61470,7,8
61471,7,5
61472,2,3
61473,7,5
61474,0,8
61475,3,6
61476,2,5
61477,9,7
61478,3,6
61479,2,3
61480,2,3
61481,5,9
61482,3,6
61483,1,1
61484,1,1
61485,8,2
61486,5,9
61487,4,0
61488,5,4
61489,2,3
61490,2,3
61491,3,6
61492,5,9
61493,7,5
61494,9,7
61495,2,3
61496,5,7
61497,9,7
61498,9,7
61499,6,8
61500,1,7
61501,5,9
61502,3,8
61503,2,3
61504,4,0
61505,9,7
61506,8,2
61507,9,7
61508,5,9
61509,5,4
61510,2,5
61511,5,4
61512,5,9
61513,2,3
61514,6,2
61515,1,1
61516,5,4
61517,4,0
61518,8,2
61519,2,3
61520,9,7
61521,2,5
61522,5,7
61523,6,8
61524,6,8
61525,4,5
61526,4,0
61527,1,1
61528,1,1
61529,5,4
61530,9,8
61531,2,3
61532,9,9
61533,4,0
61534,4,0
61535,4,0
61536,3,6
61537,3,6
61538,8,2
61539,2,3
61540,9,7
61541,6,8
61542,5,4
61543,9,7
61544,9,7
61545,5,9
61546,8,2
61547,5,4
61548,1,1
61549,3,4
61550,7,5
61551,8,2
61552,5,4
61553,2,9
61554,9,9
61555,1,1
61556,6,8
61557,5,4
61558,4,0
61559,2,9
61560,6,8
61561,5,4
61562,2,8
61563,9,7
61564,9,7
61565,4,0
61566,9,7
61567,6,8
61568,6,8
61569,3,6
61570,4,0
61571,5,4
61572,6,8
61573,6,8
61574,8,2
61575,5,4
61576,9,7
61577,3,6
61578,3,6
61579,3,6
61580,5,4
61581,0,7
61582,1,1
61583,6,8
61584,6,8
61585,8,2
61586,2,3
61587,3,6
61588,2,3
61589,4,0
61590,4,0
61591,2,3
61592,9,7
61593,3,6
61594,5,9
61595,9,7
61596,5,9
61597,9,9
61598,7,5
61599,5,4
61600,2,3
61601,2,3
61602,3,6
61603,1,1
61604,8,2
61605,2,3
61606,9,7
61607,1,3
61608,2,3
61609,8,2
61610,4,0
61611,2,3
61612,2,3
61613,6,8
61614,5,4
61615,2,3
61616,3,6
61617,2,3
61618,7,5
61619,4,0
61620,8,2
61621,3,0
61622,5,9
61623,4,0
61624,9,7
61625,5,4
61626,7,6
61627,5,9
61628,2,3
61629,7,5
61630,1,1
61631,5,9
61632,3,6
61633,1,1
61634,9,4
61635,7,5
61636,5,4
61637,7,5
61638,4,0
61639,7,5
61640,5,9
61641,3,5
61642,8,2
61643,1,1
61644,8,2
61645,5,9
61646,0,1
61647,5,9
61648,9,9
61649,5,4
61650,4,0
61651,6,8
61652,5,4
61653,7,5
61654,8,2
61655,5,9
61656,8,2
61657,1,1
61658,1,2
61659,1,1
61660,9,7
61661,2,3
61662,3,6
61663,6,8
61664,6,8
61665,5,4
61666,5,9
61667,1,1
61668,5,9
61669,6,8
61670,7,5
61671,5,7
61672,7,5
61673,1,1
61674,1,1
61675,6,8
61676,3,6
61677,7,5
61678,8,2
61679,5,4
61680,5,4
61681,9,3
61682,8,2
61683,2,3
61684,7,5
61685,3,6
61686,2,8
61687,6,8
61688,3,6
61689,8,2
61690,2,3
61691,1,1
61692,4,0
61693,7,5
61694,2,8
61695,9,9
61696,8,2
61697,5,9
61698,3,6
61699,9,7
61700,4,0
61701,5,4
61702,6,8
61703,9,7
61704,1,1
61705,9,7
61706,5,4
61707,1,1
61708,4,0
61709,2,9
61710,9,7
61711,8,2
61712,4,0
61713,4,0
61714,5,9
61715,1,1
61716,0,7
61717,4,8
61718,5,7
61719,6,8
61720,5,4
61721,9,7
61722,1,2
61723,4,0
61724,5,4
61725,3,6
61726,4,0
61727,2,3
61728,1,1
61729,0,1
61730,2,3
61731,2,3
61732,2,9
61733,3,6
61734,9,7
61735,5,4
61736,1,1
61737,2,5
61738,2,3
61739,4,0
61740,6,8
61741,9,7
61742,2,3
61743,5,9
61744,3,6
61745,9,9
61746,2,3
61747,7,5
61748,4,0
61749,8,2
61750,9,7
61751,5,4
61752,2,5
61753,1,1
61754,1,7
61755,7,5
61756,6,8
61757,4,0
61758,6,8
61759,0,8
61760,1,1
61761,7,5
61762,4,0
61763,2,3
61764,4,0
61765,2,3
61766,0,1
61767,5,4
61768,4,0
61769,2,3
61770,9,7
61771,8,2
61772,5,7
61773,1,1
61774,7,8
61775,4,0
61776,9,7
61777,4,0
61778,5,4
61779,2,3
61780,1,1
61781,5,9
61782,6,8
61783,5,7
61784,9,7
61785,1,1
61786,5,4
61787,5,9
61788,5,9
61789,2,3
61790,9,2
61791,1,1
61792,9,7
61793,5,9
61794,4,0
61795,8,2
61796,4,0
61797,2,3
61798,2,3
61799,9,7
61800,3,6
61801,5,9
61802,8,2
61803,2,3
61804,2,3
61805,9,7
61806,9,7
61807,4,0
61808,4,0
61809,9,7
61810,2,5
61811,8,2
61812,5,9
61813,4,8
61814,9,7
61815,5,4
61816,5,4
61817,8,2
61818,3,6
61819,3,6
61820,0,1
61821,5,9
61822,3,6
61823,6,8
61824,6,2
61825,5,9
61826,4,0
61827,6,8
61828,2,3
61829,1,1
61830,1,1
61831,3,6
61832,2,3
61833,7,5
61834,1,1
61835,1,1
61836,1,1
61837,2,3
61838,0,1
61839,6,2
61840,2,3
61841,4,0
61842,6,2
61843,4,0
61844,1,1
61845,2,3
61846,7,5
61847,7,5
61848,9,7
61849,5,4
61850,6,8
61851,5,9
61852,3,6
61853,5,9
61854,3,6
61855,5,8
61856,2,3
61857,3,6
61858,3,6
61859,6,8
61860,2,5
61861,1,1
61862,5,4
61863,8,2
61864,5,4
61865,5,4
61866,7,5
61867,1,1
61868,0,1
61869,5,9
61870,4,0
61871,8,2
61872,5,4
61873,5,9
61874,3,5
61875,9,7
61876,1,1
61877,6,8
61878,2,8
61879,7,5
61880,3,6
61881,5,9
61882,6,8
61883,5,7
61884,1,1
61885,0,1
61886,7,6
61887,9,7
61888,3,6
61889,2,3
61890,8,2
61891,8,2
61892,4,0
61893,6,8
61894,5,9
61895,8,2
61896,2,5
61897,1,1
61898,4,0
61899,1,8
61900,0,1
61901,5,9
61902,3,5
61903,5,7
61904,5,9
61905,3,6
61906,5,9
61907,4,0
61908,3,6
61909,1,1
61910,7,5
61911,7,5
61912,6,8
61913,2,3
61914,6,8
61915,8,2
61916,3,6
61917,7,5
61918,4,0
61919,9,7
61920,5,4
61921,3,6
61922,1,1
61923,2,3
61924,5,4
61925,9,7
61926,2,3
61927,8,2
61928,2,3
61929,5,4
61930,8,2
61931,2,5
61932,8,2
61933,9,7
61934,1,1
61935,9,7
61936,8,2
61937,3,6
61938,5,4
61939,1,1
61940,0,5
61941,9,7
61942,6,8
61943,3,6
61944,4,0
61945,0,1
61946,6,8
61947,8,2
61948,7,5
61949,9,7
61950,9,7
61951,3,6
61952,2,9
61953,2,3
61954,3,5
61955,6,8
61956,5,4
61957,8,2
61958,5,4
61959,4,0
61960,6,8
61961,6,8
61962,2,3
61963,5,4
61964,5,9
61965,8,2
61966,9,7
61967,7,5
61968,1,8
61969,3,6
61970,2,5
61971,3,6
61972,4,0
61973,2,8
61974,3,6
61975,9,7
61976,2,3
61977,3,6
61978,5,4
61979,5,9
61980,5,4
61981,3,6
61982,7,6
61983,2,3
61984,4,2
61985,5,4
61986,1,1
61987,4,0
61988,1,1
61989,5,4
61990,3,6
61991,8,2
61992,9,9
61993,0,1
61994,1,1
61995,4,0
61996,3,6
61997,2,3
61998,5,9
61999,7,5
62000,3,6
62001,6,5
62002,3,6
62003,7,5
62004,6,8
62005,5,4
62006,3,6
62007,5,4
62008,2,3
62009,5,9
62010,1,1
62011,2,3
62012,5,4
62013,1,1
62014,5,9
62015,1,1
62016,0,7
62017,1,1
62018,1,1
62019,5,9
62020,2,3
62021,7,5
62022,5,4
62023,4,0
62024,9,7
62025,2,3
62026,3,6
62027,1,1
62028,0,7
62029,7,5
62030,7,5
62031,2,3
62032,2,3
62033,4,0
62034,1,1
62035,2,5
62036,9,7
62037,3,5
62038,6,8
62039,3,6
62040,7,5
62041,1,1
62042,4,0
62043,0,4
62044,9,2
62045,2,3
62046,5,4
62047,3,6
62048,9,7
62049,5,9
62050,6,8
62051,1,1
62052,7,8
62053,1,4
62054,9,9
62055,8,2
62056,6,8
62057,4,6
62058,6,2
62059,9,7
62060,4,0
62061,4,0
62062,3,6
62063,1,7
62064,7,5
62065,6,8
62066,3,6
62067,4,0
62068,5,9
62069,2,3
62070,9,7
62071,1,1
62072,2,3
62073,4,5
62074,5,4
62075,2,3
62076,2,3
62077,7,5
62078,7,5
62079,3,6
62080,2,3
62081,4,0
62082,1,2
62083,2,3
62084,5,4
62085,8,2
62086,2,3
62087,4,0
62088,5,9
62089,5,9
62090,5,4
62091,9,7
62092,8,2
62093,0,8
62094,5,4
62095,9,7
62096,4,0
62097,3,6
62098,4,2
62099,5,8
62100,2,5
62101,8,2
62102,6,8
62103,7,5
62104,5,7
62105,2,3
62106,4,0
62107,4,8
62108,8,2
62109,1,3
62110,6,2
62111,6,8
62112,8,2
62113,7,5
62114,7,5
62115,5,7
62116,7,6
62117,5,4
62118,4,6
62119,6,8
62120,5,4
62121,6,8
62122,8,2
62123,9,7
62124,5,4
62125,5,5
62126,8,2
62127,4,0
62128,2,3
62129,9,9
62130,5,4
62131,3,6
62132,9,7
62133,8,2
62134,7,5
62135,0,6
62136,1,1
62137,1,1
62138,8,2
62139,2,3
62140,3,6
62141,9,7
62142,6,8
62143,9,7
62144,3,6
62145,5,4
62146,6,8
62147,5,9
62148,5,4
62149,6,8
62150,3,6
62151,2,3
62152,6,8
62153,2,3
62154,1,1
62155,4,0
62156,3,6
62157,8,2
62158,8,2
62159,7,5
62160,3,6
62161,5,9
62162,7,5
62163,6,8
62164,1,1
62165,5,4
62166,1,1
62167,9,7
62168,6,8
62169,5,4
62170,3,6
62171,1,1
62172,6,8
62173,5,4
62174,2,3
62175,1,1
62176,8,2
62177,2,8
62178,4,0
62179,6,8
62180,2,5
62181,5,9
62182,1,1
62183,5,4
62184,8,2
62185,5,0
62186,4,2
62187,9,7
62188,4,0
62189,0,9
62190,4,0
62191,8,2
62192,2,5
62193,9,7
62194,3,6
62195,9,7
62196,5,9
62197,1,4
62198,8,2
62199,7,6
62200,8,2
62201,5,4
62202,5,4
62203,6,8
62204,4,0
62205,5,4
62206,5,4
62207,7,5
62208,6,8
62209,4,0
62210,3,6
62211,6,8
62212,5,9
62213,6,8
62214,2,5
62215,3,6
62216,5,9
62217,4,0
62218,5,4
62219,6,8
62220,9,7
62221,0,1
62222,2,3
62223,5,4
62224,3,5
62225,6,8
62226,4,0
62227,5,9
62228,1,1
62229,2,3
62230,2,3
62231,3,6
62232,5,9
62233,5,8
62234,9,7
62235,0,1
62236,4,0
62237,7,5
62238,9,7
62239,1,1
62240,9,7
62241,7,5
62242,8,2
62243,9,7
62244,9,9
62245,1,1
62246,6,8
62247,7,5
62248,8,2
62249,5,4
62250,9,9
62251,5,4
62252,9,7
62253,8,2
62254,8,2
62255,2,3
62256,5,4
62257,5,9
62258,0,1
62259,5,9
62260,8,2
62261,0,1
62262,9,7
62263,5,9
62264,5,4
62265,5,4
62266,1,1
62267,3,6
62268,9,7
62269,1,2
62270,9,7
62271,6,8
62272,4,8
62273,1,1
62274,5,9
62275,9,7
62276,1,1
62277,1,1
62278,9,7
62279,2,5
62280,2,3
62281,2,3
62282,7,5
62283,1,1
62284,2,3
62285,9,7
62286,3,6
62287,1,1
62288,2,3
62289,6,8
62290,9,7
62291,2,5
62292,2,9
62293,3,9
62294,4,0
62295,4,0
62296,8,2
62297,6,8
62298,7,8
62299,6,2
62300,2,3
62301,9,7
62302,1,1
62303,2,3
62304,4,0
62305,2,3
62306,5,4
62307,5,4
62308,2,3
62309,6,8
62310,5,9
62311,8,2
62312,2,3
62313,5,9
62314,9,7
62315,1,1
62316,1,1
62317,9,7
62318,4,0
62319,5,4
62320,5,9
62321,3,6
62322,2,5
62323,5,9
62324,1,1
62325,1,7
62326,4,0
62327,8,2
62328,4,0
62329,4,0
62330,5,4
62331,3,6
62332,9,7
62333,4,0
62334,9,7
62335,1,1
62336,5,4
62337,3,6
62338,5,4
62339,7,5
62340,5,4
62341,5,9
62342,5,9
62343,1,1
62344,9,7
62345,9,9
62346,7,5
62347,2,3
62348,2,3
62349,6,8
62350,8,2
62351,2,3
62352,3,6
62353,8,2
62354,8,2
62355,1,1
62356,1,1
62357,1,1
62358,1,1
62359,1,1
62360,3,6
62361,9,9
62362,6,8
62363,5,4
62364,2,3
62365,9,7
62366,1,1
62367,3,6
62368,5,4
62369,5,5
62370,4,0
62371,5,4
62372,9,7
62373,5,4
62374,1,2
62375,5,4
62376,4,0
62377,9,7
62378,2,0
62379,1,1
62380,5,9
62381,6,8
62382,2,8
62383,3,6
62384,4,0
62385,4,0
62386,5,4
62387,1,9
62388,3,6
62389,6,8
62390,8,2
62391,8,2
62392,2,3
62393,2,8
62394,5,4
62395,2,8
62396,4,2
62397,6,2
62398,1,1
62399,9,7
62400,2,5
62401,5,4
62402,5,4
62403,4,0
62404,5,4
62405,2,3
62406,0,9
62407,9,7
62408,2,3
62409,0,1
62410,4,0
62411,1,1
62412,8,2
62413,2,5
62414,1,9
62415,8,2
62416,1,1
62417,4,0
62418,1,1
62419,6,8
62420,5,9
62421,1,1
62422,3,6
62423,6,8
62424,2,3
62425,6,8
62426,5,9
62427,2,3
62428,3,6
62429,6,2
62430,2,8
62431,2,3
62432,8,2
62433,8,2
62434,1,1
62435,4,0
62436,5,4
62437,0,2
62438,9,9
62439,8,2
62440,5,4
62441,2,3
62442,9,7
62443,5,9
62444,1,1
62445,7,5
62446,8,2
62447,5,4
62448,5,9
62449,4,0
62450,2,3
62451,6,8
62452,2,5
62453,2,3
62454,3,6
62455,4,0
62456,9,9
62457,5,4
62458,3,6
62459,8,2
62460,7,5
62461,4,0
62462,4,2
62463,9,7
62464,5,4
62465,3,6
62466,3,6
62467,6,8
62468,3,6
62469,3,6
62470,6,8
62471,3,6
62472,5,9
62473,1,1
62474,9,7
62475,6,2
62476,4,5
62477,5,9
62478,5,9
62479,4,0
62480,9,7
62481,8,2
62482,9,7
62483,3,6
62484,9,7
62485,4,0
62486,3,6
62487,7,5
62488,5,2
62489,5,4
62490,9,7
62491,8,2
62492,4,0
62493,5,9
62494,5,9
62495,8,2
62496,8,2
62497,5,9
62498,5,4
62499,5,4
62500,8,2
62501,2,3
62502,2,3
62503,8,2
62504,1,1
62505,9,7
62506,4,0
62507,9,7
62508,3,6
62509,5,4
62510,0,1
62511,2,3
62512,2,8
62513,9,7
62514,5,4
62515,7,5
62516,5,9
62517,8,2
62518,7,5
62519,1,1
62520,6,8
62521,9,7
62522,2,3
62523,5,7
62524,1,1
62525,7,5
62526,2,5
62527,4,0
62528,5,9
62529,1,1
62530,5,4
62531,4,0
62532,1,6
62533,1,3
62534,2,3
62535,4,6
62536,4,0
62537,5,4
62538,5,9
62539,9,7
62540,2,5
62541,1,1
62542,3,6
62543,6,8
62544,5,9
62545,2,5
62546,7,5
62547,9,7
62548,9,9
62549,2,3
62550,6,8
62551,2,3
62552,6,8
62553,1,1
62554,7,5
62555,2,3
62556,7,5
62557,4,0
62558,7,5
62559,2,5
62560,2,3
62561,6,8
62562,3,6
62563,9,7
62564,9,7
62565,9,7
62566,2,3
62567,9,7
62568,4,0
62569,2,5
62570,5,9
62571,4,0
62572,8,2
62573,1,5
62574,2,5
62575,2,3
62576,1,1
62577,9,7
62578,0,7
62579,6,8
62580,3,6
62581,7,5
62582,9,9
62583,2,3
62584,6,8
62585,5,9
62586,7,5
62587,2,3
62588,5,7
62589,5,9
62590,1,1
62591,9,7
62592,4,0
62593,4,0
62594,2,3
62595,9,7
62596,8,2
62597,2,5
62598,0,8
62599,1,1
62600,6,8
62601,3,6
62602,8,2
62603,5,9
62604,2,5
62605,9,7
62606,7,5
62607,0,7
62608,6,8
62609,3,6
62610,6,2
62611,7,5
62612,1,1
62613,5,4
62614,6,8
62615,5,4
62616,7,5
62617,6,8
62618,2,3
62619,4,0
62620,3,6
62621,8,2
62622,9,7
62623,2,3
62624,2,3
62625,8,2
62626,1,1
62627,4,0
62628,9,7
62629,2,3
62630,5,4
62631,3,0
62632,2,3
62633,9,9
62634,2,3
62635,9,2
62636,2,8
62637,5,9
62638,4,0
62639,2,3
62640,6,8
62641,4,0
62642,9,7
62643,3,6
62644,7,5
62645,5,4
62646,9,7
62647,2,3
62648,4,9
62649,4,0
62650,6,8
62651,3,6
62652,8,2
62653,7,5
62654,1,6
62655,0,1
62656,4,0
62657,4,0
62658,5,4
62659,5,4
62660,4,0
62661,1,1
62662,8,2
62663,2,3
62664,8,2
62665,9,7
62666,9,7
62667,6,8
62668,3,5
62669,8,2
62670,2,5
62671,9,7
62672,3,6
62673,5,9
62674,1,1
62675,5,4
62676,1,1
62677,3,6
62678,5,4
62679,8,2
62680,5,4
62681,2,3
62682,7,5
62683,5,4
62684,2,3
62685,5,9
62686,2,5
62687,4,0
62688,1,1
62689,3,5
62690,2,3
62691,6,8
62692,5,9
62693,1,1
62694,5,9
62695,5,7
62696,5,9
62697,7,5
62698,7,5
62699,8,2
62700,9,7
62701,5,4
62702,3,6
62703,4,0
62704,1,1
62705,1,1
62706,1,1
62707,4,0
62708,5,4
62709,5,4
62710,9,7
62711,3,6
62712,2,3
62713,4,0
62714,4,0
62715,5,4
62716,2,3
62717,4,0
62718,3,6
62719,0,1
62720,5,9
62721,3,6
62722,1,1
62723,2,3
62724,6,8
62725,0,1
62726,8,2
62727,7,5
62728,3,6
62729,8,2
62730,9,7
62731,2,3
62732,3,6
62733,4,0
62734,0,1
62735,5,9
62736,9,7
62737,3,6
62738,3,6
62739,6,8
62740,9,9
62741,8,2
62742,5,9
62743,7,5
62744,6,8
62745,2,3
62746,0,1
62747,4,0
62748,4,0
62749,9,7
62750,7,6
62751,3,6
62752,8,2
62753,0,1
62754,3,6
62755,5,9
62756,2,3
62757,1,1
62758,2,8
62759,3,6
62760,0,9
62761,4,0
62762,3,6
62763,4,0
62764,4,0
62765,4,0
62766,3,6
62767,2,3
62768,7,5
62769,5,9
62770,7,3
62771,5,4
62772,7,5
62773,7,5
62774,6,8
62775,7,5
62776,2,3
62777,4,0
62778,5,4
62779,4,0
62780,2,2
62781,5,9
62782,3,6
62783,6,8
62784,8,2
62785,2,3
62786,1,1
62787,8,2
62788,1,1
62789,0,1
62790,7,5
62791,3,6
62792,5,9
62793,6,8
62794,4,0
62795,3,6
62796,3,6
62797,7,5
62798,7,5
62799,2,3
62800,6,8
62801,3,6
62802,4,2
62803,1,1
62804,5,4
62805,7,5
62806,5,4
62807,2,3
62808,9,7
62809,6,8
62810,2,5
62811,4,0
62812,5,9
62813,2,3
62814,2,5
62815,1,1
62816,0,1
62817,4,0
62818,5,4
62819,5,4
62820,9,7
62821,4,0
62822,1,1
62823,9,7
62824,4,0
62825,1,1
62826,3,6
62827,1,1
62828,5,4
62829,7,5
62830,3,6
62831,3,6
62832,7,5
62833,9,7
62834,2,8
62835,5,4
62836,5,4
62837,9,7
62838,8,2
62839,7,5
62840,2,3
62841,9,7
62842,4,0
62843,9,7
62844,9,7
62845,5,9
62846,3,6
62847,5,4
62848,8,2
62849,6,8
62850,2,5
62851,5,7
62852,6,8
62853,2,3
62854,9,9
62855,7,5
62856,6,8
62857,5,9
62858,5,9
62859,6,8
62860,3,6
62861,8,2
62862,6,8
62863,5,9
62864,8,2
62865,2,3
62866,3,6
62867,1,1
62868,1,1
62869,6,8
62870,5,9
62871,2,3
62872,5,4
62873,4,0
62874,9,7
62875,5,9
62876,3,6
62877,5,4
62878,1,1
62879,5,4
62880,1,1
62881,2,3
62882,5,4
62883,5,9
62884,2,3
62885,1,1
62886,5,4
62887,9,7
62888,9,7
62889,5,4
62890,9,7
62891,8,2
62892,5,9
62893,2,3
62894,4,0
62895,6,8
62896,4,8
62897,6,8
62898,5,4
62899,4,0
62900,5,4
62901,5,4
62902,1,1
62903,7,5
62904,8,2
62905,1,8
62906,2,3
62907,5,4
62908,5,9
62909,7,5
62910,8,2
62911,0,8
62912,1,1
62913,7,5
62914,2,3
62915,9,7
62916,9,9
62917,5,4
62918,8,2
62919,5,5
62920,3,6
62921,2,3
62922,7,5
62923,5,9
62924,2,3
62925,7,5
62926,5,9
62927,2,3
62928,1,1
62929,5,9
62930,0,5
62931,2,3
62932,4,0
62933,3,6
62934,5,9
62935,6,8
62936,5,4
62937,4,0
62938,5,4
62939,5,9
62940,8,2
62941,5,9
62942,4,0
62943,1,1
62944,4,0
62945,9,3
62946,0,1
62947,3,6
62948,2,5
62949,6,8
62950,1,1
62951,7,5
62952,2,3
62953,7,3
62954,4,0
62955,2,3
62956,2,5
62957,0,5
62958,5,9
62959,8,2
62960,6,8
62961,9,7
62962,4,0
62963,5,4
62964,5,9
62965,1,1
62966,5,9
62967,9,7
62968,9,7
62969,7,5
62970,2,5
62971,8,2
62972,4,0
62973,5,9
62974,1,1
62975,6,8
62976,3,6
62977,8,2
62978,2,3
62979,5,9
62980,3,6
62981,8,2
62982,1,1
62983,5,9
62984,1,1
62985,2,3
62986,7,5
62987,7,5
62988,4,0
62989,1,3
62990,6,8
62991,2,3
62992,2,3
62993,9,7
62994,3,6
62995,3,6
62996,4,0
62997,1,1
62998,5,4
62999,4,0
63000,3,6
63001,5,9
63002,6,8
63003,1,1
63004,8,2
63005,1,9
63006,5,9
63007,7,5
63008,5,9
63009,9,7
63010,2,3
63011,5,7
63012,6,8
63013,4,0
63014,1,1
63015,2,3
63016,4,0
63017,5,4
63018,3,6
63019,1,1
63020,4,0
63021,8,2
63022,7,5
63023,6,8
63024,5,4
63025,5,4
63026,0,1
63027,1,1
63028,7,5
63029,5,4
63030,3,6
63031,3,6
63032,4,0
63033,4,6
63034,5,9
63035,8,2
63036,3,6
63037,8,2
63038,5,7
63039,1,1
63040,9,7
63041,5,9
63042,5,4
63043,4,0
63044,4,0
63045,2,3
63046,6,8
63047,8,2
63048,8,2
63049,2,3
63050,1,1
63051,3,6
63052,4,0
63053,7,5
63054,9,7
63055,9,7
63056,5,9
63057,8,2
63058,3,6
63059,9,7
63060,1,9
63061,9,7
63062,2,8
63063,3,6
63064,6,8
63065,1,8
63066,5,4
63067,3,6
63068,6,8
63069,5,4
63070,1,1
63071,8,2
63072,6,8
63073,1,1
63074,2,3
63075,5,9
63076,5,4
63077,4,0
63078,2,3
63079,9,7
63080,2,3
63081,8,2
63082,2,3
63083,2,3
63084,9,7
63085,2,3
63086,5,4
63087,4,0
63088,3,6
63089,8,2
63090,4,0
63091,6,8
63092,0,1
63093,2,5
63094,2,3
63095,7,5
63096,5,4
63097,0,1
63098,9,7
63099,0,1
63100,2,5
63101,9,7
63102,7,5
63103,9,7
63104,2,3
63105,8,2
63106,8,2
63107,9,7
63108,2,3
63109,5,7
63110,2,3
63111,9,7
63112,2,8
63113,7,5
63114,5,4
63115,0,5
63116,8,2
63117,7,5
63118,3,6
63119,7,5
63120,2,3
63121,3,6
63122,5,7
63123,5,4
63124,1,1
63125,9,7
63126,1,1
63127,7,5
63128,8,2
63129,2,3
63130,3,6
63131,2,3
63132,1,1
63133,5,4
63134,8,2
63135,3,6
63136,0,7
63137,5,4
63138,2,3
63139,6,8
63140,4,0
63141,3,6
63142,8,2
63143,1,1
63144,3,6
63145,5,5
63146,2,3
63147,5,9
63148,1,1
63149,5,9
63150,2,3
63151,1,2
63152,1,1
63153,2,8
63154,5,4
63155,5,4
63156,3,6
63157,2,5
63158,6,8
63159,3,6
63160,5,9
63161,9,7
63162,9,7
63163,6,8
63164,3,6
63165,5,9
63166,0,7
63167,1,3
63168,5,9
63169,5,4
63170,4,0
63171,2,5
63172,5,4
63173,3,6
63174,5,4
63175,1,1
63176,9,2
63177,2,3
63178,4,0
63179,4,0
63180,8,2
63181,3,6
63182,3,6
63183,7,5
63184,9,7
63185,4,0
63186,6,8
63187,3,6
63188,5,4
63189,9,7
63190,5,9
63191,4,0
63192,9,7
63193,2,3
63194,5,4
63195,8,2
63196,1,1
63197,6,8
63198,6,8
63199,7,5
63200,5,9
63201,8,2
63202,9,7
63203,1,1
63204,6,8
63205,6,8
63206,2,8
63207,8,2
63208,9,7
63209,3,6
63210,4,0
63211,0,1
63212,8,2
63213,9,7
63214,0,1
63215,4,0
63216,6,8
63217,2,3
63218,7,6
63219,4,0
63220,7,5
63221,2,3
63222,3,6
63223,8,2
63224,6,8
63225,1,7
63226,4,0
63227,1,1
63228,5,4
63229,8,2
63230,1,1
63231,1,1
63232,5,4
63233,5,4
63234,5,4
63235,5,4
63236,1,7
63237,1,1
63238,3,6
63239,8,2
63240,2,9
63241,5,9
63242,4,0
63243,4,0
63244,1,1
63245,0,8
63246,2,8
63247,5,4
63248,2,3
63249,5,4
63250,0,2
63251,4,0
63252,7,6
63253,1,1
63254,7,6
63255,1,1
63256,8,2
63257,8,2
63258,8,2
63259,1,1
63260,8,2
63261,2,3
63262,9,7
63263,6,8
63264,1,1
63265,4,0
63266,4,0
63267,8,2
63268,1,1
63269,4,6
63270,3,6
63271,4,0
63272,0,1
63273,3,6
63274,8,2
63275,2,5
63276,1,1
63277,9,7
63278,5,4
63279,6,8
63280,1,2
63281,1,1
63282,5,4
63283,2,3
63284,6,8
63285,2,3
63286,5,9
63287,5,9
63288,5,4
63289,9,8
63290,2,3
63291,5,4
63292,5,7
63293,8,2
63294,9,7
63295,7,5
63296,9,7
63297,4,0
63298,5,4
63299,2,3
63300,2,3
63301,1,2
63302,3,6
63303,9,7
63304,3,6
63305,4,0
63306,4,0
63307,3,6
63308,9,7
63309,9,7
63310,4,0
63311,7,5
63312,2,5
63313,6,8
63314,1,1
63315,4,0
63316,5,7
63317,4,0
63318,8,2
63319,6,8
63320,1,1
63321,7,5
63322,4,0
63323,2,8
63324,6,8
63325,4,0
63326,2,3
63327,8,2
63328,9,7
63329,1,7
63330,4,2
63331,3,6
63332,5,4
63333,5,7
63334,7,5
63335,7,5
63336,7,5
63337,8,2
63338,5,9
63339,1,2
63340,6,8
63341,0,4
63342,3,6
63343,6,8
63344,3,6
63345,2,5
63346,4,0
63347,4,0
63348,6,8
63349,9,7
63350,3,6
63351,0,1
63352,9,7
63353,1,1
63354,1,1
63355,8,2
63356,9,7
63357,5,4
63358,4,0
63359,4,0
63360,9,7
63361,9,7
63362,3,6
63363,2,3
63364,6,8
63365,1,6
63366,5,4
63367,8,2
63368,4,0
63369,1,9
63370,5,4
63371,4,0
63372,7,5
63373,5,7
63374,6,8
63375,8,2
63376,9,7
63377,5,4
63378,9,7
63379,1,1
63380,1,1
63381,2,3
63382,3,6
63383,3,6
63384,3,2
63385,5,9
63386,1,1
63387,5,9
63388,5,4
63389,6,8
63390,2,3
63391,3,6
63392,5,9
63393,7,5
63394,5,9
63395,3,6
63396,8,2
63397,5,4
63398,3,6
63399,9,7
63400,9,7
63401,4,0
63402,3,6
63403,3,6
63404,5,9
63405,0,4
63406,6,8
63407,2,3
63408,2,5
63409,2,3
63410,5,4
63411,9,9
63412,4,0
63413,4,0
63414,2,5
63415,8,2
63416,7,5
63417,4,0
63418,9,7
63419,1,1
63420,1,1
63421,1,1
63422,4,6
63423,9,7
63424,3,6
63425,9,7
63426,5,9
63427,3,6
63428,3,6
63429,5,4
63430,1,1
63431,5,4
63432,2,3
63433,0,1
63434,1,1
63435,8,2
63436,1,2
63437,5,4
63438,1,1
63439,4,0
63440,6,8
63441,9,7
63442,3,6
63443,2,3
63444,5,4
63445,4,0
63446,4,0
63447,3,6
63448,2,3
63449,2,3
63450,4,0
63451,9,7
63452,1,1
63453,1,7
63454,1,1
63455,1,1
63456,2,3
63457,1,1
63458,4,0
63459,5,9
63460,5,9
63461,9,7
63462,7,5
63463,5,4
63464,1,1
63465,5,4
63466,6,8
63467,9,9
63468,3,5
63469,2,3
63470,7,5
63471,0,1
63472,5,9
63473,2,8
63474,8,2
63475,9,3
63476,2,3
63477,9,9
63478,5,9
63479,4,0
63480,1,1
63481,4,0
63482,8,2
63483,5,9
63484,2,3
63485,5,9
63486,2,3
63487,2,3
63488,3,6
63489,8,2
63490,5,4
63491,5,9
63492,2,8
63493,2,3
63494,9,7
63495,5,4
63496,4,0
63497,5,4
63498,5,7
63499,6,8
63500,5,4
63501,5,9
63502,6,8
63503,1,9
63504,9,9
63505,9,7
63506,3,5
63507,5,9
63508,8,2
63509,6,8
63510,1,2
63511,9,2
63512,4,0
63513,8,2
63514,8,2
63515,2,3
63516,2,8
63517,5,4
63518,3,6
63519,2,8
63520,5,6
63521,6,8
63522,1,2
63523,5,4
63524,3,6
63525,8,7
63526,5,9
63527,2,3
63528,2,3
63529,5,9
63530,5,4
63531,2,3
63532,1,1
63533,5,4
63534,5,4
63535,9,7
63536,4,0
63537,7,5
63538,5,9
63539,3,6
63540,4,0
63541,5,4
63542,5,4
63543,5,4
63544,5,4
63545,3,6
63546,1,1
63547,8,2
63548,2,3
63549,2,3
63550,3,6
63551,5,4
63552,7,5
63553,5,9
63554,3,6
63555,6,8
63556,7,5
63557,7,6
63558,4,5
63559,2,8
63560,3,6
63561,5,4
63562,1,1
63563,6,8
63564,3,6
63565,3,5
63566,8,2
63567,0,8
63568,5,4
63569,2,5
63570,7,5
63571,5,4
63572,9,7
63573,9,7
63574,4,0
63575,9,7
63576,6,8
63577,6,2
63578,2,2
63579,2,3
63580,0,7
63581,4,0
63582,1,1
63583,6,8
63584,4,0
63585,9,7
63586,1,1
63587,9,9
63588,6,8
63589,9,7
63590,7,5
63591,2,5
63592,5,9
63593,0,1
63594,9,7
63595,7,5
63596,5,4
63597,2,9
63598,1,1
63599,1,2
63600,6,2
63601,1,1
63602,3,6
63603,3,6
63604,9,7
63605,0,1
63606,1,1
63607,5,4
63608,4,0
63609,9,7
63610,5,4
63611,8,2
63612,5,4
63613,4,0
63614,3,6
63615,5,4
63616,9,7
63617,3,6
63618,9,9
63619,7,5
63620,2,3
63621,5,4
63622,3,6
63623,7,5
63624,4,0
63625,1,1
63626,2,8
63627,6,8
63628,8,2
63629,2,8
63630,2,3
63631,7,5
63632,9,7
63633,6,8
63634,4,0
63635,4,8
63636,7,5
63637,9,7
63638,1,1
63639,1,1
63640,4,0
63641,1,1
63642,2,3
63643,9,7
63644,6,8
63645,7,5
63646,4,0
63647,9,7
63648,1,1
63649,1,1
63650,4,0
63651,1,1
63652,1,1
63653,5,4
63654,7,5
63655,8,2
63656,9,7
63657,3,6
63658,8,2
63659,2,3
63660,4,0
63661,8,2
63662,6,8
63663,7,5
63664,5,9
63665,3,6
63666,5,9
63667,9,7
63668,8,2
63669,1,1
63670,2,3
63671,3,6
63672,5,4
63673,1,1
63674,6,8
63675,8,2
63676,5,4
63677,4,0
63678,2,5
63679,1,1
63680,4,0
63681,8,2
63682,8,2
63683,3,6
63684,5,4
63685,5,4
63686,2,3
63687,5,9
63688,1,6
63689,1,1
63690,3,6
63691,7,5
63692,9,7
63693,5,9
63694,8,2
63695,4,0
63696,2,2
63697,3,6
63698,4,0
63699,1,1
63700,5,4
63701,2,3
63702,1,5
63703,8,2
63704,6,8
63705,6,8
63706,4,0
63707,6,8
63708,6,8
63709,5,9
63710,4,0
63711,5,9
63712,3,6
63713,9,7
63714,3,6
63715,2,3
63716,2,9
63717,2,3
63718,5,4
63719,9,7
63720,9,7
63721,9,7
63722,5,4
63723,5,9
63724,4,0
63725,3,6
63726,5,4
63727,3,8
63728,5,4
63729,8,2
63730,5,7
63731,8,2
63732,6,8
63733,0,1
63734,4,0
63735,4,0
63736,9,7
63737,6,8
63738,2,3
63739,2,3
63740,2,3
63741,1,1
63742,2,3
63743,9,7
63744,3,6
63745,1,1
63746,2,3
63747,1,1
63748,7,6
63749,4,6
63750,7,5
63751,1,7
63752,5,4
63753,9,7
63754,7,5
63755,5,9
63756,2,5
63757,0,8
63758,5,4
63759,5,9
63760,9,9
63761,1,1
63762,7,6
63763,7,5
63764,4,0
63765,1,1
63766,2,3
63767,8,7
63768,4,0
63769,9,3
63770,5,4
63771,6,8
63772,8,2
63773,8,2
63774,4,0
63775,8,2
63776,6,5
63777,1,1
63778,5,5
63779,1,1
63780,3,4
63781,6,8
63782,2,8
63783,5,9
63784,1,1
63785,8,2
63786,1,1
63787,2,3
63788,7,5
63789,1,1
63790,4,0
63791,5,9
63792,5,4
63793,5,4
63794,6,8
63795,2,3
63796,1,2
63797,7,5
63798,5,9
63799,9,7
63800,7,6
63801,3,6
63802,8,2
63803,4,0
63804,4,0
63805,4,0
63806,7,5
63807,6,8
63808,0,7
63809,1,1
63810,7,5
63811,2,2
63812,2,3
63813,6,8
63814,7,5
63815,1,1
63816,6,8
63817,8,2
63818,3,0
63819,5,4
63820,5,9
63821,5,9
63822,3,6
63823,8,2
63824,2,3
63825,2,3
63826,7,5
63827,3,6
63828,5,4
63829,6,8
63830,4,0
63831,5,9
63832,8,2
63833,6,8
63834,2,3
63835,4,6
63836,5,7
63837,7,5
63838,0,7
63839,8,2
63840,5,9
63841,5,4
63842,5,9
63843,1,1
63844,8,2
63845,6,8
63846,4,6
63847,4,0
63848,9,7
63849,4,0
63850,5,9
63851,1,1
63852,0,1
63853,6,6
63854,9,7
63855,7,5
63856,5,9
63857,5,9
63858,1,1
63859,5,9
63860,7,5
63861,5,9
63862,1,2
63863,7,5
63864,4,0
63865,5,4
63866,1,1
63867,4,0
63868,6,8
63869,5,9
63870,4,0
63871,6,8
63872,5,9
63873,6,8
63874,5,9
63875,5,4
63876,1,2
63877,7,5
63878,9,7
63879,5,9
63880,6,8
63881,5,9
63882,6,8
63883,4,0
63884,5,9
63885,5,9
63886,3,6
63887,6,8
63888,5,9
63889,9,9
63890,7,5
63891,9,9
63892,6,8
63893,3,5
63894,1,1
63895,4,0
63896,2,3
63897,2,3
63898,2,5
63899,8,2
63900,1,1
63901,3,6
63902,2,5
63903,4,0
63904,8,2
63905,6,8
63906,1,1
63907,7,5
63908,3,6
63909,8,2
63910,2,3
63911,4,0
63912,8,2
63913,8,2
63914,3,6
63915,5,4
63916,2,3
63917,2,5
63918,7,5
63919,1,1
63920,9,7
63921,8,2
63922,1,1
63923,3,6
63924,5,9
63925,0,1
63926,2,9
63927,5,9
63928,2,5
63929,2,5
63930,1,1
63931,3,6
63932,8,2
63933,8,2
63934,6,8
63935,3,6
63936,9,7
63937,1,1
63938,5,4
63939,3,6
63940,4,0
63941,3,4
63942,4,0
63943,2,3
63944,2,3
63945,8,2
63946,1,2
63947,2,3
63948,3,6
63949,6,8
63950,5,9
63951,9,8
63952,7,5
63953,2,3
63954,6,8
63955,7,5
63956,5,4
63957,7,5
63958,8,2
63959,4,0
63960,7,5
63961,3,6
63962,2,3
63963,8,2
63964,6,8
63965,2,3
63966,5,9
63967,5,9
63968,2,5
63969,9,7
63970,5,9
63971,5,4
63972,3,6
63973,9,7
63974,1,1
63975,2,3
63976,1,7
63977,2,3
63978,3,6
63979,3,6
63980,4,0
63981,5,9
63982,4,0
63983,0,1
63984,1,9
63985,5,9
63986,1,2
63987,6,8
63988,7,8
63989,4,0
63990,1,1
63991,3,6
63992,5,9
63993,9,7
63994,7,5
63995,2,3
63996,5,4
63997,9,7
63998,5,4
63999,5,9
64000,5,9
64001,5,4
64002,2,3
64003,3,6
64004,2,3
64005,1,1
64006,1,1
64007,1,7
64008,3,6
64009,5,9
64010,1,1
64011,2,8
64012,5,4
64013,1,1
64014,1,1
64015,2,9
64016,9,9
64017,1,4
64018,2,3
64019,3,6
64020,6,8
64021,1,1
64022,3,6
64023,4,0
64024,5,4
64025,1,1
64026,2,3
64027,5,7
64028,9,7
64029,5,4
64030,5,9
64031,2,5
64032,0,1
64033,4,0
64034,4,0
64035,1,1
64036,1,1
64037,7,6
64038,8,2
64039,1,1
64040,5,9
64041,6,8
64042,5,4
64043,4,0
64044,2,3
64045,3,6
64046,5,4
64047,5,9
64048,4,0
64049,9,7
64050,1,1
64051,3,6
64052,2,5
64053,9,7
64054,7,5
64055,8,2
64056,7,5
64057,1,1
64058,6,8
64059,7,5
64060,5,4
64061,9,7
64062,4,0
64063,7,6
64064,9,7
64065,5,0
64066,8,2
64067,7,5
64068,2,8
64069,1,1
64070,4,0
64071,5,4
64072,7,5
64073,9,7
64074,1,1
64075,2,8
64076,7,5
64077,1,1
64078,8,9
64079,4,0
64080,4,0
64081,3,6
64082,4,0
64083,9,7
64084,2,3
64085,1,1
64086,6,8
64087,2,3
64088,5,9
64089,9,7
64090,4,0
64091,4,0
64092,6,8
64093,5,9
64094,7,5
64095,5,9
64096,6,8
64097,2,3
64098,8,2
64099,9,7
64100,8,2
64101,5,9
64102,5,7
64103,8,2
64104,1,1
64105,1,1
64106,2,3
64107,9,7
64108,7,5
64109,2,3
64110,1,1
64111,5,9
64112,6,8
64113,8,2
64114,8,2
64115,8,2
64116,2,8
64117,6,8
64118,7,5
64119,9,7
64120,2,3
64121,6,8
64122,5,9
64123,6,8
64124,2,8
64125,3,6
64126,6,8
64127,8,2
64128,2,3
64129,5,9
64130,9,7
64131,7,5
64132,3,6
64133,8,2
64134,5,9
64135,8,2
64136,6,8
64137,6,8
64138,1,1
64139,3,6
64140,2,8
64141,6,8
64142,9,7
64143,5,9
64144,1,1
64145,2,8
64146,4,0
64147,1,1
64148,9,7
64149,8,2
64150,4,0
64151,9,7
64152,0,5
64153,1,1
64154,5,9
64155,4,0
64156,6,2
64157,4,0
64158,5,9
64159,6,8
64160,3,6
64161,8,2
64162,2,3
64163,4,9
64164,2,3
64165,2,8
64166,4,0
64167,8,2
64168,1,1
64169,1,1
64170,1,1
64171,1,1
64172,5,4
64173,8,2
64174,5,9
64175,9,7
64176,9,2
64177,7,5
64178,0,1
64179,1,1
64180,8,2
64181,1,1
64182,5,9
64183,5,9
64184,5,9
64185,0,1
64186,4,0
64187,5,2
64188,4,0
64189,8,2
64190,1,1
64191,1,1
64192,5,4
64193,3,6
64194,5,4
64195,1,1
64196,2,5
64197,5,4
64198,5,9
64199,5,7
64200,9,7
64201,1,1
64202,7,5
64203,3,6
64204,8,2
64205,2,2
64206,8,2
64207,6,8
64208,4,0
64209,3,6
64210,5,9
64211,7,6
64212,1,1
64213,5,9
64214,9,7
64215,9,7
64216,1,1
64217,5,4
64218,6,8
64219,7,5
64220,2,3
64221,5,4
64222,2,3
64223,5,4
64224,5,9
64225,9,7
64226,7,5
64227,4,0
64228,9,7
64229,5,4
64230,6,8
64231,6,8
64232,1,1
64233,7,5
64234,2,3
64235,5,9
64236,7,5
64237,5,9
64238,9,7
64239,7,6
64240,5,9
64241,4,0
64242,2,3
64243,3,6
64244,2,3
64245,5,9
64246,6,8
64247,8,2
64248,1,2
64249,1,1
64250,8,2
64251,6,8
64252,3,6
64253,6,8
64254,7,5
64255,2,5
64256,4,3
64257,5,9
64258,5,4
64259,5,9
64260,8,2
64261,3,5
64262,0,1
64263,2,5
64264,1,1
64265,1,4
64266,5,4
64267,1,1
64268,5,4
64269,5,4
64270,2,3
64271,2,5
64272,5,9
64273,1,1
64274,8,2
64275,8,2
64276,2,3
64277,2,3
64278,4,0
64279,8,2
64280,5,9
64281,4,0
64282,4,0
64283,5,9
64284,2,9
64285,3,6
64286,4,0
64287,5,9
64288,2,3
64289,9,2
64290,6,8
64291,5,4
64292,1,1
64293,5,9
64294,5,9
64295,9,7
64296,8,2
64297,0,7
64298,5,9
64299,9,9
64300,7,5
64301,5,9
64302,7,5
64303,0,1
64304,1,1
64305,6,8
64306,9,3
64307,7,5
64308,0,1
64309,5,9
64310,7,5
64311,2,3
64312,7,5
64313,5,4
64314,9,9
64315,3,5
64316,9,9
64317,2,3
64318,1,1
64319,5,9
64320,4,0
64321,5,9
64322,9,7
64323,7,5
64324,5,4
64325,9,9
64326,8,2
64327,4,0
64328,1,1
64329,4,0
64330,7,5
64331,1,1
64332,5,4
64333,5,9
64334,2,3
64335,2,3
64336,3,6
64337,1,1
64338,2,5
64339,8,2
64340,2,5
64341,2,2
64342,8,2
64343,4,0
64344,5,9
64345,8,2
64346,3,6
64347,3,6
64348,4,0
64349,1,1
64350,8,2
64351,4,0
64352,2,3
64353,4,0
64354,8,2
64355,2,5
64356,7,5
64357,9,7
64358,9,9
64359,2,5
64360,2,5
64361,4,0
64362,6,8
64363,5,9
64364,7,5
64365,4,0
64366,2,3
64367,8,2
64368,3,5
64369,0,9
64370,4,0
64371,6,8
64372,6,8
64373,5,4
64374,3,5
64375,6,8
64376,6,8
64377,5,4
64378,7,5
64379,5,4
64380,7,8
64381,7,5
64382,5,4
64383,5,9
64384,8,2
64385,8,2
64386,1,1
64387,8,2
64388,3,6
64389,1,8
64390,6,8
64391,5,7
64392,4,0
64393,2,3
64394,3,6
64395,3,6
64396,5,4
64397,2,3
64398,6,8
64399,3,8
64400,5,7
64401,8,2
64402,8,2
64403,4,0
64404,4,0
64405,5,9
64406,2,3
64407,9,9
64408,5,9
64409,1,1
64410,9,9
64411,6,8
64412,3,6
64413,7,6
64414,5,4
64415,8,2
64416,3,6
64417,5,9
64418,8,2
64419,6,8
64420,2,5
64421,5,4
64422,2,5
64423,9,7
64424,5,9
64425,5,9
64426,5,9
64427,6,2
64428,1,1
64429,6,8
64430,2,3
64431,5,4
64432,4,0
64433,1,7
64434,6,8
64435,9,3
64436,5,9
64437,2,3
64438,3,4
64439,4,6
64440,2,5
64441,3,6
64442,8,2
64443,1,3
64444,5,9
64445,8,2
64446,3,6
64447,4,0
64448,4,0
64449,3,6
64450,1,1
64451,6,2
64452,6,8
64453,9,7
64454,9,9
64455,6,8
64456,8,2
64457,4,0
64458,5,4
64459,9,7
64460,9,7
64461,7,5
64462,4,0
64463,7,5
64464,3,6
64465,5,4
64466,3,6
64467,9,7
64468,5,4
64469,2,3
64470,4,0
64471,9,7
64472,7,5
64473,4,0
64474,9,7
64475,5,4
64476,8,2
64477,3,0
64478,6,8
64479,5,9
64480,5,9
64481,5,4
64482,4,2
64483,5,4
64484,3,6
64485,9,7
64486,2,8
64487,9,7
64488,3,6
64489,2,9
64490,5,4
64491,1,1
64492,2,3
64493,9,7
64494,2,3
64495,4,0
64496,6,8
64497,9,8
64498,1,7
64499,3,6
64500,1,9
64501,2,3
64502,5,9
64503,1,2
64504,8,2
64505,5,9
64506,8,2
64507,0,1
64508,6,8
64509,2,3
64510,8,2
64511,5,9
64512,3,6
64513,6,8
64514,5,4
64515,4,0
64516,1,1
64517,8,2
64518,6,8
64519,5,4
64520,7,5
64521,8,2
64522,9,7
64523,6,8
64524,1,1
64525,1,1
64526,2,3
64527,4,0
64528,2,3
64529,7,5
64530,9,7
64531,4,0
64532,2,3
64533,1,1
64534,5,9
64535,2,3
64536,3,6
64537,2,3
64538,1,1
64539,9,7
64540,0,7
64541,2,3
64542,4,0
64543,6,8
64544,5,4
64545,6,8
64546,8,2
64547,3,6
64548,3,5
64549,8,2
64550,5,9
64551,9,7
64552,2,3
64553,5,9
64554,4,0
64555,5,9
64556,5,9
64557,3,6
64558,5,4
64559,8,2
64560,5,9
64561,9,7
64562,8,2
64563,0,1
64564,1,1
64565,3,6
64566,9,7
64567,5,4
64568,9,7
64569,7,5
64570,9,9
64571,3,6
64572,6,8
64573,8,2
64574,1,1
64575,3,4
64576,5,4
64577,0,5
64578,5,7
64579,3,6
64580,0,1
64581,2,3
64582,8,2
64583,0,5
64584,5,9
64585,5,9
64586,2,3
64587,3,6
64588,1,1
64589,0,1
64590,5,4
64591,3,6
64592,5,9
64593,9,7
64594,8,2
64595,1,1
64596,7,5
64597,1,1
64598,5,4
64599,3,6
64600,2,3
64601,5,8
64602,0,1
64603,1,1
64604,4,0
64605,2,3
64606,0,1
64607,3,6
64608,6,8
64609,5,4
64610,5,9
64611,4,0
64612,9,7
64613,2,3
64614,4,0
64615,8,2
64616,5,9
64617,4,0
64618,3,6
64619,3,6
64620,7,6
64621,2,3
64622,3,6
64623,9,7
64624,9,7
64625,8,2
64626,6,8
64627,3,6
64628,4,0
64629,6,8
64630,2,3
64631,4,0
64632,8,2
64633,5,9
64634,6,8
64635,2,3
64636,8,2
64637,7,5
64638,2,3
64639,5,8
64640,6,8
64641,4,0
64642,4,0
64643,1,1
64644,5,9
64645,7,5
64646,1,1
64647,2,3
64648,5,9
64649,3,6
64650,4,0
64651,1,1
64652,5,4
64653,1,1
64654,9,7
64655,1,1
64656,8,2
64657,2,3
64658,9,7
64659,5,9
64660,9,7
64661,5,4
64662,5,9
64663,5,9
64664,2,3
64665,5,9
64666,8,2
64667,6,8
64668,8,2
64669,9,7
64670,1,1
64671,2,8
64672,4,0
64673,5,9
64674,1,1
64675,4,0
64676,1,1
64677,9,7
64678,9,7
64679,5,9
64680,3,6
64681,5,9
64682,5,9
64683,5,9
64684,8,2
64685,1,1
64686,3,6
64687,1,1
64688,2,3
64689,7,5
64690,5,7
64691,1,1
64692,5,9
64693,5,7
64694,3,6
64695,5,4
64696,2,5
64697,9,7
64698,3,6
64699,1,6
64700,5,9
64701,5,9
64702,3,6
64703,2,3
64704,3,6
64705,8,2
64706,5,9
64707,6,8
64708,1,1
64709,8,2
64710,8,2
64711,7,5
64712,7,5
64713,8,2
64714,2,3
64715,9,7
64716,8,2
64717,0,1
64718,4,0
64719,1,1
64720,4,0
64721,5,4
64722,7,5
64723,8,2
64724,2,8
64725,8,2
64726,6,8
64727,2,3
64728,7,5
64729,1,1
64730,9,7
64731,6,8
64732,0,1
64733,0,1
64734,8,2
64735,5,9
64736,9,7
64737,6,8
64738,5,4
64739,4,0
64740,2,3
64741,4,0
64742,9,7
64743,2,8
64744,2,8
64745,5,4
64746,9,7
64747,9,7
64748,6,8
64749,7,5
64750,6,8
64751,1,4
64752,5,9
64753,6,8
64754,1,1
64755,2,3
64756,6,8
64757,4,0
64758,2,3
64759,1,1
64760,9,7
64761,0,9
64762,7,5
64763,3,5
64764,1,1
64765,3,6
64766,7,5
64767,9,7
64768,5,4
64769,5,9
64770,2,3
64771,7,5
64772,5,4
64773,9,7
64774,1,1
64775,8,2
64776,4,0
64777,1,8
64778,1,1
64779,3,6
64780,4,0
64781,9,7
64782,2,3
64783,5,4
64784,9,7
64785,6,3
64786,9,9
64787,3,6
64788,4,0
64789,6,8
64790,3,6
64791,5,4
64792,6,8
64793,9,7
64794,9,7
64795,5,9
64796,2,3
64797,6,8
64798,3,6
64799,5,9
64800,9,7
64801,8,2
64802,2,3
64803,5,4
64804,4,0
64805,8,2
64806,1,1
64807,2,8
64808,2,3
64809,7,5
64810,7,5
64811,9,7
64812,1,2
64813,5,4
64814,4,6
64815,9,7
64816,3,2
64817,6,8
64818,2,3
64819,4,0
64820,6,8
64821,9,7
64822,6,8
64823,5,9
64824,4,0
64825,6,8
64826,5,4
64827,5,4
64828,3,5
64829,6,8
64830,7,5
64831,3,6
64832,3,6
64833,2,3
64834,4,0
64835,5,9
64836,2,3
64837,0,7
64838,7,6
64839,6,8
64840,5,9
64841,2,3
64842,5,4
64843,5,9
64844,2,5
64845,6,8
64846,5,9
64847,1,1
64848,8,2
64849,6,8
64850,6,8
64851,3,6
64852,6,8
64853,1,1
64854,2,3
64855,9,7
64856,9,9
64857,4,0
64858,1,1
64859,1,1
64860,5,4
64861,9,7
64862,4,0
64863,5,8
64864,1,1
64865,9,7
64866,5,4
64867,7,5
64868,0,7
64869,1,1
64870,8,2
64871,1,1
64872,1,1
64873,2,3
64874,3,9
64875,3,6
64876,3,2
64877,1,1
64878,8,2
64879,3,8
64880,4,0
64881,9,7
64882,3,6
64883,3,6
64884,5,9
64885,2,3
64886,1,7
64887,4,0
64888,4,5
64889,8,2
64890,3,8
64891,4,0
64892,7,5
64893,5,4
64894,2,3
64895,6,8
64896,5,4
64897,3,6
64898,3,6
64899,8,2
64900,9,7
64901,5,9
64902,7,5
64903,1,1
64904,2,3
64905,8,2
64906,5,4
64907,2,3
64908,3,6
64909,1,1
64910,5,9
64911,5,4
64912,5,4
64913,9,7
64914,3,6
64915,3,5
64916,5,4
64917,1,1
64918,5,9
64919,5,9
64920,8,2
64921,0,7
64922,6,8
64923,4,0
64924,1,1
64925,2,3
64926,3,6
64927,1,1
64928,2,3
64929,5,4
64930,1,1
64931,1,1
64932,0,1
64933,7,5
64934,3,6
64935,4,0
64936,9,7
64937,4,0
64938,9,7
64939,1,2
64940,2,3
64941,8,2
64942,2,5
64943,9,2
64944,8,2
64945,5,9
64946,5,4
64947,5,9
64948,5,8
64949,1,1
64950,2,2
64951,0,1
64952,3,6
64953,1,1
64954,8,2
64955,9,7
64956,5,8
64957,4,0
64958,4,0
64959,4,0
64960,6,8
64961,8,2
64962,8,2
64963,9,9
64964,8,2
64965,8,2
64966,1,7
64967,5,9
64968,5,9
64969,8,2
64970,9,7
64971,2,5
64972,1,1
64973,2,3
64974,5,4
64975,5,9
64976,5,4
64977,1,1
64978,9,8
64979,2,5
64980,3,6
64981,8,2
64982,6,8
64983,2,3
64984,1,1
64985,8,2
64986,6,8
64987,5,4
64988,5,9
64989,5,9
64990,1,3
64991,9,7
64992,4,0
64993,9,7
64994,9,7
64995,1,2
64996,2,3
64997,8,2
64998,5,4
64999,4,0
65000,2,3
65001,5,9
65002,5,9
65003,6,8
65004,5,4
65005,0,1
65006,4,0
65007,3,6
65008,4,0
65009,5,9
65010,3,6
65011,0,8
65012,3,6
65013,1,1
65014,1,1
65015,5,9
65016,6,8
65017,5,9
65018,8,2
65019,2,3
65020,7,5
65021,7,5
65022,5,9
65023,5,4
65024,8,2
65025,0,1
65026,5,9
65027,5,4
65028,2,3
65029,5,9
65030,3,6
65031,4,0
65032,5,4
65033,4,0
65034,3,6
65035,4,0
65036,0,1
65037,8,2
65038,2,3
65039,5,4
65040,9,7
65041,6,8
65042,9,9
65043,4,0
65044,0,1
65045,8,2
65046,2,3
65047,5,4
65048,9,7
65049,6,8
65050,9,9
65051,4,0
65052,0,1
65053,8,2
65054,2,3
65055,5,4
65056,7,5
65057,3,6
65058,9,7
65059,6,8
65060,9,9
65061,6,8
65062,2,3
65063,0,4
65064,9,7
65065,6,8
65066,3,6
65067,8,3
65068,0,4
65069,4,0
65070,9,9
65071,9,7
65072,0,1
65073,9,9
65074,2,3
65075,6,8
65076,5,4
65077,9,7
65078,8,3
65079,4,0
65080,5,9
65081,0,1
65082,5,4
65083,7,5
65084,5,4
65085,3,6
65086,8,2
65087,4,0
65088,3,6
65089,8,2
65090,0,1
65091,0,1
65092,0,1
65093,0,1
65094,9,7
65095,8,2
65096,5,4
65097,9,7
65098,7,5
65099,8,2
65100,5,9
65101,5,4
65102,7,5
65103,6,8
65104,5,4
65105,8,2
65106,9,9
65107,9,7
65108,4,0
65109,4,0
65110,9,7
65111,7,5
65112,0,1
65113,0,1
65114,9,7
65115,3,6
65116,3,6
65117,3,6
65118,6,8
65119,8,2
65120,8,2
65121,9,7
65122,9,7
65123,5,4
65124,4,0
65125,8,2
65126,5,4
65127,8,2
65128,0,1
65129,6,8
65130,9,9
65131,3,6
65132,0,1
65133,4,0
65134,7,5
65135,9,9
65136,3,6
65137,9,9
65138,6,8
65139,4,0
65140,7,3
65141,4,0
65142,6,8
65143,2,3
65144,9,9
65145,3,6
65146,2,3
65147,4,0
65148,0,1
65149,8,2
65150,2,3
65151,5,4
65152,7,5
65153,3,6
65154,9,7
65155,4,0
65156,1,1
65157,8,2
65158,2,3
65159,5,4
65160,7,5
65161,3,6
65162,9,7
65163,6,8
65164,9,9
65165,4,0
65166,0,1
65167,8,2
65168,2,3
65169,5,4
65170,7,5
65171,3,6
65172,9,7
65173,6,8
65174,7,5
65175,5,4
65176,5,8
65177,9,7
65178,5,4
65179,9,7
65180,9,7
65181,2,3
65182,9,9
65183,6,8
65184,6,8
65185,2,3
65186,1,1
65187,7,5
65188,6,8
65189,8,2
65190,9,7
65191,5,4
65192,8,2
65193,1,1
65194,7,5
65195,5,4
65196,7,5
65197,7,5
65198,6,8
65199,3,6
65200,5,4
65201,5,4
65202,5,4
65203,1,1
65204,6,8
65205,9,7
65206,7,5
65207,7,5
65208,0,1
65209,6,8
65210,5,9
65211,1,1
65212,2,3
65213,3,6
65214,2,3
65215,2,3
65216,8,2
65217,8,2
65218,3,6
65219,9,9
65220,5,9
65221,3,6
65222,7,5
65223,7,5
65224,2,3
65225,2,3
65226,6,8
65227,0,1
65228,3,6
65229,7,5
65230,3,6
65231,6,8
65232,0,1
65233,5,9
65234,9,7
65235,3,6
65236,6,8
65237,2,3
65238,9,7
65239,5,4
65240,9,7
65241,4,0
65242,9,9
65243,4,0
65244,4,0
65245,2,3
65246,0,7
65247,9,9
65248,2,3
65249,4,0
65250,8,2
65251,4,0
65252,0,1
65253,4,0
65254,0,1
65255,4,0
65256,5,4
65257,4,0
65258,0,1
65259,4,0
65260,5,4
65261,9,7
65262,9,9
65263,3,6
65264,8,2
65265,3,6
65266,8,2
65267,8,2
65268,9,9
65269,9,9
65270,4,0
65271,1,1
65272,8,2
65273,2,3
65274,5,4
65275,7,5
65276,3,6
65277,9,7
65278,6,8
65279,5,9
65280,4,0
65281,0,1
65282,8,2
65283,2,3
65284,5,4
65285,7,5
65286,3,6
65287,9,7
65288,9,8
65289,5,9
65290,4,0
65291,0,1
65292,8,2
65293,2,3
65294,5,4
65295,7,5
65296,3,6
65297,9,7
65298,6,8
65299,9,9
65300,6,8
65301,4,0
65302,7,5
65303,3,6
65304,3,6
65305,4,0
65306,6,8
65307,4,0
65308,8,2
65309,2,3
65310,9,7
65311,9,9
65312,5,4
65313,9,7
65314,0,1
65315,9,9
65316,0,1
65317,9,7
65318,0,1
65319,5,4
65320,4,0
65321,4,0
65322,5,4
65323,0,1
65324,9,7
65325,7,5
65326,9,7
65327,0,1
65328,2,3
65329,2,3
65330,2,3
65331,1,1
65332,3,6
65333,5,9
65334,9,7
65335,5,4
65336,2,3
65337,4,0
65338,8,2
65339,2,5
65340,8,2
65341,3,6
65342,4,0
65343,6,8
65344,5,9
65345,5,4
65346,2,3
65347,7,5
65348,5,4
65349,6,8
65350,0,1
65351,7,5
65352,5,9
65353,4,0
65354,3,6
65355,5,4
65356,2,3
65357,3,6
65358,2,3
65359,2,3
65360,6,8
65361,0,1
65362,5,4
65363,9,7
65364,7,5
65365,9,7
65366,8,2
65367,8,2
65368,4,0
65369,4,0
65370,1,1
65371,9,7
65372,9,7
65373,5,9
65374,7,5
65375,5,9
65376,6,8
65377,5,9
65378,3,6
65379,0,8
65380,6,8
65381,8,2
65382,2,3
65383,3,6
65384,1,1
65385,8,2
65386,5,9
65387,6,8
65388,5,9
65389,2,5
65390,8,2
65391,3,6
65392,8,2
65393,5,4
65394,0,8
65395,5,4
65396,3,6
65397,2,5
65398,4,0
65399,0,1
65400,7,5
65401,3,6
65402,9,7
65403,6,8
65404,9,9
65405,4,0
65406,0,1
65407,8,2
65408,2,3
65409,5,4
65410,7,5
65411,3,6
65412,9,7
65413,6,8
65414,9,9
65415,4,0
65416,1,1
65417,8,2
65418,2,3
65419,5,4
65420,7,5
65421,3,6
65422,9,7
65423,6,8
65424,5,9
65425,9,7
65426,5,4
65427,8,2
65428,4,0
65429,9,9
65430,4,0
65431,0,1
65432,7,5
65433,6,8
65434,6,8
65435,4,0
65436,8,2
65437,9,7
65438,6,8
65439,5,4
65440,5,4
65441,3,6
65442,0,1
65443,4,0
65444,5,4
65445,7,5
65446,2,3
65447,9,9
65448,5,4
65449,8,2
65450,4,0
65451,7,5
65452,4,0
65453,1,1
65454,2,3
65455,8,2
65456,5,9
65457,1,1
65458,3,6
65459,4,0
65460,0,1
65461,0,1
65462,6,8
65463,4,0
65464,5,4
65465,9,7
65466,9,7
65467,3,6
65468,2,3
65469,3,6
65470,4,0
65471,9,7
65472,2,3
65473,7,5
65474,5,4
65475,8,2
65476,5,4
65477,0,1
65478,6,8
65479,2,3
65480,7,5
65481,3,6
65482,9,7
65483,4,0
65484,3,6
65485,9,7
65486,0,1
65487,8,2
65488,7,5
65489,6,8
65490,0,1
65491,5,9
65492,2,3
65493,6,8
65494,8,2
65495,6,8
65496,9,7
65497,3,6
65498,9,7
65499,0,1
65500,5,4
65501,3,6
65502,8,2
65503,9,9
65504,2,3
65505,4,0
65506,1,1
65507,1,2
65508,2,3
65509,5,4
65510,2,5
65511,3,6
65512,9,7
65513,4,0
65514,1,1
65515,8,2
65516,2,3
65517,5,4
65518,2,5
65519,4,0
65520,1,1
65521,8,2
65522,2,8
65523,5,9
65524,1,1
65525,5,4
65526,4,0
65527,5,9
65528,2,5
65529,4,0
65530,6,8
65531,4,0
65532,9,7
65533,9,7
65534,1,1
65535,1,1
65536,8,2
65537,5,9
65538,2,3
65539,3,6
65540,9,7
65541,8,2
65542,2,3
65543,3,8
65544,1,1
65545,8,2
65546,5,9
65547,2,8
65548,2,8
65549,9,7
65550,1,1
65551,9,7
65552,1,1
65553,1,1
65554,4,0
65555,2,3
65556,5,4
65557,8,2
65558,3,6
65559,5,4
65560,9,7
65561,5,4
65562,6,2
65563,9,7
65564,5,4
65565,5,9
65566,1,1
65567,4,0
65568,3,6
65569,2,8
65570,7,5
65571,2,5
65572,7,5
65573,2,3
65574,7,5
65575,5,9
65576,9,7
65577,5,4
65578,6,8
65579,7,5
65580,5,9
65581,3,6
65582,5,9
65583,2,3
65584,4,0
65585,2,3
65586,6,8
65587,5,9
65588,1,1
65589,6,8
65590,1,1
65591,3,6
65592,4,0
65593,4,0
65594,1,1
65595,8,2
65596,2,3
65597,5,4
65598,7,5
65599,3,6
65600,9,7
65601,6,8
65602,5,9
65603,4,0
65604,1,1
65605,8,2
65606,2,3
65607,5,4
65608,7,5
65609,3,6
65610,5,7
65611,6,8
65612,5,9
65613,4,0
65614,1,1
65615,8,2
65616,2,3
65617,5,4
65618,7,5
65619,3,6
65620,5,7
65621,6,8
65622,5,9
65623,2,3
65624,7,5
65625,2,3
65626,8,2
65627,5,9
65628,2,3
65629,8,2
65630,1,1
65631,5,4
65632,7,5
65633,7,5
65634,8,2
65635,2,3
65636,8,2
65637,1,1
65638,2,3
65639,5,9
65640,5,7
65641,8,2
65642,1,1
65643,8,2
65644,6,8
65645,9,9
65646,1,1
65647,6,8
65648,6,8
65649,9,7
65650,6,8
65651,1,1
65652,4,0
65653,4,0
65654,9,7
65655,9,7
65656,6,8
65657,9,7
65658,7,5
65659,4,0
65660,3,6
65661,1,1
65662,7,5
65663,9,7
65664,5,4
65665,3,6
65666,1,1
65667,8,2
65668,7,5
65669,4,0
65670,9,7
65671,9,9
65672,5,9
65673,4,0
65674,2,3
65675,6,8
65676,5,4
65677,1,4
65678,7,8
65679,1,1
65680,6,8
65681,3,6
65682,7,5
65683,5,9
65684,4,0
65685,4,0
65686,4,0
65687,2,3
65688,5,7
65689,1,1
65690,3,6
65691,5,4
65692,8,2
65693,3,6
65694,3,6
65695,4,0
65696,5,4
65697,7,5
65698,5,4
65699,1,1
65700,2,3
65701,6,8
65702,3,6
65703,2,3
65704,5,9
65705,5,9
65706,7,5
65707,5,9
65708,2,3
65709,9,7
65710,6,8
65711,7,5
65712,3,6
65713,5,4
65714,5,7
65715,3,6
65716,8,2
65717,8,2
65718,4,0
65719,5,9
65720,5,4
65721,4,0
65722,1,1
65723,8,2
65724,2,3
65725,5,4
65726,2,5
65727,3,6
65728,9,7
65729,6,8
65730,5,9
65731,4,0
65732,1,1
65733,8,2
65734,5,3
65735,1,5
65736,3,6
65737,4,0
65738,0,1
65739,8,2
65740,2,3
65741,5,4
65742,7,5
65743,3,6
65744,6,8
65745,9,7
65746,0,1
65747,2,3
65748,8,2
65749,3,8
65750,4,0
65751,9,7
65752,3,5
65753,5,9
65754,5,9
65755,3,6
65756,4,0
65757,9,9
65758,5,4
65759,0,1
65760,2,3
65761,8,2
65762,1,1
65763,8,2
65764,2,3
65765,6,8
65766,2,3
65767,8,2
65768,3,6
65769,3,5
65770,3,6
65771,6,8
65772,8,2
65773,9,7
65774,5,4
65775,6,8
65776,1,1
65777,6,8
65778,4,0
65779,7,5
65780,2,3
65781,9,9
65782,5,4
65783,1,1
65784,5,9
65785,8,2
65786,1,1
65787,5,9
65788,3,6
65789,9,7
65790,5,9
65791,4,0
65792,5,4
65793,3,6
65794,0,1
65795,9,7
65796,2,3
65797,6,8
65798,9,7
65799,8,2
65800,5,9
65801,3,6
65802,2,5
65803,6,8
65804,2,3
65805,9,9
65806,4,0
65807,7,5
65808,9,7
65809,0,1
65810,3,6
65811,0,1
65812,4,0
65813,5,9
65814,2,3
65815,2,3
65816,5,4
65817,5,4
65818,4,0
65819,3,6
65820,8,2
65821,7,5
65822,5,4
65823,8,2
65824,2,3
65825,5,4
65826,3,6
65827,4,0
65828,4,0
65829,8,2
65830,4,0
65831,1,1
65832,5,4
65833,2,5
65834,3,6
65835,5,7
65836,6,8
65837,5,9
65838,4,0
65839,0,1
65840,8,2
65841,4,3
65842,5,4
65843,2,5
65844,3,6
65845,5,7
65846,6,8
65847,4,0
65848,1,1
65849,8,2
65850,2,3
65851,5,4
65852,7,5
65853,3,6
65854,5,7
65855,6,8
65856,5,9
65857,6,8
65858,9,7
65859,1,1
65860,2,3
65861,9,7
65862,2,5
65863,8,2
65864,6,8
65865,4,0
65866,5,7
65867,2,5
65868,5,9
65869,5,9
65870,4,0
65871,5,9
65872,1,1
65873,1,1
65874,2,5
65875,6,8
65876,6,8
65877,3,6
65878,2,3
65879,8,2
65880,1,1
65881,6,8
65882,2,3
65883,8,2
65884,3,6
65885,2,5
65886,3,6
65887,4,7
65888,3,4
65889,1,1
65890,4,0
65891,3,5
65892,2,3
65893,1,1
65894,5,9
65895,8,2
65896,1,1
65897,5,9
65898,3,6
65899,4,0
65900,5,4
65901,3,6
65902,1,1
65903,9,7
65904,2,3
65905,6,8
65906,5,7
65907,8,2
65908,5,9
65909,3,6
65910,2,5
65911,6,8
65912,2,3
65913,4,5
65914,5,7
65915,1,1
65916,3,6
65917,1,1
65918,4,0
65919,5,9
65920,3,6
65921,8,2
65922,2,5
65923,5,4
65924,8,2
65925,2,3
65926,5,4
65927,5,4
65928,3,6
65929,4,0
65930,4,0
65931,8,2
65932,4,0
65933,1,1
65934,8,2
65935,2,3
65936,5,4
65937,2,5
65938,3,6
65939,9,7
65940,6,8
65941,5,9
65942,4,0
65943,1,1
65944,8,2
65945,2,3
65946,5,4
65947,2,5
65948,3,6
65949,9,7
65950,2,8
65951,5,9
65952,4,0
65953,1,1
65954,8,2
65955,2,3
65956,5,4
65957,2,5
65958,3,6
65959,9,7
65960,6,8
65961,5,9
65962,2,8
65963,3,6
65964,2,5
65965,4,0
65966,3,6
65967,6,8
65968,5,9
65969,5,4
65970,1,1
65971,5,9
65972,2,5
65973,2,3
65974,4,0
65975,5,4
65976,6,8
65977,5,9
65978,1,1
65979,5,4
65980,4,0
65981,2,5
65982,2,5
65983,8,2
65984,1,1
65985,2,5
65986,5,4
65987,4,0
65988,5,7
65989,3,6
65990,4,0
65991,1,1
65992,5,7
65993,4,0
65994,3,6
65995,6,8
65996,5,9
65997,2,5
65998,1,1
65999,9,7
66000,5,9
66001,6,8
66002,3,6
66003,4,0
66004,5,8
66005,1,1
66006,1,7
66007,9,7
66008,1,1
66009,2,3
66010,8,2
66011,2,3
66012,1,1
66013,5,4
66014,8,2
66015,4,0
66016,4,0
66017,9,7
66018,6,8
66019,5,4
66020,3,6
66021,5,4
66022,5,9
66023,2,3
66024,6,8
66025,5,4
66026,1,7
66027,8,2
66028,2,5
66029,3,6
66030,2,3
66031,3,6
66032,5,9
66033,3,6
66034,2,3
66035,8,2
66036,8,2
66037,5,4
66038,3,6
66039,5,9
66040,4,0
66041,8,2
66042,2,5
66043,2,5
66044,1,1
66045,2,3
66046,2,3
66047,5,9
66048,1,7
66049,6,8
66050,9,7
66051,8,2
66052,1,2
66053,2,5
66054,9,7
66055,5,9
66056,2,8
66057,8,2
66058,1,1
66059,2,3
66060,1,1
66061,2,3
66062,4,0
66063,1,1
66064,8,2
66065,2,3
66066,5,4
66067,7,5
66068,3,6
66069,9,7
66070,6,8
66071,2,9
66072,4,0
66073,1,1
66074,8,2
66075,2,3
66076,5,4
66077,7,5
66078,3,6
66079,9,7
66080,4,8
66081,4,9
66082,4,0
66083,1,1
66084,8,2
66085,2,3
66086,5,4
66087,7,5
66088,3,6
66089,9,7
66090,4,8
66091,4,9
66092,1,1
66093,8,2
66094,3,6
66095,7,5
66096,2,3
66097,4,0
66098,9,7
66099,4,0
66100,5,4
66101,1,1
66102,5,4
66103,2,3
66104,3,6
66105,9,7
66106,8,2
66107,2,3
66108,0,1
66109,9,2
66110,1,1
66111,6,2
66112,4,9
66113,3,6
66114,4,0
66115,1,1
66116,2,3
66117,4,0
66118,8,2
66119,9,7
66120,7,5
66121,9,7
66122,3,6
66123,8,2
66124,4,9
66125,1,1
66126,4,9
66127,4,0
66128,3,6
66129,4,0
66130,3,6
66131,4,0
66132,8,2
66133,4,0
66134,3,6
66135,1,1
66136,7,5
66137,6,8
66138,5,4
66139,2,3
66140,4,0
66141,1,1
66142,7,5
66143,5,4
66144,5,4
66145,6,8
66146,7,5
66147,9,7
66148,7,5
66149,9,7
66150,6,8
66151,2,3
66152,5,4
66153,2,8
66154,6,8
66155,7,5
66156,8,2
66157,4,9
66158,9,7
66159,1,1
66160,2,3
66161,4,8
66162,1,1
66163,4,0
66164,9,7
66165,7,5
66166,4,9
66167,3,6
66168,9,9
66169,5,4
66170,9,7
66171,9,7
66172,4,9
66173,4,9
66174,2,3
66175,5,4
66176,5,4
66177,2,3
66178,6,8
66179,3,6
66180,8,2
66181,4,0
66182,1,1
66183,8,2
66184,2,3
66185,5,4
66186,7,5
66187,3,6
66188,9,7
66189,6,8
66190,9,9
66191,4,0
66192,1,1
66193,8,2
66194,2,3
66195,5,4
66196,7,5
66197,3,6
66198,9,7
66199,6,8
66200,5,9
66201,4,0
66202,1,1
66203,8,2
66204,2,3
66205,5,4
66206,7,5
66207,3,6
66208,9,7
66209,6,8
66210,9,9
66211,4,0
66212,6,8
66213,2,3
66214,9,9
66215,7,5
66216,7,5
66217,8,2
66218,3,6
66219,6,8
66220,5,4
66221,9,9
66222,1,1
66223,9,7
66224,1,1
66225,8,2
66226,2,3
66227,7,5
66228,5,9
66229,3,6
66230,5,9
66231,1,1
66232,1,1
66233,1,1
66234,8,2
66235,9,9
66236,7,5
66237,3,6
66238,6,8
66239,0,1
66240,8,2
66241,4,0
66242,9,7
66243,9,7
66244,7,5
66245,6,8
66246,8,2
66247,5,9
66248,6,8
66249,9,9
66250,4,0
66251,5,4
66252,3,6
66253,9,7
66254,0,1
66255,2,3
66256,5,4
66257,7,5
66258,3,6
66259,4,0
66260,2,3
66261,3,6
66262,6,8
66263,9,7
66264,4,0
66265,5,4
66266,8,2
66267,9,7
66268,5,4
66269,9,7
66270,7,5
66271,5,4
66272,2,3
66273,5,4
66274,8,2
66275,6,8
66276,0,1
66277,7,5
66278,0,1
66279,8,2
66280,4,0
66281,8,2
66282,7,5
66283,3,6
66284,5,4
66285,2,3
66286,4,0
66287,4,0
66288,4,0
66289,2,3
66290,2,3
66291,7,5
66292,9,7
66293,4,0
66294,3,6
66295,5,4
66296,6,8
66297,6,8
66298,3,6
66299,2,3
66300,5,4
66301,3,6
66302,9,9
66303,9,9
66304,6,8
66305,8,2
66306,9,7
66307,9,7
66308,0,1
66309,4,0
66310,1,1
66311,8,2
66312,2,3
66313,5,4
66314,7,5
66315,3,6
66316,9,7
66317,6,8
66318,5,9
66319,4,0
66320,1,1
66321,8,2
66322,2,3
66323,5,4
66324,7,5
66325,3,6
66326,9,7
66327,6,8
66328,4,0
66329,1,1
66330,8,2
66331,2,3
66332,5,4
66333,7,5
66334,3,6
66335,9,7
66336,6,8
66337,8,2
66338,1,1
66339,9,7
66340,8,2
66341,7,5
66342,4,0
66343,6,8
66344,4,0
66345,8,2
66346,9,7
66347,2,8
66348,6,8
66349,2,3
66350,3,6
66351,4,0
66352,8,2
66353,9,7
66354,3,6
66355,3,6
66356,1,1
66357,8,2
66358,6,8
66359,6,8
66360,9,7
66361,9,7
66362,5,4
66363,9,7
66364,9,7
66365,2,3
66366,9,7
66367,5,4
66368,7,5
66369,5,4
66370,2,3
66371,2,3
66372,6,8
66373,5,4
66374,1,1
66375,1,1
66376,5,9
66377,9,7
66378,5,4
66379,2,3
66380,9,7
66381,2,3
66382,2,3
66383,4,0
66384,8,2
66385,2,5
66386,7,5
66387,3,6
66388,3,6
66389,2,3
66390,7,5
66391,8,2
66392,7,5
66393,5,9
66394,5,9
66395,6,8
66396,5,4
66397,1,1
66398,4,0
66399,3,6
66400,4,0
66401,5,9
66402,3,6
66403,6,8
66404,6,8
66405,7,5
66406,3,6
66407,1,1
66408,1,1
66409,5,9
66410,6,8
66411,5,9
66412,8,2
66413,2,3
66414,7,5
66415,7,5
66416,5,9
66417,5,4
66418,1,2
66419,1,1
66420,5,9
66421,2,3
66422,5,9
66423,8,2
66424,4,0
66425,4,6
66426,4,0
66427,5,4
66428,4,0
66429,4,0
66430,0,1
66431,8,2
66432,2,3
66433,5,4
66434,9,7
66435,6,8
66436,5,9
66437,4,0
66438,0,1
66439,8,2
66440,2,3
66441,9,7
66442,6,8
66443,5,9
66444,4,0
66445,0,1
66446,8,2
66447,2,3
66448,5,4
66449,9,7
66450,6,8
66451,9,9
66452,9,7
66453,2,3
66454,4,0
66455,2,3
66456,0,1
66457,6,8
66458,9,7
66459,3,6
66460,5,4
66461,4,0
66462,8,2
66463,3,6
66464,6,8
66465,2,3
66466,8,2
66467,6,8
66468,0,1
66469,8,2
66470,4,0
66471,9,7
66472,0,1
66473,4,0
66474,5,4
66475,5,4
66476,7,5
66477,6,8
66478,4,0
66479,3,6
66480,8,2
66481,2,3
66482,0,1
66483,7,5
66484,0,1
66485,6,8
66486,7,5
66487,5,9
66488,5,4
66489,4,0
66490,9,7
66491,7,5
66492,6,8
66493,6,8
66494,2,3
66495,6,8
66496,9,9
66497,8,2
66498,3,6
66499,8,2
66500,7,5
66501,2,3
66502,0,1
66503,9,7
66504,2,3
66505,4,9
66506,0,1
66507,5,9
66508,5,9
66509,3,6
66510,4,0
66511,2,3
66512,5,9
66513,8,2
66514,6,8
66515,0,1
66516,5,4
66517,2,3
66518,7,5
66519,8,2
66520,9,9
66521,8,2
66522,7,5
66523,6,8
66524,5,9
66525,7,5
66526,4,0
66527,0,1
66528,8,2
66529,5,4
66530,7,5
66531,3,6
66532,4,0
66533,1,1
66534,8,2
66535,2,3
66536,5,4
66537,7,5
66538,3,6
66539,9,7
66540,1,1
66541,8,2
66542,2,3
66543,5,4
66544,7,5
66545,1,1
66546,4,0
66547,5,4
66548,7,5
66549,3,6
66550,3,6
66551,2,3
66552,5,4
66553,5,4
66554,8,2
66555,9,8
66556,0,1
66557,4,0
66558,3,6
66559,5,4
66560,5,9
66561,9,7
66562,8,2
66563,2,3
66564,2,3
66565,5,9
66566,8,2
66567,4,0
66568,9,9
66569,1,3
66570,2,3
66571,9,9
66572,1,1
66573,7,5
66574,8,2
66575,2,3
66576,1,7
66577,9,7
66578,6,8
66579,5,4
66580,4,0
66581,8,2
66582,5,4
66583,4,0
66584,8,2
66585,5,4
66586,9,7
66587,6,8
66588,4,0
66589,9,7
66590,4,0
66591,3,6
66592,5,9
66593,2,3
66594,8,2
66595,6,8
66596,3,6
66597,9,0
66598,2,5
66599,9,7
66600,7,5
66601,1,1
66602,4,0
66603,9,8
66604,1,1
66605,3,6
66606,9,7
66607,8,2
66608,5,9
66609,9,7
66610,5,9
66611,7,5
66612,6,8
66613,3,6
66614,8,2
66615,3,6
66616,8,2
66617,6,8
66618,1,1
66619,5,7
66620,7,5
66621,4,0
66622,1,1
66623,1,1
66624,2,3
66625,5,8
66626,5,4
66627,5,9
66628,1,1
66629,6,8
66630,3,6
66631,6,8
66632,1,9
66633,4,0
66634,0,1
66635,8,2
66636,2,3
66637,5,4
66638,7,5
66639,3,6
66640,9,7
66641,6,8
66642,9,9
66643,4,0
66644,0,1
66645,8,2
66646,2,3
66647,5,4
66648,9,7
66649,6,8
66650,9,9
66651,0,0
66652,0,1
66653,9,7
66654,6,8
66655,9,9
66656,9,9
66657,6,8
66658,9,9
66659,0,8
66660,5,4
66661,0,1
66662,9,7
66663,9,7
66664,2,3
66665,2,3
66666,9,7
66667,7,6
66668,3,6
66669,3,6
66670,0,1
66671,9,9
66672,4,0
66673,0,1
66674,9,7
66675,3,6
66676,2,3
66677,8,2
66678,0,1
66679,9,7
66680,0,1
66681,2,3
66682,9,9
66683,0,1
66684,9,7
66685,3,6
66686,0,8
66687,5,4
66688,0,1
66689,0,4
66690,2,3
66691,3,6
66692,9,9
66693,3,6
66694,0,1
66695,5,4
66696,5,4
66697,9,7
66698,8,2
66699,5,4
66700,5,4
66701,4,0
66702,0,1
66703,8,2
66704,2,3
66705,5,4
66706,7,5
66707,3,6
66708,9,7
66709,7,8
66710,5,9
66711,4,0
66712,0,1
66713,8,2
66714,2,3
66715,5,4
66716,7,5
66717,3,6
66718,9,9
66719,4,0
66720,0,1
66721,9,2
66722,2,3
66723,5,4
66724,9,7
66725,0,8
66726,0,1
66727,2,3
66728,7,5
66729,0,1
66730,9,7
66731,9,7
66732,8,2
66733,0,1
66734,5,4
66735,0,8
66736,2,3
66737,5,4
66738,5,4
66739,2,3
66740,4,9
66741,9,7
66742,5,4
66743,0,1
66744,9,2
66745,2,3
66746,7,5
66747,9,9
66748,0,1
66749,3,6
66750,4,0
66751,0,1
66752,4,0
66753,4,0
66754,8,2
66755,0,8
66756,0,7
66757,0,1
66758,0,1
66759,5,4
66760,4,0
66761,5,4
66762,0,7
66763,2,3
66764,3,6
66765,0,8
66766,4,0
66767,2,3
66768,0,7
66769,0,4
66770,4,0
66771,3,6
66772,5,9
66773,8,2
66774,3,6
66775,7,5
66776,6,8
66777,3,6
66778,9,9
66779,4,0
66780,9,4
66781,4,0
66782,3,6
66783,0,1
66784,5,9
66785,1,2
66786,4,0
66787,0,9
66788,7,5
66789,0,1
66790,2,3
66791,0,7
66792,3,6
66793,0,9
66794,2,3
66795,4,0
66796,8,2
66797,8,2
66798,4,0
66799,1,1
66800,8,2
66801,2,3
66802,5,4
66803,7,5
66804,3,6
66805,9,7
66806,6,8
66807,9,9
66808,4,0
66809,1,1
66810,1,2
66811,2,3
66812,5,4
66813,7,5
66814,3,6
66815,9,7
66816,6,8
66817,5,9
66818,4,0
66819,1,1
66820,8,2
66821,2,3
66822,5,4
66823,7,5
66824,3,6
66825,9,7
66826,6,8
66827,5,9
66828,8,2
66829,1,1
66830,9,7
66831,8,2
66832,2,5
66833,4,0
66834,6,8
66835,4,0
66836,1,2
66837,9,7
66838,6,8
66839,6,8
66840,2,3
66841,4,0
66842,3,6
66843,4,0
66844,8,2
66845,9,7
66846,3,6
66847,3,6
66848,1,1
66849,8,2
66850,6,8
66851,6,8
66852,9,7
66853,9,7
66854,5,4
66855,9,7
66856,9,7
66857,2,3
66858,9,7
66859,5,4
66860,7,5
66861,5,4
66862,2,3
66863,2,3
66864,6,8
66865,5,4
66866,7,5
66867,5,4
66868,1,1
66869,1,1
66870,5,9
66871,9,7
66872,5,4
66873,2,3
66874,9,7
66875,2,3
66876,2,3
66877,4,0
66878,1,2
66879,7,5
66880,7,5
66881,3,6
66882,2,3
66883,1,1
66884,7,5
66885,1,2
66886,2,5
66887,5,9
66888,5,9
66889,6,8
66890,5,4
66891,1,1
66892,4,0
66893,3,6
66894,4,0
66895,9,9
66896,3,6
66897,6,8
66898,6,8
66899,7,5
66900,3,6
66901,1,1
66902,1,1
66903,9,9
66904,6,8
66905,1,9
66906,3,2
66907,2,3
66908,7,5
66909,7,5
66910,5,9
66911,5,4
66912,1,2
66913,1,1
66914,1,9
66915,5,4
66916,5,9
66917,1,1
66918,2,3
66919,1,9
66920,8,2
66921,4,0
66922,3,6
66923,4,0
66924,5,4
66925,4,0
66926,3,6
66927,4,0
66928,1,1
66929,8,2
66930,2,3
66931,5,4
66932,7,5
66933,3,6
66934,9,7
66935,6,8
66936,5,9
66937,4,0
66938,1,1
66939,8,2
66940,2,3
66941,5,4
66942,7,5
66943,3,6
66944,9,7
66945,9,8
66946,9,9
66947,4,0
66948,1,1
66949,8,2
66950,2,3
66951,5,4
66952,7,5
66953,3,6
66954,9,7
66955,6,8
66956,9,9
66957,2,3
66958,6,8
66959,4,0
66960,9,7
66961,1,1
66962,4,0
66963,9,7
66964,7,5
66965,7,5
66966,3,6
66967,9,9
66968,4,0
66969,0,1
66970,4,0
66971,4,0
66972,6,8
66973,2,3
66974,5,4
66975,2,3
66976,0,1
66977,7,5
66978,4,0
66979,4,0
66980,9,9
66981,7,5
66982,2,3
66983,5,4
66984,5,9
66985,2,3
66986,9,7
66987,3,6
66988,9,9
66989,8,2
66990,5,4
66991,7,5
66992,9,7
66993,8,2
66994,3,6
66995,0,4
66996,9,9
66997,5,4
66998,5,9
66999,5,4
67000,1,1
67001,8,2
67002,8,2
67003,2,5
67004,6,8
67005,1,1
67006,2,3
67007,8,2
67008,5,9
67009,5,4
67010,2,3
67011,6,8
67012,8,2
67013,8,2
67014,1,1
67015,8,2
67016,6,8
67017,3,6
67018,7,5
67019,1,1
67020,3,6
67021,9,7
67022,8,2
67023,1,1
67024,2,3
67025,5,9
67026,2,3
67027,6,8
67028,9,7
67029,7,5
67030,0,7
67031,4,0
67032,9,7
67033,5,4
67034,6,8
67035,2,8
67036,7,5
67037,4,0
67038,3,6
67039,3,6
67040,2,3
67041,9,7
67042,3,6
67043,9,9
67044,9,9
67045,0,4
67046,6,8
67047,5,4
67048,0,1
67049,4,0
67050,3,6
67051,3,6
67052,4,0
67053,1,1
67054,8,2
67055,2,3
67056,5,4
67057,7,5
67058,3,6
67059,9,7
67060,6,8
67061,9,9
67062,4,0
67063,1,1
67064,8,2
67065,2,3
67066,5,4
67067,7,5
67068,3,6
67069,9,7
67070,6,8
67071,9,9
67072,4,0
67073,1,1
67074,8,2
67075,2,3
67076,5,4
67077,7,5
67078,3,6
67079,9,7
67080,6,8
67081,9,9
67082,9,7
67083,5,4
67084,4,0
67085,5,4
67086,4,0
67087,1,1
67088,9,7
67089,5,9
67090,7,5
67091,0,1
67092,5,4
67093,8,2
67094,6,8
67095,9,9
67096,5,4
67097,2,3
67098,9,7
67099,6,8
67100,8,2
67101,5,4
67102,5,4
67103,2,3
67104,2,3
67105,3,6
67106,9,9
67107,9,9
67108,7,5
67109,6,8
67110,3,6
67111,9,7
67112,4,0
67113,3,6
67114,6,8
67115,8,2
67116,3,6
67117,2,3
67118,9,9
67119,2,3
67120,8,2
67121,6,8
67122,3,6
67123,0,1
67124,9,7
67125,5,4
67126,6,8
67127,6,8
67128,9,9
67129,4,0
67130,2,3
67131,2,3
67132,9,9
67133,4,0
67134,7,5
67135,8,2
67136,9,9
67137,5,4
67138,0,1
67139,4,0
67140,2,3
67141,9,7
67142,7,5
67143,6,8
67144,9,7
67145,9,7
67146,6,8
67147,8,2
67148,5,9
67149,9,7
67150,0,1
67151,8,2
67152,3,6
67153,9,4
67154,8,2
67155,7,5
67156,8,2
67157,2,3
67158,3,6
67159,3,6
67160,7,5
67161,4,0
67162,4,0
67163,8,2
67164,6,8
67165,0,1
67166,3,6
67167,0,1
67168,4,0
67169,5,4
67170,2,3
67171,0,1
67172,3,6
67173,0,1
67174,9,9
67175,4,0
67176,1,1
67177,5,4
67178,7,5
67179,3,6
67180,9,7
67181,6,8
67182,5,9
67183,1,1
67184,8,2
67185,2,3
67186,5,4
67187,7,5
67188,3,6
67189,9,7
67190,4,0
67191,0,1
67192,8,2
67193,2,3
67194,5,4
67195,7,5
67196,3,6
67197,9,7
67198,6,8
67199,9,9
67200,6,8
67201,5,4
67202,4,0
67203,4,0
67204,9,7
67205,8,2
67206,5,4
67207,2,3
67208,6,8
67209,3,6
67210,3,6
67211,2,3
67212,8,2
67213,3,6
67214,2,3
67215,2,3
67216,4,0
67217,0,1
67218,5,4
67219,9,7
67220,6,8
67221,4,0
67222,2,3
67223,0,1
67224,9,9
67225,4,0
67226,0,1
67227,9,9
67228,0,1
67229,8,2
67230,9,7
67231,4,0
67232,1,1
67233,2,3
67234,0,8
67235,8,2
67236,9,9
67237,8,2
67238,9,7
67239,3,6
67240,7,5
67241,7,5
67242,9,9
67243,9,9
67244,6,8
67245,8,2
67246,9,9
67247,0,1
67248,7,3
67249,4,2
67250,2,3
67251,5,4
67252,2,3
67253,0,1
67254,9,9
67255,4,0
67256,9,9
67257,2,3
67258,7,6
67259,6,8
67260,9,7
67261,4,0
67262,0,1
67263,4,0
67264,7,5
67265,6,8
67266,8,2
67267,9,7
67268,9,7
67269,4,0
67270,1,1
67271,8,2
67272,2,3
67273,5,4
67274,7,5
67275,3,6
67276,9,7
67277,6,8
67278,5,9
67279,4,0
67280,1,1
67281,8,2
67282,2,3
67283,5,4
67284,7,5
67285,3,6
67286,9,7
67287,6,8
67288,5,9
67289,4,0
67290,1,1
67291,8,2
67292,2,3
67293,5,4
67294,7,5
67295,3,6
67296,9,7
67297,6,8
67298,5,9
67299,1,1
67300,9,7
67301,5,4
67302,6,8
67303,1,1
67304,7,5
67305,3,6
67306,7,5
67307,9,7
67308,8,2
67309,6,8
67310,3,6
67311,2,3
67312,2,3
67313,6,8
67314,3,6
67315,7,5
67316,5,4
67317,4,0
67318,5,9
67319,1,1
67320,9,7
67321,8,2
67322,5,9
67323,1,1
67324,7,5
67325,1,1
67326,2,3
67327,8,2
67328,8,2
67329,2,3
67330,4,0
67331,3,6
67332,5,4
67333,2,3
67334,9,7
67335,3,6
67336,5,9
67337,4,0
67338,5,4
67339,6,8
67340,1,1
67341,5,4
67342,4,0
67343,3,6
67344,1,1
67345,8,2
67346,3,6
67347,5,9
67348,8,2
67349,8,2
67350,2,3
67351,7,5
67352,7,5
67353,1,1
67354,4,0
67355,9,7
67356,9,7
67357,9,9
67358,3,6
67359,8,2
67360,9,9
67361,5,4
67362,9,7
67363,4,0
67364,8,2
67365,2,3
67366,5,4
67367,4,0
67368,4,0
67369,6,8
67370,6,8
67371,6,8
67372,7,5
67373,1,1
67374,2,3
67375,9,7
67376,5,4
67377,9,9
67378,6,8
67379,6,8
67380,5,9
67381,4,0
67382,5,9
67383,6,8
67384,9,9
67385,4,0
67386,8,2
67387,3,6
67388,7,5
67389,3,6
67390,9,7
67391,5,4
67392,9,7
67393,7,5
67394,0,4
67395,0,1
67396,2,3
67397,7,5
67398,2,3
67399,0,1
67400,8,2
67401,4,3
67402,0,4
67403,7,5
67404,3,6
67405,0,1
67406,8,2
67407,2,3
67408,0,4
67409,3,6
67410,4,0
67411,0,1
67412,8,2
67413,0,4
67414,7,5
67415,3,6
67416,9,7
67417,6,8
67418,0,1
67419,9,7
67420,0,2
67421,5,4
67422,0,1
67423,0,4
67424,0,1
67425,5,4
67426,9,9
67427,3,6
67428,6,8
67429,5,4
67430,7,5
67431,2,3
67432,0,7
67433,0,8
67434,0,4
67435,2,3
67436,2,3
67437,7,5
67438,3,6
67439,9,7
67440,4,0
67441,3,6
67442,0,1
67443,3,6
67444,6,8
67445,9,7
67446,4,0
67447,0,1
67448,2,5
67449,4,0
67450,6,8
67451,0,5
67452,4,0
67453,0,1
67454,7,5
67455,6,8
67456,5,4
67457,8,2
67458,2,3
67459,9,9
67460,9,7
67461,3,6
67462,5,9
67463,0,1
67464,9,9
67465,4,0
67466,3,6
67467,9,7
67468,0,1
67469,8,2
67470,2,3
67471,9,9
67472,8,2
67473,0,4
67474,7,5
67475,7,5
67476,2,3
67477,9,7
67478,2,5
67479,2,3
67480,0,1
67481,6,8
67482,8,2
67483,8,2
67484,2,3
67485,4,0
67486,8,2
67487,9,9
67488,5,4
67489,9,9
67490,9,7
67491,4,0
67492,9,2
67493,9,7
67494,5,4
67495,9,9
67496,5,9
67497,8,2
67498,2,5
67499,9,9
67500,6,8
67501,2,3
67502,6,8
67503,3,6
67504,9,7
67505,4,0
67506,4,0
67507,0,1
67508,8,2
67509,2,3
67510,5,4
67511,4,5
67512,3,6
67513,9,7
67514,4,8
67515,9,9
67516,4,0
67517,0,1
67518,8,2
67519,2,3
67520,5,4
67521,7,5
67522,3,6
67523,9,7
67524,4,8
67525,9,9
67526,4,0
67527,1,1
67528,8,2
67529,2,3
67530,5,4
67531,7,5
67532,3,6
67533,9,7
67534,4,8
67535,9,9
67536,4,0
67537,4,0
67538,9,7
67539,8,2
67540,3,6
67541,7,5
67542,7,5
67543,2,3
67544,9,7
67545,2,8
67546,3,6
67547,3,6
67548,3,6
67549,3,6
67550,5,4
67551,2,3
67552,7,8
67553,6,8
67554,2,3
67555,4,0
67556,0,1
67557,9,9
67558,4,0
67559,7,5
67560,5,4
67561,0,1
67562,9,9
67563,0,1
67564,8,2
67565,9,7
67566,4,0
67567,0,1
67568,2,3
67569,4,8
67570,8,2
67571,5,9
67572,8,2
67573,9,7
67574,0,4
67575,8,2
67576,3,6
67577,7,5
67578,7,5
67579,5,9
67580,9,9
67581,0,1
67582,0,1
67583,7,5
67584,9,7
67585,3,6
67586,6,8
67587,8,2
67588,9,9
67589,5,4
67590,2,3
67591,0,1
67592,5,9
67593,4,0
67594,9,9
67595,2,3
67596,3,6
67597,2,8
67598,9,7
67599,4,0
67600,0,1
67601,4,0
67602,7,5
67603,4,8
67604,8,2
67605,9,7
67606,9,7
67607,4,0
67608,1,1
67609,8,2
67610,2,3
67611,5,4
67612,2,5
67613,3,6
67614,9,7
67615,6,8
67616,5,9
67617,4,0
67618,1,1
67619,8,2
67620,2,3
67621,5,4
67622,3,5
67623,6,8
67624,5,9
67625,4,0
67626,1,1
67627,8,2
67628,2,3
67629,5,4
67630,3,5
67631,3,6
67632,9,7
67633,6,8
67634,5,9
67635,8,2
67636,1,1
67637,4,2
67638,1,1
67639,2,3
67640,5,9
67641,5,9
67642,6,8
67643,3,5
67644,2,3
67645,9,7
67646,4,0
67647,9,7
67648,9,7
67649,3,5
67650,9,7
67651,5,9
67652,5,9
67653,5,4
67654,9,7
67655,4,0
67656,2,3
67657,5,4
67658,1,1
67659,2,5
67660,6,8
67661,1,1
67662,5,4
67663,6,8
67664,5,4
67665,1,1
67666,6,8
67667,3,6
67668,3,6
67669,5,4
67670,3,6
67671,4,0
67672,3,5
67673,3,5
67674,2,3
67675,2,3
67676,2,5
67677,9,7
67678,8,2
67679,3,5
67680,5,9
67681,3,6
67682,5,9
67683,4,2
67684,3,6
67685,8,2
67686,1,1
67687,8,2
67688,4,0
67689,2,8
67690,2,3
67691,6,8
67692,2,3
67693,4,0
67694,6,8
67695,9,7
67696,5,4
67697,5,9
67698,2,5
67699,4,0
67700,5,9
67701,9,7
67702,4,0
67703,4,0
67704,5,4
67705,3,6
67706,4,0
67707,5,9
67708,0,1
67709,3,6
67710,8,2
67711,9,7
67712,3,6
67713,6,8
67714,2,3
67715,2,5
67716,8,2
67717,1,1
67718,6,8
67719,2,3
67720,6,8
67721,3,6
67722,1,1
67723,4,0
67724,8,2
67725,1,1
67726,5,4
67727,4,0
67728,0,1
67729,8,2
67730,2,3
67731,5,4
67732,7,5
67733,3,6
67734,9,7
67735,6,8
67736,9,9
67737,4,0
67738,0,1
67739,8,2
67740,2,3
67741,5,4
67742,7,5
67743,3,6
67744,9,7
67745,6,8
67746,9,9
67747,4,0
67748,0,1
67749,8,2
67750,2,3
67751,5,4
67752,7,5
67753,3,6
67754,9,7
67755,6,8
67756,9,9
67757,9,7
67758,3,6
67759,5,4
67760,9,7
67761,3,6
67762,8,2
67763,2,3
67764,5,4
67765,6,8
67766,9,7
67767,6,8
67768,3,6
67769,9,9
67770,6,8
67771,2,3
67772,8,2
67773,8,2
67774,6,8
67775,5,4
67776,6,8
67777,7,5
67778,3,6
67779,7,5
67780,4,0
67781,8,2
67782,4,0
67783,0,1
67784,0,1
67785,8,2
67786,9,9
67787,3,6
67788,6,8
67789,8,2
67790,0,1
67791,4,0
67792,3,6
67793,7,5
67794,8,2
67795,5,9
67796,9,7
67797,7,5
67798,2,3
67799,9,9
67800,2,3
67801,9,7
67802,0,1
67803,6,8
67804,2,3
67805,6,8
67806,0,1
67807,9,9
67808,7,5
67809,7,5
67810,4,0
67811,0,1
67812,0,1
67813,9,9
67814,6,8
67815,8,2
67816,3,6
67817,4,0
67818,5,4
67819,7,5
67820,4,0
67821,8,3
67822,0,1
67823,2,8
67824,3,6
67825,9,7
67826,7,5
67827,9,9
67828,5,9
67829,2,3
67830,4,0
67831,2,3
67832,0,1
67833,5,4
67834,5,4
67835,4,0
67836,5,4
67837,9,9
67838,4,0
67839,0,1
67840,8,2
67841,2,3
67842,7,5
67843,3,6
67844,9,7
67845,6,8
67846,4,0
67847,0,1
67848,8,2
67849,8,3
67850,7,5
67851,3,6
67852,9,7
67853,6,8
67854,5,9
67855,4,0
67856,0,1
67857,8,2
67858,8,3
67859,7,5
67860,3,6
67861,9,7
67862,6,8
67863,9,9
67864,5,9
67865,9,7
67866,4,0
67867,5,9
67868,4,0
67869,0,1
67870,7,5
67871,6,8
67872,6,8
67873,4,0
67874,9,9
67875,2,3
67876,8,2
67877,9,7
67878,6,8
67879,5,4
67880,3,6
67881,0,1
67882,4,0
67883,5,4
67884,5,9
67885,5,4
67886,5,2
67887,4,0
67888,7,5
67889,4,0
67890,0,1
67891,3,6
67892,9,9
67893,2,3
67894,8,2
67895,5,9
67896,0,1
67897,3,6
67898,4,0
67899,0,1
67900,0,1
67901,6,8
67902,9,7
67903,9,7
67904,3,6
67905,8,3
67906,3,6
67907,4,0
67908,9,7
67909,8,2
67910,5,4
67911,0,1
67912,9,7
67913,4,0
67914,3,6
67915,9,7
67916,0,1
67917,8,2
67918,7,5
67919,6,8
67920,0,1
67921,7,8
67922,8,2
67923,6,8
67924,9,7
67925,3,6
67926,6,8
67927,0,7
67928,0,1
67929,3,6
67930,8,2
67931,9,9
67932,2,3
67933,4,0
67934,0,1
67935,8,2
67936,2,3
67937,5,4
67938,7,5
67939,3,6
67940,9,7
67941,6,8
67942,9,9
67943,4,0
67944,0,1
67945,8,2
67946,2,3
67947,5,4
67948,7,5
67949,3,6
67950,9,7
67951,6,8
67952,9,9
67953,4,0
67954,0,1
67955,8,2
67956,2,3
67957,5,4
67958,7,5
67959,3,6
67960,9,7
67961,6,8
67962,9,9
67963,6,8
67964,5,9
67965,7,5
67966,9,7
67967,4,0
67968,2,3
67969,0,1
67970,3,6
67971,0,8
67972,5,4
67973,0,1
67974,7,5
67975,3,6
67976,5,4
67977,8,2
67978,9,7
67979,6,8
67980,1,1
67981,2,3
67982,5,4
67983,2,3
67984,5,4
67985,9,7
67986,8,2
67987,4,0
67988,7,5
67989,4,0
67990,0,1
67991,9,9
67992,8,2
67993,2,3
67994,8,2
67995,2,3
67996,7,5
67997,7,5
67998,9,7
67999,6,8
68000,5,4
68001,5,9
68002,9,9
68003,0,7
68004,0,1
68005,0,1
68006,9,9
68007,4,0
68008,9,7
68009,6,8
68010,2,3
68011,5,4
68012,6,8
68013,3,6
68014,2,3
68015,6,8
68016,4,0
68017,9,9
68018,3,6
68019,8,2
68020,1,1
68021,4,0
68022,0,1
68023,4,0
68024,3,6
68025,8,2
68026,2,3
68027,6,8
68028,9,9
68029,4,0
68030,9,7
68031,8,2
68032,2,3
68033,5,4
68034,7,5
68035,7,5
68036,8,2
68037,6,8
68038,7,5
68039,5,4
68040,3,6
68041,3,6
68042,3,6
68043,9,7
68044,9,9
68045,0,1
68046,6,8
68047,8,2
68048,1,1
68049,7,5
68050,2,3
68051,5,4
68052,9,7
68053,9,9
68054,5,4
68055,4,0
68056,4,0
68057,4,0
68058,1,1
68059,1,2
68060,2,3
68061,5,4
68062,7,5
68063,3,6
68064,0,7
68065,6,8
68066,9,9
68067,4,0
68068,1,1
68069,8,2
68070,2,3
68071,5,4
68072,7,5
68073,3,6
68074,9,7
68075,6,8
68076,9,9
68077,4,0
68078,1,1
68079,8,2
68080,2,3
68081,5,4
68082,7,5
68083,3,6
68084,5,9
68085,4,0
68086,1,1
68087,2,3
68088,1,1
68089,7,5
68090,1,1
68091,8,2
68092,5,4
68093,5,9
68094,6,2
68095,5,4
68096,3,6
68097,6,8
68098,4,0
68099,1,1
68100,1,1
68101,5,9
68102,8,2
68103,3,6
68104,3,6
68105,6,8
68106,0,7
68107,5,4
68108,8,2
68109,9,9
68110,9,7
68111,4,0
68112,8,2
68113,1,1
68114,4,0
68115,2,3
68116,3,6
68117,4,0
68118,0,1
68119,8,2
68120,2,3
68121,5,4
68122,7,5
68123,3,6
68124,9,7
68125,6,8
68126,5,9
68127,4,0
68128,0,1
68129,8,2
68130,2,3
68131,5,4
68132,7,5
68133,3,6
68134,9,7
68135,6,8
68136,9,9
68137,4,0
68138,0,1
68139,8,2
68140,2,3
68141,5,4
68142,7,5
68143,3,6
68144,9,7
68145,6,8
68146,9,9
68147,6,8
68148,3,6
68149,7,5
68150,9,9
68151,9,7
68152,4,0
68153,8,2
68154,2,3
68155,5,4
68156,2,3
68157,6,8
68158,7,5
68159,0,1
68160,7,5
68161,8,2
68162,2,3
68163,4,0
68164,0,1
68165,1,2
68166,0,1
68167,2,3
68168,8,2
68169,3,6
68170,7,5
68171,2,3
68172,4,0
68173,9,7
68174,8,2
68175,9,7
68176,5,4
68177,3,6
68178,0,4
68179,4,0
68180,7,5
68181,9,9
68182,9,9
68183,7,8
68184,9,9
68185,7,5
68186,2,3
68187,0,1
68188,9,7
68189,5,4
68190,9,7
68191,3,6
68192,7,5
68193,5,4
68194,4,0
68195,4,0
68196,3,6
68197,3,6
68198,8,2
68199,4,0
68200,3,6
68201,2,3
68202,9,7
68203,9,7
68204,5,4
68205,5,4
68206,2,3
68207,9,9
68208,8,2
68209,6,8
68210,5,9
68211,3,6
68212,4,0
68213,5,9
68214,7,5
68215,2,3
68216,6,8
68217,6,8
68218,9,7
68219,0,1
68220,5,4
68221,4,0
68222,5,4
68223,6,8
68224,7,5
68225,8,2
68226,2,3
68227,9,9
68228,4,0
68229,0,1
68230,9,9
68231,0,1
68232,7,5
68233,0,1
68234,9,7
68235,5,4
68236,6,8
68237,3,6
68238,8,2
68239,0,1
68240,3,6
68241,6,8
68242,0,8
68243,4,0
68244,0,1
68245,8,2
68246,2,3
68247,5,4
68248,9,7
68249,6,8
68250,9,9
68251,4,0
68252,0,1
68253,8,2
68254,2,3
68255,5,4
68256,3,6
68257,9,7
68258,7,8
68259,5,9
68260,4,0
68261,0,1
68262,8,2
68263,2,3
68264,5,4
68265,9,7
68266,6,8
68267,5,9
68268,0,1
68269,5,4
68270,7,5
68271,2,3
68272,2,3
68273,4,0
68274,9,9
68275,7,5
68276,0,4
68277,2,3
68278,4,0
68279,9,8
68280,5,4
68281,3,6
68282,9,7
68283,4,0
68284,9,7
68285,9,7
68286,0,1
68287,3,6
68288,5,9
68289,0,1
68290,2,3
68291,3,6
68292,8,2
68293,2,3
68294,6,8
68295,8,2
68296,2,3
68297,6,8
68298,9,9
68299,7,5
68300,6,8
68301,6,8
68302,9,7
68303,0,1
68304,9,7
68305,0,1
68306,0,1
68307,4,0
68308,2,3
68309,5,4
68310,8,2
68311,3,6
68312,5,4
68313,9,7
68314,5,4
68315,8,2
68316,9,7
68317,5,4
68318,8,2
68319,5,9
68320,8,2
68321,9,7
68322,5,9
68323,8,2
68324,0,1
68325,3,0
68326,3,6
68327,7,5
68328,2,3
68329,0,4
68330,6,8
68331,7,5
68332,9,9
68333,3,6
68334,5,9
68335,4,0
68336,3,6
68337,2,3
68338,4,0
68339,7,8
68340,0,1
68341,3,6
68342,4,0
68343,4,0
68344,0,1
68345,8,2
68346,2,3
68347,5,4
68348,7,5
68349,3,6
68350,9,7
68351,4,0
68352,0,1
68353,8,2
68354,2,3
68355,5,4
68356,9,7
68357,6,8
68358,9,9
68359,4,0
68360,0,1
68361,8,2
68362,2,3
68363,5,4
68364,9,7
68365,8,2
68366,7,5
68367,0,1
68368,3,6
68369,5,4
68370,2,3
68371,5,9
68372,9,9
68373,4,0
68374,5,9
68375,9,7
68376,1,1
68377,3,6
68378,5,4
68379,2,3
68380,3,6
68381,8,2
68382,4,0
68383,5,9
68384,6,8
68385,3,6
68386,7,5
68387,9,7
68388,4,0
68389,4,0
68390,0,1
68391,9,7
68392,5,4
68393,2,3
68394,8,2
68395,5,4
68396,0,1
68397,2,3
68398,9,7
68399,3,6
68400,5,4
68401,9,7
68402,9,7
68403,9,7
68404,5,9
68405,6,8
68406,5,4
68407,2,3
68408,9,8
68409,8,2
68410,6,8
68411,2,3
68412,7,5
68413,7,8
68414,4,0
68415,7,5
68416,5,4
68417,9,7
68418,0,1
68419,2,3
68420,1,1
68421,9,7
68422,9,9
68423,3,6
68424,8,2
68425,4,0
68426,5,9
68427,0,1
68428,9,7
68429,2,3
68430,2,3
68431,5,9
68432,0,1
68433,3,6
68434,5,4
68435,2,3
68436,5,9
68437,6,8
68438,8,2
68439,1,1
68440,6,8
68441,3,6
68442,5,4
68443,1,1
68444,7,5
68445,7,5
68446,3,6
68447,7,5
68448,4,0
68449,1,1
68450,8,2
68451,2,3
68452,5,4
68453,7,5
68454,3,6
68455,9,7
68456,2,8
68457,9,9
68458,4,0
68459,1,1
68460,8,2
68461,2,3
68462,5,4
68463,7,5
68464,3,6
68465,9,7
68466,6,8
68467,5,9
68468,4,0
68469,1,1
68470,8,2
68471,2,3
68472,5,4
68473,7,5
68474,3,6
68475,9,7
68476,6,8
68477,9,9
68478,3,6
68479,5,9
68480,9,7
68481,4,0
68482,8,2
68483,2,3
68484,5,4
68485,2,3
68486,6,8
68487,7,5
68488,1,1
68489,2,3
68490,4,0
68491,1,1
68492,8,2
68493,1,1
68494,2,3
68495,8,2
68496,4,0
68497,9,7
68498,8,2
68499,3,6
68500,5,4
68501,4,0
68502,7,5
68503,5,9
68504,5,9
68505,6,8
68506,5,9
68507,7,5
68508,2,3
68509,1,1
68510,9,7
68511,5,4
68512,9,7
68513,4,0
68514,4,0
68515,3,6
68516,3,6
68517,3,6
68518,2,3
68519,9,7
68520,5,4
68521,8,2
68522,6,8
68523,5,9
68524,6,8
68525,9,7
68526,1,1
68527,5,4
68528,4,0
68529,5,4
68530,6,8
68531,7,5
68532,8,2
68533,2,3
68534,5,9
68535,4,0
68536,1,1
68537,5,9
68538,1,1
68539,7,5
68540,1,1
68541,9,7
68542,3,6
68543,1,1
68544,8,2
68545,1,1
68546,3,6
68547,6,8
68548,4,0
68549,1,1
68550,8,2
68551,2,3
68552,5,4
68553,2,5
68554,3,6
68555,9,7
68556,6,8
68557,5,9
68558,4,0
68559,1,1
68560,8,2
68561,2,3
68562,5,4
68563,7,5
68564,3,6
68565,9,7
68566,6,8
68567,4,0
68568,1,1
68569,8,2
68570,2,3
68571,2,5
68572,3,6
68573,9,7
68574,6,8
68575,1,1
68576,4,0
68577,5,4
68578,3,5
68579,3,6
68580,3,6
68581,2,3
68582,5,4
68583,5,4
68584,4,2
68585,6,8
68586,1,1
68587,4,0
68588,3,6
68589,5,4
68590,5,9
68591,9,7
68592,8,2
68593,5,9
68594,8,2
68595,4,0
68596,5,9
68597,2,3
68598,2,3
68599,5,9
68600,1,1
68601,7,5
68602,8,2
68603,2,3
68604,1,1
68605,3,6
68606,9,7
68607,2,3
68608,9,7
68609,6,8
68610,5,4
68611,4,0
68612,8,2
68613,5,4
68614,4,0
68615,8,2
68616,5,4
68617,9,7
68618,6,8
68619,4,0
68620,9,7
68621,4,0
68622,3,6
68623,5,9
68624,2,3
68625,8,2
68626,5,4
68627,6,8
68628,3,6
68629,4,0
68630,7,5
68631,9,7
68632,7,5
68633,1,1
68634,4,0
68635,6,8
68636,1,1
68637,3,6
68638,9,7
68639,8,2
68640,5,9
68641,9,7
68642,5,9
68643,7,5
68644,3,6
68645,2,5
68646,8,2
68647,3,6
68648,8,2
68649,6,8
68650,1,1
68651,9,7
68652,7,5
68653,2,5
68654,9,7
68655,2,3
68656,2,5
68657,4,0
68658,1,1
68659,1,1
68660,2,3
68661,6,8
68662,5,4
68663,5,9
68664,5,4
68665,3,5
68666,1,1
68667,6,8
68668,3,6
68669,6,8
68670,5,9
68671,4,0
68672,0,1
68673,8,2
68674,2,3
68675,5,4
68676,7,5
68677,3,6
68678,9,7
68679,6,8
68680,9,9
68681,4,0
68682,1,1
68683,8,2
68684,2,3
68685,5,4
68686,7,5
68687,3,6
68688,9,7
68689,6,8
68690,5,9
68691,4,0
68692,0,1
68693,8,2
68694,2,3
68695,5,4
68696,7,5
68697,3,6
68698,9,7
68699,6,8
68700,9,9
68701,2,3
68702,7,5
68703,2,3
68704,8,2
68705,9,9
68706,2,3
68707,8,2
68708,0,1
68709,5,4
68710,7,5
68711,7,5
68712,8,2
68713,2,3
68714,8,2
68715,1,1
68716,2,3
68717,5,9
68718,9,7
68719,8,2
68720,0,1
68721,8,2
68722,6,8
68723,9,9
68724,1,1
68725,6,8
68726,6,8
68727,9,7
68728,6,8
68729,0,1
68730,4,0
68731,4,0
68732,3,6
68733,9,7
68734,9,7
68735,6,8
68736,9,7
68737,7,5
68738,4,0
68739,3,6
68740,1,1
68741,7,5
68742,9,7
68743,5,4
68744,3,6
68745,0,1
68746,8,2
68747,7,5
68748,4,0
68749,9,7
68750,5,9
68751,5,9
68752,4,0
68753,2,3
68754,5,4
68755,5,4
68756,6,8
68757,5,4
68758,0,1
68759,6,8
68760,3,6
68761,7,5
68762,9,9
68763,4,0
68764,4,0
68765,4,0
68766,2,3
68767,9,7
68768,0,1
68769,3,6
68770,5,4
68771,3,6
68772,4,0
68773,5,4
68774,7,5
68775,5,4
68776,0,1
68777,2,3
68778,6,8
68779,3,6
68780,2,3
68781,5,9
68782,5,9
68783,7,5
68784,5,9
68785,2,3
68786,9,7
68787,6,8
68788,7,5
68789,3,6
68790,5,4
68791,9,7
68792,3,6
68793,8,2
68794,8,2
68795,4,0
68796,5,9
68797,5,4
68798,4,0
68799,0,1
68800,8,2
68801,2,3
68802,5,4
68803,7,5
68804,3,6
68805,9,7
68806,6,8
68807,5,9
68808,4,0
68809,0,1
68810,8,2
68811,2,3
68812,5,4
68813,7,5
68814,3,6
68815,9,7
68816,0,8
68817,5,9
68818,4,0
68819,0,1
68820,8,2
68821,2,3
68822,5,4
68823,7,5
68824,3,6
68825,9,7
68826,6,8
68827,9,9
68828,3,6
68829,5,4
68830,8,2
68831,3,6
68832,5,4
68833,9,7
68834,7,5
68835,7,5
68836,5,4
68837,9,7
68838,8,2
68839,5,9
68840,2,3
68841,9,9
68842,2,3
68843,0,8
68844,8,2
68845,4,0
68846,5,9
68847,7,5
68848,3,6
68849,4,0
68850,1,1
68851,4,0
68852,3,6
68853,7,5
68854,2,3
68855,7,5
68856,2,3
68857,6,8
68858,4,0
68859,4,0
68860,2,3
68861,5,4
68862,0,1
68863,7,5
68864,2,3
68865,4,0
68866,0,8
68867,2,3
68868,4,0
68869,3,6
68870,8,2
68871,9,7
68872,6,8
68873,0,1
68874,9,7
68875,0,1
68876,2,3
68877,6,8
68878,7,5
68879,5,4
68880,8,2
68881,4,0
68882,5,9
68883,9,7
68884,3,6
68885,9,7
68886,5,4
68887,0,1
68888,3,6
68889,8,2
68890,3,6
68891,9,7
68892,0,1
68893,5,9
68894,6,8
68895,4,0
68896,3,6
68897,9,9
68898,5,4
68899,5,9
68900,5,9
68901,3,6
68902,8,2
68903,2,3
68904,9,7
68905,0,1
68906,9,9
68907,8,2
68908,8,2
68909,7,5
68910,2,3
68911,9,7
68912,0,8
68913,4,0
68914,0,1
68915,8,2
68916,2,3
68917,5,4
68918,9,7
68919,6,8
68920,9,9
68921,4,0
68922,0,1
68923,8,2
68924,2,3
68925,5,4
68926,9,7
68927,6,8
68928,9,9
68929,4,0
68930,0,1
68931,9,7
68932,6,8
68933,9,9
68934,6,8
68935,9,9
68936,8,2
68937,3,6
68938,0,1
68939,2,3
68940,7,5
68941,5,4
68942,6,8
68943,8,2
68944,3,6
68945,5,4
68946,2,3
68947,5,4
68948,7,5
68949,9,9
68950,8,2
68951,4,0
68952,2,3
68953,9,9
68954,5,4
68955,9,9
68956,9,7
68957,2,3
68958,6,8
68959,9,7
68960,5,4
68961,5,4
68962,9,9
68963,6,8
68964,7,5
68965,6,8
68966,8,2
68967,3,6
68968,3,6
68969,8,2
68970,2,3
68971,0,1
68972,2,3
68973,8,2
68974,9,7
68975,2,3
68976,0,1
68977,9,9
68978,4,0
68979,0,1
68980,0,1
68981,2,3
68982,7,5
68983,4,0
68984,9,7
68985,6,8
68986,0,1
68987,7,5
68988,0,1
68989,5,4
68990,3,6
68991,4,0
68992,4,0
68993,5,4
68994,9,9
68995,0,1
68996,3,6
68997,3,6
68998,9,9
68999,4,0
69000,9,7
69001,3,6
69002,0,1
69003,0,1
69004,4,0
69005,0,1
69006,8,2
69007,2,3
69008,5,4
69009,8,7
69010,6,2
69011,2,3
69012,5,4
69013,7,5
69014,3,6
69015,9,7
69016,4,0
69017,0,1
69018,8,2
69019,9,7
69020,6,8
69021,3,6
69022,2,3
69023,5,9
69024,8,7
69025,0,1
69026,5,9
69027,2,3
69028,9,9
69029,3,6
69030,0,1
69031,9,7
69032,8,2
69033,5,4
69034,5,4
69035,0,5
69036,0,7
69037,4,0
69038,4,0
69039,0,1
69040,3,6
69041,3,6
69042,6,8
69043,6,2
69044,9,7
69045,9,7
69046,8,2
69047,5,4
69048,8,2
69049,0,1
69050,3,6
69051,0,1
69052,4,0
69053,3,6
69054,9,9
69055,6,8
69056,2,3
69057,9,9
69058,3,6
69059,2,3
69060,4,0
69061,1,1
69062,8,2
69063,2,3
69064,5,4
69065,7,5
69066,3,6
69067,9,7
69068,6,8
69069,5,9
69070,4,0
69071,1,1
69072,8,2
69073,2,3
69074,5,4
69075,7,5
69076,3,6
69077,9,7
69078,6,8
69079,5,9
69080,4,0
69081,1,1
69082,8,2
69083,2,3
69084,5,4
69085,7,5
69086,3,6
69087,9,7
69088,6,8
69089,5,9
69090,1,1
69091,3,6
69092,6,8
69093,5,9
69094,5,9
69095,4,0
69096,1,1
69097,8,2
69098,5,4
69099,5,4
69100,2,3
69101,9,7
69102,5,4
69103,5,4
69104,5,4
69105,4,0
69106,2,3
69107,6,8
69108,9,7
69109,7,5
69110,5,8
69111,8,2
69112,1,1
69113,9,7
69114,7,5
69115,2,3
69116,6,8
69117,7,5
69118,8,2
69119,7,5
69120,1,1
69121,1,1
69122,3,6
69123,8,2
69124,1,1
69125,2,3
69126,6,8
69127,3,6
69128,5,4
69129,8,2
69130,3,6
69131,8,2
69132,7,5
69133,7,5
69134,4,0
69135,8,2
69136,6,8
69137,4,0
69138,3,6
69139,6,8
69140,1,1
69141,5,7
69142,5,9
69143,1,1
69144,5,9
69145,8,2
69146,3,6
69147,9,7
69148,3,6
69149,3,6
69150,6,8
69151,9,7
69152,5,4
69153,5,9
69154,8,2
69155,1,1
69156,2,3
69157,2,3
69158,4,0
69159,7,5
69160,7,5
69161,2,8
69162,4,0
69163,2,3
69164,9,7
69165,5,9
69166,9,7
69167,4,0
69168,6,2
69169,9,7
69170,5,9
69171,1,1
69172,9,7
69173,6,8
69174,4,0
69175,2,3
69176,7,5
69177,2,3
69178,3,6
69179,4,0
69180,0,1
69181,8,2
69182,2,3
69183,0,4
69184,7,5
69185,3,6
69186,9,7
69187,6,8
69188,9,9
69189,4,0
69190,0,1
69191,8,2
69192,2,3
69193,0,4
69194,7,5
69195,3,6
69196,9,7
69197,0,8
69198,0,9
69199,4,0
69200,0,1
69201,8,2
69202,2,3
69203,0,4
69204,9,7
69205,0,8
69206,9,9
69207,3,6
69208,5,4
69209,8,2
69210,3,6
69211,0,4
69212,9,7
69213,6,8
69214,9,9
69215,8,2
69216,9,9
69217,2,3
69218,9,9
69219,2,3
69220,4,0
69221,4,0
69222,0,1
69223,4,0
69224,5,4
69225,8,2
69226,3,6
69227,2,3
69228,7,5
69229,2,3
69230,4,0
69231,2,3
69232,5,4
69233,0,1
69234,7,5
69235,2,3
69236,4,0
69237,6,8
69238,2,3
69239,4,0
69240,3,6
69241,0,1
69242,9,7
69243,0,8
69244,4,0
69245,9,9
69246,8,2
69247,3,6
69248,9,7
69249,0,1
69250,9,9
69251,3,6
69252,9,9
69253,0,4
69254,9,9
69255,0,9
69256,3,6
69257,9,7
69258,0,1
69259,8,2
69260,7,5
69261,2,3
69262,9,7
69263,6,8
69264,4,0
69265,1,1
69266,8,2
69267,5,4
69268,7,5
69269,3,6
69270,9,7
69271,6,8
69272,5,9
69273,4,0
69274,1,1
69275,2,3
69276,5,4
69277,7,5
69278,3,6
69279,9,7
69280,6,8
69281,4,0
69282,1,1
69283,2,3
69284,5,4
69285,9,7
69286,6,8
69287,9,9
69288,9,7
69289,7,5
69290,7,5
69291,1,1
69292,5,9
69293,9,9
69294,9,7
69295,1,1
69296,4,0
69297,4,0
69298,7,5
69299,9,9
69300,9,7
69301,1,1
69302,9,7
69303,8,2
69304,8,2
69305,2,3
69306,3,6
69307,6,8
69308,2,3
69309,8,2
69310,4,0
69311,4,0
69312,3,6
69313,1,1
69314,9,7
69315,7,5
69316,2,8
69317,3,6
69318,8,2
69319,5,9
69320,5,4
69321,6,8
69322,6,8
69323,9,7
69324,1,1
69325,4,0
69326,6,8
69327,9,7
69328,9,7
69329,7,5
69330,6,8
69331,7,5
69332,2,3
69333,5,4
69334,3,6
69335,1,1
69336,1,1
69337,7,5
69338,7,5
69339,4,0
69340,9,7
69341,8,2
69342,2,3
69343,3,6
69344,5,4
69345,1,1
69346,8,2
69347,5,4
69348,1,1
69349,7,5
69350,5,4
69351,8,2
69352,4,0
69353,5,4
69354,6,8
69355,3,6
69356,1,1
69357,9,9
69358,4,0
69359,8,2
69360,7,5
69361,3,6
69362,9,9
69363,2,3
69364,3,6
69365,2,3
69366,3,6
69367,4,0
69368,1,1
69369,8,2
69370,2,3
69371,5,4
69372,7,5
69373,3,6
69374,9,7
69375,6,8
69376,5,9
69377,4,0
69378,1,1
69379,8,2
69380,2,3
69381,5,4
69382,7,5
69383,3,6
69384,9,7
69385,6,8
69386,5,9
69387,4,0
69388,1,1
69389,8,2
69390,2,3
69391,7,5
69392,3,6
69393,9,7
69394,6,8
69395,1,1
69396,4,0
69397,5,9
69398,2,5
69399,5,7
69400,7,5
69401,1,1
69402,6,8
69403,3,6
69404,5,9
69405,4,0
69406,5,4
69407,1,1
69408,5,9
69409,2,3
69410,6,8
69411,5,4
69412,5,4
69413,9,7
69414,4,0
69415,1,1
69416,5,9
69417,8,2
69418,6,8
69419,9,7
69420,6,8
69421,8,2
69422,7,5
69423,5,9
69424,3,6
69425,4,0
69426,3,6
69427,7,5
69428,7,5
69429,2,3
69430,2,3
69431,2,3
69432,5,9
69433,6,8
69434,1,1
69435,1,1
69436,4,0
69437,3,6
69438,1,1
69439,4,0
69440,4,0
69441,3,6
69442,8,2
69443,1,1
69444,1,1
69445,2,3
69446,5,2
69447,9,7
69448,9,7
69449,6,8
69450,6,8
69451,9,7
69452,6,8
69453,5,4
69454,3,6
69455,4,0
69456,5,2
69457,4,0
69458,9,7
69459,4,0
69460,2,3
69461,3,6
69462,6,8
69463,9,7
69464,1,1
69465,7,5
69466,5,9
69467,5,9
69468,2,3
69469,9,7
69470,8,2
69471,5,4
69472,5,9
69473,5,4
69474,2,3
69475,3,6
69476,8,2
69477,8,2
69478,7,5
69479,2,3
69480,8,2
69481,7,5
69482,7,5
69483,5,9
69484,5,4
69485,0,1
69486,9,7
69487,8,2
69488,4,0
69489,1,1
69490,8,2
69491,2,3
69492,5,4
69493,7,5
69494,3,6
69495,9,7
69496,6,8
69497,9,9
69498,4,0
69499,1,1
69500,8,2
69501,2,3
69502,5,4
69503,7,5
69504,3,6
69505,9,7
69506,6,8
69507,9,9
69508,4,0
69509,0,1
69510,8,2
69511,2,3
69512,5,4
69513,7,5
69514,3,6
69515,9,7
69516,6,8
69517,9,9
69518,1,1
69519,4,0
69520,1,1
69521,8,2
69522,9,7
69523,7,5
69524,2,3
69525,5,4
69526,5,4
69527,4,0
69528,4,0
69529,3,6
69530,0,9
69531,3,6
69532,3,6
69533,7,5
69534,9,7
69535,8,2
69536,2,3
69537,5,4
69538,9,4
69539,9,9
69540,0,1
69541,5,4
69542,4,0
69543,9,7
69544,9,9
69545,7,5
69546,9,7
69547,8,2
69548,2,3
69549,1,1
69550,5,4
69551,5,4
69552,4,0
69553,9,9
69554,9,9
69555,3,6
69556,0,1
69557,6,8
69558,2,3
69559,2,3
69560,0,7
69561,2,3
69562,9,9
69563,0,8
69564,0,8
69565,5,4
69566,9,7
69567,9,7
69568,3,6
69569,8,2
69570,1,1
69571,5,9
69572,6,8
69573,9,7
69574,6,8
69575,6,8
69576,9,7
69577,8,2
69578,8,2
69579,2,3
69580,9,9
69581,2,3
69582,2,3
69583,7,5
69584,7,5
69585,4,0
69586,9,7
69587,5,9
69588,7,5
69589,3,6
69590,7,5
69591,0,1
69592,5,4
69593,0,1
69594,0,1
69595,1,2
69596,6,8
69597,8,2
69598,3,6
69599,0,1
69600,7,5
69601,4,0
69602,0,1
69603,8,2
69604,2,3
69605,5,4
69606,7,5
69607,3,6
69608,9,7
69609,6,8
69610,9,9
69611,4,0
69612,0,1
69613,0,2
69614,2,3
69615,5,4
69616,7,5
69617,3,6
69618,9,7
69619,6,8
69620,9,9
69621,4,0
69622,0,1
69623,8,2
69624,6,3
69625,5,4
69626,7,5
69627,3,6
69628,9,7
69629,7,8
69630,6,8
69631,4,0
69632,3,6
69633,4,0
69634,0,0
69635,8,2
69636,7,3
69637,9,7
69638,9,9
69639,5,4
69640,9,7
69641,0,1
69642,9,9
69643,0,1
69644,9,7
69645,0,1
69646,0,4
69647,4,0
69648,4,0
69649,0,1
69650,9,7
69651,0,5
69652,9,7
69653,0,1
69654,7,3
69655,7,3
69656,2,3
69657,0,1
69658,3,6
69659,9,9
69660,9,7
69661,0,1
69662,8,3
69663,4,0
69664,0,2
69665,3,6
69666,4,0
69667,6,8
69668,5,9
69669,9,4
69670,2,3
69671,7,5
69672,5,4
69673,6,8
69674,0,1
69675,7,5
69676,9,9
69677,4,0
69678,3,6
69679,3,6
69680,2,3
69681,6,8
69682,0,1
69683,5,4
69684,9,7
69685,7,5
69686,8,2
69687,4,0
69688,4,0
69689,0,1
69690,9,7
69691,6,8
69692,9,9
69693,3,6
69694,6,8
69695,6,8
69696,8,2
69697,2,3
69698,3,6
69699,0,1
69700,0,2
69701,5,9
69702,7,5
69703,8,2
69704,4,0
69705,0,1
69706,8,2
69707,2,3
69708,5,4
69709,7,5
69710,3,6
69711,9,7
69712,0,8
69713,9,9
69714,4,0
69715,0,1
69716,4,2
69717,2,3
69718,5,4
69719,4,5
69720,3,6
69721,9,7
69722,0,8
69723,9,9
69724,4,0
69725,0,1
69726,8,2
69727,2,3
69728,0,4
69729,7,5
69730,3,6
69731,9,7
69732,0,8
69733,0,9
69734,9,7
69735,0,4
69736,3,6
69737,0,1
69738,0,4
69739,4,0
69740,9,9
69741,9,9
69742,2,3
69743,9,7
69744,0,8
69745,0,4
69746,9,7
69747,7,5
69748,0,8
69749,7,5
69750,2,3
69751,4,2
69752,4,2
69753,4,0
69754,7,5
69755,0,8
69756,3,6
69757,4,0
69758,2,3
69759,6,8
69760,0,1
69761,4,0
69762,2,3
69763,4,0
69764,0,4
69765,9,7
69766,5,4
69767,9,9
69768,4,2
69769,0,9
69770,4,5
69771,9,7
69772,0,1
69773,9,7
69774,0,1
69775,3,6
69776,3,6
69777,7,5
69778,3,6
69779,4,2
69780,0,8
69781,9,7
69782,7,6
69783,5,4
69784,9,9
69785,9,9
69786,7,5
69787,2,3
69788,9,7
69789,0,4
69790,2,3
69791,4,0
69792,0,4
69793,7,6
69794,3,6
69795,0,1
69796,0,1
69797,2,3
69798,8,2
69799,0,1
69800,4,0
69801,4,0
69802,0,1
69803,8,2
69804,2,3
69805,5,4
69806,9,7
69807,6,8
69808,5,9
69809,4,0
69810,0,1
69811,6,2
69812,2,3
69813,5,4
69814,0,5
69815,3,6
69816,9,7
69817,6,8
69818,4,0
69819,0,1
69820,6,2
69821,2,3
69822,5,4
69823,9,7
69824,6,8
69825,9,9
69826,4,0
69827,6,8
69828,2,3
69829,5,9
69830,0,5
69831,0,5
69832,6,2
69833,3,6
69834,6,8
69835,5,4
69836,0,1
69837,9,7
69838,0,1
69839,6,2
69840,2,3
69841,0,5
69842,3,6
69843,9,9
69844,0,1
69845,0,1
69846,0,1
69847,6,2
69848,0,1
69849,6,2
69850,4,0
69851,9,7
69852,9,7
69853,7,5
69854,6,8
69855,6,2
69856,7,9
69857,6,8
69858,3,6
69859,9,7
69860,2,3
69861,5,4
69862,3,6
69863,6,8
69864,9,7
69865,4,0
69866,5,4
69867,6,2
69868,9,7
69869,9,7
69870,7,5
69871,5,4
69872,2,3
69873,5,4
69874,6,2
69875,6,8
69876,0,1
69877,7,5
69878,0,1
69879,0,0
69880,8,2
69881,2,3
69882,2,3
69883,7,5
69884,9,7
69885,4,0
69886,3,6
69887,6,8
69888,3,6
69889,2,3
69890,5,9
69891,5,9
69892,6,8
69893,6,2
69894,9,7
69895,9,7
69896,0,1
69897,4,0
69898,0,1
69899,9,7
69900,6,8
69901,5,9
69902,4,0
69903,0,1
69904,8,2
69905,9,3
69906,0,4
69907,7,5
69908,3,6
69909,9,7
69910,0,8
69911,4,0
69912,0,1
69913,8,2
69914,2,3
69915,0,4
69916,9,7
69917,6,8
69918,5,9
69919,9,7
69920,6,8
69921,3,6
69922,0,4
69923,0,1
69924,9,9
69925,7,3
69926,6,8
69927,5,4
69928,5,4
69929,9,7
69930,4,0
69931,0,1
69932,5,9
69933,8,2
69934,6,8
69935,9,7
69936,6,8
69937,8,2
69938,3,6
69939,4,0
69940,3,6
69941,2,5
69942,2,3
69943,2,3
69944,6,3
69945,5,9
69946,0,1
69947,5,4
69948,4,0
69949,3,6
69950,0,1
69951,4,0
69952,4,0
69953,3,6
69954,4,2
69955,0,1
69956,0,1
69957,9,7
69958,9,7
69959,6,8
69960,5,4
69961,3,6
69962,4,0
69963,9,7
69964,4,0
69965,2,3
69966,3,6
69967,6,8
69968,9,7
69969,0,1
69970,7,5
69971,8,2
69972,5,4
69973,9,9
69974,5,4
69975,8,3
69976,3,6
69977,5,4
69978,0,1
69979,9,7
69980,8,2
69981,3,6
69982,3,5
69983,4,0
69984,1,1
69985,8,2
69986,2,3
69987,5,4
69988,7,5
69989,3,6
69990,9,7
69991,6,8
69992,5,9
69993,4,0
69994,1,1
69995,8,2
69996,2,3
69997,5,4
69998,7,5
69999,3,6
