index,cluster,label
0,4,5
1,7,0
2,5,4
3,2,1
4,5,9
5,3,2
6,5,1
7,3,3
8,2,1
9,5,4
10,1,3
11,0,5
12,4,3
13,0,6
14,5,1
15,2,7
16,3,2
17,3,8
18,9,6
19,2,9
20,5,4
21,7,0
22,2,9
23,2,1
24,0,1
25,3,2
26,5,4
27,1,3
28,1,2
29,2,7
30,4,3
31,3,8
32,9,6
33,2,9
34,8,0
35,0,5
36,9,6
37,0,0
38,2,7
39,0,6
40,2,1
41,4,8
42,2,7
43,2,9
44,4,3
45,2,9
46,4,8
47,4,5
48,4,9
49,1,3
50,4,3
51,7,0
52,2,7
53,5,4
54,2,9
55,6,8
56,8,0
57,2,9
58,5,4
59,5,1
60,5,4
61,5,4
62,0,6
63,3,0
64,5,4
65,0,5
66,0,6
67,2,1
68,8,0
69,8,0
70,4,1
71,2,7
72,2,1
73,0,6
74,4,3
75,3,0
76,4,2
77,2,1
78,1,1
79,2,7
80,8,9
81,8,0
82,3,2
83,0,6
84,2,7
85,3,8
86,4,3
87,2,9
88,8,0
89,5,4
90,9,6
91,2,7
92,5,4
93,0,6
94,2,8
95,8,0
96,2,7
97,3,8
98,4,3
99,2,1
100,5,5
101,2,7
102,5,1
103,2,7
104,5,1
105,5,1
106,9,6
107,3,3
108,8,0
109,9,2
110,5,9
111,3,3
112,5,1
113,9,1
114,8,0
115,5,4
116,2,9
117,3,2
118,8,0
119,7,0
120,2,2
121,7,0
122,3,2
123,2,7
124,2,1
125,4,8
126,9,6
127,0,4
128,5,1
129,0,6
130,4,3
131,5,4
132,1,5
133,2,9
134,5,1
135,3,3
136,4,3
137,1,8
138,4,5
139,5,4
140,2,7
141,2,7
142,5,4
143,3,2
144,4,8
145,0,5
146,3,8
147,9,6
148,2,7
149,4,3
150,5,4
151,0,6
152,1,1
153,2,9
154,2,9
155,0,6
156,7,0
157,3,3
158,2,7
159,3,2
160,4,8
161,3,2
162,5,9
163,5,4
164,5,4
165,9,6
166,5,4
167,2,9
168,2,7
169,8,0
170,2,9
171,3,2
172,2,9
173,0,5
174,2,1
175,4,5
176,2,9
177,1,1
178,7,2
179,3,3
180,1,2
181,3,3
182,4,5
183,2,9
184,5,1
185,2,7
186,9,6
187,3,2
188,8,8
189,3,2
190,3,2
191,4,5
192,8,0
193,2,7
194,5,4
195,2,9
196,2,7
197,3,8
198,4,3
199,3,2
200,5,1
201,2,1
202,3,8
203,3,3
204,9,6
205,9,1
206,7,0
207,3,3
208,1,1
209,8,0
210,8,0
211,5,1
212,2,7
213,3,2
214,2,7
215,3,3
216,8,0
217,5,4
218,9,6
219,4,5
220,3,2
221,0,6
222,5,4
223,2,7
224,2,1
225,3,8
226,2,9
227,2,9
228,4,3
229,8,0
230,2,7
231,5,1
232,8,0
233,3,2
234,7,0
235,3,3
236,4,5
237,5,4
238,9,6
239,4,5
240,5,8
241,9,6
242,3,3
243,2,7
244,4,5
245,3,8
246,7,0
247,2,9
248,5,1
249,8,0
250,4,3
251,5,1
252,3,2
253,3,2
254,4,3
255,3,3
256,0,6
257,5,4
258,2,7
259,3,5
260,7,0
261,0,6
262,0,2
263,2,7
264,5,9
265,3,8
266,4,5
267,2,9
268,2,2
269,9,1
270,9,1
271,5,4
272,5,4
273,3,5
274,0,6
275,5,4
276,5,1
277,3,2
278,4,5
279,3,3
280,2,9
281,3,3
282,2,9
283,8,0
284,4,5
285,2,9
286,9,6
287,3,5
288,2,7
289,5,4
290,5,1
291,3,3
292,5,4
293,7,0
294,5,4
295,3,8
296,8,0
297,5,4
298,4,3
299,9,6
300,4,8
301,2,7
302,0,6
303,7,0
304,2,9
305,2,7
306,3,5
307,2,7
308,3,2
309,9,1
310,5,1
311,0,6
312,8,8
313,2,9
314,5,4
315,1,1
316,4,5
317,3,2
318,9,2
319,2,9
320,8,0
321,3,3
322,5,9
323,9,6
324,2,7
325,3,2
326,8,0
327,3,3
328,4,5
329,5,4
330,1,3
331,0,6
332,4,5
333,4,8
334,5,9
335,4,5
336,5,4
337,2,7
338,5,4
339,3,2
340,2,7
341,3,3
342,5,4
343,3,8
344,5,9
345,1,1
346,3,9
347,3,2
348,4,8
349,2,7
350,5,9
351,1,1
352,4,8
353,2,7
354,5,4
355,1,1
356,1,3
357,1,1
358,9,1
359,8,0
360,1,2
361,3,3
362,2,9
363,5,4
364,5,9
365,3,2
366,2,1
367,0,6
368,1,8
369,5,4
370,2,7
371,2,7
372,5,4
373,5,4
374,5,9
375,3,2
376,4,5
377,2,7
378,3,2
379,5,4
380,5,4
381,3,2
382,5,1
383,2,9
384,2,7
385,3,2
386,4,8
387,2,7
388,9,6
389,2,9
390,3,2
391,3,2
392,4,3
393,6,8
394,5,1
395,0,6
396,4,5
397,9,1
398,4,1
399,7,0
400,9,2
401,0,6
402,5,4
403,3,5
404,4,8
405,3,3
406,5,1
407,3,5
408,5,1
409,2,9
410,1,2
411,2,7
412,5,4
413,5,4
414,5,4
415,6,8
416,1,1
417,3,5
418,3,8
419,2,9
420,4,5
421,0,6
422,2,7
423,2,9
424,5,9
425,3,3
426,2,7
427,7,0
428,5,9
429,7,0
430,9,6
431,0,6
432,3,2
433,3,3
434,5,9
435,7,0
436,2,7
437,0,5
438,5,4
439,3,8
440,8,0
441,2,9
442,5,4
443,9,1
444,2,2
445,3,8
446,2,7
447,3,1
448,3,2
449,0,6
450,9,1
451,8,0
452,3,3
453,7,0
454,5,1
455,2,1
456,5,8
457,3,2
458,8,0
459,4,3
460,5,9
461,5,4
462,7,0
463,4,5
464,8,0
465,0,6
466,5,1
467,2,7
468,2,7
469,6,8
470,5,1
471,2,9
472,9,2
473,7,0
474,4,5
475,3,1
476,9,2
477,3,2
478,2,7
479,3,3
480,4,5
481,5,4
482,5,9
483,2,7
484,2,1
485,6,8
486,4,3
487,2,9
488,9,6
489,7,0
490,4,3
491,3,1
492,5,1
493,3,2
494,8,6
495,3,3
496,4,5
497,3,7
498,9,6
499,3,8
500,2,3
501,2,9
502,4,5
503,3,8
504,4,5
505,2,7
506,9,6
507,3,1
508,5,1
509,3,3
510,5,1
511,2,7
512,4,5
513,4,5
514,4,5
515,3,2
516,4,5
517,7,8
518,2,7
519,7,0
520,5,9
521,2,7
522,2,7
523,0,5
524,7,0
525,2,9
526,8,0
527,0,0
528,9,8
529,2,9
530,3,2
531,0,4
532,4,8
533,3,1
534,9,6
535,3,1
536,9,6
537,0,5
538,5,1
539,7,8
540,4,3
541,5,4
542,8,0
543,0,5
544,4,5
545,3,8
546,1,3
547,0,6
548,3,2
549,3,3
550,5,9
551,3,2
552,1,1
553,2,1
554,4,5
555,3,2
556,5,1
557,3,3
558,9,2
559,3,8
560,2,7
561,3,3
562,2,7
563,3,2
564,5,4
565,0,6
566,5,9
567,2,7
568,1,2
569,5,4
570,3,2
571,3,8
572,5,1
573,2,1
574,4,3
575,3,8
576,5,4
577,7,0
578,9,6
579,4,5
580,5,9
581,3,3
582,8,0
583,2,9
584,9,2
585,5,4
586,2,7
587,3,1
588,5,2
589,2,9
590,5,4
591,7,2
592,9,6
593,0,1
594,4,8
595,2,9
596,8,0
597,0,6
598,0,6
599,2,7
600,2,9
601,2,9
602,4,8
603,7,0
604,2,1
605,0,4
606,5,4
607,0,6
608,2,7
609,2,1
610,4,5
611,2,7
612,8,0
613,4,3
614,0,5
615,6,8
616,5,4
617,2,7
618,5,1
619,3,2
620,4,5
621,2,9
622,4,5
623,0,6
624,2,7
625,4,5
626,2,9
627,9,8
628,4,8
629,3,3
630,9,6
631,2,9
632,2,7
633,7,0
634,2,7
635,3,5
636,2,7
637,5,1
638,5,1
639,7,0
640,2,7
641,2,9
642,3,2
643,3,3
644,2,7
645,4,3
646,4,2
647,0,4
648,2,1
649,0,6
650,4,2
651,2,7
652,4,5
653,4,5
654,2,7
655,5,4
656,8,0
657,3,2
658,9,6
659,3,3
660,9,6
661,0,4
662,8,0
663,0,4
664,9,2
665,0,6
666,7,0
667,0,0
668,8,0
669,7,0
670,3,3
671,2,1
672,0,6
673,3,2
674,9,2
675,3,3
676,4,1
677,5,4
678,2,1
679,4,5
680,5,4
681,0,6
682,5,4
683,2,7
684,3,2
685,3,8
686,2,7
687,2,9
688,4,2
689,7,0
690,4,5
691,2,1
692,5,4
693,9,2
694,4,8
695,3,3
696,3,2
697,5,4
698,9,1
699,7,5
700,5,4
701,0,6
702,8,0
703,2,7
704,8,9
705,3,8
706,5,4
707,2,9
708,4,8
709,7,0
710,5,1
711,2,1
712,0,0
713,3,2
714,3,2
715,3,3
716,3,2
717,5,4
718,2,4
719,4,5
720,2,8
721,0,6
722,4,5
723,2,7
724,2,7
725,3,8
726,4,8
727,2,9
728,2,7
729,5,4
730,2,7
731,3,3
732,3,2
733,7,0
734,4,8
735,0,6
736,4,8
737,0,6
738,5,1
739,0,6
740,4,8
741,2,9
742,5,4
743,7,0
744,5,9
745,7,0
746,5,4
747,9,1
748,4,5
749,2,4
750,2,7
751,4,5
752,4,3
753,2,7
754,5,4
755,2,9
756,6,8
757,0,5
758,4,8
759,0,6
760,4,3
761,3,8
762,9,6
763,2,9
764,5,9
765,9,1
766,4,8
767,4,3
768,4,5
769,6,8
770,9,6
771,4,5
772,2,9
773,2,7
774,7,2
775,0,5
776,8,0
777,7,8
778,2,5
779,9,1
780,5,1
781,7,0
782,2,9
783,9,1
784,1,8
785,0,6
786,2,7
787,7,0
788,5,9
789,1,3
790,7,0
791,6,8
792,4,8
793,2,9
794,0,6
795,2,7
796,4,8
797,5,4
798,2,7
799,4,5
800,5,9
801,9,2
802,9,6
803,2,7
804,5,4
805,4,5
806,5,9
807,9,2
808,4,3
809,9,1
810,9,6
811,3,3
812,5,9
813,9,2
814,3,2
815,4,5
816,0,6
817,1,8
818,8,0
819,2,7
820,2,7
821,0,1
822,2,9
823,3,8
824,2,7
825,7,0
826,5,9
827,2,9
828,8,4
829,0,6
830,3,2
831,3,8
832,4,5
833,9,1
834,5,4
835,9,1
836,4,5
837,3,5
838,2,1
839,2,7
840,4,3
841,0,6
842,5,4
843,3,3
844,3,2
845,4,5
846,4,6
847,5,4
848,5,4
849,7,0
850,0,4
851,5,4
852,0,6
853,2,7
854,2,2
855,5,4
856,4,3
857,3,3
858,5,8
859,7,0
860,7,0
861,3,3
862,9,2
863,9,2
864,2,9
865,3,8
866,1,2
867,3,3
868,2,7
869,7,0
870,5,1
871,9,1
872,8,0
873,3,2
874,4,3
875,4,3
876,4,8
877,5,4
878,4,3
879,9,5
880,2,7
881,0,6
882,5,4
883,2,7
884,2,7
885,6,8
886,4,5
887,2,9
888,2,7
889,7,0
890,4,3
891,9,1
892,9,6
893,3,2
894,5,4
895,3,3
896,5,4
897,5,4
898,2,7
899,0,5
900,5,9
901,0,6
902,7,9
903,7,0
904,2,7
905,3,1
906,5,4
907,3,2
908,2,7
909,3,3
910,9,6
911,2,7
912,4,5
913,6,8
914,5,4
915,3,5
916,9,5
917,3,2
918,2,7
919,9,1
920,5,1
921,0,5
922,9,6
923,6,8
924,4,5
925,6,8
926,5,4
927,7,0
928,2,7
929,2,9
930,2,9
931,3,2
932,5,9
933,2,7
934,2,7
935,3,8
936,2,7
937,5,4
938,4,2
939,0,6
940,5,9
941,9,1
942,2,7
943,0,0
944,9,6
945,5,4
946,3,2
947,9,5
948,2,7
949,7,0
950,2,7
951,9,1
952,8,0
953,4,3
954,2,7
955,0,6
956,4,5
957,7,0
958,9,6
959,1,1
960,4,5
961,9,1
962,2,7
963,3,8
964,3,5
965,7,0
966,4,3
967,5,4
968,2,7
969,2,7
970,4,5
971,2,7
972,6,8
973,0,6
974,5,9
975,3,3
976,5,8
977,0,6
978,5,1
979,7,0
980,5,9
981,2,7
982,4,1
983,4,3
984,8,0
985,0,5
986,9,6
987,5,4
988,5,4
989,3,2
990,5,4
991,5,4
992,4,3
993,9,1
994,2,7
995,2,7
996,9,6
997,7,0
998,3,3
999,0,6
1000,8,0
1001,2,7
1002,4,1
1003,3,1
1004,5,4
1005,2,9
1006,5,4
1007,4,3
1008,5,4
1009,3,8
1010,3,2
1011,3,2
1012,2,1
1013,6,8
1014,2,7
1015,7,0
1016,5,8
1017,9,1
1018,8,0
1019,2,7
1020,9,6
1021,3,3
1022,2,7
1023,2,7
1024,4,5
1025,3,8
1026,4,8
1027,2,9
1028,7,0
1029,7,0
1030,0,4
1031,2,1
1032,1,5
1033,3,2
1034,3,2
1035,3,3
1036,2,9
1037,5,4
1038,2,9
1039,3,5
1040,7,0
1041,0,6
1042,2,7
1043,2,7
1044,2,1
1045,3,8
1046,8,0
1047,1,2
1048,9,2
1049,7,0
1050,5,4
1051,5,1
1052,5,1
1053,3,2
1054,2,7
1055,3,3
1056,2,9
1057,2,7
1058,4,2
1059,3,8
1060,2,1
1061,2,9
1062,4,5
1063,5,8
1064,4,8
1065,5,1
1066,2,9
1067,3,8
1068,4,3
1069,3,1
1070,0,6
1071,3,5
1072,2,7
1073,5,4
1074,3,2
1075,5,7
1076,8,0
1077,3,3
1078,7,0
1079,9,4
1080,2,1
1081,2,1
1082,2,7
1083,2,9
1084,5,1
1085,2,1
1086,4,8
1087,0,5
1088,2,7
1089,0,5
1090,7,0
1091,0,6
1092,0,6
1093,7,0
1094,5,4
1095,2,1
1096,3,2
1097,3,3
1098,5,4
1099,5,4
1100,9,6
1101,3,8
1102,7,0
1103,2,9
1104,4,5
1105,7,8
1106,2,7
1107,7,0
1108,4,3
1109,3,5
1110,5,4
1111,0,5
1112,2,9
1113,0,6
1114,2,7
1115,3,1
1116,5,9
1117,0,6
1118,9,1
1119,3,3
1120,4,8
1121,3,3
1122,2,9
1123,3,1
1124,3,2
1125,2,7
1126,2,7
1127,2,7
1128,8,0
1129,0,2
1130,4,3
1131,9,1
1132,9,1
1133,5,4
1134,9,2
1135,0,5
1136,9,6
1137,3,0
1138,2,9
1139,0,6
1140,0,2
1141,3,8
1142,5,9
1143,4,2
1144,4,3
1145,3,3
1146,9,6
1147,2,9
1148,5,1
1149,5,4
1150,4,3
1151,3,3
1152,8,0
1153,2,7
1154,2,7
1155,3,1
1156,2,7
1157,2,7
1158,4,3
1159,0,6
1160,5,4
1161,2,9
1162,4,5
1163,5,4
1164,5,4
1165,7,2
1166,2,7
1167,2,9
1168,8,0
1169,2,9
1170,4,8
1171,5,4
1172,5,4
1173,2,9
1174,5,1
1175,9,2
1176,5,4
1177,2,9
1178,4,3
1179,7,0
1180,5,4
1181,5,1
1182,0,6
1183,3,2
1184,0,6
1185,1,3
1186,2,7
1187,5,4
1188,9,2
1189,0,6
1190,9,6
1191,2,7
1192,5,1
1193,6,8
1194,5,9
1195,0,0
1196,5,4
1197,1,1
1198,5,4
1199,9,2
1200,2,1
1201,1,3
1202,0,6
1203,5,4
1204,9,6
1205,2,7
1206,4,5
1207,3,8
1208,2,7
1209,7,0
1210,4,5
1211,5,1
1212,5,4
1213,9,2
1214,3,8
1215,5,4
1216,2,7
1217,2,7
1218,4,3
1219,6,8
1220,5,4
1221,2,9
1222,3,5
1223,6,8
1224,9,6
1225,2,7
1226,4,3
1227,5,4
1228,9,6
1229,2,7
1230,5,1
1231,2,7
1232,5,4
1233,1,3
1234,1,3
1235,2,9
1236,4,8
1237,1,8
1238,2,1
1239,6,8
1240,9,6
1241,1,3
1242,2,1
1243,1,1
1244,4,3
1245,4,5
1246,3,2
1247,6,8
1248,5,4
1249,3,2
1250,2,9
1251,2,7
1252,5,1
1253,5,4
1254,4,8
1255,3,2
1256,5,9
1257,9,6
1258,5,4
1259,1,1
1260,4,3
1261,5,4
1262,3,2
1263,4,5
1264,3,2
1265,4,5
1266,9,6
1267,6,8
1268,7,0
1269,9,6
1270,4,2
1271,5,4
1272,2,9
1273,5,4
1274,2,9
1275,5,4
1276,4,5
1277,1,1
1278,4,5
1279,6,8
1280,5,4
1281,2,7
1282,4,9
1283,0,5
1284,2,9
1285,3,5
1286,5,9
1287,1,1
1288,4,5
1289,3,8
1290,4,3
1291,2,9
1292,2,9
1293,1,1
1294,3,8
1295,3,3
1296,4,8
1297,0,6
1298,4,5
1299,9,2
1300,2,7
1301,3,2
1302,2,7
1303,0,6
1304,7,0
1305,2,9
1306,2,7
1307,2,9
1308,5,4
1309,0,6
1310,7,0
1311,2,5
1312,4,3
1313,4,5
1314,2,7
1315,1,3
1316,2,9
1317,1,3
1318,9,6
1319,6,8
1320,4,3
1321,2,1
1322,2,7
1323,0,6
1324,4,5
1325,0,5
1326,2,7
1327,0,6
1328,4,5
1329,6,8
1330,3,2
1331,5,1
1332,2,7
1333,2,9
1334,1,2
1335,2,7
1336,4,3
1337,0,6
1338,2,7
1339,6,8
1340,4,5
1341,1,3
1342,2,7
1343,2,7
1344,4,8
1345,5,4
1346,0,0
1347,2,7
1348,4,3
1349,0,0
1350,9,6
1351,1,3
1352,4,9
1353,2,7
1354,5,1
1355,2,9
1356,4,5
1357,1,3
1358,0,6
1359,0,0
1360,5,9
1361,9,2
1362,4,8
1363,7,0
1364,4,9
1365,1,1
1366,9,6
1367,7,0
1368,7,0
1369,5,1
1370,4,9
1371,7,0
1372,8,0
1373,5,4
1374,9,2
1375,1,1
1376,2,7
1377,0,0
1378,4,3
1379,5,4
1380,5,4
1381,2,7
1382,4,5
1383,2,9
1384,5,8
1385,3,2
1386,8,0
1387,0,0
1388,3,8
1389,0,6
1390,4,2
1391,3,2
1392,2,7
1393,0,6
1394,5,1
1395,9,2
1396,5,9
1397,9,2
1398,9,6
1399,2,9
1400,2,7
1401,5,9
1402,4,5
1403,7,0
1404,9,8
1405,5,1
1406,4,5
1407,3,2
1408,5,4
1409,4,3
1410,5,9
1411,5,4
1412,2,7
1413,4,5
1414,9,6
1415,0,6
1416,2,7
1417,2,7
1418,9,6
1419,3,8
1420,4,5
1421,2,9
1422,2,7
1423,0,0
1424,9,6
1425,5,1
1426,2,9
1427,3,2
1428,4,3
1429,3,3
1430,4,5
1431,5,4
1432,1,3
1433,0,5
1434,4,8
1435,0,6
1436,4,3
1437,2,7
1438,3,2
1439,6,8
1440,5,4
1441,2,9
1442,0,5
1443,7,0
1444,8,2
1445,2,1
1446,5,4
1447,3,2
1448,9,4
1449,3,3
1450,5,1
1451,2,7
1452,5,1
1453,6,8
1454,8,0
1455,2,9
1456,9,6
1457,2,8
1458,2,1
1459,2,9
1460,5,4
1461,5,4
1462,5,9
1463,2,1
1464,4,8
1465,2,9
1466,9,6
1467,0,5
1468,4,5
1469,3,3
1470,4,3
1471,7,0
1472,9,1
1473,5,4
1474,4,3
1475,6,8
1476,4,3
1477,5,4
1478,3,2
1479,7,0
1480,2,7
1481,9,5
1482,4,5
1483,2,1
1484,5,8
1485,4,5
1486,3,3
1487,5,4
1488,9,6
1489,7,0
1490,4,5
1491,2,7
1492,9,2
1493,0,6
1494,9,6
1495,7,0
1496,2,1
1497,2,1
1498,5,4
1499,2,7
1500,2,9
1501,7,0
1502,8,0
1503,0,6
1504,9,6
1505,6,8
1506,9,6
1507,2,9
1508,5,4
1509,0,5
1510,3,2
1511,9,4
1512,1,0
1513,2,7
1514,4,5
1515,0,6
1516,4,5
1517,7,0
1518,9,9
1519,3,8
1520,9,6
1521,2,1
1522,5,9
1523,2,7
1524,4,5
1525,2,7
1526,4,5
1527,9,1
1528,5,1
1529,3,3
1530,7,0
1531,9,2
1532,8,0
1533,3,3
1534,4,8
1535,0,1
1536,9,6
1537,5,4
1538,9,6
1539,3,2
1540,9,6
1541,0,4
1542,5,8
1543,6,8
1544,5,1
1545,5,4
1546,5,4
1547,2,7
1548,4,1
1549,3,2
1550,3,2
1551,3,3
1552,5,9
1553,0,6
1554,5,4
1555,2,9
1556,4,5
1557,0,6
1558,3,2
1559,3,3
1560,5,9
1561,3,2
1562,9,6
1563,3,2
1564,2,7
1565,5,4
1566,3,3
1567,0,6
1568,5,4
1569,2,9
1570,2,7
1571,7,0
1572,4,2
1573,5,2
1574,5,9
1575,0,5
1576,5,4
1577,4,5
1578,8,0
1579,0,1
1580,5,4
1581,4,3
1582,9,6
1583,3,3
1584,3,2
1585,2,9
1586,2,7
1587,3,5
1588,4,3
1589,2,7
1590,7,0
1591,2,9
1592,4,5
1593,6,8
1594,1,3
1595,3,2
1596,8,0
1597,2,1
1598,1,8
1599,3,3
1600,8,0
1601,0,1
1602,1,2
1603,3,3
1604,5,4
1605,7,0
1606,8,0
1607,2,1
1608,2,7
1609,4,2
1610,2,9
1611,3,3
1612,2,9
1613,5,4
1614,2,2
1615,4,5
1616,4,8
1617,0,6
1618,5,7
1619,2,7
1620,5,9
1621,6,8
1622,5,9
1623,2,9
1624,3,2
1625,7,0
1626,8,0
1627,2,1
1628,5,4
1629,3,2
1630,5,4
1631,4,3
1632,5,9
1633,5,4
1634,1,3
1635,4,5
1636,2,7
1637,9,6
1638,4,5
1639,2,7
1640,5,1
1641,5,8
1642,0,6
1643,2,9
1644,4,3
1645,7,0
1646,5,4
1647,2,1
1648,3,2
1649,3,2
1650,4,5
1651,3,3
1652,2,7
1653,5,4
1654,9,1
1655,2,7
1656,2,7
1657,3,8
1658,5,1
1659,2,9
1660,3,2
1661,3,3
1662,7,2
1663,5,4
1664,7,0
1665,9,1
1666,5,8
1667,5,4
1668,4,3
1669,0,6
1670,4,5
1671,0,6
1672,5,4
1673,2,7
1674,8,9
1675,3,3
1676,5,1
1677,1,3
1678,7,0
1679,3,2
1680,2,1
1681,2,1
1682,7,0
1683,2,9
1684,5,9
1685,5,4
1686,9,6
1687,2,7
1688,9,6
1689,3,3
1690,4,5
1691,4,5
1692,5,4
1693,5,4
1694,9,6
1695,2,9
1696,5,1
1697,5,1
1698,4,3
1699,2,1
1700,5,1
1701,7,0
1702,4,5
1703,2,1
1704,5,4
1705,5,4
1706,9,6
1707,9,6
1708,9,6
1709,7,0
1710,5,1
1711,9,2
1712,8,0
1713,5,8
1714,1,2
1715,3,2
1716,2,1
1717,2,1
1718,4,3
1719,2,7
1720,5,9
1721,4,5
1722,3,3
1723,7,0
1724,3,2
1725,8,0
1726,0,6
1727,3,2
1728,2,9
1729,7,0
1730,2,7
1731,9,6
1732,2,9
1733,2,9
1734,5,1
1735,3,2
1736,5,9
1737,1,3
1738,5,4
1739,2,7
1740,5,9
1741,0,6
1742,8,0
1743,2,9
1744,5,4
1745,6,8
1746,2,7
1747,2,7
1748,2,9
1749,3,8
1750,0,6
1751,2,9
1752,4,5
1753,3,2
1754,3,2
1755,3,2
1756,4,3
1757,2,9
1758,3,8
1759,6,8
1760,4,8
1761,0,6
1762,5,4
1763,5,4
1764,5,4
1765,5,4
1766,3,2
1767,5,4
1768,9,6
1769,7,0
1770,2,7
1771,7,0
1772,2,7
1773,4,8
1774,3,2
1775,7,0
1776,6,8
1777,5,8
1778,3,3
1779,9,6
1780,5,8
1781,0,6
1782,9,6
1783,3,8
1784,4,6
1785,4,5
1786,2,1
1787,9,1
1788,5,8
1789,2,7
1790,4,8
1791,3,3
1792,9,6
1793,6,8
1794,5,9
1795,4,5
1796,8,0
1797,7,0
1798,8,0
1799,3,3
1800,3,2
1801,9,6
1802,9,6
1803,2,7
1804,2,8
1805,3,3
1806,4,5
1807,5,1
1808,5,4
1809,3,3
1810,4,5
1811,2,9
1812,5,4
1813,4,5
1814,0,4
1815,9,1
1816,2,1
1817,4,5
1818,5,4
1819,7,0
1820,5,9
1821,2,7
1822,9,1
1823,3,2
1824,4,5
1825,2,7
1826,5,9
1827,5,4
1828,7,0
1829,3,3
1830,9,6
1831,2,1
1832,2,7
1833,2,7
1834,4,5
1835,9,6
1836,4,3
1837,7,0
1838,5,1
1839,5,1
1840,5,4
1841,9,2
1842,5,4
1843,3,3
1844,9,6
1845,5,4
1846,2,7
1847,4,5
1848,2,7
1849,9,6
1850,5,9
1851,2,7
1852,9,2
1853,4,8
1854,5,4
1855,2,9
1856,3,8
1857,7,0
1858,2,7
1859,5,1
1860,9,1
1861,1,2
1862,4,3
1863,4,3
1864,4,5
1865,5,4
1866,9,6
1867,6,5
1868,7,0
1869,9,6
1870,1,3
1871,2,7
1872,3,3
1873,6,8
1874,4,2
1875,2,9
1876,7,0
1877,8,0
1878,2,9
1879,1,1
1880,9,2
1881,9,2
1882,5,9
1883,3,3
1884,5,9
1885,5,4
1886,9,6
1887,4,5
1888,3,2
1889,0,6
1890,9,6
1891,2,7
1892,9,6
1893,6,8
1894,9,2
1895,2,9
1896,9,2
1897,7,0
1898,0,6
1899,2,7
1900,3,2
1901,2,8
1902,9,6
1903,2,9
1904,8,0
1905,2,9
1906,0,6
1907,7,0
1908,4,3
1909,5,1
1910,5,1
1911,5,4
1912,5,9
1913,4,5
1914,4,8
1915,5,1
1916,9,0
1917,0,6
1918,9,6
1919,2,7
1920,1,2
1921,1,3
1922,5,4
1923,3,2
1924,3,3
1925,2,9
1926,8,0
1927,7,0
1928,5,4
1929,4,5
1930,7,0
1931,0,6
1932,5,4
1933,2,7
1934,5,4
1935,3,3
1936,5,1
1937,2,9
1938,1,3
1939,5,9
1940,5,9
1941,3,3
1942,2,1
1943,4,8
1944,2,7
1945,2,1
1946,2,7
1947,1,2
1948,5,8
1949,2,9
1950,5,9
1951,9,6
1952,3,2
1953,2,7
1954,9,2
1955,4,5
1956,7,0
1957,9,6
1958,2,7
1959,3,3
1960,2,9
1961,4,5
1962,5,9
1963,3,0
1964,4,8
1965,0,5
1966,4,8
1967,5,4
1968,2,9
1969,8,0
1970,4,5
1971,1,3
1972,1,2
1973,5,4
1974,4,8
1975,2,7
1976,5,4
1977,5,1
1978,4,5
1979,5,4
1980,0,6
1981,1,3
1982,2,7
1983,2,7
1984,5,9
1985,9,6
1986,0,6
1987,9,2
1988,4,2
1989,1,1
1990,9,6
1991,4,5
1992,5,4
1993,4,5
1994,4,3
1995,7,0
1996,4,5
1997,4,5
1998,9,2
1999,7,0
2000,5,5
2001,4,8
2002,5,8
2003,5,4
2004,3,2
2005,0,6
2006,2,9
2007,2,7
2008,2,1
2009,7,0
2010,1,2
2011,1,3
2012,2,1
2013,4,8
2014,2,7
2015,9,1
2016,5,8
2017,1,2
2018,2,7
2019,9,2
2020,9,6
2021,1,3
2022,9,2
2023,3,3
2024,2,7
2025,9,6
2026,4,8
2027,2,7
2028,4,5
2029,1,3
2030,5,8
2031,5,4
2032,5,4
2033,2,9
2034,5,4
2035,9,6
2036,5,4
2037,4,5
2038,4,5
2039,1,1
2040,5,1
2041,2,9
2042,4,3
2043,3,8
2044,9,6
2045,5,1
2046,5,4
2047,2,1
2048,2,7
2049,4,5
2050,5,4
2051,7,0
2052,5,4
2053,3,2
2054,2,7
2055,2,7
2056,4,5
2057,4,8
2058,8,0
2059,9,6
2060,5,9
2061,0,6
2062,9,6
2063,4,8
2064,5,7
2065,1,2
2066,8,0
2067,3,8
2068,4,8
2069,5,4
2070,3,8
2071,5,4
2072,5,4
2073,1,2
2074,4,3
2075,1,2
2076,1,3
2077,6,8
2078,4,2
2079,8,0
2080,4,5
2081,8,0
2082,7,0
2083,5,1
2084,7,0
2085,3,2
2086,9,1
2087,4,3
2088,4,3
2089,5,4
2090,2,7
2091,4,5
2092,4,3
2093,9,6
2094,2,1
2095,2,7
2096,0,6
2097,4,8
2098,2,3
2099,2,9
2100,7,0
2101,8,0
2102,2,7
2103,9,1
2104,3,2
2105,3,2
2106,5,4
2107,4,3
2108,2,7
2109,5,4
2110,5,1
2111,4,5
2112,8,0
2113,9,6
2114,1,3
2115,2,7
2116,2,9
2117,4,8
2118,2,7
2119,2,9
2120,4,5
2121,3,0
2122,5,1
2123,9,1
2124,4,8
2125,2,2
2126,9,6
2127,4,3
2128,4,3
2129,5,4
2130,4,3
2131,4,5
2132,1,3
2133,2,7
2134,2,1
2135,6,8
2136,5,1
2137,2,9
2138,9,6
2139,4,8
2140,2,9
2141,5,9
2142,2,7
2143,4,5
2144,8,0
2145,2,7
2146,4,3
2147,7,0
2148,9,6
2149,1,3
2150,5,8
2151,5,1
2152,9,6
2153,9,6
2154,5,1
2155,4,8
2156,9,6
2157,5,4
2158,9,6
2159,5,1
2160,7,0
2161,2,7
2162,2,1
2163,9,6
2164,5,4
2165,4,5
2166,1,1
2167,9,6
2168,2,7
2169,5,4
2170,4,8
2171,3,2
2172,4,5
2173,2,7
2174,1,3
2175,6,8
2176,5,4
2177,5,1
2178,9,6
2179,4,3
2180,3,3
2181,5,4
2182,4,5
2183,4,3
2184,4,2
2185,5,4
2186,4,5
2187,2,7
2188,9,1
2189,3,2
2190,5,4
2191,8,0
2192,0,0
2193,4,5
2194,2,8
2195,8,0
2196,9,6
2197,2,1
2198,2,1
2199,5,9
2200,4,3
2201,9,2
2202,1,1
2203,4,3
2204,5,4
2205,3,2
2206,5,4
2207,4,3
2208,5,4
2209,4,5
2210,7,8
2211,4,5
2212,9,6
2213,2,7
2214,9,6
2215,4,8
2216,2,9
2217,5,4
2218,8,0
2219,5,9
2220,5,4
2221,5,9
2222,5,4
2223,2,7
2224,5,4
2225,5,1
2226,9,6
2227,2,1
2228,4,3
2229,2,7
2230,4,3
2231,5,8
2232,4,3
2233,3,3
2234,9,2
2235,5,4
2236,5,4
2237,4,8
2238,2,7
2239,9,6
2240,5,4
2241,4,3
2242,0,6
2243,8,8
2244,2,7
2245,8,0
2246,2,7
2247,2,9
2248,4,5
2249,0,6
2250,4,5
2251,3,2
2252,4,3
2253,8,0
2254,5,4
2255,2,1
2256,5,4
2257,8,0
2258,7,5
2259,9,6
2260,2,1
2261,3,2
2262,9,6
2263,3,3
2264,5,4
2265,4,8
2266,4,5
2267,2,9
2268,4,5
2269,8,0
2270,3,2
2271,2,7
2272,4,5
2273,3,2
2274,5,9
2275,3,3
2276,5,4
2277,5,4
2278,8,0
2279,4,5
2280,3,2
2281,4,5
2282,4,5
2283,3,2
2284,5,9
2285,4,8
2286,4,3
2287,4,5
2288,3,2
2289,5,4
2290,5,4
2291,9,6
2292,8,7
2293,9,6
2294,5,4
2295,9,6
2296,9,6
2297,2,7
2298,8,0
2299,5,9
2300,9,6
2301,2,1
2302,4,8
2303,4,8
2304,4,5
2305,3,2
2306,2,1
2307,2,1
2308,4,5
2309,3,2
2310,8,0
2311,9,6
2312,2,9
2313,4,5
2314,3,2
2315,4,3
2316,5,1
2317,5,4
2318,9,1
2319,2,7
2320,0,6
2321,2,9
2322,5,2
2323,5,4
2324,9,6
2325,8,0
2326,5,1
2327,8,0
2328,4,5
2329,4,5
2330,4,5
2331,2,9
2332,9,2
2333,7,0
2334,5,4
2335,5,1
2336,2,1
2337,3,2
2338,5,4
2339,3,3
2340,8,0
2341,5,4
2342,3,2
2343,0,5
2344,2,7
2345,0,6
2346,9,2
2347,2,7
2348,2,7
2349,3,8
2350,4,3
2351,2,9
2352,9,0
2353,7,0
2354,3,2
2355,3,1
2356,5,1
2357,3,2
2358,6,8
2359,3,3
2360,5,4
2361,5,4
2362,5,1
2363,0,5
2364,5,9
2365,0,6
2366,2,1
2367,2,7
2368,4,5
2369,3,8
2370,2,9
2371,2,9
2372,9,6
2373,7,0
2374,9,1
2375,0,1
2376,2,7
2377,3,2
2378,4,8
2379,3,3
2380,2,7
2381,2,7
2382,3,8
2383,3,8
2384,4,8
2385,2,9
2386,2,7
2387,0,6
2388,4,8
2389,3,2
2390,5,4
2391,2,7
2392,5,4
2393,9,1
2394,4,8
2395,4,5
2396,8,0
2397,0,6
2398,5,9
2399,3,2
2400,5,8
2401,0,5
2402,2,2
2403,7,0
2404,7,0
2405,0,5
2406,5,4
2407,5,4
2408,1,3
2409,3,2
2410,4,1
2411,7,0
2412,4,5
2413,3,8
2414,4,5
2415,0,1
2416,5,4
2417,2,7
2418,3,2
2419,3,1
2420,5,4
2421,3,8
2422,0,6
2423,3,3
2424,5,4
2425,3,8
2426,2,1
2427,2,7
2428,4,5
2429,3,1
2430,4,3
2431,2,7
2432,5,1
2433,2,7
2434,5,9
2435,0,0
2436,8,0
2437,9,1
2438,5,9
2439,5,4
2440,7,0
2441,5,4
2442,5,8
2443,5,4
2444,5,8
2445,3,5
2446,5,1
2447,2,7
2448,2,1
2449,2,4
2450,9,2
2451,5,4
2452,5,4
2453,2,9
2454,3,2
2455,2,7
2456,3,3
2457,3,2
2458,5,4
2459,0,6
2460,2,9
2461,0,5
2462,5,1
2463,1,3
2464,3,2
2465,2,9
2466,5,4
2467,5,4
2468,4,3
2469,3,3
2470,9,6
2471,2,9
2472,1,2
2473,7,0
2474,0,6
2475,6,8
2476,4,8
2477,2,7
2478,4,5
2479,0,6
2480,9,6
2481,3,3
2482,4,8
2483,7,0
2484,0,4
2485,5,4
2486,4,6
2487,0,6
2488,2,7
2489,3,3
2490,5,4
2491,2,7
2492,2,7
2493,7,0
2494,9,6
2495,5,1
2496,9,6
2497,9,1
2498,9,6
2499,3,2
2500,7,0
2501,2,9
2502,2,7
2503,3,3
2504,9,6
2505,5,1
2506,4,3
2507,3,8
2508,9,2
2509,2,9
2510,3,2
2511,3,8
2512,2,7
2513,3,2
2514,5,9
2515,0,5
2516,0,6
2517,3,2
2518,3,2
2519,0,6
2520,5,4
2521,2,9
2522,2,7
2523,0,6
2524,3,3
2525,7,0
2526,8,0
2527,4,5
2528,7,0
2529,3,3
2530,5,1
2531,3,3
2532,8,0
2533,0,6
2534,4,2
2535,3,3
2536,4,3
2537,4,5
2538,7,0
2539,7,0
2540,2,7
2541,3,3
2542,5,4
2543,2,7
2544,4,5
2545,0,6
2546,5,4
2547,0,1
2548,5,4
2549,0,5
2550,5,2
2551,0,5
2552,5,1
2553,6,9
2554,4,5
2555,3,8
2556,9,6
2557,7,0
2558,2,7
2559,2,9
2560,5,4
2561,8,0
2562,2,9
2563,2,1
2564,4,3
2565,3,2
2566,4,5
2567,4,3
2568,3,3
2569,5,4
2570,9,6
2571,4,5
2572,2,1
2573,9,6
2574,2,7
2575,2,7
2576,2,7
2577,3,8
2578,5,4
2579,2,9
2580,4,3
2581,7,0
2582,8,0
2583,5,1
2584,8,0
2585,3,2
2586,8,0
2587,3,3
2588,9,6
2589,5,4
2590,9,6
2591,2,7
2592,4,5
2593,7,8
2594,5,1
2595,2,9
2596,5,4
2597,7,0
2598,1,8
2599,9,1
2600,2,9
2601,3,2
2602,9,6
2603,4,3
2604,2,1
2605,4,5
2606,7,0
2607,0,6
2608,5,4
2609,2,7
2610,5,8
2611,3,8
2612,2,7
2613,2,9
2614,9,6
2615,8,0
2616,5,1
2617,7,0
2618,2,7
2619,9,1
2620,4,5
2621,7,0
2622,4,5
2623,2,1
2624,8,0
2625,3,2
2626,9,2
2627,4,3
2628,4,8
2629,7,0
2630,2,1
2631,0,6
2632,4,3
2633,2,9
2634,2,7
2635,0,6
2636,3,8
2637,0,6
2638,9,6
2639,4,5
2640,5,9
2641,3,2
2642,8,0
2643,2,9
2644,9,6
2645,5,1
2646,4,5
2647,5,4
2648,2,2
2649,2,9
2650,2,7
2651,4,5
2652,4,3
2653,2,7
2654,5,1
2655,4,5
2656,9,6
2657,9,6
2658,2,7
2659,2,7
2660,4,3
2661,3,3
2662,0,6
2663,5,1
2664,3,2
2665,5,4
2666,2,7
2667,9,1
2668,6,8
2669,3,3
2670,3,2
2671,1,3
2672,4,8
2673,2,7
2674,4,5
2675,3,3
2676,3,7
2677,2,9
2678,4,8
2679,3,8
2680,9,6
2681,3,8
2682,4,8
2683,3,8
2684,3,2
2685,3,8
2686,5,4
2687,3,8
2688,5,1
2689,5,4
2690,4,5
2691,2,7
2692,9,1
2693,9,2
2694,1,2
2695,1,1
2696,5,9
2697,2,9
2698,4,5
2699,4,8
2700,3,2
2701,2,7
2702,5,9
2703,2,9
2704,2,7
2705,3,3
2706,2,7
2707,3,3
2708,5,1
2709,7,0
2710,9,6
2711,2,7
2712,2,9
2713,9,5
2714,2,2
2715,5,4
2716,5,1
2717,1,1
2718,0,0
2719,5,1
2720,2,3
2721,3,2
2722,2,9
2723,0,6
2724,5,4
2725,2,1
2726,3,3
2727,4,5
2728,6,9
2729,7,0
2730,2,1
2731,5,1
2732,5,4
2733,1,2
2734,4,3
2735,4,3
2736,8,0
2737,5,4
2738,4,2
2739,4,5
2740,4,3
2741,9,6
2742,5,4
2743,2,7
2744,4,5
2745,7,0
2746,7,0
2747,5,1
2748,3,2
2749,3,2
2750,2,7
2751,4,3
2752,2,7
2753,5,4
2754,2,7
2755,4,5
2756,9,6
2757,9,6
2758,4,5
2759,2,7
2760,4,3
2761,3,8
2762,2,1
2763,2,9
2764,2,9
2765,9,0
2766,2,7
2767,5,1
2768,3,8
2769,1,2
2770,8,0
2771,4,3
2772,5,4
2773,5,4
2774,4,3
2775,4,5
2776,5,1
2777,9,6
2778,2,7
2779,2,9
2780,4,5
2781,3,8
2782,3,0
2783,1,2
2784,5,1
2785,9,6
2786,4,3
2787,2,9
2788,4,3
2789,9,6
2790,5,2
2791,2,1
2792,9,2
2793,2,9
2794,5,1
2795,2,9
2796,4,3
2797,2,9
2798,8,9
2799,5,4
2800,5,4
2801,0,4
2802,9,2
2803,4,3
2804,2,9
2805,4,8
2806,8,0
2807,1,1
2808,5,4
2809,5,4
2810,6,8
2811,9,1
2812,9,2
2813,3,2
2814,2,7
2815,2,9
2816,3,3
2817,0,0
2818,4,3
2819,5,4
2820,4,3
2821,2,9
2822,9,6
2823,3,1
2824,3,2
2825,2,7
2826,8,0
2827,5,4
2828,9,6
2829,5,4
2830,5,1
2831,2,1
2832,5,4
2833,7,8
2834,3,3
2835,2,7
2836,9,6
2837,9,6
2838,9,2
2839,3,0
2840,1,2
2841,6,8
2842,6,8
2843,2,1
2844,2,7
2845,3,8
2846,1,2
2847,3,2
2848,2,7
2849,0,6
2850,9,6
2851,1,2
2852,2,7
2853,3,1
2854,8,0
2855,3,2
2856,5,4
2857,4,5
2858,2,1
2859,5,4
2860,2,9
2861,4,5
2862,9,6
2863,0,6
2864,8,0
2865,2,7
2866,1,2
2867,2,7
2868,4,5
2869,4,5
2870,5,1
2871,4,3
2872,5,1
2873,0,0
2874,5,4
2875,3,2
2876,5,1
2877,3,2
2878,5,1
2879,3,2
2880,9,6
2881,2,7
2882,8,0
2883,4,3
2884,9,6
2885,4,5
2886,3,3
2887,3,2
2888,5,4
2889,2,1
2890,8,0
2891,5,4
2892,3,2
2893,5,4
2894,5,1
2895,3,3
2896,5,4
2897,7,0
2898,0,6
2899,7,0
2900,4,5
2901,4,8
2902,5,4
2903,2,7
2904,8,0
2905,4,3
2906,2,1
2907,2,1
2908,4,2
2909,2,7
2910,9,6
2911,2,9
2912,4,5
2913,0,6
2914,7,0
2915,4,3
2916,4,5
2917,4,3
2918,5,1
2919,7,0
2920,5,1
2921,4,5
2922,5,4
2923,0,6
2924,2,9
2925,0,6
2926,4,3
2927,3,8
2928,4,5
2929,2,7
2930,0,6
2931,4,3
2932,5,1
2933,4,5
2934,8,9
2935,7,0
2936,3,2
2937,5,1
2938,2,1
2939,3,2
2940,4,8
2941,4,3
2942,3,8
2943,5,4
2944,7,0
2945,3,5
2946,4,5
2947,0,6
2948,4,5
2949,2,7
2950,2,7
2951,4,8
2952,8,0
2953,2,9
2954,9,6
2955,7,0
2956,2,9
2957,9,1
2958,4,8
2959,7,2
2960,3,3
2961,4,3
2962,5,4
2963,5,4
2964,4,3
2965,3,5
2966,4,5
2967,0,6
2968,4,5
2969,2,7
2970,5,1
2971,3,8
2972,4,8
2973,2,9
2974,8,0
2975,7,0
2976,3,2
2977,3,1
2978,9,6
2979,3,2
2980,2,7
2981,3,3
2982,2,7
2983,5,4
2984,2,7
2985,2,7
2986,6,7
2987,3,8
2988,5,1
2989,2,9
2990,5,4
2991,1,8
2992,9,6
2993,4,5
2994,2,1
2995,2,7
2996,8,0
2997,2,9
2998,5,1
2999,3,5
3000,8,9
3001,0,0
3002,2,8
3003,3,8
3004,5,1
3005,3,3
3006,7,2
3007,9,5
3008,2,7
3009,5,4
3010,5,7
3011,3,8
3012,7,0
3013,4,3
3014,6,8
3015,7,0
3016,7,0
3017,3,2
3018,5,4
3019,3,1
3020,5,9
3021,7,0
3022,5,9
3023,3,2
3024,8,0
3025,4,5
3026,4,8
3027,3,8
3028,3,8
3029,4,8
3030,5,9
3031,4,5
3032,4,8
3033,4,3
3034,4,3
3035,7,0
3036,9,6
3037,5,4
3038,5,4
3039,5,4
3040,8,8
3041,5,1
3042,9,2
3043,0,6
3044,5,9
3045,2,1
3046,0,6
3047,4,3
3048,4,3
3049,7,0
3050,9,6
3051,4,3
3052,5,4
3053,0,6
3054,3,2
3055,2,9
3056,5,4
3057,3,3
3058,9,6
3059,2,7
3060,2,7
3061,5,4
3062,4,5
3063,6,9
3064,3,2
3065,2,7
3066,6,8
3067,7,0
3068,9,1
3069,2,9
3070,5,1
3071,5,4
3072,5,4
3073,3,8
3074,5,4
3075,3,3
3076,2,9
3077,3,2
3078,7,2
3079,2,7
3080,1,1
3081,2,7
3082,3,8
3083,2,9
3084,2,9
3085,4,5
3086,3,8
3087,2,7
3088,5,4
3089,0,6
3090,5,9
3091,5,4
3092,5,4
3093,3,8
3094,4,8
3095,2,9
3096,9,6
3097,0,6
3098,9,6
3099,2,9
3100,5,4
3101,5,4
3102,3,2
3103,3,1
3104,2,9
3105,3,2
3106,7,0
3107,7,0
3108,4,3
3109,0,6
3110,5,4
3111,2,1
3112,9,2
3113,9,1
3114,4,8
3115,0,6
3116,2,7
3117,5,4
3118,4,5
3119,3,8
3120,2,1
3121,2,9
3122,5,1
3123,0,6
3124,4,3
3125,5,4
3126,4,5
3127,0,6
3128,8,0
3129,9,5
3130,5,1
3131,7,0
3132,2,1
3133,3,2
3134,4,2
3135,7,0
3136,9,6
3137,4,5
3138,5,4
3139,0,6
3140,2,7
3141,4,5
3142,3,2
3143,7,0
3144,3,8
3145,2,1
3146,2,9
3147,3,2
3148,4,8
3149,5,1
3150,4,3
3151,2,7
3152,4,8
3153,3,8
3154,5,8
3155,5,1
3156,3,2
3157,5,4
3158,8,8
3159,3,3
3160,7,0
3161,3,2
3162,2,7
3163,2,8
3164,5,9
3165,7,2
3166,9,2
3167,2,7
3168,6,8
3169,2,9
3170,4,5
3171,3,3
3172,9,6
3173,2,9
3174,4,3
3175,7,0
3176,1,2
3177,9,1
3178,1,3
3179,3,2
3180,4,5
3181,1,3
3182,5,4
3183,5,4
3184,0,4
3185,4,5
3186,5,9
3187,0,6
3188,4,5
3189,2,7
3190,5,9
3191,5,8
3192,4,3
3193,2,9
3194,5,4
3195,7,0
3196,4,8
3197,2,1
3198,7,0
3199,3,2
3200,4,2
3201,3,3
3202,2,9
3203,5,4
3204,3,5
3205,3,5
3206,2,7
3207,0,6
3208,3,2
3209,2,7
3210,2,7
3211,3,8
3212,9,1
3213,7,0
3214,2,7
3215,3,3
3216,4,5
3217,5,4
3218,5,4
3219,4,5
3220,3,3
3221,0,6
3222,5,4
3223,2,7
3224,4,2
3225,5,8
3226,9,1
3227,2,9
3228,2,7
3229,9,6
3230,9,1
3231,8,0
3232,2,9
3233,3,3
3234,4,1
3235,5,4
3236,2,7
3237,2,1
3238,5,9
3239,5,4
3240,5,4
3241,0,0
3242,9,2
3243,5,8
3244,3,2
3245,0,6
3246,2,7
3247,0,0
3248,7,0
3249,2,7
3250,2,7
3251,3,8
3252,5,7
3253,2,7
3254,4,8
3255,2,7
3256,5,9
3257,2,9
3258,4,3
3259,7,0
3260,5,4
3261,5,4
3262,8,0
3263,2,9
3264,3,3
3265,2,9
3266,4,5
3267,2,7
3268,0,6
3269,8,0
3270,2,7
3271,4,5
3272,5,1
3273,1,8
3274,9,2
3275,4,5
3276,2,7
3277,2,9
3278,5,4
3279,1,8
3280,5,4
3281,3,8
3282,2,7
3283,2,7
3284,5,9
3285,4,5
3286,7,0
3287,9,6
3288,9,6
3289,4,5
3290,5,4
3291,3,3
3292,2,9
3293,3,8
3294,9,6
3295,9,1
3296,5,9
3297,0,6
3298,2,7
3299,6,8
3300,3,2
3301,4,5
3302,5,9
3303,2,9
3304,3,2
3305,3,2
3306,2,1
3307,3,2
3308,5,2
3309,7,0
3310,5,9
3311,2,9
3312,5,4
3313,3,2
3314,4,3
3315,5,4
3316,5,9
3317,2,7
3318,4,3
3319,1,3
3320,4,3
3321,1,1
3322,5,9
3323,1,3
3324,2,7
3325,0,6
3326,4,5
3327,0,6
3328,8,0
3329,3,2
3330,9,6
3331,1,1
3332,3,3
3333,3,2
3334,5,4
3335,0,6
3336,4,3
3337,8,0
3338,8,8
3339,3,2
3340,5,4
3341,9,2
3342,1,2
3343,2,7
3344,5,1
3345,9,1
3346,8,9
3347,3,3
3348,5,9
3349,2,7
3350,5,4
3351,5,4
3352,5,4
3353,2,8
3354,4,8
3355,2,9
3356,4,5
3357,3,2
3358,4,3
3359,2,9
3360,5,4
3361,4,5
3362,9,2
3363,0,6
3364,9,6
3365,6,8
3366,0,6
3367,0,0
3368,2,7
3369,7,0
3370,5,4
3371,2,9
3372,2,7
3373,1,1
3374,4,9
3375,9,1
3376,7,0
3377,7,0
3378,4,5
3379,5,1
3380,2,1
3381,3,2
3382,8,9
3383,3,3
3384,4,5
3385,4,5
3386,3,3
3387,9,6
3388,5,4
3389,2,9
3390,1,2
3391,7,0
3392,7,6
3393,3,1
3394,5,1
3395,7,2
3396,7,0
3397,3,3
3398,5,9
3399,5,4
3400,4,3
3401,4,5
3402,1,3
3403,0,6
3404,4,3
3405,2,7
3406,5,1
3407,5,8
3408,2,7
3409,7,0
3410,8,0
3411,3,1
3412,2,1
3413,3,2
3414,5,9
3415,3,3
3416,4,5
3417,5,4
3418,2,1
3419,4,5
3420,5,8
3421,0,6
3422,1,3
3423,2,7
3424,3,3
3425,3,8
3426,2,7
3427,9,1
3428,2,7
3429,7,0
3430,5,1
3431,2,1
3432,1,8
3433,4,5
3434,8,0
3435,4,3
3436,5,4
3437,5,4
3438,3,8
3439,5,4
3440,5,1
3441,8,0
3442,2,7
3443,7,0
3444,9,2
3445,0,6
3446,4,8
3447,2,9
3448,2,7
3449,0,6
3450,5,4
3451,0,6
3452,3,3
3453,4,5
3454,9,6
3455,5,4
3456,2,1
3457,5,4
3458,5,4
3459,5,4
3460,1,3
3461,8,0
3462,2,3
3463,2,7
3464,5,1
3465,2,9
3466,4,3
3467,4,5
3468,2,1
3469,2,7
3470,7,2
3471,3,3
3472,3,3
3473,9,1
3474,0,6
3475,5,4
3476,4,8
3477,5,4
3478,5,1
3479,0,0
3480,4,8
3481,2,9
3482,3,8
3483,2,9
3484,5,4
3485,9,6
3486,9,2
3487,2,1
3488,9,1
3489,3,8
3490,7,0
3491,4,3
3492,8,0
3493,5,8
3494,5,7
3495,4,8
3496,5,4
3497,3,8
3498,2,7
3499,4,8
3500,4,5
3501,5,8
3502,5,8
3503,5,4
3504,5,4
3505,2,7
3506,5,9
3507,2,7
3508,2,9
3509,3,1
3510,1,9
3511,2,9
3512,4,8
3513,3,8
3514,7,0
3515,2,7
3516,8,0
3517,3,8
3518,2,7
3519,2,9
3520,9,6
3521,3,3
3522,5,7
3523,3,3
3524,0,6
3525,4,5
3526,4,8
3527,4,5
3528,2,9
3529,7,0
3530,9,6
3531,2,7
3532,2,1
3533,2,9
3534,7,0
3535,4,5
3536,3,2
3537,0,6
3538,2,7
3539,4,5
3540,2,1
3541,8,0
3542,4,3
3543,0,6
3544,5,9
3545,3,1
3546,5,1
3547,2,4
3548,5,4
3549,2,1
3550,3,3
3551,2,1
3552,4,3
3553,1,2
3554,4,8
3555,3,8
3556,2,7
3557,3,2
3558,4,5
3559,0,6
3560,5,1
3561,9,1
3562,8,0
3563,2,5
3564,9,2
3565,7,0
3566,5,9
3567,1,1
3568,8,0
3569,3,2
3570,2,8
3571,3,3
3572,9,6
3573,5,4
3574,9,2
3575,4,5
3576,4,3
3577,9,6
3578,3,2
3579,2,7
3580,4,5
3581,4,8
3582,1,2
3583,2,9
3584,4,8
3585,7,0
3586,0,6
3587,2,1
3588,5,9
3589,3,2
3590,7,0
3591,4,3
3592,9,1
3593,2,1
3594,5,9
3595,4,5
3596,4,3
3597,9,6
3598,2,9
3599,2,7
3600,4,8
3601,3,8
3602,5,1
3603,7,0
3604,2,1
3605,5,1
3606,4,3
3607,3,2
3608,5,4
3609,1,3
3610,8,0
3611,5,4
3612,7,0
3613,4,5
3614,1,3
3615,9,6
3616,4,8
3617,2,7
3618,2,7
3619,3,8
3620,2,7
3621,2,9
3622,8,0
3623,0,6
3624,5,4
3625,5,4
3626,4,3
3627,7,2
3628,5,1
3629,9,6
3630,6,8
3631,5,4
3632,8,0
3633,2,7
3634,2,5
3635,4,5
3636,5,9
3637,0,5
3638,4,5
3639,5,4
3640,2,7
3641,2,7
3642,9,2
3643,4,8
3644,5,1
3645,5,9
3646,9,6
3647,3,2
3648,4,5
3649,2,9
3650,9,6
3651,3,3
3652,5,4
3653,5,9
3654,9,6
3655,1,3
3656,4,3
3657,4,8
3658,3,8
3659,3,2
3660,3,2
3661,7,0
3662,2,9
3663,5,9
3664,4,8
3665,4,8
3666,5,4
3667,8,0
3668,9,4
3669,4,5
3670,4,3
3671,0,6
3672,3,2
3673,3,0
3674,4,3
3675,9,1
3676,9,2
3677,8,0
3678,5,9
3679,3,2
3680,3,2
3681,0,5
3682,8,5
3683,3,3
3684,4,3
3685,4,5
3686,5,4
3687,3,3
3688,6,8
3689,3,8
3690,6,8
3691,8,0
3692,1,7
3693,7,0
3694,5,4
3695,4,5
3696,2,9
3697,5,4
3698,8,0
3699,3,3
3700,9,6
3701,5,4
3702,8,0
3703,2,1
3704,5,9
3705,4,5
3706,9,6
3707,3,3
3708,5,4
3709,7,0
3710,1,2
3711,4,8
3712,3,2
3713,3,3
3714,2,1
3715,7,0
3716,5,4
3717,9,6
3718,2,7
3719,7,2
3720,8,0
3721,2,7
3722,3,2
3723,9,1
3724,5,4
3725,9,1
3726,9,6
3727,3,8
3728,2,7
3729,9,1
3730,4,8
3731,2,7
3732,5,4
3733,2,1
3734,7,0
3735,3,3
3736,9,6
3737,3,8
3738,5,4
3739,5,4
3740,4,3
3741,3,2
3742,8,9
3743,8,0
3744,4,8
3745,2,9
3746,2,9
3747,2,7
3748,1,2
3749,9,6
3750,2,7
3751,2,7
3752,4,5
3753,5,4
3754,4,3
3755,9,1
3756,3,3
3757,9,6
3758,5,1
3759,4,8
3760,2,9
3761,5,4
3762,8,8
3763,5,1
3764,9,6
3765,3,2
3766,5,8
3767,9,6
3768,4,5
3769,2,7
3770,5,9
3771,2,1
3772,9,6
3773,2,9
3774,9,6
3775,3,8
3776,8,0
3777,7,0
3778,8,0
3779,9,6
3780,2,7
3781,2,9
3782,2,7
3783,5,4
3784,2,9
3785,2,9
3786,2,9
3787,2,9
3788,2,7
3789,9,6
3790,2,7
3791,7,2
3792,4,8
3793,3,3
3794,9,6
3795,2,7
3796,2,9
3797,2,1
3798,3,7
3799,7,2
3800,2,1
3801,4,5
3802,5,1
3803,3,3
3804,2,7
3805,2,7
3806,8,0
3807,3,8
3808,9,6
3809,7,0
3810,5,3
3811,2,1
3812,3,3
3813,3,2
3814,7,6
3815,3,3
3816,4,8
3817,5,4
3818,5,9
3819,4,5
3820,9,6
3821,9,6
3822,5,1
3823,2,7
3824,3,3
3825,1,8
3826,9,2
3827,2,9
3828,5,4
3829,7,0
3830,1,2
3831,2,1
3832,4,5
3833,3,2
3834,2,9
3835,3,3
3836,3,2
3837,5,4
3838,5,4
3839,4,5
3840,2,7
3841,9,6
3842,3,8
3843,2,7
3844,4,3
3845,3,8
3846,2,7
3847,2,9
3848,3,2
3849,8,0
3850,5,1
3851,3,1
3852,2,9
3853,3,2
3854,2,7
3855,4,3
3856,9,6
3857,5,4
3858,0,6
3859,4,5
3860,4,5
3861,9,6
3862,5,4
3863,2,7
3864,9,5
3865,4,8
3866,4,8
3867,2,9
3868,2,7
3869,9,6
3870,4,5
3871,9,2
3872,4,8
3873,9,6
3874,2,9
3875,3,5
3876,8,0
3877,5,4
3878,2,1
3879,3,2
3880,9,2
3881,7,0
3882,7,0
3883,4,8
3884,8,0
3885,9,1
3886,3,2
3887,2,7
3888,7,0
3889,2,1
3890,1,2
3891,3,8
3892,4,8
3893,3,3
3894,2,7
3895,2,7
3896,8,0
3897,3,1
3898,2,1
3899,2,7
3900,2,1
3901,9,1
3902,1,2
3903,5,4
3904,5,9
3905,5,4
3906,7,0
3907,0,5
3908,9,6
3909,2,7
3910,9,6
3911,5,4
3912,2,9
3913,2,9
3914,2,7
3915,2,7
3916,2,7
3917,3,2
3918,4,8
3919,9,6
3920,4,3
3921,4,5
3922,4,5
3923,3,3
3924,3,2
3925,2,9
3926,2,1
3927,2,9
3928,4,8
3929,7,0
3930,3,2
3931,2,8
3932,9,6
3933,2,7
3934,5,2
3935,2,9
3936,9,6
3937,8,0
3938,1,3
3939,9,6
3940,2,7
3941,3,3
3942,2,7
3943,7,0
3944,2,5
3945,5,4
3946,5,4
3947,9,6
3948,2,7
3949,3,3
3950,0,6
3951,2,7
3952,0,6
3953,8,0
3954,9,1
3955,2,1
3956,5,1
3957,5,4
3958,4,8
3959,3,8
3960,0,6
3961,7,8
3962,2,1
3963,2,1
3964,7,0
3965,3,2
3966,5,1
3967,2,9
3968,2,8
3969,3,3
3970,2,9
3971,9,1
3972,9,5
3973,5,4
3974,4,5
3975,3,2
3976,5,8
3977,2,9
3978,5,4
3979,4,8
3980,0,2
3981,3,2
3982,2,9
3983,4,8
3984,5,4
3985,9,6
3986,4,8
3987,2,9
3988,4,5
3989,3,2
3990,5,4
3991,2,9
3992,2,7
3993,9,6
3994,9,6
3995,3,3
3996,2,1
3997,3,3
3998,5,9
3999,9,6
4000,2,7
4001,3,3
4002,8,0
4003,9,1
4004,4,5
4005,3,2
4006,5,8
4007,3,5
4008,8,0
4009,8,0
4010,5,1
4011,3,3
4012,5,1
4013,2,1
4014,2,1
4015,4,5
4016,1,2
4017,4,5
4018,9,6
4019,2,9
4020,2,7
4021,4,8
4022,1,3
4023,8,0
4024,2,7
4025,2,9
4026,5,9
4027,7,0
4028,9,2
4029,5,1
4030,9,6
4031,9,2
4032,5,9
4033,1,3
4034,2,7
4035,5,4
4036,5,8
4037,4,5
4038,5,4
4039,9,6
4040,3,8
4041,2,7
4042,1,7
4043,6,8
4044,8,0
4045,2,9
4046,2,7
4047,3,0
4048,4,5
4049,3,1
4050,2,9
4051,3,2
4052,4,8
4053,1,3
4054,9,6
4055,5,4
4056,5,9
4057,4,5
4058,7,8
4059,0,6
4060,5,9
4061,2,7
4062,4,5
4063,5,8
4064,2,1
4065,2,9
4066,9,1
4067,7,0
4068,1,3
4069,5,1
4070,5,1
4071,3,2
4072,9,6
4073,1,3
4074,2,7
4075,5,4
4076,4,5
4077,0,5
4078,9,6
4079,0,6
4080,4,2
4081,2,7
4082,8,0
4083,6,8
4084,5,8
4085,2,9
4086,3,2
4087,9,6
4088,5,4
4089,5,1
4090,9,6
4091,2,9
4092,5,9
4093,2,9
4094,1,3
4095,2,9
4096,9,2
4097,5,4
4098,5,9
4099,5,4
4100,5,8
4101,1,3
4102,5,4
4103,3,8
4104,4,5
4105,5,1
4106,8,0
4107,5,4
4108,8,0
4109,3,1
4110,9,6
4111,9,2
4112,0,6
4113,4,5
4114,5,4
4115,7,0
4116,2,7
4117,2,9
4118,5,9
4119,4,5
4120,5,1
4121,4,3
4122,2,9
4123,8,0
4124,5,9
4125,5,4
4126,4,5
4127,2,9
4128,5,1
4129,1,1
4130,2,7
4131,2,7
4132,5,4
4133,5,4
4134,4,5
4135,5,4
4136,3,3
4137,2,1
4138,3,3
4139,3,8
4140,2,1
4141,2,7
4142,0,0
4143,9,6
4144,9,2
4145,7,0
4146,5,4
4147,3,8
4148,5,8
4149,2,1
4150,9,6
4151,3,8
4152,5,1
4153,5,2
4154,4,3
4155,9,6
4156,4,3
4157,3,2
4158,5,9
4159,7,0
4160,2,1
4161,2,9
4162,9,1
4163,0,1
4164,2,7
4165,3,2
4166,2,1
4167,0,5
4168,4,5
4169,5,4
4170,9,6
4171,4,5
4172,5,4
4173,2,7
4174,5,4
4175,2,7
4176,4,8
4177,4,5
4178,5,4
4179,1,3
4180,5,4
4181,7,0
4182,4,2
4183,9,2
4184,4,5
4185,9,2
4186,5,1
4187,3,2
4188,9,6
4189,2,7
4190,5,1
4191,1,3
4192,4,5
4193,2,1
4194,4,5
4195,5,4
4196,4,3
4197,5,4
4198,9,6
4199,3,3
4200,2,7
4201,0,0
4202,2,1
4203,7,0
4204,1,2
4205,2,4
4206,5,9
4207,2,7
4208,3,2
4209,2,9
4210,9,6
4211,2,7
4212,9,2
4213,3,8
4214,9,6
4215,6,8
4216,7,0
4217,2,7
4218,7,0
4219,2,9
4220,7,0
4221,0,6
4222,5,9
4223,3,3
4224,5,4
4225,3,1
4226,2,7
4227,2,7
4228,5,4
4229,2,9
4230,1,2
4231,9,6
4232,9,6
4233,4,3
4234,4,3
4235,3,3
4236,4,3
4237,3,1
4238,4,3
4239,3,0
4240,5,4
4241,9,2
4242,2,7
4243,9,6
4244,5,9
4245,8,0
4246,4,3
4247,4,5
4248,2,1
4249,9,6
4250,4,3
4251,9,6
4252,5,4
4253,6,8
4254,2,7
4255,2,7
4256,4,3
4257,1,3
4258,9,8
4259,4,5
4260,2,9
4261,6,8
4262,3,3
4263,1,3
4264,5,4
4265,7,0
4266,2,7
4267,1,1
4268,9,6
4269,3,2
4270,7,0
4271,3,3
4272,9,8
4273,2,7
4274,5,4
4275,6,8
4276,4,3
4277,2,9
4278,3,2
4279,7,0
4280,2,7
4281,3,3
4282,4,8
4283,5,4
4284,7,0
4285,2,7
4286,2,1
4287,3,8
4288,8,0
4289,7,0
4290,4,5
4291,9,1
4292,5,4
4293,6,2
4294,5,1
4295,3,3
4296,2,7
4297,5,4
4298,2,7
4299,4,5
4300,9,1
4301,0,6
4302,4,5
4303,2,7
4304,4,5
4305,3,8
4306,5,9
4307,2,9
4308,4,8
4309,3,5
4310,8,0
4311,9,1
4312,4,5
4313,2,9
4314,0,6
4315,2,9
4316,7,0
4317,2,7
4318,5,4
4319,0,1
4320,2,9
4321,7,0
4322,2,2
4323,2,9
4324,6,8
4325,0,0
4326,2,7
4327,4,5
4328,4,3
4329,2,9
4330,2,7
4331,2,7
4332,2,7
4333,3,1
4334,2,7
4335,3,3
4336,5,4
4337,0,6
4338,2,7
4339,3,3
4340,0,0
4341,3,2
4342,4,3
4343,7,0
4344,8,0
4345,2,9
4346,5,4
4347,7,0
4348,4,8
4349,0,6
4350,5,9
4351,9,1
4352,4,3
4353,2,7
4354,2,7
4355,3,2
4356,8,0
4357,3,8
4358,2,7
4359,3,3
4360,9,6
4361,5,4
4362,9,9
4363,2,7
4364,0,6
4365,0,6
4366,2,7
4367,0,6
4368,5,9
4369,3,3
4370,5,8
4371,3,2
4372,2,7
4373,3,3
4374,7,0
4375,3,8
4376,4,5
4377,2,9
4378,2,9
4379,5,4
4380,3,2
4381,3,8
4382,5,4
4383,6,8
4384,4,8
4385,2,7
4386,5,4
4387,9,1
4388,4,8
4389,7,0
4390,2,1
4391,3,8
4392,0,6
4393,2,7
4394,2,7
4395,2,7
4396,2,7
4397,2,5
4398,3,2
4399,2,9
4400,1,3
4401,9,2
4402,0,6
4403,3,3
4404,9,6
4405,9,1
4406,5,4
4407,9,1
4408,9,6
4409,5,4
4410,5,4
4411,4,5
4412,5,1
4413,2,5
4414,1,2
4415,7,0
4416,4,5
4417,5,4
4418,4,3
4419,6,8
4420,3,1
4421,2,7
4422,2,7
4423,5,4
4424,4,5
4425,2,9
4426,9,6
4427,3,2
4428,3,2
4429,3,3
4430,9,6
4431,0,6
4432,2,7
4433,5,4
4434,4,8
4435,5,1
4436,5,4
4437,3,2
4438,5,4
4439,5,4
4440,4,8
4441,2,1
4442,9,2
4443,4,5
4444,8,0
4445,2,1
4446,1,2
4447,2,9
4448,4,8
4449,3,3
4450,4,5
4451,3,2
4452,2,7
4453,7,0
4454,5,4
4455,7,0
4456,2,9
4457,7,2
4458,2,7
4459,2,9
4460,5,4
4461,3,3
4462,4,5
4463,9,6
4464,5,4
4465,7,0
4466,5,9
4467,5,1
4468,9,8
4469,9,2
4470,5,1
4471,4,3
4472,2,7
4473,5,4
4474,3,2
4475,4,5
4476,9,2
4477,9,6
4478,2,7
4479,2,7
4480,4,5
4481,8,8
4482,3,8
4483,5,9
4484,2,1
4485,7,0
4486,5,1
4487,1,1
4488,8,0
4489,9,2
4490,4,3
4491,4,3
4492,2,1
4493,5,4
4494,5,4
4495,3,5
4496,8,0
4497,9,6
4498,5,4
4499,2,7
4500,8,0
4501,4,8
4502,3,1
4503,2,9
4504,5,1
4505,7,0
4506,1,3
4507,9,1
4508,4,3
4509,9,2
4510,4,3
4511,4,3
4512,4,3
4513,5,4
4514,3,2
4515,4,5
4516,2,7
4517,9,6
4518,1,2
4519,2,7
4520,9,6
4521,1,8
4522,5,4
4523,2,9
4524,2,1
4525,5,8
4526,0,6
4527,8,0
4528,2,7
4529,4,5
4530,2,7
4531,9,6
4532,8,0
4533,9,6
4534,5,1
4535,8,0
4536,9,6
4537,2,8
4538,5,4
4539,7,0
4540,5,4
4541,9,2
4542,1,2
4543,4,3
4544,5,9
4545,2,7
4546,9,6
4547,2,9
4548,2,7
4549,5,4
4550,3,2
4551,2,7
4552,4,3
4553,9,1
4554,2,1
4555,2,9
4556,8,0
4557,5,1
4558,4,5
4559,2,7
4560,4,6
4561,9,1
4562,4,5
4563,7,0
4564,5,4
4565,8,0
4566,2,1
4567,5,4
4568,5,9
4569,5,1
4570,4,3
4571,2,7
4572,0,6
4573,4,5
4574,3,2
4575,2,7
4576,3,2
4577,5,1
4578,5,8
4579,4,3
4580,5,8
4581,4,3
4582,4,8
4583,3,3
4584,4,3
4585,5,1
4586,9,6
4587,0,6
4588,8,0
4589,2,9
4590,4,5
4591,2,7
4592,2,7
4593,5,4
4594,5,9
4595,4,3
4596,4,5
4597,7,0
4598,5,8
4599,3,2
4600,4,5
4601,4,5
4602,2,1
4603,3,2
4604,2,7
4605,9,6
4606,8,9
4607,7,0
4608,8,0
4609,5,8
4610,1,2
4611,2,9
4612,9,6
4613,5,4
4614,4,5
4615,3,3
4616,5,4
4617,4,5
4618,2,7
4619,5,4
4620,0,6
4621,4,8
4622,4,5
4623,1,1
4624,8,0
4625,4,5
4626,5,4
4627,2,9
4628,3,3
4629,7,0
4630,5,9
4631,9,6
4632,4,3
4633,5,4
4634,5,8
4635,9,6
4636,2,4
4637,2,8
4638,5,3
4639,9,1
4640,0,6
4641,5,4
4642,7,0
4643,2,7
4644,2,1
4645,3,5
4646,9,2
4647,2,7
4648,3,2
4649,9,2
4650,1,2
4651,9,2
4652,1,8
4653,7,0
4654,3,1
4655,8,0
4656,7,0
4657,2,1
4658,4,3
4659,2,7
4660,9,6
4661,2,7
4662,3,2
4663,2,9
4664,3,2
4665,4,5
4666,9,5
4667,2,9
4668,5,9
4669,6,8
4670,4,5
4671,2,9
4672,2,7
4673,0,6
4674,1,3
4675,6,8
4676,3,1
4677,1,8
4678,2,9
4679,9,2
4680,2,7
4681,1,3
4682,7,0
4683,9,6
4684,4,8
4685,1,1
4686,8,0
4687,9,2
4688,8,0
4689,2,9
4690,2,9
4691,5,8
4692,4,8
4693,2,9
4694,4,3
4695,0,5
4696,2,1
4697,3,2
4698,4,8
4699,9,6
4700,4,8
4701,9,2
4702,0,6
4703,5,4
4704,4,5
4705,3,8
4706,3,2
4707,5,4
4708,2,1
4709,9,6
4710,9,1
4711,0,5
4712,9,6
4713,8,0
4714,9,2
4715,5,1
4716,9,2
4717,9,2
4718,8,0
4719,3,3
4720,2,9
4721,5,4
4722,1,2
4723,4,5
4724,9,6
4725,2,7
4726,2,7
4727,6,8
4728,4,5
4729,8,0
4730,5,4
4731,9,1
4732,9,6
4733,3,2
4734,2,7
4735,3,3
4736,4,3
4737,5,4
4738,3,0
4739,4,5
4740,3,3
4741,9,6
4742,4,3
4743,2,7
4744,8,0
4745,4,8
4746,5,4
4747,5,9
4748,8,0
4749,8,0
4750,5,1
4751,5,1
4752,4,5
4753,9,2
4754,5,9
4755,3,3
4756,8,0
4757,5,4
4758,5,4
4759,2,7
4760,4,5
4761,8,8
4762,2,3
4763,5,1
4764,5,1
4765,9,6
4766,5,1
4767,8,8
4768,5,4
4769,5,9
4770,0,6
4771,5,9
4772,2,1
4773,8,0
4774,2,7
4775,5,1
4776,8,0
4777,3,2
4778,9,6
4779,5,4
4780,5,4
4781,5,4
4782,5,4
4783,3,3
4784,5,7
4785,2,7
4786,4,5
4787,5,4
4788,2,9
4789,5,4
4790,2,1
4791,5,4
4792,3,3
4793,8,0
4794,2,7
4795,3,3
4796,5,4
4797,8,8
4798,5,4
4799,2,7
4800,4,6
4801,4,5
4802,5,4
4803,6,8
4804,8,0
4805,9,2
4806,2,7
4807,2,1
4808,3,3
4809,2,7
4810,9,1
4811,5,9
4812,5,4
4813,2,1
4814,4,8
4815,5,1
4816,2,9
4817,9,6
4818,9,6
4819,3,2
4820,4,5
4821,5,1
4822,9,4
4823,4,3
4824,2,9
4825,2,8
4826,2,9
4827,9,6
4828,9,6
4829,5,4
4830,5,9
4831,5,9
4832,2,7
4833,5,4
4834,8,8
4835,3,2
4836,4,3
4837,5,4
4838,5,4
4839,5,4
4840,2,7
4841,9,6
4842,5,7
4843,3,2
4844,4,5
4845,4,5
4846,9,2
4847,4,5
4848,5,8
4849,8,0
4850,4,3
4851,9,2
4852,8,0
4853,4,8
4854,8,0
4855,8,0
4856,9,2
4857,9,6
4858,2,7
4859,4,8
4860,4,8
4861,5,1
4862,6,8
4863,2,7
4864,4,3
4865,5,1
4866,2,3
4867,9,6
4868,4,3
4869,2,7
4870,8,0
4871,9,6
4872,2,1
4873,8,8
4874,5,4
4875,2,7
4876,2,7
4877,5,4
4878,4,3
4879,8,9
4880,9,2
4881,3,3
4882,0,6
4883,4,3
4884,5,1
4885,4,5
4886,0,6
4887,2,8
4888,2,7
4889,8,0
4890,5,4
4891,3,3
4892,8,0
4893,2,7
4894,5,9
4895,5,9
4896,5,4
4897,2,7
4898,4,3
4899,2,7
4900,2,1
4901,5,9
4902,5,9
4903,2,1
4904,2,7
4905,9,6
4906,7,0
4907,2,7
4908,1,5
4909,8,8
4910,9,6
4911,8,0
4912,2,9
4913,5,1
4914,9,2
4915,3,2
4916,5,9
4917,3,3
4918,0,0
4919,5,4
4920,9,1
4921,3,5
4922,9,6
4923,0,6
4924,9,1
4925,2,7
4926,7,0
4927,6,8
4928,2,7
4929,2,9
4930,9,6
4931,7,0
4932,2,9
4933,3,1
4934,9,6
4935,3,2
4936,5,9
4937,3,3
4938,3,2
4939,5,4
4940,4,5
4941,3,5
4942,5,1
4943,0,6
4944,2,1
4945,2,7
4946,2,7
4947,3,8
4948,4,5
4949,2,9
4950,5,1
4951,7,0
4952,5,4
4953,9,1
4954,5,4
4955,7,2
4956,4,3
4957,3,3
4958,4,1
4959,5,4
4960,5,1
4961,0,5
4962,8,0
4963,0,6
4964,2,7
4965,2,7
4966,1,3
4967,3,8
4968,4,9
4969,4,5
4970,5,1
4971,9,1
4972,9,1
4973,2,9
4974,4,5
4975,2,9
4976,9,1
4977,2,7
4978,5,1
4979,2,1
4980,0,6
4981,7,0
4982,3,8
4983,2,9
4984,2,7
4985,7,0
4986,5,2
4987,4,5
4988,1,3
4989,2,9
4990,9,6
4991,2,7
4992,4,8
4993,9,1
4994,7,0
4995,2,7
4996,1,3
4997,7,2
4998,9,1
4999,9,2
5000,2,7
5001,3,3
5002,5,4
5003,0,6
5004,9,1
5005,3,8
5006,5,1
5007,7,0
5008,5,9
5009,3,8
5010,8,0
5011,3,3
5012,2,1
5013,1,2
5014,2,7
5015,7,0
5016,9,2
5017,2,9
5018,0,6
5019,7,0
5020,5,1
5021,0,6
5022,2,7
5023,5,1
5024,5,9
5025,2,7
5026,9,6
5027,4,5
5028,4,5
5029,3,8
5030,1,8
5031,3,3
5032,5,4
5033,5,4
5034,6,8
5035,2,7
5036,1,3
5037,0,6
5038,5,4
5039,0,6
5040,9,6
5041,3,3
5042,4,8
5043,3,8
5044,2,9
5045,2,9
5046,5,4
5047,5,4
5048,8,0
5049,2,7
5050,4,8
5051,1,1
5052,3,0
5053,7,0
5054,5,1
5055,7,8
5056,4,5
5057,2,7
5058,2,1
5059,2,7
5060,4,5
5061,0,5
5062,2,9
5063,6,9
5064,5,4
5065,3,2
5066,4,5
5067,3,3
5068,2,7
5069,5,4
5070,9,6
5071,0,6
5072,0,0
5073,2,1
5074,7,0
5075,1,1
5076,3,2
5077,5,4
5078,4,8
5079,3,5
5080,1,3
5081,0,5
5082,8,0
5083,7,0
5084,9,6
5085,5,4
5086,3,3
5087,3,8
5088,4,3
5089,2,7
5090,2,1
5091,5,4
5092,4,3
5093,2,9
5094,4,2
5095,3,2
5096,7,0
5097,3,3
5098,9,6
5099,0,6
5100,2,7
5101,5,4
5102,4,3
5103,1,2
5104,3,2
5105,5,4
5106,8,9
5107,3,1
5108,8,0
5109,3,5
5110,1,2
5111,5,4
5112,4,8
5113,8,2
5114,2,1
5115,7,0
5116,6,8
5117,5,4
5118,5,4
5119,6,8
5120,8,0
5121,0,6
5122,5,4
5123,9,1
5124,5,4
5125,2,9
5126,9,6
5127,3,3
5128,5,1
5129,7,2
5130,5,9
5131,7,0
5132,9,1
5133,7,0
5134,5,4
5135,3,2
5136,4,9
5137,2,9
5138,5,4
5139,3,3
5140,4,8
5141,0,6
5142,2,9
5143,3,3
5144,7,0
5145,9,6
5146,2,7
5147,7,0
5148,2,3
5149,3,1
5150,5,4
5151,3,2
5152,3,3
5153,3,3
5154,0,0
5155,5,4
5156,1,2
5157,0,5
5158,2,5
5159,0,6
5160,4,3
5161,2,7
5162,3,2
5163,3,8
5164,4,5
5165,6,9
5166,3,2
5167,7,0
5168,2,1
5169,3,1
5170,3,8
5171,3,2
5172,2,9
5173,3,3
5174,5,1
5175,5,4
5176,9,1
5177,0,5
5178,2,7
5179,0,6
5180,5,4
5181,2,7
5182,2,7
5183,6,8
5184,1,3
5185,2,9
5186,4,3
5187,7,0
5188,4,5
5189,0,1
5190,4,3
5191,6,2
5192,8,0
5193,3,3
5194,9,0
5195,5,4
5196,8,0
5197,2,7
5198,5,4
5199,3,8
5200,5,8
5201,2,9
5202,8,0
5203,7,0
5204,2,1
5205,4,8
5206,2,7
5207,3,3
5208,5,9
5209,2,9
5210,4,5
5211,4,5
5212,5,9
5213,9,6
5214,2,7
5215,6,8
5216,1,2
5217,5,4
5218,9,6
5219,2,9
5220,5,8
5221,3,1
5222,9,6
5223,2,7
5224,2,9
5225,2,1
5226,0,6
5227,3,2
5228,8,0
5229,2,9
5230,9,6
5231,0,6
5232,3,2
5233,2,9
5234,2,1
5235,9,1
5236,1,2
5237,5,1
5238,4,3
5239,5,1
5240,3,5
5241,3,2
5242,2,7
5243,6,8
5244,8,0
5245,3,1
5246,8,0
5247,9,2
5248,5,8
5249,7,0
5250,3,2
5251,2,7
5252,4,3
5253,2,7
5254,4,5
5255,0,5
5256,5,1
5257,3,8
5258,3,2
5259,3,2
5260,9,6
5261,2,9
5262,1,1
5263,6,8
5264,2,7
5265,5,4
5266,8,0
5267,0,6
5268,8,0
5269,2,7
5270,4,3
5271,9,1
5272,8,0
5273,0,6
5274,0,6
5275,7,0
5276,5,9
5277,3,3
5278,5,4
5279,0,6
5280,2,7
5281,3,8
5282,5,9
5283,2,7
5284,1,3
5285,7,0
5286,8,0
5287,5,4
5288,8,0
5289,3,2
5290,0,6
5291,2,7
5292,4,5
5293,5,4
5294,9,6
5295,9,4
5296,9,8
5297,3,2
5298,9,0
5299,6,8
5300,2,7
5301,3,1
5302,2,7
5303,0,5
5304,5,1
5305,2,1
5306,4,2
5307,9,2
5308,5,7
5309,0,5
5310,0,6
5311,9,6
5312,2,7
5313,5,4
5314,3,2
5315,3,3
5316,5,9
5317,7,0
5318,9,2
5319,7,0
5320,5,9
5321,7,0
5322,5,4
5323,3,3
5324,5,4
5325,2,7
5326,2,7
5327,7,0
5328,3,3
5329,0,6
5330,7,0
5331,5,4
5332,9,3
5333,4,8
5334,9,6
5335,6,8
5336,5,1
5337,3,3
5338,4,8
5339,2,9
5340,8,0
5341,2,9
5342,8,0
5343,6,8
5344,8,0
5345,3,2
5346,2,8
5347,2,7
5348,4,8
5349,2,7
5350,5,9
5351,5,1
5352,2,7
5353,7,0
5354,4,3
5355,1,1
5356,5,4
5357,3,2
5358,3,3
5359,3,3
5360,4,8
5361,5,4
5362,2,9
5363,4,5
5364,0,6
5365,0,6
5366,5,4
5367,2,7
5368,8,0
5369,6,8
5370,4,3
5371,5,9
5372,4,8
5373,7,0
5374,9,6
5375,1,1
5376,7,8
5377,3,2
5378,4,5
5379,3,3
5380,1,2
5381,5,4
5382,4,5
5383,4,5
5384,8,6
5385,9,6
5386,5,9
5387,2,7
5388,4,3
5389,6,8
5390,2,9
5391,2,9
5392,4,3
5393,0,0
5394,5,8
5395,1,1
5396,3,3
5397,3,2
5398,7,0
5399,4,3
5400,3,2
5401,5,4
5402,8,9
5403,4,5
5404,5,9
5405,0,6
5406,5,4
5407,2,7
5408,3,3
5409,6,8
5410,5,4
5411,2,9
5412,4,3
5413,0,6
5414,2,5
5415,3,2
5416,2,7
5417,4,5
5418,3,8
5419,0,6
5420,9,2
5421,3,2
5422,2,7
5423,3,5
5424,4,5
5425,2,1
5426,5,9
5427,2,7
5428,2,1
5429,1,1
5430,8,8
5431,3,8
5432,4,3
5433,3,3
5434,4,3
5435,6,8
5436,3,2
5437,2,7
5438,4,2
5439,5,1
5440,4,5
5441,2,7
5442,4,3
5443,1,1
5444,5,4
5445,5,4
5446,2,7
5447,2,7
5448,2,7
5449,3,2
5450,5,4
5451,0,6
5452,4,5
5453,4,5
5454,2,9
5455,3,3
5456,4,5
5457,2,9
5458,1,3
5459,5,9
5460,5,8
5461,7,0
5462,8,0
5463,5,8
5464,8,0
5465,2,7
5466,4,6
5467,1,3
5468,8,0
5469,7,0
5470,7,0
5471,3,3
5472,2,7
5473,2,7
5474,5,8
5475,7,0
5476,5,8
5477,5,1
5478,5,9
5479,9,1
5480,3,2
5481,3,2
5482,5,4
5483,5,1
5484,2,1
5485,0,6
5486,9,6
5487,7,0
5488,7,0
5489,4,5
5490,5,4
5491,3,3
5492,5,9
5493,3,3
5494,5,1
5495,0,6
5496,2,7
5497,4,3
5498,8,0
5499,3,5
5500,5,1
5501,2,9
5502,8,0
5503,2,9
5504,2,7
5505,7,0
5506,4,5
5507,5,1
5508,9,2
5509,3,2
5510,4,3
5511,3,3
5512,8,0
5513,5,4
5514,7,0
5515,4,5
5516,5,1
5517,0,6
5518,5,9
5519,2,7
5520,5,1
5521,3,8
5522,5,9
5523,2,9
5524,9,6
5525,7,0
5526,4,5
5527,1,1
5528,3,2
5529,3,2
5530,2,1
5531,3,3
5532,5,9
5533,5,4
5534,4,8
5535,2,7
5536,9,8
5537,3,8
5538,2,9
5539,2,9
5540,2,7
5541,3,0
5542,4,3
5543,2,1
5544,5,9
5545,3,2
5546,2,7
5547,3,3
5548,4,8
5549,5,4
5550,4,5
5551,0,5
5552,2,1
5553,0,6
5554,4,6
5555,2,7
5556,9,6
5557,6,8
5558,2,9
5559,2,9
5560,8,0
5561,0,6
5562,3,3
5563,8,0
5564,2,7
5565,2,7
5566,9,6
5567,1,3
5568,2,7
5569,2,7
5570,5,1
5571,1,1
5572,5,9
5573,3,3
5574,3,8
5575,2,7
5576,9,6
5577,2,9
5578,4,3
5579,2,7
5580,5,4
5581,5,4
5582,4,1
5583,7,0
5584,2,7
5585,7,0
5586,9,6
5587,0,6
5588,1,3
5589,2,9
5590,5,4
5591,4,5
5592,5,9
5593,0,6
5594,5,8
5595,2,9
5596,2,7
5597,3,8
5598,4,5
5599,0,5
5600,9,6
5601,2,1
5602,9,2
5603,4,5
5604,7,0
5605,3,3
5606,4,5
5607,2,9
5608,8,0
5609,3,8
5610,5,1
5611,1,3
5612,8,0
5613,5,4
5614,5,9
5615,7,0
5616,5,3
5617,0,5
5618,3,2
5619,0,6
5620,4,5
5621,3,3
5622,7,0
5623,5,4
5624,9,2
5625,3,8
5626,5,7
5627,7,0
5628,4,8
5629,0,6
5630,9,1
5631,5,4
5632,4,6
5633,3,8
5634,9,6
5635,9,1
5636,5,4
5637,3,3
5638,1,2
5639,5,4
5640,4,3
5641,7,0
5642,4,3
5643,2,1
5644,3,1
5645,2,9
5646,8,0
5647,3,2
5648,4,1
5649,3,3
5650,2,7
5651,2,7
5652,2,7
5653,0,5
5654,0,6
5655,1,1
5656,3,2
5657,2,7
5658,5,9
5659,3,2
5660,3,3
5661,6,8
5662,8,0
5663,2,7
5664,5,9
5665,7,0
5666,4,5
5667,2,1
5668,4,5
5669,2,9
5670,3,8
5671,0,6
5672,5,9
5673,5,4
5674,8,0
5675,3,1
5676,2,7
5677,3,2
5678,4,5
5679,3,3
5680,4,8
5681,3,1
5682,9,6
5683,3,3
5684,9,6
5685,3,5
5686,9,6
5687,1,3
5688,4,5
5689,5,4
5690,8,0
5691,2,1
5692,7,0
5693,9,6
5694,7,0
5695,6,8
5696,4,8
5697,0,0
5698,8,0
5699,3,8
5700,1,2
5701,2,9
5702,4,3
5703,5,4
5704,5,9
5705,2,9
5706,9,2
5707,3,2
5708,5,1
5709,0,6
5710,4,3
5711,8,0
5712,4,5
5713,2,1
5714,9,1
5715,9,2
5716,2,7
5717,3,3
5718,5,9
5719,2,5
5720,5,4
5721,0,6
5722,1,2
5723,2,7
5724,3,2
5725,3,8
5726,5,9
5727,2,9
5728,4,3
5729,7,0
5730,8,0
5731,5,1
5732,2,1
5733,3,2
5734,5,4
5735,5,4
5736,2,3
5737,0,5
5738,4,3
5739,0,6
5740,7,9
5741,2,7
5742,4,5
5743,3,8
5744,1,2
5745,2,9
5746,5,9
5747,7,0
5748,4,3
5749,2,1
5750,0,6
5751,7,2
5752,4,5
5753,3,3
5754,2,7
5755,5,4
5756,2,1
5757,3,5
5758,1,2
5759,0,6
5760,5,1
5761,2,7
5762,9,2
5763,6,8
5764,5,4
5765,2,9
5766,9,6
5767,8,0
5768,2,7
5769,2,7
5770,4,3
5771,3,5
5772,0,6
5773,3,0
5774,9,6
5775,3,8
5776,4,5
5777,5,4
5778,2,7
5779,1,1
5780,0,6
5781,3,8
5782,9,6
5783,6,8
5784,2,7
5785,3,1
5786,2,7
5787,3,3
5788,4,3
5789,1,1
5790,9,2
5791,1,8
5792,5,4
5793,3,3
5794,5,9
5795,2,7
5796,5,4
5797,2,9
5798,4,3
5799,3,3
5800,5,8
5801,7,0
5802,9,6
5803,2,9
5804,9,6
5805,5,4
5806,2,9
5807,5,4
5808,8,0
5809,0,0
5810,9,6
5811,2,7
5812,4,3
5813,5,4
5814,5,1
5815,0,2
5816,4,2
5817,2,9
5818,2,7
5819,6,8
5820,1,3
5821,2,7
5822,5,4
5823,3,2
5824,5,1
5825,2,7
5826,9,6
5827,6,8
5828,4,5
5829,2,9
5830,8,0
5831,3,3
5832,9,6
5833,2,1
5834,5,1
5835,5,4
5836,5,9
5837,9,6
5838,4,3
5839,3,5
5840,2,1
5841,3,2
5842,3,1
5843,3,2
5844,8,0
5845,6,2
5846,9,6
5847,3,5
5848,9,6
5849,0,6
5850,5,1
5851,2,7
5852,3,3
5853,6,8
5854,5,4
5855,2,7
5856,4,5
5857,3,5
5858,4,3
5859,0,1
5860,2,9
5861,0,6
5862,2,1
5863,5,4
5864,5,1
5865,2,9
5866,4,5
5867,0,2
5868,8,9
5869,2,9
5870,4,3
5871,3,3
5872,4,5
5873,0,5
5874,5,9
5875,3,3
5876,1,1
5877,0,6
5878,2,9
5879,0,6
5880,5,4
5881,7,0
5882,2,1
5883,7,0
5884,8,0
5885,3,2
5886,8,0
5887,4,5
5888,8,0
5889,0,6
5890,9,2
5891,5,4
5892,2,9
5893,2,9
5894,3,8
5895,3,2
5896,2,8
5897,2,7
5898,2,9
5899,5,4
5900,3,2
5901,2,9
5902,9,2
5903,9,1
5904,9,5
5905,0,0
5906,2,7
5907,0,2
5908,3,2
5909,3,2
5910,9,6
5911,3,3
5912,2,7
5913,0,6
5914,1,2
5915,9,1
5916,4,8
5917,6,8
5918,8,9
5919,3,3
5920,9,6
5921,0,0
5922,3,3
5923,3,3
5924,2,9
5925,3,5
5926,4,3
5927,3,0
5928,9,2
5929,7,0
5930,2,1
5931,0,6
5932,8,0
5933,2,1
5934,4,5
5935,0,6
5936,5,4
5937,2,9
5938,7,0
5939,3,5
5940,2,9
5941,3,3
5942,4,3
5943,2,9
5944,5,4
5945,5,4
5946,2,7
5947,3,5
5948,9,6
5949,3,8
5950,9,1
5951,0,6
5952,1,2
5953,2,7
5954,2,4
5955,3,1
5956,0,6
5957,9,1
5958,4,3
5959,2,7
5960,5,4
5961,7,0
5962,9,6
5963,5,1
5964,2,9
5965,3,2
5966,5,1
5967,1,3
5968,2,7
5969,5,4
5970,1,3
5971,0,5
5972,1,8
5973,0,6
5974,4,3
5975,2,7
5976,2,7
5977,4,8
5978,7,0
5979,2,9
5980,4,3
5981,7,0
5982,5,4
5983,1,1
5984,4,5
5985,3,2
5986,2,7
5987,1,3
5988,1,2
5989,5,4
5990,0,6
5991,0,5
5992,2,9
5993,0,6
5994,1,1
5995,2,7
5996,9,6
5997,6,8
5998,9,6
5999,2,9
6000,0,6
6001,7,0
6002,2,1
6003,1,1
6004,4,5
6005,3,2
6006,5,8
6007,1,3
6008,7,0
6009,5,4
6010,2,9
6011,4,5
6012,1,2
6013,9,6
6014,2,7
6015,2,7
6016,4,3
6017,1,8
6018,4,5
6019,2,9
6020,5,1
6021,5,1
6022,4,8
6023,7,0
6024,9,6
6025,5,4
6026,2,5
6027,4,5
6028,5,4
6029,9,6
6030,4,8
6031,9,6
6032,4,3
6033,3,3
6034,8,0
6035,5,4
6036,5,9
6037,5,4
6038,3,2
6039,1,2
6040,4,3
6041,4,8
6042,5,9
6043,1,1
6044,9,2
6045,7,0
6046,2,7
6047,9,6
6048,4,3
6049,5,4
6050,2,7
6051,2,9
6052,5,1
6053,2,7
6054,2,7
6055,3,2
6056,3,2
6057,3,3
6058,5,4
6059,1,3
6060,4,2
6061,2,9
6062,9,1
6063,3,2
6064,2,7
6065,7,0
6066,0,8
6067,2,9
6068,4,5
6069,3,3
6070,5,1
6071,1,3
6072,5,8
6073,2,9
6074,5,9
6075,1,1
6076,7,0
6077,4,5
6078,5,9
6079,3,2
6080,3,2
6081,1,3
6082,5,1
6083,1,1
6084,5,9
6085,9,6
6086,4,5
6087,2,7
6088,2,7
6089,3,3
6090,9,6
6091,2,7
6092,5,9
6093,6,8
6094,8,0
6095,5,4
6096,4,5
6097,8,0
6098,1,3
6099,3,2
6100,2,9
6101,5,4
6102,4,6
6103,7,0
6104,5,1
6105,1,2
6106,4,3
6107,5,4
6108,9,1
6109,2,7
6110,5,1
6111,1,8
6112,4,5
6113,7,0
6114,3,2
6115,2,7
6116,9,1
6117,8,0
6118,4,3
6119,9,6
6120,5,4
6121,2,9
6122,2,1
6123,1,3
6124,1,2
6125,1,2
6126,3,2
6127,5,4
6128,5,4
6129,6,8
6130,5,7
6131,9,6
6132,2,7
6133,7,0
6134,2,7
6135,1,1
6136,6,8
6137,7,0
6138,1,2
6139,0,6
6140,2,7
6141,2,7
6142,5,1
6143,3,2
6144,9,2
6145,2,9
6146,8,0
6147,2,7
6148,4,3
6149,2,9
6150,9,6
6151,4,5
6152,4,8
6153,4,8
6154,5,4
6155,2,9
6156,5,9
6157,0,6
6158,4,8
6159,9,6
6160,5,4
6161,3,2
6162,2,9
6163,4,8
6164,5,9
6165,5,1
6166,2,9
6167,2,7
6168,1,2
6169,9,5
6170,4,3
6171,9,5
6172,3,2
6173,2,7
6174,2,9
6175,3,3
6176,2,7
6177,4,5
6178,9,6
6179,7,0
6180,4,5
6181,5,1
6182,4,3
6183,1,1
6184,5,4
6185,3,3
6186,5,1
6187,4,8
6188,4,5
6189,5,4
6190,3,2
6191,2,9
6192,9,1
6193,5,4
6194,0,6
6195,4,5
6196,4,8
6197,1,1
6198,4,5
6199,4,8
6200,4,5
6201,0,6
6202,2,7
6203,6,8
6204,3,2
6205,2,9
6206,2,1
6207,7,0
6208,5,1
6209,9,1
6210,5,4
6211,9,2
6212,4,2
6213,1,3
6214,4,8
6215,5,4
6216,4,3
6217,4,5
6218,5,4
6219,0,6
6220,5,4
6221,2,7
6222,3,2
6223,6,8
6224,2,7
6225,5,9
6226,5,1
6227,7,0
6228,8,0
6229,2,1
6230,4,3
6231,9,2
6232,2,1
6233,1,3
6234,5,9
6235,5,4
6236,0,6
6237,4,5
6238,5,9
6239,0,6
6240,4,8
6241,2,7
6242,4,8
6243,3,8
6244,2,1
6245,7,0
6246,4,6
6247,1,1
6248,2,7
6249,9,2
6250,2,7
6251,3,3
6252,3,2
6253,5,4
6254,5,1
6255,4,5
6256,5,4
6257,0,6
6258,5,4
6259,2,7
6260,5,4
6261,6,8
6262,5,1
6263,5,9
6264,4,5
6265,0,6
6266,9,6
6267,0,6
6268,5,4
6269,0,3
6270,4,2
6271,5,4
6272,2,9
6273,3,2
6274,4,5
6275,4,8
6276,4,5
6277,2,1
6278,2,7
6279,0,0
6280,2,7
6281,0,6
6282,4,3
6283,5,4
6284,5,8
6285,5,9
6286,4,3
6287,2,7
6288,4,8
6289,9,2
6290,9,5
6291,3,3
6292,8,0
6293,3,3
6294,2,9
6295,5,9
6296,7,0
6297,1,3
6298,4,3
6299,1,3
6300,4,5
6301,5,9
6302,8,0
6303,1,1
6304,2,7
6305,4,5
6306,5,9
6307,9,2
6308,5,4
6309,3,3
6310,5,9
6311,2,1
6312,5,4
6313,0,6
6314,5,4
6315,2,7
6316,8,0
6317,3,3
6318,5,1
6319,2,7
6320,8,0
6321,4,8
6322,4,8
6323,5,4
6324,4,5
6325,7,0
6326,7,0
6327,9,2
6328,2,1
6329,5,4
6330,7,0
6331,7,0
6332,8,0
6333,2,7
6334,2,9
6335,4,8
6336,5,4
6337,7,0
6338,0,6
6339,2,7
6340,4,3
6341,7,0
6342,4,3
6343,9,6
6344,3,2
6345,8,9
6346,4,5
6347,3,3
6348,9,2
6349,3,2
6350,4,3
6351,5,4
6352,4,5
6353,3,8
6354,4,8
6355,0,6
6356,2,1
6357,8,0
6358,2,7
6359,4,5
6360,3,2
6361,2,7
6362,4,3
6363,4,5
6364,4,8
6365,1,1
6366,5,1
6367,7,0
6368,2,9
6369,6,8
6370,4,5
6371,1,1
6372,2,1
6373,0,6
6374,4,5
6375,2,7
6376,2,9
6377,9,2
6378,2,7
6379,5,9
6380,2,1
6381,2,7
6382,5,9
6383,5,9
6384,9,1
6385,4,5
6386,3,2
6387,9,6
6388,0,6
6389,4,5
6390,1,8
6391,9,2
6392,0,6
6393,0,6
6394,8,0
6395,2,1
6396,9,6
6397,2,7
6398,4,3
6399,4,5
6400,7,0
6401,4,5
6402,0,6
6403,2,7
6404,4,8
6405,1,3
6406,8,0
6407,4,5
6408,5,1
6409,7,0
6410,4,3
6411,2,1
6412,4,5
6413,1,1
6414,1,2
6415,1,3
6416,1,3
6417,4,8
6418,9,5
6419,1,1
6420,4,3
6421,7,0
6422,8,0
6423,0,1
6424,5,4
6425,1,2
6426,4,5
6427,3,3
6428,9,3
6429,5,4
6430,4,3
6431,3,5
6432,2,7
6433,9,6
6434,4,5
6435,2,7
6436,5,1
6437,4,8
6438,5,9
6439,2,9
6440,4,3
6441,7,0
6442,1,2
6443,2,1
6444,8,0
6445,3,2
6446,8,0
6447,3,3
6448,0,4
6449,5,4
6450,4,3
6451,3,5
6452,0,6
6453,0,6
6454,5,4
6455,2,7
6456,9,6
6457,6,8
6458,5,1
6459,2,9
6460,2,9
6461,0,0
6462,5,4
6463,0,1
6464,9,6
6465,3,2
6466,3,2
6467,3,3
6468,8,0
6469,5,4
6470,5,8
6471,4,5
6472,4,5
6473,0,6
6474,0,6
6475,2,7
6476,2,7
6477,3,8
6478,3,2
6479,2,9
6480,5,2
6481,2,7
6482,9,6
6483,5,4
6484,5,4
6485,2,7
6486,4,6
6487,2,7
6488,2,1
6489,3,3
6490,5,4
6491,5,9
6492,1,2
6493,4,8
6494,2,2
6495,3,8
6496,8,0
6497,3,3
6498,4,8
6499,1,1
6500,4,3
6501,9,5
6502,8,0
6503,6,8
6504,4,5
6505,3,2
6506,5,8
6507,2,7
6508,4,8
6509,9,6
6510,2,7
6511,9,1
6512,3,8
6513,4,5
6514,5,9
6515,3,2
6516,4,3
6517,0,6
6518,5,9
6519,5,4
6520,8,9
6521,2,1
6522,3,3
6523,6,8
6524,4,5
6525,2,7
6526,9,6
6527,4,5
6528,2,7
6529,4,5
6530,1,1
6531,1,1
6532,5,4
6533,3,8
6534,2,8
6535,2,9
6536,5,4
6537,5,1
6538,7,0
6539,1,3
6540,3,2
6541,9,6
6542,2,9
6543,1,3
6544,4,8
6545,4,3
6546,5,4
6547,3,2
6548,9,6
6549,3,2
6550,2,7
6551,9,6
6552,5,4
6553,0,6
6554,5,1
6555,4,5
6556,5,4
6557,4,5
6558,5,1
6559,3,3
6560,5,4
6561,3,3
6562,0,6
6563,3,8
6564,5,9
6565,9,1
6566,2,7
6567,0,6
6568,9,1
6569,4,5
6570,5,1
6571,0,6
6572,9,6
6573,3,8
6574,9,6
6575,5,1
6576,4,3
6577,5,9
6578,9,6
6579,2,7
6580,4,8
6581,9,6
6582,9,8
6583,4,8
6584,4,3
6585,4,3
6586,2,1
6587,2,7
6588,5,9
6589,2,9
6590,2,7
6591,0,0
6592,1,3
6593,7,0
6594,4,3
6595,3,3
6596,5,4
6597,2,7
6598,5,4
6599,5,9
6600,2,7
6601,3,3
6602,9,6
6603,7,0
6604,4,8
6605,3,2
6606,4,8
6607,7,0
6608,5,4
6609,9,1
6610,4,5
6611,7,0
6612,1,3
6613,9,1
6614,8,0
6615,7,0
6616,2,7
6617,1,1
6618,6,8
6619,7,0
6620,6,8
6621,5,4
6622,4,8
6623,2,7
6624,3,2
6625,2,9
6626,3,2
6627,3,2
6628,3,2
6629,7,0
6630,8,0
6631,0,6
6632,4,3
6633,9,2
6634,2,9
6635,0,6
6636,4,5
6637,3,2
6638,9,6
6639,3,2
6640,9,1
6641,2,9
6642,3,2
6643,2,9
6644,4,5
6645,8,0
6646,4,5
6647,5,1
6648,8,0
6649,3,2
6650,2,7
6651,4,3
6652,5,4
6653,5,4
6654,2,1
6655,4,5
6656,5,4
6657,0,6
6658,2,3
6659,4,8
6660,4,5
6661,5,9
6662,4,3
6663,8,0
6664,4,5
6665,2,1
6666,2,7
6667,4,3
6668,4,9
6669,5,4
6670,9,6
6671,4,5
6672,5,4
6673,0,6
6674,5,4
6675,2,7
6676,8,0
6677,4,8
6678,2,1
6679,5,9
6680,4,5
6681,8,0
6682,5,1
6683,2,1
6684,8,0
6685,9,2
6686,2,7
6687,4,3
6688,2,7
6689,5,4
6690,9,6
6691,4,5
6692,9,6
6693,0,6
6694,5,9
6695,2,7
6696,2,7
6697,4,8
6698,5,1
6699,5,9
6700,7,0
6701,9,1
6702,5,1
6703,4,8
6704,7,0
6705,0,6
6706,4,3
6707,2,7
6708,9,0
6709,9,1
6710,4,3
6711,4,3
6712,4,5
6713,2,7
6714,5,4
6715,2,7
6716,5,4
6717,5,9
6718,2,1
6719,3,3
6720,9,6
6721,0,6
6722,2,7
6723,8,0
6724,5,4
6725,3,2
6726,9,6
6727,9,6
6728,4,8
6729,5,4
6730,8,0
6731,4,8
6732,9,6
6733,5,4
6734,2,9
6735,4,5
6736,5,1
6737,7,0
6738,8,0
6739,3,3
6740,2,7
6741,5,9
6742,9,6
6743,3,2
6744,5,8
6745,2,1
6746,3,8
6747,2,1
6748,2,1
6749,3,5
6750,3,3
6751,2,9
6752,2,7
6753,5,4
6754,4,3
6755,8,2
6756,2,7
6757,8,0
6758,7,0
6759,5,4
6760,3,8
6761,5,4
6762,4,3
6763,8,0
6764,3,2
6765,2,9
6766,4,3
6767,0,6
6768,7,0
6769,5,9
6770,2,7
6771,5,2
6772,4,5
6773,3,2
6774,5,8
6775,5,1
6776,4,5
6777,2,7
6778,5,4
6779,2,9
6780,9,2
6781,4,5
6782,4,5
6783,9,1
6784,4,3
6785,9,1
6786,4,5
6787,2,9
6788,4,8
6789,0,6
6790,5,9
6791,8,0
6792,4,8
6793,9,1
6794,5,4
6795,5,8
6796,9,6
6797,5,4
6798,5,4
6799,0,6
6800,0,6
6801,4,8
6802,8,0
6803,4,8
6804,5,4
6805,3,2
6806,4,8
6807,9,6
6808,6,8
6809,4,3
6810,5,4
6811,9,2
6812,5,4
6813,5,9
6814,3,8
6815,3,2
6816,9,8
6817,5,4
6818,2,7
6819,0,0
6820,5,9
6821,2,9
6822,9,1
6823,7,0
6824,2,7
6825,3,3
6826,4,3
6827,4,3
6828,9,6
6829,4,5
6830,4,5
6831,4,8
6832,8,0
6833,5,4
6834,2,1
6835,2,7
6836,4,5
6837,0,6
6838,2,9
6839,5,2
6840,4,5
6841,3,2
6842,2,9
6843,2,7
6844,4,3
6845,2,7
6846,9,2
6847,7,0
6848,8,5
6849,4,5
6850,2,9
6851,9,1
6852,4,5
6853,3,5
6854,0,6
6855,3,3
6856,4,3
6857,8,0
6858,3,3
6859,5,1
6860,3,2
6861,9,2
6862,2,7
6863,4,3
6864,5,1
6865,5,4
6866,2,7
6867,9,5
6868,4,5
6869,9,6
6870,5,1
6871,2,7
6872,5,9
6873,6,8
6874,9,6
6875,7,0
6876,9,6
6877,1,1
6878,2,7
6879,5,4
6880,2,1
6881,2,7
6882,2,7
6883,7,0
6884,3,5
6885,1,1
6886,2,9
6887,5,4
6888,4,5
6889,2,7
6890,5,4
6891,6,8
6892,4,3
6893,2,9
6894,3,3
6895,9,6
6896,8,8
6897,5,8
6898,1,3
6899,3,2
6900,5,1
6901,5,4
6902,2,7
6903,9,6
6904,1,3
6905,6,8
6906,4,3
6907,0,6
6908,2,7
6909,0,6
6910,1,2
6911,2,7
6912,4,3
6913,5,1
6914,2,7
6915,2,7
6916,5,8
6917,8,0
6918,2,9
6919,3,2
6920,3,3
6921,9,2
6922,5,9
6923,7,0
6924,4,8
6925,1,1
6926,2,1
6927,9,6
6928,7,0
6929,3,5
6930,9,6
6931,5,1
6932,2,7
6933,9,2
6934,8,9
6935,7,0
6936,4,5
6937,1,2
6938,3,8
6939,1,3
6940,4,8
6941,5,4
6942,3,8
6943,6,8
6944,3,2
6945,3,3
6946,5,1
6947,2,7
6948,9,2
6949,5,4
6950,5,9
6951,1,1
6952,2,8
6953,2,7
6954,9,6
6955,5,4
6956,2,7
6957,6,8
6958,8,0
6959,3,3
6960,8,0
6961,2,9
6962,9,8
6963,9,6
6964,2,9
6965,2,7
6966,4,3
6967,8,0
6968,7,0
6969,5,9
6970,8,0
6971,0,6
6972,8,0
6973,7,0
6974,3,2
6975,9,6
6976,4,8
6977,2,1
6978,4,5
6979,7,0
6980,8,5
6981,4,5
6982,9,6
6983,4,5
6984,4,5
6985,2,1
6986,2,7
6987,7,0
6988,4,5
6989,2,1
6990,5,4
6991,3,0
6992,3,2
6993,5,9
6994,4,8
6995,5,4
6996,5,4
6997,4,5
6998,5,1
6999,2,9
7000,4,8
7001,2,7
7002,5,4
7003,7,0
7004,8,0
7005,1,2
7006,2,9
7007,9,1
7008,9,6
7009,5,4
7010,5,7
7011,2,4
7012,7,0
7013,2,9
7014,4,2
7015,9,6
7016,5,9
7017,2,7
7018,7,0
7019,5,4
7020,5,1
7021,6,8
7022,5,1
7023,5,9
7024,4,5
7025,7,0
7026,4,8
7027,9,1
7028,2,7
7029,3,2
7030,1,3
7031,3,3
7032,4,5
7033,5,7
7034,4,8
7035,5,8
7036,5,4
7037,7,0
7038,8,0
7039,9,1
7040,9,1
7041,3,2
7042,4,8
7043,3,3
7044,4,5
7045,5,4
7046,4,3
7047,0,5
7048,3,8
7049,0,6
7050,7,0
7051,4,8
7052,8,0
7053,2,9
7054,2,7
7055,7,0
7056,5,9
7057,9,1
7058,3,3
7059,2,7
7060,2,1
7061,2,9
7062,8,0
7063,0,6
7064,9,6
7065,3,3
7066,8,0
7067,3,3
7068,4,5
7069,2,9
7070,2,9
7071,2,9
7072,7,2
7073,4,5
7074,2,1
7075,3,1
7076,4,8
7077,2,4
7078,1,1
7079,3,2
7080,4,3
7081,4,5
7082,9,2
7083,2,4
7084,5,1
7085,2,7
7086,9,6
7087,2,9
7088,3,2
7089,9,1
7090,5,4
7091,3,5
7092,2,7
7093,3,2
7094,5,9
7095,0,6
7096,9,6
7097,3,3
7098,5,9
7099,2,7
7100,5,4
7101,2,8
7102,9,6
7103,4,5
7104,9,6
7105,9,1
7106,4,3
7107,3,2
7108,2,9
7109,0,6
7110,2,9
7111,0,6
7112,4,5
7113,2,7
7114,4,5
7115,4,8
7116,5,1
7117,3,8
7118,5,9
7119,1,1
7120,5,4
7121,3,8
7122,4,8
7123,3,3
7124,5,4
7125,2,7
7126,0,6
7127,8,0
7128,8,0
7129,8,0
7130,8,0
7131,9,1
7132,4,3
7133,4,5
7134,4,3
7135,7,0
7136,3,8
7137,3,5
7138,2,1
7139,3,2
7140,3,2
7141,5,8
7142,4,8
7143,7,0
7144,4,5
7145,2,4
7146,1,2
7147,3,3
7148,5,9
7149,2,1
7150,4,3
7151,4,8
7152,5,4
7153,3,2
7154,4,5
7155,2,9
7156,4,3
7157,2,9
7158,7,0
7159,3,5
7160,1,1
7161,3,2
7162,4,3
7163,9,6
7164,7,0
7165,4,5
7166,5,4
7167,2,7
7168,9,8
7169,9,1
7170,5,2
7171,2,9
7172,3,5
7173,2,7
7174,2,7
7175,9,1
7176,2,1
7177,3,2
7178,5,4
7179,0,6
7180,2,9
7181,7,0
7182,4,8
7183,7,0
7184,8,8
7185,2,1
7186,5,4
7187,3,2
7188,1,1
7189,3,3
7190,4,8
7191,5,4
7192,5,3
7193,4,5
7194,2,9
7195,0,6
7196,1,2
7197,2,7
7198,2,9
7199,4,8
7200,2,9
7201,2,9
7202,9,6
7203,7,0
7204,5,4
7205,2,1
7206,9,6
7207,6,2
7208,5,9
7209,4,3
7210,2,7
7211,5,4
7212,9,6
7213,2,7
7214,1,3
7215,6,8
7216,4,5
7217,2,9
7218,3,8
7219,3,0
7220,9,6
7221,2,1
7222,2,1
7223,3,2
7224,9,6
7225,3,3
7226,3,7
7227,5,4
7228,4,8
7229,2,7
7230,9,6
7231,6,8
7232,4,5
7233,2,9
7234,5,1
7235,4,5
7236,2,7
7237,2,1
7238,4,5
7239,5,9
7240,5,1
7241,2,9
7242,7,2
7243,0,0
7244,4,5
7245,2,9
7246,4,5
7247,7,0
7248,5,4
7249,4,5
7250,1,3
7251,2,9
7252,5,9
7253,2,1
7254,8,0
7255,2,7
7256,5,9
7257,7,2
7258,2,9
7259,3,2
7260,0,5
7261,3,3
7262,9,2
7263,4,3
7264,5,9
7265,3,2
7266,3,2
7267,8,0
7268,9,6
7269,2,9
7270,9,5
7271,3,0
7272,8,0
7273,0,6
7274,2,9
7275,2,1
7276,4,5
7277,2,7
7278,2,7
7279,4,5
7280,5,4
7281,7,0
7282,5,4
7283,4,3
7284,2,7
7285,5,4
7286,7,0
7287,2,7
7288,4,3
7289,0,6
7290,3,8
7291,0,6
7292,1,2
7293,4,3
7294,9,6
7295,4,3
7296,5,4
7297,0,8
7298,9,6
7299,5,4
7300,6,8
7301,2,7
7302,4,5
7303,9,1
7304,2,7
7305,7,0
7306,2,7
7307,3,8
7308,9,8
7309,2,7
7310,2,9
7311,4,5
7312,5,9
7313,3,2
7314,2,7
7315,2,1
7316,4,8
7317,2,1
7318,8,0
7319,5,4
7320,4,8
7321,4,5
7322,1,3
7323,4,5
7324,2,1
7325,7,0
7326,1,2
7327,5,4
7328,6,8
7329,5,8
7330,9,1
7331,2,7
7332,4,3
7333,5,4
7334,2,7
7335,2,9
7336,4,3
7337,3,2
7338,7,0
7339,4,3
7340,2,7
7341,0,6
7342,9,6
7343,5,4
7344,3,2
7345,9,1
7346,2,5
7347,2,2
7348,2,7
7349,3,1
7350,2,4
7351,4,5
7352,2,7
7353,3,2
7354,4,5
7355,8,0
7356,5,8
7357,5,4
7358,8,0
7359,4,8
7360,3,2
7361,0,6
7362,2,7
7363,9,1
7364,8,0
7365,2,9
7366,5,4
7367,3,3
7368,4,5
7369,3,2
7370,3,2
7371,7,0
7372,8,0
7373,7,0
7374,4,5
7375,3,2
7376,1,8
7377,4,5
7378,7,0
7379,9,6
7380,2,7
7381,2,9
7382,4,5
7383,3,3
7384,2,7
7385,0,6
7386,2,7
7387,3,3
7388,2,7
7389,0,6
7390,4,5
7391,8,0
7392,3,2
7393,2,1
7394,9,2
7395,3,2
7396,3,3
7397,4,3
7398,9,6
7399,5,4
7400,5,8
7401,9,6
7402,4,1
7403,2,7
7404,5,1
7405,4,8
7406,4,1
7407,2,9
7408,1,2
7409,8,0
7410,5,1
7411,9,1
7412,4,3
7413,3,2
7414,4,2
7415,4,3
7416,5,9
7417,5,4
7418,2,7
7419,4,5
7420,2,7
7421,3,1
7422,4,3
7423,2,7
7424,2,1
7425,4,8
7426,5,4
7427,8,0
7428,3,2
7429,9,1
7430,2,9
7431,3,2
7432,1,2
7433,4,3
7434,9,6
7435,1,1
7436,4,8
7437,2,7
7438,5,7
7439,4,8
7440,9,1
7441,5,8
7442,5,4
7443,4,5
7444,4,5
7445,2,7
7446,2,7
7447,2,9
7448,4,5
7449,4,5
7450,4,8
7451,8,0
7452,4,6
7453,4,8
7454,2,1
7455,4,3
7456,9,6
7457,4,5
7458,8,0
7459,5,4
7460,0,6
7461,4,8
7462,8,0
7463,4,3
7464,5,4
7465,7,0
7466,0,0
7467,3,2
7468,5,9
7469,2,1
7470,2,7
7471,8,0
7472,2,1
7473,3,2
7474,5,9
7475,4,5
7476,4,2
7477,4,8
7478,2,9
7479,7,8
7480,4,5
7481,4,5
7482,4,5
7483,3,3
7484,3,2
7485,8,0
7486,3,2
7487,5,4
7488,4,8
7489,5,4
7490,9,6
7491,9,1
7492,5,9
7493,9,6
7494,2,7
7495,2,1
7496,9,1
7497,4,3
7498,2,5
7499,9,0
7500,3,2
7501,4,3
7502,5,4
7503,9,6
7504,9,6
7505,2,9
7506,8,0
7507,4,3
7508,4,8
7509,2,7
7510,3,2
7511,2,9
7512,4,8
7513,2,7
7514,4,8
7515,8,0
7516,9,6
7517,5,4
7518,2,9
7519,5,8
7520,9,2
7521,4,3
7522,0,6
7523,3,2
7524,5,1
7525,2,7
7526,5,4
7527,2,7
7528,4,2
7529,2,9
7530,2,7
7531,4,5
7532,5,1
7533,1,1
7534,2,7
7535,4,5
7536,9,1
7537,3,2
7538,5,9
7539,4,8
7540,4,8
7541,5,9
7542,2,1
7543,9,6
7544,0,6
7545,2,9
7546,4,5
7547,2,7
7548,7,0
7549,0,6
7550,4,8
7551,5,4
7552,8,0
7553,2,1
7554,3,2
7555,3,2
7556,4,3
7557,8,0
7558,5,1
7559,9,6
7560,5,4
7561,2,1
7562,9,6
7563,2,1
7564,9,6
7565,2,7
7566,8,0
7567,3,2
7568,2,7
7569,4,3
7570,4,8
7571,9,6
7572,5,1
7573,5,4
7574,5,1
7575,4,8
7576,9,2
7577,9,6
7578,5,4
7579,5,4
7580,9,6
7581,9,6
7582,1,3
7583,4,5
7584,4,3
7585,8,0
7586,4,8
7587,3,2
7588,2,1
7589,8,0
7590,4,3
7591,4,5
7592,4,5
7593,9,6
7594,7,2
7595,4,5
7596,5,4
7597,1,0
7598,9,6
7599,9,1
7600,4,3
7601,3,2
7602,2,9
7603,9,1
7604,4,8
7605,2,7
7606,2,8
7607,4,8
7608,2,7
7609,5,1
7610,2,7
7611,5,4
7612,2,2
7613,4,3
7614,1,2
7615,4,2
7616,2,7
7617,5,8
7618,4,3
7619,3,2
7620,4,9
7621,2,7
7622,5,1
7623,2,9
7624,4,2
7625,4,3
7626,1,3
7627,2,9
7628,4,2
7629,7,0
7630,5,1
7631,0,1
7632,2,1
7633,3,2
7634,4,3
7635,3,3
7636,4,8
7637,5,4
7638,3,8
7639,0,5
7640,4,5
7641,0,6
7642,2,8
7643,2,7
7644,2,7
7645,6,8
7646,9,2
7647,6,9
7648,8,0
7649,7,0
7650,2,1
7651,0,1
7652,5,4
7653,3,2
7654,3,2
7655,3,3
7656,9,1
7657,5,4
7658,4,1
7659,3,5
7660,4,3
7661,0,6
7662,0,6
7663,2,7
7664,8,0
7665,3,8
7666,4,3
7667,2,9
7668,5,1
7669,7,0
7670,4,5
7671,3,1
7672,4,3
7673,9,2
7674,3,8
7675,3,3
7676,5,9
7677,5,4
7678,4,3
7679,2,7
7680,2,9
7681,3,8
7682,4,8
7683,2,9
7684,9,6
7685,7,0
7686,2,7
7687,7,0
7688,9,2
7689,3,1
7690,2,9
7691,7,0
7692,4,3
7693,3,1
7694,2,7
7695,3,2
7696,2,1
7697,2,7
7698,4,3
7699,0,5
7700,9,6
7701,3,3
7702,5,9
7703,5,4
7704,6,8
7705,5,4
7706,3,2
7707,7,0
7708,7,0
7709,7,0
7710,8,0
7711,0,6
7712,4,8
7713,2,9
7714,5,9
7715,0,6
7716,2,1
7717,0,6
7718,0,6
7719,3,2
7720,9,1
7721,3,3
7722,5,4
7723,5,4
7724,9,6
7725,5,4
7726,5,4
7727,2,9
7728,8,0
7729,3,1
7730,2,7
7731,2,7
7732,1,2
7733,2,9
7734,5,4
7735,0,5
7736,4,2
7737,2,7
7738,3,5
7739,0,5
7740,4,5
7741,0,6
7742,2,9
7743,3,2
7744,9,6
7745,3,3
7746,9,1
7747,3,1
7748,5,1
7749,5,4
7750,6,8
7751,5,4
7752,2,1
7753,7,0
7754,2,7
7755,2,9
7756,2,9
7757,2,9
7758,5,2
7759,0,6
7760,5,2
7761,3,1
7762,4,3
7763,3,8
7764,5,1
7765,3,3
7766,3,3
7767,3,3
7768,9,8
7769,2,7
7770,2,7
7771,3,3
7772,1,2
7773,2,9
7774,5,9
7775,3,8
7776,3,2
7777,3,8
7778,3,3
7779,5,4
7780,3,2
7781,2,7
7782,3,2
7783,2,7
7784,4,3
7785,0,6
7786,8,0
7787,7,2
7788,5,1
7789,3,1
7790,1,2
7791,2,9
7792,3,2
7793,3,8
7794,3,3
7795,6,7
7796,1,2
7797,6,8
7798,2,9
7799,6,8
7800,4,3
7801,3,2
7802,4,5
7803,3,3
7804,5,4
7805,2,9
7806,5,1
7807,7,0
7808,2,7
7809,2,7
7810,4,8
7811,2,9
7812,2,9
7813,7,0
7814,3,8
7815,0,6
7816,8,0
7817,0,4
7818,3,2
7819,3,1
7820,4,5
7821,3,1
7822,2,9
7823,3,2
7824,3,8
7825,3,8
7826,5,4
7827,3,2
7828,5,1
7829,0,6
7830,7,0
7831,3,1
7832,2,3
7833,3,5
7834,5,1
7835,8,0
7836,5,8
7837,5,1
7838,5,1
7839,9,2
7840,4,5
7841,3,3
7842,1,5
7843,5,4
7844,5,8
7845,4,5
7846,7,0
7847,0,6
7848,4,5
7849,2,7
7850,5,1
7851,8,8
7852,2,7
7853,5,9
7854,5,4
7855,8,0
7856,4,8
7857,1,1
7858,8,0
7859,3,2
7860,9,1
7861,3,3
7862,4,3
7863,5,4
7864,5,4
7865,9,5
7866,2,7
7867,9,6
7868,9,6
7869,2,7
7870,9,2
7871,6,8
7872,5,8
7873,2,9
7874,8,0
7875,7,0
7876,5,1
7877,1,1
7878,3,3
7879,9,2
7880,0,6
7881,3,3
7882,8,0
7883,5,4
7884,4,5
7885,4,5
7886,4,9
7887,9,6
7888,4,5
7889,2,7
7890,2,9
7891,6,8
7892,8,0
7893,2,9
7894,8,0
7895,9,2
7896,5,1
7897,3,2
7898,4,1
7899,2,7
7900,4,5
7901,9,6
7902,4,5
7903,5,4
7904,8,9
7905,7,0
7906,2,7
7907,4,5
7908,4,8
7909,5,8
7910,5,1
7911,7,0
7912,5,1
7913,2,7
7914,5,4
7915,4,3
7916,1,2
7917,0,5
7918,3,8
7919,5,4
7920,3,2
7921,1,1
7922,5,9
7923,6,8
7924,4,8
7925,7,0
7926,0,6
7927,4,5
7928,4,8
7929,3,2
7930,8,0
7931,2,7
7932,8,0
7933,9,2
7934,7,0
7935,1,3
7936,2,9
7937,9,6
7938,9,1
7939,3,2
7940,2,9
7941,2,1
7942,9,2
7943,2,7
7944,8,0
7945,2,7
7946,2,9
7947,2,9
7948,8,0
7949,2,9
7950,2,7
7951,1,1
7952,5,9
7953,1,2
7954,7,0
7955,5,4
7956,5,8
7957,9,6
7958,5,4
7959,2,7
7960,1,2
7961,2,7
7962,9,5
7963,0,5
7964,4,5
7965,5,4
7966,4,3
7967,3,5
7968,9,6
7969,7,0
7970,0,6
7971,1,1
7972,0,6
7973,5,1
7974,5,4
7975,2,9
7976,4,3
7977,2,9
7978,7,0
7979,6,8
7980,4,3
7981,8,0
7982,4,3
7983,9,2
7984,5,4
7985,7,0
7986,3,2
7987,1,3
7988,4,5
7989,4,5
7990,9,6
7991,9,6
7992,2,7
7993,1,1
7994,2,7
7995,9,8
7996,5,1
7997,9,6
7998,4,5
7999,5,4
8000,7,0
8001,9,6
8002,9,2
8003,8,0
8004,9,6
8005,2,9
8006,5,4
8007,3,2
8008,5,8
8009,0,6
8010,4,5
8011,5,4
8012,2,3
8013,3,3
8014,4,3
8015,2,9
8016,7,0
8017,1,3
8018,4,3
8019,7,0
8020,2,7
8021,0,0
8022,4,5
8023,0,5
8024,7,2
8025,9,2
8026,5,4
8027,4,5
8028,8,0
8029,6,8
8030,5,9
8031,6,8
8032,2,1
8033,6,8
8034,9,6
8035,2,9
8036,5,9
8037,5,4
8038,2,7
8039,3,3
8040,5,1
8041,5,4
8042,9,6
8043,3,2
8044,2,7
8045,6,8
8046,8,0
8047,6,8
8048,4,3
8049,2,7
8050,8,0
8051,2,1
8052,4,3
8053,1,1
8054,4,3
8055,1,3
8056,4,5
8057,9,6
8058,3,2
8059,5,9
8060,5,9
8061,5,4
8062,4,5
8063,1,1
8064,9,6
8065,3,3
8066,5,9
8067,6,8
8068,2,7
8069,2,7
8070,2,1
8071,0,6
8072,9,6
8073,5,9
8074,9,6
8075,3,3
8076,9,6
8077,3,3
8078,3,2
8079,2,7
8080,9,1
8081,5,4
8082,3,2
8083,9,1
8084,2,7
8085,2,9
8086,5,4
8087,1,1
8088,7,0
8089,7,0
8090,2,7
8091,9,6
8092,5,1
8093,8,0
8094,4,3
8095,1,1
8096,7,0
8097,9,2
8098,8,0
8099,3,3
8100,9,6
8101,5,4
8102,9,2
8103,4,5
8104,2,5
8105,0,6
8106,2,1
8107,2,7
8108,8,0
8109,3,8
8110,8,0
8111,5,9
8112,1,1
8113,7,0
8114,5,7
8115,3,3
8116,8,0
8117,2,4
8118,3,8
8119,4,5
8120,2,3
8121,0,6
8122,3,3
8123,2,7
8124,5,1
8125,3,8
8126,4,5
8127,2,9
8128,4,5
8129,7,0
8130,2,7
8131,9,1
8132,4,8
8133,3,2
8134,8,0
8135,3,3
8136,3,8
8137,2,7
8138,2,7
8139,3,8
8140,9,6
8141,2,9
8142,2,7
8143,2,7
8144,2,7
8145,9,6
8146,9,6
8147,8,0
8148,4,8
8149,9,6
8150,0,6
8151,0,6
8152,2,2
8153,9,6
8154,1,2
8155,5,9
8156,5,1
8157,7,0
8158,8,0
8159,7,0
8160,5,1
8161,2,1
8162,5,1
8163,3,3
8164,1,3
8165,2,9
8166,2,1
8167,2,7
8168,5,7
8169,3,3
8170,2,7
8171,3,8
8172,7,0
8173,4,5
8174,5,4
8175,3,8
8176,2,1
8177,9,1
8178,4,5
8179,5,4
8180,5,1
8181,3,8
8182,2,7
8183,2,5
8184,4,3
8185,2,1
8186,2,7
8187,7,0
8188,3,3
8189,9,1
8190,9,5
8191,0,6
8192,4,3
8193,7,0
8194,2,1
8195,3,3
8196,5,7
8197,1,8
8198,2,7
8199,2,9
8200,8,3
8201,3,2
8202,2,2
8203,2,1
8204,9,2
8205,2,7
8206,9,6
8207,0,4
8208,5,4
8209,3,5
8210,8,8
8211,3,2
8212,1,2
8213,3,8
8214,5,7
8215,5,4
8216,5,9
8217,2,7
8218,1,1
8219,3,1
8220,2,9
8221,3,8
8222,5,1
8223,7,0
8224,9,6
8225,0,6
8226,1,2
8227,3,3
8228,2,3
8229,3,2
8230,4,3
8231,2,9
8232,2,7
8233,7,0
8234,4,8
8235,0,4
8236,4,3
8237,2,7
8238,5,9
8239,5,4
8240,5,4
8241,3,3
8242,4,8
8243,5,4
8244,5,9
8245,4,5
8246,4,3
8247,7,0
8248,2,7
8249,7,0
8250,7,0
8251,3,2
8252,4,5
8253,7,0
8254,1,3
8255,2,1
8256,2,7
8257,0,2
8258,1,1
8259,4,3
8260,4,5
8261,5,4
8262,8,0
8263,0,5
8264,4,3
8265,0,6
8266,5,4
8267,2,7
8268,2,7
8269,6,8
8270,5,4
8271,2,9
8272,7,0
8273,3,0
8274,8,0
8275,3,1
8276,5,9
8277,3,2
8278,5,4
8279,3,3
8280,2,7
8281,2,4
8282,9,6
8283,2,7
8284,7,0
8285,6,8
8286,2,7
8287,2,9
8288,7,0
8289,7,0
8290,9,6
8291,3,1
8292,3,2
8293,3,2
8294,8,0
8295,3,3
8296,9,1
8297,6,7
8298,5,4
8299,3,8
8300,2,8
8301,6,9
8302,2,7
8303,5,8
8304,8,0
8305,0,6
8306,6,8
8307,0,5
8308,5,9
8309,7,0
8310,6,8
8311,0,6
8312,9,6
8313,6,8
8314,8,6
8315,2,9
8316,5,9
8317,5,4
8318,5,9
8319,9,1
8320,4,5
8321,2,9
8322,5,9
8323,7,0
8324,4,8
8325,0,4
8326,9,6
8327,6,8
8328,9,6
8329,2,9
8330,9,1
8331,3,1
8332,9,1
8333,5,4
8334,3,2
8335,8,0
8336,9,6
8337,9,5
8338,4,3
8339,0,5
8340,4,8
8341,5,4
8342,9,2
8343,3,0
8344,5,4
8345,2,7
8346,5,4
8347,0,6
8348,9,1
8349,0,0
8350,4,3
8351,3,1
8352,9,6
8353,2,7
8354,8,0
8355,3,0
8356,5,9
8357,0,6
8358,5,9
8359,6,8
8360,4,3
8361,2,7
8362,2,7
8363,6,9
8364,2,7
8365,6,8
8366,4,8
8367,0,6
8368,7,0
8369,7,0
8370,5,4
8371,4,8
8372,3,2
8373,9,1
8374,3,2
8375,2,7
8376,9,6
8377,2,7
8378,4,8
8379,1,1
8380,5,4
8381,3,3
8382,4,1
8383,0,1
8384,0,6
8385,0,0
8386,4,8
8387,8,0
8388,3,1
8389,2,7
8390,1,2
8391,1,8
8392,4,5
8393,2,9
8394,9,1
8395,3,3
8396,2,7
8397,3,8
8398,9,6
8399,5,4
8400,5,4
8401,2,7
8402,2,1
8403,3,2
8404,5,9
8405,3,3
8406,1,3
8407,0,6
8408,5,9
8409,2,9
8410,9,6
8411,3,2
8412,5,4
8413,3,2
8414,4,5
8415,5,4
8416,2,9
8417,0,6
8418,5,1
8419,0,5
8420,9,6
8421,4,5
8422,5,1
8423,5,1
8424,5,9
8425,3,3
8426,4,5
8427,3,3
8428,9,2
8429,2,7
8430,5,1
8431,3,8
8432,5,8
8433,3,2
8434,4,5
8435,3,5
8436,2,7
8437,2,7
8438,5,4
8439,2,9
8440,5,9
8441,3,8
8442,5,9
8443,5,2
8444,2,7
8445,3,1
8446,9,2
8447,3,3
8448,5,9
8449,0,0
8450,1,3
8451,5,1
8452,5,1
8453,9,2
8454,9,6
8455,1,3
8456,5,1
8457,5,4
8458,5,4
8459,3,5
8460,7,2
8461,0,6
8462,9,6
8463,2,7
8464,5,1
8465,9,8
8466,5,4
8467,2,9
8468,5,9
8469,7,0
8470,1,2
8471,1,1
8472,7,0
8473,3,2
8474,7,2
8475,1,3
8476,2,7
8477,5,4
8478,9,6
8479,4,5
8480,3,2
8481,9,6
8482,3,8
8483,2,7
8484,5,9
8485,4,8
8486,5,1
8487,2,9
8488,0,6
8489,3,0
8490,3,2
8491,9,1
8492,2,9
8493,3,2
8494,4,3
8495,5,4
8496,6,8
8497,9,6
8498,4,3
8499,2,7
8500,9,6
8501,4,8
8502,2,7
8503,2,9
8504,4,5
8505,1,3
8506,5,1
8507,2,8
8508,5,4
8509,3,0
8510,2,9
8511,2,7
8512,1,1
8513,1,1
8514,2,9
8515,7,0
8516,2,7
8517,2,7
8518,5,9
8519,0,5
8520,3,8
8521,0,5
8522,4,8
8523,9,6
8524,4,3
8525,2,9
8526,9,6
8527,8,0
8528,4,3
8529,1,1
8530,9,1
8531,8,0
8532,0,6
8533,7,0
8534,5,4
8535,9,8
8536,4,8
8537,4,3
8538,5,1
8539,5,4
8540,8,0
8541,1,3
8542,9,1
8543,2,1
8544,4,3
8545,7,0
8546,9,6
8547,2,9
8548,4,5
8549,0,5
8550,5,1
8551,3,3
8552,9,2
8553,5,4
8554,4,3
8555,2,9
8556,2,7
8557,1,3
8558,2,9
8559,2,7
8560,5,4
8561,9,6
8562,2,7
8563,2,9
8564,1,2
8565,3,2
8566,2,7
8567,5,4
8568,4,3
8569,0,5
8570,5,4
8571,2,7
8572,2,7
8573,3,2
8574,2,1
8575,1,1
8576,2,7
8577,9,6
8578,5,1
8579,5,4
8580,5,4
8581,2,9
8582,1,2
8583,5,4
8584,4,8
8585,2,9
8586,8,9
8587,5,4
8588,5,1
8589,1,1
8590,9,6
8591,3,2
8592,2,9
8593,3,2
8594,2,7
8595,1,1
8596,2,7
8597,4,3
8598,1,2
8599,1,2
8600,5,4
8601,2,9
8602,2,1
8603,5,4
8604,2,7
8605,3,3
8606,4,3
8607,4,8
8608,2,9
8609,3,2
8610,5,1
8611,1,2
8612,8,0
8613,1,2
8614,4,2
8615,1,1
8616,2,7
8617,1,2
8618,5,8
8619,9,8
8620,5,9
8621,9,6
8622,5,4
8623,4,5
8624,4,5
8625,1,1
8626,5,9
8627,0,6
8628,0,6
8629,2,7
8630,2,9
8631,9,2
8632,1,2
8633,5,1
8634,5,4
8635,4,3
8636,9,6
8637,2,7
8638,8,6
8639,3,5
8640,4,2
8641,2,9
8642,4,5
8643,1,3
8644,5,4
8645,6,8
8646,4,5
8647,2,7
8648,2,1
8649,0,5
8650,5,4
8651,2,7
8652,9,1
8653,7,0
8654,5,9
8655,2,7
8656,4,5
8657,5,4
8658,9,6
8659,4,8
8660,5,1
8661,5,8
8662,4,8
8663,3,3
8664,2,1
8665,2,7
8666,3,8
8667,9,6
8668,4,5
8669,2,9
8670,1,2
8671,2,9
8672,4,3
8673,5,4
8674,8,9
8675,4,8
8676,4,5
8677,5,4
8678,5,1
8679,9,1
8680,9,8
8681,7,0
8682,7,0
8683,0,6
8684,3,3
8685,0,6
8686,4,8
8687,7,0
8688,9,6
8689,1,1
8690,1,8
8691,7,2
8692,9,6
8693,6,3
8694,6,8
8695,5,4
8696,5,4
8697,0,6
8698,5,7
8699,2,7
8700,1,3
8701,6,8
8702,5,9
8703,8,0
8704,5,1
8705,1,1
8706,5,4
8707,3,2
8708,4,3
8709,2,3
8710,4,3
8711,5,4
8712,4,5
8713,4,5
8714,7,9
8715,0,6
8716,4,3
8717,2,7
8718,2,7
8719,6,8
8720,9,6
8721,5,9
8722,4,8
8723,7,0
8724,8,0
8725,5,1
8726,9,6
8727,3,2
8728,4,5
8729,2,3
8730,1,8
8731,3,5
8732,4,8
8733,0,6
8734,4,5
8735,2,7
8736,4,9
8737,5,4
8738,2,1
8739,8,0
8740,3,2
8741,2,7
8742,9,2
8743,9,2
8744,4,5
8745,2,9
8746,6,8
8747,5,4
8748,4,5
8749,9,2
8750,5,9
8751,2,9
8752,3,2
8753,3,8
8754,7,0
8755,5,4
8756,4,3
8757,3,5
8758,2,7
8759,3,8
8760,2,1
8761,0,8
8762,4,3
8763,7,0
8764,5,8
8765,3,3
8766,4,5
8767,0,5
8768,5,4
8769,5,4
8770,9,6
8771,3,3
8772,2,1
8773,3,3
8774,9,6
8775,5,4
8776,2,9
8777,0,6
8778,2,1
8779,0,5
8780,4,8
8781,5,1
8782,6,8
8783,2,7
8784,3,2
8785,0,8
8786,4,3
8787,5,4
8788,8,0
8789,3,5
8790,2,3
8791,2,7
8792,0,6
8793,0,2
8794,1,3
8795,3,3
8796,5,4
8797,0,6
8798,2,7
8799,0,6
8800,4,3
8801,2,7
8802,2,9
8803,2,7
8804,2,7
8805,2,7
8806,2,1
8807,9,6
8808,4,3
8809,7,0
8810,9,2
8811,5,1
8812,7,0
8813,8,0
8814,9,6
8815,5,1
8816,4,3
8817,0,6
8818,1,3
8819,4,5
8820,9,6
8821,3,3
8822,0,6
8823,1,1
8824,4,3
8825,5,4
8826,8,6
8827,2,7
8828,2,7
8829,0,6
8830,4,3
8831,3,2
8832,5,4
8833,9,2
8834,9,2
8835,0,5
8836,2,1
8837,2,9
8838,7,0
8839,5,1
8840,5,4
8841,0,2
8842,5,4
8843,9,2
8844,9,2
8845,2,7
8846,0,6
8847,2,9
8848,9,6
8849,2,7
8850,9,6
8851,2,9
8852,4,2
8853,2,2
8854,2,4
8855,7,0
8856,4,5
8857,5,4
8858,3,2
8859,3,8
8860,0,6
8861,2,7
8862,9,6
8863,8,0
8864,9,2
8865,3,3
8866,2,7
8867,3,8
8868,0,6
8869,5,4
8870,9,6
8871,0,6
8872,5,4
8873,5,1
8874,5,4
8875,5,4
8876,4,5
8877,8,0
8878,1,2
8879,2,3
8880,4,3
8881,0,6
8882,4,3
8883,0,2
8884,4,3
8885,8,0
8886,3,2
8887,2,4
8888,4,3
8889,6,8
8890,5,4
8891,3,1
8892,4,8
8893,3,3
8894,7,0
8895,3,1
8896,0,0
8897,8,0
8898,4,6
8899,2,9
8900,4,5
8901,7,0
8902,5,9
8903,5,1
8904,3,1
8905,9,2
8906,5,4
8907,4,3
8908,0,6
8909,4,5
8910,2,7
8911,9,6
8912,7,0
8913,2,7
8914,5,4
8915,5,8
8916,2,1
8917,7,0
8918,5,8
8919,5,1
8920,2,8
8921,3,2
8922,4,2
8923,4,3
8924,9,2
8925,5,4
8926,8,0
8927,4,5
8928,6,8
8929,9,6
8930,5,4
8931,2,7
8932,7,0
8933,5,8
8934,5,1
8935,7,0
8936,4,3
8937,9,1
8938,4,5
8939,1,2
8940,4,6
8941,4,3
8942,9,6
8943,5,4
8944,5,4
8945,4,5
8946,4,3
8947,9,6
8948,4,3
8949,2,7
8950,5,4
8951,5,8
8952,1,2
8953,2,9
8954,8,7
8955,5,8
8956,5,4
8957,1,3
8958,4,3
8959,2,7
8960,9,2
8961,7,0
8962,5,4
8963,5,1
8964,5,4
8965,2,7
8966,2,2
8967,3,3
8968,5,9
8969,7,0
8970,9,1
8971,2,9
8972,1,2
8973,5,4
8974,9,6
8975,4,5
8976,4,3
8977,3,2
8978,7,2
8979,7,0
8980,2,7
8981,9,6
8982,8,0
8983,1,2
8984,5,1
8985,5,1
8986,4,5
8987,5,1
8988,4,5
8989,2,1
8990,2,7
8991,2,7
8992,2,1
8993,3,2
8994,9,6
8995,5,4
8996,5,4
8997,3,2
8998,2,9
8999,5,9
9000,9,6
9001,2,7
9002,2,9
9003,8,0
9004,4,3
9005,7,0
9006,4,3
9007,2,7
9008,3,8
9009,4,5
9010,0,6
9011,5,1
9012,5,1
9013,9,1
9014,4,8
9015,9,6
9016,9,6
9017,5,1
9018,8,0
9019,5,8
9020,4,8
9021,3,2
9022,2,7
9023,2,7
9024,9,6
9025,5,4
9026,5,4
9027,7,0
9028,4,5
9029,5,4
9030,5,4
9031,9,2
9032,8,0
9033,4,5
9034,8,0
9035,7,0
9036,3,2
9037,4,3
9038,8,0
9039,9,1
9040,5,4
9041,2,9
9042,9,6
9043,0,1
9044,4,5
9045,2,1
9046,5,4
9047,7,0
9048,8,0
9049,9,6
9050,5,8
9051,2,9
9052,2,7
9053,4,3
9054,1,2
9055,7,0
9056,7,0
9057,3,8
9058,9,6
9059,4,3
9060,2,7
9061,2,9
9062,4,5
9063,0,6
9064,4,5
9065,4,3
9066,5,9
9067,8,0
9068,9,6
9069,5,1
9070,5,9
9071,5,4
9072,1,1
9073,4,5
9074,4,3
9075,9,6
9076,4,8
9077,2,7
9078,4,3
9079,5,8
9080,4,3
9081,5,9
9082,2,7
9083,8,0
9084,4,5
9085,2,1
9086,2,7
9087,3,2
9088,4,8
9089,4,3
9090,9,6
9091,5,4
9092,3,2
9093,4,5
9094,9,6
9095,9,6
9096,4,5
9097,2,7
9098,3,2
9099,5,8
9100,5,4
9101,7,0
9102,2,7
9103,1,1
9104,9,2
9105,9,2
9106,2,1
9107,4,3
9108,5,4
9109,5,4
9110,9,1
9111,4,5
9112,5,8
9113,9,6
9114,5,9
9115,2,7
9116,5,4
9117,6,8
9118,9,9
9119,2,9
9120,9,6
9121,2,1
9122,2,9
9123,9,6
9124,4,5
9125,6,8
9126,9,6
9127,2,9
9128,5,9
9129,5,9
9130,9,1
9131,7,0
9132,2,9
9133,2,1
9134,4,8
9135,3,2
9136,2,1
9137,5,4
9138,4,5
9139,5,4
9140,4,3
9141,4,3
9142,7,0
9143,2,7
9144,9,6
9145,5,4
9146,4,3
9147,0,4
9148,8,4
9149,5,4
9150,5,9
9151,7,0
9152,4,8
9153,3,3
9154,6,8
9155,2,8
9156,9,6
9157,2,7
9158,8,0
9159,4,5
9160,4,5
9161,5,1
9162,2,7
9163,4,5
9164,4,8
9165,6,8
9166,7,0
9167,5,9
9168,3,3
9169,3,2
9170,4,5
9171,4,5
9172,5,4
9173,5,1
9174,0,6
9175,2,1
9176,5,9
9177,9,6
9178,4,8
9179,3,2
9180,3,3
9181,5,1
9182,4,3
9183,4,3
9184,4,3
9185,2,8
9186,9,2
9187,9,6
9188,2,7
9189,5,4
9190,5,4
9191,5,9
9192,3,3
9193,7,2
9194,8,0
9195,8,0
9196,8,0
9197,3,0
9198,2,7
9199,2,1
9200,2,7
9201,9,6
9202,9,6
9203,3,2
9204,8,0
9205,4,5
9206,9,6
9207,4,5
9208,8,8
9209,8,0
9210,9,6
9211,9,2
9212,1,2
9213,4,8
9214,2,7
9215,8,0
9216,5,4
9217,9,6
9218,1,2
9219,4,8
9220,2,8
9221,5,1
9222,8,0
9223,2,7
9224,2,7
9225,5,9
9226,4,3
9227,2,1
9228,4,5
9229,5,9
9230,1,3
9231,3,2
9232,4,5
9233,9,6
9234,4,8
9235,2,7
9236,4,5
9237,9,6
9238,2,9
9239,9,6
9240,5,1
9241,4,8
9242,3,2
9243,2,7
9244,9,6
9245,5,4
9246,3,2
9247,5,9
9248,6,2
9249,3,2
9250,4,8
9251,2,1
9252,3,2
9253,4,3
9254,9,6
9255,4,3
9256,5,1
9257,7,0
9258,3,2
9259,4,5
9260,5,1
9261,4,5
9262,9,6
9263,2,7
9264,5,1
9265,5,9
9266,2,2
9267,2,7
9268,4,3
9269,8,0
9270,2,7
9271,3,2
9272,4,3
9273,2,7
9274,2,7
9275,5,9
9276,2,7
9277,9,1
9278,1,3
9279,3,3
9280,9,6
9281,9,6
9282,5,4
9283,2,7
9284,3,2
9285,4,8
9286,2,7
9287,8,0
9288,5,1
9289,4,3
9290,0,9
9291,4,5
9292,9,1
9293,3,3
9294,2,3
9295,9,6
9296,7,0
9297,7,0
9298,5,1
9299,1,1
9300,4,3
9301,7,2
9302,3,3
9303,4,3
9304,2,9
9305,0,6
9306,5,9
9307,2,7
9308,5,9
9309,6,8
9310,7,0
9311,2,9
9312,2,1
9313,0,0
9314,4,8
9315,1,1
9316,9,6
9317,7,2
9318,3,2
9319,4,3
9320,4,5
9321,5,4
9322,8,0
9323,4,5
9324,4,3
9325,0,6
9326,4,5
9327,2,7
9328,4,5
9329,3,0
9330,4,5
9331,5,1
9332,9,1
9333,3,2
9334,5,8
9335,4,3
9336,4,5
9337,5,4
9338,9,6
9339,4,5
9340,3,5
9341,0,6
9342,7,0
9343,2,7
9344,4,5
9345,6,8
9346,5,9
9347,2,9
9348,5,4
9349,4,8
9350,9,1
9351,2,7
9352,4,5
9353,5,4
9354,2,1
9355,4,3
9356,2,7
9357,2,9
9358,4,8
9359,4,8
9360,3,2
9361,6,8
9362,5,4
9363,4,3
9364,4,8
9365,1,1
9366,4,5
9367,9,5
9368,4,5
9369,4,8
9370,5,4
9371,3,2
9372,4,9
9373,2,7
9374,1,2
9375,5,4
9376,2,5
9377,7,2
9378,5,1
9379,9,6
9380,4,3
9381,4,5
9382,2,7
9383,3,2
9384,5,5
9385,5,4
9386,4,3
9387,4,5
9388,5,4
9389,0,6
9390,8,9
9391,5,4
9392,5,4
9393,5,1
9394,5,9
9395,2,7
9396,3,2
9397,4,5
9398,1,2
9399,5,1
9400,4,3
9401,3,3
9402,8,0
9403,4,3
9404,5,1
9405,0,6
9406,8,0
9407,2,9
9408,4,8
9409,0,6
9410,5,4
9411,3,3
9412,3,3
9413,3,3
9414,4,5
9415,2,1
9416,2,7
9417,0,6
9418,4,3
9419,3,5
9420,4,3
9421,0,6
9422,8,0
9423,2,1
9424,4,3
9425,2,9
9426,2,7
9427,3,3
9428,7,9
9429,2,7
9430,2,1
9431,5,4
9432,2,7
9433,5,7
9434,2,7
9435,0,0
9436,2,4
9437,2,9
9438,9,6
9439,7,0
9440,7,0
9441,7,0
9442,5,4
9443,3,3
9444,2,7
9445,2,7
9446,9,6
9447,2,9
9448,4,9
9449,9,2
9450,4,5
9451,7,0
9452,8,0
9453,1,1
9454,2,7
9455,0,0
9456,7,0
9457,5,1
9458,7,0
9459,8,0
9460,0,6
9461,5,4
9462,4,5
9463,0,0
9464,4,5
9465,5,4
9466,4,3
9467,2,7
9468,9,6
9469,2,9
9470,2,7
9471,3,2
9472,5,2
9473,7,0
9474,2,1
9475,0,6
9476,8,0
9477,3,2
9478,7,0
9479,3,2
9480,5,1
9481,2,9
9482,1,3
9483,2,9
9484,3,2
9485,8,0
9486,9,6
9487,5,1
9488,3,2
9489,3,2
9490,8,8
9491,4,3
9492,5,1
9493,5,4
9494,2,7
9495,4,5
9496,5,4
9497,9,6
9498,2,7
9499,2,7
9500,9,6
9501,5,8
9502,2,7
9503,2,9
9504,2,9
9505,8,0
9506,8,0
9507,5,1
9508,3,2
9509,3,2
9510,2,7
9511,1,3
9512,9,6
9513,5,4
9514,4,5
9515,4,5
9516,4,3
9517,9,6
9518,3,2
9519,2,7
9520,4,3
9521,6,8
9522,2,7
9523,8,0
9524,7,0
9525,5,1
9526,0,6
9527,3,2
9528,4,8
9529,1,3
9530,7,0
9531,4,5
9532,5,9
9533,9,6
9534,9,6
9535,2,7
9536,5,4
9537,6,8
9538,2,7
9539,4,5
9540,5,1
9541,5,4
9542,4,2
9543,5,8
9544,7,0
9545,2,7
9546,3,2
9547,5,4
9548,2,7
9549,2,7
9550,2,1
9551,2,7
9552,8,0
9553,4,3
9554,6,8
9555,2,9
9556,9,6
9557,5,8
9558,5,4
9559,6,8
9560,2,7
9561,1,3
9562,5,1
9563,5,1
9564,4,8
9565,4,5
9566,5,4
9567,5,8
9568,9,5
9569,3,2
9570,2,1
9571,2,7
9572,1,2
9573,5,4
9574,9,6
9575,9,2
9576,9,6
9577,9,6
9578,4,5
9579,2,1
9580,0,6
9581,4,5
9582,2,7
9583,3,2
9584,5,1
9585,5,4
9586,5,4
9587,4,5
9588,5,7
9589,4,5
9590,2,1
9591,9,8
9592,4,3
9593,9,6
9594,5,8
9595,5,4
9596,0,6
9597,5,4
9598,2,7
9599,5,1
9600,1,2
9601,9,8
9602,2,3
9603,2,7
9604,3,2
9605,4,5
9606,2,7
9607,4,5
9608,9,8
9609,2,1
9610,4,3
9611,5,8
9612,4,3
9613,5,9
9614,2,9
9615,2,1
9616,9,1
9617,4,3
9618,2,1
9619,9,6
9620,4,3
9621,4,3
9622,9,1
9623,1,3
9624,4,3
9625,3,2
9626,5,4
9627,3,2
9628,2,1
9629,9,6
9630,5,9
9631,5,9
9632,5,4
9633,5,9
9634,5,4
9635,9,6
9636,1,3
9637,1,3
9638,4,3
9639,1,3
9640,6,8
9641,5,8
9642,5,9
9643,2,1
9644,2,7
9645,9,6
9646,4,5
9647,4,5
9648,4,3
9649,9,6
9650,4,8
9651,5,8
9652,4,5
9653,5,1
9654,5,9
9655,2,9
9656,2,7
9657,2,7
9658,3,2
9659,9,6
9660,2,7
9661,7,8
9662,9,6
9663,3,3
9664,4,3
9665,2,7
9666,7,0
9667,5,4
9668,3,2
9669,2,7
9670,4,3
9671,8,0
9672,9,2
9673,2,9
9674,5,1
9675,8,0
9676,2,7
9677,8,0
9678,2,1
9679,4,3
9680,4,3
9681,2,7
9682,3,2
9683,2,9
9684,4,5
9685,4,3
9686,8,8
9687,3,0
9688,8,0
9689,3,2
9690,4,5
9691,8,0
9692,9,6
9693,2,1
9694,4,8
9695,8,0
9696,4,3
9697,2,1
9698,7,0
9699,8,0
9700,9,6
9701,5,4
9702,9,6
9703,8,0
9704,5,4
9705,2,1
9706,4,3
9707,8,0
9708,5,9
9709,5,4
9710,8,0
9711,2,7
9712,3,2
9713,5,9
9714,5,4
9715,3,2
9716,2,7
9717,3,0
9718,5,4
9719,9,6
9720,8,0
9721,1,2
9722,1,2
9723,9,6
9724,2,7
9725,7,2
9726,4,8
9727,3,2
9728,5,9
9729,5,9
9730,3,3
9731,2,9
9732,4,8
9733,7,0
9734,9,1
9735,5,1
9736,1,2
9737,3,2
9738,4,5
9739,3,3
9740,2,7
9741,5,4
9742,8,0
9743,4,5
9744,8,0
9745,0,6
9746,5,4
9747,2,7
9748,9,2
9749,6,8
9750,7,0
9751,2,9
9752,5,9
9753,7,0
9754,2,9
9755,5,1
9756,4,2
9757,3,2
9758,5,9
9759,3,3
9760,9,6
9761,5,4
9762,5,8
9763,4,5
9764,3,8
9765,0,6
9766,3,3
9767,2,7
9768,2,7
9769,6,8
9770,4,5
9771,2,9
9772,1,2
9773,7,0
9774,5,7
9775,9,1
9776,1,2
9777,3,2
9778,4,3
9779,3,3
9780,3,2
9781,5,4
9782,4,8
9783,4,5
9784,2,9
9785,0,6
9786,4,3
9787,2,7
9788,1,7
9789,3,8
9790,8,0
9791,2,9
9792,4,8
9793,2,7
9794,4,8
9795,5,4
9796,5,1
9797,3,3
9798,9,6
9799,3,8
9800,4,5
9801,4,5
9802,0,6
9803,9,1
9804,5,1
9805,3,8
9806,8,0
9807,0,5
9808,9,6
9809,3,2
9810,8,9
9811,6,8
9812,3,3
9813,0,6
9814,4,5
9815,2,1
9816,0,6
9817,2,9
9818,9,6
9819,3,2
9820,7,0
9821,5,4
9822,7,0
9823,7,0
9824,4,5
9825,2,9
9826,7,2
9827,2,9
9828,9,6
9829,3,3
9830,9,2
9831,2,7
9832,3,8
9833,2,7
9834,7,0
9835,2,9
9836,9,2
9837,5,1
9838,2,9
9839,3,8
9840,7,0
9841,3,2
9842,5,1
9843,2,7
9844,4,8
9845,4,5
9846,5,9
9847,7,8
9848,4,3
9849,0,5
9850,9,2
9851,3,3
9852,3,8
9853,3,2
9854,2,7
9855,3,2
9856,2,1
9857,7,0
9858,4,5
9859,4,5
9860,9,6
9861,6,8
9862,9,2
9863,0,6
9864,4,3
9865,8,0
9866,4,8
9867,5,4
9868,4,3
9869,7,0
9870,2,9
9871,3,3
9872,0,6
9873,3,8
9874,8,0
9875,5,1
9876,8,9
9877,7,0
9878,2,7
9879,3,3
9880,5,4
9881,7,0
9882,2,7
9883,5,4
9884,5,1
9885,2,7
9886,2,7
9887,5,4
9888,2,7
9889,2,9
9890,8,0
9891,3,2
9892,9,6
9893,2,9
9894,9,2
9895,5,1
9896,5,9
9897,9,2
9898,4,5
9899,4,5
9900,4,8
9901,2,7
9902,2,1
9903,9,1
9904,4,3
9905,2,7
9906,2,1
9907,9,1
9908,2,7
9909,0,6
9910,2,1
9911,2,7
9912,3,2
9913,3,3
9914,8,0
9915,3,3
9916,3,3
9917,0,6
9918,6,8
9919,3,5
9920,5,4
9921,0,6
9922,7,0
9923,3,2
9924,9,8
9925,6,8
9926,9,6
9927,2,7
9928,9,6
9929,0,6
9930,2,1
9931,5,4
9932,4,3
9933,2,9
9934,7,0
9935,3,8
9936,4,8
9937,7,8
9938,2,9
9939,3,2
9940,2,4
9941,2,9
9942,5,1
9943,0,6
9944,3,8
9945,4,5
9946,9,6
9947,4,5
9948,5,8
9949,2,9
9950,5,9
9951,4,5
9952,4,8
9953,3,3
9954,2,7
9955,2,7
9956,4,8
9957,5,4
9958,4,5
9959,3,3
9960,9,1
9961,0,6
9962,3,2
9963,7,0
9964,3,2
9965,7,0
9966,7,0
9967,0,6
9968,5,9
9969,2,9
9970,5,8
9971,7,0
9972,9,2
9973,2,1
9974,3,3
9975,9,1
9976,5,4
9977,3,3
9978,8,0
9979,9,2
9980,5,4
9981,3,1
9982,5,8
9983,7,0
9984,5,4
9985,7,0
9986,8,0
9987,2,1
9988,2,7
9989,3,2
9990,2,7
9991,1,3
9992,2,7
9993,5,4
9994,8,0
9995,4,5
9996,4,8
9997,0,6
9998,5,9
9999,2,7
10000,4,3
10001,3,8
10002,2,7
10003,5,9
10004,2,9
10005,7,0
10006,9,1
10007,2,1
10008,4,5
10009,3,2
10010,7,0
10011,3,3
10012,4,8
10013,5,4
10014,2,7
10015,4,5
10016,3,2
10017,0,6
10018,5,4
10019,2,7
10020,2,1
10021,3,8
10022,8,0
10023,2,9
10024,4,2
10025,7,0
10026,7,0
10027,0,1
10028,8,9
10029,3,2
10030,4,5
10031,3,3
10032,9,6
10033,5,4
10034,1,3
10035,4,5
10036,0,6
10037,0,6
10038,8,9
10039,2,7
10040,9,1
10041,4,8
10042,3,3
10043,2,9
10044,4,6
10045,7,0
10046,2,7
10047,5,9
10048,2,1
10049,4,5
10050,2,7
10051,4,5
10052,4,3
10053,0,6
10054,4,8
10055,2,9
10056,4,5
10057,6,8
10058,5,1
10059,2,9
10060,5,4
10061,3,8
10062,4,5
10063,2,7
10064,9,8
10065,2,5
10066,3,8
10067,3,1
10068,5,1
10069,0,0
10070,2,9
10071,7,0
10072,3,2
10073,3,2
10074,3,3
10075,3,2
10076,9,6
10077,2,7
10078,9,2
10079,3,8
10080,8,0
10081,3,2
10082,3,2
10083,7,0
10084,3,2
10085,2,1
10086,2,7
10087,3,2
10088,5,9
10089,0,6
10090,3,2
10091,4,3
10092,4,5
10093,4,3
10094,5,9
10095,2,7
10096,2,7
10097,3,3
10098,2,1
10099,3,3
10100,9,2
10101,0,6
10102,5,9
10103,5,4
10104,5,4
10105,2,9
10106,1,2
10107,0,0
10108,0,6
10109,2,9
10110,5,1
10111,4,5
10112,5,9
10113,3,2
10114,5,4
10115,3,8
10116,2,3
10117,3,2
10118,5,1
10119,7,0
10120,8,0
10121,7,0
10122,9,2
10123,2,1
10124,6,8
10125,3,3
10126,4,8
10127,9,2
10128,8,0
10129,5,1
10130,3,2
10131,2,7
10132,2,9
10133,5,4
10134,1,1
10135,0,6
10136,5,1
10137,3,3
10138,3,2
10139,9,1
10140,8,0
10141,4,3
10142,5,9
10143,2,9
10144,4,3
10145,9,1
10146,3,5
10147,2,7
10148,2,7
10149,0,6
10150,5,4
10151,3,8
10152,5,1
10153,5,4
10154,2,7
10155,3,3
10156,2,1
10157,3,1
10158,3,2
10159,5,4
10160,2,7
10161,3,3
10162,4,5
10163,0,6
10164,9,6
10165,2,9
10166,5,9
10167,7,0
10168,8,0
10169,5,1
10170,2,7
10171,2,7
10172,5,4
10173,0,5
10174,0,6
10175,5,4
10176,8,0
10177,5,4
10178,2,7
10179,2,7
10180,2,1
10181,2,7
10182,4,5
10183,5,9
10184,5,9
10185,4,5
10186,2,9
10187,3,8
10188,8,0
10189,3,8
10190,9,6
10191,5,4
10192,4,5
10193,2,9
10194,3,2
10195,0,0
10196,5,4
10197,3,8
10198,2,9
10199,2,9
10200,9,2
10201,6,8
10202,2,7
10203,8,0
10204,7,0
10205,1,1
10206,4,3
10207,1,2
10208,2,9
10209,5,4
10210,4,3
10211,0,5
10212,5,4
10213,0,6
10214,3,3
10215,2,7
10216,5,4
10217,1,8
10218,9,6
10219,2,9
10220,5,1
10221,3,0
10222,5,8
10223,5,1
10224,9,6
10225,5,4
10226,4,5
10227,4,5
10228,2,2
10229,0,6
10230,8,0
10231,2,7
10232,2,9
10233,6,8
10234,9,6
10235,2,9
10236,5,4
10237,7,0
10238,4,3
10239,1,1
10240,8,0
10241,5,4
10242,8,0
10243,2,7
10244,4,5
10245,0,0
10246,9,6
10247,2,9
10248,4,1
10249,5,9
10250,4,8
10251,2,7
10252,5,4
10253,2,7
10254,8,0
10255,0,5
10256,3,2
10257,3,1
10258,4,5
10259,0,0
10260,4,3
10261,0,0
10262,5,4
10263,2,7
10264,3,2
10265,0,0
10266,2,1
10267,1,1
10268,5,1
10269,5,4
10270,9,6
10271,0,6
10272,8,0
10273,0,6
10274,4,8
10275,0,6
10276,8,0
10277,0,5
10278,4,3
10279,1,2
10280,4,5
10281,6,8
10282,3,3
10283,0,0
10284,5,9
10285,1,1
10286,4,5
10287,2,7
10288,4,5
10289,9,6
10290,5,1
10291,9,2
10292,2,9
10293,1,1
10294,9,6
10295,2,7
10296,2,7
10297,1,7
10298,0,6
10299,9,6
10300,3,2
10301,1,1
10302,2,7
10303,5,4
10304,0,6
10305,2,9
10306,5,9
10307,0,6
10308,1,2
10309,2,7
10310,5,4
10311,5,4
10312,3,2
10313,5,4
10314,4,3
10315,1,7
10316,4,5
10317,3,2
10318,2,1
10319,6,8
10320,5,4
10321,1,2
10322,3,3
10323,7,0
10324,2,7
10325,1,1
10326,8,0
10327,3,2
10328,4,3
10329,4,3
10330,4,3
10331,5,4
10332,9,6
10333,4,5
10334,7,0
10335,0,6
10336,5,9
10337,2,7
10338,5,4
10339,4,8
10340,7,0
10341,2,9
10342,5,1
10343,7,0
10344,9,6
10345,9,1
10346,2,1
10347,3,2
10348,8,0
10349,3,3
10350,5,4
10351,5,4
10352,7,0
10353,3,5
10354,9,2
10355,0,6
10356,9,6
10357,2,7
10358,4,8
10359,4,8
10360,4,3
10361,2,9
10362,5,1
10363,7,0
10364,5,1
10365,5,1
10366,8,0
10367,3,2
10368,3,2
10369,3,3
10370,4,5
10371,5,4
10372,7,0
10373,4,5
10374,2,9
10375,0,6
10376,2,1
10377,2,7
10378,5,1
10379,6,8
10380,8,0
10381,2,9
10382,5,9
10383,0,6
10384,7,0
10385,4,5
10386,4,5
10387,2,9
10388,2,7
10389,3,3
10390,4,3
10391,5,4
10392,2,7
10393,3,3
10394,2,7
10395,6,8
10396,5,4
10397,4,5
10398,5,8
10399,1,1
10400,4,5
10401,3,5
10402,4,3
10403,3,2
10404,5,1
10405,4,3
10406,1,2
10407,7,0
10408,2,7
10409,9,1
10410,2,9
10411,3,2
10412,4,5
10413,9,1
10414,2,9
10415,3,3
10416,5,1
10417,3,2
10418,0,6
10419,0,6
10420,2,1
10421,3,5
10422,3,8
10423,3,3
10424,4,3
10425,7,0
10426,6,8
10427,2,7
10428,5,9
10429,3,2
10430,4,3
10431,2,7
10432,0,5
10433,5,4
10434,4,5
10435,0,6
10436,4,2
10437,5,4
10438,4,9
10439,7,0
10440,9,6
10441,4,5
10442,9,6
10443,2,9
10444,5,8
10445,2,9
10446,4,8
10447,3,8
10448,9,1
10449,2,9
10450,4,3
10451,4,5
10452,9,6
10453,3,3
10454,4,3
10455,1,1
10456,8,0
10457,2,7
10458,5,1
10459,5,4
10460,5,4
10461,2,7
10462,5,4
10463,0,6
10464,3,2
10465,4,5
10466,4,3
10467,5,4
10468,1,1
10469,7,0
10470,1,3
10471,7,0
10472,3,2
10473,0,6
10474,2,7
10475,0,6
10476,3,2
10477,3,2
10478,5,9
10479,7,0
10480,5,9
10481,0,6
10482,4,8
10483,3,3
10484,9,6
10485,2,7
10486,4,8
10487,2,7
10488,8,0
10489,5,4
10490,4,8
10491,5,4
10492,4,5
10493,3,3
10494,5,4
10495,2,9
10496,2,7
10497,3,2
10498,0,5
10499,4,8
10500,5,1
10501,2,9
10502,1,2
10503,0,6
10504,5,4
10505,7,0
10506,4,5
10507,2,9
10508,9,1
10509,3,5
10510,2,7
10511,3,3
10512,9,6
10513,3,8
10514,1,2
10515,6,8
10516,2,9
10517,2,7
10518,4,3
10519,1,1
10520,4,3
10521,5,4
10522,2,7
10523,7,0
10524,5,9
10525,5,4
10526,3,2
10527,3,3
10528,9,2
10529,2,9
10530,8,0
10531,7,0
10532,9,6
10533,2,7
10534,9,6
10535,3,2
10536,4,5
10537,5,1
10538,4,5
10539,2,9
10540,9,6
10541,5,1
10542,7,0
10543,4,5
10544,2,7
10545,1,1
10546,4,5
10547,2,7
10548,2,7
10549,5,4
10550,9,6
10551,4,8
10552,9,6
10553,0,6
10554,3,2
10555,2,1
10556,5,1
10557,0,6
10558,5,4
10559,4,8
10560,5,4
10561,7,8
10562,5,1
10563,7,0
10564,8,0
10565,5,1
10566,4,5
10567,3,2
10568,9,1
10569,3,3
10570,3,2
10571,5,4
10572,4,8
10573,2,7
10574,1,2
10575,6,8
10576,5,9
10577,2,9
10578,4,5
10579,7,0
10580,2,1
10581,5,1
10582,3,2
10583,3,2
10584,3,8
10585,3,3
10586,4,5
10587,5,4
10588,5,9
10589,0,5
10590,2,7
10591,0,6
10592,4,8
10593,2,7
10594,5,4
10595,6,8
10596,4,8
10597,2,9
10598,4,5
10599,7,0
10600,9,6
10601,2,1
10602,5,1
10603,3,2
10604,8,0
10605,3,3
10606,3,3
10607,5,4
10608,4,3
10609,2,7
10610,4,5
10611,5,8
10612,5,4
10613,2,9
10614,5,9
10615,9,1
10616,1,2
10617,0,6
10618,5,4
10619,5,8
10620,3,2
10621,2,9
10622,4,5
10623,2,9
10624,2,1
10625,7,0
10626,5,4
10627,3,1
10628,5,8
10629,3,2
10630,9,6
10631,5,4
10632,4,8
10633,5,4
10634,5,4
10635,3,3
10636,5,4
10637,2,7
10638,2,1
10639,2,4
10640,2,7
10641,5,4
10642,5,4
10643,5,4
10644,4,3
10645,7,0
10646,2,9
10647,3,3
10648,2,7
10649,6,8
10650,9,6
10651,2,7
10652,4,5
10653,4,5
10654,0,6
10655,2,8
10656,4,5
10657,3,2
10658,5,9
10659,2,1
10660,2,9
10661,3,5
10662,9,1
10663,4,8
10664,8,0
10665,3,5
10666,4,3
10667,5,1
10668,4,3
10669,5,1
10670,5,4
10671,0,6
10672,0,6
10673,3,2
10674,4,3
10675,3,1
10676,4,3
10677,3,3
10678,2,3
10679,5,4
10680,3,2
10681,2,9
10682,2,7
10683,5,4
10684,5,1
10685,2,9
10686,2,1
10687,3,2
10688,3,2
10689,7,0
10690,5,4
10691,7,0
10692,5,1
10693,5,4
10694,4,8
10695,5,4
10696,4,3
10697,0,6
10698,9,6
10699,3,2
10700,8,0
10701,3,5
10702,2,7
10703,0,5
10704,5,4
10705,7,0
10706,5,9
10707,9,2
10708,2,7
10709,0,6
10710,5,8
10711,6,8
10712,2,1
10713,5,1
10714,3,2
10715,2,7
10716,2,7
10717,2,9
10718,2,7
10719,5,1
10720,3,8
10721,2,9
10722,5,9
10723,3,2
10724,5,4
10725,9,6
10726,4,8
10727,2,7
10728,3,3
10729,0,6
10730,4,3
10731,0,6
10732,8,0
10733,2,8
10734,4,3
10735,2,7
10736,9,4
10737,5,4
10738,2,8
10739,3,2
10740,4,5
10741,9,1
10742,4,5
10743,4,3
10744,5,7
10745,3,3
10746,2,9
10747,7,0
10748,9,6
10749,0,5
10750,8,0
10751,4,5
10752,5,9
10753,6,8
10754,9,6
10755,7,0
10756,9,3
10757,3,3
10758,5,4
10759,2,7
10760,1,3
10761,2,9
10762,4,3
10763,2,7
10764,4,5
10765,4,3
10766,1,2
10767,0,6
10768,5,4
10769,2,7
10770,2,5
10771,3,8
10772,5,9
10773,7,0
10774,0,6
10775,3,3
10776,3,2
10777,0,5
10778,5,4
10779,3,3
10780,5,9
10781,8,0
10782,0,5
10783,9,1
10784,2,9
10785,1,2
10786,9,6
10787,1,3
10788,2,7
10789,5,4
10790,0,6
10791,0,5
10792,0,6
10793,0,6
10794,5,9
10795,2,7
10796,4,3
10797,6,8
10798,4,5
10799,2,9
10800,3,8
10801,8,0
10802,3,2
10803,1,1
10804,4,5
10805,3,2
10806,8,0
10807,1,3
10808,5,9
10809,5,4
10810,5,9
10811,0,5
10812,5,4
10813,0,6
10814,4,5
10815,2,7
10816,9,6
10817,6,8
10818,5,8
10819,2,9
10820,5,9
10821,8,0
10822,4,5
10823,1,1
10824,9,2
10825,1,2
10826,4,3
10827,1,3
10828,2,7
10829,5,4
10830,4,3
10831,0,5
10832,5,4
10833,0,6
10834,2,1
10835,2,7
10836,9,6
10837,1,8
10838,5,1
10839,2,9
10840,8,0
10841,2,7
10842,5,1
10843,9,6
10844,8,0
10845,5,4
10846,3,2
10847,3,3
10848,2,9
10849,8,0
10850,5,4
10851,0,6
10852,3,1
10853,0,6
10854,5,4
10855,0,6
10856,3,8
10857,2,9
10858,5,4
10859,7,0
10860,5,9
10861,8,0
10862,4,8
10863,2,1
10864,2,7
10865,1,3
10866,4,8
10867,2,9
10868,5,1
10869,5,4
10870,5,4
10871,0,5
10872,3,3
10873,2,7
10874,8,0
10875,2,9
10876,3,3
10877,4,5
10878,9,1
10879,0,6
10880,1,3
10881,2,8
10882,4,3
10883,2,9
10884,9,5
10885,5,1
10886,5,1
10887,4,3
10888,5,4
10889,3,8
10890,5,7
10891,4,5
10892,2,1
10893,2,7
10894,4,5
10895,6,8
10896,4,3
10897,1,1
10898,9,2
10899,5,4
10900,4,3
10901,6,8
10902,3,3
10903,4,5
10904,0,5
10905,6,8
10906,2,9
10907,9,1
10908,5,4
10909,7,0
10910,9,6
10911,2,7
10912,5,4
10913,0,6
10914,8,0
10915,5,1
10916,8,0
10917,0,6
10918,5,4
10919,7,0
10920,3,2
10921,1,3
10922,2,1
10923,5,4
10924,8,0
10925,0,6
10926,5,1
10927,1,8
10928,5,4
10929,2,9
10930,9,6
10931,3,2
10932,2,7
10933,9,1
10934,2,9
10935,2,7
10936,5,8
10937,5,4
10938,8,0
10939,4,5
10940,2,7
10941,3,2
10942,5,4
10943,4,5
10944,4,9
10945,3,2
10946,2,7
10947,9,1
10948,5,8
10949,3,2
10950,9,6
10951,2,9
10952,5,4
10953,3,3
10954,4,5
10955,2,9
10956,0,6
10957,1,2
10958,4,5
10959,3,2
10960,5,4
10961,0,5
10962,1,2
10963,3,8
10964,5,4
10965,2,7
10966,4,3
10967,5,4
10968,9,6
10969,2,7
10970,5,9
10971,9,1
10972,1,2
10973,6,8
10974,8,0
10975,7,0
10976,9,6
10977,2,9
10978,7,2
10979,0,6
10980,9,6
10981,3,8
10982,9,1
10983,5,1
10984,1,3
10985,9,1
10986,6,7
10987,0,5
10988,9,2
10989,2,7
10990,5,4
10991,0,6
10992,9,0
10993,1,3
10994,4,3
10995,3,5
10996,9,6
10997,5,4
10998,4,3
10999,3,2
11000,9,6
11001,2,9
11002,1,3
11003,7,0
11004,5,1
11005,5,4
11006,3,2
11007,2,7
11008,5,4
11009,2,4
11010,4,3
11011,3,3
11012,4,3
11013,1,2
11014,8,0
11015,2,9
11016,9,4
11017,3,2
11018,9,2
11019,7,0
11020,2,7
11021,4,3
11022,8,0
11023,5,4
11024,5,4
11025,3,5
11026,8,0
11027,8,0
11028,7,8
11029,7,0
11030,1,2
11031,3,3
11032,9,2
11033,3,2
11034,4,3
11035,1,8
11036,0,0
11037,1,3
11038,9,6
11039,4,3
11040,5,4
11041,0,0
11042,4,3
11043,2,1
11044,5,4
11045,7,0
11046,5,4
11047,9,1
11048,9,6
11049,2,7
11050,5,1
11051,5,1
11052,8,0
11053,3,3
11054,2,7
11055,4,5
11056,2,7
11057,2,1
11058,2,1
11059,2,7
11060,7,0
11061,9,1
11062,0,6
11063,3,8
11064,4,5
11065,9,6
11066,3,2
11067,3,8
11068,5,9
11069,5,1
11070,6,8
11071,8,0
11072,8,0
11073,5,4
11074,4,9
11075,3,3
11076,2,7
11077,7,0
11078,5,9
11079,1,1
11080,2,7
11081,9,2
11082,5,1
11083,4,3
11084,1,2
11085,2,7
11086,1,2
11087,7,8
11088,2,7
11089,2,9
11090,2,9
11091,7,0
11092,2,7
11093,5,1
11094,4,5
11095,3,2
11096,2,9
11097,4,3
11098,9,6
11099,2,7
11100,9,6
11101,7,8
11102,5,9
11103,2,9
11104,5,3
11105,7,0
11106,9,2
11107,2,1
11108,4,8
11109,3,2
11110,3,2
11111,4,3
11112,2,1
11113,5,4
11114,4,3
11115,9,5
11116,8,0
11117,9,6
11118,4,5
11119,2,7
11120,3,8
11121,7,8
11122,5,7
11123,2,9
11124,5,4
11125,2,7
11126,5,4
11127,5,4
11128,9,6
11129,7,0
11130,2,7
11131,2,4
11132,9,6
11133,7,0
11134,2,1
11135,2,1
11136,4,5
11137,2,7
11138,1,3
11139,2,9
11140,9,6
11141,4,5
11142,6,8
11143,9,1
11144,5,4
11145,5,4
11146,1,8
11147,3,2
11148,5,4
11149,3,8
11150,5,9
11151,2,9
11152,5,1
11153,5,4
11154,4,5
11155,3,3
11156,9,1
11157,5,1
11158,9,6
11159,2,7
11160,4,8
11161,3,8
11162,0,0
11163,9,2
11164,2,7
11165,5,4
11166,2,7
11167,2,4
11168,2,7
11169,4,3
11170,2,7
11171,4,3
11172,8,0
11173,9,6
11174,9,6
11175,2,9
11176,5,8
11177,2,9
11178,2,1
11179,4,5
11180,2,7
11181,7,8
11182,4,5
11183,9,6
11184,5,4
11185,2,7
11186,5,9
11187,7,0
11188,2,7
11189,9,6
11190,5,9
11191,7,8
11192,2,9
11193,7,2
11194,5,9
11195,9,6
11196,5,9
11197,4,3
11198,3,5
11199,2,9
11200,2,1
11201,4,3
11202,4,9
11203,3,2
11204,2,7
11205,9,1
11206,2,9
11207,2,7
11208,8,9
11209,5,4
11210,2,8
11211,7,8
11212,5,9
11213,7,8
11214,5,1
11215,2,9
11216,4,3
11217,7,0
11218,9,6
11219,4,3
11220,2,7
11221,4,3
11222,7,0
11223,2,9
11224,2,9
11225,2,9
11226,9,6
11227,2,4
11228,5,1
11229,5,1
11230,1,2
11231,7,0
11232,3,3
11233,4,3
11234,9,3
11235,2,7
11236,5,1
11237,4,5
11238,4,5
11239,8,8
11240,8,0
11241,7,8
11242,4,2
11243,7,2
11244,4,3
11245,2,9
11246,2,9
11247,2,7
11248,2,1
11249,2,1
11250,3,2
11251,3,2
11252,2,9
11253,9,6
11254,2,7
11255,5,4
11256,5,4
11257,6,2
11258,4,8
11259,3,3
11260,4,5
11261,9,6
11262,5,1
11263,9,6
11264,5,4
11265,4,5
11266,2,7
11267,7,0
11268,2,1
11269,8,0
11270,4,5
11271,3,2
11272,2,1
11273,8,8
11274,2,7
11275,5,1
11276,2,9
11277,0,6
11278,9,1
11279,3,1
11280,5,9
11281,7,0
11282,9,6
11283,2,4
11284,4,3
11285,4,3
11286,1,2
11287,9,1
11288,3,8
11289,9,6
11290,2,7
11291,5,1
11292,9,1
11293,2,9
11294,2,7
11295,7,0
11296,4,3
11297,2,1
11298,3,2
11299,1,2
11300,5,9
11301,1,3
11302,4,8
11303,5,4
11304,8,0
11305,4,5
11306,1,2
11307,0,6
11308,2,1
11309,2,7
11310,4,5
11311,2,8
11312,5,1
11313,2,9
11314,5,4
11315,7,0
11316,9,6
11317,5,1
11318,8,0
11319,3,2
11320,8,0
11321,4,3
11322,3,8
11323,5,4
11324,4,5
11325,4,5
11326,2,1
11327,9,6
11328,2,7
11329,2,7
11330,8,0
11331,5,8
11332,2,7
11333,2,9
11334,2,7
11335,7,0
11336,9,6
11337,5,1
11338,4,5
11339,9,2
11340,8,0
11341,4,3
11342,2,1
11343,5,4
11344,1,2
11345,4,5
11346,9,2
11347,0,6
11348,0,6
11349,2,7
11350,2,7
11351,6,8
11352,5,1
11353,5,9
11354,7,0
11355,3,8
11356,4,5
11357,9,6
11358,9,1
11359,4,5
11360,5,1
11361,8,0
11362,2,1
11363,9,6
11364,4,2
11365,6,8
11366,2,9
11367,5,9
11368,5,9
11369,5,4
11370,2,7
11371,9,1
11372,2,7
11373,2,9
11374,4,8
11375,4,5
11376,5,9
11377,3,3
11378,2,4
11379,7,0
11380,1,2
11381,5,4
11382,6,8
11383,6,8
11384,3,2
11385,2,9
11386,9,6
11387,2,1
11388,5,9
11389,5,4
11390,9,6
11391,1,0
11392,4,3
11393,4,5
11394,3,2
11395,1,1
11396,4,5
11397,4,5
11398,4,8
11399,2,7
11400,2,7
11401,0,6
11402,4,5
11403,7,0
11404,9,1
11405,5,1
11406,4,8
11407,2,7
11408,5,4
11409,7,0
11410,4,5
11411,0,6
11412,2,1
11413,6,8
11414,5,4
11415,2,9
11416,2,9
11417,4,5
11418,2,1
11419,5,4
11420,3,2
11421,2,7
11422,8,0
11423,2,9
11424,5,4
11425,6,8
11426,2,7
11427,9,6
11428,8,0
11429,7,0
11430,2,7
11431,3,8
11432,5,1
11433,9,1
11434,5,4
11435,2,7
11436,3,2
11437,2,7
11438,9,2
11439,1,1
11440,5,1
11441,1,3
11442,5,9
11443,3,2
11444,4,8
11445,1,1
11446,1,2
11447,5,4
11448,9,6
11449,3,2
11450,4,8
11451,7,0
11452,5,9
11453,7,0
11454,4,3
11455,2,7
11456,4,5
11457,3,8
11458,3,2
11459,5,4
11460,5,4
11461,0,6
11462,8,0
11463,5,4
11464,5,9
11465,2,9
11466,0,6
11467,3,3
11468,5,4
11469,6,8
11470,4,5
11471,5,4
11472,4,5
11473,2,7
11474,5,9
11475,3,2
11476,3,3
11477,4,5
11478,4,8
11479,0,6
11480,4,3
11481,3,3
11482,0,8
11483,0,6
11484,4,5
11485,2,9
11486,4,5
11487,9,6
11488,2,7
11489,4,3
11490,9,6
11491,3,2
11492,4,5
11493,3,2
11494,5,4
11495,5,4
11496,5,4
11497,0,6
11498,2,7
11499,2,9
11500,4,5
11501,7,0
11502,9,1
11503,3,2
11504,4,1
11505,4,5
11506,4,8
11507,4,5
11508,2,1
11509,9,1
11510,2,7
11511,3,3
11512,5,4
11513,4,3
11514,7,0
11515,2,9
11516,2,7
11517,2,7
11518,2,1
11519,3,2
11520,4,3
11521,3,2
11522,2,1
11523,0,5
11524,1,3
11525,2,7
11526,7,0
11527,2,9
11528,2,7
11529,6,8
11530,9,6
11531,0,2
11532,8,0
11533,5,1
11534,2,7
11535,4,3
11536,5,9
11537,2,1
11538,5,9
11539,1,3
11540,2,7
11541,7,0
11542,4,5
11543,2,1
11544,4,3
11545,1,3
11546,5,8
11547,5,4
11548,2,7
11549,4,5
11550,2,9
11551,9,6
11552,3,2
11553,2,7
11554,1,3
11555,6,8
11556,4,3
11557,2,9
11558,2,1
11559,7,0
11560,5,2
11561,9,1
11562,7,0
11563,3,2
11564,2,7
11565,3,3
11566,2,7
11567,5,4
11568,4,8
11569,0,5
11570,2,3
11571,0,6
11572,8,5
11573,2,7
11574,8,0
11575,6,8
11576,3,2
11577,7,0
11578,5,4
11579,5,1
11580,5,9
11581,3,2
11582,5,9
11583,1,3
11584,7,0
11585,5,4
11586,3,8
11587,0,5
11588,8,0
11589,0,6
11590,4,5
11591,2,7
11592,0,6
11593,2,9
11594,2,7
11595,2,7
11596,4,5
11597,8,0
11598,5,4
11599,4,5
11600,9,2
11601,3,2
11602,5,8
11603,2,9
11604,2,1
11605,7,0
11606,5,1
11607,3,1
11608,2,1
11609,0,5
11610,0,6
11611,3,8
11612,7,0
11613,3,8
11614,4,8
11615,7,0
11616,2,7
11617,2,9
11618,4,3
11619,3,3
11620,8,0
11621,9,2
11622,5,1
11623,2,7
11624,5,4
11625,6,8
11626,5,9
11627,9,4
11628,2,9
11629,5,4
11630,5,1
11631,4,5
11632,9,2
11633,2,9
11634,5,1
11635,0,6
11636,7,0
11637,2,1
11638,4,5
11639,7,0
11640,2,7
11641,5,4
11642,2,7
11643,0,5
11644,4,5
11645,1,3
11646,5,4
11647,5,9
11648,3,2
11649,5,4
11650,2,7
11651,1,3
11652,5,4
11653,5,4
11654,7,0
11655,3,2
11656,4,5
11657,0,0
11658,5,4
11659,4,5
11660,2,7
11661,8,0
11662,5,8
11663,5,1
11664,2,7
11665,1,3
11666,5,1
11667,1,2
11668,2,9
11669,5,9
11670,5,4
11671,9,1
11672,5,8
11673,0,6
11674,4,5
11675,0,0
11676,5,1
11677,9,1
11678,9,6
11679,9,1
11680,9,6
11681,3,8
11682,5,9
11683,7,0
11684,9,6
11685,5,4
11686,2,7
11687,2,7
11688,5,9
11689,1,7
11690,5,4
11691,0,6
11692,5,4
11693,3,3
11694,8,0
11695,4,5
11696,4,5
11697,9,6
11698,2,9
11699,0,6
11700,3,2
11701,0,0
11702,5,1
11703,2,7
11704,4,8
11705,1,3
11706,4,5
11707,4,5
11708,3,3
11709,5,4
11710,4,3
11711,9,2
11712,8,0
11713,5,4
11714,4,3
11715,5,1
11716,2,7
11717,3,8
11718,3,2
11719,1,3
11720,4,8
11721,3,5
11722,4,8
11723,9,6
11724,4,8
11725,4,5
11726,4,8
11727,1,2
11728,5,1
11729,7,0
11730,9,6
11731,0,6
11732,5,9
11733,2,7
11734,9,8
11735,9,1
11736,2,7
11737,9,2
11738,3,2
11739,4,5
11740,5,4
11741,6,8
11742,7,0
11743,2,1
11744,5,4
11745,2,9
11746,8,0
11747,3,3
11748,1,2
11749,3,8
11750,4,8
11751,6,8
11752,4,3
11753,2,8
11754,8,0
11755,4,3
11756,4,3
11757,2,7
11758,8,0
11759,0,6
11760,2,1
11761,3,8
11762,5,9
11763,2,7
11764,5,4
11765,0,1
11766,2,7
11767,2,4
11768,2,7
11769,0,6
11770,5,4
11771,2,7
11772,3,2
11773,5,9
11774,3,2
11775,2,9
11776,4,5
11777,1,3
11778,2,7
11779,0,0
11780,7,0
11781,1,3
11782,4,5
11783,5,4
11784,9,6
11785,0,5
11786,2,7
11787,0,6
11788,3,3
11789,2,7
11790,4,5
11791,8,0
11792,8,0
11793,2,1
11794,8,0
11795,9,2
11796,3,8
11797,1,3
11798,2,7
11799,5,4
11800,9,6
11801,4,5
11802,4,5
11803,0,6
11804,4,3
11805,2,7
11806,4,5
11807,7,0
11808,4,8
11809,9,1
11810,2,7
11811,3,2
11812,1,2
11813,3,3
11814,5,9
11815,5,4
11816,5,9
11817,4,5
11818,5,4
11819,0,6
11820,5,9
11821,2,7
11822,2,7
11823,6,8
11824,5,4
11825,2,9
11826,1,2
11827,2,8
11828,9,6
11829,2,7
11830,9,9
11831,2,7
11832,9,6
11833,7,0
11834,8,0
11835,5,1
11836,4,8
11837,3,3
11838,2,7
11839,0,5
11840,5,9
11841,9,2
11842,4,5
11843,2,8
11844,3,2
11845,0,0
11846,8,0
11847,5,9
11848,7,0
11849,0,6
11850,4,5
11851,0,0
11852,5,4
11853,2,9
11854,2,7
11855,2,1
11856,3,2
11857,3,1
11858,3,8
11859,1,8
11860,7,0
11861,5,4
11862,2,9
11863,3,3
11864,4,5
11865,9,2
11866,0,6
11867,9,1
11868,5,1
11869,9,2
11870,0,6
11871,9,6
11872,4,8
11873,0,5
11874,3,3
11875,0,6
11876,4,5
11877,2,7
11878,9,6
11879,5,4
11880,2,8
11881,4,8
11882,4,5
11883,9,1
11884,2,9
11885,2,8
11886,5,4
11887,0,0
11888,7,0
11889,0,5
11890,5,8
11891,5,9
11892,9,6
11893,5,4
11894,2,7
11895,5,1
11896,3,2
11897,2,9
11898,2,7
11899,9,2
11900,2,9
11901,5,1
11902,7,0
11903,5,9
11904,3,8
11905,0,6
11906,5,9
11907,2,7
11908,4,8
11909,5,9
11910,1,3
11911,0,0
11912,5,9
11913,5,4
11914,8,0
11915,0,6
11916,5,4
11917,2,1
11918,2,9
11919,2,7
11920,7,0
11921,1,3
11922,4,5
11923,4,8
11924,5,9
11925,2,9
11926,2,9
11927,0,6
11928,4,5
11929,3,3
11930,5,4
11931,2,9
11932,9,6
11933,7,0
11934,2,9
11935,4,5
11936,4,5
11937,2,7
11938,5,9
11939,9,1
11940,4,8
11941,9,6
11942,4,8
11943,3,1
11944,2,7
11945,7,0
11946,2,7
11947,2,9
11948,8,0
11949,1,3
11950,9,8
11951,4,3
11952,9,6
11953,5,4
11954,5,1
11955,5,4
11956,5,4
11957,8,0
11958,4,3
11959,0,6
11960,4,3
11961,1,2
11962,5,4
11963,0,5
11964,7,6
11965,5,4
11966,4,5
11967,5,4
11968,2,1
11969,0,0
11970,5,9
11971,9,2
11972,9,6
11973,7,0
11974,8,0
11975,3,1
11976,9,6
11977,3,2
11978,1,3
11979,1,3
11980,4,5
11981,5,4
11982,5,1
11983,0,5
11984,6,8
11985,0,6
11986,5,4
11987,2,7
11988,5,4
11989,6,8
11990,2,9
11991,2,9
11992,2,9
11993,7,0
11994,2,7
11995,1,1
11996,9,6
11997,6,2
11998,6,8
11999,1,3
12000,2,7
12001,5,4
12002,9,6
12003,0,5
12004,8,0
12005,0,6
12006,2,9
12007,2,7
12008,8,0
12009,6,8
12010,4,8
12011,7,0
12012,4,3
12013,1,1
12014,4,8
12015,3,2
12016,4,5
12017,1,3
12018,2,7
12019,5,4
12020,8,0
12021,0,5
12022,4,3
12023,0,6
12024,4,3
12025,2,7
12026,4,8
12027,6,8
12028,5,4
12029,2,9
12030,1,1
12031,2,7
12032,5,8
12033,5,4
12034,5,4
12035,1,3
12036,5,4
12037,4,8
12038,2,1
12039,4,5
12040,2,1
12041,3,1
12042,5,1
12043,1,8
12044,3,3
12045,3,8
12046,4,5
12047,0,6
12048,2,7
12049,1,1
12050,5,9
12051,2,9
12052,5,4
12053,9,2
12054,3,8
12055,5,4
12056,9,1
12057,7,0
12058,5,4
12059,5,9
12060,5,1
12061,2,9
12062,2,7
12063,1,3
12064,5,4
12065,1,7
12066,3,8
12067,2,7
12068,9,6
12069,2,9
12070,5,4
12071,1,1
12072,4,1
12073,6,8
12074,2,9
12075,5,4
12076,5,9
12077,5,4
12078,5,1
12079,9,2
12080,4,3
12081,2,7
12082,4,5
12083,0,5
12084,3,8
12085,6,8
12086,4,3
12087,0,5
12088,9,6
12089,3,3
12090,0,6
12091,3,2
12092,4,5
12093,3,2
12094,4,3
12095,7,0
12096,5,9
12097,0,5
12098,5,4
12099,6,8
12100,1,3
12101,9,6
12102,5,4
12103,7,0
12104,0,6
12105,5,4
12106,2,1
12107,7,0
12108,4,3
12109,1,3
12110,4,5
12111,3,8
12112,4,8
12113,9,1
12114,9,6
12115,7,0
12116,2,7
12117,3,3
12118,4,8
12119,0,0
12120,2,9
12121,5,4
12122,5,4
12123,2,7
12124,4,3
12125,5,4
12126,2,7
12127,6,9
12128,2,1
12129,3,2
12130,4,8
12131,2,9
12132,2,1
12133,9,1
12134,7,0
12135,9,2
12136,2,1
12137,3,5
12138,2,7
12139,2,7
12140,8,0
12141,1,1
12142,7,0
12143,2,7
12144,8,0
12145,5,1
12146,4,5
12147,0,6
12148,3,3
12149,2,7
12150,7,0
12151,3,3
12152,4,3
12153,1,3
12154,5,1
12155,0,6
12156,3,2
12157,3,5
12158,2,1
12159,0,6
12160,5,9
12161,7,2
12162,2,9
12163,2,8
12164,5,8
12165,2,7
12166,4,1
12167,0,6
12168,8,0
12169,5,4
12170,9,6
12171,2,9
12172,5,9
12173,4,8
12174,3,8
12175,2,9
12176,2,7
12177,0,6
12178,5,1
12179,2,9
12180,8,0
12181,3,5
12182,4,8
12183,3,3
12184,8,0
12185,2,7
12186,4,3
12187,5,4
12188,2,7
12189,3,3
12190,6,8
12191,9,6
12192,5,4
12193,0,0
12194,5,4
12195,7,0
12196,9,2
12197,5,4
12198,4,8
12199,0,6
12200,5,9
12201,0,6
12202,5,9
12203,2,9
12204,9,2
12205,7,0
12206,5,7
12207,9,1
12208,2,7
12209,3,1
12210,4,5
12211,3,3
12212,5,1
12213,3,2
12214,1,3
12215,3,1
12216,9,6
12217,7,0
12218,4,3
12219,0,0
12220,9,6
12221,1,1
12222,4,3
12223,2,2
12224,5,4
12225,1,3
12226,5,1
12227,5,4
12228,3,3
12229,0,5
12230,9,1
12231,0,6
12232,4,5
12233,2,7
12234,3,2
12235,6,8
12236,5,1
12237,2,9
12238,3,2
12239,7,0
12240,2,9
12241,9,1
12242,5,8
12243,1,2
12244,4,3
12245,3,3
12246,4,3
12247,5,4
12248,5,9
12249,4,5
12250,4,8
12251,0,6
12252,2,7
12253,6,7
12254,9,2
12255,1,8
12256,5,4
12257,6,9
12258,9,6
12259,7,0
12260,3,3
12261,1,1
12262,9,6
12263,3,2
12264,7,0
12265,1,3
12266,8,0
12267,0,4
12268,3,8
12269,0,5
12270,9,6
12271,0,6
12272,5,9
12273,3,7
12274,4,3
12275,6,8
12276,8,0
12277,6,9
12278,2,7
12279,5,4
12280,2,9
12281,7,2
12282,4,8
12283,0,6
12284,4,5
12285,0,4
12286,3,2
12287,2,7
12288,4,8
12289,3,5
12290,9,6
12291,5,4
12292,2,7
12293,2,7
12294,5,9
12295,6,8
12296,2,7
12297,6,9
12298,4,8
12299,3,2
12300,4,3
12301,6,9
12302,1,2
12303,3,3
12304,2,7
12305,6,9
12306,5,4
12307,3,3
12308,4,8
12309,6,8
12310,5,1
12311,3,2
12312,4,3
12313,7,0
12314,2,1
12315,2,9
12316,5,4
12317,7,8
12318,9,1
12319,0,6
12320,5,9
12321,0,0
12322,5,4
12323,9,1
12324,8,0
12325,7,0
12326,4,3
12327,5,4
12328,5,4
12329,3,3
12330,4,3
12331,3,5
12332,5,4
12333,3,3
12334,4,3
12335,6,8
12336,5,1
12337,3,0
12338,4,3
12339,0,0
12340,9,6
12341,4,5
12342,5,9
12343,6,4
12344,4,3
12345,3,3
12346,1,3
12347,0,5
12348,2,7
12349,3,3
12350,4,3
12351,0,0
12352,3,2
12353,6,8
12354,9,6
12355,3,3
12356,2,1
12357,7,0
12358,4,5
12359,0,6
12360,7,0
12361,1,2
12362,5,1
12363,2,7
12364,2,7
12365,3,1
12366,1,2
12367,3,1
12368,5,9
12369,6,8
12370,1,2
12371,9,1
12372,2,2
12373,2,7
12374,8,0
12375,2,1
12376,4,5
12377,3,3
12378,4,8
12379,6,8
12380,5,9
12381,3,5
12382,9,1
12383,3,1
12384,5,4
12385,3,2
12386,4,5
12387,7,0
12388,5,1
12389,6,9
12390,2,7
12391,2,7
12392,4,3
12393,0,6
12394,2,1
12395,6,7
12396,5,4
12397,0,4
12398,5,4
12399,3,1
12400,6,8
12401,0,6
12402,9,6
12403,2,7
12404,9,2
12405,3,5
12406,5,9
12407,3,1
12408,2,7
12409,7,2
12410,9,6
12411,0,6
12412,5,1
12413,2,7
12414,8,0
12415,3,1
12416,3,3
12417,2,9
12418,5,4
12419,6,8
12420,2,7
12421,0,0
12422,2,2
12423,0,6
12424,9,2
12425,6,9
12426,3,2
12427,5,4
12428,2,7
12429,2,9
12430,4,3
12431,2,9
12432,2,9
12433,0,6
12434,5,1
12435,1,2
12436,5,1
12437,3,3
12438,5,4
12439,2,7
12440,5,9
12441,3,1
12442,2,9
12443,6,9
12444,4,8
12445,3,2
12446,4,3
12447,3,2
12448,9,6
12449,0,5
12450,0,6
12451,3,3
12452,9,6
12453,2,7
12454,2,7
12455,3,8
12456,8,0
12457,7,0
12458,5,4
12459,2,1
12460,5,4
12461,3,2
12462,9,6
12463,4,3
12464,2,7
12465,5,4
12466,5,8
12467,4,5
12468,9,6
12469,0,6
12470,8,5
12471,2,7
12472,5,4
12473,3,8
12474,9,2
12475,2,9
12476,4,5
12477,7,0
12478,2,7
12479,5,1
12480,9,6
12481,3,2
12482,4,8
12483,3,3
12484,4,5
12485,5,4
12486,2,1
12487,4,5
12488,4,5
12489,0,6
12490,4,3
12491,2,7
12492,2,7
12493,3,8
12494,4,8
12495,2,9
12496,2,9
12497,0,0
12498,3,3
12499,9,1
12500,8,0
12501,3,2
12502,4,5
12503,4,3
12504,8,0
12505,5,4
12506,4,3
12507,4,5
12508,9,1
12509,0,6
12510,5,1
12511,2,7
12512,5,1
12513,3,8
12514,6,2
12515,2,9
12516,7,0
12517,3,2
12518,9,6
12519,4,5
12520,9,6
12521,2,1
12522,5,8
12523,9,6
12524,2,7
12525,5,4
12526,2,7
12527,3,3
12528,9,6
12529,2,9
12530,5,4
12531,2,9
12532,2,1
12533,7,0
12534,5,8
12535,2,9
12536,1,3
12537,2,7
12538,5,4
12539,0,1
12540,4,5
12541,0,6
12542,7,0
12543,5,4
12544,4,3
12545,3,3
12546,4,3
12547,0,6
12548,4,5
12549,3,2
12550,7,0
12551,6,2
12552,9,6
12553,7,0
12554,7,0
12555,0,0
12556,2,1
12557,6,8
12558,2,7
12559,3,2
12560,9,2
12561,4,5
12562,2,9
12563,2,9
12564,5,4
12565,6,8
12566,4,5
12567,0,6
12568,7,0
12569,0,5
12570,5,9
12571,2,7
12572,4,5
12573,7,0
12574,4,5
12575,7,0
12576,2,7
12577,5,4
12578,5,1
12579,2,7
12580,3,8
12581,5,4
12582,3,2
12583,4,3
12584,8,0
12585,6,2
12586,4,8
12587,3,2
12588,4,5
12589,5,4
12590,9,1
12591,0,1
12592,2,3
12593,3,3
12594,1,8
12595,5,4
12596,9,6
12597,2,7
12598,9,2
12599,2,7
12600,2,9
12601,2,7
12602,4,3
12603,3,2
12604,4,5
12605,7,0
12606,9,6
12607,2,9
12608,9,2
12609,6,8
12610,5,4
12611,4,5
12612,5,4
12613,0,6
12614,8,9
12615,5,4
12616,4,8
12617,4,3
12618,5,4
12619,6,8
12620,9,2
12621,3,2
12622,5,8
12623,3,8
12624,2,7
12625,3,3
12626,4,5
12627,6,8
12628,2,7
12629,2,9
12630,4,8
12631,4,5
12632,2,1
12633,3,8
12634,2,1
12635,7,0
12636,9,6
12637,4,5
12638,4,5
12639,5,4
12640,9,6
12641,2,7
12642,2,1
12643,3,1
12644,5,4
12645,4,3
12646,5,9
12647,5,1
12648,4,8
12649,2,7
12650,4,5
12651,3,9
12652,8,0
12653,7,0
12654,5,4
12655,2,9
12656,4,3
12657,9,1
12658,5,8
12659,2,7
12660,6,8
12661,3,3
12662,8,0
12663,3,8
12664,5,1
12665,7,0
12666,8,0
12667,3,3
12668,2,7
12669,2,9
12670,7,0
12671,5,1
12672,9,2
12673,0,6
12674,2,9
12675,5,4
12676,2,7
12677,4,3
12678,2,7
12679,6,2
12680,9,1
12681,5,1
12682,3,2
12683,3,8
12684,4,5
12685,0,6
12686,9,0
12687,5,4
12688,4,5
12689,4,5
12690,8,0
12691,7,0
12692,9,5
12693,2,1
12694,4,5
12695,4,5
12696,5,9
12697,0,5
12698,4,3
12699,0,6
12700,4,3
12701,0,5
12702,5,3
12703,7,0
12704,2,1
12705,9,1
12706,2,1
12707,3,2
12708,2,9
12709,3,3
12710,4,8
12711,5,4
12712,6,8
12713,4,5
12714,4,5
12715,9,6
12716,8,0
12717,2,7
12718,3,2
12719,5,8
12720,4,3
12721,5,9
12722,2,1
12723,7,0
12724,2,7
12725,5,1
12726,5,4
12727,3,2
12728,0,6
12729,3,3
12730,2,7
12731,5,4
12732,7,0
12733,4,5
12734,5,1
12735,9,6
12736,4,5
12737,2,7
12738,2,9
12739,2,9
12740,3,2
12741,7,0
12742,2,7
12743,5,1
12744,9,6
12745,3,2
12746,2,1
12747,3,3
12748,7,0
12749,5,4
12750,1,3
12751,2,7
12752,2,2
12753,8,9
12754,2,7
12755,5,4
12756,4,5
12757,2,7
12758,0,6
12759,9,6
12760,5,4
12761,3,3
12762,8,6
12763,5,4
12764,8,0
12765,7,0
12766,5,2
12767,2,9
12768,8,9
12769,2,7
12770,4,5
12771,2,1
12772,2,7
12773,2,9
12774,2,7
12775,3,3
12776,7,0
12777,4,8
12778,5,8
12779,5,4
12780,4,3
12781,2,7
12782,4,8
12783,3,3
12784,3,2
12785,7,0
12786,5,4
12787,5,9
12788,5,4
12789,2,9
12790,5,4
12791,9,1
12792,2,9
12793,2,1
12794,2,7
12795,5,4
12796,8,0
12797,3,2
12798,5,1
12799,8,0
12800,4,5
12801,9,6
12802,3,2
12803,3,2
12804,4,5
12805,4,1
12806,2,7
12807,9,1
12808,1,2
12809,9,1
12810,0,6
12811,9,1
12812,4,3
12813,2,7
12814,4,3
12815,3,2
12816,4,5
12817,5,4
12818,4,5
12819,2,7
12820,5,4
12821,4,5
12822,3,2
12823,3,2
12824,5,1
12825,5,9
12826,4,3
12827,5,4
12828,4,3
12829,4,5
12830,5,4
12831,5,8
12832,5,9
12833,5,9
12834,4,6
12835,2,7
12836,5,3
12837,7,0
12838,4,3
12839,7,0
12840,5,9
12841,2,7
12842,5,1
12843,4,5
12844,4,2
12845,2,1
12846,2,9
12847,5,1
12848,4,8
12849,2,7
12850,2,7
12851,9,6
12852,5,9
12853,0,6
12854,1,2
12855,9,6
12856,4,5
12857,4,8
12858,3,2
12859,3,2
12860,9,2
12861,3,2
12862,0,5
12863,2,7
12864,3,2
12865,2,7
12866,9,6
12867,5,4
12868,5,9
12869,8,0
12870,5,4
12871,3,2
12872,7,0
12873,5,4
12874,3,3
12875,3,2
12876,9,6
12877,3,3
12878,5,1
12879,3,3
12880,8,0
12881,3,3
12882,4,3
12883,9,1
12884,5,9
12885,2,1
12886,2,8
12887,9,6
12888,7,0
12889,5,9
12890,4,8
12891,4,5
12892,5,8
12893,4,5
12894,2,9
12895,4,3
12896,2,7
12897,7,0
12898,4,5
12899,6,8
12900,2,9
12901,3,3
12902,9,6
12903,8,9
12904,4,8
12905,9,6
12906,3,2
12907,7,0
12908,2,7
12909,0,1
12910,5,9
12911,3,2
12912,5,4
12913,3,3
12914,5,9
12915,5,4
12916,4,2
12917,0,5
12918,9,1
12919,0,6
12920,4,3
12921,2,7
12922,8,4
12923,4,8
12924,3,3
12925,2,9
12926,8,0
12927,7,0
12928,5,8
12929,9,1
12930,1,1
12931,3,2
12932,5,1
12933,3,3
12934,5,8
12935,5,4
12936,5,8
12937,0,5
12938,6,2
12939,0,6
12940,2,5
12941,2,7
12942,4,3
12943,6,8
12944,4,8
12945,2,9
12946,2,9
12947,0,0
12948,5,4
12949,1,1
12950,9,2
12951,3,2
12952,2,1
12953,3,3
12954,3,2
12955,5,4
12956,6,7
12957,0,5
12958,5,8
12959,0,6
12960,4,8
12961,2,7
12962,4,5
12963,6,8
12964,9,6
12965,2,9
12966,5,4
12967,3,3
12968,4,3
12969,5,4
12970,2,7
12971,5,1
12972,5,4
12973,5,4
12974,4,8
12975,0,6
12976,5,4
12977,0,6
12978,4,5
12979,2,7
12980,9,6
12981,3,3
12982,2,7
12983,3,3
12984,1,8
12985,0,2
12986,4,5
12987,0,1
12988,4,8
12989,2,9
12990,4,3
12991,5,4
12992,8,0
12993,2,7
12994,2,7
12995,3,3
12996,4,5
12997,5,4
12998,4,3
12999,6,9
13000,2,7
13001,3,1
13002,2,9
13003,5,1
13004,4,8
13005,0,0
13006,9,1
13007,1,1
13008,5,4
13009,5,4
13010,9,6
13011,0,6
13012,5,9
13013,7,0
13014,5,8
13015,3,2
13016,4,8
13017,6,8
13018,3,8
13019,3,2
13020,9,6
13021,0,5
13022,1,2
13023,3,2
13024,2,7
13025,0,1
13026,4,3
13027,2,7
13028,2,9
13029,7,0
13030,8,0
13031,0,2
13032,5,9
13033,7,0
13034,2,9
13035,0,6
13036,4,5
13037,4,8
13038,3,2
13039,3,2
13040,4,5
13041,2,9
13042,2,7
13043,3,2
13044,8,0
13045,3,3
13046,9,6
13047,0,6
13048,2,7
13049,2,9
13050,2,9
13051,3,8
13052,5,4
13053,2,7
13054,8,0
13055,3,8
13056,2,7
13057,6,9
13058,4,5
13059,3,2
13060,4,5
13061,0,2
13062,5,8
13063,2,9
13064,2,7
13065,1,8
13066,8,0
13067,0,6
13068,5,4
13069,5,4
13070,4,5
13071,5,4
13072,2,9
13073,5,4
13074,8,0
13075,3,0
13076,7,0
13077,0,0
13078,9,5
13079,6,8
13080,5,1
13081,0,0
13082,2,2
13083,6,8
13084,9,6
13085,0,6
13086,3,2
13087,0,6
13088,2,9
13089,6,8
13090,5,1
13091,2,7
13092,4,5
13093,3,3
13094,7,5
13095,6,8
13096,7,9
13097,7,0
13098,8,0
13099,3,3
13100,3,2
13101,0,6
13102,2,1
13103,0,8
13104,5,4
13105,1,3
13106,2,1
13107,1,1
13108,5,9
13109,1,3
13110,4,3
13111,5,9
13112,5,1
13113,0,1
13114,3,3
13115,2,9
13116,5,9
13117,7,0
13118,6,8
13119,2,7
13120,3,5
13121,9,2
13122,4,8
13123,2,7
13124,4,3
13125,5,4
13126,7,0
13127,3,3
13128,5,4
13129,3,1
13130,5,9
13131,6,7
13132,5,4
13133,0,6
13134,4,3
13135,7,0
13136,2,7
13137,0,1
13138,2,2
13139,3,2
13140,5,1
13141,3,3
13142,1,3
13143,5,4
13144,4,3
13145,0,5
13146,4,3
13147,0,6
13148,3,2
13149,6,7
13150,2,7
13151,6,8
13152,4,8
13153,2,9
13154,2,1
13155,7,0
13156,9,2
13157,3,1
13158,2,7
13159,7,2
13160,5,1
13161,3,3
13162,2,7
13163,5,4
13164,7,0
13165,0,5
13166,2,7
13167,0,6
13168,1,1
13169,6,7
13170,9,6
13171,6,8
13172,9,6
13173,2,9
13174,2,7
13175,7,0
13176,4,8
13177,0,1
13178,5,9
13179,3,2
13180,2,7
13181,3,3
13182,4,5
13183,0,4
13184,9,0
13185,3,5
13186,4,8
13187,6,7
13188,2,7
13189,3,8
13190,4,3
13191,2,9
13192,2,7
13193,3,3
13194,5,9
13195,6,8
13196,8,0
13197,7,0
13198,1,2
13199,2,7
13200,4,2
13201,5,1
13202,4,3
13203,7,0
13204,4,8
13205,2,7
13206,7,0
13207,0,6
13208,4,3
13209,2,9
13210,9,6
13211,7,0
13212,4,3
13213,3,1
13214,7,0
13215,7,0
13216,7,0
13217,7,0
13218,4,3
13219,6,8
13220,0,6
13221,3,3
13222,4,3
13223,5,4
13224,9,6
13225,3,3
13226,9,6
13227,9,1
13228,4,3
13229,0,5
13230,7,0
13231,7,0
13232,4,5
13233,7,0
13234,4,5
13235,2,9
13236,5,4
13237,0,5
13238,8,0
13239,3,3
13240,8,0
13241,5,4
13242,4,3
13243,2,7
13244,2,7
13245,0,6
13246,0,6
13247,2,9
13248,4,5
13249,3,2
13250,3,3
13251,5,4
13252,5,4
13253,9,5
13254,2,1
13255,2,7
13256,4,5
13257,3,2
13258,4,8
13259,9,1
13260,2,1
13261,0,6
13262,4,5
13263,5,4
13264,4,5
13265,2,9
13266,9,1
13267,5,4
13268,8,0
13269,2,9
13270,2,9
13271,5,4
13272,5,1
13273,3,1
13274,4,8
13275,3,2
13276,4,5
13277,3,2
13278,5,9
13279,0,5
13280,7,0
13281,6,8
13282,0,6
13283,3,1
13284,4,5
13285,3,3
13286,7,0
13287,3,2
13288,4,3
13289,2,9
13290,9,6
13291,5,4
13292,2,7
13293,3,3
13294,4,3
13295,3,2
13296,9,1
13297,3,1
13298,4,3
13299,3,2
13300,4,5
13301,3,8
13302,5,4
13303,0,6
13304,5,9
13305,0,5
13306,9,6
13307,3,1
13308,2,9
13309,0,6
13310,1,2
13311,2,7
13312,4,5
13313,3,2
13314,7,0
13315,3,1
13316,3,8
13317,3,3
13318,4,6
13319,2,7
13320,5,8
13321,0,5
13322,9,6
13323,2,9
13324,4,5
13325,3,3
13326,5,9
13327,6,8
13328,4,5
13329,6,7
13330,1,2
13331,0,5
13332,1,3
13333,2,7
13334,2,1
13335,0,0
13336,4,5
13337,2,7
13338,1,1
13339,5,4
13340,5,4
13341,6,8
13342,5,8
13343,3,8
13344,8,0
13345,9,5
13346,4,8
13347,0,0
13348,4,5
13349,0,6
13350,5,4
13351,0,6
13352,4,3
13353,3,3
13354,4,8
13355,2,7
13356,5,9
13357,0,6
13358,2,9
13359,2,9
13360,4,5
13361,2,9
13362,5,9
13363,0,4
13364,9,6
13365,6,8
13366,8,0
13367,5,4
13368,4,5
13369,3,1
13370,1,2
13371,0,0
13372,9,1
13373,0,6
13374,9,2
13375,0,6
13376,4,3
13377,7,0
13378,2,8
13379,2,1
13380,2,7
13381,3,2
13382,2,7
13383,3,3
13384,3,2
13385,5,4
13386,4,8
13387,4,5
13388,1,3
13389,0,6
13390,5,1
13391,2,7
13392,2,1
13393,6,8
13394,4,5
13395,2,9
13396,3,8
13397,7,0
13398,5,1
13399,5,1
13400,4,5
13401,3,2
13402,4,8
13403,3,3
13404,4,5
13405,2,7
13406,3,2
13407,1,8
13408,8,0
13409,2,9
13410,2,7
13411,7,0
13412,4,8
13413,2,1
13414,5,9
13415,3,2
13416,2,7
13417,1,3
13418,5,4
13419,5,4
13420,4,8
13421,2,7
13422,6,8
13423,6,8
13424,4,8
13425,2,9
13426,5,4
13427,0,6
13428,5,9
13429,2,9
13430,5,4
13431,9,6
13432,3,2
13433,2,1
13434,3,2
13435,2,9
13436,7,8
13437,2,9
13438,4,3
13439,2,9
13440,4,8
13441,5,4
13442,1,3
13443,5,4
13444,9,6
13445,3,3
13446,5,4
13447,6,8
13448,3,3
13449,9,1
13450,7,0
13451,5,4
13452,2,2
13453,5,1
13454,8,0
13455,3,2
13456,5,9
13457,4,5
13458,5,4
13459,7,0
13460,4,5
13461,2,9
13462,5,9
13463,5,4
13464,8,0
13465,2,9
13466,4,5
13467,7,0
13468,9,6
13469,2,7
13470,2,1
13471,5,4
13472,5,9
13473,5,4
13474,2,1
13475,1,1
13476,5,8
13477,6,8
13478,4,3
13479,2,7
13480,2,9
13481,9,6
13482,2,7
13483,7,0
13484,1,2
13485,4,8
13486,4,2
13487,1,1
13488,4,3
13489,5,8
13490,3,2
13491,3,2
13492,7,0
13493,0,6
13494,0,6
13495,3,2
13496,3,3
13497,7,0
13498,3,8
13499,2,9
13500,5,4
13501,5,1
13502,4,5
13503,9,2
13504,5,1
13505,3,5
13506,3,2
13507,5,4
13508,0,2
13509,4,5
13510,5,1
13511,0,6
13512,2,7
13513,2,7
13514,2,1
13515,2,7
13516,4,3
13517,4,5
13518,4,8
13519,1,3
13520,5,4
13521,7,0
13522,3,2
13523,3,2
13524,4,3
13525,3,2
13526,4,9
13527,3,2
13528,8,0
13529,2,7
13530,5,9
13531,1,3
13532,4,5
13533,4,5
13534,2,7
13535,3,2
13536,0,6
13537,5,1
13538,4,5
13539,5,4
13540,2,7
13541,5,4
13542,5,1
13543,3,3
13544,8,0
13545,7,0
13546,9,6
13547,7,0
13548,5,4
13549,6,8
13550,9,2
13551,0,5
13552,9,2
13553,5,4
13554,3,8
13555,2,7
13556,5,1
13557,2,9
13558,1,1
13559,3,8
13560,4,3
13561,2,7
13562,6,8
13563,2,9
13564,5,4
13565,0,6
13566,2,7
13567,3,3
13568,4,3
13569,1,1
13570,2,7
13571,2,7
13572,2,9
13573,2,9
13574,2,1
13575,0,6
13576,4,3
13577,3,3
13578,4,8
13579,3,3
13580,4,5
13581,1,1
13582,8,0
13583,8,0
13584,5,1
13585,3,2
13586,9,2
13587,9,6
13588,4,8
13589,8,0
13590,2,1
13591,4,5
13592,3,8
13593,0,6
13594,4,5
13595,9,6
13596,5,9
13597,3,8
13598,9,6
13599,2,7
13600,2,7
13601,1,3
13602,4,5
13603,4,5
13604,5,1
13605,6,8
13606,3,2
13607,3,3
13608,4,8
13609,7,0
13610,5,1
13611,1,1
13612,9,2
13613,3,2
13614,9,6
13615,3,3
13616,5,9
13617,5,1
13618,3,8
13619,4,5
13620,5,8
13621,9,6
13622,0,6
13623,7,0
13624,3,2
13625,5,1
13626,4,8
13627,3,2
13628,1,3
13629,3,3
13630,2,1
13631,9,1
13632,8,8
13633,3,5
13634,5,4
13635,9,6
13636,4,1
13637,2,7
13638,2,7
13639,3,8
13640,5,4
13641,7,0
13642,4,5
13643,2,1
13644,2,7
13645,3,2
13646,5,9
13647,2,3
13648,5,1
13649,1,1
13650,5,4
13651,2,7
13652,9,9
13653,2,4
13654,2,2
13655,3,8
13656,4,3
13657,9,1
13658,1,3
13659,4,5
13660,4,3
13661,0,6
13662,2,7
13663,4,5
13664,5,4
13665,2,7
13666,5,9
13667,3,2
13668,5,9
13669,3,8
13670,3,3
13671,0,6
13672,5,9
13673,3,3
13674,3,1
13675,4,3
13676,1,3
13677,3,8
13678,2,9
13679,0,6
13680,4,8
13681,4,5
13682,6,8
13683,2,4
13684,2,7
13685,7,0
13686,9,6
13687,2,9
13688,5,4
13689,1,1
13690,3,2
13691,2,7
13692,2,9
13693,9,2
13694,9,2
13695,2,9
13696,9,6
13697,5,1
13698,2,9
13699,4,5
13700,5,1
13701,2,1
13702,9,6
13703,2,3
13704,4,3
13705,3,2
13706,4,3
13707,1,3
13708,4,5
13709,9,6
13710,2,7
13711,9,1
13712,8,6
13713,3,3
13714,5,4
13715,9,6
13716,4,5
13717,2,9
13718,2,7
13719,7,0
13720,2,9
13721,2,1
13722,9,2
13723,2,8
13724,4,5
13725,2,1
13726,7,0
13727,5,4
13728,5,9
13729,8,0
13730,7,0
13731,9,6
13732,4,5
13733,2,1
13734,8,0
13735,1,2
13736,4,3
13737,9,6
13738,8,0
13739,2,9
13740,3,3
13741,7,2
13742,4,9
13743,7,2
13744,2,7
13745,3,3
13746,2,7
13747,4,5
13748,2,1
13749,4,5
13750,4,3
13751,7,0
13752,9,9
13753,2,7
13754,2,7
13755,2,7
13756,2,7
13757,2,9
13758,9,6
13759,9,6
13760,7,6
13761,3,2
13762,3,2
13763,2,9
13764,8,0
13765,5,4
13766,5,4
13767,2,7
13768,5,9
13769,7,0
13770,0,6
13771,3,2
13772,9,6
13773,3,3
13774,3,2
13775,5,4
13776,2,7
13777,8,0
13778,4,3
13779,3,0
13780,9,6
13781,3,8
13782,5,1
13783,4,5
13784,4,5
13785,9,1
13786,2,7
13787,3,3
13788,9,1
13789,2,7
13790,1,1
13791,2,9
13792,6,8
13793,3,8
13794,2,7
13795,6,8
13796,4,5
13797,2,9
13798,8,0
13799,8,0
13800,4,5
13801,2,9
13802,2,7
13803,6,8
13804,9,2
13805,2,9
13806,5,9
13807,7,0
13808,8,0
13809,0,6
13810,2,7
13811,4,5
13812,3,8
13813,9,6
13814,2,7
13815,2,7
13816,8,0
13817,5,4
13818,1,2
13819,2,7
13820,3,2
13821,4,5
13822,8,0
13823,2,4
13824,4,3
13825,5,1
13826,7,0
13827,3,3
13828,9,6
13829,4,5
13830,7,0
13831,4,3
13832,0,6
13833,7,0
13834,2,7
13835,1,1
13836,4,3
13837,3,2
13838,9,6
13839,3,3
13840,2,1
13841,5,4
13842,2,7
13843,0,5
13844,1,2
13845,0,6
13846,9,6
13847,2,7
13848,5,4
13849,6,8
13850,5,4
13851,2,9
13852,5,4
13853,7,0
13854,4,0
13855,3,1
13856,5,4
13857,3,2
13858,9,6
13859,3,3
13860,9,6
13861,0,4
13862,4,5
13863,0,5
13864,5,4
13865,0,6
13866,4,8
13867,2,7
13868,5,4
13869,6,8
13870,5,4
13871,2,9
13872,7,0
13873,7,0
13874,7,0
13875,3,1
13876,8,8
13877,3,2
13878,5,4
13879,3,3
13880,8,0
13881,0,6
13882,2,1
13883,2,7
13884,5,1
13885,3,8
13886,4,5
13887,2,9
13888,4,8
13889,7,0
13890,2,7
13891,2,9
13892,5,1
13893,6,9
13894,4,3
13895,6,8
13896,8,0
13897,2,9
13898,5,9
13899,6,8
13900,2,7
13901,5,4
13902,5,4
13903,3,1
13904,5,9
13905,6,7
13906,4,3
13907,2,7
13908,5,4
13909,3,3
13910,3,2
13911,3,0
13912,9,6
13913,7,0
13914,3,2
13915,2,7
13916,8,0
13917,6,8
13918,7,0
13919,3,2
13920,5,8
13921,7,0
13922,2,2
13923,9,1
13924,4,8
13925,3,2
13926,8,0
13927,0,6
13928,3,2
13929,3,3
13930,9,2
13931,1,3
13932,5,9
13933,2,7
13934,6,8
13935,3,3
13936,5,9
13937,3,3
13938,4,5
13939,0,6
13940,4,5
13941,0,6
13942,5,4
13943,0,4
13944,4,8
13945,6,9
13946,4,5
13947,3,1
13948,4,5
13949,6,9
13950,5,1
13951,6,8
13952,3,2
13953,3,2
13954,4,8
13955,7,0
13956,5,1
13957,3,3
13958,4,5
13959,3,2
13960,4,8
13961,3,1
13962,7,0
13963,2,7
13964,4,6
13965,3,3
13966,4,8
13967,9,1
13968,5,4
13969,7,3
13970,0,6
13971,2,9
13972,3,2
13973,3,1
13974,9,1
13975,2,7
13976,4,8
13977,0,6
13978,2,7
13979,6,8
13980,1,3
13981,0,4
13982,2,9
13983,3,3
13984,4,2
13985,3,1
13986,5,4
13987,5,4
13988,4,5
13989,7,0
13990,4,8
13991,3,5
13992,5,1
13993,3,3
13994,3,2
13995,0,6
13996,4,9
13997,6,9
13998,8,9
13999,0,6
14000,2,1
14001,3,1
14002,4,3
14003,6,8
14004,2,7
14005,3,2
14006,4,5
14007,3,2
14008,2,8
14009,3,5
14010,5,9
14011,2,7
14012,7,0
14013,6,8
14014,5,8
14015,6,9
14016,2,1
14017,3,8
14018,5,4
14019,7,0
14020,4,8
14021,5,1
14022,2,7
14023,1,2
14024,9,2
14025,4,3
14026,4,3
14027,5,4
14028,4,3
14029,4,5
14030,4,3
14031,9,6
14032,2,7
14033,2,7
14034,8,0
14035,4,8
14036,5,4
14037,2,9
14038,9,1
14039,7,0
14040,9,2
14041,5,1
14042,2,9
14043,9,2
14044,9,6
14045,4,3
14046,2,7
14047,5,4
14048,4,5
14049,4,5
14050,1,2
14051,9,6
14052,7,0
14053,2,7
14054,4,5
14055,6,8
14056,5,1
14057,2,9
14058,5,9
14059,7,0
14060,2,1
14061,5,1
14062,3,8
14063,9,2
14064,5,4
14065,4,3
14066,5,4
14067,5,4
14068,4,8
14069,4,5
14070,5,1
14071,9,6
14072,0,6
14073,2,7
14074,0,5
14075,4,8
14076,2,7
14077,2,9
14078,1,5
14079,5,1
14080,4,3
14081,1,2
14082,2,9
14083,9,6
14084,3,2
14085,4,5
14086,5,4
14087,4,3
14088,2,7
14089,7,0
14090,4,5
14091,9,2
14092,7,0
14093,9,8
14094,2,7
14095,2,7
14096,4,5
14097,7,0
14098,5,1
14099,1,3
14100,4,5
14101,9,6
14102,7,0
14103,5,4
14104,2,7
14105,5,4
14106,4,5
14107,4,3
14108,3,2
14109,9,6
14110,8,0
14111,2,7
14112,3,2
14113,9,2
14114,2,7
14115,4,3
14116,2,9
14117,5,9
14118,1,2
14119,5,1
14120,3,9
14121,9,2
14122,4,5
14123,5,1
14124,3,2
14125,9,2
14126,5,1
14127,5,9
14128,4,8
14129,9,6
14130,3,2
14131,8,0
14132,9,2
14133,5,1
14134,5,4
14135,4,3
14136,9,6
14137,7,0
14138,2,7
14139,9,2
14140,3,8
14141,2,7
14142,2,9
14143,4,5
14144,8,5
14145,2,7
14146,5,9
14147,9,6
14148,7,0
14149,2,1
14150,0,5
14151,5,9
14152,3,7
14153,8,0
14154,2,1
14155,9,6
14156,5,4
14157,7,0
14158,7,0
14159,9,6
14160,8,0
14161,8,0
14162,4,8
14163,1,2
14164,8,9
14165,8,0
14166,4,3
14167,9,6
14168,4,5
14169,5,1
14170,4,8
14171,4,5
14172,9,6
14173,4,8
14174,7,2
14175,5,4
14176,5,4
14177,4,3
14178,9,6
14179,7,0
14180,4,5
14181,5,1
14182,2,9
14183,4,5
14184,4,3
14185,5,4
14186,9,6
14187,5,4
14188,5,4
14189,9,8
14190,9,6
14191,9,8
14192,4,8
14193,5,4
14194,5,4
14195,4,5
14196,2,1
14197,2,7
14198,5,4
14199,4,5
14200,3,3
14201,2,7
14202,8,0
14203,4,8
14204,4,5
14205,4,3
14206,5,4
14207,5,4
14208,5,9
14209,6,8
14210,3,3
14211,6,8
14212,5,1
14213,4,5
14214,4,5
14215,1,2
14216,2,9
14217,5,9
14218,4,5
14219,2,7
14220,5,4
14221,5,1
14222,4,9
14223,1,3
14224,2,1
14225,4,8
14226,1,8
14227,5,1
14228,2,1
14229,7,0
14230,3,2
14231,2,7
14232,0,6
14233,4,5
14234,2,1
14235,5,9
14236,1,3
14237,9,6
14238,2,7
14239,2,9
14240,5,9
14241,5,4
14242,2,7
14243,2,7
14244,1,2
14245,2,7
14246,2,7
14247,2,9
14248,9,6
14249,2,9
14250,2,8
14251,4,5
14252,2,1
14253,3,8
14254,2,9
14255,1,3
14256,9,6
14257,5,4
14258,8,0
14259,5,4
14260,5,4
14261,4,3
14262,4,3
14263,4,8
14264,3,2
14265,9,6
14266,4,3
14267,1,2
14268,5,1
14269,7,0
14270,5,8
14271,3,1
14272,5,4
14273,9,2
14274,5,4
14275,3,3
14276,8,0
14277,1,7
14278,7,0
14279,3,8
14280,2,7
14281,2,9
14282,8,0
14283,3,3
14284,2,7
14285,5,4
14286,2,3
14287,2,7
14288,2,7
14289,2,9
14290,5,4
14291,7,0
14292,0,6
14293,3,1
14294,2,9
14295,9,2
14296,5,4
14297,1,3
14298,9,1
14299,2,7
14300,9,6
14301,3,8
14302,3,2
14303,1,3
14304,3,8
14305,6,8
14306,5,9
14307,6,7
14308,9,6
14309,3,1
14310,5,1
14311,3,0
14312,5,1
14313,2,7
14314,2,1
14315,0,6
14316,4,5
14317,2,9
14318,4,5
14319,7,0
14320,4,3
14321,3,1
14322,4,8
14323,8,0
14324,5,9
14325,7,0
14326,5,4
14327,9,1
14328,9,6
14329,9,0
14330,0,6
14331,2,9
14332,5,9
14333,5,3
14334,8,0
14335,9,4
14336,2,9
14337,3,7
14338,9,8
14339,9,6
14340,3,2
14341,2,9
14342,2,2
14343,3,2
14344,9,6
14345,1,1
14346,9,1
14347,0,6
14348,2,7
14349,5,4
14350,4,3
14351,5,4
14352,4,3
14353,1,1
14354,1,1
14355,3,2
14356,8,0
14357,3,2
14358,8,9
14359,3,1
14360,2,7
14361,3,3
14362,3,8
14363,3,2
14364,2,9
14365,2,9
14366,2,1
14367,3,3
14368,4,5
14369,9,2
14370,4,5
14371,3,1
14372,9,6
14373,5,2
14374,9,6
14375,3,1
14376,4,5
14377,0,6
14378,5,2
14379,2,7
14380,4,8
14381,9,2
14382,4,8
14383,4,3
14384,8,0
14385,6,8
14386,2,7
14387,2,7
14388,4,3
14389,3,5
14390,5,4
14391,2,7
14392,3,2
14393,8,0
14394,4,3
14395,6,7
14396,9,8
14397,5,4
14398,2,7
14399,0,6
14400,9,6
14401,3,3
14402,7,0
14403,1,7
14404,4,5
14405,0,6
14406,8,8
14407,2,9
14408,2,1
14409,2,9
14410,3,3
14411,5,4
14412,7,0
14413,5,8
14414,2,1
14415,5,4
14416,9,6
14417,1,1
14418,8,6
14419,7,0
14420,3,3
14421,9,6
14422,3,2
14423,9,6
14424,5,4
14425,8,0
14426,5,4
14427,2,1
14428,4,5
14429,9,2
14430,7,0
14431,4,3
14432,5,4
14433,5,4
14434,2,9
14435,4,5
14436,8,9
14437,9,6
14438,5,8
14439,2,7
14440,5,4
14441,4,8
14442,5,9
14443,2,9
14444,4,5
14445,7,0
14446,9,2
14447,4,3
14448,2,7
14449,5,4
14450,4,3
14451,4,5
14452,4,8
14453,0,6
14454,3,3
14455,2,7
14456,3,3
14457,6,8
14458,9,2
14459,2,9
14460,2,7
14461,7,0
14462,5,1
14463,2,1
14464,9,1
14465,3,2
14466,5,1
14467,4,3
14468,1,2
14469,5,4
14470,2,7
14471,3,5
14472,7,0
14473,0,6
14474,5,8
14475,2,7
14476,4,3
14477,3,8
14478,3,8
14479,2,9
14480,4,8
14481,7,0
14482,5,4
14483,4,5
14484,3,2
14485,4,5
14486,4,5
14487,0,6
14488,4,3
14489,4,5
14490,3,2
14491,7,0
14492,0,6
14493,2,9
14494,6,8
14495,1,8
14496,5,4
14497,2,9
14498,5,1
14499,6,8
14500,0,6
14501,2,4
14502,5,9
14503,2,1
14504,5,9
14505,2,7
14506,1,7
14507,4,5
14508,3,2
14509,5,1
14510,3,2
14511,7,0
14512,4,5
14513,7,0
14514,4,3
14515,3,2
14516,2,1
14517,9,2
14518,8,0
14519,2,7
14520,5,4
14521,4,1
14522,2,7
14523,3,2
14524,0,6
14525,0,6
14526,9,6
14527,4,3
14528,5,4
14529,4,3
14530,0,0
14531,2,7
14532,2,7
14533,3,3
14534,4,5
14535,3,3
14536,2,7
14537,5,4
14538,5,4
14539,5,4
14540,5,7
14541,9,1
14542,5,4
14543,4,5
14544,4,5
14545,7,0
14546,8,4
14547,2,9
14548,4,3
14549,4,5
14550,9,2
14551,3,2
14552,4,3
14553,7,8
14554,5,9
14555,3,2
14556,2,7
14557,0,0
14558,4,3
14559,7,0
14560,5,1
14561,9,1
14562,4,5
14563,2,7
14564,8,0
14565,9,6
14566,4,3
14567,4,3
14568,5,9
14569,3,2
14570,9,6
14571,2,1
14572,5,4
14573,2,7
14574,7,0
14575,9,1
14576,0,6
14577,4,3
14578,5,4
14579,5,9
14580,4,9
14581,2,7
14582,5,9
14583,0,6
14584,5,1
14585,2,1
14586,2,7
14587,5,4
14588,3,3
14589,7,0
14590,2,7
14591,4,5
14592,5,4
14593,0,6
14594,2,7
14595,3,1
14596,3,2
14597,2,7
14598,2,7
14599,4,5
14600,2,7
14601,2,7
14602,5,4
14603,3,2
14604,0,6
14605,2,7
14606,5,1
14607,6,9
14608,9,6
14609,3,5
14610,9,6
14611,6,8
14612,1,1
14613,8,0
14614,6,8
14615,5,1
14616,5,4
14617,9,2
14618,9,6
14619,4,3
14620,5,4
14621,5,4
14622,2,7
14623,4,5
14624,4,3
14625,5,8
14626,6,8
14627,5,9
14628,4,5
14629,8,0
14630,4,5
14631,5,1
14632,9,6
14633,9,2
14634,9,6
14635,4,3
14636,4,3
14637,5,4
14638,5,8
14639,4,5
14640,4,8
14641,9,6
14642,2,7
14643,2,7
14644,8,0
14645,4,8
14646,4,2
14647,5,9
14648,4,8
14649,8,0
14650,5,4
14651,5,1
14652,5,4
14653,1,2
14654,0,4
14655,4,3
14656,5,1
14657,5,4
14658,0,6
14659,4,5
14660,9,6
14661,9,6
14662,5,9
14663,2,7
14664,4,8
14665,9,8
14666,9,6
14667,2,9
14668,8,0
14669,4,8
14670,4,5
14671,9,6
14672,4,5
14673,4,5
14674,4,3
14675,8,0
14676,9,6
14677,9,6
14678,4,8
14679,5,8
14680,5,9
14681,5,9
14682,9,1
14683,5,4
14684,2,7
14685,5,1
14686,4,3
14687,5,9
14688,4,5
14689,4,5
14690,5,8
14691,4,3
14692,1,3
14693,8,0
14694,9,2
14695,5,4
14696,5,9
14697,5,8
14698,5,1
14699,5,9
14700,5,4
14701,5,1
14702,3,2
14703,5,4
14704,1,3
14705,8,0
14706,9,8
14707,4,5
14708,9,6
14709,4,5
14710,2,7
14711,9,2
14712,8,0
14713,4,5
14714,4,5
14715,5,4
14716,2,9
14717,8,0
14718,2,7
14719,2,7
14720,5,4
14721,9,6
14722,8,0
14723,8,0
14724,2,1
14725,5,1
14726,5,9
14727,2,7
14728,3,8
14729,8,0
14730,8,8
14731,9,6
14732,9,6
14733,2,8
14734,2,1
14735,5,9
14736,4,3
14737,4,5
14738,4,3
14739,5,4
14740,9,4
14741,2,7
14742,4,5
14743,5,9
14744,2,9
14745,4,8
14746,8,0
14747,9,6
14748,4,5
14749,8,0
14750,2,7
14751,9,8
14752,8,0
14753,9,1
14754,1,8
14755,2,7
14756,4,1
14757,2,7
14758,5,1
14759,5,1
14760,3,2
14761,4,3
14762,5,9
14763,1,2
14764,9,6
14765,4,3
14766,5,8
14767,5,1
14768,9,6
14769,5,4
14770,2,7
14771,9,2
14772,4,8
14773,8,0
14774,5,4
14775,8,0
14776,9,2
14777,2,7
14778,9,6
14779,4,8
14780,2,9
14781,5,4
14782,5,8
14783,9,6
14784,9,6
14785,5,4
14786,4,3
14787,5,9
14788,5,4
14789,4,3
14790,8,9
14791,5,8
14792,4,3
14793,5,4
14794,5,1
14795,2,7
14796,5,9
14797,2,2
14798,4,2
14799,4,5
14800,3,2
14801,9,6
14802,2,7
14803,4,3
14804,9,6
14805,9,6
14806,4,5
14807,1,2
14808,3,8
14809,9,2
14810,4,3
14811,5,4
14812,5,1
14813,9,6
14814,2,7
14815,5,9
14816,5,9
14817,8,0
14818,5,9
14819,1,2
14820,7,0
14821,5,1
14822,2,9
14823,4,3
14824,2,7
14825,4,3
14826,4,8
14827,5,9
14828,3,5
14829,2,7
14830,6,8
14831,4,8
14832,2,7
14833,2,7
14834,5,1
14835,1,2
14836,1,2
14837,1,2
14838,3,2
14839,4,5
14840,7,0
14841,2,7
14842,5,9
14843,5,9
14844,8,9
14845,5,8
14846,5,1
14847,1,2
14848,0,6
14849,2,1
14850,2,7
14851,4,3
14852,4,2
14853,5,1
14854,4,5
14855,4,3
14856,3,3
14857,7,0
14858,5,1
14859,1,1
14860,2,1
14861,3,2
14862,4,5
14863,4,3
14864,3,3
14865,5,4
14866,2,7
14867,4,5
14868,3,2
14869,0,6
14870,9,1
14871,2,7
14872,3,8
14873,6,8
14874,5,1
14875,2,9
14876,1,2
14877,7,0
14878,4,3
14879,1,1
14880,4,3
14881,3,2
14882,5,4
14883,4,3
14884,5,9
14885,5,4
14886,5,9
14887,0,5
14888,5,9
14889,0,6
14890,8,0
14891,2,7
14892,5,1
14893,6,8
14894,4,5
14895,2,9
14896,6,8
14897,7,0
14898,2,7
14899,3,1
14900,9,1
14901,6,2
14902,4,8
14903,4,3
14904,5,4
14905,5,4
14906,5,1
14907,4,5
14908,5,8
14909,0,6
14910,9,6
14911,2,7
14912,9,6
14913,6,8
14914,1,2
14915,2,9
14916,4,3
14917,4,5
14918,4,5
14919,7,0
14920,2,7
14921,9,6
14922,2,9
14923,2,8
14924,5,1
14925,2,9
14926,2,7
14927,5,4
14928,5,9
14929,9,1
14930,2,7
14931,2,9
14932,3,2
14933,4,5
14934,5,9
14935,4,3
14936,5,1
14937,7,0
14938,9,2
14939,5,4
14940,0,6
14941,2,8
14942,5,1
14943,2,9
14944,7,0
14945,1,1
14946,4,5
14947,5,4
14948,5,1
14949,0,0
14950,5,9
14951,0,5
14952,9,6
14953,5,1
14954,2,7
14955,3,5
14956,5,9
14957,5,4
14958,5,1
14959,7,0
14960,0,6
14961,2,7
14962,4,2
14963,9,6
14964,5,1
14965,7,0
14966,5,4
14967,2,1
14968,5,8
14969,2,7
14970,4,5
14971,8,0
14972,2,4
14973,0,6
14974,2,9
14975,6,8
14976,5,4
14977,2,9
14978,1,2
14979,4,5
14980,5,1
14981,5,4
14982,5,9
14983,2,7
14984,2,9
14985,2,9
14986,5,1
14987,6,8
14988,5,9
14989,9,6
14990,5,4
14991,7,0
14992,5,1
14993,5,8
14994,4,5
14995,5,1
14996,9,2
14997,2,7
14998,5,1
14999,2,7
15000,4,5
15001,9,1
15002,5,1
15003,4,3
15004,9,6
15005,3,2
15006,9,6
15007,4,3
15008,4,3
15009,9,1
15010,1,3
15011,5,4
15012,4,5
15013,3,2
15014,1,3
15015,7,0
15016,3,2
15017,7,0
15018,5,9
15019,2,7
15020,2,1
15021,3,8
15022,4,3
15023,5,4
15024,4,5
15025,0,6
15026,5,1
15027,5,4
15028,8,0
15029,5,9
15030,3,2
15031,4,3
15032,9,6
15033,6,8
15034,2,1
15035,5,4
15036,9,6
15037,2,7
15038,5,4
15039,3,2
15040,9,2
15041,3,5
15042,8,0
15043,0,6
15044,5,1
15045,4,3
15046,8,0
15047,0,6
15048,3,1
15049,2,9
15050,4,8
15051,9,6
15052,3,3
15053,4,3
15054,4,5
15055,3,2
15056,5,8
15057,3,2
15058,5,4
15059,5,4
15060,8,0
15061,0,6
15062,2,7
15063,2,9
15064,0,0
15065,3,0
15066,4,5
15067,3,2
15068,2,1
15069,4,5
15070,9,5
15071,4,5
15072,8,9
15073,2,1
15074,2,7
15075,3,3
15076,4,3
15077,4,3
15078,5,4
15079,2,9
15080,1,3
15081,2,7
15082,2,1
15083,3,2
15084,9,6
15085,3,5
15086,2,7
15087,2,7
15088,9,6
15089,2,9
15090,4,3
15091,6,8
15092,5,4
15093,3,2
15094,3,2
15095,9,1
15096,3,8
15097,3,3
15098,2,7
15099,1,1
15100,5,4
15101,3,3
15102,6,8
15103,7,0
15104,4,8
15105,9,1
15106,2,7
15107,9,2
15108,8,0
15109,4,3
15110,4,5
15111,5,4
15112,5,9
15113,2,7
15114,8,6
15115,4,8
15116,4,5
15117,2,9
15118,4,5
15119,7,0
15120,8,0
15121,4,1
15122,2,7
15123,3,2
15124,5,9
15125,4,3
15126,4,5
15127,2,7
15128,5,9
15129,6,8
15130,7,0
15131,2,9
15132,3,2
15133,7,0
15134,9,6
15135,3,1
15136,4,5
15137,3,2
15138,5,1
15139,3,3
15140,4,5
15141,9,4
15142,8,0
15143,4,5
15144,4,5
15145,0,6
15146,2,9
15147,2,7
15148,2,1
15149,3,8
15150,8,0
15151,2,9
15152,5,1
15153,3,2
15154,5,1
15155,4,5
15156,8,0
15157,9,1
15158,4,8
15159,9,6
15160,8,0
15161,5,4
15162,5,9
15163,1,3
15164,9,1
15165,2,9
15166,9,6
15167,2,9
15168,2,7
15169,7,0
15170,2,9
15171,2,9
15172,2,7
15173,2,7
15174,4,3
15175,9,1
15176,4,3
15177,0,6
15178,4,5
15179,5,4
15180,5,4
15181,4,3
15182,5,1
15183,9,6
15184,5,4
15185,3,2
15186,4,3
15187,0,2
15188,0,6
15189,3,0
15190,9,6
15191,9,0
15192,2,7
15193,4,5
15194,2,9
15195,2,9
15196,9,6
15197,2,5
15198,8,0
15199,2,7
15200,2,7
15201,4,3
15202,2,7
15203,3,2
15204,2,7
15205,3,2
15206,4,5
15207,5,4
15208,8,0
15209,2,7
15210,1,3
15211,9,6
15212,5,9
15213,2,7
15214,5,4
15215,2,7
15216,4,3
15217,7,2
15218,5,4
15219,4,8
15220,9,6
15221,3,8
15222,2,9
15223,3,2
15224,5,1
15225,4,8
15226,4,3
15227,3,3
15228,3,2
15229,2,7
15230,2,7
15231,5,1
15232,4,5
15233,4,3
15234,9,6
15235,2,9
15236,4,8
15237,7,0
15238,4,5
15239,6,9
15240,9,1
15241,9,1
15242,8,0
15243,2,7
15244,2,9
15245,3,3
15246,1,3
15247,3,8
15248,5,8
15249,3,0
15250,3,3
15251,4,3
15252,4,1
15253,2,9
15254,2,7
15255,5,1
15256,2,7
15257,9,6
15258,6,8
15259,5,4
15260,2,7
15261,4,3
15262,9,2
15263,3,2
15264,1,1
15265,9,1
15266,5,1
15267,4,8
15268,5,9
15269,0,6
15270,3,2
15271,9,1
15272,3,2
15273,4,5
15274,5,4
15275,7,0
15276,5,7
15277,9,1
15278,3,2
15279,3,2
15280,9,6
15281,4,3
15282,4,8
15283,5,4
15284,4,5
15285,4,5
15286,4,8
15287,0,6
15288,8,0
15289,4,8
15290,5,1
15291,7,0
15292,4,3
15293,2,1
15294,5,4
15295,3,2
15296,3,2
15297,4,3
15298,5,4
15299,5,4
15300,5,1
15301,4,5
15302,2,9
15303,0,6
15304,4,5
15305,2,7
15306,4,5
15307,3,8
15308,2,1
15309,2,9
15310,5,4
15311,7,0
15312,5,9
15313,5,4
15314,9,6
15315,4,5
15316,1,1
15317,9,6
15318,8,0
15319,2,7
15320,9,6
15321,3,8
15322,1,3
15323,2,9
15324,9,6
15325,7,0
15326,2,9
15327,2,7
15328,3,2
15329,8,0
15330,8,0
15331,2,7
15332,1,3
15333,6,8
15334,9,6
15335,4,3
15336,3,3
15337,4,5
15338,4,6
15339,4,3
15340,2,7
15341,3,8
15342,4,3
15343,3,8
15344,7,0
15345,9,1
15346,4,3
15347,5,4
15348,9,6
15349,2,9
15350,4,3
15351,0,6
15352,5,4
15353,9,1
15354,2,9
15355,3,8
15356,5,1
15357,2,9
15358,4,5
15359,5,4
15360,5,9
15361,2,1
15362,4,5
15363,3,2
15364,4,8
15365,4,5
15366,5,8
15367,2,9
15368,4,2
15369,2,9
15370,9,6
15371,3,5
15372,4,3
15373,5,4
15374,4,5
15375,3,3
15376,5,4
15377,3,3
15378,4,5
15379,3,3
15380,2,1
15381,2,9
15382,7,0
15383,7,0
15384,9,6
15385,2,1
15386,4,6
15387,2,9
15388,4,3
15389,5,1
15390,4,5
15391,3,2
15392,9,1
15393,2,7
15394,5,4
15395,2,9
15396,5,1
15397,3,1
15398,4,5
15399,7,0
15400,5,4
15401,0,6
15402,2,5
15403,3,2
15404,8,6
15405,5,4
15406,4,8
15407,7,0
15408,6,8
15409,3,3
15410,2,7
15411,6,8
15412,4,3
15413,2,9
15414,5,9
15415,4,5
15416,5,4
15417,0,6
15418,3,2
15419,0,6
15420,5,4
15421,4,5
15422,2,7
15423,0,1
15424,5,8
15425,2,7
15426,5,4
15427,2,1
15428,2,1
15429,5,4
15430,4,8
15431,0,6
15432,9,4
15433,2,9
15434,9,2
15435,9,1
15436,3,8
15437,4,3
15438,9,1
15439,5,1
15440,3,2
15441,9,6
15442,7,0
15443,3,3
15444,4,5
15445,7,0
15446,5,9
15447,0,6
15448,9,6
15449,2,7
15450,4,6
15451,9,1
15452,2,7
15453,4,3
15454,8,0
15455,4,8
15456,5,4
15457,3,2
15458,3,8
15459,9,6
15460,2,7
15461,3,2
15462,2,5
15463,0,6
15464,4,5
15465,2,7
15466,3,2
15467,3,8
15468,2,7
15469,2,7
15470,3,2
15471,8,0
15472,4,3
15473,5,1
15474,4,3
15475,1,2
15476,3,2
15477,4,3
15478,9,6
15479,5,4
15480,0,0
15481,4,5
15482,1,3
15483,0,6
15484,9,6
15485,2,7
15486,2,3
15487,6,8
15488,4,5
15489,2,9
15490,2,7
15491,7,0
15492,7,0
15493,2,1
15494,2,7
15495,9,2
15496,2,3
15497,4,3
15498,2,9
15499,2,7
15500,9,6
15501,5,8
15502,5,8
15503,2,9
15504,7,0
15505,7,0
15506,3,2
15507,5,1
15508,8,0
15509,1,2
15510,9,2
15511,4,3
15512,2,9
15513,2,7
15514,5,4
15515,6,8
15516,7,0
15517,2,9
15518,2,7
15519,4,3
15520,7,0
15521,5,4
15522,4,8
15523,9,1
15524,8,0
15525,5,4
15526,0,6
15527,0,6
15528,4,5
15529,0,6
15530,7,0
15531,2,7
15532,4,8
15533,4,3
15534,4,3
15535,4,3
15536,5,1
15537,3,2
15538,0,5
15539,5,1
15540,1,3
15541,2,9
15542,7,0
15543,5,4
15544,4,3
15545,2,7
15546,4,8
15547,4,3
15548,5,1
15549,4,5
15550,2,1
15551,9,4
15552,4,5
15553,2,9
15554,2,7
15555,9,1
15556,5,4
15557,9,1
15558,4,5
15559,8,0
15560,2,9
15561,2,1
15562,8,9
15563,5,4
15564,8,0
15565,9,6
15566,8,0
15567,7,0
15568,5,4
15569,3,2
15570,2,7
15571,4,5
15572,4,3
15573,9,2
15574,5,1
15575,9,1
15576,5,4
15577,2,7
15578,5,1
15579,4,5
15580,8,0
15581,7,0
15582,7,0
15583,7,0
15584,5,9
15585,3,2
15586,2,7
15587,1,3
15588,9,2
15589,2,7
15590,8,0
15591,0,6
15592,8,9
15593,2,9
15594,4,5
15595,6,8
15596,3,2
15597,2,7
15598,4,8
15599,6,8
15600,8,0
15601,6,9
15602,2,9
15603,1,2
15604,5,4
15605,3,2
15606,4,3
15607,2,9
15608,9,1
15609,2,9
15610,4,8
15611,4,5
15612,2,1
15613,0,4
15614,9,2
15615,5,4
15616,4,8
15617,5,4
15618,9,2
15619,7,0
15620,9,6
15621,7,0
15622,5,4
15623,6,8
15624,4,8
15625,0,6
15626,3,8
15627,9,6
15628,8,0
15629,6,8
15630,1,3
15631,4,5
15632,2,1
15633,5,1
15634,0,6
15635,2,7
15636,4,8
15637,7,0
15638,9,6
15639,4,3
15640,7,8
15641,0,6
15642,3,2
15643,2,7
15644,5,9
15645,5,8
15646,2,7
15647,4,3
15648,8,0
15649,5,1
15650,9,2
15651,3,3
15652,9,6
15653,2,9
15654,2,9
15655,4,5
15656,4,3
15657,2,9
15658,5,9
15659,2,9
15660,3,2
15661,4,5
15662,7,0
15663,7,0
15664,4,8
15665,5,4
15666,5,9
15667,4,3
15668,5,4
15669,9,1
15670,5,9
15671,2,7
15672,9,6
15673,0,6
15674,9,6
15675,7,0
15676,4,5
15677,3,1
15678,3,8
15679,7,2
15680,4,2
15681,3,3
15682,5,4
15683,5,4
15684,2,1
15685,0,5
15686,5,4
15687,0,6
15688,3,2
15689,2,7
15690,2,7
15691,4,8
15692,8,0
15693,2,9
15694,3,0
15695,0,0
15696,1,1
15697,3,1
15698,4,5
15699,0,2
15700,7,0
15701,3,3
15702,4,5
15703,5,4
15704,8,0
15705,2,7
15706,9,6
15707,4,8
15708,9,6
15709,2,9
15710,4,1
15711,0,0
15712,3,2
15713,3,1
15714,9,6
15715,3,2
15716,2,1
15717,3,3
15718,2,7
15719,0,4
15720,4,5
15721,2,7
15722,2,1
15723,7,8
15724,4,8
15725,2,9
15726,4,5
15727,0,6
15728,2,9
15729,5,4
15730,5,1
15731,7,2
15732,4,5
15733,0,6
15734,8,0
15735,5,4
15736,3,2
15737,2,7
15738,4,8
15739,7,8
15740,2,7
15741,2,9
15742,4,5
15743,3,3
15744,0,6
15745,2,9
15746,2,9
15747,3,3
15748,5,2
15749,3,8
15750,2,7
15751,6,2
15752,5,4
15753,0,0
15754,2,7
15755,2,9
15756,9,6
15757,4,8
15758,5,1
15759,8,0
15760,4,3
15761,3,0
15762,4,3
15763,5,1
15764,3,3
15765,0,0
15766,4,8
15767,4,5
15768,4,5
15769,3,3
15770,7,0
15771,0,5
15772,4,8
15773,3,3
15774,4,3
15775,3,8
15776,5,1
15777,7,0
15778,5,5
15779,0,0
15780,9,6
15781,3,5
15782,4,8
15783,0,4
15784,5,4
15785,3,3
15786,2,1
15787,5,4
15788,9,6
15789,2,1
15790,5,1
15791,0,5
15792,2,7
15793,3,3
15794,4,5
15795,3,0
15796,3,2
15797,0,6
15798,7,0
15799,3,2
15800,4,5
15801,2,7
15802,3,2
15803,3,1
15804,4,5
15805,3,1
15806,9,6
15807,3,8
15808,2,7
15809,2,1
15810,4,5
15811,2,7
15812,2,5
15813,3,1
15814,7,0
15815,3,3
15816,4,3
15817,7,8
15818,2,7
15819,3,5
15820,4,8
15821,5,4
15822,5,4
15823,3,2
15824,2,7
15825,7,0
15826,9,6
15827,2,9
15828,8,0
15829,3,2
15830,4,5
15831,0,6
15832,8,9
15833,6,7
15834,4,5
15835,3,1
15836,4,2
15837,2,9
15838,2,1
15839,9,6
15840,5,4
15841,5,4
15842,4,3
15843,0,6
15844,2,9
15845,7,2
15846,3,2
15847,3,3
15848,4,3
15849,2,7
15850,1,3
15851,5,1
15852,5,4
15853,7,2
15854,8,0
15855,3,5
15856,2,7
15857,3,3
15858,5,9
15859,2,7
15860,2,9
15861,3,8
15862,8,6
15863,7,0
15864,8,0
15865,9,1
15866,5,4
15867,4,2
15868,8,0
15869,4,3
15870,0,6
15871,5,4
15872,4,3
15873,2,5
15874,4,5
15875,0,6
15876,5,4
15877,2,7
15878,4,1
15879,4,8
15880,4,5
15881,2,9
15882,7,0
15883,7,0
15884,4,5
15885,9,1
15886,4,5
15887,1,2
15888,9,1
15889,1,3
15890,8,0
15891,5,4
15892,2,5
15893,1,5
15894,4,9
15895,2,7
15896,9,6
15897,6,8
15898,5,1
15899,2,9
15900,2,7
15901,7,0
15902,3,2
15903,1,1
15904,7,0
15905,9,2
15906,2,7
15907,4,3
15908,9,6
15909,2,7
15910,8,0
15911,6,8
15912,5,9
15913,2,9
15914,9,6
15915,4,5
15916,5,4
15917,9,2
15918,4,5
15919,6,8
15920,5,1
15921,1,1
15922,2,7
15923,2,7
15924,9,6
15925,1,2
15926,7,0
15927,5,4
15928,7,0
15929,1,1
15930,4,3
15931,5,4
15932,2,7
15933,3,1
15934,0,0
15935,6,8
15936,4,3
15937,1,3
15938,4,3
15939,2,7
15940,9,1
15941,6,8
15942,9,4
15943,5,4
15944,5,9
15945,1,3
15946,8,0
15947,1,3
15948,0,2
15949,2,5
15950,2,8
15951,0,6
15952,2,7
15953,2,7
15954,5,7
15955,0,0
15956,3,8
15957,0,6
15958,1,2
15959,9,1
15960,9,6
15961,0,6
15962,2,1
15963,5,8
15964,2,1
15965,7,0
15966,3,2
15967,9,1
15968,4,3
15969,4,5
15970,2,9
15971,7,0
15972,5,9
15973,6,8
15974,2,1
15975,4,5
15976,2,7
15977,2,1
15978,9,6
15979,6,8
15980,4,3
15981,5,4
15982,3,2
15983,2,7
15984,4,5
15985,0,6
15986,1,3
15987,2,9
15988,4,8
15989,0,1
15990,4,3
15991,2,9
15992,8,0
15993,7,0
15994,3,2
15995,0,6
15996,4,5
15997,2,7
15998,2,7
15999,1,1
16000,3,8
16001,9,2
16002,0,6
16003,4,3
16004,2,7
16005,2,9
16006,5,9
16007,9,2
16008,2,9
16009,5,4
16010,4,5
16011,9,5
16012,5,1
16013,1,3
16014,1,1
16015,2,7
16016,2,7
16017,4,5
16018,1,2
16019,1,3
16020,5,9
16021,9,1
16022,4,8
16023,6,8
16024,9,2
16025,1,2
16026,5,8
16027,9,2
16028,4,5
16029,1,3
16030,3,2
16031,7,0
16032,9,6
16033,9,2
16034,2,9
16035,2,9
16036,9,8
16037,5,4
16038,4,5
16039,2,9
16040,5,8
16041,6,7
16042,4,8
16043,0,0
16044,5,8
16045,0,0
16046,3,2
16047,1,2
16048,5,4
16049,2,7
16050,2,1
16051,2,4
16052,2,7
16053,2,9
16054,0,6
16055,2,9
16056,4,6
16057,9,2
16058,3,2
16059,2,8
16060,3,2
16061,5,1
16062,5,1
16063,4,5
16064,0,6
16065,0,6
16066,4,8
16067,2,9
16068,5,4
16069,2,8
16070,9,6
16071,1,3
16072,4,5
16073,6,8
16074,4,3
16075,3,3
16076,2,1
16077,0,6
16078,4,3
16079,2,7
16080,5,1
16081,0,0
16082,2,9
16083,7,0
16084,4,5
16085,7,0
16086,2,1
16087,1,1
16088,9,6
16089,9,2
16090,2,9
16091,4,3
16092,4,5
16093,5,4
16094,5,4
16095,4,5
16096,1,3
16097,0,6
16098,5,4
16099,2,7
16100,5,7
16101,6,8
16102,0,6
16103,2,9
16104,3,2
16105,7,0
16106,2,9
16107,1,1
16108,3,2
16109,9,2
16110,2,1
16111,4,3
16112,4,5
16113,2,7
16114,4,8
16115,6,8
16116,4,5
16117,2,9
16118,9,6
16119,7,0
16120,4,5
16121,1,1
16122,7,0
16123,9,2
16124,1,2
16125,3,3
16126,4,5
16127,5,4
16128,5,8
16129,4,5
16130,2,1
16131,9,6
16132,5,9
16133,2,7
16134,4,3
16135,6,8
16136,7,0
16137,2,9
16138,2,7
16139,7,0
16140,3,2
16141,6,8
16142,3,2
16143,2,7
16144,0,0
16145,3,8
16146,3,2
16147,2,9
16148,9,1
16149,5,9
16150,2,7
16151,7,0
16152,5,9
16153,2,1
16154,4,8
16155,5,4
16156,4,3
16157,4,5
16158,4,8
16159,1,1
16160,9,6
16161,0,6
16162,2,7
16163,7,0
16164,4,5
16165,9,5
16166,3,2
16167,0,6
16168,5,4
16169,2,7
16170,8,9
16171,3,3
16172,6,8
16173,5,9
16174,4,5
16175,5,9
16176,3,2
16177,3,3
16178,8,0
16179,6,8
16180,5,4
16181,1,1
16182,5,8
16183,9,2
16184,4,8
16185,5,9
16186,2,7
16187,0,6
16188,9,6
16189,2,7
16190,4,3
16191,3,3
16192,7,0
16193,3,3
16194,2,7
16195,5,4
16196,7,2
16197,2,7
16198,2,2
16199,2,7
16200,3,2
16201,2,9
16202,8,0
16203,1,1
16204,2,1
16205,2,7
16206,5,4
16207,0,6
16208,4,3
16209,9,2
16210,4,5
16211,1,1
16212,2,7
16213,4,5
16214,5,4
16215,9,5
16216,5,4
16217,7,0
16218,5,1
16219,9,5
16220,4,3
16221,7,0
16222,5,1
16223,4,8
16224,5,1
16225,5,4
16226,2,7
16227,7,0
16228,2,1
16229,3,3
16230,4,8
16231,6,8
16232,2,8
16233,5,1
16234,9,1
16235,3,2
16236,9,1
16237,9,2
16238,0,0
16239,3,3
16240,2,7
16241,5,1
16242,4,5
16243,1,3
16244,8,0
16245,9,6
16246,4,8
16247,2,7
16248,2,7
16249,1,3
16250,5,9
16251,5,4
16252,4,8
16253,2,9
16254,5,1
16255,9,6
16256,2,9
16257,4,5
16258,9,6
16259,5,1
16260,4,3
16261,2,9
16262,2,1
16263,6,8
16264,3,7
16265,5,1
16266,4,8
16267,5,1
16268,4,5
16269,3,2
16270,2,9
16271,2,7
16272,2,7
16273,0,6
16274,4,8
16275,3,8
16276,4,5
16277,6,8
16278,5,1
16279,5,4
16280,5,9
16281,3,2
16282,2,8
16283,9,2
16284,4,8
16285,8,0
16286,8,0
16287,2,1
16288,2,7
16289,1,2
16290,5,4
16291,4,3
16292,5,1
16293,5,4
16294,3,2
16295,4,5
16296,3,3
16297,9,6
16298,9,2
16299,2,7
16300,5,1
16301,4,8
16302,5,4
16303,2,9
16304,2,7
16305,8,0
16306,8,0
16307,9,1
16308,5,1
16309,1,2
16310,4,5
16311,4,3
16312,5,4
16313,5,4
16314,5,4
16315,4,5
16316,2,7
16317,9,6
16318,8,0
16319,2,7
16320,3,2
16321,3,8
16322,4,8
16323,7,0
16324,2,7
16325,5,1
16326,7,0
16327,2,2
16328,1,2
16329,4,3
16330,2,9
16331,5,4
16332,9,6
16333,4,5
16334,5,1
16335,0,6
16336,4,3
16337,2,7
16338,5,4
16339,4,8
16340,4,8
16341,2,9
16342,5,9
16343,2,7
16344,3,3
16345,2,1
16346,9,6
16347,4,5
16348,2,1
16349,9,6
16350,5,9
16351,3,2
16352,7,0
16353,4,5
16354,7,0
16355,7,0
16356,4,5
16357,4,5
16358,4,5
16359,5,4
16360,5,9
16361,3,2
16362,5,1
16363,8,0
16364,4,5
16365,3,8
16366,4,3
16367,2,1
16368,5,1
16369,2,7
16370,4,3
16371,2,1
16372,4,3
16373,2,8
16374,4,5
16375,4,3
16376,5,1
16377,3,8
16378,9,6
16379,2,7
16380,4,5
16381,5,1
16382,4,8
16383,2,7
16384,4,5
16385,2,1
16386,3,3
16387,5,4
16388,5,9
16389,5,4
16390,3,2
16391,5,4
16392,2,1
16393,4,5
16394,2,7
16395,2,7
16396,8,0
16397,5,4
16398,3,8
16399,5,4
16400,4,5
16401,2,7
16402,8,0
16403,3,2
16404,9,2
16405,4,5
16406,4,5
16407,3,3
16408,3,2
16409,2,9
16410,9,6
16411,4,3
16412,7,0
16413,2,9
16414,4,3
16415,7,0
16416,6,8
16417,4,8
16418,2,1
16419,2,7
16420,2,7
16421,2,9
16422,2,9
16423,7,0
16424,4,5
16425,0,6
16426,4,5
16427,3,3
16428,8,0
16429,8,0
16430,9,6
16431,5,4
16432,5,8
16433,9,6
16434,5,4
16435,3,3
16436,9,6
16437,2,7
16438,5,4
16439,7,0
16440,5,8
16441,2,1
16442,4,5
16443,5,4
16444,4,9
16445,1,8
16446,5,5
16447,5,1
16448,5,4
16449,5,2
16450,5,4
16451,2,9
16452,9,6
16453,3,3
16454,2,7
16455,2,1
16456,3,2
16457,3,8
16458,5,1
16459,5,4
16460,8,0
16461,3,2
16462,4,3
16463,2,9
16464,5,4
16465,1,8
16466,5,4
16467,2,8
16468,5,1
16469,0,6
16470,2,9
16471,4,5
16472,9,2
16473,7,2
16474,8,0
16475,1,1
16476,5,9
16477,2,9
16478,2,7
16479,2,2
16480,5,9
16481,2,9
16482,1,2
16483,1,1
16484,8,0
16485,8,0
16486,4,8
16487,4,5
16488,9,9
16489,4,3
16490,4,5
16491,4,3
16492,4,3
16493,0,6
16494,4,5
16495,9,1
16496,2,7
16497,3,2
16498,8,0
16499,4,5
16500,3,8
16501,3,0
16502,1,3
16503,4,3
16504,4,3
16505,2,7
16506,9,6
16507,9,6
16508,5,1
16509,2,1
16510,1,3
16511,3,5
16512,4,3
16513,4,5
16514,2,7
16515,2,9
16516,8,0
16517,2,8
16518,7,0
16519,7,0
16520,8,0
16521,2,9
16522,5,9
16523,7,0
16524,2,7
16525,2,1
16526,5,4
16527,3,2
16528,2,7
16529,4,3
16530,4,3
16531,5,4
16532,1,2
16533,4,5
16534,9,6
16535,9,6
16536,5,1
16537,2,7
16538,0,6
16539,5,8
16540,8,0
16541,2,9
16542,5,4
16543,7,0
16544,1,2
16545,9,1
16546,2,1
16547,3,2
16548,2,7
16549,4,3
16550,0,6
16551,5,4
16552,4,8
16553,4,5
16554,5,8
16555,9,6
16556,4,3
16557,2,7
16558,4,5
16559,2,8
16560,4,6
16561,2,9
16562,5,1
16563,7,0
16564,4,3
16565,5,1
16566,5,4
16567,9,2
16568,5,9
16569,4,3
16570,5,9
16571,5,4
16572,8,4
16573,4,5
16574,4,5
16575,9,6
16576,3,2
16577,2,7
16578,5,4
16579,2,8
16580,2,9
16581,2,9
16582,4,5
16583,0,6
16584,4,3
16585,8,0
16586,4,5
16587,3,3
16588,5,9
16589,5,4
16590,8,6
16591,9,1
16592,4,5
16593,5,4
16594,2,7
16595,8,0
16596,2,7
16597,5,8
16598,7,0
16599,9,6
16600,5,4
16601,5,4
16602,2,9
16603,4,5
16604,0,6
16605,5,4
16606,8,0
16607,8,0
16608,9,1
16609,2,7
16610,9,1
16611,2,8
16612,5,4
16613,2,7
16614,5,1
16615,2,7
16616,9,6
16617,2,9
16618,8,0
16619,7,0
16620,3,3
16621,2,9
16622,5,9
16623,2,7
16624,6,8
16625,5,4
16626,3,3
16627,9,2
16628,2,9
16629,4,5
16630,2,7
16631,4,8
16632,9,6
16633,4,5
16634,7,0
16635,2,9
16636,5,1
16637,4,8
16638,2,2
16639,5,8
16640,8,0
16641,2,7
16642,8,0
16643,1,1
16644,2,7
16645,1,3
16646,4,5
16647,4,5
16648,0,6
16649,3,3
16650,3,2
16651,5,1
16652,5,4
16653,9,6
16654,1,2
16655,4,5
16656,2,1
16657,3,3
16658,2,8
16659,2,8
16660,2,1
16661,2,7
16662,3,2
16663,4,3
16664,3,2
16665,5,1
16666,9,6
16667,9,6
16668,9,6
16669,2,8
16670,2,1
16671,4,5
16672,2,7
16673,5,9
16674,9,1
16675,3,2
16676,9,3
16677,2,2
16678,4,3
16679,8,0
16680,5,4
16681,5,9
16682,4,5
16683,3,2
16684,9,6
16685,5,4
16686,5,1
16687,2,7
16688,3,8
16689,3,3
16690,3,2
16691,9,1
16692,4,5
16693,3,3
16694,5,1
16695,9,6
16696,2,7
16697,9,2
16698,9,5
16699,5,1
16700,2,7
16701,9,2
16702,5,9
16703,9,6
16704,2,9
16705,7,0
16706,2,4
16707,3,2
16708,4,3
16709,1,2
16710,2,7
16711,2,7
16712,2,7
16713,1,1
16714,9,1
16715,4,3
16716,0,2
16717,2,7
16718,2,1
16719,5,4
16720,2,1
16721,2,7
16722,2,1
16723,5,4
16724,4,8
16725,5,8
16726,9,6
16727,2,9
16728,9,6
16729,3,2
16730,4,8
16731,5,9
16732,4,3
16733,4,5
16734,5,9
16735,9,1
16736,0,6
16737,4,5
16738,5,4
16739,9,6
16740,2,9
16741,3,8
16742,5,1
16743,3,3
16744,9,2
16745,4,5
16746,9,6
16747,9,6
16748,4,3
16749,7,0
16750,4,8
16751,2,9
16752,2,8
16753,2,9
16754,9,2
16755,3,3
16756,2,7
16757,5,1
16758,8,0
16759,5,1
16760,3,2
16761,7,0
16762,5,8
16763,4,3
16764,4,3
16765,0,4
16766,9,6
16767,9,5
16768,4,6
16769,0,6
16770,2,9
16771,6,7
16772,9,2
16773,6,8
16774,3,3
16775,2,9
16776,2,9
16777,7,0
16778,8,9
16779,3,1
16780,4,5
16781,3,2
16782,9,6
16783,3,3
16784,4,5
16785,6,8
16786,9,6
16787,7,0
16788,0,6
16789,3,1
16790,4,8
16791,3,2
16792,9,6
16793,4,3
16794,3,2
16795,6,7
16796,9,6
16797,3,8
16798,4,8
16799,6,9
16800,2,7
16801,2,9
16802,5,4
16803,7,0
16804,2,9
16805,9,1
16806,2,9
16807,5,4
16808,8,9
16809,6,7
16810,3,2
16811,3,3
16812,1,2
16813,3,2
16814,2,9
16815,2,9
16816,5,9
16817,7,0
16818,5,4
16819,0,5
16820,4,8
16821,0,6
16822,9,6
16823,6,7
16824,4,8
16825,3,3
16826,4,8
16827,2,9
16828,5,8
16829,2,9
16830,9,6
16831,3,3
16832,4,5
16833,3,8
16834,4,5
16835,9,1
16836,2,7
16837,9,2
16838,5,1
16839,2,9
16840,2,7
16841,0,6
16842,2,7
16843,2,7
16844,4,5
16845,4,5
16846,5,9
16847,0,6
16848,2,7
16849,4,3
16850,5,4
16851,2,4
16852,2,7
16853,2,9
16854,2,9
16855,2,1
16856,5,4
16857,3,2
16858,7,2
16859,2,9
16860,4,8
16861,3,3
16862,4,5
16863,5,4
16864,4,8
16865,2,4
16866,0,0
16867,3,3
16868,8,0
16869,3,1
16870,4,8
16871,6,7
16872,5,1
16873,3,3
16874,5,4
16875,6,4
16876,5,1
16877,2,9
16878,5,9
16879,0,6
16880,5,8
16881,2,9
16882,2,7
16883,6,8
16884,2,9
16885,2,1
16886,5,4
16887,0,1
16888,8,0
16889,0,6
16890,9,6
16891,0,6
16892,3,3
16893,6,8
16894,9,6
16895,3,2
16896,9,6
16897,6,8
16898,9,6
16899,0,4
16900,4,3
16901,6,8
16902,4,2
16903,7,0
16904,5,1
16905,8,0
16906,2,1
16907,5,1
16908,4,5
16909,4,2
16910,4,5
16911,1,3
16912,5,4
16913,2,4
16914,5,1
16915,2,7
16916,3,2
16917,5,8
16918,5,9
16919,2,9
16920,5,8
16921,7,0
16922,3,3
16923,9,1
16924,1,3
16925,4,2
16926,9,5
16927,1,3
16928,8,0
16929,5,4
16930,5,1
16931,3,5
16932,2,1
16933,9,6
16934,5,9
16935,2,7
16936,9,6
16937,4,8
16938,9,1
16939,2,9
16940,4,3
16941,8,0
16942,5,4
16943,5,1
16944,2,1
16945,1,3
16946,9,1
16947,5,4
16948,4,2
16949,2,7
16950,5,1
16951,8,8
16952,1,2
16953,2,9
16954,4,3
16955,5,8
16956,4,5
16957,9,6
16958,1,2
16959,4,5
16960,2,1
16961,8,0
16962,2,7
16963,9,6
16964,8,8
16965,6,8
16966,2,7
16967,2,9
16968,5,9
16969,5,4
16970,2,7
16971,3,1
16972,6,8
16973,2,9
16974,4,8
16975,7,0
16976,9,6
16977,0,4
16978,2,7
16979,6,8
16980,4,5
16981,2,9
16982,5,4
16983,3,1
16984,2,7
16985,6,4
16986,2,7
16987,8,0
16988,9,1
16989,9,2
16990,2,7
16991,5,1
16992,5,9
16993,4,5
16994,4,8
16995,5,4
16996,5,4
16997,0,0
16998,9,6
16999,2,7
17000,4,3
17001,0,6
17002,2,9
17003,8,0
17004,0,6
17005,5,1
17006,4,5
17007,2,7
17008,9,6
17009,7,0
17010,2,3
17011,0,6
17012,5,1
17013,3,8
17014,0,6
17015,5,4
17016,4,5
17017,2,7
17018,5,4
17019,2,9
17020,5,4
17021,3,8
17022,5,1
17023,9,6
17024,4,5
17025,8,0
17026,4,3
17027,5,8
17028,5,1
17029,5,1
17030,9,1
17031,2,7
17032,2,1
17033,2,7
17034,9,6
17035,5,1
17036,4,8
17037,1,3
17038,4,3
17039,9,2
17040,4,3
17041,1,3
17042,5,1
17043,6,1
17044,2,7
17045,5,4
17046,3,2
17047,9,2
17048,8,0
17049,7,0
17050,7,0
17051,8,0
17052,1,2
17053,2,7
17054,2,7
17055,1,8
17056,4,8
17057,2,4
17058,5,1
17059,9,6
17060,4,8
17061,2,9
17062,4,3
17063,1,3
17064,7,0
17065,2,8
17066,9,6
17067,5,4
17068,2,7
17069,2,7
17070,9,2
17071,4,2
17072,2,1
17073,4,5
17074,5,4
17075,9,6
17076,5,4
17077,3,3
17078,9,2
17079,9,6
17080,9,2
17081,2,9
17082,5,3
17083,9,6
17084,4,8
17085,3,3
17086,2,7
17087,3,2
17088,1,3
17089,4,2
17090,2,1
17091,5,4
17092,5,9
17093,4,6
17094,4,5
17095,8,0
17096,2,8
17097,4,5
17098,9,6
17099,4,5
17100,3,3
17101,2,1
17102,5,4
17103,4,3
17104,4,3
17105,4,3
17106,8,0
17107,2,9
17108,7,0
17109,2,7
17110,3,2
17111,3,8
17112,3,8
17113,2,7
17114,2,7
17115,9,2
17116,4,3
17117,2,7
17118,4,5
17119,2,9
17120,8,6
17121,4,8
17122,7,0
17123,4,2
17124,8,0
17125,5,1
17126,0,6
17127,1,3
17128,6,8
17129,6,1
17130,5,1
17131,3,3
17132,2,5
17133,7,0
17134,8,0
17135,5,1
17136,2,7
17137,3,2
17138,4,5
17139,3,3
17140,2,7
17141,5,4
17142,2,9
17143,2,7
17144,2,7
17145,3,8
17146,1,3
17147,2,9
17148,4,3
17149,7,0
17150,9,6
17151,9,1
17152,5,9
17153,9,2
17154,4,3
17155,3,3
17156,4,5
17157,5,4
17158,5,4
17159,9,5
17160,6,8
17161,0,6
17162,4,8
17163,2,7
17164,9,6
17165,3,8
17166,2,9
17167,2,9
17168,0,6
17169,0,0
17170,1,8
17171,5,1
17172,4,5
17173,3,2
17174,0,6
17175,1,3
17176,9,6
17177,2,7
17178,4,8
17179,6,8
17180,2,1
17181,2,9
17182,5,4
17183,2,7
17184,5,1
17185,2,7
17186,5,9
17187,0,0
17188,9,2
17189,3,3
17190,2,9
17191,5,1
17192,1,3
17193,3,8
17194,4,8
17195,2,9
17196,4,8
17197,3,8
17198,5,4
17199,0,6
17200,8,0
17201,9,5
17202,7,2
17203,0,4
17204,8,6
17205,6,7
17206,2,7
17207,3,3
17208,3,3
17209,3,1
17210,0,0
17211,2,9
17212,7,2
17213,2,1
17214,8,0
17215,0,4
17216,5,2
17217,4,5
17218,5,4
17219,4,5
17220,2,2
17221,0,6
17222,9,8
17223,7,0
17224,4,5
17225,5,1
17226,2,9
17227,3,3
17228,2,7
17229,0,6
17230,4,2
17231,0,4
17232,5,1
17233,6,8
17234,2,9
17235,6,9
17236,8,0
17237,3,8
17238,5,4
17239,2,5
17240,5,1
17241,3,2
17242,4,3
17243,2,1
17244,1,8
17245,3,0
17246,3,2
17247,4,5
17248,2,7
17249,0,6
17250,5,4
17251,0,6
17252,9,6
17253,3,3
17254,5,1
17255,3,3
17256,5,4
17257,3,3
17258,1,3
17259,5,1
17260,2,1
17261,2,7
17262,5,1
17263,0,2
17264,4,5
17265,9,2
17266,1,2
17267,2,7
17268,5,4
17269,6,2
17270,4,8
17271,3,3
17272,3,2
17273,0,6
17274,4,3
17275,3,8
17276,5,4
17277,4,5
17278,2,7
17279,1,1
17280,4,3
17281,5,4
17282,2,7
17283,2,9
17284,9,6
17285,7,0
17286,5,1
17287,9,6
17288,4,3
17289,6,8
17290,4,8
17291,3,8
17292,4,3
17293,7,0
17294,4,5
17295,3,3
17296,8,9
17297,2,9
17298,4,5
17299,5,4
17300,5,4
17301,3,3
17302,5,8
17303,2,7
17304,7,0
17305,3,1
17306,2,7
17307,2,7
17308,4,3
17309,0,6
17310,5,9
17311,2,9
17312,4,5
17313,5,4
17314,8,0
17315,3,2
17316,2,7
17317,2,9
17318,3,3
17319,2,9
17320,4,3
17321,2,4
17322,8,0
17323,6,9
17324,4,3
17325,0,4
17326,9,6
17327,7,0
17328,1,3
17329,2,7
17330,3,3
17331,3,1
17332,9,6
17333,3,3
17334,0,0
17335,7,0
17336,1,2
17337,9,1
17338,4,5
17339,3,2
17340,2,7
17341,3,3
17342,5,9
17343,2,7
17344,9,6
17345,6,8
17346,5,9
17347,2,9
17348,4,8
17349,7,0
17350,2,7
17351,1,1
17352,4,3
17353,9,2
17354,4,3
17355,3,3
17356,2,7
17357,5,4
17358,1,8
17359,2,7
17360,8,0
17361,3,8
17362,6,8
17363,2,9
17364,5,8
17365,7,0
17366,4,5
17367,2,1
17368,2,7
17369,3,2
17370,2,7
17371,3,3
17372,9,2
17373,2,7
17374,3,2
17375,6,8
17376,7,0
17377,2,9
17378,5,1
17379,0,0
17380,2,7
17381,7,0
17382,9,6
17383,2,7
17384,2,9
17385,0,5
17386,4,3
17387,0,5
17388,2,7
17389,3,3
17390,5,4
17391,2,7
17392,8,0
17393,2,8
17394,2,1
17395,0,6
17396,9,6
17397,0,6
17398,2,9
17399,5,4
17400,4,5
17401,0,6
17402,9,1
17403,3,3
17404,4,3
17405,6,8
17406,5,4
17407,6,8
17408,9,6
17409,1,3
17410,5,9
17411,7,0
17412,5,4
17413,2,1
17414,4,5
17415,5,4
17416,9,6
17417,5,4
17418,2,1
17419,2,7
17420,2,7
17421,3,3
17422,1,1
17423,2,1
17424,2,7
17425,2,1
17426,9,6
17427,2,9
17428,5,4
17429,1,1
17430,2,1
17431,3,2
17432,9,2
17433,2,1
17434,9,2
17435,3,3
17436,4,5
17437,2,9
17438,9,1
17439,3,2
17440,2,7
17441,2,7
17442,4,3
17443,2,7
17444,5,4
17445,2,9
17446,4,5
17447,2,9
17448,1,2
17449,7,0
17450,5,4
17451,5,4
17452,8,0
17453,0,5
17454,8,0
17455,2,9
17456,4,8
17457,2,1
17458,7,0
17459,2,1
17460,4,3
17461,4,5
17462,8,0
17463,2,9
17464,4,2
17465,2,1
17466,7,0
17467,3,3
17468,4,5
17469,5,4
17470,4,3
17471,3,3
17472,5,1
17473,5,1
17474,5,4
17475,2,9
17476,8,0
17477,2,1
17478,9,4
17479,7,0
17480,3,2
17481,2,7
17482,3,2
17483,2,7
17484,9,6
17485,7,0
17486,5,7
17487,3,1
17488,5,1
17489,3,2
17490,2,7
17491,3,3
17492,5,4
17493,5,4
17494,8,5
17495,9,5
17496,1,3
17497,2,7
17498,5,4
17499,6,8
17500,3,2
17501,2,9
17502,4,5
17503,3,0
17504,4,5
17505,3,1
17506,4,8
17507,3,2
17508,8,0
17509,3,3
17510,9,6
17511,5,4
17512,3,8
17513,2,7
17514,4,5
17515,6,8
17516,3,2
17517,6,9
17518,8,0
17519,3,0
17520,1,2
17521,3,3
17522,4,5
17523,5,4
17524,9,6
17525,2,7
17526,4,3
17527,6,8
17528,9,6
17529,2,9
17530,4,8
17531,2,9
17532,2,7
17533,2,7
17534,7,0
17535,7,0
17536,5,4
17537,2,9
17538,9,1
17539,3,0
17540,4,1
17541,3,1
17542,8,6
17543,9,5
17544,4,5
17545,6,8
17546,9,6
17547,6,8
17548,1,2
17549,3,0
17550,2,9
17551,2,9
17552,5,4
17553,3,3
17554,9,1
17555,7,2
17556,9,6
17557,2,7
17558,4,5
17559,6,8
17560,5,1
17561,5,4
17562,5,9
17563,0,6
17564,5,8
17565,5,4
17566,9,2
17567,0,5
17568,5,4
17569,3,3
17570,2,9
17571,2,9
17572,4,5
17573,2,4
17574,1,3
17575,3,3
17576,5,4
17577,5,4
17578,4,5
17579,3,2
17580,4,3
17581,7,0
17582,4,3
17583,4,5
17584,4,5
17585,7,0
17586,5,1
17587,3,1
17588,4,3
17589,0,6
17590,5,4
17591,2,9
17592,5,4
17593,3,3
17594,1,8
17595,7,2
17596,3,8
17597,2,9
17598,4,5
17599,5,1
17600,3,2
17601,0,6
17602,1,8
17603,3,0
17604,5,4
17605,3,1
17606,8,0
17607,3,1
17608,4,5
17609,6,8
17610,4,5
17611,7,0
17612,5,9
17613,5,4
17614,5,8
17615,2,7
17616,9,6
17617,2,7
17618,9,1
17619,0,6
17620,8,0
17621,3,3
17622,2,9
17623,0,6
17624,4,3
17625,3,0
17626,9,6
17627,3,1
17628,5,8
17629,3,3
17630,2,7
17631,4,5
17632,4,3
17633,5,4
17634,4,3
17635,3,2
17636,9,6
17637,9,1
17638,9,1
17639,2,1
17640,5,4
17641,2,8
17642,4,5
17643,3,3
17644,5,9
17645,3,5
17646,4,3
17647,0,6
17648,8,0
17649,2,7
17650,2,1
17651,4,5
17652,9,6
17653,3,2
17654,2,8
17655,7,0
17656,5,9
17657,0,6
17658,4,8
17659,2,7
17660,9,2
17661,3,1
17662,5,1
17663,3,2
17664,2,1
17665,4,5
17666,2,9
17667,6,8
17668,3,8
17669,3,1
17670,4,6
17671,2,9
17672,4,8
17673,3,3
17674,5,9
17675,6,8
17676,3,3
17677,3,2
17678,5,4
17679,3,8
17680,4,5
17681,6,8
17682,5,9
17683,2,7
17684,1,2
17685,3,1
17686,9,6
17687,2,7
17688,3,8
17689,2,9
17690,5,4
17691,3,2
17692,2,9
17693,8,0
17694,5,4
17695,2,1
17696,2,7
17697,5,2
17698,4,9
17699,4,3
17700,4,8
17701,5,4
17702,5,9
17703,2,7
17704,5,1
17705,5,8
17706,5,1
17707,2,9
17708,5,9
17709,8,0
17710,4,3
17711,2,1
17712,4,3
17713,9,2
17714,2,7
17715,4,3
17716,4,5
17717,5,4
17718,2,7
17719,2,7
17720,2,9
17721,5,8
17722,4,5
17723,2,9
17724,2,7
17725,8,0
17726,8,0
17727,2,1
17728,9,6
17729,9,2
17730,5,4
17731,4,3
17732,4,5
17733,5,4
17734,4,3
17735,2,7
17736,5,4
17737,5,9
17738,8,0
17739,5,5
17740,5,4
17741,1,0
17742,4,5
17743,5,8
17744,5,4
17745,4,3
17746,5,4
17747,2,5
17748,9,1
17749,5,4
17750,5,1
17751,5,8
17752,4,3
17753,4,3
17754,4,3
17755,8,0
17756,5,8
17757,4,2
17758,5,9
17759,2,1
17760,5,8
17761,8,0
17762,2,7
17763,4,2
17764,9,6
17765,5,8
17766,1,3
17767,5,4
17768,2,8
17769,5,4
17770,8,0
17771,2,1
17772,2,7
17773,9,6
17774,5,4
17775,5,1
17776,2,7
17777,4,3
17778,4,3
17779,8,0
17780,4,5
17781,4,3
17782,5,1
17783,9,6
17784,4,8
17785,5,9
17786,9,2
17787,4,3
17788,9,6
17789,2,7
17790,1,3
17791,5,4
17792,8,9
17793,5,9
17794,4,5
17795,2,7
17796,9,6
17797,8,0
17798,2,7
17799,5,9
17800,2,7
17801,5,4
17802,5,1
17803,5,8
17804,3,8
17805,1,2
17806,5,1
17807,2,7
17808,3,8
17809,2,7
17810,4,3
17811,4,5
17812,5,1
17813,2,7
17814,9,6
17815,2,1
17816,2,7
17817,8,9
17818,5,8
17819,4,5
17820,4,3
17821,4,2
17822,5,4
17823,5,4
17824,5,9
17825,5,8
17826,5,9
17827,5,9
17828,7,0
17829,9,6
17830,2,7
17831,5,9
17832,1,3
17833,2,7
17834,5,1
17835,9,6
17836,9,2
17837,5,4
17838,7,0
17839,9,1
17840,3,2
17841,3,2
17842,5,4
17843,9,6
17844,5,4
17845,5,1
17846,2,1
17847,5,1
17848,5,9
17849,2,7
17850,5,4
17851,4,2
17852,0,6
17853,4,3
17854,5,1
17855,9,6
17856,5,1
17857,5,4
17858,5,9
17859,2,8
17860,5,9
17861,2,9
17862,5,4
17863,9,6
17864,4,3
17865,5,4
17866,2,7
17867,9,6
17868,5,4
17869,4,5
17870,5,4
17871,8,0
17872,5,1
17873,4,2
17874,9,6
17875,2,1
17876,9,6
17877,8,0
17878,4,8
17879,4,5
17880,4,2
17881,8,0
17882,2,7
17883,2,1
17884,3,2
17885,2,1
17886,4,5
17887,2,7
17888,2,1
17889,5,8
17890,4,5
17891,5,4
17892,9,2
17893,4,3
17894,3,8
17895,2,2
17896,5,4
17897,2,7
17898,5,4
17899,5,9
17900,5,1
17901,3,3
17902,5,9
17903,2,9
17904,4,3
17905,7,0
17906,4,3
17907,2,1
17908,4,3
17909,3,2
17910,9,6
17911,3,3
17912,9,2
17913,5,4
17914,4,5
17915,4,5
17916,5,4
17917,2,7
17918,5,7
17919,1,8
17920,4,5
17921,2,9
17922,5,4
17923,7,0
17924,3,8
17925,2,1
17926,5,4
17927,3,2
17928,5,1
17929,3,3
17930,8,0
17931,5,4
17932,8,0
17933,0,6
17934,5,4
17935,2,7
17936,5,9
17937,2,8
17938,2,1
17939,2,9
17940,2,4
17941,3,0
17942,5,1
17943,0,1
17944,5,4
17945,3,2
17946,2,7
17947,3,3
17948,4,8
17949,5,4
17950,4,8
17951,4,5
17952,4,8
17953,0,6
17954,5,4
17955,2,7
17956,8,0
17957,6,8
17958,4,9
17959,2,9
17960,4,1
17961,2,7
17962,2,7
17963,2,7
17964,1,1
17965,1,1
17966,4,3
17967,3,3
17968,8,0
17969,2,7
17970,5,4
17971,4,5
17972,5,9
17973,3,2
17974,2,7
17975,6,8
17976,5,4
17977,7,0
17978,2,9
17979,2,7
17980,9,6
17981,4,5
17982,9,6
17983,2,9
17984,4,1
17985,0,6
17986,5,1
17987,7,0
17988,3,3
17989,2,9
17990,4,8
17991,5,4
17992,3,2
17993,3,3
17994,5,9
17995,3,2
17996,0,6
17997,3,3
17998,9,6
17999,6,8
18000,5,4
18001,3,3
18002,2,7
18003,3,2
18004,1,3
18005,3,5
18006,2,7
18007,4,3
18008,5,4
18009,2,9
18010,3,2
18011,5,4
18012,6,8
18013,5,1
18014,5,8
18015,2,9
18016,5,1
18017,3,2
18018,4,5
18019,9,1
18020,2,7
18021,2,9
18022,7,0
18023,0,6
18024,5,9
18025,2,7
18026,5,4
18027,2,9
18028,7,0
18029,0,0
18030,4,3
18031,5,4
18032,9,6
18033,0,6
18034,9,6
18035,3,1
18036,3,2
18037,2,7
18038,7,2
18039,4,3
18040,3,2
18041,6,8
18042,8,0
18043,2,9
18044,4,3
18045,0,6
18046,2,7
18047,6,8
18048,2,7
18049,3,3
18050,5,1
18051,2,9
18052,9,6
18053,9,1
18054,5,4
18055,7,0
18056,5,4
18057,2,9
18058,9,6
18059,3,3
18060,5,9
18061,3,3
18062,5,4
18063,0,6
18064,8,0
18065,3,2
18066,2,7
18067,4,5
18068,9,6
18069,3,3
18070,5,1
18071,5,4
18072,9,1
18073,8,0
18074,5,1
18075,2,1
18076,9,6
18077,3,2
18078,2,8
18079,4,3
18080,4,5
18081,5,4
18082,2,9
18083,4,5
18084,3,2
18085,0,6
18086,2,7
18087,2,7
18088,5,4
18089,4,8
18090,4,5
18091,2,9
18092,5,4
18093,8,0
18094,0,6
18095,5,1
18096,0,6
18097,1,2
18098,5,4
18099,4,3
18100,2,7
18101,5,4
18102,8,0
18103,4,5
18104,4,8
18105,0,6
18106,5,9
18107,2,7
18108,3,3
18109,4,8
18110,1,2
18111,2,9
18112,7,0
18113,8,0
18114,3,8
18115,5,1
18116,2,1
18117,3,2
18118,5,9
18119,4,3
18120,4,3
18121,5,4
18122,2,7
18123,4,5
18124,8,0
18125,0,6
18126,5,8
18127,2,7
18128,9,6
18129,3,8
18130,9,8
18131,2,9
18132,8,0
18133,5,4
18134,9,6
18135,9,2
18136,5,4
18137,8,0
18138,2,9
18139,1,2
18140,9,6
18141,4,5
18142,2,7
18143,2,9
18144,9,6
18145,5,4
18146,2,9
18147,1,2
18148,5,1
18149,9,6
18150,4,8
18151,4,5
18152,2,7
18153,5,9
18154,9,6
18155,4,3
18156,4,8
18157,4,5
18158,9,2
18159,7,0
18160,2,7
18161,2,7
18162,4,5
18163,9,1
18164,3,2
18165,9,1
18166,1,9
18167,4,5
18168,9,6
18169,3,3
18170,2,7
18171,8,0
18172,4,5
18173,2,7
18174,5,1
18175,5,9
18176,2,1
18177,0,6
18178,8,0
18179,5,1
18180,5,4
18181,9,6
18182,5,1
18183,2,7
18184,5,4
18185,5,4
18186,4,5
18187,5,9
18188,2,1
18189,4,5
18190,5,4
18191,2,7
18192,1,2
18193,5,9
18194,9,6
18195,3,8
18196,0,1
18197,4,5
18198,9,2
18199,0,6
18200,5,4
18201,1,2
18202,5,4
18203,5,4
18204,2,7
18205,6,8
18206,1,2
18207,9,1
18208,7,0
18209,4,5
18210,9,2
18211,5,9
18212,8,0
18213,1,2
18214,7,8
18215,1,2
18216,9,2
18217,5,8
18218,1,3
18219,8,0
18220,9,6
18221,0,6
18222,8,0
18223,5,4
18224,1,2
18225,4,3
18226,4,1
18227,2,3
18228,5,9
18229,9,1
18230,3,2
18231,1,2
18232,8,0
18233,5,4
18234,4,5
18235,5,1
18236,1,2
18237,4,5
18238,0,6
18239,4,8
18240,4,3
18241,2,9
18242,2,8
18243,1,3
18244,4,3
18245,5,4
18246,5,4
18247,9,0
18248,4,5
18249,4,3
18250,0,6
18251,2,9
18252,3,3
18253,8,0
18254,4,5
18255,1,2
18256,5,1
18257,2,7
18258,2,1
18259,5,1
18260,3,2
18261,9,1
18262,9,6
18263,8,0
18264,9,2
18265,2,7
18266,5,1
18267,9,6
18268,4,3
18269,2,7
18270,5,1
18271,9,6
18272,4,8
18273,8,0
18274,4,3
18275,0,6
18276,4,5
18277,2,9
18278,8,0
18279,5,4
18280,4,3
18281,5,8
18282,5,1
18283,5,4
18284,7,0
18285,4,3
18286,2,1
18287,4,3
18288,3,8
18289,2,7
18290,3,2
18291,4,8
18292,0,6
18293,9,1
18294,5,4
18295,8,0
18296,5,9
18297,5,4
18298,4,5
18299,4,3
18300,3,2
18301,8,0
18302,9,6
18303,0,6
18304,2,1
18305,5,8
18306,5,4
18307,4,3
18308,5,4
18309,2,7
18310,5,8
18311,3,8
18312,9,6
18313,4,5
18314,4,1
18315,2,7
18316,9,1
18317,3,8
18318,9,2
18319,8,0
18320,2,7
18321,2,1
18322,2,7
18323,3,2
18324,7,0
18325,4,3
18326,4,5
18327,5,4
18328,9,6
18329,4,5
18330,9,6
18331,9,6
18332,5,4
18333,2,7
18334,8,8
18335,5,8
18336,9,6
18337,7,0
18338,4,8
18339,2,1
18340,4,5
18341,3,2
18342,4,5
18343,1,3
18344,9,6
18345,5,4
18346,2,7
18347,4,5
18348,2,8
18349,9,6
18350,2,9
18351,2,7
18352,1,1
18353,4,8
18354,9,6
18355,2,9
18356,9,2
18357,7,0
18358,2,7
18359,9,1
18360,2,1
18361,9,2
18362,5,4
18363,4,3
18364,4,5
18365,5,4
18366,4,5
18367,2,7
18368,4,8
18369,4,8
18370,3,2
18371,8,0
18372,2,1
18373,5,8
18374,2,9
18375,4,3
18376,0,6
18377,5,9
18378,4,8
18379,4,5
18380,4,3
18381,9,6
18382,5,9
18383,6,8
18384,5,1
18385,5,4
18386,3,2
18387,5,9
18388,9,6
18389,5,1
18390,4,3
18391,2,7
18392,2,7
18393,5,1
18394,3,2
18395,2,2
18396,4,8
18397,1,3
18398,5,4
18399,4,5
18400,2,1
18401,2,9
18402,2,7
18403,0,6
18404,4,5
18405,9,9
18406,3,8
18407,9,1
18408,2,7
18409,9,1
18410,2,7
18411,2,1
18412,7,0
18413,9,2
18414,4,8
18415,5,9
18416,4,5
18417,9,5
18418,4,5
18419,9,8
18420,5,4
18421,2,1
18422,0,6
18423,7,2
18424,8,0
18425,7,0
18426,1,3
18427,2,7
18428,9,6
18429,2,7
18430,9,6
18431,4,5
18432,9,6
18433,4,8
18434,4,8
18435,9,2
18436,5,4
18437,2,9
18438,5,4
18439,3,8
18440,9,5
18441,2,9
18442,9,1
18443,7,0
18444,5,1
18445,5,4
18446,4,5
18447,9,6
18448,5,9
18449,2,7
18450,4,8
18451,5,1
18452,5,1
18453,4,3
18454,9,2
18455,5,4
18456,4,5
18457,4,5
18458,5,9
18459,9,6
18460,3,2
18461,7,0
18462,8,0
18463,4,3
18464,8,0
18465,9,6
18466,4,8
18467,4,8
18468,5,1
18469,2,7
18470,4,5
18471,7,0
18472,2,7
18473,5,4
18474,5,1
18475,5,9
18476,4,5
18477,1,3
18478,4,8
18479,2,7
18480,3,2
18481,4,5
18482,5,1
18483,5,4
18484,5,4
18485,4,3
18486,7,0
18487,2,4
18488,2,1
18489,7,2
18490,5,4
18491,4,8
18492,5,1
18493,1,1
18494,2,7
18495,4,5
18496,5,4
18497,1,1
18498,2,7
18499,3,2
18500,5,9
18501,2,4
18502,2,7
18503,3,3
18504,5,4
18505,7,0
18506,5,9
18507,7,0
18508,4,5
18509,7,0
18510,5,9
18511,4,5
18512,5,4
18513,2,7
18514,9,2
18515,0,0
18516,5,1
18517,0,6
18518,4,5
18519,5,4
18520,9,6
18521,4,8
18522,4,3
18523,3,8
18524,9,1
18525,0,6
18526,3,2
18527,4,3
18528,4,3
18529,2,9
18530,9,6
18531,2,9
18532,2,7
18533,5,8
18534,2,7
18535,7,2
18536,9,6
18537,2,7
18538,8,0
18539,2,7
18540,5,1
18541,5,1
18542,4,3
18543,7,0
18544,3,2
18545,5,1
18546,9,1
18547,8,2
18548,0,6
18549,3,3
18550,4,5
18551,5,4
18552,2,9
18553,4,5
18554,2,9
18555,9,6
18556,2,7
18557,2,7
18558,2,9
18559,4,8
18560,5,4
18561,5,9
18562,2,9
18563,7,0
18564,8,0
18565,2,1
18566,1,2
18567,3,2
18568,2,1
18569,1,3
18570,5,4
18571,5,4
18572,7,0
18573,3,5
18574,4,8
18575,9,6
18576,9,6
18577,5,8
18578,5,4
18579,2,9
18580,2,8
18581,8,0
18582,5,4
18583,5,1
18584,3,3
18585,7,2
18586,7,0
18587,3,3
18588,4,3
18589,5,4
18590,8,0
18591,4,5
18592,5,4
18593,0,6
18594,3,5
18595,5,8
18596,5,4
18597,2,7
18598,7,9
18599,8,0
18600,4,5
18601,5,4
18602,5,9
18603,8,0
18604,5,4
18605,9,6
18606,8,0
18607,5,4
18608,0,6
18609,2,7
18610,5,9
18611,0,6
18612,4,3
18613,3,2
18614,1,8
18615,3,3
18616,2,7
18617,5,4
18618,3,8
18619,4,8
18620,9,2
18621,2,7
18622,9,2
18623,2,8
18624,5,9
18625,0,6
18626,4,3
18627,3,3
18628,5,9
18629,5,8
18630,4,3
18631,7,2
18632,3,2
18633,7,2
18634,3,2
18635,1,8
18636,5,4
18637,2,4
18638,5,4
18639,4,5
18640,2,1
18641,8,0
18642,6,8
18643,3,2
18644,6,8
18645,8,0
18646,3,3
18647,2,1
18648,2,7
18649,1,1
18650,7,0
18651,7,2
18652,0,6
18653,2,9
18654,5,4
18655,0,6
18656,2,1
18657,3,8
18658,8,0
18659,2,1
18660,5,8
18661,3,2
18662,9,2
18663,2,1
18664,5,1
18665,8,0
18666,5,9
18667,9,6
18668,5,9
18669,2,9
18670,9,6
18671,2,7
18672,0,6
18673,4,5
18674,4,8
18675,4,3
18676,4,5
18677,2,9
18678,9,6
18679,3,3
18680,5,9
18681,2,7
18682,2,7
18683,1,1
18684,1,2
18685,5,8
18686,5,4
18687,3,3
18688,5,9
18689,3,8
18690,6,8
18691,2,7
18692,5,1
18693,3,2
18694,2,9
18695,1,1
18696,4,5
18697,2,9
18698,2,9
18699,4,5
18700,2,9
18701,3,5
18702,9,6
18703,8,0
18704,9,6
18705,2,1
18706,2,7
18707,9,1
18708,5,4
18709,2,9
18710,4,8
18711,5,8
18712,8,0
18713,7,2
18714,2,8
18715,8,0
18716,9,6
18717,5,4
18718,8,0
18719,4,5
18720,5,7
18721,0,6
18722,5,9
18723,4,5
18724,5,4
18725,7,0
18726,5,4
18727,3,3
18728,2,9
18729,2,7
18730,5,4
18731,2,9
18732,9,6
18733,2,9
18734,2,7
18735,3,3
18736,2,7
18737,8,0
18738,5,9
18739,3,3
18740,4,8
18741,2,1
18742,4,3
18743,3,0
18744,2,9
18745,5,4
18746,5,9
18747,2,9
18748,3,2
18749,4,5
18750,8,0
18751,5,4
18752,4,3
18753,2,7
18754,2,7
18755,2,9
18756,2,9
18757,2,7
18758,5,1
18759,7,0
18760,5,1
18761,5,1
18762,4,8
18763,3,2
18764,1,2
18765,4,3
18766,4,3
18767,5,4
18768,9,1
18769,4,5
18770,4,3
18771,0,6
18772,9,6
18773,2,7
18774,4,8
18775,6,8
18776,3,2
18777,2,9
18778,4,5
18779,7,0
18780,7,2
18781,2,1
18782,4,5
18783,3,2
18784,2,7
18785,4,3
18786,5,9
18787,5,4
18788,9,6
18789,4,5
18790,2,1
18791,0,6
18792,5,1
18793,2,7
18794,8,0
18795,3,8
18796,1,3
18797,2,9
18798,3,8
18799,7,0
18800,2,1
18801,9,1
18802,4,3
18803,3,2
18804,4,2
18805,4,3
18806,5,1
18807,5,4
18808,4,5
18809,2,7
18810,3,7
18811,6,8
18812,4,3
18813,2,9
18814,4,3
18815,3,2
18816,2,7
18817,3,2
18818,2,7
18819,2,7
18820,5,9
18821,0,6
18822,4,5
18823,5,4
18824,2,7
18825,2,7
18826,4,3
18827,3,3
18828,5,9
18829,0,5
18830,5,1
18831,5,4
18832,8,0
18833,9,1
18834,2,7
18835,6,8
18836,7,0
18837,7,0
18838,9,6
18839,9,5
18840,4,3
18841,9,2
18842,5,9
18843,2,7
18844,2,7
18845,9,2
18846,5,4
18847,1,3
18848,9,6
18849,0,6
18850,3,2
18851,3,2
18852,2,1
18853,2,1
18854,5,4
18855,2,7
18856,5,8
18857,2,7
18858,7,0
18859,2,9
18860,2,9
18861,2,9
18862,4,3
18863,2,1
18864,9,2
18865,3,2
18866,5,4
18867,5,4
18868,7,0
18869,9,6
18870,5,1
18871,2,7
18872,8,8
18873,2,7
18874,5,9
18875,4,5
18876,2,7
18877,5,4
18878,8,0
18879,0,5
18880,2,1
18881,7,0
18882,4,5
18883,2,9
18884,1,8
18885,2,9
18886,5,1
18887,6,8
18888,5,4
18889,7,0
18890,4,8
18891,3,2
18892,7,0
18893,7,0
18894,2,7
18895,3,3
18896,7,0
18897,4,5
18898,5,4
18899,0,1
18900,9,2
18901,6,8
18902,3,8
18903,0,6
18904,9,6
18905,5,4
18906,5,1
18907,0,6
18908,9,6
18909,7,0
18910,2,7
18911,0,6
18912,2,1
18913,5,4
18914,8,0
18915,3,3
18916,5,9
18917,2,9
18918,9,1
18919,4,3
18920,4,3
18921,7,0
18922,3,2
18923,8,0
18924,4,3
18925,4,5
18926,7,0
18927,3,2
18928,5,9
18929,4,5
18930,9,2
18931,4,8
18932,4,5
18933,5,8
18934,4,5
18935,2,9
18936,8,0
18937,5,4
18938,4,5
18939,1,3
18940,5,1
18941,5,4
18942,2,1
18943,3,2
18944,2,9
18945,6,8
18946,3,2
18947,4,5
18948,4,3
18949,4,5
18950,2,7
18951,2,7
18952,4,8
18953,5,1
18954,5,4
18955,3,3
18956,9,6
18957,0,6
18958,5,1
18959,2,9
18960,4,3
18961,5,4
18962,5,7
18963,2,1
18964,4,3
18965,3,3
18966,2,7
18967,6,8
18968,4,5
18969,2,7
18970,8,0
18971,0,6
18972,9,2
18973,2,9
18974,4,3
18975,1,3
18976,5,9
18977,4,3
18978,3,2
18979,2,7
18980,2,1
18981,5,4
18982,9,6
18983,2,1
18984,4,9
18985,2,9
18986,3,3
18987,3,1
18988,5,4
18989,7,0
18990,5,4
18991,7,0
18992,1,3
18993,2,1
18994,4,8
18995,3,2
18996,2,9
18997,3,3
18998,9,2
18999,5,4
19000,1,8
19001,3,5
19002,9,6
19003,2,7
19004,7,0
19005,3,8
19006,8,0
19007,2,9
19008,8,0
19009,7,0
19010,1,1
19011,9,1
19012,7,0
19013,7,2
19014,4,3
19015,4,3
19016,4,3
19017,2,4
19018,2,1
19019,3,5
19020,4,5
19021,0,6
19022,4,5
19023,2,7
19024,5,9
19025,1,8
19026,5,4
19027,7,0
19028,3,2
19029,3,1
19030,5,9
19031,7,2
19032,5,4
19033,5,4
19034,5,4
19035,3,5
19036,2,1
19037,0,6
19038,8,0
19039,2,7
19040,9,6
19041,3,8
19042,2,9
19043,6,8
19044,9,4
19045,2,9
19046,4,8
19047,2,9
19048,9,6
19049,7,0
19050,2,7
19051,9,1
19052,1,8
19053,7,2
19054,2,7
19055,5,4
19056,4,5
19057,2,7
19058,3,1
19059,5,4
19060,7,0
19061,7,0
19062,9,6
19063,3,3
19064,5,4
19065,3,8
19066,9,6
19067,6,8
19068,2,1
19069,3,2
19070,9,1
19071,2,1
19072,8,0
19073,2,7
19074,8,0
19075,3,3
19076,5,4
19077,3,5
19078,4,5
19079,3,8
19080,7,0
19081,3,5
19082,7,0
19083,3,5
19084,3,2
19085,2,9
19086,1,7
19087,3,2
19088,5,4
19089,3,5
19090,2,1
19091,3,1
19092,3,3
19093,3,1
19094,5,1
19095,0,6
19096,5,1
19097,7,2
19098,8,9
19099,3,1
19100,2,1
19101,3,3
19102,5,1
19103,2,8
19104,8,0
19105,9,6
19106,4,5
19107,5,4
19108,4,5
19109,2,9
19110,1,3
19111,2,4
19112,5,4
19113,2,9
19114,4,3
19115,3,2
19116,3,3
19117,7,0
19118,9,6
19119,7,0
19120,2,9
19121,2,4
19122,5,1
19123,2,4
19124,2,8
19125,9,6
19126,5,9
19127,7,0
19128,5,8
19129,3,2
19130,4,5
19131,3,8
19132,1,2
19133,7,0
19134,9,6
19135,9,6
19136,5,1
19137,3,8
19138,5,4
19139,1,1
19140,5,9
19141,2,7
19142,9,6
19143,2,9
19144,2,9
19145,9,1
19146,5,9
19147,2,9
19148,2,8
19149,3,2
19150,5,1
19151,9,6
19152,1,2
19153,2,7
19154,3,2
19155,0,6
19156,7,0
19157,9,6
19158,5,1
19159,5,8
19160,4,5
19161,5,4
19162,4,5
19163,2,9
19164,2,7
19165,3,2
19166,7,0
19167,5,1
19168,5,1
19169,3,3
19170,4,5
19171,7,0
19172,2,7
19173,3,5
19174,4,5
19175,3,5
19176,9,1
19177,3,8
19178,5,9
19179,7,0
19180,8,0
19181,3,3
19182,4,8
19183,2,7
19184,2,7
19185,2,9
19186,4,5
19187,2,7
19188,9,1
19189,8,0
19190,8,9
19191,3,2
19192,5,4
19193,2,7
19194,9,8
19195,3,3
19196,9,6
19197,9,6
19198,5,4
19199,2,7
19200,3,3
19201,3,8
19202,5,4
19203,7,0
19204,4,8
19205,3,3
19206,9,6
19207,4,5
19208,9,6
19209,7,0
19210,4,2
19211,1,1
19212,2,9
19213,3,2
19214,2,8
19215,3,3
19216,7,0
19217,5,4
19218,9,6
19219,3,5
19220,5,9
19221,2,7
19222,3,3
19223,6,8
19224,5,8
19225,7,0
19226,2,7
19227,5,1
19228,9,6
19229,7,2
19230,4,3
19231,3,3
19232,9,2
19233,5,4
19234,4,3
19235,2,7
19236,4,5
19237,3,8
19238,3,3
19239,2,9
19240,8,0
19241,7,0
19242,6,8
19243,1,1
19244,7,9
19245,3,2
19246,4,3
19247,3,3
19248,3,2
19249,5,4
19250,4,3
19251,2,7
19252,9,4
19253,6,8
19254,4,9
19255,2,9
19256,2,9
19257,2,7
19258,0,0
19259,2,7
19260,2,7
19261,7,0
19262,2,7
19263,3,3
19264,4,3
19265,5,1
19266,3,3
19267,6,8
19268,5,9
19269,2,9
19270,2,7
19271,3,2
19272,4,6
19273,1,1
19274,9,6
19275,6,8
19276,9,6
19277,0,6
19278,1,1
19279,9,5
19280,4,3
19281,5,4
19282,2,1
19283,2,7
19284,2,7
19285,3,3
19286,5,4
19287,5,4
19288,4,5
19289,2,1
19290,9,6
19291,6,8
19292,7,0
19293,9,6
19294,5,4
19295,2,9
19296,3,2
19297,1,1
19298,9,6
19299,5,4
19300,5,9
19301,9,5
19302,4,3
19303,8,0
19304,5,1
19305,1,1
19306,4,5
19307,3,3
19308,8,0
19309,0,6
19310,5,9
19311,5,4
19312,2,7
19313,3,8
19314,9,2
19315,2,9
19316,9,6
19317,4,8
19318,4,5
19319,0,5
19320,5,9
19321,3,2
19322,4,9
19323,9,1
19324,5,2
19325,7,0
19326,4,3
19327,2,7
19328,2,5
19329,0,6
19330,0,6
19331,0,6
19332,0,6
19333,3,3
19334,2,7
19335,4,3
19336,3,2
19337,3,3
19338,4,3
19339,3,1
19340,5,4
19341,2,7
19342,4,3
19343,6,2
19344,6,7
19345,9,2
19346,2,1
19347,3,3
19348,4,3
19349,0,6
19350,4,8
19351,3,8
19352,2,7
19353,0,5
19354,4,5
19355,9,1
19356,9,6
19357,5,4
19358,4,8
19359,2,9
19360,0,0
19361,8,0
19362,2,8
19363,9,6
19364,4,5
19365,6,8
19366,4,5
19367,6,8
19368,4,3
19369,9,0
19370,2,7
19371,6,8
19372,2,7
19373,3,2
19374,4,5
19375,5,4
19376,8,0
19377,3,3
19378,5,4
19379,2,7
19380,5,4
19381,5,1
19382,9,6
19383,2,7
19384,9,6
19385,0,6
19386,4,3
19387,2,9
19388,5,1
19389,5,4
19390,4,5
19391,3,2
19392,4,8
19393,2,9
19394,5,1
19395,2,9
19396,4,5
19397,3,2
19398,4,5
19399,7,0
19400,5,1
19401,5,4
19402,3,2
19403,2,9
19404,5,4
19405,5,4
19406,5,4
19407,8,0
19408,0,6
19409,2,7
19410,1,1
19411,5,1
19412,5,9
19413,3,3
19414,5,4
19415,3,2
19416,2,7
19417,2,9
19418,5,4
19419,7,0
19420,5,1
19421,2,1
19422,4,5
19423,9,2
19424,2,7
19425,1,3
19426,9,6
19427,5,4
19428,8,9
19429,4,5
19430,4,5
19431,9,6
19432,9,2
19433,2,7
19434,2,7
19435,3,8
19436,4,5
19437,2,9
19438,4,3
19439,7,0
19440,5,1
19441,5,1
19442,4,3
19443,9,2
19444,3,2
19445,3,3
19446,2,1
19447,5,4
19448,2,7
19449,4,5
19450,3,2
19451,9,6
19452,5,1
19453,2,7
19454,8,0
19455,3,8
19456,4,5
19457,2,9
19458,2,8
19459,7,0
19460,4,8
19461,1,1
19462,9,6
19463,0,2
19464,9,6
19465,1,3
19466,9,2
19467,5,4
19468,3,2
19469,4,5
19470,5,8
19471,9,6
19472,4,5
19473,2,7
19474,4,3
19475,6,8
19476,4,5
19477,2,9
19478,5,4
19479,2,7
19480,7,0
19481,9,6
19482,4,1
19483,5,4
19484,5,4
19485,8,0
19486,5,1
19487,4,5
19488,9,6
19489,5,8
19490,8,0
19491,8,0
19492,8,0
19493,2,7
19494,5,9
19495,3,3
19496,9,6
19497,4,5
19498,5,4
19499,5,4
19500,4,3
19501,1,3
19502,7,2
19503,9,6
19504,8,0
19505,9,2
19506,4,5
19507,1,1
19508,1,2
19509,2,7
19510,2,1
19511,2,7
19512,5,9
19513,2,9
19514,5,4
19515,5,9
19516,2,1
19517,5,1
19518,4,3
19519,9,2
19520,5,4
19521,5,4
19522,5,4
19523,9,6
19524,5,2
19525,2,7
19526,5,1
19527,2,7
19528,5,1
19529,4,5
19530,9,6
19531,5,4
19532,9,6
19533,4,5
19534,2,7
19535,7,0
19536,4,3
19537,5,9
19538,5,8
19539,5,9
19540,2,8
19541,1,8
19542,8,0
19543,7,0
19544,5,1
19545,9,2
19546,2,9
19547,7,0
19548,1,3
19549,1,3
19550,8,0
19551,4,5
19552,2,1
19553,9,6
19554,8,0
19555,1,1
19556,4,2
19557,3,8
19558,8,9
19559,9,6
19560,2,9
19561,5,4
19562,9,6
19563,9,6
19564,5,4
19565,7,0
19566,3,8
19567,5,9
19568,1,2
19569,9,2
19570,6,8
19571,0,6
19572,2,7
19573,5,4
19574,2,7
19575,1,3
19576,8,9
19577,5,9
19578,4,5
19579,1,3
19580,2,7
19581,0,0
19582,4,8
19583,7,0
19584,8,0
19585,4,5
19586,4,9
19587,1,2
19588,7,0
19589,4,5
19590,9,5
19591,6,8
19592,2,7
19593,3,8
19594,8,0
19595,1,8
19596,5,9
19597,2,9
19598,5,1
19599,5,4
19600,4,8
19601,1,3
19602,3,2
19603,6,8
19604,8,0
19605,6,8
19606,9,2
19607,4,5
19608,5,4
19609,4,5
19610,4,5
19611,2,7
19612,8,0
19613,1,1
19614,5,1
19615,1,3
19616,5,9
19617,9,6
19618,4,8
19619,2,9
19620,4,3
19621,5,4
19622,2,1
19623,1,1
19624,0,6
19625,2,7
19626,5,1
19627,9,6
19628,7,0
19629,2,9
19630,2,1
19631,3,3
19632,9,2
19633,3,3
19634,5,4
19635,2,7
19636,2,7
19637,5,4
19638,4,5
19639,2,1
19640,5,1
19641,2,9
19642,2,7
19643,1,1
19644,2,9
19645,0,0
19646,7,0
19647,0,6
19648,2,7
19649,7,0
19650,5,8
19651,5,1
19652,5,1
19653,1,2
19654,3,2
19655,4,3
19656,9,6
19657,5,4
19658,2,7
19659,4,5
19660,1,3
19661,9,6
19662,4,8
19663,2,7
19664,7,0
19665,4,8
19666,5,4
19667,2,9
19668,2,7
19669,7,0
19670,4,5
19671,5,1
19672,5,4
19673,1,2
19674,5,1
19675,4,3
19676,4,5
19677,5,4
19678,9,6
19679,4,5
19680,3,2
19681,9,6
19682,8,0
19683,2,7
19684,9,6
19685,8,8
19686,8,0
19687,2,9
19688,9,2
19689,7,0
19690,5,9
19691,1,1
19692,5,8
19693,1,2
19694,9,2
19695,1,3
19696,2,9
19697,5,4
19698,9,6
19699,4,5
19700,5,4
19701,0,6
19702,4,5
19703,2,7
19704,2,7
19705,3,8
19706,4,5
19707,2,9
19708,4,3
19709,7,0
19710,9,6
19711,4,8
19712,9,6
19713,4,3
19714,7,0
19715,2,9
19716,5,8
19717,4,5
19718,5,9
19719,4,5
19720,5,8
19721,1,2
19722,9,6
19723,0,6
19724,5,1
19725,4,8
19726,8,0
19727,5,4
19728,2,9
19729,2,9
19730,2,9
19731,1,1
19732,7,0
19733,2,7
19734,4,3
19735,1,1
19736,4,3
19737,1,2
19738,8,0
19739,1,3
19740,2,7
19741,4,5
19742,5,1
19743,2,9
19744,8,0
19745,9,6
19746,4,5
19747,2,9
19748,5,9
19749,5,1
19750,1,2
19751,5,1
19752,4,5
19753,5,1
19754,0,6
19755,1,2
19756,2,8
19757,5,9
19758,3,3
19759,4,5
19760,8,0
19761,9,6
19762,0,6
19763,8,8
19764,3,2
19765,9,1
19766,2,9
19767,3,2
19768,2,1
19769,7,0
19770,8,0
19771,2,7
19772,8,0
19773,2,7
19774,8,0
19775,4,5
19776,9,1
19777,8,8
19778,2,9
19779,1,2
19780,2,7
19781,2,9
19782,1,1
19783,6,8
19784,1,2
19785,2,9
19786,7,0
19787,7,0
19788,9,6
19789,5,4
19790,5,8
19791,2,7
19792,4,8
19793,4,3
19794,5,4
19795,5,4
19796,7,0
19797,4,5
19798,7,0
19799,0,6
19800,2,7
19801,7,0
19802,3,2
19803,1,3
19804,2,1
19805,0,6
19806,5,9
19807,4,8
19808,3,2
19809,2,7
19810,5,4
19811,7,0
19812,5,7
19813,5,4
19814,4,9
19815,3,2
19816,9,1
19817,2,7
19818,7,0
19819,5,4
19820,4,5
19821,3,3
19822,8,0
19823,2,7
19824,8,9
19825,4,5
19826,4,8
19827,5,4
19828,9,6
19829,4,3
19830,5,1
19831,5,4
19832,8,9
19833,1,2
19834,1,3
19835,4,8
19836,4,3
19837,2,1
19838,2,7
19839,4,5
19840,5,4
19841,5,1
19842,2,7
19843,9,2
19844,2,7
19845,7,0
19846,4,5
19847,9,2
19848,0,6
19849,4,5
19850,2,1
19851,9,6
19852,4,5
19853,5,4
19854,9,2
19855,2,3
19856,7,0
19857,7,0
19858,4,5
19859,7,0
19860,2,9
19861,7,0
19862,4,5
19863,4,3
19864,4,8
19865,4,3
19866,8,3
19867,4,5
19868,5,5
19869,2,7
19870,4,5
19871,7,0
19872,8,0
19873,9,6
19874,4,5
19875,5,4
19876,3,2
19877,4,8
19878,3,3
19879,4,8
19880,5,1
19881,0,6
19882,5,4
19883,3,3
19884,5,1
19885,2,9
19886,8,2
19887,2,9
19888,8,5
19889,4,8
19890,3,2
19891,1,2
19892,0,5
19893,2,7
19894,5,1
19895,2,7
19896,0,6
19897,1,1
19898,5,1
19899,8,0
19900,8,0
19901,5,1
19902,7,0
19903,9,2
19904,2,7
19905,4,3
19906,9,8
19907,5,4
19908,8,0
19909,4,5
19910,5,9
19911,4,8
19912,2,7
19913,5,9
19914,5,9
19915,7,0
19916,0,6
19917,5,1
19918,9,1
19919,9,2
19920,4,5
19921,4,3
19922,5,4
19923,5,4
19924,8,0
19925,4,5
19926,9,2
19927,9,6
19928,2,8
19929,2,7
19930,8,0
19931,4,8
19932,4,8
19933,5,9
19934,5,9
19935,8,0
19936,5,4
19937,2,1
19938,5,9
19939,1,2
19940,5,1
19941,4,3
19942,4,5
19943,5,4
19944,4,5
19945,4,5
19946,9,6
19947,9,6
19948,2,8
19949,2,7
19950,4,3
19951,4,8
19952,5,4
19953,5,9
19954,0,6
19955,5,1
19956,9,6
19957,5,4
19958,4,5
19959,4,5
19960,9,6
19961,5,4
19962,4,3
19963,1,2
19964,9,6
19965,4,3
19966,5,1
19967,4,3
19968,2,1
19969,8,0
19970,9,6
19971,5,9
19972,8,9
19973,4,5
19974,8,0
19975,5,4
19976,4,3
19977,4,3
19978,2,7
19979,8,0
19980,4,5
19981,4,8
19982,1,2
19983,5,4
19984,9,6
19985,8,0
19986,9,6
19987,2,7
19988,4,8
19989,2,7
19990,7,0
19991,5,1
19992,5,9
19993,9,6
19994,4,5
19995,5,9
19996,3,5
19997,5,1
19998,5,4
19999,1,2
20000,4,5
20001,5,9
20002,2,7
20003,4,3
20004,2,7
20005,9,6
20006,4,5
20007,1,2
20008,5,4
20009,4,3
20010,8,0
20011,5,4
20012,7,0
20013,9,6
20014,2,8
20015,4,8
20016,3,3
20017,4,5
20018,1,1
20019,2,7
20020,4,8
20021,4,2
20022,3,2
20023,4,3
20024,4,8
20025,4,8
20026,5,9
20027,5,1
20028,3,2
20029,9,2
20030,2,7
20031,2,9
20032,2,7
20033,4,5
20034,4,5
20035,4,8
20036,1,1
20037,4,8
20038,4,5
20039,2,7
20040,5,4
20041,2,1
20042,3,2
20043,2,7
20044,4,5
20045,5,1
20046,5,1
20047,2,1
20048,1,7
20049,8,0
20050,9,9
20051,4,3
20052,5,1
20053,5,4
20054,5,9
20055,1,2
20056,5,4
20057,9,6
20058,9,1
20059,5,4
20060,8,0
20061,2,7
20062,2,8
20063,5,4
20064,9,1
20065,1,2
20066,2,1
20067,2,7
20068,4,8
20069,5,4
20070,2,1
20071,1,2
20072,2,3
20073,5,9
20074,5,4
20075,5,9
20076,0,6
20077,9,2
20078,4,2
20079,4,8
20080,4,3
20081,9,6
20082,5,4
20083,2,1
20084,2,9
20085,8,0
20086,5,9
20087,9,6
20088,0,0
20089,4,8
20090,2,7
20091,4,5
20092,4,5
20093,4,5
20094,2,1
20095,8,0
20096,4,3
20097,4,5
20098,5,4
20099,4,3
20100,2,2
20101,4,5
20102,4,8
20103,5,9
20104,9,6
20105,2,7
20106,4,8
20107,8,8
20108,9,1
20109,4,5
20110,5,4
20111,5,9
20112,2,9
20113,9,6
20114,7,0
20115,5,9
20116,9,8
20117,8,0
20118,5,4
20119,9,6
20120,4,5
20121,1,3
20122,9,6
20123,8,0
20124,9,6
20125,4,5
20126,2,9
20127,4,8
20128,7,0
20129,5,9
20130,5,9
20131,2,1
20132,5,1
20133,4,8
20134,2,7
20135,5,1
20136,9,6
20137,9,6
20138,2,9
20139,8,0
20140,4,5
20141,7,0
20142,9,6
20143,5,1
20144,5,4
20145,9,2
20146,2,1
20147,3,3
20148,9,6
20149,5,4
20150,9,3
20151,4,5
20152,9,6
20153,9,6
20154,9,6
20155,2,7
20156,9,6
20157,6,8
20158,2,7
20159,2,9
20160,3,2
20161,7,0
20162,2,7
20163,2,1
20164,2,9
20165,3,2
20166,4,3
20167,3,3
20168,0,6
20169,6,4
20170,8,9
20171,3,5
20172,5,4
20173,9,6
20174,8,0
20175,7,0
20176,5,4
20177,2,1
20178,5,1
20179,3,2
20180,5,4
20181,3,3
20182,5,4
20183,0,4
20184,5,9
20185,4,5
20186,4,5
20187,9,6
20188,5,9
20189,2,7
20190,0,5
20191,3,8
20192,1,3
20193,2,9
20194,1,1
20195,5,1
20196,2,9
20197,5,4
20198,3,8
20199,4,5
20200,4,5
20201,3,3
20202,5,9
20203,3,3
20204,4,8
20205,7,0
20206,5,7
20207,2,9
20208,5,4
20209,4,5
20210,4,5
20211,2,4
20212,9,1
20213,1,3
20214,2,7
20215,7,0
20216,2,9
20217,3,8
20218,2,7
20219,5,4
20220,4,3
20221,9,6
20222,4,3
20223,2,7
20224,1,2
20225,7,0
20226,3,7
20227,2,7
20228,5,9
20229,2,7
20230,5,4
20231,3,1
20232,2,1
20233,0,6
20234,5,4
20235,2,9
20236,9,4
20237,2,1
20238,8,0
20239,9,2
20240,3,2
20241,2,9
20242,1,2
20243,4,3
20244,8,0
20245,9,6
20246,3,5
20247,9,2
20248,5,9
20249,3,3
20250,5,4
20251,5,4
20252,4,3
20253,9,6
20254,5,9
20255,2,7
20256,8,0
20257,3,2
20258,5,4
20259,3,3
20260,2,7
20261,6,8
20262,5,4
20263,2,1
20264,2,9
20265,5,2
20266,4,5
20267,2,9
20268,1,2
20269,6,8
20270,5,9
20271,3,8
20272,9,6
20273,2,7
20274,2,1
20275,5,1
20276,5,4
20277,2,7
20278,4,3
20279,9,1
20280,2,7
20281,5,1
20282,5,9
20283,0,0
20284,1,2
20285,3,3
20286,0,6
20287,0,4
20288,9,6
20289,3,2
20290,5,9
20291,9,6
20292,0,0
20293,5,4
20294,5,4
20295,2,7
20296,2,7
20297,5,4
20298,5,1
20299,3,2
20300,2,8
20301,2,7
20302,9,1
20303,2,4
20304,2,7
20305,3,2
20306,4,5
20307,2,9
20308,5,9
20309,3,2
20310,2,7
20311,2,7
20312,2,7
20313,3,2
20314,1,3
20315,6,8
20316,5,9
20317,9,6
20318,2,7
20319,2,1
20320,9,6
20321,7,0
20322,5,1
20323,0,6
20324,9,6
20325,9,5
20326,4,3
20327,5,1
20328,2,8
20329,1,3
20330,2,9
20331,3,5
20332,5,1
20333,6,9
20334,7,0
20335,2,7
20336,4,8
20337,5,4
20338,5,4
20339,6,8
20340,4,1
20341,2,9
20342,4,5
20343,0,6
20344,4,3
20345,2,9
20346,5,4
20347,3,3
20348,4,1
20349,7,0
20350,4,8
20351,7,0
20352,4,8
20353,9,6
20354,2,7
20355,4,3
20356,3,3
20357,8,0
20358,5,9
20359,4,5
20360,8,9
20361,3,1
20362,4,3
20363,6,8
20364,6,8
20365,0,1
20366,4,9
20367,9,6
20368,5,4
20369,8,0
20370,2,7
20371,7,0
20372,4,8
20373,9,1
20374,4,5
20375,3,2
20376,2,9
20377,1,3
20378,1,3
20379,5,4
20380,2,7
20381,4,5
20382,3,2
20383,0,6
20384,9,1
20385,2,7
20386,2,7
20387,5,8
20388,8,0
20389,2,9
20390,4,5
20391,7,0
20392,8,0
20393,9,1
20394,9,1
20395,3,2
20396,5,4
20397,3,3
20398,5,7
20399,5,4
20400,1,3
20401,0,6
20402,5,9
20403,2,7
20404,2,7
20405,3,8
20406,2,7
20407,7,0
20408,4,8
20409,9,1
20410,5,9
20411,7,2
20412,4,8
20413,3,3
20414,9,2
20415,5,4
20416,9,6
20417,2,7
20418,8,0
20419,3,8
20420,7,0
20421,2,9
20422,2,7
20423,3,3
20424,5,2
20425,5,4
20426,3,3
20427,9,1
20428,4,5
20429,5,4
20430,4,3
20431,9,6
20432,3,2
20433,9,6
20434,5,9
20435,2,7
20436,9,2
20437,3,3
20438,1,1
20439,3,3
20440,3,2
20441,7,2
20442,1,2
20443,9,1
20444,2,9
20445,2,9
20446,9,2
20447,5,4
20448,3,2
20449,2,7
20450,2,9
20451,3,3
20452,2,7
20453,0,5
20454,3,2
20455,5,4
20456,9,1
20457,2,9
20458,4,3
20459,3,1
20460,5,4
20461,3,1
20462,2,9
20463,8,0
20464,5,4
20465,5,1
20466,2,7
20467,5,4
20468,5,4
20469,9,6
20470,1,3
20471,8,0
20472,3,8
20473,7,2
20474,2,1
20475,9,1
20476,4,5
20477,2,7
20478,8,0
20479,4,5
20480,0,6
20481,7,0
20482,7,0
20483,7,0
20484,5,4
20485,3,2
20486,9,6
20487,7,0
20488,3,2
20489,9,6
20490,5,4
20491,6,8
20492,4,3
20493,3,2
20494,9,6
20495,2,9
20496,5,4
20497,3,2
20498,2,7
20499,3,3
20500,3,3
20501,2,7
20502,9,2
20503,0,6
20504,2,7
20505,5,9
20506,5,1
20507,5,8
20508,5,9
20509,2,7
20510,7,0
20511,3,8
20512,9,6
20513,2,9
20514,9,2
20515,3,2
20516,3,8
20517,3,2
20518,5,9
20519,2,9
20520,3,2
20521,6,8
20522,3,2
20523,0,6
20524,4,8
20525,5,4
20526,3,2
20527,2,4
20528,4,5
20529,2,4
20530,4,5
20531,7,0
20532,2,7
20533,8,0
20534,9,5
20535,5,8
20536,5,1
20537,8,0
20538,3,3
20539,3,8
20540,3,3
20541,0,6
20542,3,2
20543,0,6
20544,1,3
20545,6,8
20546,5,9
20547,3,5
20548,8,0
20549,2,7
20550,2,2
20551,7,0
20552,2,7
20553,3,3
20554,5,9
20555,9,6
20556,5,1
20557,2,7
20558,2,7
20559,4,8
20560,4,8
20561,3,3
20562,5,9
20563,9,1
20564,0,5
20565,3,3
20566,2,7
20567,2,9
20568,3,2
20569,3,5
20570,1,3
20571,2,9
20572,5,6
20573,2,9
20574,5,4
20575,4,5
20576,2,7
20577,0,0
20578,3,8
20579,2,7
20580,4,8
20581,3,2
20582,2,7
20583,2,7
20584,8,0
20585,0,4
20586,4,5
20587,3,3
20588,2,7
20589,9,1
20590,4,5
20591,0,0
20592,4,8
20593,1,1
20594,5,9
20595,3,2
20596,9,6
20597,4,3
20598,4,5
20599,5,4
20600,2,7
20601,4,5
20602,7,0
20603,9,6
20604,5,1
20605,2,7
20606,3,3
20607,6,8
20608,8,0
20609,7,0
20610,4,3
20611,5,1
20612,3,2
20613,3,2
20614,3,8
20615,1,3
20616,1,3
20617,5,4
20618,4,8
20619,2,7
20620,5,4
20621,6,8
20622,8,0
20623,2,9
20624,3,2
20625,3,0
20626,4,3
20627,5,1
20628,4,5
20629,3,2
20630,2,8
20631,4,3
20632,7,0
20633,5,4
20634,5,4
20635,4,5
20636,5,9
20637,9,6
20638,2,9
20639,6,8
20640,4,8
20641,8,9
20642,8,0
20643,5,1
20644,5,9
20645,7,0
20646,2,7
20647,9,6
20648,4,8
20649,1,3
20650,5,4
20651,5,4
20652,5,4
20653,5,4
20654,5,1
20655,3,2
20656,9,6
20657,6,8
20658,8,0
20659,5,1
20660,2,8
20661,8,0
20662,7,0
20663,9,6
20664,3,3
20665,5,4
20666,2,8
20667,2,9
20668,4,5
20669,2,7
20670,3,3
20671,3,2
20672,3,1
20673,1,3
20674,2,1
20675,3,3
20676,2,9
20677,2,9
20678,2,1
20679,3,2
20680,5,4
20681,8,0
20682,0,6
20683,2,9
20684,2,9
20685,1,3
20686,5,1
20687,1,3
20688,8,0
20689,2,9
20690,4,8
20691,1,1
20692,5,9
20693,4,5
20694,2,7
20695,3,2
20696,5,4
20697,4,3
20698,5,9
20699,1,1
20700,5,9
20701,9,6
20702,5,4
20703,2,7
20704,9,6
20705,4,3
20706,9,1
20707,2,7
20708,4,3
20709,3,8
20710,4,2
20711,5,4
20712,5,8
20713,7,0
20714,5,4
20715,9,2
20716,4,5
20717,5,4
20718,4,5
20719,8,0
20720,2,7
20721,3,2
20722,4,8
20723,2,7
20724,7,0
20725,2,8
20726,5,4
20727,8,0
20728,4,3
20729,2,7
20730,5,4
20731,8,0
20732,4,8
20733,0,6
20734,2,9
20735,8,9
20736,9,6
20737,3,3
20738,4,3
20739,3,2
20740,5,7
20741,5,4
20742,9,2
20743,1,8
20744,9,6
20745,9,6
20746,2,1
20747,8,0
20748,9,2
20749,9,1
20750,5,9
20751,8,0
20752,4,3
20753,4,8
20754,4,5
20755,5,1
20756,4,3
20757,9,6
20758,3,8
20759,2,7
20760,5,1
20761,3,2
20762,7,0
20763,2,9
20764,9,6
20765,2,7
20766,2,7
20767,2,9
20768,5,4
20769,4,5
20770,3,2
20771,3,8
20772,2,1
20773,2,9
20774,4,8
20775,0,6
20776,5,4
20777,4,5
20778,5,9
20779,3,2
20780,4,3
20781,0,6
20782,9,6
20783,3,2
20784,8,5
20785,6,8
20786,3,2
20787,9,1
20788,2,9
20789,2,7
20790,4,3
20791,4,5
20792,2,9
20793,4,5
20794,5,4
20795,2,7
20796,9,6
20797,3,3
20798,1,1
20799,4,5
20800,3,3
20801,8,0
20802,5,1
20803,1,1
20804,4,5
20805,1,3
20806,9,6
20807,6,8
20808,9,6
20809,5,4
20810,2,1
20811,2,9
20812,1,8
20813,5,4
20814,8,0
20815,4,5
20816,8,0
20817,2,1
20818,2,9
20819,1,8
20820,7,9
20821,9,6
20822,9,6
20823,4,8
20824,5,1
20825,2,9
20826,5,9
20827,7,0
20828,2,1
20829,2,1
20830,5,9
20831,3,2
20832,5,2
20833,3,3
20834,2,7
20835,5,4
20836,5,4
20837,0,5
20838,5,1
20839,0,6
20840,8,0
20841,2,9
20842,4,3
20843,7,0
20844,4,3
20845,2,1
20846,8,0
20847,3,2
20848,5,1
20849,1,3
20850,3,2
20851,0,4
20852,5,1
20853,3,5
20854,4,5
20855,0,6
20856,2,7
20857,2,7
20858,5,8
20859,3,8
20860,4,5
20861,6,9
20862,3,2
20863,7,0
20864,2,9
20865,2,1
20866,2,7
20867,3,2
20868,4,3
20869,3,3
20870,2,1
20871,2,9
20872,4,3
20873,3,8
20874,8,2
20875,5,1
20876,4,8
20877,7,0
20878,4,5
20879,2,9
20880,4,8
20881,4,5
20882,9,2
20883,2,7
20884,2,1
20885,4,5
20886,7,0
20887,1,1
20888,2,1
20889,1,8
20890,4,5
20891,0,6
20892,4,6
20893,2,9
20894,5,4
20895,7,0
20896,9,6
20897,5,4
20898,5,1
20899,5,1
20900,5,9
20901,2,9
20902,4,3
20903,3,3
20904,3,8
20905,3,8
20906,3,8
20907,0,4
20908,5,4
20909,2,7
20910,4,2
20911,0,0
20912,5,1
20913,1,1
20914,4,5
20915,2,9
20916,0,6
20917,3,2
20918,5,9
20919,3,8
20920,2,9
20921,2,7
20922,4,5
20923,3,8
20924,5,4
20925,2,9
20926,4,3
20927,0,6
20928,8,0
20929,7,0
20930,9,2
20931,0,6
20932,5,4
20933,0,5
20934,8,0
20935,4,5
20936,8,0
20937,1,3
20938,4,8
20939,1,3
20940,9,6
20941,3,3
20942,4,3
20943,2,9
20944,4,2
20945,3,8
20946,4,3
20947,3,0
20948,0,6
20949,0,6
20950,5,4
20951,3,1
20952,4,3
20953,7,0
20954,4,8
20955,7,0
20956,5,4
20957,0,6
20958,7,0
20959,5,2
20960,3,2
20961,9,1
20962,2,4
20963,3,1
20964,5,9
20965,1,3
20966,3,8
20967,9,2
20968,5,8
20969,2,7
20970,3,2
20971,2,7
20972,5,4
20973,3,8
20974,2,1
20975,3,8
20976,9,5
20977,2,7
20978,4,6
20979,7,0
20980,2,7
20981,3,2
20982,8,9
20983,7,0
20984,9,6
20985,3,3
20986,4,8
20987,3,1
20988,2,1
20989,3,3
20990,2,1
20991,2,7
20992,2,2
20993,3,2
20994,4,5
20995,5,4
20996,2,7
20997,2,9
20998,9,6
20999,5,4
21000,2,7
21001,3,3
21002,2,1
21003,0,6
21004,9,6
21005,3,5
21006,3,2
21007,3,3
21008,9,6
21009,3,2
21010,9,1
21011,3,5
21012,4,2
21013,3,5
21014,8,2
21015,2,9
21016,4,5
21017,5,4
21018,4,3
21019,3,1
21020,2,9
21021,2,7
21022,5,4
21023,5,2
21024,3,2
21025,0,6
21026,4,3
21027,4,5
21028,8,0
21029,7,0
21030,9,6
21031,9,1
21032,5,9
21033,3,2
21034,4,5
21035,3,3
21036,9,6
21037,5,4
21038,4,3
21039,4,5
21040,8,9
21041,9,6
21042,3,2
21043,2,7
21044,3,2
21045,4,8
21046,4,8
21047,2,9
21048,4,8
21049,8,0
21050,2,7
21051,5,1
21052,2,1
21053,3,2
21054,9,1
21055,3,3
21056,3,3
21057,5,4
21058,4,5
21059,3,5
21060,5,1
21061,9,6
21062,2,7
21063,2,7
21064,8,0
21065,4,8
21066,1,0
21067,2,9
21068,9,1
21069,7,0
21070,2,1
21071,5,1
21072,5,9
21073,3,2
21074,9,6
21075,3,3
21076,5,4
21077,5,4
21078,7,0
21079,4,5
21080,4,3
21081,0,6
21082,8,0
21083,2,7
21084,9,6
21085,6,8
21086,2,7
21087,2,9
21088,3,1
21089,2,8
21090,9,1
21091,2,9
21092,4,3
21093,3,5
21094,2,1
21095,2,7
21096,5,4
21097,7,0
21098,3,3
21099,3,3
21100,0,6
21101,5,1
21102,4,3
21103,9,6
21104,5,8
21105,3,8
21106,3,8
21107,5,4
21108,5,9
21109,9,1
21110,3,8
21111,2,7
21112,4,3
21113,9,6
21114,4,5
21115,3,5
21116,1,3
21117,9,6
21118,5,8
21119,5,4
21120,4,8
21121,3,2
21122,0,6
21123,2,7
21124,2,5
21125,6,8
21126,9,6
21127,9,1
21128,9,6
21129,3,3
21130,5,4
21131,5,4
21132,8,0
21133,2,7
21134,5,4
21135,3,2
21136,3,2
21137,7,0
21138,5,9
21139,4,5
21140,5,4
21141,7,0
21142,8,0
21143,5,1
21144,4,3
21145,2,9
21146,3,8
21147,3,2
21148,2,7
21149,3,3
21150,4,3
21151,3,2
21152,5,4
21153,3,3
21154,4,3
21155,4,5
21156,4,3
21157,3,5
21158,2,9
21159,2,7
21160,2,7
21161,4,8
21162,5,9
21163,5,4
21164,3,2
21165,2,9
21166,2,1
21167,2,9
21168,9,1
21169,2,7
21170,4,3
21171,9,1
21172,2,9
21173,5,1
21174,5,2
21175,2,7
21176,1,3
21177,4,8
21178,2,1
21179,3,3
21180,9,6
21181,5,4
21182,4,3
21183,6,8
21184,4,5
21185,0,6
21186,5,4
21187,3,3
21188,4,8
21189,4,8
21190,5,8
21191,7,0
21192,5,9
21193,2,9
21194,3,2
21195,9,6
21196,5,1
21197,3,2
21198,4,5
21199,7,0
21200,5,1
21201,9,1
21202,9,1
21203,7,0
21204,1,5
21205,9,6
21206,4,5
21207,3,2
21208,4,3
21209,4,3
21210,4,5
21211,3,8
21212,6,8
21213,2,9
21214,9,6
21215,7,0
21216,8,0
21217,2,7
21218,2,9
21219,9,2
21220,2,1
21221,3,3
21222,2,7
21223,5,4
21224,5,9
21225,3,5
21226,9,6
21227,4,5
21228,4,3
21229,3,2
21230,2,1
21231,6,8
21232,5,4
21233,4,5
21234,9,6
21235,5,4
21236,2,7
21237,9,6
21238,3,3
21239,9,6
21240,2,7
21241,9,6
21242,8,0
21243,2,7
21244,4,5
21245,2,9
21246,5,4
21247,5,1
21248,5,1
21249,6,8
21250,4,3
21251,3,2
21252,4,5
21253,9,1
21254,7,2
21255,3,2
21256,8,0
21257,9,6
21258,2,7
21259,4,5
21260,7,0
21261,3,3
21262,0,4
21263,5,4
21264,4,5
21265,2,7
21266,8,0
21267,2,9
21268,9,6
21269,5,4
21270,5,4
21271,7,0
21272,5,1
21273,7,0
21274,3,2
21275,4,5
21276,4,5
21277,2,9
21278,1,3
21279,3,0
21280,3,8
21281,1,1
21282,4,8
21283,1,2
21284,4,3
21285,4,3
21286,4,8
21287,5,4
21288,2,1
21289,4,5
21290,9,6
21291,0,6
21292,2,1
21293,2,7
21294,9,6
21295,3,8
21296,5,4
21297,2,9
21298,9,6
21299,7,0
21300,5,9
21301,5,1
21302,5,9
21303,1,2
21304,5,4
21305,4,3
21306,4,3
21307,5,4
21308,7,0
21309,4,5
21310,8,8
21311,9,6
21312,5,8
21313,2,7
21314,7,0
21315,3,8
21316,9,6
21317,2,9
21318,2,7
21319,7,0
21320,4,3
21321,2,1
21322,2,7
21323,3,2
21324,3,2
21325,4,3
21326,5,4
21327,5,4
21328,4,3
21329,4,5
21330,1,2
21331,9,6
21332,9,6
21333,2,7
21334,9,1
21335,2,7
21336,2,9
21337,9,6
21338,4,5
21339,5,4
21340,5,4
21341,4,3
21342,2,1
21343,7,0
21344,2,9
21345,9,6
21346,2,5
21347,9,6
21348,9,6
21349,9,6
21350,8,0
21351,2,9
21352,2,7
21353,7,0
21354,8,0
21355,7,0
21356,2,9
21357,5,1
21358,8,0
21359,4,3
21360,4,5
21361,2,9
21362,5,1
21363,5,4
21364,2,1
21365,4,5
21366,1,2
21367,2,7
21368,9,6
21369,2,9
21370,4,3
21371,4,5
21372,7,0
21373,9,6
21374,5,4
21375,4,8
21376,5,1
21377,2,9
21378,2,9
21379,2,1
21380,8,0
21381,4,3
21382,3,2
21383,3,8
21384,4,8
21385,4,5
21386,2,7
21387,2,7
21388,2,7
21389,3,8
21390,1,3
21391,2,1
21392,9,6
21393,5,4
21394,5,1
21395,3,8
21396,2,7
21397,4,5
21398,9,1
21399,3,8
21400,2,7
21401,9,1
21402,5,1
21403,7,0
21404,0,6
21405,2,7
21406,3,8
21407,9,6
21408,5,8
21409,5,1
21410,9,6
21411,9,6
21412,2,7
21413,7,0
21414,9,2
21415,3,3
21416,4,5
21417,5,4
21418,9,6
21419,9,6
21420,4,3
21421,3,8
21422,5,9
21423,5,9
21424,2,1
21425,3,2
21426,9,6
21427,5,1
21428,4,3
21429,2,7
21430,5,4
21431,5,4
21432,5,8
21433,4,5
21434,9,6
21435,9,2
21436,9,2
21437,2,7
21438,9,2
21439,4,5
21440,4,5
21441,3,2
21442,5,4
21443,3,2
21444,3,2
21445,2,9
21446,2,1
21447,3,3
21448,5,4
21449,5,9
21450,3,2
21451,3,2
21452,9,6
21453,3,2
21454,8,0
21455,4,5
21456,2,7
21457,3,8
21458,4,3
21459,2,7
21460,2,1
21461,5,4
21462,2,7
21463,2,7
21464,2,7
21465,5,1
21466,4,3
21467,8,8
21468,4,3
21469,7,0
21470,9,2
21471,2,9
21472,5,4
21473,9,6
21474,2,1
21475,4,8
21476,5,1
21477,5,1
21478,2,7
21479,2,1
21480,5,4
21481,4,5
21482,2,7
21483,2,7
21484,4,5
21485,9,6
21486,5,8
21487,4,3
21488,9,6
21489,4,5
21490,5,4
21491,5,4
21492,9,1
21493,9,2
21494,4,8
21495,2,9
21496,4,3
21497,8,0
21498,5,1
21499,5,4
21500,5,4
21501,2,7
21502,3,2
21503,5,4
21504,1,2
21505,4,3
21506,7,0
21507,1,2
21508,8,0
21509,5,9
21510,5,9
21511,3,2
21512,4,3
21513,7,0
21514,2,7
21515,4,3
21516,2,9
21517,5,4
21518,2,7
21519,4,5
21520,4,8
21521,7,0
21522,3,2
21523,7,0
21524,4,3
21525,3,3
21526,7,0
21527,6,2
21528,3,2
21529,3,8
21530,4,5
21531,4,3
21532,4,5
21533,8,0
21534,8,0
21535,5,1
21536,9,2
21537,9,2
21538,9,6
21539,4,3
21540,5,9
21541,5,4
21542,7,0
21543,4,5
21544,3,2
21545,0,6
21546,7,0
21547,2,7
21548,4,5
21549,6,8
21550,4,5
21551,2,9
21552,2,1
21553,8,0
21554,9,1
21555,2,1
21556,5,8
21557,3,2
21558,4,5
21559,1,3
21560,8,0
21561,5,4
21562,2,9
21563,4,5
21564,9,6
21565,0,6
21566,7,2
21567,2,7
21568,2,1
21569,3,8
21570,4,3
21571,2,9
21572,2,7
21573,7,0
21574,5,1
21575,2,1
21576,2,0
21577,3,2
21578,4,8
21579,3,3
21580,4,3
21581,5,4
21582,4,3
21583,4,5
21584,3,3
21585,9,6
21586,8,0
21587,2,7
21588,4,5
21589,3,8
21590,5,4
21591,2,9
21592,2,9
21593,2,8
21594,5,1
21595,2,9
21596,4,3
21597,3,2
21598,5,2
21599,9,6
21600,8,0
21601,5,1
21602,8,0
21603,2,7
21604,4,5
21605,0,6
21606,2,3
21607,4,3
21608,8,0
21609,4,5
21610,4,3
21611,5,4
21612,8,0
21613,3,8
21614,8,0
21615,3,2
21616,5,9
21617,9,6
21618,4,1
21619,5,4
21620,8,0
21621,2,7
21622,4,3
21623,3,2
21624,2,7
21625,3,3
21626,4,5
21627,5,4
21628,7,0
21629,4,5
21630,3,2
21631,2,9
21632,4,5
21633,3,2
21634,5,1
21635,7,0
21636,9,2
21637,1,3
21638,9,2
21639,2,9
21640,8,0
21641,2,7
21642,5,4
21643,3,3
21644,5,4
21645,2,9
21646,5,9
21647,4,3
21648,5,4
21649,3,8
21650,4,8
21651,2,7
21652,9,2
21653,5,4
21654,4,3
21655,5,4
21656,4,8
21657,2,9
21658,7,0
21659,3,8
21660,4,3
21661,4,5
21662,2,7
21663,6,8
21664,5,4
21665,3,2
21666,2,7
21667,9,6
21668,2,2
21669,2,9
21670,3,2
21671,4,5
21672,2,7
21673,4,3
21674,9,2
21675,9,6
21676,9,6
21677,4,5
21678,4,5
21679,2,7
21680,2,1
21681,8,0
21682,2,1
21683,3,2
21684,0,6
21685,4,3
21686,8,9
21687,2,1
21688,4,8
21689,3,3
21690,3,3
21691,1,2
21692,3,2
21693,2,7
21694,4,8
21695,3,3
21696,9,6
21697,9,1
21698,3,1
21699,1,1
21700,2,7
21701,2,7
21702,2,1
21703,8,0
21704,2,7
21705,5,8
21706,2,7
21707,4,5
21708,4,8
21709,5,1
21710,2,7
21711,5,8
21712,0,6
21713,3,2
21714,4,3
21715,9,1
21716,5,1
21717,4,3
21718,5,9
21719,2,7
21720,4,3
21721,7,0
21722,1,2
21723,2,8
21724,5,9
21725,2,7
21726,4,3
21727,3,2
21728,0,6
21729,5,4
21730,4,8
21731,5,4
21732,2,7
21733,3,8
21734,4,5
21735,7,0
21736,7,0
21737,2,1
21738,5,4
21739,4,5
21740,5,1
21741,2,1
21742,1,2
21743,5,4
21744,2,1
21745,0,6
21746,5,4
21747,7,0
21748,2,9
21749,4,5
21750,3,2
21751,2,1
21752,9,6
21753,0,6
21754,4,5
21755,0,6
21756,5,9
21757,2,9
21758,2,7
21759,7,0
21760,3,2
21761,2,7
21762,9,6
21763,0,6
21764,0,6
21765,9,1
21766,3,0
21767,9,1
21768,8,0
21769,8,0
21770,5,4
21771,1,1
21772,9,6
21773,9,2
21774,5,9
21775,1,3
21776,5,4
21777,5,4
21778,5,8
21779,4,5
21780,8,0
21781,9,6
21782,4,5
21783,2,7
21784,3,2
21785,9,8
21786,2,9
21787,2,9
21788,3,2
21789,8,0
21790,2,7
21791,5,1
21792,5,4
21793,1,2
21794,5,1
21795,1,3
21796,3,2
21797,5,4
21798,1,2
21799,4,5
21800,7,0
21801,9,6
21802,3,2
21803,2,7
21804,4,2
21805,3,8
21806,4,5
21807,2,9
21808,0,6
21809,7,0
21810,4,5
21811,5,1
21812,4,3
21813,3,2
21814,5,4
21815,1,3
21816,2,7
21817,5,4
21818,5,1
21819,4,5
21820,4,5
21821,9,6
21822,5,4
21823,2,7
21824,2,7
21825,9,8
21826,4,8
21827,2,9
21828,5,4
21829,5,1
21830,5,4
21831,1,3
21832,9,6
21833,4,5
21834,2,7
21835,5,9
21836,4,5
21837,5,4
21838,9,6
21839,2,1
21840,2,9
21841,2,7
21842,5,9
21843,2,7
21844,0,6
21845,9,2
21846,5,4
21847,5,1
21848,8,0
21849,5,4
21850,4,5
21851,4,8
21852,4,2
21853,3,3
21854,9,6
21855,3,8
21856,0,6
21857,3,2
21858,5,4
21859,2,9
21860,9,6
21861,1,3
21862,9,6
21863,1,8
21864,4,3
21865,4,5
21866,4,3
21867,5,4
21868,4,8
21869,5,9
21870,5,9
21871,2,7
21872,5,9
21873,4,5
21874,7,0
21875,5,4
21876,5,9
21877,1,3
21878,5,1
21879,2,9
21880,8,2
21881,3,2
21882,5,4
21883,4,5
21884,5,1
21885,2,7
21886,5,4
21887,5,4
21888,5,4
21889,1,1
21890,8,0
21891,3,2
21892,2,9
21893,4,3
21894,2,7
21895,4,5
21896,4,8
21897,2,9
21898,8,0
21899,1,1
21900,9,6
21901,0,6
21902,4,5
21903,8,0
21904,2,7
21905,1,1
21906,5,4
21907,8,0
21908,5,1
21909,8,0
21910,8,0
21911,9,2
21912,9,6
21913,4,8
21914,4,5
21915,2,7
21916,5,4
21917,9,2
21918,9,6
21919,4,5
21920,9,6
21921,1,1
21922,5,4
21923,1,1
21924,2,9
21925,4,8
21926,4,8
21927,4,5
21928,2,1
21929,9,6
21930,4,3
21931,5,4
21932,8,0
21933,7,0
21934,9,6
21935,5,4
21936,5,4
21937,2,7
21938,4,3
21939,3,3
21940,5,4
21941,9,6
21942,2,1
21943,3,8
21944,9,1
21945,7,0
21946,4,3
21947,1,3
21948,4,3
21949,2,7
21950,1,3
21951,5,4
21952,4,2
21953,7,0
21954,8,0
21955,9,6
21956,4,5
21957,2,9
21958,2,1
21959,9,2
21960,8,0
21961,9,6
21962,7,8
21963,4,5
21964,5,1
21965,7,8
21966,4,3
21967,9,6
21968,5,4
21969,5,9
21970,8,0
21971,7,0
21972,4,1
21973,5,4
21974,3,3
21975,7,0
21976,4,5
21977,9,6
21978,4,1
21979,1,1
21980,3,3
21981,2,9
21982,2,2
21983,9,2
21984,5,1
21985,7,0
21986,3,3
21987,2,9
21988,5,4
21989,4,5
21990,0,1
21991,5,1
21992,5,4
21993,1,3
21994,5,4
21995,9,6
21996,8,0
21997,2,9
21998,4,3
21999,5,4
22000,4,3
22001,4,8
22002,3,3
22003,4,3
22004,5,1
22005,2,7
22006,9,6
22007,2,7
22008,8,0
22009,9,6
22010,9,2
22011,1,3
22012,5,4
22013,7,0
22014,4,3
22015,4,5
22016,2,7
22017,9,6
22018,2,7
22019,9,2
22020,4,5
22021,9,2
22022,2,7
22023,8,0
22024,3,3
22025,5,1
22026,1,2
22027,1,2
22028,5,4
22029,4,3
22030,4,5
22031,5,4
22032,4,3
22033,4,5
22034,5,4
22035,9,6
22036,3,2
22037,2,7
22038,4,5
22039,4,8
22040,7,0
22041,5,9
22042,4,5
22043,8,0
22044,1,2
22045,5,1
22046,7,0
22047,1,2
22048,8,0
22049,4,3
22050,5,9
22051,5,4
22052,2,7
22053,8,5
22054,3,8
22055,9,6
22056,9,2
22057,2,7
22058,3,3
22059,4,8
22060,4,8
22061,2,9
22062,1,2
22063,7,0
22064,5,4
22065,2,1
22066,2,1
22067,9,2
22068,9,6
22069,4,3
22070,4,2
22071,5,4
22072,5,9
22073,4,5
22074,9,6
22075,9,6
22076,3,2
22077,2,7
22078,2,9
22079,4,8
22080,2,9
22081,2,9
22082,2,7
22083,3,2
22084,9,6
22085,5,4
22086,5,9
22087,5,1
22088,2,9
22089,4,5
22090,2,7
22091,9,6
22092,4,3
22093,5,1
22094,2,7
22095,5,1
22096,5,4
22097,2,7
22098,5,4
22099,4,8
22100,1,2
22101,4,5
22102,4,5
22103,3,3
22104,2,2
22105,5,4
22106,5,1
22107,9,6
22108,5,9
22109,2,7
22110,5,9
22111,8,0
22112,7,2
22113,4,3
22114,4,3
22115,3,2
22116,2,9
22117,5,9
22118,4,8
22119,4,8
22120,5,1
22121,9,6
22122,4,3
22123,4,8
22124,2,2
22125,5,9
22126,3,3
22127,5,9
22128,0,6
22129,2,7
22130,2,5
22131,2,7
22132,3,2
22133,3,2
22134,2,7
22135,2,1
22136,4,8
22137,5,1
22138,5,4
22139,8,2
22140,2,9
22141,4,8
22142,9,6
22143,8,0
22144,8,0
22145,9,6
22146,3,2
22147,4,5
22148,5,9
22149,4,3
22150,4,8
22151,4,8
22152,8,0
22153,5,1
22154,3,3
22155,3,3
22156,4,5
22157,9,6
22158,5,1
22159,7,0
22160,9,6
22161,5,4
22162,4,3
22163,4,8
22164,2,1
22165,5,9
22166,4,8
22167,2,7
22168,2,1
22169,3,2
22170,2,1
22171,2,7
22172,4,3
22173,5,1
22174,2,9
22175,4,8
22176,5,9
22177,9,2
22178,9,6
22179,5,1
22180,4,5
22181,2,7
22182,4,3
22183,2,7
22184,9,2
22185,4,3
22186,4,5
22187,9,2
22188,9,2
22189,5,4
22190,0,6
22191,9,6
22192,2,1
22193,8,5
22194,4,5
22195,2,9
22196,7,0
22197,5,4
22198,4,2
22199,3,2
22200,9,2
22201,4,8
22202,7,0
22203,3,2
22204,4,3
22205,4,5
22206,3,3
22207,5,1
22208,7,0
22209,7,0
22210,4,6
22211,4,5
22212,0,6
22213,8,0
22214,2,1
22215,9,6
22216,5,9
22217,3,2
22218,4,3
22219,4,3
22220,2,7
22221,9,6
22222,5,1
22223,5,9
22224,8,0
22225,7,0
22226,3,2
22227,5,1
22228,2,7
22229,9,2
22230,5,9
22231,4,3
22232,2,2
22233,5,4
22234,4,3
22235,4,5
22236,7,2
22237,9,6
22238,3,3
22239,2,7
22240,9,6
22241,2,8
22242,5,4
22243,2,9
22244,4,5
22245,7,0
22246,5,9
22247,2,1
22248,5,1
22249,9,2
22250,2,7
22251,1,3
22252,1,2
22253,5,4
22254,8,0
22255,4,5
22256,5,9
22257,0,6
22258,9,6
22259,2,7
22260,9,6
22261,4,8
22262,5,4
22263,2,9
22264,4,5
22265,7,0
22266,3,8
22267,5,1
22268,4,5
22269,6,2
22270,8,0
22271,3,3
22272,4,5
22273,5,4
22274,3,8
22275,0,5
22276,5,4
22277,0,6
22278,2,2
22279,2,7
22280,3,2
22281,6,8
22282,9,6
22283,2,9
22284,5,2
22285,5,4
22286,1,8
22287,2,7
22288,8,0
22289,4,8
22290,4,8
22291,0,6
22292,4,8
22293,3,3
22294,8,0
22295,5,4
22296,2,9
22297,7,0
22298,9,6
22299,2,9
22300,2,7
22301,2,7
22302,4,5
22303,9,1
22304,4,3
22305,2,9
22306,8,0
22307,3,3
22308,3,8
22309,2,8
22310,4,5
22311,5,4
22312,2,9
22313,2,7
22314,2,7
22315,3,3
22316,2,9
22317,7,0
22318,4,3
22319,2,9
22320,0,8
22321,2,9
22322,4,3
22323,0,6
22324,5,8
22325,5,1
22326,2,7
22327,5,4
22328,2,1
22329,4,5
22330,5,1
22331,5,4
22332,5,9
22333,0,6
22334,5,9
22335,2,2
22336,2,7
22337,7,0
22338,5,9
22339,9,6
22340,5,9
22341,3,2
22342,2,7
22343,5,1
22344,7,0
22345,9,1
22346,2,7
22347,2,1
22348,2,7
22349,9,1
22350,2,7
22351,2,7
22352,8,0
22353,9,2
22354,4,5
22355,5,4
22356,3,2
22357,9,2
22358,1,2
22359,2,9
22360,0,6
22361,5,4
22362,8,0
22363,3,5
22364,7,0
22365,4,8
22366,4,3
22367,5,4
22368,3,2
22369,3,2
22370,5,1
22371,2,7
22372,5,4
22373,7,0
22374,4,3
22375,7,0
22376,9,2
22377,2,7
22378,7,0
22379,4,5
22380,4,5
22381,2,7
22382,4,5
22383,0,6
22384,9,6
22385,0,6
22386,3,2
22387,0,6
22388,5,9
22389,6,8
22390,5,9
22391,9,2
22392,2,7
22393,4,5
22394,5,4
22395,3,2
22396,4,5
22397,1,2
22398,2,1
22399,2,7
22400,5,4
22401,2,7
22402,5,4
22403,5,4
22404,3,3
22405,7,0
22406,2,9
22407,3,2
22408,4,3
22409,5,4
22410,5,1
22411,9,2
22412,4,1
22413,3,3
22414,3,2
22415,3,3
22416,2,7
22417,3,3
22418,5,4
22419,3,1
22420,2,7
22421,6,8
22422,9,6
22423,2,9
22424,0,6
22425,0,6
22426,4,5
22427,2,1
22428,4,5
22429,7,0
22430,7,0
22431,4,5
22432,7,0
22433,2,9
22434,5,4
22435,0,6
22436,7,0
22437,2,9
22438,2,8
22439,4,8
22440,7,0
22441,7,0
22442,5,2
22443,3,3
22444,7,0
22445,7,0
22446,3,2
22447,2,9
22448,0,6
22449,0,6
22450,2,9
22451,3,3
22452,5,1
22453,7,0
22454,6,7
22455,2,1
22456,5,4
22457,3,2
22458,2,9
22459,1,3
22460,4,3
22461,5,4
22462,5,1
22463,4,5
22464,2,1
22465,0,6
22466,2,1
22467,2,7
22468,4,3
22469,3,8
22470,4,5
22471,2,9
22472,5,4
22473,7,0
22474,3,3
22475,2,1
22476,9,1
22477,1,3
22478,5,1
22479,5,4
22480,5,4
22481,2,7
22482,5,4
22483,3,8
22484,4,8
22485,2,9
22486,9,2
22487,3,0
22488,4,3
22489,2,1
22490,2,1
22491,6,2
22492,4,3
22493,3,3
22494,4,8
22495,6,4
22496,4,3
22497,2,7
22498,5,7
22499,3,8
22500,3,2
22501,2,9
22502,2,1
22503,6,9
22504,5,4
22505,2,9
22506,4,5
22507,5,8
22508,4,5
22509,4,5
22510,8,0
22511,7,0
22512,9,1
22513,6,7
22514,2,9
22515,2,7
22516,9,2
22517,4,5
22518,5,4
22519,2,7
22520,9,6
22521,2,9
22522,4,3
22523,2,9
22524,3,2
22525,0,4
22526,1,8
22527,6,7
22528,2,7
22529,8,0
22530,2,7
22531,5,4
22532,4,8
22533,3,1
22534,2,7
22535,5,4
22536,1,3
22537,6,4
22538,4,1
22539,2,7
22540,5,9
22541,4,5
22542,4,3
22543,5,8
22544,5,4
22545,6,1
22546,2,7
22547,6,4
22548,3,2
22549,2,9
22550,0,6
22551,3,8
22552,5,9
22553,5,4
22554,7,2
22555,3,1
22556,4,5
22557,6,8
22558,3,2
22559,0,6
22560,9,1
22561,0,6
22562,4,6
22563,9,4
22564,5,4
22565,4,5
22566,4,5
22567,1,3
22568,4,8
22569,1,3
22570,2,7
22571,4,5
22572,5,4
22573,3,2
22574,5,4
22575,4,5
22576,2,9
22577,2,7
22578,4,3
22579,6,2
22580,5,4
22581,4,5
22582,9,1
22583,7,0
22584,5,4
22585,3,8
22586,5,1
22587,1,3
22588,2,7
22589,7,0
22590,5,4
22591,7,8
22592,9,6
22593,3,7
22594,9,2
22595,6,4
22596,7,0
22597,2,9
22598,4,3
22599,0,5
22600,9,6
22601,7,0
22602,5,4
22603,0,0
22604,3,8
22605,7,0
22606,3,2
22607,0,4
22608,2,7
22609,0,6
22610,5,9
22611,3,2
22612,9,2
22613,2,7
22614,5,4
22615,0,6
22616,9,6
22617,5,8
22618,9,6
22619,1,3
22620,3,2
22621,3,1
22622,2,5
22623,6,8
22624,9,2
22625,1,3
22626,2,7
22627,5,1
22628,2,1
22629,7,0
22630,5,4
22631,1,3
22632,2,1
22633,0,6
22634,8,0
22635,3,2
22636,7,0
22637,7,0
22638,4,5
22639,1,1
22640,8,0
22641,3,2
22642,9,1
22643,3,3
22644,5,1
22645,5,4
22646,8,0
22647,4,5
22648,3,9
22649,9,6
22650,4,5
22651,2,7
22652,5,4
22653,6,8
22654,0,6
22655,2,9
22656,5,1
22657,7,0
22658,7,0
22659,1,1
22660,5,4
22661,3,2
22662,2,7
22663,1,3
22664,4,9
22665,9,6
22666,5,4
22667,2,7
22668,4,3
22669,7,0
22670,5,4
22671,2,1
22672,2,9
22673,9,2
22674,4,3
22675,1,3
22676,5,4
22677,5,4
22678,5,9
22679,4,5
22680,4,5
22681,0,6
22682,4,8
22683,2,7
22684,5,9
22685,6,8
22686,4,5
22687,2,9
22688,3,2
22689,1,1
22690,9,6
22691,7,0
22692,5,9
22693,0,6
22694,5,4
22695,1,3
22696,3,2
22697,5,4
22698,9,6
22699,5,4
22700,5,1
22701,3,2
22702,9,6
22703,5,8
22704,4,5
22705,1,1
22706,8,0
22707,7,0
22708,4,3
22709,0,6
22710,8,0
22711,2,7
22712,3,2
22713,3,2
22714,5,4
22715,1,3
22716,9,6
22717,1,3
22718,9,6
22719,2,9
22720,4,5
22721,1,3
22722,5,4
22723,1,3
22724,4,8
22725,5,9
22726,3,2
22727,9,1
22728,4,3
22729,4,5
22730,3,3
22731,1,2
22732,4,5
22733,1,3
22734,4,5
22735,2,1
22736,4,5
22737,9,6
22738,4,3
22739,2,7
22740,2,7
22741,1,3
22742,3,2
22743,2,7
22744,8,0
22745,3,8
22746,4,5
22747,5,4
22748,2,1
22749,7,0
22750,5,4
22751,3,2
22752,7,0
22753,2,7
22754,2,7
22755,5,8
22756,4,5
22757,7,0
22758,9,6
22759,2,7
22760,1,8
22761,7,0
22762,2,9
22763,0,6
22764,7,0
22765,5,9
22766,2,4
22767,1,3
22768,5,4
22769,1,2
22770,4,3
22771,5,4
22772,5,9
22773,6,8
22774,5,4
22775,0,6
22776,5,1
22777,8,0
22778,3,2
22779,0,5
22780,2,9
22781,2,7
22782,2,9
22783,2,5
22784,6,8
22785,5,1
22786,5,4
22787,7,0
22788,2,1
22789,0,6
22790,2,7
22791,2,7
22792,3,2
22793,3,2
22794,2,1
22795,2,9
22796,2,7
22797,2,7
22798,5,1
22799,2,9
22800,4,2
22801,0,5
22802,4,5
22803,0,6
22804,2,9
22805,0,5
22806,9,6
22807,3,2
22808,6,8
22809,0,6
22810,4,8
22811,3,2
22812,2,1
22813,6,8
22814,9,6
22815,5,1
22816,8,0
22817,2,7
22818,5,4
22819,4,5
22820,9,6
22821,4,5
22822,4,5
22823,2,7
22824,8,9
22825,1,3
22826,2,7
22827,4,5
22828,5,1
22829,7,0
22830,9,6
22831,2,1
22832,8,0
22833,5,1
22834,9,6
22835,1,3
22836,5,7
22837,3,8
22838,5,4
22839,5,4
22840,9,6
22841,2,9
22842,2,9
22843,5,4
22844,5,1
22845,4,5
22846,0,5
22847,3,1
22848,2,1
22849,6,8
22850,2,1
22851,0,6
22852,9,2
22853,6,8
22854,5,9
22855,2,9
22856,3,2
22857,7,0
22858,2,7
22859,1,1
22860,7,0
22861,3,2
22862,2,7
22863,3,3
22864,3,2
22865,5,4
22866,4,5
22867,0,5
22868,9,1
22869,0,6
22870,2,7
22871,2,7
22872,9,6
22873,4,8
22874,8,0
22875,2,9
22876,2,7
22877,7,0
22878,3,2
22879,3,1
22880,2,7
22881,3,2
22882,8,0
22883,3,3
22884,3,2
22885,0,4
22886,8,0
22887,0,5
22888,5,1
22889,0,6
22890,5,9
22891,2,7
22892,5,1
22893,3,8
22894,4,3
22895,2,9
22896,9,1
22897,3,0
22898,5,9
22899,5,1
22900,9,2
22901,3,2
22902,5,9
22903,3,3
22904,9,6
22905,5,4
22906,4,3
22907,4,5
22908,9,6
22909,0,6
22910,8,0
22911,2,7
22912,7,0
22913,4,8
22914,5,1
22915,6,9
22916,5,1
22917,7,0
22918,4,5
22919,5,8
22920,4,5
22921,2,7
22922,9,2
22923,6,8
22924,4,8
22925,2,9
22926,5,1
22927,2,9
22928,5,1
22929,7,0
22930,3,2
22931,2,1
22932,8,0
22933,5,4
22934,4,8
22935,0,5
22936,9,6
22937,3,1
22938,7,0
22939,0,6
22940,9,6
22941,2,7
22942,4,5
22943,3,3
22944,9,6
22945,3,2
22946,4,3
22947,2,9
22948,5,9
22949,7,0
22950,2,7
22951,0,5
22952,2,1
22953,0,6
22954,7,0
22955,2,7
22956,2,1
22957,3,3
22958,3,2
22959,5,9
22960,5,4
22961,2,9
22962,9,6
22963,3,3
22964,4,3
22965,3,8
22966,5,8
22967,2,9
22968,5,4
22969,0,6
22970,5,4
22971,2,7
22972,5,1
22973,0,5
22974,5,4
22975,9,6
22976,3,8
22977,3,3
22978,8,0
22979,0,5
22980,5,4
22981,7,0
22982,0,6
22983,0,5
22984,2,7
22985,5,4
22986,9,6
22987,7,0
22988,5,4
22989,1,3
22990,4,2
22991,9,4
22992,5,4
22993,2,7
22994,0,2
22995,2,7
22996,4,3
22997,5,4
22998,3,2
22999,3,3
23000,2,7
23001,6,2
23002,2,7
23003,5,1
23004,4,8
23005,4,5
23006,4,5
23007,4,5
23008,1,8
23009,0,0
23010,2,7
23011,0,5
23012,2,1
23013,7,0
23014,5,4
23015,6,8
23016,5,9
23017,5,4
23018,3,2
23019,0,6
23020,9,2
23021,6,7
23022,4,3
23023,7,0
23024,4,3
23025,3,2
23026,3,2
23027,2,9
23028,3,2
23029,1,3
23030,5,1
23031,5,4
23032,8,0
23033,5,4
23034,5,1
23035,4,8
23036,2,1
23037,5,1
23038,4,2
23039,7,2
23040,3,2
23041,6,2
23042,5,9
23043,3,3
23044,8,0
23045,1,1
23046,3,3
23047,1,3
23048,3,8
23049,9,6
23050,0,6
23051,2,7
23052,2,8
23053,3,3
23054,2,7
23055,0,4
23056,2,1
23057,2,9
23058,4,2
23059,3,1
23060,8,0
23061,2,9
23062,2,9
23063,6,8
23064,4,8
23065,3,5
23066,4,5
23067,7,0
23068,2,7
23069,3,2
23070,2,7
23071,2,8
23072,9,6
23073,0,6
23074,2,7
23075,0,6
23076,4,3
23077,2,8
23078,4,8
23079,6,2
23080,3,2
23081,4,8
23082,1,2
23083,5,4
23084,5,9
23085,5,4
23086,9,8
23087,6,2
23088,8,0
23089,6,2
23090,5,9
23091,6,8
23092,1,8
23093,7,0
23094,5,7
23095,7,0
23096,5,4
23097,9,1
23098,0,6
23099,9,2
23100,4,9
23101,1,3
23102,2,9
23103,5,4
23104,9,0
23105,4,5
23106,9,2
23107,0,6
23108,8,0
23109,6,8
23110,9,6
23111,5,9
23112,5,8
23113,7,0
23114,2,2
23115,5,1
23116,4,3
23117,1,2
23118,2,1
23119,1,3
23120,7,0
23121,5,4
23122,5,4
23123,4,5
23124,8,0
23125,0,6
23126,9,6
23127,2,7
23128,2,9
23129,5,8
23130,3,3
23131,7,0
23132,5,1
23133,5,1
23134,5,1
23135,5,4
23136,8,0
23137,4,5
23138,1,2
23139,0,6
23140,2,7
23141,2,7
23142,5,1
23143,5,8
23144,1,3
23145,2,9
23146,4,5
23147,6,8
23148,9,6
23149,2,7
23150,5,4
23151,5,4
23152,5,4
23153,2,7
23154,0,0
23155,2,7
23156,4,3
23157,1,3
23158,4,5
23159,2,9
23160,5,1
23161,6,8
23162,1,2
23163,6,8
23164,2,7
23165,1,3
23166,2,9
23167,5,1
23168,9,6
23169,4,5
23170,5,9
23171,9,2
23172,7,0
23173,2,7
23174,5,4
23175,5,4
23176,5,1
23177,9,2
23178,2,7
23179,0,6
23180,4,8
23181,2,1
23182,2,1
23183,4,5
23184,9,8
23185,9,2
23186,0,6
23187,5,4
23188,5,4
23189,4,5
23190,4,8
23191,4,5
23192,2,7
23193,4,8
23194,3,2
23195,0,6
23196,5,4
23197,5,4
23198,9,6
23199,5,4
23200,4,5
23201,5,4
23202,4,3
23203,5,1
23204,5,1
23205,3,8
23206,3,3
23207,2,7
23208,5,4
23209,4,5
23210,8,0
23211,4,5
23212,5,9
23213,5,1
23214,5,1
23215,9,8
23216,3,2
23217,2,9
23218,3,3
23219,2,1
23220,2,7
23221,3,3
23222,1,2
23223,0,6
23224,2,9
23225,1,3
23226,4,5
23227,1,3
23228,9,6
23229,3,2
23230,2,7
23231,1,2
23232,4,8
23233,0,6
23234,5,9
23235,4,5
23236,0,6
23237,4,5
23238,9,1
23239,1,3
23240,5,1
23241,1,3
23242,1,3
23243,6,8
23244,9,6
23245,2,1
23246,2,7
23247,0,6
23248,2,7
23249,4,5
23250,7,0
23251,0,6
23252,4,5
23253,3,8
23254,5,1
23255,5,1
23256,9,6
23257,2,9
23258,0,6
23259,6,7
23260,2,7
23261,0,6
23262,5,9
23263,6,8
23264,4,5
23265,3,3
23266,5,9
23267,2,7
23268,3,2
23269,5,4
23270,5,4
23271,2,7
23272,5,4
23273,0,0
23274,5,4
23275,2,9
23276,5,4
23277,8,0
23278,2,9
23279,0,0
23280,5,1
23281,1,3
23282,3,8
23283,2,7
23284,0,6
23285,2,9
23286,5,4
23287,1,3
23288,5,8
23289,0,0
23290,2,1
23291,2,1
23292,2,7
23293,7,0
23294,1,3
23295,5,1
23296,3,8
23297,7,0
23298,4,3
23299,5,4
23300,5,8
23301,7,0
23302,2,1
23303,1,1
23304,1,3
23305,7,0
23306,5,4
23307,5,4
23308,2,1
23309,2,7
23310,3,2
23311,2,9
23312,4,5
23313,9,2
23314,2,9
23315,0,0
23316,4,8
23317,9,6
23318,2,1
23319,9,2
23320,1,3
23321,0,6
23322,4,3
23323,3,2
23324,4,5
23325,9,2
23326,5,4
23327,2,9
23328,4,8
23329,2,9
23330,3,2
23331,8,0
23332,4,5
23333,5,1
23334,2,7
23335,9,2
23336,2,5
23337,4,3
23338,4,3
23339,5,4
23340,9,1
23341,4,5
23342,5,1
23343,9,6
23344,1,3
23345,2,7
23346,0,6
23347,8,8
23348,2,1
23349,5,9
23350,9,8
23351,8,0
23352,2,7
23353,5,1
23354,0,6
23355,1,2
23356,9,6
23357,4,3
23358,4,6
23359,5,4
23360,2,7
23361,4,5
23362,8,0
23363,9,6
23364,4,2
23365,5,9
23366,2,9
23367,8,0
23368,6,8
23369,5,1
23370,9,2
23371,1,2
23372,8,0
23373,4,3
23374,5,9
23375,5,4
23376,4,8
23377,4,5
23378,8,0
23379,9,6
23380,8,0
23381,2,7
23382,5,1
23383,5,8
23384,4,5
23385,4,5
23386,2,7
23387,2,7
23388,2,7
23389,8,0
23390,9,1
23391,3,8
23392,4,5
23393,5,4
23394,9,6
23395,7,0
23396,2,1
23397,9,2
23398,3,8
23399,5,1
23400,4,8
23401,8,0
23402,2,7
23403,9,2
23404,2,1
23405,4,8
23406,5,4
23407,4,5
23408,3,8
23409,5,4
23410,3,2
23411,5,4
23412,3,3
23413,2,1
23414,3,8
23415,9,6
23416,9,6
23417,9,1
23418,4,5
23419,3,3
23420,5,9
23421,9,6
23422,4,8
23423,5,9
23424,4,5
23425,1,3
23426,4,8
23427,2,7
23428,5,8
23429,5,4
23430,2,7
23431,5,9
23432,5,4
23433,2,7
23434,4,5
23435,5,4
23436,2,8
23437,2,8
23438,4,5
23439,4,3
23440,5,8
23441,9,2
23442,2,7
23443,2,7
23444,5,1
23445,2,7
23446,2,9
23447,5,9
23448,4,8
23449,4,5
23450,9,6
23451,2,7
23452,4,5
23453,9,6
23454,7,0
23455,4,5
23456,6,8
23457,3,2
23458,4,8
23459,5,4
23460,3,2
23461,7,8
23462,5,1
23463,5,9
23464,0,0
23465,9,6
23466,5,8
23467,5,9
23468,4,2
23469,2,7
23470,2,1
23471,9,6
23472,9,2
23473,2,1
23474,5,4
23475,9,6
23476,9,6
23477,5,1
23478,5,4
23479,2,7
23480,2,9
23481,1,2
23482,4,3
23483,1,3
23484,5,4
23485,9,6
23486,5,4
23487,9,6
23488,3,3
23489,9,6
23490,4,3
23491,3,2
23492,2,1
23493,5,1
23494,3,2
23495,8,0
23496,4,5
23497,4,5
23498,5,1
23499,7,0
23500,9,6
23501,2,1
23502,2,9
23503,1,2
23504,8,0
23505,5,1
23506,8,0
23507,2,7
23508,4,5
23509,5,8
23510,4,8
23511,2,1
23512,2,9
23513,5,4
23514,4,5
23515,5,9
23516,4,5
23517,4,3
23518,4,5
23519,5,9
23520,1,2
23521,7,0
23522,4,8
23523,2,1
23524,5,8
23525,3,2
23526,2,7
23527,3,3
23528,5,4
23529,5,4
23530,9,1
23531,0,5
23532,5,1
23533,0,6
23534,2,7
23535,2,7
23536,8,0
23537,3,8
23538,2,4
23539,2,9
23540,2,7
23541,7,0
23542,5,9
23543,9,1
23544,4,5
23545,9,2
23546,4,5
23547,3,3
23548,5,9
23549,5,4
23550,4,5
23551,2,7
23552,5,9
23553,3,8
23554,5,1
23555,2,9
23556,4,3
23557,7,0
23558,9,6
23559,2,1
23560,5,8
23561,3,2
23562,1,8
23563,3,3
23564,3,2
23565,5,4
23566,9,6
23567,0,5
23568,4,5
23569,0,6
23570,2,7
23571,2,7
23572,4,3
23573,6,8
23574,5,9
23575,2,9
23576,2,1
23577,9,6
23578,9,2
23579,7,0
23580,5,4
23581,3,3
23582,4,8
23583,5,4
23584,4,2
23585,9,1
23586,8,0
23587,5,4
23588,1,7
23589,7,0
23590,2,7
23591,3,8
23592,5,4
23593,9,6
23594,9,6
23595,5,4
23596,5,4
23597,0,5
23598,8,0
23599,5,4
23600,9,6
23601,7,0
23602,5,8
23603,2,7
23604,4,1
23605,3,8
23606,8,0
23607,2,7
23608,5,4
23609,2,7
23610,1,2
23611,2,9
23612,9,1
23613,7,0
23614,5,1
23615,5,4
23616,7,0
23617,2,9
23618,5,4
23619,2,9
23620,4,5
23621,2,7
23622,9,6
23623,5,4
23624,5,9
23625,3,2
23626,0,6
23627,0,0
23628,0,6
23629,3,5
23630,4,5
23631,3,8
23632,4,5
23633,0,5
23634,4,3
23635,2,9
23636,5,4
23637,6,8
23638,2,9
23639,3,8
23640,4,5
23641,5,4
23642,1,2
23643,7,0
23644,5,4
23645,2,7
23646,9,6
23647,0,1
23648,5,4
23649,3,3
23650,4,8
23651,0,5
23652,4,2
23653,0,6
23654,9,6
23655,3,5
23656,5,1
23657,1,3
23658,5,4
23659,3,8
23660,2,1
23661,2,7
23662,8,0
23663,3,3
23664,5,4
23665,3,1
23666,2,7
23667,0,6
23668,4,5
23669,3,8
23670,5,4
23671,3,5
23672,4,3
23673,2,9
23674,9,8
23675,3,2
23676,4,5
23677,3,2
23678,5,7
23679,7,0
23680,2,8
23681,6,9
23682,2,9
23683,3,2
23684,2,7
23685,2,4
23686,2,7
23687,0,6
23688,9,6
23689,4,5
23690,4,5
23691,3,2
23692,5,4
23693,9,1
23694,9,6
23695,3,3
23696,5,4
23697,0,6
23698,2,7
23699,0,6
23700,3,3
23701,3,2
23702,6,8
23703,3,1
23704,2,7
23705,3,2
23706,9,6
23707,0,6
23708,2,7
23709,7,0
23710,5,9
23711,2,7
23712,4,3
23713,5,4
23714,5,4
23715,2,7
23716,9,2
23717,3,8
23718,2,2
23719,2,9
23720,9,6
23721,3,2
23722,4,5
23723,2,9
23724,1,3
23725,0,5
23726,2,7
23727,3,1
23728,8,0
23729,6,8
23730,9,3
23731,3,3
23732,5,9
23733,3,5
23734,4,5
23735,0,6
23736,4,5
23737,3,8
23738,5,9
23739,7,0
23740,9,1
23741,7,0
23742,9,6
23743,2,9
23744,5,9
23745,2,9
23746,4,5
23747,3,3
23748,5,9
23749,3,1
23750,5,8
23751,9,1
23752,2,7
23753,0,0
23754,7,0
23755,5,1
23756,9,1
23757,3,2
23758,8,6
23759,4,3
23760,2,7
23761,5,4
23762,5,1
23763,4,5
23764,3,2
23765,9,6
23766,9,6
23767,2,7
23768,4,8
23769,4,8
23770,3,2
23771,5,9
23772,5,9
23773,7,0
23774,0,6
23775,3,1
23776,9,2
23777,3,2
23778,4,3
23779,3,3
23780,0,6
23781,5,4
23782,2,7
23783,4,5
23784,2,7
23785,0,6
23786,7,0
23787,2,7
23788,5,1
23789,7,8
23790,9,6
23791,2,9
23792,4,5
23793,7,0
23794,3,2
23795,3,1
23796,4,3
23797,3,2
23798,2,7
23799,4,3
23800,1,2
23801,5,4
23802,2,7
23803,2,7
23804,4,8
23805,6,8
23806,4,5
23807,2,9
23808,0,5
23809,7,0
23810,4,3
23811,2,7
23812,4,3
23813,8,0
23814,4,2
23815,2,7
23816,5,9
23817,4,8
23818,9,1
23819,3,3
23820,4,3
23821,7,0
23822,2,1
23823,0,0
23824,2,5
23825,4,5
23826,3,2
23827,3,5
23828,8,0
23829,4,3
23830,9,6
23831,4,8
23832,4,5
23833,4,8
23834,5,4
23835,5,1
23836,4,5
23837,5,4
23838,5,9
23839,0,6
23840,2,7
23841,2,1
23842,8,0
23843,3,8
23844,5,1
23845,7,0
23846,1,2
23847,3,2
23848,3,8
23849,2,7
23850,9,6
23851,3,3
23852,2,1
23853,2,9
23854,9,1
23855,5,4
23856,8,0
23857,2,1
23858,4,5
23859,3,2
23860,4,3
23861,4,5
23862,2,1
23863,8,9
23864,2,9
23865,6,8
23866,3,3
23867,2,9
23868,2,9
23869,4,5
23870,4,5
23871,5,4
23872,5,1
23873,4,3
23874,4,5
23875,7,0
23876,2,9
23877,4,3
23878,5,4
23879,4,3
23880,5,9
23881,5,4
23882,8,0
23883,2,7
23884,7,0
23885,3,1
23886,2,1
23887,3,2
23888,4,3
23889,9,1
23890,6,8
23891,7,0
23892,5,1
23893,0,6
23894,9,2
23895,3,2
23896,5,4
23897,4,3
23898,9,6
23899,4,8
23900,9,6
23901,8,9
23902,2,7
23903,4,5
23904,5,4
23905,0,6
23906,4,5
23907,0,6
23908,5,1
23909,2,7
23910,2,1
23911,2,1
23912,1,5
23913,5,4
23914,7,0
23915,0,6
23916,1,2
23917,3,2
23918,4,5
23919,8,9
23920,4,5
23921,2,1
23922,9,6
23923,4,5
23924,9,6
23925,4,5
23926,8,0
23927,2,5
23928,4,5
23929,3,3
23930,4,8
23931,5,1
23932,2,7
23933,5,4
23934,3,2
23935,6,8
23936,5,4
23937,0,6
23938,4,5
23939,4,3
23940,7,0
23941,2,7
23942,3,2
23943,7,0
23944,2,9
23945,2,9
23946,1,7
23947,4,5
23948,3,8
23949,0,6
23950,2,9
23951,2,7
23952,4,2
23953,2,1
23954,2,1
23955,3,3
23956,0,4
23957,3,2
23958,0,6
23959,0,6
23960,5,1
23961,3,2
23962,3,3
23963,9,6
23964,4,8
23965,2,7
23966,4,8
23967,6,8
23968,2,7
23969,2,7
23970,5,1
23971,7,0
23972,4,5
23973,5,1
23974,5,4
23975,3,2
23976,5,9
23977,1,3
23978,2,7
23979,5,4
23980,8,0
23981,4,5
23982,2,2
23983,9,6
23984,2,1
23985,2,7
23986,4,3
23987,5,8
23988,8,0
23989,5,9
23990,8,9
23991,7,0
23992,5,4
23993,2,1
23994,9,2
23995,3,2
23996,4,5
23997,1,3
23998,2,9
23999,5,4
24000,3,8
24001,4,5
24002,4,8
24003,9,6
24004,0,5
24005,2,7
24006,2,9
24007,6,8
24008,2,7
24009,2,9
24010,4,2
24011,7,0
24012,9,2
24013,5,1
24014,1,2
24015,3,2
24016,9,6
24017,4,3
24018,5,4
24019,5,4
24020,2,1
24021,4,5
24022,2,7
24023,9,6
24024,7,0
24025,2,7
24026,5,8
24027,6,8
24028,4,3
24029,2,9
24030,9,6
24031,9,6
24032,5,4
24033,5,4
24034,8,0
24035,3,2
24036,3,2
24037,9,6
24038,1,1
24039,5,4
24040,2,7
24041,2,7
24042,4,3
24043,4,5
24044,2,7
24045,4,5
24046,4,8
24047,5,4
24048,3,8
24049,2,7
24050,9,2
24051,5,8
24052,2,4
24053,5,9
24054,5,9
24055,1,2
24056,4,5
24057,5,9
24058,9,6
24059,1,3
24060,3,2
24061,2,9
24062,4,9
24063,4,3
24064,2,7
24065,5,8
24066,3,3
24067,3,2
24068,4,5
24069,8,0
24070,9,1
24071,5,9
24072,8,0
24073,1,8
24074,9,6
24075,8,0
24076,5,4
24077,4,5
24078,7,0
24079,9,6
24080,9,1
24081,8,0
24082,2,9
24083,2,1
24084,9,4
24085,8,0
24086,2,1
24087,5,4
24088,2,7
24089,1,2
24090,2,1
24091,9,6
24092,2,9
24093,4,5
24094,2,7
24095,1,3
24096,3,2
24097,4,5
24098,3,2
24099,1,3
24100,4,5
24101,6,8
24102,5,1
24103,7,0
24104,4,3
24105,7,0
24106,4,5
24107,4,5
24108,6,8
24109,5,4
24110,2,8
24111,4,3
24112,6,8
24113,5,4
24114,5,4
24115,5,1
24116,9,2
24117,4,5
24118,3,2
24119,1,3
24120,5,4
24121,8,0
24122,5,1
24123,3,8
24124,1,2
24125,1,3
24126,5,1
24127,0,6
24128,4,5
24129,3,2
24130,4,8
24131,2,7
24132,4,3
24133,2,1
24134,4,8
24135,5,1
24136,2,1
24137,6,8
24138,2,7
24139,9,1
24140,2,7
24141,2,7
24142,4,3
24143,5,1
24144,4,3
24145,2,3
24146,9,6
24147,1,8
24148,7,0
24149,4,5
24150,3,8
24151,8,0
24152,3,2
24153,2,9
24154,5,4
24155,2,7
24156,5,9
24157,9,6
24158,9,6
24159,2,7
24160,5,8
24161,5,4
24162,9,6
24163,5,1
24164,2,9
24165,9,6
24166,4,5
24167,5,8
24168,9,1
24169,5,4
24170,4,5
24171,2,7
24172,2,7
24173,4,5
24174,5,4
24175,9,1
24176,1,3
24177,3,2
24178,2,9
24179,9,6
24180,4,5
24181,2,7
24182,3,2
24183,5,1
24184,9,6
24185,5,9
24186,2,7
24187,5,8
24188,8,0
24189,7,0
24190,6,8
24191,9,6
24192,5,4
24193,5,9
24194,2,9
24195,5,4
24196,4,3
24197,2,9
24198,9,2
24199,2,9
24200,2,7
24201,9,6
24202,9,5
24203,7,2
24204,4,3
24205,4,3
24206,3,2
24207,2,7
24208,5,1
24209,5,1
24210,5,9
24211,2,9
24212,8,0
24213,9,2
24214,9,6
24215,3,2
24216,5,1
24217,4,5
24218,4,3
24219,1,3
24220,9,6
24221,2,7
24222,5,1
24223,6,8
24224,9,6
24225,7,0
24226,3,2
24227,2,1
24228,2,7
24229,3,2
24230,5,9
24231,3,3
24232,4,5
24233,5,4
24234,4,8
24235,0,5
24236,2,7
24237,0,6
24238,9,2
24239,2,7
24240,2,8
24241,6,8
24242,9,6
24243,2,9
24244,5,4
24245,7,0
24246,5,9
24247,2,1
24248,4,3
24249,9,2
24250,4,5
24251,3,3
24252,4,5
24253,5,4
24254,2,7
24255,0,5
24256,4,8
24257,0,6
24258,0,4
24259,2,7
24260,2,7
24261,3,8
24262,5,4
24263,2,9
24264,4,3
24265,7,0
24266,9,6
24267,0,1
24268,8,0
24269,3,2
24270,5,9
24271,3,3
24272,5,4
24273,5,4
24274,5,4
24275,9,5
24276,0,0
24277,0,6
24278,1,3
24279,2,1
24280,2,7
24281,3,3
24282,5,4
24283,0,5
24284,4,3
24285,2,9
24286,0,6
24287,5,4
24288,5,1
24289,2,1
24290,9,2
24291,2,7
24292,5,4
24293,2,1
24294,3,3
24295,5,4
24296,5,4
24297,6,8
24298,5,4
24299,3,3
24300,5,9
24301,6,8
24302,5,4
24303,3,2
24304,9,6
24305,2,9
24306,5,1
24307,3,3
24308,8,0
24309,6,8
24310,4,5
24311,6,8
24312,4,8
24313,2,9
24314,2,7
24315,2,7
24316,5,4
24317,4,5
24318,4,5
24319,2,9
24320,8,0
24321,3,2
24322,5,1
24323,0,5
24324,4,5
24325,2,7
24326,4,3
24327,5,4
24328,5,1
24329,2,1
24330,4,5
24331,3,2
24332,4,5
24333,3,3
24334,5,4
24335,4,5
24336,4,3
24337,2,9
24338,4,3
24339,2,1
24340,5,4
24341,2,1
24342,9,6
24343,7,0
24344,3,8
24345,7,0
24346,8,0
24347,9,2
24348,8,0
24349,6,8
24350,4,3
24351,2,7
24352,9,1
24353,0,5
24354,4,3
24355,9,1
24356,4,3
24357,9,1
24358,4,3
24359,6,8
24360,9,2
24361,0,5
24362,2,7
24363,0,6
24364,2,7
24365,0,4
24366,2,1
24367,7,0
24368,2,1
24369,3,3
24370,5,8
24371,7,0
24372,2,7
24373,3,3
24374,4,5
24375,2,7
24376,5,1
24377,0,6
24378,5,4
24379,2,9
24380,0,6
24381,3,2
24382,5,7
24383,0,6
24384,2,7
24385,9,6
24386,4,3
24387,2,9
24388,8,0
24389,7,0
24390,3,2
24391,5,4
24392,9,6
24393,7,0
24394,4,5
24395,0,6
24396,3,8
24397,2,1
24398,2,9
24399,7,0
24400,4,3
24401,2,9
24402,4,5
24403,9,5
24404,4,8
24405,2,1
24406,3,2
24407,3,3
24408,4,5
24409,2,7
24410,4,8
24411,0,6
24412,2,7
24413,2,9
24414,4,3
24415,2,7
24416,3,8
24417,3,3
24418,9,2
24419,7,0
24420,5,9
24421,0,5
24422,4,8
24423,0,6
24424,7,1
24425,3,2
24426,8,5
24427,3,2
24428,0,6
24429,7,0
24430,3,2
24431,2,1
24432,5,4
24433,1,2
24434,2,7
24435,1,3
24436,2,1
24437,5,4
24438,9,6
24439,4,5
24440,8,0
24441,0,6
24442,1,3
24443,2,7
24444,7,0
24445,8,0
24446,3,3
24447,1,1
24448,4,3
24449,1,2
24450,1,2
24451,4,3
24452,4,3
24453,0,6
24454,2,9
24455,2,7
24456,5,4
24457,0,8
24458,9,6
24459,2,9
24460,6,8
24461,2,1
24462,9,2
24463,7,0
24464,2,7
24465,5,1
24466,5,1
24467,9,2
24468,2,9
24469,3,3
24470,2,1
24471,5,4
24472,5,4
24473,4,5
24474,0,6
24475,0,6
24476,7,0
24477,2,7
24478,2,9
24479,0,8
24480,7,0
24481,4,3
24482,5,9
24483,5,1
24484,3,2
24485,9,2
24486,0,6
24487,5,1
24488,9,6
24489,5,9
24490,4,5
24491,9,2
24492,4,5
24493,5,4
24494,5,9
24495,7,0
24496,5,9
24497,2,9
24498,4,8
24499,2,9
24500,2,7
24501,3,3
24502,2,7
24503,2,7
24504,4,5
24505,2,7
24506,5,4
24507,2,9
24508,8,9
24509,2,1
24510,7,0
24511,5,4
24512,4,3
24513,9,2
24514,5,4
24515,2,7
24516,4,5
24517,9,2
24518,2,7
24519,4,5
24520,3,2
24521,6,8
24522,9,6
24523,9,6
24524,4,3
24525,7,0
24526,9,6
24527,5,4
24528,4,3
24529,7,0
24530,5,4
24531,4,3
24532,4,3
24533,0,8
24534,4,8
24535,2,1
24536,5,1
24537,7,0
24538,5,9
24539,3,3
24540,2,7
24541,0,0
24542,5,4
24543,5,4
24544,2,7
24545,2,7
24546,3,2
24547,5,4
24548,2,7
24549,2,9
24550,2,7
24551,3,2
24552,1,2
24553,2,9
24554,9,6
24555,2,1
24556,2,9
24557,9,2
24558,8,8
24559,4,5
24560,4,3
24561,2,7
24562,2,8
24563,2,1
24564,2,1
24565,2,7
24566,5,9
24567,5,1
24568,2,7
24569,0,6
24570,1,2
24571,2,7
24572,2,7
24573,4,3
24574,4,5
24575,4,3
24576,9,6
24577,9,6
24578,5,8
24579,3,5
24580,2,1
24581,0,6
24582,3,2
24583,2,7
24584,4,3
24585,9,6
24586,4,8
24587,0,8
24588,2,9
24589,0,8
24590,5,4
24591,3,2
24592,9,6
24593,2,9
24594,2,9
24595,4,5
24596,5,9
24597,4,3
24598,3,8
24599,2,7
24600,6,8
24601,5,4
24602,8,2
24603,3,3
24604,5,4
24605,8,0
24606,5,1
24607,5,4
24608,4,5
24609,9,6
24610,4,3
24611,0,6
24612,4,2
24613,4,9
24614,4,5
24615,7,0
24616,9,6
24617,5,1
24618,8,2
24619,1,1
24620,8,9
24621,4,3
24622,9,6
24623,9,2
24624,4,1
24625,0,1
24626,9,1
24627,8,0
24628,5,1
24629,0,0
24630,8,5
24631,1,1
24632,9,2
24633,3,2
24634,9,1
24635,1,3
24636,7,0
24637,5,4
24638,9,6
24639,2,7
24640,7,0
24641,6,8
24642,5,4
24643,2,9
24644,2,7
24645,7,0
24646,4,8
24647,9,1
24648,5,4
24649,3,2
24650,4,5
24651,4,3
24652,2,7
24653,5,4
24654,4,8
24655,2,7
24656,9,6
24657,3,8
24658,4,8
24659,5,9
24660,4,5
24661,7,0
24662,2,7
24663,9,1
24664,5,8
24665,3,2
24666,4,5
24667,1,3
24668,5,4
24669,5,4
24670,2,7
24671,0,5
24672,4,3
24673,0,6
24674,1,2
24675,2,7
24676,8,0
24677,6,8
24678,2,1
24679,4,8
24680,4,3
24681,7,0
24682,2,7
24683,4,5
24684,2,9
24685,0,6
24686,3,8
24687,0,6
24688,9,1
24689,7,0
24690,3,2
24691,6,8
24692,2,7
24693,8,0
24694,2,9
24695,3,2
24696,8,0
24697,1,3
24698,8,0
24699,2,7
24700,2,7
24701,2,9
24702,2,7
24703,5,4
24704,5,9
24705,2,7
24706,8,0
24707,5,1
24708,4,5
24709,2,7
24710,5,1
24711,2,1
24712,5,9
24713,5,4
24714,2,1
24715,0,0
24716,4,5
24717,8,0
24718,4,5
24719,5,4
24720,4,8
24721,9,1
24722,1,2
24723,2,7
24724,1,2
24725,4,5
24726,8,6
24727,2,7
24728,3,2
24729,1,1
24730,4,5
24731,1,3
24732,3,2
24733,1,3
24734,5,4
24735,1,3
24736,5,9
24737,2,1
24738,3,1
24739,0,6
24740,5,8
24741,5,9
24742,2,7
24743,2,7
24744,5,4
24745,5,4
24746,2,2
24747,1,3
24748,3,3
24749,0,0
24750,9,6
24751,3,2
24752,9,2
24753,0,6
24754,9,6
24755,0,0
24756,5,9
24757,3,8
24758,5,4
24759,2,9
24760,3,8
24761,5,4
24762,5,1
24763,1,3
24764,0,6
24765,4,5
24766,5,4
24767,5,4
24768,4,8
24769,3,8
24770,3,3
24771,9,1
24772,2,3
24773,4,5
24774,9,6
24775,2,9
24776,8,0
24777,7,0
24778,4,5
24779,0,6
24780,4,3
24781,5,4
24782,5,1
24783,1,3
24784,4,3
24785,0,6
24786,1,2
24787,1,3
24788,2,7
24789,3,3
24790,9,2
24791,6,8
24792,4,5
24793,9,1
24794,7,2
24795,5,4
24796,9,2
24797,2,7
24798,8,4
24799,4,5
24800,2,1
24801,2,7
24802,0,6
24803,9,2
24804,9,6
24805,3,2
24806,5,8
24807,0,0
24808,2,1
24809,0,0
24810,5,4
24811,2,1
24812,4,5
24813,2,7
24814,5,1
24815,2,7
24816,2,7
24817,5,9
24818,2,7
24819,0,5
24820,4,5
24821,2,9
24822,5,4
24823,6,8
24824,2,1
24825,2,9
24826,5,8
24827,0,6
24828,8,0
24829,6,8
24830,2,7
24831,2,8
24832,9,6
24833,3,2
24834,5,1
24835,4,3
24836,1,2
24837,0,6
24838,9,1
24839,9,1
24840,7,0
24841,3,2
24842,7,0
24843,5,9
24844,3,2
24845,6,8
24846,7,0
24847,2,5
24848,5,1
24849,3,2
24850,1,3
24851,0,6
24852,3,8
24853,3,2
24854,4,5
24855,5,4
24856,8,0
24857,6,8
24858,7,0
24859,0,5
24860,5,9
24861,8,0
24862,9,2
24863,2,1
24864,4,5
24865,9,2
24866,5,4
24867,4,3
24868,1,3
24869,5,4
24870,4,3
24871,0,6
24872,8,0
24873,2,7
24874,5,4
24875,5,8
24876,3,2
24877,8,0
24878,2,7
24879,2,1
24880,5,4
24881,3,2
24882,2,7
24883,1,3
24884,5,7
24885,5,4
24886,4,3
24887,4,5
24888,5,1
24889,5,8
24890,4,5
24891,2,9
24892,8,0
24893,8,0
24894,5,4
24895,2,1
24896,8,0
24897,9,2
24898,2,9
24899,1,3
24900,2,1
24901,5,4
24902,8,9
24903,4,5
24904,5,1
24905,9,6
24906,1,3
24907,2,7
24908,4,5
24909,5,8
24910,4,5
24911,2,9
24912,5,4
24913,7,0
24914,2,9
24915,9,1
24916,2,9
24917,2,7
24918,5,1
24919,2,9
24920,2,9
24921,4,5
24922,5,4
24923,2,1
24924,2,1
24925,3,8
24926,4,8
24927,2,9
24928,2,7
24929,5,4
24930,5,1
24931,4,3
24932,2,1
24933,2,1
24934,0,6
24935,2,7
24936,5,9
24937,5,8
24938,2,7
24939,9,2
24940,8,0
24941,5,4
24942,5,9
24943,3,3
24944,9,6
24945,9,6
24946,2,9
24947,2,9
24948,9,6
24949,2,9
24950,5,8
24951,3,5
24952,8,0
24953,1,8
24954,4,8
24955,9,6
24956,5,9
24957,9,6
24958,5,1
24959,2,8
24960,4,5
24961,9,2
24962,8,0
24963,9,6
24964,2,7
24965,1,3
24966,5,1
24967,2,9
24968,9,2
24969,3,3
24970,3,1
24971,9,2
24972,3,2
24973,5,1
24974,5,1
24975,2,7
24976,5,4
24977,5,4
24978,7,0
24979,1,8
24980,5,4
24981,3,8
24982,6,2
24983,2,9
24984,2,7
24985,7,0
24986,5,4
24987,3,3
24988,7,0
24989,3,3
24990,4,7
24991,2,9
24992,5,4
24993,8,0
24994,2,7
24995,4,5
24996,2,1
24997,3,2
24998,8,9
24999,2,9
25000,3,3
25001,5,4
25002,4,5
25003,2,1
25004,9,2
25005,8,0
25006,5,4
25007,4,3
25008,7,8
25009,2,7
25010,9,6
25011,2,7
25012,4,8
25013,2,7
25014,5,4
25015,3,8
25016,5,8
25017,3,2
25018,4,8
25019,2,9
25020,3,2
25021,2,7
25022,8,0
25023,3,5
25024,8,0
25025,4,5
25026,2,7
25027,0,1
25028,4,3
25029,3,2
25030,9,6
25031,0,6
25032,4,3
25033,3,3
25034,3,3
25035,9,6
25036,2,1
25037,9,6
25038,3,2
25039,0,0
25040,4,3
25041,3,2
25042,5,1
25043,4,8
25044,5,9
25045,2,1
25046,5,9
25047,9,6
25048,5,4
25049,2,1
25050,5,4
25051,7,0
25052,2,1
25053,5,4
25054,2,1
25055,3,3
25056,5,4
25057,2,1
25058,2,7
25059,0,6
25060,2,7
25061,2,1
25062,2,7
25063,2,9
25064,5,1
25065,7,0
25066,4,5
25067,5,1
25068,9,6
25069,3,2
25070,2,7
25071,4,3
25072,5,8
25073,5,4
25074,6,8
25075,4,5
25076,9,6
25077,9,6
25078,3,3
25079,2,7
25080,4,5
25081,4,8
25082,8,0
25083,2,9
25084,4,5
25085,7,0
25086,5,4
25087,2,1
25088,1,2
25089,3,2
25090,9,6
25091,4,3
25092,0,0
25093,5,4
25094,8,3
25095,2,7
25096,3,5
25097,6,8
25098,9,6
25099,2,9
25100,5,4
25101,7,0
25102,9,6
25103,5,1
25104,9,6
25105,3,2
25106,4,3
25107,4,3
25108,9,6
25109,5,4
25110,2,7
25111,9,5
25112,5,1
25113,0,6
25114,5,4
25115,2,7
25116,1,3
25117,6,8
25118,2,1
25119,2,9
25120,4,8
25121,2,7
25122,1,2
25123,2,7
25124,1,1
25125,2,7
25126,2,7
25127,4,3
25128,2,7
25129,9,1
25130,2,7
25131,3,8
25132,4,8
25133,2,7
25134,2,9
25135,9,6
25136,3,2
25137,3,0
25138,3,2
25139,3,2
25140,2,7
25141,9,6
25142,9,6
25143,4,8
25144,4,5
25145,4,3
25146,4,8
25147,7,2
25148,9,2
25149,8,8
25150,9,2
25151,2,1
25152,8,0
25153,2,1
25154,5,4
25155,2,7
25156,1,2
25157,3,2
25158,4,5
25159,9,0
25160,2,7
25161,2,7
25162,5,4
25163,2,1
25164,1,3
25165,9,6
25166,7,0
25167,8,0
25168,2,9
25169,5,4
25170,5,4
25171,9,6
25172,1,3
25173,5,4
25174,4,3
25175,5,4
25176,5,4
25177,4,5
25178,7,5
25179,6,8
25180,5,4
25181,8,0
25182,5,4
25183,9,6
25184,5,4
25185,3,2
25186,4,8
25187,3,3
25188,5,4
25189,2,1
25190,4,5
25191,4,3
25192,4,5
25193,9,6
25194,5,4
25195,4,8
25196,5,1
25197,5,4
25198,4,5
25199,8,0
25200,2,7
25201,2,7
25202,5,1
25203,4,5
25204,9,6
25205,6,8
25206,8,0
25207,4,8
25208,4,3
25209,4,3
25210,3,3
25211,2,7
25212,4,9
25213,4,8
25214,7,0
25215,2,9
25216,5,9
25217,3,2
25218,5,4
25219,9,6
25220,9,2
25221,3,2
25222,4,3
25223,4,5
25224,2,9
25225,4,3
25226,0,6
25227,2,1
25228,4,8
25229,2,7
25230,9,1
25231,4,3
25232,2,8
25233,2,9
25234,8,4
25235,5,1
25236,3,8
25237,2,9
25238,3,2
25239,2,9
25240,4,5
25241,0,6
25242,2,7
25243,7,0
25244,5,1
25245,3,3
25246,4,2
25247,2,9
25248,2,9
25249,3,2
25250,4,8
25251,6,8
25252,8,0
25253,9,1
25254,4,8
25255,5,4
25256,4,8
25257,3,3
25258,5,9
25259,9,5
25260,5,4
25261,3,2
25262,4,8
25263,2,9
25264,5,1
25265,3,2
25266,4,3
25267,2,9
25268,5,1
25269,3,1
25270,9,6
25271,0,6
25272,3,2
25273,0,5
25274,5,1
25275,5,8
25276,4,8
25277,2,9
25278,8,0
25279,5,4
25280,5,9
25281,7,2
25282,4,3
25283,4,5
25284,4,3
25285,8,0
25286,2,7
25287,5,1
25288,5,4
25289,9,2
25290,8,0
25291,4,3
25292,5,4
25293,5,4
25294,4,2
25295,4,5
25296,4,3
25297,9,6
25298,2,9
25299,2,7
25300,2,7
25301,8,8
25302,1,1
25303,2,9
25304,7,0
25305,8,0
25306,4,6
25307,5,1
25308,2,7
25309,9,2
25310,2,1
25311,4,3
25312,8,0
25313,5,4
25314,2,7
25315,4,5
25316,9,6
25317,9,6
25318,2,2
25319,2,7
25320,8,8
25321,7,8
25322,5,1
25323,2,9
25324,5,1
25325,8,0
25326,8,8
25327,5,1
25328,4,3
25329,1,2
25330,4,5
25331,4,3
25332,4,2
25333,5,4
25334,5,4
25335,4,5
25336,5,1
25337,9,6
25338,9,6
25339,2,7
25340,9,6
25341,3,8
25342,4,5
25343,5,9
25344,8,0
25345,9,6
25346,4,3
25347,5,4
25348,2,7
25349,9,2
25350,2,7
25351,9,6
25352,5,1
25353,5,4
25354,2,1
25355,2,7
25356,4,5
25357,4,5
25358,9,6
25359,4,5
25360,4,8
25361,5,4
25362,6,8
25363,2,7
25364,9,1
25365,7,8
25366,7,0
25367,5,9
25368,9,6
25369,1,2
25370,2,7
25371,5,9
25372,5,9
25373,4,3
25374,9,6
25375,2,9
25376,5,9
25377,4,3
25378,5,4
25379,4,8
25380,5,4
25381,9,2
25382,5,4
25383,8,0
25384,4,5
25385,5,9
25386,7,0
25387,4,8
25388,5,8
25389,8,0
25390,8,0
25391,4,5
25392,2,7
25393,9,6
25394,2,1
25395,8,0
25396,5,4
25397,1,1
25398,4,3
25399,8,0
25400,4,8
25401,5,4
25402,4,5
25403,1,2
25404,5,9
25405,9,6
25406,7,2
25407,4,5
25408,8,0
25409,3,3
25410,5,4
25411,4,5
25412,1,2
25413,4,3
25414,2,1
25415,8,8
25416,5,1
25417,1,3
25418,5,8
25419,5,4
25420,8,0
25421,5,1
25422,9,6
25423,4,5
25424,9,6
25425,4,3
25426,2,7
25427,8,0
25428,5,1
25429,4,8
25430,0,6
25431,4,3
25432,5,9
25433,8,0
25434,9,1
25435,9,6
25436,2,1
25437,1,2
25438,5,4
25439,2,7
25440,4,5
25441,5,1
25442,8,2
25443,5,1
25444,2,7
25445,4,8
25446,5,9
25447,1,1
25448,9,1
25449,2,7
25450,5,1
25451,1,1
25452,2,7
25453,4,3
25454,4,3
25455,4,8
25456,8,0
25457,4,5
25458,2,7
25459,9,2
25460,8,0
25461,8,0
25462,0,6
25463,5,9
25464,4,8
25465,2,7
25466,4,5
25467,9,6
25468,4,5
25469,2,7
25470,5,4
25471,5,4
25472,2,9
25473,1,1
25474,5,1
25475,9,6
25476,9,2
25477,8,8
25478,5,9
25479,5,4
25480,4,3
25481,2,7
25482,0,8
25483,4,5
25484,5,4
25485,2,1
25486,3,8
25487,9,2
25488,5,4
25489,9,6
25490,5,4
25491,2,7
25492,3,2
25493,5,9
25494,4,5
25495,8,8
25496,5,1
25497,8,0
25498,2,4
25499,9,6
25500,2,7
25501,5,9
25502,5,9
25503,5,4
25504,5,1
25505,9,6
25506,2,7
25507,9,2
25508,2,5
25509,4,3
25510,1,2
25511,2,7
25512,7,0
25513,5,1
25514,6,8
25515,5,9
25516,9,2
25517,3,2
25518,8,0
25519,1,2
25520,9,6
25521,4,5
25522,2,7
25523,4,3
25524,5,1
25525,2,7
25526,1,2
25527,8,8
25528,4,9
25529,7,0
25530,5,2
25531,2,1
25532,5,9
25533,1,2
25534,5,4
25535,3,3
25536,1,3
25537,2,1
25538,4,3
25539,4,5
25540,2,1
25541,9,6
25542,8,0
25543,2,7
25544,5,8
25545,4,8
25546,9,8
25547,7,0
25548,1,2
25549,2,1
25550,5,4
25551,3,2
25552,3,3
25553,1,3
25554,2,7
25555,5,4
25556,4,8
25557,4,5
25558,5,4
25559,9,6
25560,4,5
25561,2,7
25562,2,9
25563,5,8
25564,9,2
25565,2,9
25566,4,5
25567,7,0
25568,2,8
25569,5,1
25570,5,2
25571,9,2
25572,9,6
25573,3,3
25574,3,2
25575,5,4
25576,8,0
25577,3,5
25578,2,7
25579,9,6
25580,4,5
25581,2,7
25582,3,8
25583,6,8
25584,8,0
25585,2,9
25586,3,3
25587,4,8
25588,4,5
25589,2,9
25590,3,3
25591,3,2
25592,5,8
25593,9,6
25594,2,7
25595,2,1
25596,1,1
25597,2,7
25598,4,5
25599,9,6
25600,2,1
25601,4,3
25602,5,4
25603,4,5
25604,5,4
25605,5,4
25606,2,1
25607,6,8
25608,0,6
25609,9,2
25610,2,7
25611,0,6
25612,5,4
25613,5,4
25614,0,6
25615,2,7
25616,5,4
25617,3,2
25618,3,2
25619,3,3
25620,4,8
25621,5,4
25622,4,5
25623,4,5
25624,2,9
25625,2,9
25626,8,0
25627,9,2
25628,5,1
25629,7,0
25630,4,3
25631,4,3
25632,3,2
25633,2,9
25634,5,9
25635,5,4
25636,9,6
25637,2,9
25638,9,6
25639,2,7
25640,2,9
25641,3,3
25642,2,7
25643,2,9
25644,5,4
25645,3,3
25646,9,6
25647,3,8
25648,5,9
25649,2,7
25650,8,0
25651,5,1
25652,5,9
25653,5,4
25654,4,5
25655,2,9
25656,5,4
25657,4,8
25658,3,2
25659,4,5
25660,5,4
25661,3,8
25662,5,4
25663,3,2
25664,5,9
25665,9,6
25666,2,1
25667,2,9
25668,5,4
25669,4,5
25670,5,4
25671,3,3
25672,5,2
25673,9,6
25674,4,8
25675,4,5
25676,7,0
25677,3,2
25678,9,5
25679,4,5
25680,0,6
25681,2,7
25682,5,4
25683,3,2
25684,9,6
25685,3,3
25686,1,8
25687,2,1
25688,3,3
25689,3,3
25690,7,0
25691,3,2
25692,4,8
25693,2,7
25694,8,0
25695,3,3
25696,9,1
25697,5,1
25698,5,9
25699,5,9
25700,4,2
25701,7,0
25702,5,1
25703,2,1
25704,5,1
25705,2,7
25706,5,9
25707,7,0
25708,4,3
25709,3,8
25710,6,8
25711,4,5
25712,5,9
25713,9,6
25714,7,0
25715,6,8
25716,2,7
25717,3,2
25718,1,2
25719,5,1
25720,4,5
25721,3,3
25722,2,4
25723,4,5
25724,9,1
25725,7,0
25726,4,5
25727,2,7
25728,1,3
25729,8,0
25730,9,6
25731,3,8
25732,9,2
25733,2,7
25734,5,1
25735,3,2
25736,4,8
25737,5,4
25738,4,5
25739,5,4
25740,1,3
25741,7,8
25742,9,6
25743,7,0
25744,9,1
25745,5,1
25746,4,3
25747,4,5
25748,2,7
25749,5,1
25750,8,0
25751,5,1
25752,1,2
25753,9,6
25754,8,0
25755,7,0
25756,2,7
25757,7,0
25758,9,1
25759,5,4
25760,5,4
25761,2,9
25762,4,5
25763,3,8
25764,2,1
25765,4,5
25766,5,8
25767,9,1
25768,4,3
25769,9,6
25770,9,6
25771,9,6
25772,5,4
25773,0,0
25774,2,1
25775,2,7
25776,4,8
25777,9,6
25778,4,5
25779,2,1
25780,9,2
25781,9,1
25782,2,7
25783,8,0
25784,5,4
25785,5,1
25786,2,1
25787,9,2
25788,2,7
25789,4,3
25790,2,4
25791,5,4
25792,2,7
25793,4,5
25794,5,1
25795,9,6
25796,6,8
25797,2,7
25798,0,6
25799,2,8
25800,3,1
25801,2,9
25802,4,3
25803,8,0
25804,3,2
25805,5,1
25806,2,7
25807,3,2
25808,2,7
25809,4,3
25810,2,9
25811,5,4
25812,4,1
25813,4,5
25814,8,0
25815,9,6
25816,2,7
25817,2,7
25818,8,0
25819,5,8
25820,4,3
25821,2,9
25822,2,1
25823,7,0
25824,5,9
25825,5,1
25826,5,4
25827,0,2
25828,2,9
25829,3,3
25830,2,7
25831,5,4
25832,4,5
25833,2,7
25834,9,6
25835,5,8
25836,8,0
25837,2,9
25838,1,2
25839,8,0
25840,4,5
25841,2,7
25842,5,1
25843,5,8
25844,5,4
25845,5,4
25846,5,4
25847,5,1
25848,5,4
25849,5,8
25850,2,7
25851,5,8
25852,5,9
25853,5,1
25854,8,2
25855,4,3
25856,5,4
25857,5,1
25858,5,1
25859,1,8
25860,0,6
25861,4,3
25862,2,7
25863,2,7
25864,5,1
25865,2,9
25866,5,4
25867,4,3
25868,2,7
25869,5,4
25870,4,8
25871,2,7
25872,2,9
25873,1,8
25874,2,9
25875,5,4
25876,2,1
25877,2,7
25878,5,4
25879,5,8
25880,1,3
25881,2,9
25882,1,3
25883,4,3
25884,5,4
25885,5,1
25886,4,5
25887,5,4
25888,2,7
25889,9,6
25890,4,8
25891,4,5
25892,7,0
25893,9,6
25894,5,4
25895,2,7
25896,4,3
25897,2,7
25898,2,1
25899,5,1
25900,2,9
25901,9,6
25902,9,2
25903,5,4
25904,2,7
25905,5,9
25906,9,6
25907,1,2
25908,9,6
25909,5,9
25910,9,1
25911,1,3
25912,3,2
25913,2,5
25914,8,0
25915,3,3
25916,3,2
25917,9,6
25918,5,1
25919,8,0
25920,1,2
25921,8,0
25922,4,3
25923,3,2
25924,4,3
25925,5,4
25926,2,7
25927,3,2
25928,3,0
25929,2,7
25930,4,5
25931,5,4
25932,8,0
25933,5,9
25934,2,1
25935,4,5
25936,4,5
25937,9,1
25938,5,4
25939,3,2
25940,4,1
25941,4,3
25942,8,0
25943,9,6
25944,9,6
25945,5,1
25946,4,9
25947,5,8
25948,4,1
25949,3,3
25950,4,3
25951,5,8
25952,8,0
25953,8,0
25954,4,5
25955,4,3
25956,5,4
25957,8,0
25958,4,5
25959,9,6
25960,5,4
25961,2,1
25962,0,6
25963,9,6
25964,2,7
25965,5,9
25966,4,5
25967,4,5
25968,4,8
25969,5,9
25970,2,1
25971,5,4
25972,2,7
25973,4,5
25974,3,2
25975,5,8
25976,4,8
25977,9,6
25978,7,0
25979,2,7
25980,7,0
25981,2,1
25982,2,7
25983,5,1
25984,4,8
25985,2,7
25986,3,8
25987,8,0
25988,8,8
25989,5,1
25990,5,4
25991,1,2
25992,9,6
25993,1,3
25994,1,2
25995,5,4
25996,4,3
25997,4,5
25998,2,7
25999,9,6
26000,5,4
26001,2,7
26002,2,1
26003,4,8
26004,2,7
26005,5,9
26006,3,2
26007,8,0
26008,1,3
26009,5,1
26010,2,7
26011,1,2
26012,9,2
26013,4,3
26014,4,3
26015,5,4
26016,0,6
26017,3,5
26018,4,5
26019,9,6
26020,4,5
26021,2,7
26022,4,8
26023,5,8
26024,4,5
26025,2,9
26026,2,7
26027,7,0
26028,3,8
26029,9,1
26030,4,5
26031,3,2
26032,0,6
26033,4,3
26034,9,5
26035,5,4
26036,5,8
26037,4,5
26038,8,0
26039,0,6
26040,8,0
26041,2,7
26042,2,9
26043,3,8
26044,8,0
26045,2,9
26046,7,2
26047,2,7
26048,4,3
26049,2,7
26050,3,3
26051,2,7
26052,9,6
26053,4,3
26054,2,7
26055,7,0
26056,2,7
26057,3,3
26058,8,0
26059,2,1
26060,5,9
26061,5,8
26062,4,5
26063,2,7
26064,5,9
26065,9,6
26066,4,5
26067,5,4
26068,5,9
26069,4,5
26070,5,1
26071,9,6
26072,5,1
26073,0,0
26074,5,4
26075,1,2
26076,2,7
26077,9,6
26078,5,8
26079,4,8
26080,2,7
26081,1,3
26082,5,9
26083,1,2
26084,3,3
26085,6,8
26086,5,4
26087,9,1
26088,2,7
26089,5,1
26090,4,8
26091,2,7
26092,9,6
26093,3,2
26094,4,5
26095,7,0
26096,2,1
26097,2,7
26098,4,5
26099,5,1
26100,4,8
26101,9,6
26102,4,5
26103,7,0
26104,2,1
26105,5,4
26106,5,4
26107,9,6
26108,2,9
26109,5,4
26110,5,9
26111,5,4
26112,4,5
26113,4,5
26114,8,6
26115,5,8
26116,2,9
26117,7,0
26118,9,1
26119,9,6
26120,2,2
26121,3,2
26122,1,8
26123,3,3
26124,9,6
26125,5,1
26126,4,6
26127,4,3
26128,5,4
26129,9,6
26130,4,3
26131,4,5
26132,5,4
26133,9,1
26134,4,5
26135,9,8
26136,5,8
26137,5,4
26138,4,8
26139,8,0
26140,4,3
26141,2,7
26142,9,1
26143,4,5
26144,5,1
26145,6,8
26146,2,2
26147,6,8
26148,4,3
26149,3,3
26150,5,5
26151,2,7
26152,9,1
26153,4,8
26154,4,3
26155,2,9
26156,4,3
26157,3,2
26158,2,7
26159,9,6
26160,9,6
26161,3,2
26162,2,7
26163,4,5
26164,3,2
26165,4,3
26166,5,4
26167,5,1
26168,0,6
26169,2,7
26170,9,2
26171,4,3
26172,5,4
26173,2,9
26174,2,1
26175,9,1
26176,8,0
26177,2,9
26178,7,0
26179,2,9
26180,9,6
26181,0,6
26182,5,1
26183,0,0
26184,7,0
26185,5,9
26186,9,6
26187,1,3
26188,5,1
26189,2,7
26190,2,1
26191,7,0
26192,5,4
26193,5,4
26194,4,3
26195,4,5
26196,4,5
26197,0,0
26198,4,5
26199,2,9
26200,4,8
26201,3,2
26202,5,1
26203,4,8
26204,4,5
26205,1,1
26206,4,5
26207,5,4
26208,4,3
26209,4,3
26210,8,0
26211,4,5
26212,5,9
26213,9,2
26214,4,9
26215,2,9
26216,2,7
26217,5,4
26218,2,7
26219,8,0
26220,5,9
26221,1,2
26222,1,3
26223,5,9
26224,3,2
26225,1,1
26226,5,9
26227,9,6
26228,4,5
26229,4,5
26230,7,0
26231,5,8
26232,2,7
26233,2,9
26234,2,7
26235,5,4
26236,4,5
26237,3,2
26238,2,1
26239,4,5
26240,2,5
26241,7,0
26242,5,4
26243,9,1
26244,4,8
26245,3,2
26246,5,4
26247,4,3
26248,4,8
26249,5,4
26250,5,1
26251,4,5
26252,4,6
26253,0,6
26254,2,9
26255,2,7
26256,7,0
26257,4,8
26258,7,0
26259,2,9
26260,8,0
26261,7,0
26262,7,0
26263,5,1
26264,5,4
26265,9,2
26266,2,7
26267,4,3
26268,2,1
26269,5,4
26270,3,3
26271,2,7
26272,2,7
26273,4,8
26274,2,7
26275,2,9
26276,2,9
26277,7,0
26278,5,9
26279,5,1
26280,9,2
26281,5,4
26282,5,9
26283,4,5
26284,4,3
26285,0,6
26286,4,5
26287,2,7
26288,5,4
26289,4,8
26290,4,5
26291,4,3
26292,8,0
26293,5,4
26294,1,8
26295,5,1
26296,5,4
26297,5,4
26298,8,0
26299,9,6
26300,8,0
26301,0,6
26302,5,9
26303,2,7
26304,2,7
26305,4,3
26306,4,3
26307,4,3
26308,7,0
26309,5,4
26310,5,1
26311,3,3
26312,9,2
26313,4,5
26314,2,9
26315,8,0
26316,2,9
26317,2,1
26318,9,6
26319,5,4
26320,4,5
26321,0,6
26322,2,7
26323,7,0
26324,4,3
26325,1,2
26326,1,2
26327,6,8
26328,4,5
26329,9,2
26330,3,2
26331,4,5
26332,2,9
26333,3,2
26334,5,4
26335,2,1
26336,2,9
26337,2,7
26338,8,0
26339,7,0
26340,7,2
26341,9,2
26342,9,6
26343,7,0
26344,7,6
26345,0,6
26346,2,9
26347,9,6
26348,3,2
26349,2,9
26350,2,1
26351,3,8
26352,5,4
26353,2,9
26354,2,7
26355,3,2
26356,2,7
26357,4,2
26358,4,3
26359,2,9
26360,4,5
26361,2,9
26362,2,8
26363,4,5
26364,4,3
26365,5,4
26366,7,0
26367,5,4
26368,4,5
26369,7,0
26370,4,5
26371,7,0
26372,8,6
26373,4,8
26374,2,7
26375,9,6
26376,9,1
26377,9,6
26378,1,3
26379,4,8
26380,8,9
26381,4,5
26382,9,6
26383,1,3
26384,0,6
26385,1,8
26386,9,6
26387,4,5
26388,5,1
26389,0,0
26390,2,1
26391,2,3
26392,9,6
26393,9,6
26394,9,6
26395,2,7
26396,9,6
26397,2,8
26398,0,5
26399,4,3
26400,5,9
26401,2,1
26402,9,6
26403,4,3
26404,4,5
26405,5,9
26406,2,1
26407,4,5
26408,8,0
26409,9,1
26410,9,6
26411,4,5
26412,4,3
26413,4,5
26414,4,8
26415,0,0
26416,5,9
26417,2,7
26418,9,6
26419,2,3
26420,2,1
26421,9,1
26422,7,0
26423,2,7
26424,5,9
26425,9,6
26426,2,9
26427,8,0
26428,5,9
26429,1,1
26430,2,9
26431,3,2
26432,4,5
26433,3,3
26434,4,2
26435,5,4
26436,8,0
26437,3,5
26438,8,0
26439,9,6
26440,5,9
26441,2,7
26442,2,7
26443,5,8
26444,5,1
26445,5,1
26446,2,7
26447,7,2
26448,4,3
26449,3,3
26450,5,4
26451,4,5
26452,4,6
26453,0,6
26454,1,2
26455,2,7
26456,5,4
26457,7,0
26458,5,4
26459,9,1
26460,3,5
26461,3,2
26462,2,9
26463,4,3
26464,4,5
26465,5,4
26466,4,5
26467,4,5
26468,3,2
26469,0,6
26470,0,6
26471,4,8
26472,9,6
26473,9,1
26474,4,8
26475,8,0
26476,9,1
26477,3,2
26478,1,3
26479,9,1
26480,5,4
26481,3,5
26482,0,6
26483,7,6
26484,4,5
26485,2,1
26486,2,9
26487,9,1
26488,4,3
26489,2,7
26490,9,6
26491,5,8
26492,2,1
26493,4,5
26494,5,4
26495,9,1
26496,6,8
26497,0,6
26498,9,6
26499,2,7
26500,2,7
26501,7,0
26502,5,1
26503,3,3
26504,2,2
26505,1,3
26506,5,4
26507,8,0
26508,7,0
26509,7,2
26510,5,4
26511,7,6
26512,2,9
26513,2,9
26514,5,1
26515,5,8
26516,9,6
26517,3,5
26518,2,9
26519,5,8
26520,4,8
26521,0,6
26522,4,2
26523,6,8
26524,9,6
26525,2,9
26526,4,3
26527,8,9
26528,2,7
26529,2,7
26530,9,6
26531,9,1
26532,4,8
26533,3,2
26534,4,3
26535,9,1
26536,5,9
26537,9,1
26538,4,5
26539,9,1
26540,9,2
26541,3,2
26542,2,3
26543,5,8
26544,5,4
26545,8,0
26546,5,4
26547,4,5
26548,4,3
26549,2,7
26550,4,3
26551,0,6
26552,4,5
26553,4,5
26554,4,3
26555,1,3
26556,9,1
26557,5,8
26558,5,9
26559,9,1
26560,2,7
26561,3,3
26562,3,2
26563,0,6
26564,5,4
26565,7,0
26566,5,9
26567,5,4
26568,2,7
26569,5,8
26570,4,5
26571,2,9
26572,4,5
26573,5,4
26574,4,5
26575,2,7
26576,9,6
26577,7,2
26578,5,1
26579,2,7
26580,6,8
26581,5,1
26582,5,4
26583,5,8
26584,9,6
26585,3,2
26586,2,9
26587,9,1
26588,5,4
26589,2,7
26590,4,5
26591,2,7
26592,4,5
26593,3,3
26594,2,9
26595,3,2
26596,4,3
26597,7,0
26598,9,1
26599,5,4
26600,2,7
26601,9,6
26602,2,7
26603,0,6
26604,2,1
26605,5,8
26606,9,6
26607,4,5
26608,7,0
26609,2,9
26610,9,1
26611,5,8
26612,2,9
26613,3,2
26614,9,6
26615,4,5
26616,4,8
26617,9,1
26618,5,4
26619,7,0
26620,7,0
26621,4,5
26622,8,6
26623,7,0
26624,1,2
26625,3,3
26626,2,2
26627,5,4
26628,3,8
26629,2,3
26630,9,2
26631,2,9
26632,3,2
26633,9,6
26634,5,4
26635,7,2
26636,9,5
26637,3,5
26638,1,2
26639,7,0
26640,1,9
26641,0,6
26642,2,7
26643,2,9
26644,4,3
26645,8,0
26646,1,2
26647,1,1
26648,4,5
26649,9,2
26650,9,6
26651,4,3
26652,5,4
26653,5,4
26654,0,6
26655,4,5
26656,7,0
26657,9,6
26658,7,2
26659,2,7
26660,5,8
26661,4,8
26662,4,3
26663,2,9
26664,4,8
26665,8,0
26666,6,8
26667,5,1
26668,2,7
26669,1,2
26670,9,6
26671,1,3
26672,5,8
26673,5,4
26674,4,3
26675,4,5
26676,4,5
26677,9,6
26678,4,3
26679,2,7
26680,4,5
26681,5,8
26682,2,9
26683,2,9
26684,2,7
26685,8,0
26686,7,0
26687,5,1
26688,9,2
26689,9,2
26690,3,2
26691,1,3
26692,3,3
26693,5,4
26694,4,3
26695,4,5
26696,2,1
26697,9,6
26698,2,1
26699,2,7
26700,4,5
26701,4,8
26702,4,3
26703,2,9
26704,5,4
26705,2,7
26706,4,5
26707,2,7
26708,5,8
26709,2,7
26710,4,3
26711,1,3
26712,7,0
26713,8,0
26714,2,7
26715,4,3
26716,9,6
26717,2,1
26718,3,2
26719,4,8
26720,3,8
26721,2,7
26722,8,0
26723,9,6
26724,3,3
26725,5,4
26726,2,1
26727,4,5
26728,8,0
26729,9,6
26730,5,9
26731,8,0
26732,4,3
26733,2,2
26734,2,7
26735,0,6
26736,4,5
26737,2,8
26738,8,4
26739,1,3
26740,3,2
26741,3,2
26742,5,7
26743,4,8
26744,1,3
26745,2,1
26746,5,1
26747,2,1
26748,5,9
26749,2,7
26750,2,7
26751,9,2
26752,4,5
26753,8,0
26754,9,6
26755,2,7
26756,9,7
26757,2,1
26758,5,4
26759,9,6
26760,4,8
26761,8,0
26762,4,8
26763,5,4
26764,5,9
26765,9,6
26766,9,6
26767,5,4
26768,9,6
26769,5,4
26770,1,2
26771,4,5
26772,2,1
26773,4,8
26774,2,1
26775,8,0
26776,5,8
26777,9,6
26778,2,7
26779,1,2
26780,9,1
26781,1,3
26782,3,2
26783,1,3
26784,8,0
26785,9,6
26786,5,8
26787,4,5
26788,1,2
26789,5,1
26790,5,4
26791,5,8
26792,0,6
26793,4,5
26794,3,2
26795,5,9
26796,0,6
26797,5,4
26798,5,4
26799,8,0
26800,3,2
26801,2,7
26802,5,1
26803,4,5
26804,4,8
26805,5,8
26806,5,9
26807,5,8
26808,5,4
26809,1,3
26810,9,6
26811,2,7
26812,9,1
26813,5,8
26814,4,5
26815,2,9
26816,5,4
26817,1,2
26818,8,0
26819,9,6
26820,7,0
26821,3,2
26822,5,9
26823,4,5
26824,4,3
26825,1,3
26826,2,7
26827,1,1
26828,2,9
26829,2,7
26830,3,3
26831,4,3
26832,8,0
26833,5,9
26834,8,9
26835,2,1
26836,8,0
26837,5,9
26838,2,7
26839,5,9
26840,7,0
26841,9,6
26842,4,5
26843,8,0
26844,2,9
26845,2,9
26846,2,9
26847,5,4
26848,0,6
26849,4,3
26850,8,2
26851,2,7
26852,5,8
26853,8,0
26854,2,7
26855,5,4
26856,4,5
26857,4,5
26858,5,4
26859,8,0
26860,4,9
26861,2,9
26862,4,5
26863,9,2
26864,5,4
26865,9,8
26866,4,3
26867,5,1
26868,4,5
26869,5,4
26870,2,9
26871,4,3
26872,5,4
26873,4,5
26874,9,6
26875,3,2
26876,4,5
26877,2,9
26878,4,3
26879,5,4
26880,3,3
26881,8,0
26882,8,7
26883,3,2
26884,9,6
26885,2,9
26886,2,7
26887,1,1
26888,9,2
26889,0,6
26890,5,4
26891,0,5
26892,5,1
26893,4,8
26894,2,7
26895,2,9
26896,4,5
26897,5,4
26898,5,7
26899,3,2
26900,0,6
26901,1,5
26902,5,9
26903,7,0
26904,5,4
26905,2,1
26906,2,9
26907,3,2
26908,4,8
26909,4,3
26910,9,1
26911,5,4
26912,9,6
26913,4,5
26914,5,1
26915,9,6
26916,2,7
26917,2,7
26918,4,5
26919,4,8
26920,9,6
26921,2,9
26922,5,2
26923,7,0
26924,5,1
26925,2,1
26926,4,5
26927,7,2
26928,4,3
26929,3,3
26930,8,0
26931,0,6
26932,9,2
26933,2,7
26934,0,6
26935,3,8
26936,4,8
26937,7,0
26938,9,6
26939,2,1
26940,5,6
26941,3,2
26942,4,3
26943,3,3
26944,2,1
26945,2,7
26946,9,6
26947,3,8
26948,2,8
26949,2,9
26950,2,9
26951,5,1
26952,6,8
26953,4,8
26954,5,9
26955,9,6
26956,3,2
26957,2,7
26958,9,6
26959,2,1
26960,2,1
26961,2,1
26962,9,6
26963,5,4
26964,2,7
26965,3,3
26966,2,7
26967,2,7
26968,2,1
26969,2,7
26970,2,9
26971,3,8
26972,4,5
26973,2,9
26974,3,2
26975,3,3
26976,4,5
26977,9,6
26978,4,5
26979,7,0
26980,7,0
26981,3,3
26982,2,7
26983,0,6
26984,1,1
26985,5,4
26986,5,1
26987,7,8
26988,9,6
26989,3,3
26990,8,0
26991,2,1
26992,5,4
26993,9,1
26994,9,2
26995,4,5
26996,9,8
26997,2,9
26998,4,3
26999,7,0
27000,4,5
27001,5,4
27002,4,5
27003,9,1
27004,5,9
27005,2,7
27006,0,6
27007,5,9
27008,4,8
27009,3,5
27010,1,2
27011,2,1
27012,5,1
27013,9,1
27014,5,4
27015,2,9
27016,5,9
27017,7,8
27018,5,1
27019,0,6
27020,9,1
27021,9,6
27022,3,3
27023,7,0
27024,5,8
27025,9,1
27026,8,2
27027,4,8
27028,5,1
27029,4,8
27030,4,8
27031,3,3
27032,4,3
27033,9,2
27034,9,1
27035,7,0
27036,5,4
27037,2,9
27038,4,5
27039,2,7
27040,5,4
27041,5,4
27042,4,5
27043,4,5
27044,5,4
27045,7,8
27046,9,6
27047,3,3
27048,4,8
27049,4,5
27050,7,0
27051,3,8
27052,3,2
27053,4,5
27054,2,7
27055,5,4
27056,5,4
27057,2,7
27058,2,7
27059,2,7
27060,1,3
27061,2,7
27062,4,5
27063,2,1
27064,5,1
27065,4,5
27066,2,9
27067,4,3
27068,5,1
27069,7,0
27070,8,0
27071,5,1
27072,2,8
27073,9,2
27074,2,9
27075,4,3
27076,4,8
27077,5,4
27078,3,3
27079,4,5
27080,5,4
27081,0,6
27082,8,0
27083,2,7
27084,4,3
27085,3,8
27086,0,6
27087,2,9
27088,5,4
27089,7,0
27090,8,6
27091,5,1
27092,7,0
27093,3,2
27094,7,0
27095,4,3
27096,4,8
27097,5,4
27098,2,7
27099,4,5
27100,4,5
27101,9,6
27102,5,4
27103,2,7
27104,2,1
27105,4,8
27106,9,8
27107,5,9
27108,3,2
27109,7,0
27110,5,9
27111,2,1
27112,2,9
27113,3,2
27114,8,0
27115,4,3
27116,5,9
27117,4,5
27118,3,8
27119,9,6
27120,3,2
27121,4,8
27122,3,2
27123,5,1
27124,5,1
27125,5,4
27126,4,8
27127,4,5
27128,2,9
27129,5,4
27130,5,9
27131,3,2
27132,4,3
27133,3,3
27134,9,6
27135,3,3
27136,2,1
27137,7,0
27138,2,2
27139,4,5
27140,1,3
27141,5,4
27142,5,1
27143,4,3
27144,2,7
27145,7,0
27146,4,8
27147,4,8
27148,7,0
27149,0,6
27150,7,2
27151,2,7
27152,4,3
27153,8,0
27154,4,5
27155,3,7
27156,4,6
27157,2,7
27158,2,7
27159,2,1
27160,4,3
27161,0,6
27162,9,2
27163,5,9
27164,5,9
27165,3,2
27166,2,7
27167,1,3
27168,2,7
27169,0,6
27170,7,0
27171,3,2
27172,1,3
27173,3,3
27174,5,9
27175,9,6
27176,4,5
27177,4,8
27178,3,2
27179,4,5
27180,5,4
27181,3,2
27182,5,1
27183,4,3
27184,2,7
27185,4,8
27186,1,2
27187,5,1
27188,3,2
27189,9,2
27190,9,6
27191,2,9
27192,3,2
27193,4,5
27194,5,7
27195,4,8
27196,5,4
27197,4,8
27198,9,6
27199,2,7
27200,8,0
27201,5,1
27202,0,1
27203,2,7
27204,0,6
27205,5,1
27206,7,0
27207,2,1
27208,9,6
27209,7,0
27210,5,8
27211,3,3
27212,4,3
27213,5,4
27214,4,3
27215,3,2
27216,4,5
27217,9,6
27218,5,4
27219,2,7
27220,2,7
27221,5,4
27222,5,4
27223,3,2
27224,4,5
27225,5,7
27226,8,9
27227,5,4
27228,4,5
27229,9,2
27230,5,9
27231,5,9
27232,4,2
27233,3,2
27234,5,9
27235,5,7
27236,4,8
27237,5,9
27238,4,3
27239,3,2
27240,9,6
27241,4,8
27242,2,1
27243,9,6
27244,9,6
27245,2,1
27246,8,0
27247,7,0
27248,4,3
27249,0,6
27250,5,1
27251,3,8
27252,4,2
27253,4,5
27254,2,7
27255,4,5
27256,5,1
27257,7,0
27258,3,2
27259,4,5
27260,5,9
27261,3,3
27262,5,1
27263,4,5
27264,9,2
27265,2,7
27266,9,6
27267,5,4
27268,9,6
27269,4,8
27270,2,1
27271,3,5
27272,5,4
27273,5,9
27274,1,3
27275,9,6
27276,9,1
27277,5,9
27278,7,8
27279,1,3
27280,7,0
27281,7,0
27282,4,3
27283,7,0
27284,5,1
27285,9,6
27286,5,8
27287,4,3
27288,4,5
27289,7,0
27290,7,0
27291,4,5
27292,2,7
27293,3,8
27294,3,8
27295,5,9
27296,4,5
27297,5,1
27298,9,6
27299,4,8
27300,2,1
27301,4,1
27302,2,7
27303,9,6
27304,2,9
27305,7,0
27306,9,6
27307,1,0
27308,5,4
27309,5,1
27310,4,5
27311,3,2
27312,4,8
27313,1,3
27314,4,5
27315,5,4
27316,4,3
27317,4,5
27318,8,0
27319,9,6
27320,4,6
27321,2,7
27322,7,0
27323,5,8
27324,3,8
27325,5,9
27326,7,0
27327,8,0
27328,8,0
27329,5,1
27330,5,1
27331,1,2
27332,7,0
27333,4,3
27334,5,9
27335,5,4
27336,2,1
27337,4,5
27338,9,6
27339,9,6
27340,4,5
27341,2,7
27342,5,9
27343,8,0
27344,2,9
27345,5,1
27346,5,4
27347,3,2
27348,3,8
27349,4,3
27350,0,6
27351,5,4
27352,5,4
27353,4,5
27354,2,1
27355,9,6
27356,1,2
27357,2,7
27358,5,8
27359,3,8
27360,2,7
27361,5,9
27362,4,3
27363,9,6
27364,5,4
27365,5,4
27366,3,3
27367,3,2
27368,2,9
27369,9,6
27370,5,9
27371,5,4
27372,4,8
27373,2,7
27374,3,2
27375,4,5
27376,3,2
27377,4,5
27378,4,5
27379,2,7
27380,8,0
27381,5,8
27382,0,6
27383,5,9
27384,1,2
27385,3,2
27386,4,8
27387,5,9
27388,5,1
27389,4,3
27390,9,6
27391,2,9
27392,2,7
27393,3,2
27394,7,0
27395,7,0
27396,2,1
27397,5,9
27398,5,4
27399,5,8
27400,4,5
27401,8,0
27402,9,6
27403,4,5
27404,9,6
27405,9,6
27406,2,7
27407,8,0
27408,4,5
27409,5,1
27410,5,1
27411,8,0
27412,4,5
27413,3,2
27414,8,0
27415,9,6
27416,4,5
27417,4,5
27418,4,8
27419,3,3
27420,1,3
27421,4,5
27422,4,5
27423,4,3
27424,5,4
27425,5,8
27426,1,2
27427,3,0
27428,4,6
27429,8,0
27430,5,9
27431,4,5
27432,3,2
27433,5,4
27434,3,2
27435,3,3
27436,7,0
27437,5,4
27438,0,6
27439,2,1
27440,2,9
27441,4,5
27442,9,6
27443,3,3
27444,9,2
27445,8,0
27446,7,0
27447,4,8
27448,2,9
27449,9,6
27450,5,9
27451,3,2
27452,4,5
27453,2,7
27454,2,1
27455,5,1
27456,3,2
27457,5,1
27458,2,2
27459,4,8
27460,5,9
27461,5,1
27462,7,0
27463,2,7
27464,1,2
27465,5,1
27466,7,0
27467,3,3
27468,2,7
27469,4,8
27470,1,2
27471,4,5
27472,1,2
27473,5,4
27474,5,1
27475,3,2
27476,5,4
27477,7,0
27478,4,3
27479,5,9
27480,4,3
27481,2,7
27482,4,5
27483,9,6
27484,8,0
27485,2,7
27486,4,3
27487,5,4
27488,4,8
27489,5,1
27490,2,2
27491,9,6
27492,8,0
27493,8,8
27494,5,4
27495,5,4
27496,9,6
27497,2,7
27498,2,7
27499,4,5
27500,4,5
27501,9,1
27502,9,5
27503,6,2
27504,9,6
27505,9,6
27506,5,1
27507,2,7
27508,3,8
27509,9,1
27510,4,5
27511,5,9
27512,8,0
27513,5,8
27514,5,4
27515,5,9
27516,2,7
27517,5,4
27518,4,3
27519,2,9
27520,3,2
27521,5,9
27522,9,7
27523,9,6
27524,4,8
27525,3,2
27526,4,5
27527,3,3
27528,5,1
27529,2,7
27530,0,6
27531,5,1
27532,2,7
27533,5,9
27534,4,3
27535,4,2
27536,9,6
27537,6,2
27538,5,4
27539,4,5
27540,3,3
27541,4,3
27542,2,7
27543,2,7
27544,0,0
27545,5,8
27546,2,7
27547,7,0
27548,3,2
27549,5,1
27550,8,0
27551,3,2
27552,5,4
27553,4,3
27554,2,7
27555,5,4
27556,9,6
27557,4,5
27558,2,1
27559,0,6
27560,4,3
27561,2,7
27562,5,8
27563,5,8
27564,5,1
27565,2,9
27566,5,9
27567,7,0
27568,4,8
27569,9,1
27570,3,3
27571,3,2
27572,5,1
27573,4,3
27574,2,7
27575,5,4
27576,3,5
27577,2,7
27578,5,1
27579,3,8
27580,8,0
27581,2,9
27582,4,1
27583,7,0
27584,5,4
27585,5,1
27586,5,4
27587,3,2
27588,5,4
27589,4,3
27590,2,1
27591,5,4
27592,2,7
27593,4,5
27594,4,5
27595,0,6
27596,2,8
27597,2,7
27598,1,2
27599,1,8
27600,9,2
27601,2,9
27602,4,5
27603,7,0
27604,2,1
27605,5,9
27606,3,8
27607,4,5
27608,3,8
27609,7,0
27610,1,3
27611,2,9
27612,5,4
27613,3,8
27614,1,2
27615,2,9
27616,4,8
27617,5,4
27618,1,2
27619,1,1
27620,8,0
27621,2,7
27622,9,2
27623,2,7
27624,0,6
27625,4,3
27626,2,9
27627,4,5
27628,7,0
27629,2,1
27630,5,1
27631,7,0
27632,5,7
27633,7,0
27634,9,1
27635,2,7
27636,5,8
27637,7,0
27638,8,0
27639,2,1
27640,4,3
27641,3,2
27642,9,6
27643,3,2
27644,4,3
27645,5,3
27646,4,8
27647,2,7
27648,4,5
27649,4,3
27650,2,8
27651,4,3
27652,1,2
27653,0,6
27654,2,9
27655,0,6
27656,4,5
27657,5,1
27658,8,0
27659,7,0
27660,3,2
27661,2,9
27662,5,1
27663,7,0
27664,3,2
27665,5,1
27666,4,3
27667,2,7
27668,4,5
27669,0,6
27670,4,3
27671,4,3
27672,1,2
27673,9,2
27674,4,6
27675,3,3
27676,5,4
27677,9,1
27678,9,8
27679,5,9
27680,3,2
27681,5,1
27682,9,6
27683,2,7
27684,5,1
27685,0,6
27686,5,4
27687,3,8
27688,5,9
27689,5,4
27690,4,3
27691,4,3
27692,5,9
27693,9,1
27694,5,4
27695,5,4
27696,2,2
27697,0,0
27698,5,9
27699,4,5
27700,4,2
27701,4,3
27702,9,6
27703,0,6
27704,9,6
27705,2,9
27706,2,7
27707,9,1
27708,9,6
27709,2,7
27710,5,9
27711,4,5
27712,8,0
27713,5,4
27714,2,7
27715,5,4
27716,2,7
27717,2,7
27718,4,3
27719,7,2
27720,7,0
27721,3,2
27722,2,7
27723,2,7
27724,9,6
27725,5,9
27726,4,3
27727,4,5
27728,2,7
27729,1,8
27730,5,9
27731,2,9
27732,5,9
27733,3,8
27734,5,9
27735,8,0
27736,9,2
27737,5,1
27738,5,4
27739,2,2
27740,4,8
27741,4,3
27742,4,5
27743,5,4
27744,5,1
27745,4,5
27746,2,1
27747,2,7
27748,2,9
27749,8,0
27750,9,6
27751,5,1
27752,3,2
27753,3,2
27754,1,2
27755,3,3
27756,2,7
27757,9,6
27758,2,7
27759,9,1
27760,4,5
27761,3,2
27762,4,8
27763,4,3
27764,4,5
27765,5,4
27766,2,9
27767,3,5
27768,3,2
27769,0,6
27770,1,2
27771,2,9
27772,5,1
27773,5,9
27774,5,9
27775,9,6
27776,5,4
27777,4,5
27778,4,5
27779,2,9
27780,3,9
27781,3,2
27782,5,4
27783,5,3
27784,4,3
27785,9,1
27786,4,3
27787,3,2
27788,7,0
27789,9,1
27790,5,1
27791,9,2
27792,5,1
27793,9,1
27794,9,6
27795,4,3
27796,9,6
27797,9,2
27798,4,8
27799,7,6
27800,5,4
27801,3,5
27802,4,5
27803,3,3
27804,4,3
27805,7,0
27806,7,0
27807,0,6
27808,2,7
27809,5,4
27810,3,2
27811,7,0
27812,0,6
27813,4,5
27814,4,5
27815,2,9
27816,2,1
27817,2,9
27818,4,5
27819,7,8
27820,8,0
27821,1,1
27822,0,0
27823,2,7
27824,5,4
27825,5,4
27826,5,4
27827,2,7
27828,4,3
27829,8,0
27830,2,7
27831,2,1
27832,5,4
27833,0,6
27834,3,2
27835,3,3
27836,5,1
27837,2,7
27838,4,3
27839,5,9
27840,4,3
27841,8,0
27842,9,6
27843,2,9
27844,9,2
27845,4,5
27846,2,9
27847,3,3
27848,5,9
27849,3,8
27850,9,6
27851,8,8
27852,4,2
27853,2,7
27854,7,0
27855,2,1
27856,4,3
27857,5,4
27858,9,6
27859,8,0
27860,3,2
27861,3,3
27862,2,7
27863,2,9
27864,7,2
27865,7,0
27866,3,3
27867,2,7
27868,2,7
27869,3,2
27870,1,3
27871,5,1
27872,2,7
27873,2,9
27874,3,2
27875,9,1
27876,2,9
27877,3,5
27878,7,2
27879,2,1
27880,9,2
27881,2,7
27882,5,4
27883,3,2
27884,5,9
27885,9,1
27886,2,1
27887,0,6
27888,4,2
27889,3,8
27890,9,6
27891,3,8
27892,6,8
27893,7,0
27894,8,0
27895,1,1
27896,1,1
27897,3,2
27898,3,2
27899,3,3
27900,8,0
27901,5,4
27902,2,9
27903,4,5
27904,2,9
27905,9,6
27906,2,7
27907,7,8
27908,4,9
27909,2,9
27910,1,8
27911,7,0
27912,2,7
27913,1,1
27914,5,4
27915,9,2
27916,4,8
27917,1,3
27918,8,8
27919,5,4
27920,9,1
27921,4,5
27922,5,4
27923,9,6
27924,5,1
27925,2,7
27926,5,9
27927,4,8
27928,7,2
27929,2,9
27930,1,3
27931,7,0
27932,2,9
27933,1,1
27934,9,6
27935,1,2
27936,8,0
27937,1,3
27938,2,7
27939,5,4
27940,9,6
27941,4,5
27942,4,5
27943,9,6
27944,2,7
27945,2,7
27946,4,3
27947,3,8
27948,5,4
27949,2,9
27950,2,7
27951,7,0
27952,4,5
27953,5,9
27954,0,5
27955,5,4
27956,2,7
27957,3,2
27958,5,8
27959,5,4
27960,1,3
27961,5,1
27962,9,6
27963,4,5
27964,4,8
27965,9,6
27966,4,9
27967,2,1
27968,5,9
27969,5,1
27970,2,7
27971,2,7
27972,4,8
27973,4,8
27974,3,8
27975,4,5
27976,2,7
27977,1,3
27978,2,1
27979,5,4
27980,5,4
27981,9,6
27982,7,0
27983,2,7
27984,5,7
27985,8,0
27986,2,7
27987,1,3
27988,4,3
27989,1,2
27990,7,0
27991,9,6
27992,9,6
27993,5,9
27994,2,8
27995,4,8
27996,4,5
27997,3,5
27998,4,8
27999,4,8
28000,9,1
28001,9,6
28002,7,0
28003,9,8
28004,2,7
28005,2,9
28006,1,3
28007,2,9
28008,5,4
28009,2,7
28010,4,8
28011,2,7
28012,2,7
28013,1,2
28014,7,7
28015,1,1
28016,7,0
28017,5,1
28018,4,1
28019,5,1
28020,5,4
28021,1,2
28022,5,4
28023,5,8
28024,7,0
28025,2,7
28026,4,3
28027,9,6
28028,5,4
28029,4,5
28030,7,0
28031,4,3
28032,4,3
28033,3,8
28034,5,4
28035,2,1
28036,5,4
28037,3,3
28038,2,1
28039,9,6
28040,9,5
28041,7,0
28042,4,8
28043,5,4
28044,8,0
28045,4,8
28046,4,5
28047,2,9
28048,4,5
28049,5,4
28050,3,2
28051,2,9
28052,9,2
28053,2,7
28054,6,8
28055,5,9
28056,5,1
28057,4,5
28058,6,9
28059,1,2
28060,4,5
28061,2,7
28062,2,9
28063,5,1
28064,2,7
28065,4,8
28066,9,6
28067,1,2
28068,9,2
28069,5,1
28070,9,6
28071,2,7
28072,8,0
28073,2,7
28074,3,2
28075,1,3
28076,8,0
28077,1,2
28078,3,2
28079,7,0
28080,4,5
28081,5,4
28082,2,7
28083,0,6
28084,9,6
28085,0,6
28086,5,4
28087,5,9
28088,5,9
28089,5,4
28090,2,1
28091,1,2
28092,2,9
28093,3,8
28094,9,1
28095,3,2
28096,5,4
28097,4,5
28098,9,1
28099,9,1
28100,5,1
28101,7,0
28102,9,0
28103,4,5
28104,9,6
28105,7,0
28106,2,7
28107,1,3
28108,8,0
28109,5,4
28110,5,1
28111,1,3
28112,8,2
28113,2,9
28114,2,9
28115,9,6
28116,4,5
28117,2,7
28118,2,7
28119,1,3
28120,2,7
28121,5,4
28122,8,0
28123,3,3
28124,5,4
28125,7,0
28126,3,2
28127,9,6
28128,5,4
28129,2,9
28130,5,1
28131,8,0
28132,2,3
28133,5,1
28134,5,1
28135,2,2
28136,4,8
28137,4,3
28138,2,7
28139,5,4
28140,9,2
28141,4,5
28142,9,6
28143,9,6
28144,4,8
28145,2,7
28146,5,4
28147,3,8
28148,4,5
28149,2,9
28150,0,6
28151,7,0
28152,4,6
28153,9,1
28154,9,2
28155,7,2
28156,9,2
28157,4,3
28158,2,7
28159,5,4
28160,7,0
28161,4,5
28162,4,6
28163,0,6
28164,5,4
28165,7,0
28166,9,1
28167,5,1
28168,2,9
28169,3,2
28170,9,6
28171,4,3
28172,4,5
28173,5,4
28174,3,3
28175,4,5
28176,2,9
28177,0,6
28178,4,5
28179,2,7
28180,2,7
28181,6,8
28182,4,8
28183,2,9
28184,2,1
28185,1,2
28186,8,0
28187,5,1
28188,8,8
28189,9,2
28190,5,4
28191,1,1
28192,4,9
28193,3,3
28194,2,9
28195,2,9
28196,5,1
28197,2,9
28198,4,8
28199,2,3
28200,7,2
28201,2,7
28202,8,0
28203,7,0
28204,4,3
28205,2,7
28206,4,8
28207,2,7
28208,2,1
28209,4,5
28210,1,2
28211,2,7
28212,3,2
28213,2,9
28214,9,2
28215,2,9
28216,9,6
28217,5,4
28218,3,2
28219,2,7
28220,2,7
28221,8,0
28222,9,6
28223,4,1
28224,4,3
28225,5,4
28226,3,8
28227,5,4
28228,3,2
28229,2,7
28230,8,0
28231,9,5
28232,2,1
28233,5,8
28234,3,2
28235,1,1
28236,2,7
28237,5,4
28238,5,1
28239,5,9
28240,5,9
28241,5,8
28242,8,0
28243,5,4
28244,1,1
28245,9,1
28246,5,1
28247,5,8
28248,5,4
28249,0,6
28250,5,1
28251,9,6
28252,4,3
28253,5,4
28254,4,5
28255,9,6
28256,4,3
28257,8,0
28258,4,5
28259,4,5
28260,2,9
28261,4,5
28262,5,9
28263,1,3
28264,4,3
28265,3,3
28266,9,2
28267,9,5
28268,1,2
28269,3,2
28270,2,7
28271,4,5
28272,7,0
28273,2,7
28274,8,0
28275,3,2
28276,4,3
28277,4,5
28278,9,2
28279,2,9
28280,0,5
28281,9,6
28282,5,2
28283,2,9
28284,1,2
28285,3,2
28286,7,0
28287,0,6
28288,2,9
28289,9,2
28290,5,4
28291,3,1
28292,3,1
28293,3,2
28294,3,2
28295,7,0
28296,8,0
28297,3,8
28298,2,7
28299,3,3
28300,5,1
28301,3,8
28302,9,6
28303,1,3
28304,5,4
28305,0,0
28306,2,8
28307,5,8
28308,5,9
28309,2,7
28310,5,4
28311,5,4
28312,5,4
28313,8,9
28314,2,7
28315,4,5
28316,1,3
28317,7,0
28318,5,1
28319,2,9
28320,9,6
28321,2,7
28322,5,1
28323,7,0
28324,3,2
28325,7,0
28326,0,6
28327,5,4
28328,7,0
28329,2,9
28330,5,9
28331,5,1
28332,4,5
28333,9,6
28334,2,1
28335,1,2
28336,1,2
28337,2,7
28338,3,8
28339,0,6
28340,4,5
28341,5,8
28342,1,8
28343,1,3
28344,4,3
28345,4,5
28346,2,9
28347,3,2
28348,4,8
28349,5,1
28350,9,1
28351,6,8
28352,4,8
28353,0,6
28354,5,9
28355,5,1
28356,0,5
28357,0,0
28358,7,0
28359,1,3
28360,4,5
28361,2,1
28362,2,7
28363,5,4
28364,4,8
28365,7,0
28366,1,2
28367,5,1
28368,7,9
28369,1,2
28370,3,2
28371,4,3
28372,8,5
28373,5,4
28374,2,3
28375,4,5
28376,0,5
28377,9,6
28378,5,1
28379,2,7
28380,4,3
28381,5,8
28382,9,6
28383,2,9
28384,4,5
28385,7,0
28386,9,6
28387,1,1
28388,9,2
28389,1,2
28390,4,8
28391,1,3
28392,1,3
28393,5,4
28394,5,1
28395,4,5
28396,5,9
28397,9,6
28398,5,4
28399,2,7
28400,9,6
28401,4,8
28402,7,0
28403,7,0
28404,3,2
28405,9,1
28406,4,3
28407,1,2
28408,7,0
28409,1,3
28410,4,5
28411,9,1
28412,9,0
28413,4,5
28414,7,0
28415,9,6
28416,2,9
28417,2,7
28418,4,3
28419,6,8
28420,5,1
28421,2,7
28422,5,9
28423,0,0
28424,5,9
28425,9,6
28426,5,4
28427,8,0
28428,7,0
28429,2,7
28430,4,5
28431,1,3
28432,6,8
28433,4,8
28434,4,5
28435,9,6
28436,9,2
28437,2,7
28438,9,6
28439,5,1
28440,0,6
28441,1,3
28442,5,4
28443,2,7
28444,4,3
28445,2,9
28446,5,9
28447,2,7
28448,5,9
28449,5,4
28450,2,7
28451,8,0
28452,7,0
28453,9,2
28454,9,2
28455,4,5
28456,7,0
28457,7,0
28458,4,3
28459,9,6
28460,5,9
28461,5,4
28462,5,4
28463,5,9
28464,5,4
28465,4,5
28466,8,0
28467,0,6
28468,8,4
28469,2,5
28470,3,8
28471,9,2
28472,4,3
28473,2,9
28474,4,8
28475,6,8
28476,4,3
28477,4,5
28478,4,5
28479,1,1
28480,4,8
28481,2,9
28482,9,1
28483,5,8
28484,2,1
28485,1,3
28486,8,0
28487,5,4
28488,2,1
28489,7,0
28490,4,8
28491,2,5
28492,5,4
28493,5,4
28494,1,2
28495,4,8
28496,9,6
28497,9,6
28498,4,8
28499,1,3
28500,5,4
28501,5,4
28502,2,2
28503,5,8
28504,4,5
28505,0,0
28506,4,8
28507,9,6
28508,9,6
28509,5,4
28510,8,0
28511,5,8
28512,9,5
28513,2,1
28514,2,7
28515,1,3
28516,2,1
28517,5,4
28518,5,4
28519,8,0
28520,5,7
28521,5,1
28522,9,1
28523,2,9
28524,5,1
28525,9,2
28526,2,8
28527,4,3
28528,4,3
28529,2,7
28530,5,9
28531,1,1
28532,2,7
28533,5,2
28534,4,5
28535,2,7
28536,4,3
28537,9,2
28538,2,9
28539,6,8
28540,7,0
28541,2,7
28542,2,7
28543,0,0
28544,3,2
28545,5,1
28546,8,0
28547,2,9
28548,9,6
28549,9,6
28550,2,7
28551,5,4
28552,9,6
28553,2,9
28554,0,6
28555,3,2
28556,0,4
28557,1,1
28558,2,7
28559,4,2
28560,3,2
28561,1,3
28562,2,7
28563,2,7
28564,2,9
28565,7,0
28566,3,2
28567,1,2
28568,2,1
28569,2,1
28570,4,5
28571,4,3
28572,9,6
28573,5,4
28574,5,9
28575,2,7
28576,9,6
28577,9,2
28578,5,4
28579,4,5
28580,4,3
28581,6,8
28582,2,9
28583,5,1
28584,5,4
28585,0,6
28586,2,1
28587,2,8
28588,5,4
28589,4,5
28590,0,6
28591,9,6
28592,4,9
28593,7,0
28594,9,6
28595,4,8
28596,4,5
28597,2,9
28598,5,9
28599,5,4
28600,5,4
28601,2,9
28602,9,6
28603,1,2
28604,5,9
28605,9,6
28606,4,5
28607,7,0
28608,4,5
28609,3,1
28610,5,4
28611,3,2
28612,0,0
28613,3,3
28614,5,4
28615,5,4
28616,9,6
28617,0,5
28618,2,9
28619,9,6
28620,5,7
28621,2,7
28622,9,1
28623,6,8
28624,2,7
28625,2,9
28626,1,3
28627,7,0
28628,7,0
28629,9,1
28630,1,2
28631,0,2
28632,4,7
28633,3,3
28634,2,7
28635,5,4
28636,2,9
28637,0,5
28638,2,7
28639,9,6
28640,3,2
28641,2,7
28642,3,7
28643,3,8
28644,9,6
28645,2,9
28646,2,1
28647,7,0
28648,5,8
28649,3,1
28650,9,1
28651,3,2
28652,2,4
28653,3,3
28654,9,5
28655,5,4
28656,2,1
28657,3,5
28658,4,5
28659,0,6
28660,2,1
28661,2,7
28662,8,8
28663,6,8
28664,1,8
28665,5,9
28666,4,5
28667,7,0
28668,4,3
28669,5,4
28670,2,7
28671,7,0
28672,3,2
28673,9,1
28674,2,9
28675,2,7
28676,5,9
28677,2,9
28678,9,6
28679,3,5
28680,0,6
28681,3,1
28682,4,8
28683,5,4
28684,3,2
28685,0,2
28686,3,2
28687,3,8
28688,2,7
28689,2,9
28690,8,0
28691,5,4
28692,8,0
28693,3,3
28694,4,8
28695,5,1
28696,2,7
28697,2,7
28698,9,6
28699,3,8
28700,5,4
28701,3,2
28702,0,6
28703,5,4
28704,9,6
28705,5,4
28706,5,4
28707,3,3
28708,0,6
28709,3,3
28710,4,8
28711,9,6
28712,4,8
28713,2,9
28714,7,0
28715,2,9
28716,4,3
28717,3,5
28718,2,1
28719,3,8
28720,0,5
28721,0,6
28722,5,9
28723,2,7
28724,5,1
28725,7,0
28726,1,8
28727,9,6
28728,9,6
28729,3,8
28730,2,7
28731,3,2
28732,4,5
28733,9,6
28734,3,3
28735,3,3
28736,5,1
28737,2,9
28738,2,1
28739,3,8
28740,8,0
28741,9,6
28742,4,8
28743,9,1
28744,9,2
28745,2,7
28746,8,0
28747,5,4
28748,4,5
28749,3,8
28750,2,9
28751,3,8
28752,4,3
28753,2,9
28754,5,9
28755,7,0
28756,9,6
28757,3,3
28758,9,6
28759,3,3
28760,1,3
28761,2,9
28762,4,5
28763,7,0
28764,2,7
28765,6,9
28766,3,8
28767,5,4
28768,9,6
28769,9,1
28770,9,5
28771,8,0
28772,8,0
28773,3,3
28774,2,9
28775,2,7
28776,9,6
28777,0,5
28778,4,3
28779,3,8
28780,1,2
28781,2,7
28782,4,8
28783,2,7
28784,8,0
28785,3,8
28786,3,2
28787,9,2
28788,0,8
28789,2,9
28790,2,7
28791,2,7
28792,2,1
28793,3,1
28794,5,1
28795,3,2
28796,4,3
28797,9,6
28798,9,6
28799,5,4
28800,5,4
28801,0,2
28802,3,8
28803,3,3
28804,2,1
28805,0,6
28806,5,4
28807,9,6
28808,2,9
28809,7,0
28810,8,6
28811,3,2
28812,2,7
28813,3,8
28814,8,0
28815,5,1
28816,7,0
28817,9,6
28818,8,0
28819,5,1
28820,4,3
28821,7,0
28822,5,1
28823,5,4
28824,8,0
28825,3,3
28826,4,3
28827,9,1
28828,5,1
28829,0,6
28830,9,6
28831,1,1
28832,1,2
28833,2,9
28834,2,1
28835,7,0
28836,5,1
28837,3,1
28838,5,9
28839,3,2
28840,7,0
28841,3,3
28842,3,2
28843,5,4
28844,7,2
28845,3,5
28846,4,5
28847,9,6
28848,2,7
28849,2,7
28850,9,6
28851,6,8
28852,2,7
28853,2,9
28854,4,5
28855,7,0
28856,4,8
28857,3,1
28858,4,3
28859,3,2
28860,5,4
28861,3,3
28862,5,1
28863,0,4
28864,2,7
28865,3,5
28866,5,4
28867,9,6
28868,3,2
28869,2,7
28870,0,6
28871,4,8
28872,3,2
28873,2,9
28874,4,5
28875,7,0
28876,9,6
28877,3,1
28878,2,1
28879,3,2
28880,2,7
28881,3,3
28882,4,2
28883,9,6
28884,2,8
28885,6,7
28886,4,5
28887,3,8
28888,8,0
28889,2,9
28890,0,6
28891,4,8
28892,5,8
28893,9,1
28894,2,1
28895,7,0
28896,7,0
28897,2,7
28898,8,6
28899,3,5
28900,1,3
28901,3,1
28902,5,8
28903,3,8
28904,8,0
28905,0,6
28906,5,1
28907,0,4
28908,5,9
28909,3,1
28910,8,0
28911,2,9
28912,9,6
28913,1,3
28914,5,4
28915,3,8
28916,3,3
28917,5,4
28918,4,5
28919,5,4
28920,7,2
28921,2,7
28922,1,1
28923,7,0
28924,4,5
28925,1,1
28926,2,7
28927,2,9
28928,2,9
28929,3,2
28930,2,7
28931,3,8
28932,3,2
28933,6,7
28934,9,6
28935,4,8
28936,4,3
28937,3,2
28938,5,4
28939,7,5
28940,4,8
28941,2,9
28942,5,4
28943,0,6
28944,9,2
28945,0,0
28946,8,0
28947,0,6
28948,5,4
28949,4,5
28950,4,2
28951,4,5
28952,4,5
28953,3,3
28954,1,2
28955,4,3
28956,2,7
28957,4,3
28958,3,2
28959,3,8
28960,2,9
28961,5,1
28962,4,8
28963,0,4
28964,9,1
28965,7,0
28966,9,6
28967,0,6
28968,8,0
28969,3,1
28970,5,1
28971,7,0
28972,2,7
28973,7,0
28974,4,5
28975,0,6
28976,5,4
28977,3,2
28978,9,6
28979,1,1
28980,5,4
28981,1,1
28982,2,7
28983,3,3
28984,9,9
28985,3,2
28986,2,7
28987,8,8
28988,8,7
28989,6,8
28990,2,7
28991,2,7
28992,3,0
28993,7,0
28994,4,5
28995,3,3
28996,5,4
28997,0,6
28998,3,2
28999,3,8
29000,9,2
29001,2,9
29002,2,7
29003,2,9
29004,3,2
29005,3,2
29006,9,5
29007,5,4
29008,4,5
29009,2,9
29010,2,9
29011,5,4
29012,2,9
29013,3,3
29014,3,3
29015,0,6
29016,3,8
29017,3,2
29018,2,9
29019,3,2
29020,9,6
29021,4,5
29022,6,8
29023,3,3
29024,5,4
29025,9,2
29026,5,8
29027,3,5
29028,9,6
29029,3,5
29030,2,1
29031,2,9
29032,2,7
29033,5,1
29034,8,0
29035,0,6
29036,2,9
29037,4,5
29038,9,5
29039,7,0
29040,2,1
29041,2,1
29042,4,3
29043,3,2
29044,8,0
29045,4,3
29046,5,4
29047,5,4
29048,9,6
29049,4,5
29050,3,2
29051,2,7
29052,8,0
29053,3,8
29054,5,4
29055,0,0
29056,8,0
29057,2,1
29058,4,5
29059,3,2
29060,7,2
29061,5,3
29062,9,1
29063,5,4
29064,3,2
29065,4,5
29066,4,5
29067,7,0
29068,2,1
29069,9,1
29070,4,8
29071,3,2
29072,2,9
29073,3,3
29074,7,0
29075,5,4
29076,4,5
29077,2,5
29078,2,9
29079,0,6
29080,5,1
29081,3,2
29082,4,8
29083,2,1
29084,5,9
29085,3,2
29086,5,1
29087,3,1
29088,2,1
29089,3,3
29090,5,8
29091,2,9
29092,4,8
29093,2,9
29094,4,3
29095,3,8
29096,0,6
29097,4,3
29098,9,1
29099,2,7
29100,4,5
29101,7,0
29102,8,0
29103,2,7
29104,3,3
29105,2,7
29106,3,2
29107,9,5
29108,5,9
29109,2,7
29110,5,9
29111,2,9
29112,4,5
29113,2,9
29114,2,1
29115,5,4
29116,4,8
29117,2,7
29118,3,8
29119,7,0
29120,4,5
29121,3,3
29122,5,4
29123,5,4
29124,2,9
29125,9,1
29126,4,8
29127,2,7
29128,8,0
29129,4,5
29130,5,4
29131,2,8
29132,9,8
29133,5,1
29134,5,9
29135,5,4
29136,9,6
29137,2,9
29138,9,6
29139,6,8
29140,0,6
29141,5,4
29142,2,8
29143,9,1
29144,2,7
29145,6,8
29146,4,3
29147,9,6
29148,8,0
29149,0,6
29150,4,5
29151,0,0
29152,3,2
29153,3,3
29154,5,9
29155,4,5
29156,4,5
29157,2,5
29158,3,3
29159,2,7
29160,9,6
29161,2,9
29162,3,8
29163,0,6
29164,1,8
29165,2,9
29166,5,4
29167,9,2
29168,2,9
29169,0,6
29170,2,9
29171,9,2
29172,4,8
29173,3,1
29174,4,5
29175,3,2
29176,1,2
29177,3,0
29178,4,8
29179,3,8
29180,2,9
29181,3,3
29182,3,3
29183,6,8
29184,2,7
29185,3,3
29186,2,7
29187,7,0
29188,3,2
29189,3,8
29190,8,0
29191,2,7
29192,1,8
29193,5,4
29194,4,8
29195,2,9
29196,5,4
29197,9,5
29198,4,8
29199,7,0
29200,3,2
29201,2,9
29202,2,7
29203,7,0
29204,4,5
29205,7,0
29206,5,4
29207,5,4
29208,1,8
29209,0,6
29210,2,7
29211,7,0
29212,2,7
29213,2,9
29214,2,1
29215,2,1
29216,9,6
29217,9,6
29218,5,4
29219,7,2
29220,9,2
29221,0,6
29222,2,1
29223,3,8
29224,3,3
29225,3,3
29226,0,6
29227,2,1
29228,5,4
29229,6,8
29230,7,0
29231,3,3
29232,3,3
29233,9,1
29234,2,9
29235,7,0
29236,2,9
29237,3,3
29238,2,7
29239,3,1
29240,9,2
29241,2,4
29242,2,1
29243,8,0
29244,3,2
29245,5,1
29246,4,3
29247,3,2
29248,4,5
29249,1,3
29250,8,0
29251,5,4
29252,5,4
29253,3,5
29254,9,8
29255,0,6
29256,5,4
29257,2,7
29258,5,4
29259,1,8
29260,5,1
29261,2,9
29262,7,0
29263,7,0
29264,4,5
29265,1,1
29266,4,3
29267,3,2
29268,4,5
29269,1,3
29270,4,3
29271,5,4
29272,9,6
29273,3,5
29274,9,1
29275,0,6
29276,7,8
29277,2,7
29278,5,1
29279,1,8
29280,4,8
29281,2,9
29282,2,7
29283,7,0
29284,9,1
29285,2,1
29286,2,9
29287,3,2
29288,5,1
29289,3,3
29290,6,2
29291,5,4
29292,5,9
29293,3,5
29294,4,3
29295,9,6
29296,2,7
29297,2,7
29298,2,7
29299,1,8
29300,4,3
29301,2,9
29302,5,9
29303,2,8
29304,3,3
29305,2,9
29306,1,8
29307,3,5
29308,4,5
29309,2,7
29310,4,5
29311,9,0
29312,3,2
29313,1,3
29314,3,2
29315,2,1
29316,4,5
29317,0,6
29318,5,9
29319,3,8
29320,2,1
29321,5,4
29322,2,9
29323,5,1
29324,2,7
29325,2,7
29326,5,7
29327,9,6
29328,5,9
29329,4,5
29330,0,6
29331,0,6
29332,2,9
29333,2,7
29334,7,2
29335,1,8
29336,7,0
29337,5,1
29338,2,7
29339,5,4
29340,5,4
29341,0,0
29342,3,8
29343,3,5
29344,4,5
29345,0,0
29346,2,9
29347,2,1
29348,4,5
29349,2,9
29350,9,6
29351,3,2
29352,4,3
29353,1,3
29354,4,5
29355,3,2
29356,3,3
29357,1,3
29358,5,4
29359,3,5
29360,2,8
29361,3,5
29362,9,6
29363,2,7
29364,7,0
29365,2,8
29366,4,3
29367,5,4
29368,0,0
29369,5,9
29370,9,6
29371,2,9
29372,5,4
29373,2,7
29374,8,0
29375,5,1
29376,2,7
29377,2,1
29378,7,0
29379,2,9
29380,9,6
29381,2,8
29382,2,7
29383,3,3
29384,4,5
29385,5,4
29386,8,0
29387,2,8
29388,8,0
29389,0,6
29390,5,9
29391,1,3
29392,9,6
29393,1,8
29394,8,0
29395,7,0
29396,9,1
29397,2,9
29398,3,3
29399,9,6
29400,8,9
29401,3,2
29402,4,8
29403,5,1
29404,4,5
29405,7,0
29406,5,9
29407,5,1
29408,1,2
29409,7,0
29410,4,5
29411,9,6
29412,2,7
29413,3,2
29414,7,0
29415,1,3
29416,9,1
29417,4,8
29418,5,4
29419,2,9
29420,8,0
29421,7,0
29422,6,8
29423,2,7
29424,9,6
29425,9,2
29426,5,9
29427,1,3
29428,9,1
29429,5,4
29430,0,1
29431,2,8
29432,2,7
29433,3,5
29434,1,1
29435,5,4
29436,2,7
29437,9,6
29438,7,0
29439,9,6
29440,2,7
29441,9,6
29442,5,4
29443,2,7
29444,5,4
29445,2,9
29446,8,0
29447,9,1
29448,2,1
29449,3,2
29450,2,7
29451,1,1
29452,2,7
29453,7,2
29454,9,6
29455,9,6
29456,8,0
29457,4,5
29458,4,3
29459,1,3
29460,9,6
29461,5,4
29462,4,5
29463,2,7
29464,3,3
29465,2,9
29466,9,2
29467,5,4
29468,8,0
29469,7,0
29470,2,7
29471,8,0
29472,4,9
29473,3,5
29474,8,0
29475,2,9
29476,1,3
29477,8,0
29478,8,0
29479,1,1
29480,5,1
29481,3,2
29482,2,7
29483,3,3
29484,5,4
29485,5,4
29486,5,9
29487,4,5
29488,7,0
29489,9,6
29490,8,0
29491,2,7
29492,2,9
29493,3,8
29494,3,8
29495,5,9
29496,3,2
29497,7,0
29498,8,0
29499,2,1
29500,9,2
29501,1,2
29502,5,9
29503,5,4
29504,4,3
29505,4,5
29506,1,3
29507,9,6
29508,5,7
29509,2,7
29510,2,2
29511,4,8
29512,2,7
29513,5,9
29514,5,1
29515,7,0
29516,2,7
29517,9,1
29518,2,1
29519,3,2
29520,8,0
29521,3,3
29522,5,1
29523,5,4
29524,4,5
29525,4,5
29526,9,6
29527,9,6
29528,4,3
29529,2,7
29530,5,4
29531,3,8
29532,5,1
29533,5,9
29534,4,5
29535,4,8
29536,5,9
29537,9,6
29538,5,4
29539,4,5
29540,8,0
29541,8,0
29542,5,4
29543,9,6
29544,2,1
29545,4,8
29546,5,2
29547,2,9
29548,0,6
29549,5,4
29550,5,4
29551,9,1
29552,2,9
29553,2,9
29554,9,6
29555,4,5
29556,2,1
29557,3,3
29558,5,4
29559,7,0
29560,8,0
29561,5,4
29562,8,0
29563,4,8
29564,8,0
29565,2,9
29566,5,4
29567,9,1
29568,9,6
29569,4,5
29570,9,0
29571,4,5
29572,4,5
29573,3,2
29574,5,4
29575,9,1
29576,3,8
29577,5,4
29578,8,0
29579,8,0
29580,2,9
29581,2,7
29582,2,7
29583,0,6
29584,5,4
29585,8,0
29586,2,1
29587,2,1
29588,9,4
29589,6,8
29590,5,4
29591,8,9
29592,2,7
29593,5,4
29594,5,2
29595,2,7
29596,4,8
29597,0,6
29598,9,1
29599,8,0
29600,5,4
29601,4,8
29602,1,3
29603,2,1
29604,4,8
29605,2,7
29606,5,4
29607,2,7
29608,3,3
29609,9,1
29610,3,3
29611,3,2
29612,1,2
29613,3,3
29614,8,0
29615,9,1
29616,2,5
29617,5,4
29618,4,8
29619,3,2
29620,0,6
29621,7,0
29622,9,6
29623,7,0
29624,3,2
29625,2,7
29626,7,2
29627,4,8
29628,5,1
29629,6,8
29630,9,6
29631,5,4
29632,2,7
29633,2,7
29634,8,8
29635,3,2
29636,4,3
29637,4,5
29638,2,4
29639,0,6
29640,1,2
29641,3,3
29642,4,3
29643,0,6
29644,9,6
29645,5,4
29646,3,2
29647,0,6
29648,4,5
29649,4,5
29650,4,3
29651,2,1
29652,2,7
29653,3,3
29654,3,2
29655,5,9
29656,4,8
29657,3,2
29658,5,1
29659,3,5
29660,5,9
29661,2,7
29662,3,2
29663,2,9
29664,7,0
29665,4,8
29666,2,1
29667,7,2
29668,9,1
29669,2,1
29670,1,3
29671,3,3
29672,2,9
29673,9,1
29674,1,2
29675,3,3
29676,8,0
29677,7,0
29678,5,8
29679,5,1
29680,8,8
29681,1,2
29682,9,6
29683,5,4
29684,8,0
29685,4,5
29686,9,6
29687,9,6
29688,5,4
29689,2,7
29690,5,4
29691,5,8
29692,5,4
29693,2,9
29694,2,7
29695,8,0
29696,4,5
29697,5,1
29698,9,2
29699,3,2
29700,4,8
29701,1,3
29702,4,8
29703,5,4
29704,9,0
29705,3,5
29706,8,0
29707,0,6
29708,4,5
29709,2,7
29710,2,9
29711,0,8
29712,2,5
29713,7,0
29714,2,7
29715,5,1
29716,3,2
29717,3,2
29718,8,0
29719,4,3
29720,9,2
29721,5,4
29722,2,8
29723,2,5
29724,5,9
29725,0,6
29726,3,2
29727,2,7
29728,0,6
29729,6,8
29730,5,7
29731,2,9
29732,8,0
29733,2,7
29734,1,2
29735,3,2
29736,8,0
29737,2,9
29738,2,9
29739,5,4
29740,2,1
29741,3,2
29742,5,4
29743,2,9
29744,5,4
29745,6,8
29746,2,1
29747,5,4
29748,4,5
29749,0,5
29750,3,0
29751,6,8
29752,5,9
29753,6,8
29754,5,4
29755,0,0
29756,2,7
29757,4,3
29758,9,6
29759,2,5
29760,4,5
29761,5,4
29762,2,7
29763,3,3
29764,5,4
29765,3,3
29766,9,6
29767,5,4
29768,9,6
29769,9,6
29770,3,2
29771,4,5
29772,8,0
29773,5,1
29774,9,6
29775,2,7
29776,9,6
29777,3,8
29778,5,9
29779,5,4
29780,3,8
29781,0,5
29782,6,8
29783,2,7
29784,3,2
29785,1,3
29786,5,7
29787,0,5
29788,9,4
29789,3,2
29790,4,5
29791,4,3
29792,5,4
29793,0,6
29794,5,4
29795,0,6
29796,2,7
29797,2,7
29798,4,8
29799,2,7
29800,4,3
29801,2,7
29802,2,9
29803,9,6
29804,4,5
29805,7,0
29806,2,7
29807,9,1
29808,5,9
29809,8,0
29810,2,1
29811,9,1
29812,5,1
29813,0,6
29814,5,4
29815,4,5
29816,4,3
29817,4,5
29818,5,4
29819,3,2
29820,5,4
29821,2,9
29822,2,9
29823,3,3
29824,5,9
29825,5,1
29826,2,7
29827,2,4
29828,5,1
29829,3,8
29830,9,5
29831,3,8
29832,0,6
29833,2,7
29834,4,5
29835,0,6
29836,0,6
29837,3,2
29838,9,6
29839,9,2
29840,2,1
29841,2,9
29842,4,5
29843,0,6
29844,4,3
29845,2,5
29846,2,9
29847,5,9
29848,8,0
29849,5,1
29850,2,7
29851,3,2
29852,4,5
29853,4,2
29854,5,4
29855,2,7
29856,2,9
29857,2,9
29858,4,8
29859,2,7
29860,8,0
29861,2,9
29862,8,0
29863,3,8
29864,5,4
29865,2,9
29866,5,4
29867,2,7
29868,2,9
29869,8,0
29870,4,5
29871,3,5
29872,9,6
29873,7,0
29874,2,9
29875,1,3
29876,4,2
29877,3,8
29878,5,9
29879,5,4
29880,4,5
29881,9,6
29882,3,3
29883,3,1
29884,5,4
29885,5,4
29886,4,8
29887,7,0
29888,2,7
29889,1,3
29890,9,5
29891,9,6
29892,4,5
29893,3,2
29894,4,3
29895,8,0
29896,4,3
29897,3,1
29898,5,4
29899,3,3
29900,2,7
29901,2,1
29902,5,1
29903,7,0
29904,3,2
29905,2,9
29906,4,2
29907,7,0
29908,2,7
29909,9,1
29910,5,4
29911,3,2
29912,4,5
29913,3,3
29914,5,4
29915,4,5
29916,4,5
29917,0,6
29918,7,0
29919,2,7
29920,1,7
29921,6,8
29922,5,4
29923,2,9
29924,4,5
29925,7,0
29926,8,0
29927,9,1
29928,9,6
29929,2,4
29930,3,2
29931,2,7
29932,3,2
29933,3,8
29934,7,0
29935,2,9
29936,4,3
29937,7,0
29938,3,9
29939,0,1
29940,4,5
29941,5,4
29942,5,4
29943,2,7
29944,4,6
29945,6,8
29946,5,4
29947,2,9
29948,2,7
29949,9,1
29950,9,6
29951,2,7
29952,0,1
29953,2,9
29954,2,7
29955,4,5
29956,5,9
29957,9,1
29958,4,3
29959,2,9
29960,5,4
29961,2,1
29962,4,3
29963,2,7
29964,2,7
29965,3,8
29966,7,6
29967,9,2
29968,2,1
29969,3,3
29970,9,6
29971,0,6
29972,1,3
29973,2,9
29974,5,1
29975,2,9
29976,5,1
29977,4,5
29978,5,9
29979,3,8
29980,2,9
29981,0,6
29982,2,7
29983,2,7
29984,2,7
29985,7,0
29986,5,1
29987,0,6
29988,4,8
29989,6,8
29990,9,2
29991,3,3
29992,5,4
29993,2,9
29994,9,0
29995,6,8
29996,2,9
29997,0,6
29998,2,7
29999,2,1
30000,4,3
30001,2,7
30002,4,3
30003,2,9
30004,0,6
30005,5,4
30006,5,4
30007,9,1
30008,2,7
30009,7,0
30010,2,9
30011,3,3
30012,4,5
30013,6,8
30014,3,2
30015,2,7
30016,5,4
30017,2,7
30018,2,7
30019,4,8
30020,4,5
30021,2,7
30022,2,9
30023,0,6
30024,9,6
30025,0,6
30026,3,8
30027,3,2
30028,4,5
30029,6,8
30030,4,5
30031,2,1
30032,3,2
30033,0,6
30034,7,0
30035,2,1
30036,9,6
30037,7,0
30038,4,8
30039,5,4
30040,4,3
30041,3,3
30042,4,5
30043,9,1
30044,7,0
30045,0,6
30046,4,5
30047,3,1
30048,4,3
30049,2,9
30050,3,8
30051,7,0
30052,5,4
30053,5,1
30054,3,2
30055,3,2
30056,7,2
30057,3,3
30058,8,0
30059,5,4
30060,2,7
30061,0,5
30062,3,3
30063,0,6
30064,3,2
30065,2,7
30066,5,4
30067,6,8
30068,2,1
30069,2,9
30070,4,3
30071,7,0
30072,4,3
30073,0,1
30074,0,6
30075,3,2
30076,3,2
30077,3,3
30078,1,2
30079,5,4
30080,8,0
30081,3,5
30082,4,5
30083,0,6
30084,4,3
30085,2,9
30086,4,5
30087,0,0
30088,7,0
30089,3,1
30090,1,3
30091,3,2
30092,3,8
30093,3,3
30094,3,2
30095,4,9
30096,5,9
30097,0,0
30098,5,8
30099,2,9
30100,2,1
30101,0,0
30102,3,2
30103,6,9
30104,5,1
30105,3,3
30106,9,6
30107,3,2
30108,5,4
30109,6,7
30110,2,9
30111,3,8
30112,9,5
30113,5,4
30114,9,6
30115,0,6
30116,4,8
30117,0,1
30118,2,7
30119,7,0
30120,3,2
30121,2,4
30122,3,2
30123,0,0
30124,4,3
30125,0,5
30126,2,1
30127,7,0
30128,9,6
30129,0,1
30130,1,3
30131,3,3
30132,4,5
30133,3,2
30134,5,4
30135,2,9
30136,4,3
30137,9,1
30138,2,9
30139,0,6
30140,2,1
30141,0,0
30142,9,6
30143,3,1
30144,8,9
30145,3,1
30146,2,1
30147,3,8
30148,5,1
30149,0,0
30150,9,6
30151,0,4
30152,9,6
30153,2,7
30154,2,7
30155,6,7
30156,8,0
30157,0,6
30158,9,1
30159,3,3
30160,7,0
30161,0,6
30162,5,8
30163,7,0
30164,5,4
30165,2,7
30166,2,7
30167,5,4
30168,9,6
30169,5,4
30170,8,0
30171,3,1
30172,4,8
30173,3,8
30174,5,4
30175,3,3
30176,5,1
30177,6,7
30178,9,6
30179,3,1
30180,5,4
30181,2,9
30182,9,6
30183,1,3
30184,8,9
30185,3,8
30186,5,4
30187,8,0
30188,2,7
30189,5,1
30190,2,7
30191,9,2
30192,9,6
30193,4,3
30194,2,1
30195,5,4
30196,8,0
30197,4,5
30198,5,4
30199,9,6
30200,9,1
30201,2,7
30202,2,7
30203,4,8
30204,5,9
30205,2,9
30206,4,3
30207,7,0
30208,2,9
30209,2,1
30210,5,1
30211,9,2
30212,8,0
30213,4,3
30214,4,1
30215,5,4
30216,9,5
30217,4,5
30218,5,1
30219,2,8
30220,8,0
30221,2,9
30222,7,0
30223,7,0
30224,2,7
30225,2,1
30226,4,3
30227,9,2
30228,9,2
30229,4,3
30230,9,6
30231,5,4
30232,9,6
30233,4,5
30234,5,4
30235,4,8
30236,5,8
30237,5,9
30238,5,1
30239,4,8
30240,8,0
30241,4,3
30242,3,8
30243,5,4
30244,2,1
30245,2,7
30246,7,0
30247,4,8
30248,4,8
30249,9,6
30250,2,7
30251,4,3
30252,9,6
30253,5,4
30254,4,3
30255,8,0
30256,4,3
30257,5,9
30258,4,3
30259,2,7
30260,2,7
30261,2,1
30262,4,5
30263,5,9
30264,2,7
30265,4,3
30266,5,4
30267,4,8
30268,5,8
30269,5,4
30270,5,1
30271,2,7
30272,5,4
30273,4,3
30274,4,1
30275,7,0
30276,5,4
30277,2,9
30278,4,5
30279,9,6
30280,4,5
30281,9,1
30282,4,3
30283,5,4
30284,4,3
30285,4,5
30286,2,7
30287,5,4
30288,4,5
30289,9,6
30290,2,7
30291,3,2
30292,5,1
30293,8,0
30294,2,7
30295,9,6
30296,5,9
30297,3,2
30298,5,4
30299,9,1
30300,8,0
30301,2,1
30302,2,7
30303,5,1
30304,1,3
30305,5,1
30306,4,3
30307,2,7
30308,3,9
30309,3,2
30310,2,7
30311,5,4
30312,4,6
30313,2,7
30314,9,6
30315,4,5
30316,5,4
30317,3,2
30318,6,8
30319,5,9
30320,8,0
30321,5,4
30322,4,8
30323,4,5
30324,4,8
30325,4,8
30326,5,4
30327,5,4
30328,5,9
30329,9,2
30330,4,8
30331,8,0
30332,9,6
30333,4,5
30334,2,9
30335,5,1
30336,3,2
30337,5,1
30338,9,6
30339,2,7
30340,8,0
30341,9,6
30342,5,9
30343,9,6
30344,9,2
30345,9,6
30346,1,2
30347,4,8
30348,2,7
30349,3,2
30350,9,6
30351,4,5
30352,8,0
30353,3,2
30354,4,3
30355,3,2
30356,3,2
30357,2,7
30358,2,9
30359,2,7
30360,5,9
30361,5,4
30362,4,3
30363,8,0
30364,2,1
30365,3,2
30366,5,1
30367,5,4
30368,5,1
30369,9,2
30370,8,0
30371,4,5
30372,5,1
30373,8,0
30374,3,8
30375,4,3
30376,3,2
30377,4,3
30378,5,9
30379,4,3
30380,2,7
30381,5,1
30382,8,0
30383,4,8
30384,7,0
30385,5,9
30386,4,3
30387,9,6
30388,8,0
30389,2,1
30390,4,5
30391,8,0
30392,9,6
30393,4,5
30394,5,9
30395,5,9
30396,4,5
30397,4,8
30398,4,3
30399,4,5
30400,4,3
30401,4,8
30402,4,5
30403,4,5
30404,5,1
30405,4,5
30406,2,9
30407,4,8
30408,2,1
30409,8,0
30410,4,5
30411,4,3
30412,2,8
30413,7,0
30414,2,7
30415,4,8
30416,4,8
30417,4,3
30418,3,8
30419,5,9
30420,1,2
30421,9,6
30422,5,4
30423,4,3
30424,8,0
30425,3,0
30426,9,6
30427,5,1
30428,2,7
30429,9,2
30430,5,1
30431,3,3
30432,2,7
30433,2,7
30434,7,0
30435,3,8
30436,2,1
30437,2,9
30438,8,0
30439,0,0
30440,9,6
30441,5,1
30442,2,7
30443,1,2
30444,9,6
30445,3,3
30446,2,9
30447,5,4
30448,4,5
30449,2,7
30450,7,8
30451,6,8
30452,5,9
30453,2,9
30454,9,6
30455,7,0
30456,4,5
30457,5,1
30458,5,4
30459,3,2
30460,4,8
30461,3,3
30462,2,7
30463,5,4
30464,5,4
30465,2,7
30466,0,6
30467,6,8
30468,4,3
30469,2,9
30470,8,9
30471,1,1
30472,5,4
30473,7,0
30474,9,6
30475,5,1
30476,4,5
30477,1,2
30478,4,8
30479,2,7
30480,8,0
30481,2,7
30482,4,5
30483,4,3
30484,0,0
30485,4,2
30486,2,1
30487,3,2
30488,4,5
30489,1,3
30490,9,6
30491,5,9
30492,3,2
30493,5,1
30494,4,8
30495,2,7
30496,8,0
30497,5,9
30498,5,9
30499,9,5
30500,5,9
30501,2,7
30502,2,7
30503,9,2
30504,2,7
30505,5,9
30506,5,4
30507,0,6
30508,3,1
30509,2,1
30510,4,8
30511,3,3
30512,5,1
30513,2,7
30514,4,5
30515,3,3
30516,4,8
30517,2,9
30518,0,6
30519,6,8
30520,5,9
30521,0,8
30522,9,2
30523,7,8
30524,5,1
30525,3,8
30526,9,6
30527,3,8
30528,4,5
30529,5,4
30530,5,2
30531,2,7
30532,2,7
30533,3,2
30534,3,2
30535,5,1
30536,5,4
30537,5,9
30538,2,7
30539,6,8
30540,4,3
30541,2,7
30542,5,4
30543,3,8
30544,4,5
30545,2,8
30546,9,8
30547,7,0
30548,7,0
30549,2,7
30550,4,1
30551,5,9
30552,5,4
30553,9,5
30554,5,4
30555,7,0
30556,2,1
30557,0,6
30558,2,7
30559,6,8
30560,2,7
30561,3,2
30562,5,9
30563,0,6
30564,5,1
30565,3,0
30566,4,5
30567,5,1
30568,3,8
30569,3,2
30570,3,2
30571,4,3
30572,4,5
30573,5,4
30574,3,3
30575,4,5
30576,9,6
30577,0,6
30578,7,0
30579,2,7
30580,3,2
30581,4,8
30582,9,6
30583,2,9
30584,4,8
30585,7,0
30586,7,0
30587,9,1
30588,5,4
30589,3,2
30590,5,4
30591,4,3
30592,2,1
30593,5,4
30594,1,2
30595,4,5
30596,9,2
30597,0,6
30598,5,9
30599,2,7
30600,5,2
30601,3,8
30602,5,4
30603,2,9
30604,2,7
30605,7,0
30606,2,1
30607,9,1
30608,9,6
30609,9,2
30610,2,7
30611,3,3
30612,5,1
30613,5,4
30614,5,1
30615,4,5
30616,4,1
30617,0,6
30618,7,0
30619,2,7
30620,5,9
30621,3,8
30622,4,5
30623,2,9
30624,7,0
30625,7,0
30626,4,5
30627,2,9
30628,2,1
30629,2,9
30630,4,6
30631,3,8
30632,0,6
30633,2,9
30634,3,2
30635,2,8
30636,2,9
30637,5,4
30638,9,6
30639,2,1
30640,3,2
30641,2,7
30642,4,3
30643,2,7
30644,1,3
30645,3,3
30646,8,9
30647,0,5
30648,9,6
30649,9,1
30650,1,3
30651,7,0
30652,6,7
30653,7,0
30654,4,8
30655,3,2
30656,5,8
30657,2,7
30658,5,4
30659,2,7
30660,4,9
30661,4,8
30662,3,3
30663,3,2
30664,2,7
30665,7,0
30666,5,4
30667,9,1
30668,7,0
30669,3,2
30670,2,7
30671,0,6
30672,2,7
30673,4,3
30674,5,7
30675,4,3
30676,4,5
30677,2,7
30678,7,0
30679,3,3
30680,9,6
30681,3,3
30682,5,4
30683,5,4
30684,5,1
30685,0,6
30686,2,9
30687,0,6
30688,4,8
30689,0,6
30690,2,2
30691,5,4
30692,2,3
30693,2,9
30694,5,9
30695,9,1
30696,5,9
30697,3,5
30698,8,9
30699,7,0
30700,8,0
30701,2,9
30702,5,4
30703,5,8
30704,5,9
30705,3,2
30706,8,0
30707,7,0
30708,5,4
30709,0,0
30710,0,2
30711,5,1
30712,5,9
30713,2,7
30714,4,5
30715,0,6
30716,9,6
30717,4,3
30718,2,7
30719,9,2
30720,3,3
30721,9,1
30722,2,7
30723,2,7
30724,3,2
30725,5,4
30726,1,2
30727,0,6
30728,2,7
30729,3,3
30730,9,2
30731,2,1
30732,3,8
30733,3,3
30734,7,0
30735,2,9
30736,5,4
30737,9,1
30738,4,8
30739,2,7
30740,4,3
30741,0,6
30742,5,1
30743,4,8
30744,0,6
30745,5,4
30746,9,2
30747,3,3
30748,8,0
30749,9,1
30750,2,9
30751,0,0
30752,9,2
30753,2,9
30754,4,3
30755,0,6
30756,2,9
30757,9,1
30758,5,9
30759,2,7
30760,4,3
30761,0,5
30762,1,2
30763,5,4
30764,4,7
30765,5,4
30766,4,5
30767,2,7
30768,2,7
30769,3,2
30770,9,6
30771,3,8
30772,9,2
30773,5,4
30774,4,3
30775,3,8
30776,5,9
30777,2,8
30778,2,9
30779,5,4
30780,3,3
30781,3,8
30782,5,9
30783,2,9
30784,9,6
30785,2,8
30786,2,7
30787,8,0
30788,9,6
30789,9,1
30790,8,0
30791,3,2
30792,2,4
30793,4,3
30794,3,2
30795,5,4
30796,9,6
30797,4,5
30798,2,7
30799,9,6
30800,3,0
30801,2,7
30802,3,2
30803,3,8
30804,2,9
30805,2,9
30806,2,8
30807,7,0
30808,2,9
30809,2,1
30810,1,2
30811,3,2
30812,9,6
30813,3,3
30814,5,9
30815,5,4
30816,3,2
30817,3,5
30818,0,6
30819,9,6
30820,9,6
30821,2,7
30822,9,6
30823,5,8
30824,4,3
30825,2,9
30826,3,2
30827,7,0
30828,8,0
30829,2,1
30830,5,4
30831,3,2
30832,9,2
30833,4,3
30834,5,9
30835,5,4
30836,2,9
30837,4,5
30838,4,9
30839,9,6
30840,3,2
30841,2,7
30842,4,5
30843,6,8
30844,4,8
30845,2,9
30846,5,4
30847,9,1
30848,2,1
30849,8,0
30850,5,9
30851,5,4
30852,5,1
30853,9,5
30854,5,1
30855,9,6
30856,9,6
30857,9,6
30858,4,5
30859,4,3
30860,4,2
30861,5,4
30862,4,8
30863,5,4
30864,4,5
30865,4,2
30866,5,1
30867,5,8
30868,5,4
30869,2,1
30870,6,8
30871,7,0
30872,2,2
30873,9,6
30874,4,8
30875,5,4
30876,5,4
30877,5,9
30878,9,6
30879,2,7
30880,3,2
30881,3,2
30882,0,6
30883,1,3
30884,3,2
30885,1,3
30886,5,4
30887,2,9
30888,5,4
30889,4,2
30890,5,4
30891,8,0
30892,3,8
30893,2,9
30894,5,1
30895,1,3
30896,4,5
30897,1,3
30898,5,1
30899,2,9
30900,9,5
30901,2,1
30902,2,7
30903,7,5
30904,0,6
30905,3,2
30906,4,1
30907,3,3
30908,5,4
30909,2,1
30910,5,9
30911,9,6
30912,2,7
30913,2,7
30914,4,8
30915,1,3
30916,9,6
30917,2,7
30918,4,5
30919,4,8
30920,2,1
30921,5,4
30922,2,9
30923,8,0
30924,2,7
30925,3,2
30926,8,0
30927,5,4
30928,4,5
30929,8,0
30930,9,6
30931,3,2
30932,8,0
30933,5,4
30934,4,3
30935,2,7
30936,2,7
30937,5,8
30938,5,1
30939,8,0
30940,5,1
30941,2,7
30942,2,9
30943,8,0
30944,2,9
30945,9,6
30946,2,7
30947,2,9
30948,8,0
30949,1,3
30950,9,6
30951,9,2
30952,2,7
30953,5,4
30954,5,4
30955,8,0
30956,9,6
30957,4,5
30958,9,1
30959,2,7
30960,2,3
30961,7,5
30962,4,3
30963,2,1
30964,4,8
30965,8,0
30966,5,1
30967,6,8
30968,4,6
30969,2,1
30970,3,2
30971,9,6
30972,9,2
30973,2,7
30974,4,3
30975,9,2
30976,3,2
30977,2,9
30978,2,1
30979,2,7
30980,4,5
30981,2,9
30982,2,7
30983,4,5
30984,4,3
30985,4,8
30986,1,3
30987,2,9
30988,2,7
30989,9,6
30990,2,7
30991,4,5
30992,8,0
30993,3,2
30994,6,8
30995,9,6
30996,5,1
30997,3,2
30998,2,7
30999,1,8
31000,4,6
31001,9,1
31002,3,2
31003,2,7
31004,2,9
31005,3,5
31006,5,4
31007,4,5
31008,4,5
31009,2,7
31010,4,5
31011,1,3
31012,9,1
31013,0,5
31014,6,8
31015,8,0
31016,9,2
31017,9,1
31018,2,9
31019,9,1
31020,7,0
31021,1,3
31022,4,5
31023,4,8
31024,1,2
31025,5,4
31026,7,0
31027,2,9
31028,0,5
31029,5,4
31030,7,8
31031,4,5
31032,4,3
31033,9,1
31034,6,8
31035,5,8
31036,5,4
31037,9,6
31038,5,1
31039,5,8
31040,9,6
31041,2,9
31042,3,3
31043,7,0
31044,4,3
31045,2,1
31046,7,6
31047,3,2
31048,5,1
31049,4,3
31050,5,4
31051,5,4
31052,5,4
31053,4,5
31054,9,6
31055,2,7
31056,9,2
31057,2,9
31058,5,1
31059,7,0
31060,3,8
31061,9,1
31062,2,7
31063,7,2
31064,2,7
31065,3,3
31066,2,7
31067,5,4
31068,4,2
31069,0,5
31070,3,2
31071,9,6
31072,5,9
31073,2,7
31074,2,9
31075,4,8
31076,2,7
31077,2,9
31078,4,5
31079,7,0
31080,5,8
31081,5,1
31082,8,0
31083,5,4
31084,5,1
31085,2,7
31086,4,5
31087,3,8
31088,2,9
31089,2,9
31090,5,4
31091,5,8
31092,4,2
31093,2,1
31094,8,9
31095,8,0
31096,3,2
31097,2,9
31098,4,3
31099,0,5
31100,2,7
31101,2,7
31102,5,4
31103,6,8
31104,9,6
31105,9,6
31106,5,4
31107,2,9
31108,4,3
31109,7,0
31110,9,6
31111,5,4
31112,7,0
31113,2,1
31114,5,4
31115,5,9
31116,8,0
31117,4,3
31118,9,6
31119,4,8
31120,5,9
31121,5,4
31122,5,1
31123,5,4
31124,4,8
31125,2,7
31126,5,4
31127,8,0
31128,2,9
31129,5,1
31130,5,9
31131,5,9
31132,5,9
31133,7,2
31134,3,1
31135,7,8
31136,4,3
31137,2,7
31138,8,0
31139,4,8
31140,4,3
31141,5,9
31142,5,9
31143,9,6
31144,2,1
31145,7,0
31146,4,2
31147,0,6
31148,9,2
31149,4,5
31150,1,2
31151,0,5
31152,9,6
31153,3,3
31154,7,0
31155,3,3
31156,2,7
31157,4,3
31158,4,5
31159,5,4
31160,2,7
31161,5,9
31162,2,8
31163,5,4
31164,5,4
31165,7,0
31166,5,1
31167,0,6
31168,4,8
31169,1,1
31170,5,9
31171,7,0
31172,8,0
31173,7,0
31174,5,1
31175,0,6
31176,2,7
31177,3,2
31178,1,3
31179,5,1
31180,7,0
31181,5,1
31182,4,8
31183,3,3
31184,9,9
31185,0,2
31186,4,5
31187,2,7
31188,3,2
31189,2,7
31190,4,5
31191,3,8
31192,2,7
31193,9,6
31194,8,0
31195,7,0
31196,2,7
31197,9,2
31198,1,1
31199,8,0
31200,8,9
31201,4,3
31202,8,0
31203,9,6
31204,9,6
31205,4,8
31206,4,8
31207,2,7
31208,9,6
31209,9,1
31210,2,7
31211,0,5
31212,0,6
31213,2,9
31214,4,5
31215,2,9
31216,3,2
31217,3,3
31218,2,9
31219,2,7
31220,9,6
31221,3,2
31222,4,5
31223,5,4
31224,5,4
31225,5,9
31226,2,9
31227,5,4
31228,0,6
31229,4,3
31230,4,5
31231,9,6
31232,9,6
31233,3,2
31234,0,0
31235,5,4
31236,4,8
31237,9,1
31238,5,1
31239,2,7
31240,3,2
31241,3,2
31242,4,5
31243,7,0
31244,5,9
31245,9,1
31246,5,4
31247,3,2
31248,1,8
31249,4,3
31250,1,1
31251,5,4
31252,7,5
31253,3,5
31254,4,3
31255,0,6
31256,5,9
31257,2,7
31258,1,2
31259,6,8
31260,4,8
31261,2,9
31262,2,9
31263,7,0
31264,9,1
31265,3,1
31266,4,5
31267,7,2
31268,9,6
31269,3,3
31270,9,6
31271,2,7
31272,8,0
31273,6,8
31274,2,3
31275,2,9
31276,1,2
31277,7,0
31278,5,1
31279,3,1
31280,5,1
31281,3,2
31282,2,1
31283,3,3
31284,2,7
31285,5,4
31286,2,1
31287,3,5
31288,0,0
31289,0,6
31290,4,5
31291,2,7
31292,1,8
31293,3,8
31294,9,6
31295,2,9
31296,5,1
31297,7,0
31298,6,8
31299,2,9
31300,2,7
31301,3,5
31302,4,5
31303,0,6
31304,4,2
31305,0,4
31306,4,8
31307,1,1
31308,3,8
31309,2,9
31310,1,0
31311,3,3
31312,5,9
31313,3,8
31314,7,0
31315,5,4
31316,4,5
31317,5,4
31318,5,1
31319,2,7
31320,5,9
31321,0,0
31322,5,4
31323,9,1
31324,5,4
31325,2,9
31326,5,9
31327,9,2
31328,4,5
31329,5,8
31330,2,7
31331,2,7
31332,9,1
31333,3,8
31334,5,8
31335,3,5
31336,2,9
31337,2,9
31338,9,2
31339,0,6
31340,5,4
31341,0,0
31342,9,6
31343,0,6
31344,4,5
31345,3,3
31346,4,5
31347,3,3
31348,5,1
31349,3,3
31350,7,0
31351,2,9
31352,4,5
31353,2,9
31354,3,2
31355,5,8
31356,8,0
31357,9,1
31358,2,9
31359,5,4
31360,9,2
31361,7,0
31362,2,7
31363,0,6
31364,5,9
31365,9,1
31366,2,1
31367,7,0
31368,9,6
31369,7,0
31370,5,1
31371,0,6
31372,1,2
31373,2,2
31374,2,7
31375,9,1
31376,5,9
31377,2,1
31378,5,4
31379,3,3
31380,4,8
31381,9,2
31382,2,7
31383,2,7
31384,9,1
31385,2,7
31386,5,1
31387,2,7
31388,1,2
31389,7,0
31390,2,8
31391,2,7
31392,7,0
31393,0,0
31394,2,9
31395,3,3
31396,5,7
31397,0,6
31398,2,7
31399,6,8
31400,2,9
31401,7,2
31402,4,5
31403,5,4
31404,1,3
31405,2,9
31406,5,1
31407,5,4
31408,2,7
31409,3,3
31410,8,0
31411,9,6
31412,5,4
31413,2,5
31414,4,8
31415,3,5
31416,5,4
31417,2,9
31418,9,5
31419,2,4
31420,9,1
31421,3,1
31422,3,2
31423,2,7
31424,4,5
31425,7,0
31426,2,9
31427,2,1
31428,4,3
31429,3,2
31430,7,0
31431,4,3
31432,5,1
31433,5,4
31434,4,5
31435,4,5
31436,5,4
31437,0,6
31438,5,4
31439,2,7
31440,4,8
31441,3,8
31442,4,5
31443,2,9
31444,4,8
31445,7,0
31446,4,3
31447,9,1
31448,5,4
31449,9,2
31450,3,3
31451,4,3
31452,4,3
31453,5,4
31454,1,2
31455,4,5
31456,8,9
31457,0,6
31458,5,4
31459,2,7
31460,2,7
31461,4,8
31462,3,2
31463,8,0
31464,9,6
31465,2,1
31466,8,0
31467,3,2
31468,5,8
31469,3,3
31470,8,0
31471,5,4
31472,4,5
31473,4,5
31474,1,8
31475,9,6
31476,7,0
31477,2,7
31478,2,1
31479,3,8
31480,5,9
31481,9,6
31482,1,3
31483,9,2
31484,5,4
31485,2,7
31486,3,8
31487,2,1
31488,4,3
31489,4,5
31490,8,0
31491,9,6
31492,3,2
31493,3,2
31494,2,1
31495,4,5
31496,4,5
31497,8,0
31498,2,1
31499,4,5
31500,9,6
31501,5,4
31502,8,0
31503,3,2
31504,3,3
31505,8,0
31506,9,2
31507,4,8
31508,9,2
31509,7,0
31510,2,7
31511,9,1
31512,4,2
31513,3,2
31514,5,4
31515,3,3
31516,0,6
31517,2,4
31518,8,0
31519,4,5
31520,4,5
31521,0,6
31522,5,4
31523,2,7
31524,2,9
31525,3,8
31526,2,1
31527,2,7
31528,4,8
31529,2,1
31530,4,8
31531,2,7
31532,2,9
31533,2,7
31534,9,1
31535,7,0
31536,5,4
31537,2,1
31538,3,3
31539,5,4
31540,5,8
31541,5,4
31542,2,7
31543,5,4
31544,1,3
31545,0,5
31546,9,2
31547,2,7
31548,4,3
31549,5,4
31550,2,7
31551,2,9
31552,5,4
31553,2,7
31554,4,5
31555,3,2
31556,9,1
31557,0,6
31558,5,7
31559,4,3
31560,2,7
31561,2,9
31562,4,3
31563,5,4
31564,4,3
31565,5,9
31566,2,9
31567,7,0
31568,9,6
31569,6,8
31570,5,1
31571,2,7
31572,9,6
31573,2,9
31574,5,4
31575,7,0
31576,2,7
31577,0,6
31578,2,1
31579,3,3
31580,5,4
31581,7,0
31582,3,3
31583,5,4
31584,4,5
31585,0,6
31586,9,6
31587,3,3
31588,4,6
31589,2,7
31590,4,5
31591,6,8
31592,5,1
31593,2,9
31594,2,7
31595,3,3
31596,5,3
31597,9,1
31598,5,4
31599,3,8
31600,1,8
31601,5,4
31602,4,3
31603,3,2
31604,7,0
31605,2,9
31606,9,6
31607,3,8
31608,3,2
31609,9,2
31610,4,3
31611,3,8
31612,9,6
31613,9,6
31614,2,7
31615,4,5
31616,9,2
31617,3,2
31618,4,5
31619,0,6
31620,0,6
31621,2,9
31622,4,8
31623,0,6
31624,8,9
31625,7,0
31626,9,6
31627,4,3
31628,8,0
31629,0,6
31630,5,8
31631,4,3
31632,5,4
31633,2,1
31634,4,2
31635,9,2
31636,4,3
31637,7,5
31638,4,2
31639,7,0
31640,5,1
31641,3,3
31642,9,1
31643,2,7
31644,4,5
31645,0,6
31646,9,6
31647,9,1
31648,2,7
31649,0,5
31650,4,5
31651,4,5
31652,2,9
31653,2,9
31654,9,6
31655,6,8
31656,7,8
31657,7,0
31658,3,2
31659,2,9
31660,5,4
31661,8,0
31662,9,2
31663,2,1
31664,2,3
31665,4,2
31666,9,2
31667,4,3
31668,5,4
31669,5,4
31670,0,6
31671,2,7
31672,0,6
31673,2,8
31674,2,7
31675,2,9
31676,5,9
31677,8,0
31678,2,7
31679,5,1
31680,4,3
31681,4,2
31682,4,5
31683,7,0
31684,2,7
31685,2,1
31686,9,6
31687,4,5
31688,7,2
31689,2,1
31690,5,7
31691,4,3
31692,5,4
31693,2,9
31694,4,5
31695,7,0
31696,3,2
31697,5,9
31698,2,7
31699,2,7
31700,5,9
31701,5,1
31702,4,5
31703,4,3
31704,4,8
31705,9,6
31706,4,8
31707,5,9
31708,9,6
31709,3,2
31710,9,8
31711,9,4
31712,1,7
31713,2,7
31714,9,6
31715,2,7
31716,7,0
31717,5,4
31718,5,1
31719,4,3
31720,4,3
31721,4,8
31722,4,3
31723,4,3
31724,1,3
31725,2,7
31726,7,8
31727,2,1
31728,5,4
31729,5,1
31730,2,7
31731,2,7
31732,4,8
31733,2,9
31734,4,5
31735,3,3
31736,0,6
31737,2,9
31738,4,8
31739,2,1
31740,2,2
31741,9,6
31742,8,7
31743,5,4
31744,5,9
31745,4,3
31746,4,5
31747,2,9
31748,3,3
31749,5,8
31750,5,4
31751,2,1
31752,9,6
31753,8,0
31754,0,6
31755,5,1
31756,4,5
31757,9,2
31758,4,8
31759,4,3
31760,4,8
31761,5,4
31762,2,1
31763,4,5
31764,5,1
31765,4,8
31766,2,1
31767,5,9
31768,4,5
31769,8,0
31770,4,8
31771,5,1
31772,4,5
31773,1,2
31774,5,4
31775,1,3
31776,5,4
31777,5,4
31778,7,0
31779,4,5
31780,5,1
31781,4,8
31782,2,5
31783,5,9
31784,9,1
31785,8,0
31786,5,9
31787,5,1
31788,4,3
31789,9,2
31790,5,4
31791,4,3
31792,2,7
31793,5,4
31794,1,2
31795,4,5
31796,2,7
31797,9,6
31798,2,9
31799,2,7
31800,5,8
31801,4,8
31802,1,2
31803,5,9
31804,2,7
31805,4,3
31806,9,6
31807,9,2
31808,8,0
31809,5,9
31810,4,8
31811,1,3
31812,2,7
31813,9,2
31814,5,4
31815,9,1
31816,5,8
31817,5,4
31818,5,9
31819,4,5
31820,4,5
31821,4,5
31822,2,9
31823,1,2
31824,2,7
31825,4,3
31826,2,7
31827,9,2
31828,2,9
31829,2,1
31830,7,0
31831,4,3
31832,5,8
31833,5,9
31834,2,9
31835,2,7
31836,7,0
31837,9,2
31838,4,5
31839,5,1
31840,5,9
31841,5,9
31842,2,9
31843,5,1
31844,2,7
31845,2,8
31846,2,1
31847,4,8
31848,9,1
31849,2,7
31850,5,7
31851,5,8
31852,9,2
31853,2,1
31854,5,9
31855,8,0
31856,9,6
31857,8,0
31858,5,4
31859,9,6
31860,5,4
31861,2,7
31862,5,1
31863,4,5
31864,2,1
31865,8,0
31866,5,9
31867,9,6
31868,4,3
31869,5,1
31870,5,1
31871,5,1
31872,5,4
31873,3,2
31874,9,2
31875,4,5
31876,5,9
31877,8,0
31878,5,9
31879,2,7
31880,5,8
31881,4,8
31882,2,7
31883,5,4
31884,4,2
31885,5,4
31886,4,5
31887,5,1
31888,2,9
31889,4,8
31890,4,2
31891,4,5
31892,9,6
31893,5,9
31894,5,1
31895,8,0
31896,2,9
31897,4,3
31898,9,6
31899,2,7
31900,4,5
31901,9,1
31902,2,7
31903,9,6
31904,8,0
31905,9,2
31906,4,8
31907,9,6
31908,5,1
31909,9,6
31910,2,7
31911,5,1
31912,2,7
31913,4,3
31914,2,7
31915,4,8
31916,5,1
31917,5,9
31918,5,9
31919,5,9
31920,5,1
31921,4,5
31922,5,9
31923,5,9
31924,9,6
31925,4,3
31926,4,5
31927,2,7
31928,3,2
31929,4,5
31930,1,1
31931,9,6
31932,9,1
31933,1,2
31934,5,9
31935,9,2
31936,1,3
31937,8,0
31938,4,8
31939,5,9
31940,5,4
31941,5,4
31942,5,9
31943,7,0
31944,4,5
31945,1,1
31946,4,5
31947,7,2
31948,9,6
31949,3,3
31950,2,1
31951,5,4
31952,4,3
31953,4,5
31954,9,6
31955,0,6
31956,4,2
31957,2,7
31958,9,2
31959,6,8
31960,4,3
31961,2,9
31962,4,3
31963,1,1
31964,2,7
31965,0,4
31966,5,1
31967,2,7
31968,4,8
31969,7,0
31970,3,2
31971,1,1
31972,5,8
31973,3,2
31974,9,6
31975,3,3
31976,4,5
31977,5,4
31978,9,2
31979,4,5
31980,2,1
31981,0,6
31982,4,5
31983,2,7
31984,5,4
31985,6,8
31986,2,9
31987,2,9
31988,4,3
31989,3,3
31990,2,1
31991,2,7
31992,2,7
31993,5,1
31994,5,4
31995,7,0
31996,2,7
31997,2,7
31998,9,6
31999,3,5
32000,3,8
32001,4,5
32002,9,6
32003,0,6
32004,2,7
32005,1,1
32006,9,6
32007,7,0
32008,3,2
32009,7,0
32010,9,2
32011,3,8
32012,7,8
32013,1,3
32014,5,4
32015,5,4
32016,2,9
32017,3,3
32018,3,8
32019,1,1
32020,5,4
32021,2,9
32022,3,2
32023,4,5
32024,1,2
32025,1,3
32026,4,5
32027,5,4
32028,2,7
32029,2,9
32030,4,8
32031,4,3
32032,5,4
32033,2,9
32034,9,1
32035,3,2
32036,8,0
32037,5,4
32038,2,1
32039,4,5
32040,4,5
32041,5,1
32042,1,3
32043,0,6
32044,3,3
32045,5,4
32046,4,8
32047,8,9
32048,2,7
32049,5,4
32050,9,6
32051,2,9
32052,4,5
32053,5,4
32054,2,1
32055,1,1
32056,5,4
32057,3,2
32058,0,6
32059,3,5
32060,4,5
32061,3,8
32062,7,0
32063,1,1
32064,2,9
32065,1,2
32066,2,9
32067,2,9
32068,2,9
32069,5,4
32070,9,1
32071,4,3
32072,5,8
32073,6,8
32074,4,5
32075,3,2
32076,4,8
32077,9,2
32078,5,8
32079,1,1
32080,4,5
32081,3,2
32082,9,6
32083,1,1
32084,5,4
32085,9,1
32086,8,0
32087,3,3
32088,5,4
32089,2,9
32090,4,5
32091,1,3
32092,8,0
32093,3,8
32094,5,4
32095,2,7
32096,5,1
32097,0,0
32098,7,0
32099,2,7
32100,5,9
32101,0,4
32102,2,8
32103,1,8
32104,1,7
32105,1,8
32106,4,3
32107,4,5
32108,8,4
32109,7,0
32110,4,8
32111,0,6
32112,5,4
32113,9,6
32114,1,3
32115,3,3
32116,6,8
32117,2,7
32118,9,6
32119,0,6
32120,2,7
32121,2,9
32122,2,7
32123,2,9
32124,5,4
32125,5,4
32126,5,4
32127,3,8
32128,2,9
32129,1,1
32130,8,0
32131,7,0
32132,4,5
32133,3,1
32134,4,5
32135,3,2
32136,4,5
32137,3,3
32138,2,1
32139,5,4
32140,0,6
32141,0,5
32142,1,2
32143,0,6
32144,8,0
32145,2,7
32146,3,2
32147,6,8
32148,9,2
32149,2,9
32150,5,7
32151,7,0
32152,2,9
32153,0,1
32154,4,5
32155,3,2
32156,4,5
32157,3,3
32158,5,1
32159,2,7
32160,8,0
32161,6,8
32162,8,0
32163,2,9
32164,5,4
32165,7,0
32166,4,8
32167,0,1
32168,4,5
32169,3,2
32170,3,2
32171,3,3
32172,5,4
32173,0,7
32174,2,7
32175,6,8
32176,4,3
32177,2,9
32178,5,4
32179,2,1
32180,9,6
32181,3,8
32182,5,4
32183,0,6
32184,7,0
32185,2,7
32186,5,4
32187,3,1
32188,5,4
32189,3,1
32190,5,7
32191,5,4
32192,4,3
32193,3,3
32194,4,3
32195,2,7
32196,5,9
32197,2,7
32198,4,5
32199,6,8
32200,4,5
32201,2,9
32202,5,2
32203,3,3
32204,9,1
32205,0,6
32206,7,8
32207,7,0
32208,2,7
32209,3,3
32210,7,0
32211,0,6
32212,4,2
32213,0,4
32214,8,5
32215,2,7
32216,3,2
32217,0,5
32218,7,8
32219,0,6
32220,2,7
32221,0,0
32222,9,6
32223,3,3
32224,9,1
32225,6,8
32226,5,8
32227,3,3
32228,9,6
32229,3,1
32230,9,6
32231,3,1
32232,5,4
32233,3,5
32234,4,3
32235,2,9
32236,2,7
32237,7,0
32238,5,4
32239,2,9
32240,0,6
32241,0,6
32242,0,6
32243,3,2
32244,1,8
32245,3,1
32246,2,1
32247,2,7
32248,4,5
32249,2,9
32250,9,2
32251,2,9
32252,2,7
32253,3,8
32254,4,5
32255,0,6
32256,2,9
32257,0,6
32258,4,5
32259,6,8
32260,5,9
32261,3,8
32262,5,4
32263,3,2
32264,3,2
32265,0,6
32266,2,7
32267,3,3
32268,8,0
32269,3,2
32270,2,8
32271,2,9
32272,5,4
32273,7,0
32274,8,0
32275,3,3
32276,3,3
32277,3,5
32278,5,4
32279,6,8
32280,9,2
32281,3,3
32282,2,7
32283,0,5
32284,4,3
32285,3,8
32286,5,4
32287,4,5
32288,2,2
32289,2,7
32290,4,5
32291,2,7
32292,1,2
32293,7,0
32294,2,7
32295,1,1
32296,5,1
32297,1,2
32298,0,0
32299,3,3
32300,4,8
32301,5,4
32302,9,6
32303,4,5
32304,5,9
32305,0,6
32306,2,1
32307,2,7
32308,5,4
32309,6,8
32310,2,4
32311,2,9
32312,9,6
32313,7,0
32314,4,3
32315,5,1
32316,5,9
32317,9,2
32318,3,2
32319,1,3
32320,9,6
32321,0,4
32322,4,5
32323,2,5
32324,4,5
32325,0,6
32326,5,1
32327,2,7
32328,5,4
32329,6,8
32330,4,3
32331,2,9
32332,5,1
32333,0,0
32334,9,1
32335,2,1
32336,7,0
32337,3,2
32338,2,1
32339,1,3
32340,5,4
32341,0,4
32342,5,9
32343,3,5
32344,4,5
32345,0,6
32346,2,7
32347,2,7
32348,4,5
32349,6,8
32350,2,9
32351,6,9
32352,6,8
32353,5,1
32354,4,5
32355,5,8
32356,2,9
32357,9,6
32358,5,1
32359,1,7
32360,2,9
32361,3,2
32362,4,5
32363,2,7
32364,2,7
32365,1,1
32366,2,9
32367,1,1
32368,5,9
32369,9,4
32370,9,6
32371,3,3
32372,3,5
32373,2,7
32374,2,9
32375,6,8
32376,4,3
32377,2,9
32378,5,1
32379,3,3
32380,5,9
32381,0,6
32382,9,2
32383,7,0
32384,5,4
32385,1,3
32386,4,5
32387,0,4
32388,7,0
32389,6,8
32390,4,8
32391,5,4
32392,9,1
32393,3,5
32394,4,5
32395,2,7
32396,8,9
32397,4,5
32398,4,3
32399,0,0
32400,3,8
32401,3,3
32402,9,6
32403,2,9
32404,1,8
32405,3,2
32406,5,1
32407,6,8
32408,3,2
32409,4,3
32410,2,9
32411,5,1
32412,5,4
32413,3,1
32414,4,3
32415,3,5
32416,2,7
32417,6,9
32418,3,2
32419,2,4
32420,1,3
32421,3,3
32422,3,3
32423,7,0
32424,9,2
32425,0,4
32426,2,8
32427,0,0
32428,2,7
32429,2,9
32430,4,2
32431,0,6
32432,2,7
32433,2,9
32434,4,3
32435,3,2
32436,9,6
32437,3,2
32438,3,2
32439,3,1
32440,2,1
32441,2,7
32442,5,4
32443,6,9
32444,4,3
32445,3,5
32446,2,1
32447,3,1
32448,5,4
32449,3,1
32450,2,2
32451,6,9
32452,4,8
32453,0,8
32454,7,0
32455,0,6
32456,5,8
32457,2,9
32458,5,4
32459,0,0
32460,2,7
32461,3,0
32462,2,1
32463,7,0
32464,9,6
32465,5,1
32466,5,4
32467,6,8
32468,4,8
32469,2,4
32470,2,7
32471,6,8
32472,2,1
32473,3,8
32474,2,1
32475,0,2
32476,1,3
32477,0,6
32478,5,8
32479,1,3
32480,4,8
32481,9,2
32482,1,1
32483,2,9
32484,3,3
32485,9,2
32486,5,1
32487,5,4
32488,4,5
32489,7,0
32490,4,3
32491,2,9
32492,4,5
32493,7,0
32494,8,0
32495,3,3
32496,2,1
32497,1,7
32498,5,4
32499,0,4
32500,9,6
32501,4,5
32502,5,8
32503,6,8
32504,5,9
32505,1,3
32506,4,5
32507,2,5
32508,3,2
32509,6,8
32510,9,2
32511,2,5
32512,5,4
32513,0,4
32514,8,0
32515,2,7
32516,4,8
32517,0,6
32518,5,4
32519,2,5
32520,8,0
32521,9,2
32522,0,6
32523,3,2
32524,5,4
32525,3,2
32526,8,0
32527,2,7
32528,5,1
32529,2,7
32530,2,1
32531,0,0
32532,2,9
32533,3,5
32534,5,1
32535,3,1
32536,9,1
32537,3,5
32538,2,7
32539,3,3
32540,5,1
32541,8,0
32542,2,7
32543,9,1
32544,4,8
32545,3,2
32546,0,6
32547,4,5
32548,4,5
32549,9,6
32550,8,0
32551,2,7
32552,5,9
32553,4,8
32554,5,1
32555,8,9
32556,5,4
32557,7,0
32558,5,4
32559,2,1
32560,5,4
32561,3,2
32562,5,1
32563,3,3
32564,7,0
32565,5,4
32566,4,5
32567,4,5
32568,3,0
32569,9,6
32570,4,5
32571,2,7
32572,0,6
32573,7,8
32574,8,0
32575,7,0
32576,0,6
32577,9,1
32578,5,4
32579,3,2
32580,2,7
32581,3,3
32582,4,5
32583,5,4
32584,2,7
32585,4,5
32586,4,3
32587,9,6
32588,4,3
32589,2,7
32590,3,2
32591,6,8
32592,9,6
32593,2,9
32594,2,9
32595,3,2
32596,4,8
32597,2,1
32598,4,5
32599,2,7
32600,4,5
32601,3,2
32602,5,4
32603,4,5
32604,2,7
32605,7,0
32606,3,2
32607,6,8
32608,2,7
32609,7,0
32610,3,3
32611,9,2
32612,2,1
32613,2,7
32614,4,5
32615,3,8
32616,4,5
32617,3,8
32618,2,9
32619,4,3
32620,2,7
32621,7,0
32622,4,8
32623,9,6
32624,9,6
32625,8,0
32626,2,7
32627,3,2
32628,5,4
32629,2,7
32630,3,2
32631,9,6
32632,5,1
32633,9,6
32634,8,2
32635,5,1
32636,7,8
32637,3,2
32638,4,8
32639,6,8
32640,4,2
32641,6,8
32642,4,3
32643,2,7
32644,1,3
32645,2,7
32646,4,5
32647,5,4
32648,2,9
32649,2,7
32650,3,2
32651,2,7
32652,4,3
32653,3,3
32654,9,2
32655,2,7
32656,4,3
32657,5,4
32658,0,6
32659,4,5
32660,5,1
32661,5,4
32662,2,7
32663,4,3
32664,4,3
32665,4,3
32666,8,0
32667,7,8
32668,3,9
32669,5,4
32670,0,6
32671,4,5
32672,2,9
32673,5,4
32674,4,5
32675,9,1
32676,5,9
32677,2,1
32678,3,2
32679,8,9
32680,4,3
32681,2,7
32682,8,0
32683,5,4
32684,4,5
32685,4,3
32686,4,5
32687,2,7
32688,4,3
32689,4,3
32690,7,0
32691,4,3
32692,9,6
32693,8,0
32694,9,6
32695,3,2
32696,9,6
32697,4,5
32698,4,5
32699,4,5
32700,2,7
32701,9,6
32702,4,5
32703,4,3
32704,9,1
32705,2,1
32706,5,9
32707,4,5
32708,8,0
32709,3,2
32710,9,1
32711,4,5
32712,9,8
32713,2,9
32714,2,9
32715,2,9
32716,2,7
32717,7,8
32718,2,1
32719,5,4
32720,4,5
32721,9,1
32722,2,8
32723,8,0
32724,0,5
32725,9,6
32726,8,2
32727,8,0
32728,2,7
32729,5,9
32730,4,3
32731,9,6
32732,5,9
32733,3,8
32734,9,6
32735,3,8
32736,9,6
32737,4,5
32738,2,7
32739,9,6
32740,2,7
32741,2,1
32742,1,8
32743,2,1
32744,1,2
32745,5,9
32746,8,0
32747,2,8
32748,4,5
32749,5,9
32750,4,5
32751,3,2
32752,9,6
32753,3,3
32754,9,6
32755,4,5
32756,2,1
32757,4,5
32758,4,5
32759,5,9
32760,4,8
32761,5,4
32762,5,4
32763,3,2
32764,4,3
32765,2,1
32766,9,8
32767,2,9
32768,1,2
32769,5,4
32770,4,8
32771,5,9
32772,5,4
32773,5,1
32774,4,8
32775,4,3
32776,3,4
32777,5,9
32778,7,0
32779,3,2
32780,3,2
32781,7,0
32782,0,6
32783,9,6
32784,4,8
32785,8,0
32786,4,3
32787,5,4
32788,4,5
32789,7,0
32790,4,3
32791,9,6
32792,3,2
32793,8,0
32794,3,3
32795,1,1
32796,4,8
32797,3,2
32798,5,4
32799,4,3
32800,7,0
32801,5,4
32802,5,4
32803,9,6
32804,4,3
32805,4,8
32806,4,8
32807,9,1
32808,5,1
32809,3,2
32810,8,0
32811,4,3
32812,2,7
32813,5,4
32814,9,1
32815,4,5
32816,2,9
32817,9,6
32818,9,2
32819,2,7
32820,2,7
32821,5,9
32822,4,5
32823,2,1
32824,5,1
32825,3,2
32826,9,6
32827,4,3
32828,4,5
32829,5,4
32830,5,4
32831,4,5
32832,5,4
32833,9,6
32834,8,0
32835,2,7
32836,3,2
32837,4,8
32838,5,4
32839,9,6
32840,4,5
32841,0,6
32842,5,1
32843,8,0
32844,2,7
32845,4,2
32846,8,0
32847,4,3
32848,2,9
32849,2,7
32850,4,3
32851,5,4
32852,5,1
32853,2,7
32854,3,2
32855,2,1
32856,2,2
32857,5,9
32858,8,0
32859,2,1
32860,2,9
32861,2,7
32862,5,4
32863,2,1
32864,4,8
32865,5,4
32866,9,6
32867,8,0
32868,9,6
32869,7,0
32870,4,5
32871,2,1
32872,4,2
32873,2,7
32874,4,8
32875,4,5
32876,9,6
32877,2,7
32878,5,9
32879,5,1
32880,9,0
32881,3,3
32882,5,9
32883,3,3
32884,5,8
32885,4,3
32886,9,1
32887,5,1
32888,2,7
32889,0,6
32890,4,1
32891,5,9
32892,2,1
32893,2,7
32894,0,6
32895,5,4
32896,2,7
32897,1,3
32898,5,9
32899,8,0
32900,1,3
32901,3,2
32902,4,5
32903,9,6
32904,2,9
32905,7,0
32906,5,7
32907,4,8
32908,4,9
32909,2,9
32910,5,9
32911,5,4
32912,9,6
32913,4,3
32914,9,1
32915,4,5
32916,2,9
32917,5,4
32918,3,2
32919,4,8
32920,2,7
32921,9,1
32922,9,6
32923,4,5
32924,2,7
32925,7,0
32926,2,8
32927,9,6
32928,1,2
32929,9,6
32930,5,9
32931,3,3
32932,0,6
32933,4,3
32934,1,2
32935,4,8
32936,4,8
32937,9,1
32938,9,6
32939,5,4
32940,1,3
32941,2,7
32942,9,6
32943,4,5
32944,4,3
32945,2,7
32946,8,0
32947,1,2
32948,5,8
32949,1,2
32950,8,0
32951,8,0
32952,7,0
32953,7,0
32954,4,5
32955,2,7
32956,2,7
32957,2,7
32958,2,1
32959,5,9
32960,4,3
32961,4,5
32962,4,8
32963,5,9
32964,4,3
32965,4,8
32966,7,0
32967,5,9
32968,4,8
32969,0,6
32970,2,9
32971,4,8
32972,5,9
32973,4,2
32974,5,1
32975,4,3
32976,5,4
32977,9,6
32978,9,6
32979,2,1
32980,2,7
32981,9,2
32982,4,8
32983,5,9
32984,4,3
32985,4,2
32986,5,1
32987,4,5
32988,2,7
32989,3,2
32990,4,3
32991,4,2
32992,4,5
32993,5,4
32994,9,6
32995,4,8
32996,4,5
32997,5,4
32998,1,2
32999,9,6
33000,4,3
33001,4,5
33002,1,3
33003,7,0
33004,4,3
33005,9,1
33006,9,6
33007,3,2
33008,9,2
33009,3,3
33010,9,6
33011,5,4
33012,9,1
33013,3,5
33014,2,9
33015,0,6
33016,3,2
33017,2,7
33018,3,8
33019,6,8
33020,8,0
33021,2,9
33022,4,3
33023,7,0
33024,5,1
33025,3,1
33026,4,8
33027,0,2
33028,4,3
33029,3,3
33030,9,6
33031,5,4
33032,9,6
33033,0,5
33034,9,6
33035,0,6
33036,4,8
33037,6,7
33038,3,8
33039,6,8
33040,9,6
33041,2,9
33042,7,0
33043,0,0
33044,4,5
33045,3,1
33046,4,5
33047,3,2
33048,5,1
33049,3,3
33050,5,7
33051,5,4
33052,2,9
33053,0,5
33054,4,3
33055,0,6
33056,0,6
33057,6,7
33058,7,6
33059,6,8
33060,1,2
33061,2,9
33062,5,7
33063,0,6
33064,5,4
33065,1,2
33066,8,0
33067,2,7
33068,1,2
33069,3,1
33070,5,4
33071,3,5
33072,4,8
33073,0,6
33074,4,8
33075,3,2
33076,9,6
33077,2,5
33078,8,0
33079,7,0
33080,4,3
33081,0,5
33082,2,7
33083,5,4
33084,9,1
33085,3,2
33086,5,1
33087,7,0
33088,1,2
33089,6,8
33090,9,2
33091,1,1
33092,9,1
33093,2,7
33094,1,2
33095,3,1
33096,3,2
33097,6,8
33098,2,9
33099,3,3
33100,0,6
33101,6,8
33102,9,6
33103,2,7
33104,2,7
33105,5,1
33106,5,4
33107,2,7
33108,5,1
33109,2,7
33110,1,1
33111,7,0
33112,8,0
33113,9,1
33114,4,3
33115,5,4
33116,0,6
33117,5,4
33118,8,0
33119,5,4
33120,1,2
33121,3,5
33122,5,1
33123,2,7
33124,2,1
33125,5,4
33126,5,9
33127,5,4
33128,2,7
33129,2,9
33130,4,9
33131,2,7
33132,4,3
33133,3,2
33134,2,7
33135,0,6
33136,7,0
33137,0,5
33138,4,5
33139,3,3
33140,2,1
33141,2,9
33142,8,0
33143,5,4
33144,5,9
33145,3,3
33146,4,3
33147,2,9
33148,8,0
33149,7,0
33150,4,8
33151,3,8
33152,4,8
33153,2,7
33154,9,6
33155,2,9
33156,2,9
33157,7,0
33158,9,2
33159,0,6
33160,9,2
33161,3,3
33162,9,8
33163,7,0
33164,2,7
33165,5,4
33166,5,1
33167,0,6
33168,3,2
33169,3,3
33170,2,7
33171,2,7
33172,8,0
33173,7,0
33174,5,9
33175,1,1
33176,5,1
33177,5,4
33178,9,6
33179,6,8
33180,9,2
33181,3,8
33182,2,9
33183,2,1
33184,7,2
33185,3,2
33186,4,3
33187,2,9
33188,5,1
33189,3,3
33190,2,1
33191,1,1
33192,7,0
33193,6,8
33194,4,3
33195,5,4
33196,2,7
33197,9,2
33198,4,8
33199,5,9
33200,4,5
33201,6,8
33202,4,8
33203,9,2
33204,5,4
33205,4,8
33206,4,5
33207,0,6
33208,3,3
33209,0,6
33210,3,2
33211,2,9
33212,5,9
33213,3,2
33214,8,0
33215,2,9
33216,4,5
33217,0,6
33218,5,4
33219,7,0
33220,4,5
33221,2,5
33222,4,5
33223,3,3
33224,4,1
33225,3,3
33226,4,9
33227,0,6
33228,8,0
33229,3,3
33230,8,0
33231,9,1
33232,2,9
33233,3,2
33234,2,7
33235,0,5
33236,5,9
33237,7,0
33238,7,0
33239,3,3
33240,4,3
33241,2,7
33242,4,6
33243,0,1
33244,7,0
33245,3,5
33246,5,9
33247,0,5
33248,5,4
33249,2,9
33250,1,2
33251,6,8
33252,8,9
33253,0,0
33254,0,0
33255,2,9
33256,2,9
33257,7,0
33258,9,6
33259,1,1
33260,4,5
33261,2,2
33262,5,4
33263,4,3
33264,9,6
33265,5,4
33266,5,1
33267,4,5
33268,5,1
33269,9,6
33270,5,8
33271,2,7
33272,9,6
33273,6,8
33274,9,2
33275,2,9
33276,4,3
33277,7,0
33278,4,8
33279,3,1
33280,2,7
33281,3,2
33282,5,4
33283,4,3
33284,2,7
33285,5,4
33286,2,9
33287,2,7
33288,4,5
33289,3,8
33290,9,2
33291,2,9
33292,7,0
33293,7,0
33294,4,5
33295,3,1
33296,3,2
33297,3,2
33298,2,1
33299,4,3
33300,2,9
33301,5,4
33302,8,0
33303,4,5
33304,2,7
33305,0,6
33306,0,4
33307,2,7
33308,2,9
33309,3,8
33310,2,1
33311,2,9
33312,5,4
33313,2,9
33314,9,6
33315,2,7
33316,3,3
33317,5,4
33318,9,6
33319,9,1
33320,5,4
33321,4,5
33322,5,4
33323,6,8
33324,4,5
33325,6,8
33326,5,1
33327,7,0
33328,8,6
33329,2,9
33330,7,0
33331,3,3
33332,9,1
33333,3,2
33334,3,2
33335,2,7
33336,5,9
33337,6,8
33338,4,8
33339,3,1
33340,4,5
33341,0,6
33342,3,2
33343,5,1
33344,1,3
33345,7,0
33346,5,4
33347,2,4
33348,2,7
33349,9,5
33350,8,0
33351,3,3
33352,4,5
33353,2,9
33354,9,1
33355,5,4
33356,2,7
33357,3,3
33358,5,9
33359,5,4
33360,2,9
33361,3,2
33362,6,7
33363,7,0
33364,5,2
33365,9,5
33366,5,9
33367,7,0
33368,5,1
33369,3,1
33370,9,1
33371,4,3
33372,5,9
33373,3,2
33374,4,1
33375,2,9
33376,4,5
33377,5,1
33378,3,0
33379,0,6
33380,2,9
33381,7,0
33382,4,8
33383,0,1
33384,2,7
33385,5,1
33386,4,8
33387,6,8
33388,6,8
33389,7,0
33390,8,0
33391,0,4
33392,8,0
33393,2,7
33394,2,1
33395,6,7
33396,2,1
33397,0,6
33398,5,1
33399,3,3
33400,4,3
33401,9,6
33402,5,9
33403,7,0
33404,4,5
33405,2,7
33406,2,7
33407,4,3
33408,2,7
33409,4,5
33410,0,6
33411,5,4
33412,3,3
33413,3,2
33414,3,2
33415,5,4
33416,2,1
33417,5,1
33418,2,1
33419,7,8
33420,4,5
33421,3,3
33422,3,9
33423,2,7
33424,4,8
33425,3,1
33426,5,4
33427,7,0
33428,5,1
33429,0,6
33430,2,7
33431,2,7
33432,4,3
33433,5,1
33434,9,6
33435,3,2
33436,9,6
33437,4,5
33438,1,2
33439,6,8
33440,5,1
33441,2,1
33442,8,0
33443,2,9
33444,4,3
33445,4,3
33446,5,1
33447,2,8
33448,4,5
33449,3,2
33450,9,6
33451,6,8
33452,4,8
33453,4,8
33454,0,6
33455,2,7
33456,5,1
33457,3,1
33458,2,1
33459,2,7
33460,4,8
33461,2,9
33462,5,1
33463,3,2
33464,8,0
33465,7,0
33466,2,7
33467,9,1
33468,4,3
33469,1,2
33470,2,7
33471,4,3
33472,5,9
33473,5,4
33474,9,6
33475,4,5
33476,7,8
33477,9,6
33478,5,4
33479,2,7
33480,5,1
33481,4,8
33482,7,0
33483,2,9
33484,0,6
33485,7,0
33486,9,6
33487,5,1
33488,9,2
33489,3,2
33490,4,8
33491,4,3
33492,8,0
33493,5,4
33494,4,5
33495,4,5
33496,8,0
33497,0,6
33498,5,1
33499,2,7
33500,4,3
33501,7,0
33502,4,5
33503,4,1
33504,5,7
33505,8,2
33506,5,4
33507,4,3
33508,2,1
33509,5,4
33510,4,3
33511,4,5
33512,8,0
33513,0,6
33514,4,8
33515,2,7
33516,2,1
33517,4,8
33518,9,6
33519,4,8
33520,9,6
33521,2,7
33522,8,0
33523,5,4
33524,2,7
33525,2,7
33526,4,2
33527,2,7
33528,4,5
33529,4,3
33530,2,7
33531,2,9
33532,4,3
33533,4,8
33534,8,0
33535,9,1
33536,8,0
33537,0,5
33538,8,0
33539,4,8
33540,3,2
33541,7,2
33542,0,6
33543,2,7
33544,5,9
33545,5,4
33546,4,8
33547,1,2
33548,9,6
33549,9,6
33550,9,6
33551,5,4
33552,2,4
33553,4,5
33554,5,4
33555,4,5
33556,2,1
33557,3,8
33558,2,1
33559,0,6
33560,9,6
33561,5,4
33562,4,5
33563,5,4
33564,9,6
33565,5,4
33566,4,3
33567,2,1
33568,3,3
33569,4,8
33570,2,8
33571,2,7
33572,4,6
33573,4,5
33574,5,4
33575,4,5
33576,4,9
33577,2,1
33578,8,0
33579,3,8
33580,2,1
33581,2,9
33582,2,7
33583,3,3
33584,9,6
33585,0,6
33586,2,1
33587,3,3
33588,9,6
33589,4,3
33590,1,3
33591,7,2
33592,5,9
33593,7,2
33594,4,3
33595,0,6
33596,4,1
33597,2,9
33598,4,5
33599,2,9
33600,5,1
33601,9,6
33602,4,5
33603,4,5
33604,0,6
33605,0,5
33606,5,9
33607,4,3
33608,8,0
33609,3,3
33610,8,9
33611,3,8
33612,2,7
33613,2,1
33614,5,4
33615,0,6
33616,2,7
33617,4,5
33618,2,7
33619,0,6
33620,9,2
33621,4,8
33622,4,5
33623,4,1
33624,1,3
33625,2,9
33626,9,4
33627,2,7
33628,2,1
33629,9,6
33630,5,4
33631,4,8
33632,4,5
33633,4,3
33634,5,1
33635,2,7
33636,5,8
33637,5,4
33638,5,4
33639,2,7
33640,7,0
33641,7,0
33642,5,9
33643,2,9
33644,9,2
33645,8,0
33646,5,1
33647,7,0
33648,5,1
33649,4,3
33650,5,4
33651,2,7
33652,5,1
33653,2,9
33654,2,1
33655,4,3
33656,2,7
33657,7,0
33658,2,1
33659,1,2
33660,2,7
33661,8,0
33662,4,2
33663,5,1
33664,1,8
33665,8,0
33666,3,2
33667,4,1
33668,4,8
33669,8,0
33670,8,0
33671,5,4
33672,3,2
33673,7,0
33674,4,5
33675,4,1
33676,2,7
33677,8,0
33678,2,8
33679,5,4
33680,3,2
33681,2,7
33682,2,9
33683,5,9
33684,5,1
33685,7,2
33686,1,2
33687,8,0
33688,3,2
33689,9,6
33690,4,5
33691,3,2
33692,9,6
33693,0,6
33694,4,3
33695,3,2
33696,2,9
33697,7,2
33698,1,2
33699,2,9
33700,4,5
33701,2,9
33702,5,4
33703,7,0
33704,9,6
33705,5,1
33706,2,1
33707,1,2
33708,5,4
33709,1,3
33710,1,7
33711,5,4
33712,5,9
33713,4,5
33714,5,4
33715,0,6
33716,3,2
33717,2,7
33718,5,4
33719,6,8
33720,5,4
33721,2,9
33722,3,3
33723,7,0
33724,0,6
33725,5,1
33726,5,4
33727,1,2
33728,9,6
33729,4,3
33730,9,6
33731,5,4
33732,8,0
33733,4,5
33734,4,5
33735,9,6
33736,2,7
33737,2,7
33738,4,9
33739,7,0
33740,5,4
33741,1,1
33742,9,6
33743,3,2
33744,5,9
33745,1,3
33746,2,9
33747,5,4
33748,4,5
33749,4,5
33750,9,1
33751,0,6
33752,5,1
33753,2,7
33754,1,3
33755,6,8
33756,5,9
33757,2,9
33758,4,3
33759,2,7
33760,4,3
33761,5,4
33762,2,9
33763,1,3
33764,2,9
33765,1,8
33766,3,8
33767,4,5
33768,2,9
33769,5,1
33770,4,8
33771,4,8
33772,4,3
33773,4,5
33774,2,1
33775,1,2
33776,7,0
33777,5,8
33778,4,8
33779,9,6
33780,3,8
33781,5,1
33782,9,6
33783,2,9
33784,5,9
33785,1,2
33786,4,3
33787,5,4
33788,2,7
33789,0,0
33790,9,6
33791,5,9
33792,5,4
33793,2,9
33794,9,6
33795,1,3
33796,2,7
33797,2,7
33798,2,7
33799,5,1
33800,2,1
33801,5,8
33802,5,8
33803,5,4
33804,3,2
33805,5,4
33806,2,9
33807,1,2
33808,4,5
33809,2,7
33810,4,8
33811,4,5
33812,9,6
33813,1,8
33814,9,6
33815,4,5
33816,5,4
33817,1,3
33818,4,3
33819,1,2
33820,4,8
33821,3,2
33822,2,9
33823,7,0
33824,5,4
33825,4,5
33826,5,1
33827,6,8
33828,4,3
33829,0,6
33830,2,7
33831,7,0
33832,3,2
33833,5,4
33834,2,7
33835,8,0
33836,2,7
33837,1,3
33838,5,7
33839,2,8
33840,1,3
33841,5,1
33842,5,1
33843,0,0
33844,8,0
33845,1,3
33846,5,4
33847,8,0
33848,8,0
33849,5,4
33850,1,1
33851,2,7
33852,5,4
33853,5,4
33854,4,3
33855,5,9
33856,1,1
33857,1,2
33858,4,5
33859,5,9
33860,5,9
33861,2,1
33862,5,9
33863,3,2
33864,7,0
33865,9,1
33866,4,5
33867,2,7
33868,5,1
33869,5,1
33870,2,7
33871,9,6
33872,5,4
33873,2,7
33874,8,0
33875,1,3
33876,4,5
33877,1,3
33878,1,2
33879,9,6
33880,4,3
33881,1,2
33882,5,4
33883,1,8
33884,5,4
33885,2,7
33886,9,6
33887,9,6
33888,5,4
33889,5,4
33890,8,8
33891,2,9
33892,4,5
33893,2,8
33894,5,4
33895,3,8
33896,4,3
33897,1,2
33898,4,8
33899,2,9
33900,5,4
33901,0,6
33902,5,1
33903,4,5
33904,7,0
33905,4,5
33906,9,2
33907,2,9
33908,4,3
33909,4,5
33910,9,6
33911,1,3
33912,2,7
33913,2,7
33914,8,0
33915,5,4
33916,9,6
33917,4,3
33918,5,1
33919,9,6
33920,2,7
33921,7,0
33922,5,4
33923,8,0
33924,2,1
33925,5,4
33926,5,4
33927,9,6
33928,4,5
33929,0,6
33930,3,2
33931,5,9
33932,5,4
33933,0,0
33934,9,6
33935,5,1
33936,2,1
33937,5,1
33938,9,2
33939,1,3
33940,8,0
33941,3,2
33942,2,1
33943,5,1
33944,5,9
33945,8,0
33946,4,8
33947,7,0
33948,2,9
33949,9,1
33950,2,7
33951,3,2
33952,5,4
33953,3,3
33954,4,5
33955,5,4
33956,9,8
33957,2,7
33958,5,4
33959,2,8
33960,9,6
33961,2,9
33962,4,3
33963,7,0
33964,2,7
33965,9,1
33966,3,3
33967,7,2
33968,2,5
33969,3,3
33970,4,3
33971,5,4
33972,4,5
33973,4,5
33974,2,9
33975,0,6
33976,5,9
33977,2,7
33978,8,0
33979,6,8
33980,9,6
33981,2,9
33982,9,2
33983,7,0
33984,9,6
33985,5,1
33986,4,3
33987,3,2
33988,2,7
33989,4,3
33990,5,9
33991,5,4
33992,2,1
33993,4,5
33994,5,4
33995,2,7
33996,2,7
33997,6,8
33998,2,1
33999,2,9
34000,5,4
34001,5,8
34002,2,5
34003,0,6
34004,2,1
34005,4,5
34006,1,3
34007,7,0
34008,2,1
34009,0,6
34010,1,1
34011,6,8
34012,8,6
34013,2,9
34014,7,0
34015,5,4
34016,8,0
34017,5,1
34018,3,3
34019,2,9
34020,4,8
34021,4,5
34022,5,4
34023,3,3
34024,0,6
34025,8,0
34026,4,3
34027,5,4
34028,5,4
34029,6,8
34030,3,8
34031,2,9
34032,2,7
34033,2,1
34034,4,8
34035,5,4
34036,8,0
34037,7,0
34038,2,1
34039,4,5
34040,4,8
34041,3,5
34042,7,8
34043,5,4
34044,5,9
34045,7,0
34046,9,6
34047,2,7
34048,3,3
34049,0,6
34050,1,5
34051,7,0
34052,5,9
34053,3,1
34054,7,0
34055,2,7
34056,3,2
34057,7,0
34058,4,3
34059,0,6
34060,0,6
34061,3,8
34062,1,2
34063,2,9
34064,7,0
34065,4,5
34066,2,9
34067,5,4
34068,4,8
34069,2,7
34070,7,0
34071,0,6
34072,2,9
34073,7,0
34074,5,1
34075,6,8
34076,1,3
34077,3,1
34078,4,2
34079,2,7
34080,2,1
34081,2,7
34082,4,5
34083,3,1
34084,7,0
34085,3,3
34086,8,0
34087,3,2
34088,2,7
34089,3,3
34090,2,9
34091,0,1
34092,4,3
34093,0,4
34094,2,7
34095,3,2
34096,5,1
34097,0,0
34098,4,8
34099,0,0
34100,9,6
34101,5,4
34102,5,4
34103,2,9
34104,2,9
34105,3,3
34106,9,6
34107,6,8
34108,4,8
34109,5,4
34110,2,7
34111,2,7
34112,4,5
34113,7,2
34114,4,5
34115,4,5
34116,3,2
34117,0,6
34118,2,7
34119,3,3
34120,4,3
34121,0,6
34122,3,5
34123,2,9
34124,9,6
34125,0,6
34126,2,9
34127,3,3
34128,4,5
34129,3,2
34130,5,4
34131,3,2
34132,2,7
34133,5,4
34134,1,2
34135,0,6
34136,3,2
34137,4,5
34138,5,4
34139,4,5
34140,4,3
34141,1,1
34142,2,7
34143,3,3
34144,5,4
34145,4,3
34146,5,4
34147,2,9
34148,4,5
34149,2,7
34150,4,8
34151,6,8
34152,8,0
34153,2,7
34154,4,8
34155,3,2
34156,5,1
34157,3,2
34158,9,1
34159,4,5
34160,2,7
34161,2,7
34162,2,1
34163,2,9
34164,5,1
34165,6,8
34166,5,1
34167,3,2
34168,5,1
34169,0,1
34170,4,3
34171,3,3
34172,8,0
34173,3,1
34174,0,6
34175,3,3
34176,5,9
34177,7,0
34178,2,7
34179,2,1
34180,1,3
34181,9,2
34182,3,2
34183,4,3
34184,5,9
34185,5,4
34186,9,6
34187,4,5
34188,1,3
34189,9,6
34190,4,3
34191,2,7
34192,5,4
34193,5,8
34194,5,8
34195,5,9
34196,5,9
34197,8,0
34198,0,6
34199,5,1
34200,2,7
34201,1,2
34202,3,2
34203,4,3
34204,2,3
34205,5,4
34206,2,1
34207,2,7
34208,1,3
34209,5,8
34210,5,4
34211,2,9
34212,4,8
34213,8,0
34214,7,2
34215,2,1
34216,5,4
34217,3,2
34218,3,2
34219,4,3
34220,9,6
34221,5,4
34222,9,1
34223,2,7
34224,5,9
34225,6,8
34226,3,2
34227,2,9
34228,3,2
34229,2,7
34230,2,7
34231,2,7
34232,2,7
34233,2,7
34234,5,4
34235,4,3
34236,4,8
34237,8,0
34238,7,0
34239,4,3
34240,5,4
34241,2,1
34242,4,5
34243,5,8
34244,8,0
34245,2,7
34246,8,0
34247,9,6
34248,2,9
34249,5,4
34250,3,2
34251,8,0
34252,9,2
34253,3,2
34254,2,9
34255,9,6
34256,3,2
34257,4,8
34258,5,9
34259,4,3
34260,9,6
34261,2,1
34262,8,0
34263,2,1
34264,5,1
34265,2,7
34266,5,4
34267,2,7
34268,4,3
34269,2,1
34270,4,5
34271,9,6
34272,2,1
34273,8,0
34274,4,5
34275,5,4
34276,2,5
34277,9,6
34278,2,7
34279,5,4
34280,2,9
34281,5,4
34282,2,1
34283,8,0
34284,0,6
34285,9,6
34286,5,8
34287,9,2
34288,4,5
34289,4,3
34290,5,4
34291,2,1
34292,5,9
34293,4,3
34294,5,4
34295,9,6
34296,7,0
34297,4,8
34298,2,7
34299,4,5
34300,5,9
34301,5,9
34302,8,0
34303,5,4
34304,4,8
34305,8,0
34306,2,9
34307,2,7
34308,3,2
34309,0,5
34310,7,2
34311,6,8
34312,4,8
34313,4,8
34314,8,7
34315,4,3
34316,3,3
34317,2,7
34318,4,3
34319,4,8
34320,5,8
34321,5,9
34322,4,8
34323,9,2
34324,9,6
34325,4,5
34326,9,2
34327,4,3
34328,3,8
34329,5,1
34330,2,9
34331,2,7
34332,8,9
34333,4,3
34334,2,1
34335,5,9
34336,9,6
34337,5,1
34338,5,9
34339,5,9
34340,4,5
34341,5,9
34342,9,6
34343,9,6
34344,2,7
34345,8,0
34346,5,4
34347,5,9
34348,5,4
34349,5,4
34350,9,6
34351,4,3
34352,2,0
34353,2,7
34354,5,4
34355,8,0
34356,8,0
34357,5,4
34358,7,0
34359,2,1
34360,9,6
34361,5,4
34362,4,5
34363,4,3
34364,4,3
34365,0,5
34366,3,3
34367,5,4
34368,4,3
34369,8,0
34370,4,5
34371,1,2
34372,5,8
34373,1,1
34374,0,6
34375,5,8
34376,4,8
34377,5,9
34378,2,7
34379,5,4
34380,0,6
34381,0,0
34382,4,8
34383,2,1
34384,4,3
34385,9,2
34386,2,7
34387,1,3
34388,2,1
34389,5,4
34390,4,3
34391,4,5
34392,8,0
34393,9,6
34394,8,0
34395,2,7
34396,1,3
34397,4,8
34398,2,9
34399,2,9
34400,4,5
34401,7,0
34402,4,1
34403,5,1
34404,5,9
34405,3,2
34406,8,4
34407,3,3
34408,8,2
34409,5,4
34410,6,7
34411,4,5
34412,5,1
34413,9,6
34414,5,8
34415,2,7
34416,7,0
34417,4,8
34418,2,1
34419,2,9
34420,5,9
34421,8,0
34422,4,8
34423,5,1
34424,5,4
34425,6,2
34426,2,1
34427,4,3
34428,5,4
34429,5,4
34430,5,4
34431,4,5
34432,2,2
34433,9,6
34434,2,7
34435,2,7
34436,3,2
34437,4,8
34438,4,5
34439,2,9
34440,8,0
34441,9,2
34442,2,2
34443,9,2
34444,1,2
34445,2,7
34446,2,7
34447,9,6
34448,4,5
34449,5,4
34450,3,2
34451,7,0
34452,8,8
34453,4,5
34454,2,7
34455,4,8
34456,9,6
34457,8,0
34458,5,9
34459,2,7
34460,4,8
34461,3,3
34462,7,2
34463,4,5
34464,5,4
34465,5,4
34466,9,6
34467,9,1
34468,5,4
34469,4,8
34470,2,1
34471,7,0
34472,2,7
34473,4,5
34474,4,5
34475,3,2
34476,5,9
34477,2,7
34478,4,5
34479,9,2
34480,7,0
34481,3,3
34482,2,9
34483,2,1
34484,5,2
34485,2,7
34486,2,0
34487,2,7
34488,9,6
34489,2,9
34490,9,6
34491,2,9
34492,9,6
34493,5,1
34494,1,2
34495,3,2
34496,2,9
34497,5,4
34498,5,4
34499,9,6
34500,3,8
34501,2,7
34502,8,0
34503,2,7
34504,5,9
34505,4,5
34506,2,7
34507,5,4
34508,8,0
34509,9,5
34510,5,8
34511,7,0
34512,5,1
34513,9,1
34514,7,0
34515,9,1
34516,2,7
34517,2,9
34518,2,7
34519,0,0
34520,9,6
34521,3,2
34522,0,6
34523,8,0
34524,3,8
34525,3,3
34526,4,3
34527,4,5
34528,2,7
34529,9,6
34530,5,4
34531,9,1
34532,9,2
34533,4,8
34534,6,8
34535,9,6
34536,4,3
34537,5,4
34538,8,0
34539,0,6
34540,4,8
34541,7,0
34542,2,1
34543,9,6
34544,2,9
34545,5,4
34546,0,6
34547,3,3
34548,4,3
34549,2,9
34550,2,4
34551,4,3
34552,4,3
34553,7,0
34554,4,8
34555,8,0
34556,2,3
34557,4,5
34558,3,2
34559,3,2
34560,6,7
34561,4,5
34562,8,0
34563,6,8
34564,2,7
34565,4,8
34566,9,1
34567,4,8
34568,2,7
34569,2,9
34570,5,4
34571,5,4
34572,5,4
34573,9,2
34574,4,8
34575,5,8
34576,2,7
34577,4,8
34578,9,6
34579,4,5
34580,8,0
34581,3,5
34582,8,0
34583,2,7
34584,4,5
34585,9,1
34586,8,0
34587,3,3
34588,5,1
34589,9,6
34590,5,1
34591,2,9
34592,5,9
34593,5,4
34594,4,8
34595,5,1
34596,5,4
34597,3,3
34598,2,9
34599,2,7
34600,2,7
34601,9,6
34602,4,5
34603,2,9
34604,3,2
34605,3,3
34606,9,2
34607,4,3
34608,8,9
34609,2,7
34610,4,5
34611,5,4
34612,5,1
34613,2,1
34614,1,2
34615,5,9
34616,5,9
34617,9,1
34618,2,7
34619,7,0
34620,9,2
34621,0,6
34622,4,3
34623,3,0
34624,9,6
34625,0,1
34626,4,5
34627,9,2
34628,9,6
34629,3,3
34630,4,3
34631,5,4
34632,1,1
34633,2,7
34634,8,0
34635,6,8
34636,3,2
34637,2,9
34638,5,1
34639,7,0
34640,9,1
34641,9,1
34642,4,3
34643,3,2
34644,4,3
34645,3,3
34646,4,3
34647,2,7
34648,9,6
34649,6,8
34650,4,2
34651,2,9
34652,9,6
34653,7,0
34654,9,6
34655,3,1
34656,7,0
34657,3,2
34658,9,6
34659,3,3
34660,2,3
34661,2,7
34662,7,0
34663,3,8
34664,3,2
34665,2,9
34666,2,7
34667,9,1
34668,2,9
34669,2,8
34670,2,7
34671,0,6
34672,4,3
34673,2,7
34674,4,5
34675,9,2
34676,2,7
34677,2,7
34678,8,8
34679,3,1
34680,3,2
34681,3,1
34682,5,4
34683,5,4
34684,3,3
34685,3,3
34686,9,6
34687,2,7
34688,5,9
34689,2,7
34690,2,7
34691,3,8
34692,4,5
34693,2,9
34694,5,9
34695,3,3
34696,5,8
34697,0,6
34698,9,6
34699,7,0
34700,9,6
34701,3,3
34702,2,7
34703,9,6
34704,2,7
34705,3,1
34706,8,0
34707,1,8
34708,8,0
34709,5,4
34710,4,3
34711,0,5
34712,3,3
34713,3,3
34714,0,0
34715,2,9
34716,4,3
34717,3,2
34718,3,2
34719,6,8
34720,4,5
34721,3,3
34722,4,8
34723,3,1
34724,3,2
34725,3,1
34726,1,2
34727,3,5
34728,1,3
34729,2,9
34730,7,0
34731,7,0
34732,2,7
34733,5,4
34734,3,8
34735,5,4
34736,4,3
34737,7,0
34738,4,8
34739,2,9
34740,4,3
34741,0,6
34742,5,4
34743,2,9
34744,5,4
34745,3,2
34746,9,2
34747,7,2
34748,9,6
34749,3,1
34750,2,4
34751,2,7
34752,5,4
34753,2,9
34754,5,1
34755,0,5
34756,5,4
34757,3,1
34758,4,8
34759,2,1
34760,4,5
34761,2,9
34762,1,1
34763,6,8
34764,5,9
34765,0,6
34766,6,8
34767,0,6
34768,3,2
34769,2,9
34770,5,8
34771,3,0
34772,2,7
34773,7,0
34774,2,7
34775,0,0
34776,9,6
34777,5,1
34778,5,1
34779,6,8
34780,5,4
34781,5,4
34782,2,1
34783,0,6
34784,5,4
34785,6,8
34786,5,9
34787,6,8
34788,4,3
34789,7,2
34790,5,9
34791,0,6
34792,5,1
34793,3,3
34794,6,8
34795,9,2
34796,5,1
34797,2,9
34798,8,0
34799,7,2
34800,9,5
34801,2,9
34802,2,3
34803,0,0
34804,4,8
34805,1,3
34806,4,5
34807,2,7
34808,2,4
34809,5,4
34810,5,4
34811,3,5
34812,9,6
34813,6,8
34814,3,8
34815,3,3
34816,9,6
34817,4,5
34818,5,9
34819,6,8
34820,4,8
34821,9,5
34822,5,9
34823,5,4
34824,2,9
34825,2,7
34826,5,1
34827,0,6
34828,4,3
34829,3,5
34830,5,4
34831,3,2
34832,4,3
34833,7,2
34834,2,9
34835,2,7
34836,9,5
34837,2,7
34838,2,9
34839,7,0
34840,7,6
34841,3,5
34842,5,8
34843,3,5
34844,2,9
34845,3,3
34846,4,3
34847,3,0
34848,1,2
34849,9,1
34850,9,2
34851,3,2
34852,9,1
34853,3,3
34854,8,0
34855,5,4
34856,7,2
34857,0,5
34858,4,5
34859,0,6
34860,9,4
34861,6,7
34862,4,3
34863,6,8
34864,3,2
34865,2,9
34866,1,3
34867,7,0
34868,4,5
34869,3,1
34870,5,8
34871,6,2
34872,2,8
34873,3,3
34874,5,1
34875,5,4
34876,2,9
34877,0,5
34878,5,9
34879,0,6
34880,2,7
34881,2,7
34882,4,5
34883,3,8
34884,5,1
34885,6,9
34886,5,9
34887,7,0
34888,5,5
34889,5,1
34890,2,7
34891,3,2
34892,2,9
34893,4,3
34894,9,6
34895,5,4
34896,9,6
34897,0,6
34898,3,3
34899,2,7
34900,3,8
34901,3,8
34902,7,2
34903,2,9
34904,8,0
34905,0,6
34906,5,3
34907,3,2
34908,6,5
34909,2,7
34910,3,8
34911,9,1
34912,5,8
34913,4,5
34914,2,7
34915,0,6
34916,2,7
34917,3,2
34918,9,6
34919,0,0
34920,9,9
34921,3,8
34922,5,1
34923,9,1
34924,9,6
34925,2,7
34926,2,1
34927,1,1
34928,1,2
34929,6,8
34930,5,9
34931,4,3
34932,4,5
34933,6,8
34934,2,7
34935,2,7
34936,3,2
34937,2,1
34938,2,1
34939,2,7
34940,5,9
34941,2,7
34942,5,9
34943,0,0
34944,1,2
34945,9,1
34946,9,8
34947,5,4
34948,5,4
34949,5,4
34950,5,1
34951,2,7
34952,4,5
34953,5,4
34954,5,9
34955,5,4
34956,9,6
34957,2,9
34958,8,0
34959,2,7
34960,9,6
34961,3,2
34962,5,9
34963,0,6
34964,3,2
34965,0,5
34966,2,8
34967,3,3
34968,4,8
34969,2,9
34970,2,7
34971,5,4
34972,2,7
34973,3,3
34974,4,8
34975,2,9
34976,4,2
34977,0,0
34978,4,8
34979,3,8
34980,5,1
34981,2,7
34982,2,7
34983,2,9
34984,4,5
34985,0,0
34986,4,8
34987,3,3
34988,5,4
34989,0,0
34990,2,1
34991,5,4
34992,5,1
34993,0,6
34994,5,4
34995,3,3
34996,4,5
34997,2,7
34998,2,7
34999,3,0
35000,5,1
35001,9,1
35002,5,9
35003,5,4
35004,5,9
35005,3,8
35006,5,1
35007,3,8
35008,5,1
35009,5,1
35010,4,3
35011,3,2
35012,8,0
35013,2,9
35014,9,2
35015,3,3
35016,2,9
35017,3,8
35018,6,8
35019,2,9
35020,9,2
35021,6,8
35022,2,3
35023,3,2
35024,2,9
35025,3,8
35026,9,6
35027,0,6
35028,7,0
35029,3,5
35030,4,3
35031,3,2
35032,2,7
35033,0,6
35034,0,6
35035,3,2
35036,5,8
35037,0,6
35038,1,8
35039,7,0
35040,4,5
35041,4,5
35042,4,8
35043,4,3
35044,8,8
35045,4,3
35046,4,5
35047,0,6
35048,5,1
35049,4,3
35050,3,0
35051,6,2
35052,1,1
35053,2,7
35054,2,9
35055,0,6
35056,7,0
35057,4,5
35058,4,3
35059,2,9
35060,8,0
35061,3,8
35062,9,5
35063,7,0
35064,0,0
35065,2,9
35066,4,3
35067,7,0
35068,5,9
35069,9,1
35070,2,9
35071,3,2
35072,4,8
35073,3,3
35074,7,0
35075,5,4
35076,9,2
35077,4,5
35078,5,4
35079,0,6
35080,2,9
35081,2,7
35082,4,5
35083,6,8
35084,5,9
35085,2,9
35086,4,3
35087,7,0
35088,4,8
35089,2,1
35090,3,2
35091,3,2
35092,3,2
35093,3,3
35094,2,1
35095,5,4
35096,6,8
35097,3,5
35098,5,4
35099,0,6
35100,4,5
35101,2,7
35102,2,7
35103,6,8
35104,9,2
35105,2,9
35106,3,2
35107,7,0
35108,2,1
35109,2,1
35110,9,2
35111,3,2
35112,9,2
35113,3,3
35114,4,5
35115,5,4
35116,9,1
35117,0,5
35118,2,9
35119,0,6
35120,4,8
35121,2,7
35122,4,3
35123,6,8
35124,4,2
35125,2,9
35126,5,4
35127,5,9
35128,7,2
35129,4,8
35130,2,7
35131,0,6
35132,4,3
35133,3,5
35134,3,2
35135,2,9
35136,5,4
35137,3,2
35138,2,2
35139,3,3
35140,9,6
35141,5,4
35142,5,4
35143,3,3
35144,5,4
35145,4,8
35146,9,6
35147,3,5
35148,8,0
35149,2,1
35150,2,7
35151,3,5
35152,5,4
35153,3,2
35154,0,6
35155,3,3
35156,3,3
35157,7,0
35158,9,6
35159,3,1
35160,2,9
35161,9,2
35162,4,3
35163,9,1
35164,4,5
35165,3,3
35166,5,4
35167,3,2
35168,2,1
35169,0,6
35170,4,3
35171,0,5
35172,4,5
35173,3,3
35174,2,9
35175,0,0
35176,2,7
35177,2,7
35178,5,4
35179,5,4
35180,4,3
35181,0,6
35182,5,9
35183,5,4
35184,9,6
35185,7,0
35186,5,4
35187,0,5
35188,5,9
35189,2,9
35190,4,3
35191,2,9
35192,0,0
35193,6,8
35194,2,9
35195,3,3
35196,2,7
35197,2,1
35198,3,2
35199,2,7
35200,9,6
35201,5,4
35202,4,2
35203,2,7
35204,9,6
35205,4,6
35206,0,6
35207,4,5
35208,4,3
35209,7,0
35210,9,6
35211,0,6
35212,5,1
35213,0,6
35214,4,5
35215,9,2
35216,3,2
35217,7,0
35218,2,9
35219,0,6
35220,3,2
35221,3,3
35222,9,6
35223,2,7
35224,4,5
35225,2,7
35226,4,3
35227,5,4
35228,4,5
35229,5,4
35230,4,8
35231,4,3
35232,5,8
35233,2,9
35234,9,4
35235,3,2
35236,1,1
35237,3,8
35238,0,6
35239,2,9
35240,7,2
35241,0,6
35242,4,8
35243,7,0
35244,9,1
35245,2,9
35246,1,8
35247,0,5
35248,4,3
35249,3,3
35250,3,2
35251,3,8
35252,2,1
35253,4,8
35254,5,4
35255,2,7
35256,5,4
35257,2,1
35258,5,4
35259,5,4
35260,2,7
35261,7,0
35262,8,0
35263,5,4
35264,4,8
35265,3,8
35266,2,1
35267,3,5
35268,4,5
35269,3,2
35270,5,1
35271,4,3
35272,4,3
35273,2,9
35274,4,5
35275,0,0
35276,9,5
35277,2,7
35278,9,1
35279,3,2
35280,9,6
35281,9,1
35282,8,0
35283,2,9
35284,9,6
35285,2,1
35286,9,1
35287,3,5
35288,1,2
35289,9,1
35290,3,2
35291,2,7
35292,2,9
35293,5,4
35294,7,0
35295,3,8
35296,5,9
35297,0,6
35298,3,2
35299,2,1
35300,4,8
35301,3,2
35302,8,0
35303,2,1
35304,5,4
35305,0,6
35306,2,7
35307,3,8
35308,4,8
35309,3,8
35310,4,5
35311,7,0
35312,5,4
35313,5,1
35314,5,4
35315,1,2
35316,2,7
35317,4,3
35318,0,6
35319,5,4
35320,8,0
35321,2,7
35322,9,6
35323,6,8
35324,5,4
35325,2,9
35326,5,5
35327,7,0
35328,2,1
35329,1,1
35330,2,9
35331,7,2
35332,2,9
35333,3,3
35334,2,7
35335,5,4
35336,4,3
35337,2,7
35338,4,8
35339,6,8
35340,9,2
35341,2,9
35342,9,6
35343,7,0
35344,4,2
35345,5,1
35346,4,3
35347,3,2
35348,7,0
35349,1,3
35350,4,5
35351,2,7
35352,5,1
35353,2,8
35354,4,3
35355,2,9
35356,3,2
35357,9,1
35358,8,9
35359,1,1
35360,5,1
35361,2,7
35362,5,4
35363,5,4
35364,8,8
35365,4,8
35366,4,3
35367,5,1
35368,2,9
35369,0,5
35370,2,1
35371,2,7
35372,2,7
35373,6,2
35374,2,9
35375,7,8
35376,4,3
35377,9,6
35378,3,2
35379,3,3
35380,2,9
35381,4,3
35382,2,7
35383,6,8
35384,5,9
35385,0,6
35386,5,1
35387,2,9
35388,4,5
35389,1,1
35390,4,5
35391,2,7
35392,5,4
35393,3,2
35394,4,5
35395,3,1
35396,5,1
35397,3,5
35398,4,8
35399,5,1
35400,7,0
35401,3,3
35402,5,4
35403,3,2
35404,5,1
35405,3,2
35406,4,5
35407,3,3
35408,8,0
35409,7,0
35410,1,2
35411,0,6
35412,5,4
35413,5,4
35414,5,1
35415,3,3
35416,2,7
35417,6,7
35418,5,4
35419,0,6
35420,4,5
35421,2,9
35422,4,3
35423,7,0
35424,7,6
35425,5,4
35426,9,6
35427,9,1
35428,4,8
35429,0,4
35430,5,1
35431,7,0
35432,7,0
35433,0,6
35434,3,3
35435,3,1
35436,2,1
35437,3,2
35438,4,8
35439,0,6
35440,2,9
35441,2,9
35442,5,4
35443,3,2
35444,2,9
35445,3,2
35446,2,7
35447,3,3
35448,5,1
35449,7,0
35450,2,7
35451,2,7
35452,9,6
35453,3,2
35454,3,2
35455,2,9
35456,3,2
35457,3,2
35458,4,3
35459,3,3
35460,5,8
35461,0,4
35462,4,5
35463,7,0
35464,4,9
35465,7,0
35466,4,5
35467,6,8
35468,9,6
35469,2,7
35470,9,6
35471,6,8
35472,5,4
35473,7,0
35474,2,7
35475,2,9
35476,2,7
35477,3,8
35478,7,2
35479,2,9
35480,5,9
35481,0,0
35482,5,4
35483,3,2
35484,5,8
35485,7,0
35486,4,3
35487,9,1
35488,8,0
35489,3,2
35490,5,4
35491,3,3
35492,3,2
35493,5,4
35494,3,2
35495,4,5
35496,9,1
35497,0,6
35498,4,3
35499,2,7
35500,4,5
35501,3,8
35502,7,0
35503,2,9
35504,4,3
35505,7,0
35506,2,9
35507,2,1
35508,5,1
35509,3,2
35510,1,2
35511,3,3
35512,2,7
35513,5,4
35514,9,1
35515,0,5
35516,7,0
35517,0,6
35518,2,7
35519,2,7
35520,4,3
35521,3,8
35522,3,3
35523,2,9
35524,5,9
35525,7,0
35526,4,8
35527,3,1
35528,4,3
35529,3,2
35530,1,3
35531,3,3
35532,5,9
35533,2,4
35534,5,4
35535,3,5
35536,8,0
35537,0,6
35538,4,1
35539,2,7
35540,9,6
35541,3,8
35542,4,3
35543,2,9
35544,2,7
35545,2,5
35546,5,4
35547,6,8
35548,4,3
35549,2,7
35550,4,3
35551,5,4
35552,9,1
35553,2,7
35554,2,1
35555,2,7
35556,5,9
35557,1,3
35558,5,1
35559,6,8
35560,2,7
35561,6,8
35562,1,3
35563,3,3
35564,9,6
35565,3,1
35566,9,6
35567,2,5
35568,4,3
35569,6,8
35570,3,5
35571,7,2
35572,1,2
35573,2,7
35574,4,3
35575,0,6
35576,4,8
35577,6,8
35578,9,6
35579,0,6
35580,2,7
35581,5,4
35582,4,3
35583,2,4
35584,5,4
35585,5,4
35586,2,1
35587,5,1
35588,0,6
35589,6,8
35590,5,4
35591,3,8
35592,5,1
35593,2,9
35594,2,7
35595,1,1
35596,5,1
35597,3,2
35598,5,9
35599,3,2
35600,2,1
35601,0,6
35602,4,5
35603,2,9
35604,4,8
35605,2,9
35606,5,2
35607,0,6
35608,4,5
35609,3,5
35610,4,3
35611,3,5
35612,7,0
35613,3,3
35614,9,6
35615,3,3
35616,5,6
35617,6,8
35618,4,5
35619,6,8
35620,7,0
35621,3,1
35622,4,3
35623,2,9
35624,5,4
35625,2,7
35626,5,4
35627,0,6
35628,9,5
35629,6,8
35630,2,2
35631,3,3
35632,0,0
35633,2,7
35634,7,0
35635,2,4
35636,2,7
35637,2,7
35638,3,2
35639,7,0
35640,4,3
35641,2,9
35642,2,1
35643,3,3
35644,3,2
35645,2,7
35646,7,0
35647,2,9
35648,2,7
35649,3,3
35650,4,5
35651,7,0
35652,4,2
35653,3,2
35654,5,1
35655,7,0
35656,5,4
35657,9,1
35658,3,3
35659,7,0
35660,7,0
35661,9,1
35662,5,4
35663,7,0
35664,9,6
35665,5,4
35666,5,9
35667,7,0
35668,2,7
35669,5,1
35670,3,2
35671,7,0
35672,5,9
35673,5,4
35674,4,5
35675,2,7
35676,2,9
35677,2,9
35678,4,2
35679,3,2
35680,7,0
35681,7,0
35682,9,6
35683,0,6
35684,9,6
35685,3,2
35686,5,4
35687,0,6
35688,4,3
35689,3,2
35690,1,2
35691,3,2
35692,4,3
35693,2,9
35694,4,9
35695,2,9
35696,5,7
35697,7,0
35698,2,1
35699,5,1
35700,7,0
35701,3,2
35702,4,5
35703,4,3
35704,4,8
35705,5,4
35706,4,8
35707,4,5
35708,7,0
35709,9,6
35710,1,1
35711,2,7
35712,8,0
35713,4,8
35714,9,6
35715,2,9
35716,5,4
35717,8,0
35718,9,6
35719,2,1
35720,8,0
35721,9,2
35722,5,1
35723,3,3
35724,2,9
35725,5,4
35726,9,6
35727,4,5
35728,2,7
35729,9,6
35730,4,8
35731,2,7
35732,2,9
35733,4,8
35734,9,6
35735,2,9
35736,9,6
35737,9,1
35738,4,5
35739,7,0
35740,7,0
35741,5,9
35742,8,0
35743,4,5
35744,4,3
35745,2,7
35746,7,0
35747,4,5
35748,5,4
35749,1,1
35750,9,6
35751,4,8
35752,5,4
35753,9,6
35754,2,7
35755,5,9
35756,1,1
35757,8,0
35758,3,2
35759,5,4
35760,2,9
35761,2,1
35762,4,8
35763,5,9
35764,4,8
35765,3,3
35766,4,5
35767,8,8
35768,0,6
35769,5,4
35770,9,2
35771,5,4
35772,4,8
35773,2,7
35774,4,1
35775,8,0
35776,4,8
35777,5,1
35778,8,0
35779,3,2
35780,5,4
35781,2,7
35782,7,0
35783,3,8
35784,4,5
35785,1,2
35786,2,9
35787,4,5
35788,1,8
35789,2,9
35790,2,7
35791,9,6
35792,9,1
35793,7,0
35794,2,3
35795,0,6
35796,1,3
35797,4,5
35798,2,1
35799,4,5
35800,8,0
35801,3,3
35802,9,2
35803,3,3
35804,5,9
35805,3,3
35806,4,3
35807,2,9
35808,9,6
35809,4,8
35810,9,6
35811,1,1
35812,5,9
35813,5,4
35814,4,3
35815,7,0
35816,8,0
35817,0,6
35818,5,4
35819,9,1
35820,2,1
35821,7,0
35822,5,4
35823,7,0
35824,2,9
35825,9,6
35826,5,1
35827,3,2
35828,9,6
35829,2,1
35830,5,4
35831,2,1
35832,3,2
35833,3,3
35834,2,7
35835,3,2
35836,5,9
35837,2,7
35838,4,5
35839,2,7
35840,5,4
35841,4,8
35842,2,7
35843,8,8
35844,9,6
35845,2,7
35846,0,6
35847,4,8
35848,4,8
35849,5,4
35850,4,2
35851,8,6
35852,5,4
35853,8,0
35854,2,9
35855,2,7
35856,5,1
35857,8,0
35858,4,5
35859,3,3
35860,2,7
35861,8,6
35862,2,1
35863,2,7
35864,4,5
35865,2,1
35866,5,4
35867,4,5
35868,9,6
35869,3,3
35870,4,3
35871,2,7
35872,3,2
35873,3,2
35874,4,3
35875,5,4
35876,4,3
35877,5,9
35878,8,9
35879,5,4
35880,5,1
35881,4,3
35882,9,2
35883,9,6
35884,5,4
35885,3,2
35886,9,6
35887,3,2
35888,9,6
35889,4,5
35890,4,3
35891,4,3
35892,5,9
35893,2,9
35894,2,9
35895,5,4
35896,7,0
35897,9,1
35898,3,3
35899,2,7
35900,1,1
35901,3,2
35902,9,2
35903,4,5
35904,9,4
35905,7,0
35906,4,5
35907,2,1
35908,5,1
35909,3,2
35910,9,6
35911,3,3
35912,2,1
35913,5,4
35914,4,3
35915,4,5
35916,4,8
35917,0,6
35918,9,6
35919,2,7
35920,2,7
35921,5,8
35922,1,3
35923,7,0
35924,4,8
35925,2,1
35926,5,4
35927,3,2
35928,6,8
35929,3,3
35930,1,2
35931,9,4
35932,4,8
35933,4,5
35934,7,0
35935,9,6
35936,7,0
35937,2,7
35938,2,7
35939,7,8
35940,4,8
35941,2,9
35942,5,1
35943,0,0
35944,4,3
35945,2,1
35946,5,4
35947,3,2
35948,0,6
35949,3,3
35950,4,8
35951,9,4
35952,5,4
35953,4,5
35954,3,3
35955,9,6
35956,2,9
35957,2,7
35958,4,8
35959,7,0
35960,2,7
35961,2,7
35962,7,6
35963,7,0
35964,5,4
35965,2,7
35966,5,4
35967,6,8
35968,9,6
35969,4,3
35970,1,2
35971,0,0
35972,8,0
35973,0,0
35974,4,2
35975,4,5
35976,4,5
35977,4,5
35978,2,7
35979,4,3
35980,2,7
35981,7,8
35982,8,0
35983,3,8
35984,4,3
35985,2,1
35986,4,3
35987,4,8
35988,9,6
35989,9,4
35990,5,1
35991,2,9
35992,3,2
35993,0,6
35994,7,0
35995,5,1
35996,5,9
35997,7,8
35998,2,7
35999,7,0
36000,2,9
36001,3,2
36002,9,6
36003,2,7
36004,5,9
36005,4,3
36006,3,2
36007,2,9
36008,3,8
36009,3,2
36010,4,8
36011,4,5
36012,2,7
36013,2,9
36014,0,6
36015,4,5
36016,1,2
36017,2,4
36018,4,3
36019,7,0
36020,9,8
36021,3,3
36022,8,0
36023,4,3
36024,2,9
36025,9,4
36026,4,5
36027,2,7
36028,4,5
36029,2,9
36030,5,1
36031,7,0
36032,4,3
36033,5,1
36034,4,8
36035,2,9
36036,9,6
36037,2,1
36038,9,6
36039,3,2
36040,8,0
36041,2,7
36042,2,1
36043,2,9
36044,2,9
36045,5,1
36046,4,3
36047,0,0
36048,4,3
36049,0,6
36050,5,9
36051,3,2
36052,2,7
36053,9,4
36054,5,8
36055,0,0
36056,9,2
36057,3,3
36058,5,9
36059,4,5
36060,4,5
36061,9,6
36062,5,9
36063,0,6
36064,3,2
36065,4,5
36066,4,8
36067,0,6
36068,9,6
36069,2,7
36070,9,6
36071,2,1
36072,7,2
36073,5,4
36074,2,9
36075,9,4
36076,4,3
36077,3,2
36078,1,3
36079,0,6
36080,5,9
36081,3,2
36082,3,3
36083,2,9
36084,8,0
36085,9,1
36086,4,5
36087,4,5
36088,2,7
36089,4,5
36090,7,0
36091,4,5
36092,5,4
36093,4,3
36094,5,1
36095,2,1
36096,6,8
36097,9,4
36098,5,1
36099,6,8
36100,7,2
36101,0,6
36102,5,9
36103,3,3
36104,2,9
36105,2,7
36106,2,1
36107,7,0
36108,2,1
36109,2,9
36110,5,1
36111,4,5
36112,3,2
36113,9,6
36114,4,8
36115,2,7
36116,7,0
36117,2,1
36118,4,5
36119,4,3
36120,9,2
36121,7,8
36122,8,9
36123,3,2
36124,5,1
36125,0,6
36126,5,5
36127,3,2
36128,1,3
36129,0,6
36130,4,3
36131,9,4
36132,4,3
36133,3,2
36134,2,7
36135,2,7
36136,2,7
36137,6,8
36138,8,0
36139,2,7
36140,2,7
36141,5,1
36142,3,2
36143,8,0
36144,9,6
36145,1,1
36146,7,0
36147,1,2
36148,5,9
36149,3,3
36150,2,7
36151,5,4
36152,2,7
36153,4,5
36154,4,3
36155,0,6
36156,2,7
36157,2,7
36158,2,7
36159,4,8
36160,5,4
36161,5,9
36162,2,9
36163,7,0
36164,2,1
36165,5,1
36166,9,2
36167,1,2
36168,8,0
36169,4,3
36170,3,2
36171,5,4
36172,5,9
36173,4,5
36174,9,4
36175,9,6
36176,9,6
36177,2,7
36178,2,7
36179,5,8
36180,4,3
36181,2,9
36182,3,8
36183,8,0
36184,9,6
36185,5,1
36186,5,9
36187,1,2
36188,2,7
36189,1,3
36190,5,4
36191,5,4
36192,4,8
36193,4,5
36194,5,9
36195,9,6
36196,2,9
36197,2,7
36198,8,0
36199,3,8
36200,5,4
36201,2,9
36202,5,4
36203,2,9
36204,5,4
36205,2,7
36206,4,3
36207,4,5
36208,5,4
36209,3,2
36210,4,8
36211,2,9
36212,5,4
36213,7,0
36214,4,5
36215,5,1
36216,4,3
36217,4,5
36218,5,4
36219,6,8
36220,9,6
36221,3,8
36222,5,4
36223,8,0
36224,5,8
36225,2,9
36226,5,4
36227,3,3
36228,5,4
36229,9,2
36230,2,7
36231,2,7
36232,9,6
36233,5,8
36234,2,7
36235,5,4
36236,4,5
36237,9,6
36238,5,7
36239,1,1
36240,2,1
36241,8,0
36242,4,3
36243,5,4
36244,4,5
36245,4,5
36246,5,4
36247,3,3
36248,4,3
36249,2,9
36250,4,8
36251,8,0
36252,4,5
36253,4,5
36254,9,6
36255,8,0
36256,8,5
36257,5,1
36258,2,7
36259,9,6
36260,8,0
36261,2,9
36262,4,3
36263,3,3
36264,2,1
36265,5,1
36266,3,2
36267,0,6
36268,4,5
36269,8,0
36270,4,8
36271,5,1
36272,8,0
36273,2,1
36274,9,6
36275,4,8
36276,2,1
36277,8,0
36278,9,6
36279,5,4
36280,5,4
36281,2,7
36282,2,9
36283,2,7
36284,2,7
36285,9,6
36286,5,4
36287,3,3
36288,5,1
36289,4,5
36290,8,0
36291,9,6
36292,3,2
36293,9,6
36294,0,6
36295,3,3
36296,5,4
36297,2,1
36298,4,3
36299,6,8
36300,4,8
36301,3,3
36302,2,7
36303,4,5
36304,7,0
36305,9,6
36306,5,9
36307,2,7
36308,0,6
36309,4,5
36310,9,6
36311,8,2
36312,8,0
36313,2,7
36314,9,4
36315,5,1
36316,2,7
36317,5,1
36318,8,0
36319,2,9
36320,3,8
36321,9,2
36322,5,4
36323,6,8
36324,4,3
36325,4,8
36326,3,2
36327,3,3
36328,2,9
36329,3,3
36330,4,5
36331,8,0
36332,4,5
36333,5,1
36334,2,7
36335,3,2
36336,5,4
36337,3,3
36338,3,3
36339,5,4
36340,2,7
36341,4,5
36342,5,4
36343,0,6
36344,9,6
36345,2,7
36346,5,4
36347,6,8
36348,2,9
36349,2,9
36350,5,4
36351,7,0
36352,5,7
36353,9,1
36354,4,5
36355,9,2
36356,2,1
36357,3,3
36358,9,6
36359,5,4
36360,5,9
36361,4,5
36362,8,0
36363,0,6
36364,5,4
36365,2,7
36366,4,5
36367,3,8
36368,5,1
36369,2,9
36370,5,9
36371,7,0
36372,9,6
36373,5,1
36374,4,2
36375,9,2
36376,8,0
36377,4,3
36378,2,9
36379,5,4
36380,5,1
36381,4,5
36382,2,1
36383,0,6
36384,5,4
36385,2,7
36386,2,8
36387,3,8
36388,5,1
36389,2,9
36390,9,6
36391,7,0
36392,2,9
36393,7,0
36394,5,4
36395,2,7
36396,3,2
36397,9,2
36398,5,7
36399,5,4
36400,5,4
36401,0,2
36402,5,9
36403,0,6
36404,2,7
36405,4,5
36406,3,3
36407,4,5
36408,5,1
36409,3,3
36410,2,1
36411,2,7
36412,8,0
36413,3,8
36414,7,0
36415,0,6
36416,9,6
36417,0,6
36418,2,9
36419,5,4
36420,5,9
36421,7,3
36422,5,1
36423,9,2
36424,4,5
36425,0,6
36426,5,1
36427,3,3
36428,5,4
36429,6,8
36430,2,7
36431,7,0
36432,4,3
36433,5,1
36434,5,4
36435,5,4
36436,2,7
36437,4,5
36438,5,9
36439,0,6
36440,8,0
36441,5,4
36442,5,1
36443,2,7
36444,9,6
36445,6,8
36446,0,6
36447,8,0
36448,5,1
36449,3,3
36450,2,2
36451,2,1
36452,4,5
36453,4,5
36454,4,5
36455,5,4
36456,5,9
36457,9,1
36458,4,3
36459,2,9
36460,9,2
36461,5,1
36462,9,2
36463,9,2
36464,5,9
36465,2,7
36466,5,4
36467,7,0
36468,7,0
36469,5,1
36470,4,5
36471,3,3
36472,2,7
36473,6,8
36474,2,9
36475,3,2
36476,8,0
36477,2,9
36478,4,8
36479,2,7
36480,4,5
36481,2,9
36482,4,5
36483,5,4
36484,7,0
36485,3,2
36486,2,9
36487,4,5
36488,4,3
36489,6,8
36490,9,1
36491,0,6
36492,2,8
36493,4,5
36494,5,4
36495,4,5
36496,9,6
36497,2,9
36498,1,7
36499,2,9
36500,2,9
36501,5,1
36502,5,4
36503,5,8
36504,8,6
36505,3,2
36506,3,0
36507,2,9
36508,4,5
36509,2,1
36510,2,9
36511,3,3
36512,2,7
36513,5,4
36514,4,5
36515,3,3
36516,4,5
36517,9,1
36518,5,4
36519,7,0
36520,5,1
36521,2,9
36522,3,2
36523,0,6
36524,7,0
36525,3,3
36526,5,9
36527,0,6
36528,4,5
36529,6,8
36530,2,7
36531,2,7
36532,5,1
36533,7,0
36534,2,7
36535,1,1
36536,2,1
36537,7,0
36538,5,9
36539,4,5
36540,5,4
36541,6,8
36542,3,3
36543,9,2
36544,4,5
36545,2,7
36546,2,7
36547,2,7
36548,5,4
36549,7,0
36550,5,9
36551,1,1
36552,5,4
36553,3,2
36554,2,7
36555,1,3
36556,4,5
36557,5,4
36558,5,1
36559,3,5
36560,8,0
36561,0,6
36562,8,0
36563,2,7
36564,7,0
36565,6,8
36566,4,3
36567,2,9
36568,1,2
36569,7,0
36570,9,6
36571,2,1
36572,1,3
36573,0,2
36574,0,6
36575,1,3
36576,4,8
36577,5,4
36578,9,6
36579,4,5
36580,2,7
36581,0,6
36582,7,8
36583,2,7
36584,5,4
36585,6,8
36586,3,0
36587,2,9
36588,4,5
36589,0,0
36590,9,6
36591,0,1
36592,4,3
36593,3,2
36594,9,1
36595,3,3
36596,5,4
36597,5,4
36598,4,8
36599,3,5
36600,3,2
36601,0,6
36602,4,5
36603,2,7
36604,4,3
36605,6,8
36606,5,9
36607,2,9
36608,5,1
36609,4,5
36610,4,8
36611,2,7
36612,2,7
36613,2,7
36614,3,2
36615,2,7
36616,9,6
36617,7,0
36618,5,1
36619,5,4
36620,7,0
36621,0,0
36622,4,8
36623,1,3
36624,1,2
36625,1,1
36626,5,1
36627,6,8
36628,7,0
36629,2,9
36630,5,4
36631,9,2
36632,5,4
36633,2,1
36634,5,4
36635,6,8
36636,0,6
36637,0,6
36638,9,5
36639,4,5
36640,5,4
36641,5,4
36642,5,5
36643,2,7
36644,4,3
36645,3,3
36646,8,0
36647,5,4
36648,2,8
36649,2,1
36650,2,7
36651,6,8
36652,4,8
36653,9,6
36654,2,7
36655,5,9
36656,4,8
36657,5,1
36658,4,5
36659,5,4
36660,9,6
36661,4,5
36662,3,2
36663,4,5
36664,5,4
36665,0,6
36666,2,9
36667,7,0
36668,5,4
36669,1,1
36670,5,9
36671,1,3
36672,8,8
36673,0,6
36674,5,4
36675,5,4
36676,5,4
36677,6,8
36678,2,9
36679,5,9
36680,9,2
36681,6,8
36682,2,1
36683,4,5
36684,3,3
36685,3,2
36686,5,6
36687,1,1
36688,2,7
36689,7,0
36690,4,5
36691,2,7
36692,0,0
36693,1,2
36694,3,2
36695,4,5
36696,4,8
36697,4,5
36698,9,6
36699,0,6
36700,2,7
36701,0,6
36702,9,6
36703,0,6
36704,0,2
36705,3,3
36706,5,4
36707,1,3
36708,5,8
36709,1,3
36710,6,8
36711,1,1
36712,8,0
36713,2,7
36714,4,6
36715,1,2
36716,4,3
36717,9,2
36718,3,2
36719,2,7
36720,5,9
36721,3,2
36722,4,5
36723,1,3
36724,9,6
36725,9,6
36726,5,4
36727,6,8
36728,9,2
36729,4,5
36730,2,7
36731,1,1
36732,4,3
36733,5,4
36734,8,0
36735,2,9
36736,4,5
36737,0,0
36738,5,1
36739,4,5
36740,4,3
36741,7,0
36742,5,4
36743,9,6
36744,5,1
36745,6,8
36746,0,6
36747,6,8
36748,2,7
36749,8,0
36750,4,5
36751,6,8
36752,6,8
36753,9,2
36754,4,8
36755,1,3
36756,4,5
36757,2,9
36758,5,7
36759,5,4
36760,2,7
36761,1,3
36762,2,7
36763,2,7
36764,8,0
36765,0,1
36766,9,6
36767,6,7
36768,1,2
36769,9,6
36770,4,8
36771,2,9
36772,9,6
36773,5,4
36774,4,5
36775,9,2
36776,4,8
36777,2,9
36778,2,1
36779,2,9
36780,8,0
36781,3,2
36782,5,9
36783,0,0
36784,9,6
36785,6,8
36786,2,1
36787,4,5
36788,3,0
36789,0,0
36790,5,4
36791,5,4
36792,9,6
36793,2,9
36794,5,1
36795,5,4
36796,2,7
36797,8,0
36798,9,6
36799,2,7
36800,4,5
36801,1,1
36802,4,3
36803,1,3
36804,4,5
36805,3,2
36806,2,7
36807,2,9
36808,2,9
36809,7,0
36810,9,6
36811,9,1
36812,4,5
36813,1,2
36814,4,1
36815,4,3
36816,3,8
36817,5,4
36818,5,7
36819,4,5
36820,4,8
36821,9,6
36822,2,1
36823,2,7
36824,7,0
36825,3,8
36826,9,6
36827,2,9
36828,4,8
36829,8,0
36830,5,9
36831,5,1
36832,5,9
36833,1,2
36834,2,8
36835,4,3
36836,5,4
36837,5,4
36838,9,6
36839,4,5
36840,2,7
36841,0,6
36842,8,0
36843,2,7
36844,3,2
36845,4,8
36846,3,2
36847,2,9
36848,8,0
36849,7,0
36850,4,5
36851,2,1
36852,3,3
36853,1,2
36854,4,8
36855,4,3
36856,2,7
36857,0,6
36858,3,2
36859,2,7
36860,5,9
36861,4,8
36862,4,3
36863,2,9
36864,5,1
36865,4,8
36866,8,6
36867,5,4
36868,2,2
36869,7,0
36870,4,8
36871,7,0
36872,4,3
36873,2,7
36874,8,0
36875,3,2
36876,2,7
36877,5,4
36878,3,8
36879,1,2
36880,5,9
36881,9,6
36882,8,0
36883,4,5
36884,7,2
36885,3,5
36886,5,9
36887,4,3
36888,4,5
36889,2,7
36890,4,6
36891,7,8
36892,5,1
36893,9,6
36894,0,0
36895,9,6
36896,4,5
36897,5,4
36898,9,1
36899,4,3
36900,4,5
36901,9,2
36902,2,7
36903,9,6
36904,3,2
36905,9,6
36906,2,9
36907,5,4
36908,1,1
36909,5,4
36910,9,6
36911,4,3
36912,4,3
36913,3,8
36914,3,2
36915,3,8
36916,2,7
36917,4,3
36918,4,5
36919,7,0
36920,5,9
36921,5,1
36922,5,9
36923,5,4
36924,5,1
36925,2,7
36926,2,7
36927,5,8
36928,9,1
36929,7,0
36930,2,9
36931,4,3
36932,5,4
36933,5,1
36934,5,9
36935,2,9
36936,2,2
36937,7,0
36938,5,4
36939,4,5
36940,5,4
36941,5,4
36942,3,2
36943,5,1
36944,4,8
36945,2,9
36946,4,3
36947,2,1
36948,7,0
36949,9,2
36950,3,2
36951,2,7
36952,5,4
36953,7,0
36954,2,7
36955,2,1
36956,2,1
36957,4,3
36958,9,2
36959,4,8
36960,2,9
36961,9,2
36962,5,4
36963,2,9
36964,2,7
36965,9,2
36966,9,6
36967,2,7
36968,2,1
36969,2,7
36970,5,4
36971,2,9
36972,2,7
36973,2,9
36974,4,8
36975,7,0
36976,5,4
36977,5,4
36978,1,2
36979,3,2
36980,9,6
36981,4,5
36982,1,2
36983,3,8
36984,8,5
36985,9,6
36986,4,8
36987,4,5
36988,5,9
36989,4,5
36990,4,3
36991,2,9
36992,2,1
36993,2,9
36994,7,0
36995,2,1
36996,0,6
36997,9,1
36998,1,2
36999,4,5
37000,5,4
37001,2,7
37002,2,9
37003,0,6
37004,4,5
37005,4,8
37006,4,5
37007,1,2
37008,9,1
37009,2,9
37010,5,4
37011,9,1
37012,5,1
37013,4,3
37014,2,1
37015,3,2
37016,9,5
37017,4,3
37018,9,6
37019,5,4
37020,9,2
37021,4,3
37022,4,3
37023,2,1
37024,2,1
37025,2,9
37026,4,9
37027,7,0
37028,9,6
37029,2,9
37030,5,8
37031,4,5
37032,1,8
37033,9,6
37034,2,7
37035,4,3
37036,2,1
37037,0,6
37038,9,1
37039,3,8
37040,3,2
37041,2,7
37042,4,3
37043,7,0
37044,9,6
37045,9,1
37046,5,9
37047,7,0
37048,9,9
37049,4,5
37050,0,6
37051,3,8
37052,8,0
37053,3,2
37054,4,3
37055,2,7
37056,4,5
37057,2,7
37058,5,1
37059,7,0
37060,2,9
37061,5,1
37062,3,9
37063,1,2
37064,2,7
37065,1,3
37066,4,5
37067,5,4
37068,2,7
37069,4,5
37070,8,5
37071,0,6
37072,4,5
37073,2,7
37074,5,4
37075,1,8
37076,5,4
37077,2,9
37078,4,8
37079,7,0
37080,5,4
37081,5,1
37082,3,3
37083,1,2
37084,3,2
37085,1,3
37086,8,5
37087,5,4
37088,2,9
37089,1,5
37090,2,7
37091,9,6
37092,8,0
37093,2,7
37094,2,8
37095,3,8
37096,4,8
37097,2,9
37098,2,7
37099,7,0
37100,2,7
37101,5,1
37102,4,1
37103,3,2
37104,5,4
37105,1,3
37106,4,8
37107,2,7
37108,5,9
37109,3,8
37110,9,1
37111,2,9
37112,5,4
37113,3,0
37114,4,5
37115,2,9
37116,5,1
37117,4,5
37118,0,3
37119,4,5
37120,3,2
37121,0,6
37122,4,8
37123,2,9
37124,4,3
37125,3,8
37126,2,9
37127,2,9
37128,5,4
37129,3,8
37130,4,8
37131,2,7
37132,4,3
37133,2,7
37134,4,3
37135,4,3
37136,5,9
37137,4,5
37138,5,1
37139,3,1
37140,9,6
37141,7,0
37142,9,6
37143,3,2
37144,5,4
37145,1,2
37146,2,7
37147,2,7
37148,4,5
37149,3,8
37150,5,9
37151,3,2
37152,3,8
37153,7,0
37154,5,1
37155,2,1
37156,5,4
37157,1,2
37158,7,0
37159,0,6
37160,1,5
37161,1,3
37162,2,9
37163,1,3
37164,4,5
37165,2,7
37166,4,3
37167,4,3
37168,6,7
37169,1,3
37170,4,8
37171,5,4
37172,3,2
37173,0,6
37174,4,3
37175,0,6
37176,5,4
37177,0,6
37178,1,8
37179,5,1
37180,2,5
37181,4,5
37182,5,1
37183,0,0
37184,4,8
37185,3,8
37186,3,3
37187,1,2
37188,4,3
37189,0,0
37190,2,1
37191,1,1
37192,7,0
37193,2,7
37194,0,6
37195,0,6
37196,2,1
37197,1,3
37198,1,8
37199,9,2
37200,5,1
37201,5,1
37202,4,8
37203,2,7
37204,4,3
37205,1,3
37206,2,9
37207,1,1
37208,9,6
37209,1,3
37210,9,2
37211,2,9
37212,2,7
37213,5,1
37214,2,2
37215,2,7
37216,4,5
37217,0,6
37218,9,6
37219,1,8
37220,8,0
37221,5,4
37222,9,6
37223,1,3
37224,7,0
37225,3,1
37226,4,5
37227,6,4
37228,9,6
37229,1,3
37230,9,6
37231,0,6
37232,2,1
37233,2,9
37234,3,2
37235,0,6
37236,9,6
37237,2,1
37238,9,6
37239,5,4
37240,4,8
37241,1,2
37242,5,9
37243,9,2
37244,4,3
37245,2,7
37246,0,6
37247,6,9
37248,5,4
37249,3,5
37250,4,3
37251,5,4
37252,8,0
37253,6,8
37254,0,6
37255,3,8
37256,4,6
37257,5,4
37258,9,2
37259,2,9
37260,4,3
37261,7,0
37262,5,4
37263,3,8
37264,5,4
37265,2,9
37266,4,3
37267,6,8
37268,5,9
37269,0,0
37270,4,5
37271,3,3
37272,5,4
37273,5,4
37274,3,2
37275,3,5
37276,8,5
37277,0,6
37278,8,8
37279,2,7
37280,4,3
37281,1,8
37282,9,6
37283,2,9
37284,4,3
37285,2,1
37286,9,1
37287,7,0
37288,2,7
37289,3,1
37290,5,1
37291,3,2
37292,0,6
37293,3,3
37294,5,4
37295,9,4
37296,3,2
37297,2,7
37298,2,7
37299,1,8
37300,4,5
37301,2,9
37302,5,4
37303,3,0
37304,1,3
37305,3,1
37306,5,9
37307,0,2
37308,4,5
37309,3,3
37310,9,6
37311,5,4
37312,4,8
37313,3,5
37314,4,3
37315,0,6
37316,4,8
37317,2,7
37318,2,9
37319,1,8
37320,3,2
37321,2,9
37322,3,2
37323,7,0
37324,4,8
37325,5,8
37326,5,9
37327,2,7
37328,5,4
37329,5,8
37330,9,1
37331,2,9
37332,4,3
37333,2,9
37334,0,6
37335,7,0
37336,9,6
37337,3,1
37338,2,9
37339,9,4
37340,9,6
37341,3,5
37342,4,8
37343,9,1
37344,1,8
37345,0,6
37346,9,6
37347,5,2
37348,2,7
37349,2,9
37350,9,6
37351,9,6
37352,5,9
37353,2,7
37354,5,1
37355,3,3
37356,9,6
37357,2,9
37358,9,5
37359,2,9
37360,9,2
37361,3,3
37362,4,3
37363,4,8
37364,4,5
37365,2,1
37366,5,4
37367,3,2
37368,4,3
37369,2,9
37370,9,6
37371,9,6
37372,5,4
37373,9,3
37374,4,3
37375,4,5
37376,5,9
37377,7,0
37378,5,1
37379,9,5
37380,4,5
37381,5,4
37382,8,0
37383,3,3
37384,9,1
37385,5,4
37386,1,2
37387,2,7
37388,5,4
37389,2,7
37390,9,6
37391,2,9
37392,5,4
37393,5,1
37394,2,7
37395,5,4
37396,4,8
37397,1,3
37398,3,8
37399,2,7
37400,5,9
37401,0,6
37402,2,7
37403,5,2
37404,1,3
37405,9,1
37406,4,8
37407,3,5
37408,7,0
37409,9,5
37410,5,4
37411,7,0
37412,3,2
37413,9,5
37414,4,5
37415,7,0
37416,9,2
37417,4,8
37418,9,2
37419,5,4
37420,2,7
37421,9,6
37422,4,3
37423,2,7
37424,2,9
37425,8,0
37426,1,2
37427,5,2
37428,4,8
37429,5,4
37430,5,9
37431,2,8
37432,8,0
37433,0,1
37434,4,8
37435,3,2
37436,3,8
37437,5,2
37438,4,5
37439,3,3
37440,8,2
37441,9,1
37442,9,6
37443,3,3
37444,4,8
37445,9,6
37446,7,2
37447,5,4
37448,4,5
37449,2,9
37450,2,4
37451,0,6
37452,8,0
37453,3,5
37454,4,3
37455,5,1
37456,4,8
37457,2,9
37458,3,8
37459,5,8
37460,4,8
37461,2,1
37462,3,2
37463,5,1
37464,4,3
37465,0,5
37466,5,9
37467,7,0
37468,4,3
37469,5,2
37470,4,3
37471,2,7
37472,4,5
37473,5,8
37474,5,9
37475,9,6
37476,0,6
37477,0,6
37478,4,3
37479,4,8
37480,2,7
37481,5,2
37482,4,1
37483,4,8
37484,3,2
37485,5,4
37486,3,2
37487,5,4
37488,5,8
37489,5,2
37490,5,4
37491,0,2
37492,5,4
37493,4,8
37494,2,7
37495,7,0
37496,5,4
37497,7,0
37498,2,9
37499,5,1
37500,2,7
37501,1,2
37502,4,6
37503,4,3
37504,9,2
37505,5,4
37506,7,0
37507,4,5
37508,1,7
37509,9,6
37510,8,0
37511,7,0
37512,7,8
37513,5,1
37514,7,2
37515,1,2
37516,5,4
37517,4,3
37518,2,1
37519,5,4
37520,5,9
37521,4,5
37522,5,8
37523,9,6
37524,4,3
37525,2,7
37526,3,2
37527,5,8
37528,5,4
37529,7,0
37530,5,4
37531,2,1
37532,3,2
37533,1,2
37534,5,9
37535,9,6
37536,2,7
37537,2,7
37538,4,9
37539,5,8
37540,4,3
37541,2,9
37542,0,6
37543,7,0
37544,9,6
37545,1,2
37546,5,4
37547,2,1
37548,4,5
37549,9,6
37550,2,7
37551,4,5
37552,2,5
37553,5,9
37554,7,0
37555,1,3
37556,2,7
37557,4,5
37558,4,5
37559,7,0
37560,3,2
37561,2,7
37562,5,4
37563,5,1
37564,5,1
37565,2,1
37566,4,3
37567,4,5
37568,9,2
37569,4,3
37570,9,2
37571,8,0
37572,4,3
37573,2,7
37574,4,5
37575,5,9
37576,0,6
37577,9,6
37578,3,3
37579,5,1
37580,3,2
37581,9,6
37582,4,5
37583,2,7
37584,4,5
37585,5,4
37586,5,9
37587,5,9
37588,5,2
37589,4,5
37590,4,5
37591,2,7
37592,4,5
37593,5,9
37594,5,4
37595,4,8
37596,2,7
37597,4,5
37598,5,1
37599,9,6
37600,4,8
37601,3,2
37602,2,7
37603,5,4
37604,4,3
37605,4,8
37606,4,5
37607,2,1
37608,2,8
37609,4,5
37610,3,2
37611,5,9
37612,2,7
37613,7,2
37614,5,1
37615,1,2
37616,5,4
37617,5,8
37618,5,1
37619,7,0
37620,5,8
37621,9,6
37622,4,3
37623,5,4
37624,2,1
37625,4,3
37626,4,3
37627,4,3
37628,4,8
37629,2,1
37630,9,2
37631,8,2
37632,9,2
37633,5,4
37634,5,4
37635,9,1
37636,4,3
37637,5,9
37638,4,2
37639,9,6
37640,5,4
37641,2,9
37642,8,0
37643,1,3
37644,5,8
37645,5,4
37646,3,2
37647,8,0
37648,5,4
37649,4,3
37650,5,1
37651,5,9
37652,4,3
37653,8,0
37654,5,9
37655,9,2
37656,8,0
37657,2,7
37658,3,3
37659,5,1
37660,3,2
37661,5,1
37662,4,5
37663,8,0
37664,5,9
37665,2,7
37666,0,6
37667,9,6
37668,9,2
37669,7,2
37670,5,1
37671,1,2
37672,4,8
37673,2,7
37674,9,1
37675,9,6
37676,9,6
37677,8,0
37678,7,0
37679,9,6
37680,4,5
37681,2,9
37682,5,9
37683,5,4
37684,2,7
37685,5,8
37686,7,0
37687,5,4
37688,5,9
37689,4,3
37690,4,3
37691,4,3
37692,1,3
37693,2,7
37694,2,7
37695,4,8
37696,4,2
37697,8,0
37698,4,5
37699,4,5
37700,4,3
37701,5,8
37702,4,9
37703,4,3
37704,2,8
37705,7,0
37706,2,7
37707,9,6
37708,8,0
37709,5,8
37710,5,8
37711,4,3
37712,2,4
37713,2,7
37714,7,0
37715,4,8
37716,9,1
37717,4,5
37718,1,3
37719,9,1
37720,3,8
37721,4,8
37722,5,4
37723,7,0
37724,0,6
37725,1,1
37726,4,5
37727,3,2
37728,1,1
37729,3,3
37730,3,3
37731,5,4
37732,2,1
37733,2,7
37734,2,2
37735,6,8
37736,5,4
37737,2,9
37738,8,0
37739,7,0
37740,4,5
37741,1,1
37742,2,1
37743,9,2
37744,7,0
37745,1,3
37746,4,3
37747,5,4
37748,5,9
37749,4,5
37750,4,5
37751,9,6
37752,7,0
37753,2,7
37754,2,9
37755,6,8
37756,4,3
37757,2,9
37758,8,0
37759,7,0
37760,7,2
37761,3,1
37762,2,7
37763,3,2
37764,2,9
37765,3,3
37766,1,2
37767,5,4
37768,4,8
37769,2,7
37770,2,7
37771,6,8
37772,2,9
37773,2,9
37774,3,8
37775,2,7
37776,4,8
37777,3,2
37778,4,8
37779,2,9
37780,7,0
37781,2,9
37782,3,1
37783,6,8
37784,2,7
37785,5,4
37786,4,3
37787,7,0
37788,9,6
37789,3,3
37790,8,0
37791,4,5
37792,3,3
37793,2,4
37794,5,4
37795,1,3
37796,4,3
37797,3,3
37798,3,2
37799,5,4
37800,5,4
37801,0,6
37802,5,1
37803,9,6
37804,9,6
37805,4,5
37806,9,2
37807,3,5
37808,4,8
37809,0,1
37810,4,8
37811,2,7
37812,9,2
37813,6,8
37814,7,0
37815,5,4
37816,5,1
37817,4,5
37818,2,7
37819,2,7
37820,4,5
37821,1,3
37822,8,0
37823,4,5
37824,2,9
37825,3,2
37826,5,4
37827,4,3
37828,9,1
37829,0,6
37830,4,5
37831,0,6
37832,8,2
37833,2,7
37834,2,7
37835,2,7
37836,4,5
37837,7,0
37838,6,2
37839,0,1
37840,5,4
37841,8,0
37842,4,5
37843,2,1
37844,8,0
37845,9,6
37846,5,4
37847,3,3
37848,4,3
37849,2,1
37850,4,5
37851,5,4
37852,4,5
37853,2,7
37854,8,0
37855,1,3
37856,7,0
37857,6,8
37858,5,4
37859,0,6
37860,4,3
37861,3,2
37862,2,1
37863,3,2
37864,4,5
37865,9,5
37866,5,9
37867,2,9
37868,6,8
37869,0,1
37870,4,8
37871,2,7
37872,9,6
37873,6,9
37874,4,5
37875,2,7
37876,2,7
37877,2,9
37878,2,7
37879,2,9
37880,9,2
37881,3,1
37882,5,1
37883,0,0
37884,5,4
37885,3,8
37886,3,3
37887,2,9
37888,9,6
37889,3,3
37890,3,3
37891,3,8
37892,9,6
37893,5,4
37894,4,5
37895,9,6
37896,4,3
37897,9,1
37898,2,7
37899,5,4
37900,2,7
37901,7,0
37902,8,0
37903,3,3
37904,3,2
37905,0,6
37906,2,9
37907,5,4
37908,4,3
37909,6,8
37910,4,8
37911,3,1
37912,4,3
37913,1,3
37914,8,0
37915,3,1
37916,5,4
37917,7,0
37918,9,2
37919,2,9
37920,2,1
37921,0,0
37922,2,7
37923,5,1
37924,4,8
37925,3,2
37926,5,1
37927,3,3
37928,3,3
37929,4,5
37930,2,7
37931,0,6
37932,2,9
37933,1,8
37934,5,9
37935,2,9
37936,9,1
37937,3,0
37938,5,1
37939,5,1
37940,4,3
37941,3,2
37942,9,2
37943,3,3
37944,4,3
37945,5,4
37946,8,0
37947,2,7
37948,5,1
37949,3,8
37950,7,0
37951,5,9
37952,4,8
37953,8,0
37954,7,0
37955,1,1
37956,4,8
37957,9,2
37958,5,4
37959,3,3
37960,2,7
37961,5,4
37962,5,8
37963,2,7
37964,7,2
37965,5,9
37966,9,6
37967,9,2
37968,8,0
37969,9,2
37970,7,0
37971,2,7
37972,2,1
37973,9,6
37974,9,2
37975,5,4
37976,2,9
37977,8,0
37978,2,1
37979,3,8
37980,8,0
37981,7,0
37982,9,6
37983,4,5
37984,2,7
37985,3,2
37986,5,4
37987,2,7
37988,5,4
37989,9,2
37990,9,6
37991,1,3
37992,4,5
37993,9,6
37994,2,7
37995,9,2
37996,3,3
37997,5,1
37998,0,6
37999,2,7
38000,2,8
38001,2,7
38002,5,1
38003,2,9
38004,2,7
38005,5,9
38006,2,9
38007,1,1
38008,8,0
38009,1,2
38010,1,2
38011,5,4
38012,5,4
38013,9,6
38014,4,8
38015,2,7
38016,2,1
38017,2,7
38018,2,7
38019,4,5
38020,2,9
38021,5,4
38022,4,6
38023,4,5
38024,3,2
38025,7,0
38026,2,7
38027,5,1
38028,9,6
38029,2,1
38030,2,9
38031,5,9
38032,0,6
38033,3,2
38034,2,7
38035,8,0
38036,3,2
38037,3,3
38038,4,5
38039,2,1
38040,9,2
38041,5,4
38042,7,0
38043,8,0
38044,3,8
38045,0,6
38046,5,9
38047,5,4
38048,5,9
38049,3,3
38050,0,6
38051,5,9
38052,5,4
38053,4,3
38054,8,0
38055,0,0
38056,5,1
38057,8,0
38058,4,3
38059,4,5
38060,4,5
38061,8,2
38062,8,0
38063,3,8
38064,2,9
38065,6,8
38066,4,3
38067,3,8
38068,1,2
38069,3,8
38070,1,2
38071,4,5
38072,5,4
38073,4,5
38074,3,8
38075,2,7
38076,2,7
38077,9,1
38078,3,2
38079,5,4
38080,3,2
38081,9,1
38082,5,9
38083,1,3
38084,9,6
38085,3,8
38086,4,3
38087,2,9
38088,2,7
38089,1,3
38090,8,5
38091,2,7
38092,9,8
38093,5,4
38094,1,2
38095,5,1
38096,2,7
38097,9,1
38098,5,7
38099,7,0
38100,7,0
38101,9,6
38102,7,0
38103,7,0
38104,9,6
38105,1,1
38106,7,0
38107,3,2
38108,4,2
38109,3,3
38110,8,0
38111,5,4
38112,4,8
38113,0,5
38114,9,6
38115,0,6
38116,4,3
38117,2,7
38118,5,9
38119,3,8
38120,9,2
38121,2,9
38122,5,4
38123,7,0
38124,3,2
38125,5,1
38126,8,0
38127,3,2
38128,8,0
38129,3,3
38130,4,3
38131,5,4
38132,5,4
38133,2,7
38134,4,5
38135,7,8
38136,2,8
38137,2,9
38138,8,0
38139,7,0
38140,1,2
38141,9,1
38142,5,8
38143,3,2
38144,2,7
38145,3,3
38146,4,8
38147,5,4
38148,3,2
38149,2,7
38150,5,4
38151,6,8
38152,9,6
38153,2,9
38154,8,9
38155,8,0
38156,9,6
38157,7,0
38158,4,8
38159,9,1
38160,5,1
38161,7,0
38162,8,0
38163,1,1
38164,9,1
38165,2,5
38166,3,3
38167,3,3
38168,5,4
38169,5,4
38170,3,2
38171,9,2
38172,0,6
38173,5,4
38174,4,3
38175,5,4
38176,9,6
38177,7,0
38178,2,7
38179,8,0
38180,4,3
38181,0,6
38182,4,9
38183,2,9
38184,2,7
38185,0,6
38186,2,7
38187,0,6
38188,5,4
38189,0,5
38190,9,6
38191,2,7
38192,9,6
38193,3,3
38194,4,5
38195,0,2
38196,5,1
38197,7,2
38198,8,0
38199,3,3
38200,8,0
38201,5,4
38202,4,5
38203,5,4
38204,2,9
38205,2,9
38206,2,1
38207,9,1
38208,7,2
38209,5,4
38210,2,7
38211,7,0
38212,8,0
38213,2,7
38214,9,6
38215,2,7
38216,3,2
38217,0,5
38218,3,3
38219,0,6
38220,2,7
38221,3,2
38222,4,5
38223,3,3
38224,6,7
38225,9,1
38226,5,1
38227,5,4
38228,7,0
38229,5,4
38230,4,9
38231,8,0
38232,7,0
38233,2,9
38234,4,5
38235,2,1
38236,5,4
38237,3,8
38238,4,3
38239,3,3
38240,4,5
38241,3,3
38242,8,7
38243,2,7
38244,2,7
38245,3,3
38246,2,7
38247,2,9
38248,2,9
38249,6,8
38250,4,5
38251,6,8
38252,2,5
38253,0,4
38254,4,5
38255,2,7
38256,3,2
38257,2,7
38258,9,6
38259,0,6
38260,0,6
38261,3,2
38262,5,4
38263,9,1
38264,5,1
38265,2,9
38266,4,5
38267,6,8
38268,1,2
38269,2,7
38270,5,4
38271,3,8
38272,5,1
38273,6,8
38274,5,4
38275,7,2
38276,5,1
38277,3,3
38278,2,7
38279,2,9
38280,4,5
38281,3,3
38282,2,7
38283,3,3
38284,5,4
38285,0,5
38286,5,4
38287,0,5
38288,3,2
38289,7,0
38290,9,6
38291,2,7
38292,2,9
38293,2,9
38294,4,3
38295,0,5
38296,5,4
38297,7,0
38298,4,5
38299,0,6
38300,2,7
38301,5,4
38302,9,6
38303,9,1
38304,2,7
38305,9,1
38306,9,6
38307,3,2
38308,9,6
38309,6,8
38310,8,0
38311,2,1
38312,5,9
38313,0,5
38314,4,5
38315,3,0
38316,5,4
38317,5,1
38318,9,6
38319,1,2
38320,2,7
38321,4,3
38322,9,6
38323,5,4
38324,4,8
38325,4,5
38326,3,2
38327,9,6
38328,9,1
38329,2,7
38330,9,2
38331,5,8
38332,8,0
38333,2,9
38334,9,6
38335,8,0
38336,5,4
38337,2,1
38338,2,7
38339,1,2
38340,5,1
38341,3,3
38342,9,6
38343,5,4
38344,5,9
38345,4,5
38346,4,3
38347,9,6
38348,9,6
38349,2,7
38350,2,7
38351,5,8
38352,9,6
38353,2,9
38354,4,2
38355,7,0
38356,3,2
38357,2,1
38358,5,9
38359,1,2
38360,4,5
38361,4,3
38362,4,5
38363,5,4
38364,8,0
38365,4,5
38366,3,2
38367,9,6
38368,4,3
38369,2,9
38370,9,4
38371,9,6
38372,5,4
38373,5,4
38374,2,7
38375,5,4
38376,9,6
38377,4,3
38378,4,5
38379,9,6
38380,8,0
38381,3,2
38382,3,8
38383,3,3
38384,2,1
38385,5,4
38386,4,8
38387,5,8
38388,9,1
38389,2,7
38390,9,6
38391,3,8
38392,5,4
38393,9,6
38394,9,6
38395,2,9
38396,3,2
38397,3,8
38398,2,1
38399,4,3
38400,9,6
38401,3,2
38402,5,4
38403,1,2
38404,8,0
38405,6,8
38406,3,2
38407,8,4
38408,9,5
38409,1,2
38410,1,3
38411,8,0
38412,8,0
38413,5,1
38414,4,5
38415,9,1
38416,9,6
38417,3,2
38418,6,8
38419,2,9
38420,9,8
38421,9,6
38422,2,7
38423,6,8
38424,5,1
38425,2,1
38426,2,9
38427,1,2
38428,5,4
38429,8,0
38430,1,2
38431,9,6
38432,2,1
38433,4,5
38434,4,8
38435,3,2
38436,5,1
38437,2,7
38438,3,2
38439,4,5
38440,8,0
38441,3,3
38442,5,8
38443,2,9
38444,9,6
38445,4,3
38446,7,0
38447,2,7
38448,9,6
38449,2,1
38450,0,6
38451,4,3
38452,7,8
38453,6,8
38454,4,1
38455,2,1
38456,5,9
38457,2,9
38458,2,7
38459,4,5
38460,9,6
38461,8,0
38462,1,1
38463,2,1
38464,5,1
38465,2,1
38466,2,1
38467,5,9
38468,2,7
38469,3,2
38470,5,9
38471,9,6
38472,9,6
38473,8,0
38474,9,6
38475,5,4
38476,6,8
38477,4,5
38478,9,6
38479,9,6
38480,5,1
38481,4,5
38482,2,1
38483,7,0
38484,8,0
38485,3,3
38486,0,5
38487,2,1
38488,8,0
38489,2,8
38490,5,1
38491,9,6
38492,5,1
38493,2,9
38494,8,0
38495,4,3
38496,5,4
38497,8,0
38498,5,4
38499,1,1
38500,5,4
38501,7,0
38502,2,7
38503,5,4
38504,2,7
38505,2,7
38506,2,7
38507,4,3
38508,4,5
38509,3,2
38510,1,8
38511,9,6
38512,9,5
38513,4,5
38514,9,6
38515,5,4
38516,2,1
38517,2,7
38518,5,4
38519,2,9
38520,2,3
38521,2,7
38522,5,1
38523,8,0
38524,5,4
38525,5,1
38526,2,1
38527,1,2
38528,5,1
38529,1,3
38530,3,2
38531,5,4
38532,5,1
38533,4,5
38534,2,7
38535,9,6
38536,4,3
38537,2,7
38538,5,1
38539,6,8
38540,8,0
38541,2,9
38542,3,2
38543,7,0
38544,6,8
38545,9,1
38546,4,5
38547,9,2
38548,9,6
38549,3,3
38550,2,7
38551,5,4
38552,5,9
38553,3,5
38554,5,1
38555,0,6
38556,2,7
38557,2,7
38558,2,1
38559,3,0
38560,3,2
38561,3,1
38562,2,9
38563,3,2
38564,4,5
38565,3,3
38566,3,8
38567,0,4
38568,5,4
38569,9,5
38570,5,1
38571,0,6
38572,5,1
38573,7,0
38574,8,0
38575,2,7
38576,9,6
38577,3,5
38578,9,6
38579,7,0
38580,4,3
38581,6,8
38582,9,1
38583,5,4
38584,9,6
38585,9,1
38586,5,7
38587,6,8
38588,5,8
38589,6,8
38590,7,0
38591,2,1
38592,4,5
38593,3,3
38594,4,5
38595,9,1
38596,3,8
38597,6,9
38598,2,7
38599,3,0
38600,5,9
38601,0,4
38602,4,3
38603,5,4
38604,3,5
38605,1,0
38606,4,8
38607,2,7
38608,0,5
38609,9,2
38610,9,5
38611,6,9
38612,4,5
38613,6,8
38614,7,0
38615,2,7
38616,5,4
38617,9,2
38618,3,2
38619,5,4
38620,2,7
38621,2,7
38622,5,4
38623,6,8
38624,4,5
38625,2,9
38626,4,5
38627,3,3
38628,4,5
38629,1,1
38630,5,4
38631,5,4
38632,5,9
38633,0,6
38634,9,6
38635,3,2
38636,4,2
38637,3,2
38638,4,8
38639,2,7
38640,4,6
38641,6,8
38642,9,6
38643,0,6
38644,8,0
38645,5,4
38646,5,9
38647,6,9
38648,4,5
38649,3,2
38650,2,7
38651,6,9
38652,3,2
38653,3,3
38654,5,4
38655,4,5
38656,4,5
38657,1,3
38658,4,5
38659,9,6
38660,8,0
38661,9,6
38662,8,0
38663,7,0
38664,5,1
38665,3,2
38666,9,1
38667,9,2
38668,5,4
38669,2,7
38670,4,3
38671,5,4
38672,2,7
38673,6,9
38674,5,9
38675,9,5
38676,0,6
38677,9,1
38678,4,5
38679,3,2
38680,5,9
38681,0,6
38682,2,1
38683,9,1
38684,2,1
38685,6,8
38686,8,0
38687,3,3
38688,2,7
38689,9,5
38690,2,9
38691,7,0
38692,3,2
38693,3,0
38694,0,6
38695,0,6
38696,7,0
38697,3,1
38698,4,5
38699,0,6
38700,2,1
38701,2,9
38702,4,8
38703,0,6
38704,5,9
38705,2,7
38706,8,0
38707,3,1
38708,4,5
38709,3,1
38710,5,4
38711,6,7
38712,4,3
38713,9,1
38714,4,3
38715,9,2
38716,5,4
38717,5,4
38718,5,1
38719,4,5
38720,9,2
38721,9,6
38722,8,0
38723,2,7
38724,4,1
38725,3,8
38726,4,5
38727,2,9
38728,2,7
38729,7,0
38730,9,6
38731,1,1
38732,4,3
38733,3,2
38734,4,8
38735,1,3
38736,5,1
38737,5,4
38738,2,7
38739,4,5
38740,5,9
38741,9,6
38742,5,8
38743,2,7
38744,8,0
38745,3,8
38746,8,0
38747,2,9
38748,5,9
38749,7,0
38750,2,1
38751,9,1
38752,4,3
38753,3,2
38754,9,6
38755,4,3
38756,4,5
38757,5,4
38758,2,7
38759,4,5
38760,4,9
38761,9,6
38762,4,5
38763,2,7
38764,2,1
38765,7,8
38766,7,0
38767,2,9
38768,2,9
38769,2,1
38770,3,2
38771,4,3
38772,4,3
38773,3,5
38774,5,1
38775,2,9
38776,2,7
38777,5,4
38778,2,8
38779,1,1
38780,0,6
38781,2,7
38782,9,6
38783,2,7
38784,9,2
38785,9,2
38786,5,4
38787,1,1
38788,2,7
38789,5,4
38790,9,2
38791,3,8
38792,4,5
38793,9,2
38794,2,7
38795,2,9
38796,9,6
38797,3,3
38798,4,5
38799,4,8
38800,4,2
38801,3,5
38802,8,0
38803,5,4
38804,4,3
38805,9,8
38806,5,1
38807,4,8
38808,7,0
38809,2,9
38810,2,7
38811,3,3
38812,5,4
38813,2,9
38814,2,7
38815,3,2
38816,8,0
38817,3,5
38818,4,5
38819,2,7
38820,9,6
38821,5,4
38822,5,4
38823,5,1
38824,5,1
38825,3,2
38826,4,2
38827,4,3
38828,5,1
38829,2,9
38830,4,5
38831,1,1
38832,4,8
38833,0,6
38834,5,4
38835,7,0
38836,2,7
38837,1,1
38838,2,7
38839,9,2
38840,2,1
38841,4,8
38842,3,8
38843,4,5
38844,4,8
38845,1,1
38846,3,2
38847,1,1
38848,4,5
38849,4,8
38850,8,0
38851,4,5
38852,5,4
38853,9,6
38854,9,6
38855,5,4
38856,0,6
38857,2,7
38858,2,8
38859,3,3
38860,2,1
38861,9,6
38862,3,2
38863,6,8
38864,4,5
38865,7,0
38866,4,8
38867,4,3
38868,5,1
38869,2,7
38870,5,8
38871,5,4
38872,5,4
38873,7,0
38874,7,0
38875,9,6
38876,0,6
38877,2,9
38878,4,8
38879,9,2
38880,2,9
38881,9,6
38882,4,3
38883,4,5
38884,3,2
38885,9,6
38886,1,2
38887,2,9
38888,4,5
38889,7,0
38890,2,7
38891,5,4
38892,3,3
38893,7,0
38894,3,3
38895,0,6
38896,4,5
38897,9,1
38898,5,4
38899,2,9
38900,4,3
38901,3,2
38902,4,5
38903,7,0
38904,4,3
38905,2,9
38906,5,4
38907,4,5
38908,5,7
38909,1,1
38910,5,9
38911,3,3
38912,5,8
38913,2,7
38914,7,0
38915,9,6
38916,2,7
38917,2,9
38918,2,1
38919,5,4
38920,5,7
38921,2,7
38922,5,4
38923,2,7
38924,7,2
38925,9,6
38926,8,0
38927,4,3
38928,2,1
38929,7,0
38930,5,9
38931,4,5
38932,4,5
38933,9,6
38934,4,5
38935,3,2
38936,9,6
38937,3,2
38938,5,4
38939,7,0
38940,4,5
38941,2,1
38942,5,8
38943,2,7
38944,4,5
38945,4,8
38946,8,0
38947,2,9
38948,4,8
38949,7,0
38950,5,9
38951,9,1
38952,3,2
38953,3,2
38954,2,7
38955,3,3
38956,5,8
38957,5,4
38958,0,6
38959,4,5
38960,5,4
38961,9,6
38962,3,2
38963,7,0
38964,2,7
38965,2,1
38966,5,4
38967,3,8
38968,5,1
38969,2,9
38970,4,3
38971,4,8
38972,2,7
38973,5,4
38974,5,1
38975,2,1
38976,5,1
38977,4,8
38978,5,4
38979,4,8
38980,0,6
38981,2,1
38982,4,3
38983,4,3
38984,5,4
38985,2,1
38986,4,3
38987,3,8
38988,0,6
38989,3,3
38990,5,3
38991,3,3
38992,5,9
38993,8,0
38994,2,7
38995,2,9
38996,9,6
38997,5,4
38998,4,3
38999,2,9
39000,5,9
39001,4,8
39002,3,2
39003,2,7
39004,9,6
39005,4,8
39006,3,2
39007,9,1
39008,1,2
39009,2,7
39010,5,7
39011,4,8
39012,5,1
39013,2,7
39014,2,7
39015,4,5
39016,5,9
39017,9,1
39018,5,1
39019,9,6
39020,4,2
39021,9,5
39022,1,2
39023,8,0
39024,5,4
39025,2,9
39026,2,7
39027,4,5
39028,8,0
39029,7,0
39030,5,9
39031,1,2
39032,3,2
39033,9,1
39034,5,9
39035,6,8
39036,0,6
39037,7,0
39038,2,7
39039,7,0
39040,4,3
39041,2,1
39042,3,2
39043,9,6
39044,8,0
39045,9,6
39046,5,4
39047,5,7
39048,2,7
39049,9,1
39050,7,0
39051,9,1
39052,5,1
39053,2,7
39054,8,0
39055,7,0
39056,2,7
39057,5,1
39058,5,4
39059,9,2
39060,2,7
39061,1,3
39062,2,7
39063,5,4
39064,2,9
39065,4,5
39066,1,3
39067,9,6
39068,3,8
39069,2,7
39070,3,8
39071,6,8
39072,5,1
39073,2,9
39074,1,2
39075,8,0
39076,2,1
39077,5,1
39078,5,4
39079,1,2
39080,5,4
39081,1,3
39082,2,7
39083,5,4
39084,2,1
39085,4,5
39086,9,6
39087,9,6
39088,2,7
39089,2,7
39090,9,2
39091,4,8
39092,1,8
39093,7,0
39094,5,8
39095,2,1
39096,2,9
39097,1,2
39098,9,6
39099,4,3
39100,4,3
39101,5,4
39102,5,1
39103,4,5
39104,5,8
39105,9,6
39106,2,1
39107,2,7
39108,4,3
39109,4,8
39110,5,4
39111,2,9
39112,9,6
39113,2,7
39114,4,5
39115,8,0
39116,1,3
39117,5,4
39118,3,2
39119,8,0
39120,4,5
39121,9,6
39122,4,3
39123,5,4
39124,4,3
39125,1,3
39126,4,5
39127,1,3
39128,5,4
39129,5,4
39130,7,6
39131,3,8
39132,4,5
39133,2,7
39134,2,9
39135,2,8
39136,3,3
39137,9,6
39138,2,1
39139,5,9
39140,4,3
39141,6,8
39142,4,8
39143,3,3
39144,2,8
39145,3,2
39146,4,2
39147,9,2
39148,5,9
39149,4,8
39150,2,7
39151,5,4
39152,5,1
39153,3,2
39154,9,6
39155,7,0
39156,8,0
39157,2,1
39158,4,5
39159,5,1
39160,9,1
39161,3,2
39162,9,2
39163,5,9
39164,9,6
39165,9,6
39166,5,9
39167,4,8
39168,3,2
39169,2,1
39170,3,2
39171,3,2
39172,5,9
39173,5,1
39174,5,9
39175,7,0
39176,4,5
39177,0,6
39178,4,8
39179,2,9
39180,9,6
39181,3,3
39182,5,4
39183,2,7
39184,2,3
39185,5,1
39186,5,4
39187,6,8
39188,0,6
39189,3,3
39190,2,7
39191,4,8
39192,5,9
39193,5,1
39194,8,0
39195,2,9
39196,2,1
39197,0,5
39198,1,2
39199,2,9
39200,9,6
39201,5,8
39202,8,0
39203,3,2
39204,5,4
39205,9,6
39206,9,6
39207,7,0
39208,4,5
39209,5,4
39210,9,2
39211,0,5
39212,9,6
39213,7,0
39214,4,5
39215,3,3
39216,9,2
39217,5,1
39218,5,4
39219,6,8
39220,8,0
39221,0,6
39222,3,3
39223,2,7
39224,7,0
39225,0,5
39226,9,6
39227,2,9
39228,3,2
39229,2,9
39230,4,5
39231,3,3
39232,5,1
39233,7,0
39234,2,9
39235,1,3
39236,8,0
39237,2,1
39238,4,8
39239,5,4
39240,1,3
39241,5,4
39242,4,8
39243,7,0
39244,2,7
39245,5,4
39246,2,7
39247,2,9
39248,5,4
39249,3,2
39250,9,6
39251,9,6
39252,2,7
39253,3,5
39254,2,7
39255,5,4
39256,5,2
39257,2,7
39258,9,6
39259,2,9
39260,8,6
39261,2,7
39262,5,1
39263,0,0
39264,4,8
39265,3,1
39266,4,8
39267,1,3
39268,9,1
39269,5,4
39270,2,1
39271,2,5
39272,5,4
39273,0,6
39274,4,5
39275,2,7
39276,2,7
39277,6,8
39278,0,6
39279,7,0
39280,4,5
39281,3,1
39282,1,2
39283,3,2
39284,3,2
39285,1,3
39286,2,9
39287,5,4
39288,5,1
39289,2,7
39290,4,3
39291,6,8
39292,0,6
39293,5,9
39294,2,7
39295,7,0
39296,3,2
39297,3,1
39298,5,4
39299,9,2
39300,5,1
39301,1,3
39302,5,4
39303,5,4
39304,0,4
39305,2,7
39306,8,0
39307,6,8
39308,4,8
39309,7,0
39310,2,7
39311,0,5
39312,4,3
39313,0,6
39314,2,7
39315,6,8
39316,2,7
39317,1,3
39318,9,6
39319,2,9
39320,9,6
39321,0,0
39322,4,8
39323,3,2
39324,5,4
39325,4,3
39326,8,0
39327,2,3
39328,5,1
39329,2,3
39330,3,2
39331,2,9
39332,9,6
39333,2,9
39334,8,0
39335,0,5
39336,9,6
39337,0,6
39338,3,2
39339,5,4
39340,9,6
39341,5,4
39342,2,2
39343,3,2
39344,4,8
39345,2,7
39346,7,0
39347,0,0
39348,2,7
39349,1,3
39350,5,8
39351,2,9
39352,2,1
39353,0,6
39354,2,1
39355,0,8
39356,9,6
39357,2,7
39358,5,7
39359,1,3
39360,7,0
39361,5,4
39362,5,1
39363,0,0
39364,5,1
39365,5,4
39366,4,3
39367,5,1
39368,5,4
39369,0,6
39370,2,9
39371,2,7
39372,9,6
39373,6,8
39374,4,5
39375,5,4
39376,8,0
39377,2,9
39378,4,8
39379,0,6
39380,4,5
39381,4,5
39382,5,8
39383,0,6
39384,4,3
39385,0,6
39386,5,4
39387,2,7
39388,9,6
39389,6,8
39390,2,7
39391,6,8
39392,1,2
39393,5,1
39394,9,6
39395,6,8
39396,5,4
39397,3,3
39398,9,2
39399,2,7
39400,4,5
39401,2,7
39402,9,1
39403,3,1
39404,5,4
39405,9,5
39406,9,6
39407,3,0
39408,3,2
39409,2,5
39410,4,5
39411,5,2
39412,4,3
39413,0,4
39414,5,4
39415,3,3
39416,4,5
39417,5,1
39418,5,9
39419,6,8
39420,3,2
39421,3,2
39422,8,0
39423,6,9
39424,2,5
39425,2,9
39426,2,7
39427,0,5
39428,2,9
39429,3,2
39430,9,6
39431,0,6
39432,5,8
39433,5,4
39434,9,2
39435,5,4
39436,4,5
39437,5,1
39438,9,8
39439,6,7
39440,9,6
39441,5,1
39442,6,8
39443,5,4
39444,2,1
39445,1,3
39446,8,0
39447,2,9
39448,5,9
39449,6,7
39450,4,8
39451,6,1
39452,4,3
39453,3,2
39454,9,1
39455,0,6
39456,4,8
39457,0,0
39458,5,4
39459,2,7
39460,4,5
39461,1,3
39462,9,1
39463,8,0
39464,5,9
39465,2,1
39466,9,6
39467,1,2
39468,4,5
39469,3,3
39470,3,2
39471,5,4
39472,5,9
39473,4,5
39474,8,0
39475,9,6
39476,3,2
39477,2,7
39478,4,8
39479,6,8
39480,9,9
39481,2,9
39482,9,5
39483,8,0
39484,2,1
39485,5,1
39486,9,4
39487,9,2
39488,3,2
39489,3,3
39490,2,7
39491,5,4
39492,5,4
39493,4,5
39494,8,0
39495,9,6
39496,9,6
39497,2,7
39498,8,0
39499,5,8
39500,2,7
39501,2,9
39502,4,5
39503,8,0
39504,8,0
39505,1,1
39506,9,6
39507,1,2
39508,9,6
39509,1,3
39510,3,2
39511,5,4
39512,2,1
39513,4,5
39514,5,4
39515,9,6
39516,5,5
39517,2,7
39518,9,2
39519,6,8
39520,4,3
39521,2,9
39522,5,4
39523,2,7
39524,2,7
39525,5,4
39526,4,5
39527,8,0
39528,0,6
39529,5,4
39530,5,8
39531,8,0
39532,5,9
39533,5,1
39534,2,7
39535,2,7
39536,5,4
39537,2,9
39538,2,9
39539,4,5
39540,2,7
39541,1,1
39542,5,1
39543,5,4
39544,2,7
39545,9,2
39546,4,1
39547,6,8
39548,5,4
39549,2,9
39550,5,1
39551,5,4
39552,5,1
39553,1,3
39554,2,1
39555,2,1
39556,4,5
39557,2,7
39558,5,4
39559,6,8
39560,2,1
39561,9,2
39562,4,5
39563,5,4
39564,8,0
39565,1,3
39566,4,3
39567,9,6
39568,5,1
39569,2,9
39570,8,0
39571,2,9
39572,9,2
39573,4,5
39574,4,5
39575,4,8
39576,2,9
39577,9,6
39578,5,9
39579,2,7
39580,2,7
39581,8,0
39582,1,2
39583,0,6
39584,5,4
39585,1,8
39586,2,7
39587,3,2
39588,5,9
39589,0,6
39590,5,4
39591,1,3
39592,3,2
39593,2,9
39594,5,1
39595,3,3
39596,4,8
39597,4,2
39598,5,9
39599,6,8
39600,1,0
39601,9,6
39602,6,8
39603,2,1
39604,4,8
39605,2,7
39606,7,0
39607,5,4
39608,3,8
39609,6,8
39610,9,6
39611,4,8
39612,8,0
39613,2,9
39614,2,9
39615,8,0
39616,2,7
39617,1,3
39618,4,3
39619,1,3
39620,7,0
39621,2,9
39622,4,1
39623,8,0
39624,7,0
39625,4,5
39626,9,6
39627,9,2
39628,8,0
39629,4,5
39630,9,6
39631,9,0
39632,9,6
39633,2,9
39634,5,4
39635,5,4
39636,5,4
39637,2,1
39638,5,4
39639,0,0
39640,2,9
39641,1,3
39642,5,9
39643,2,7
39644,3,2
39645,4,5
39646,2,1
39647,2,8
39648,2,9
39649,2,7
39650,0,6
39651,2,7
39652,1,1
39653,2,8
39654,5,9
39655,1,2
39656,9,0
39657,2,9
39658,2,8
39659,2,7
39660,2,9
39661,1,1
39662,4,8
39663,9,2
39664,7,0
39665,0,6
39666,4,5
39667,5,4
39668,5,8
39669,9,2
39670,5,4
39671,4,5
39672,2,7
39673,9,2
39674,5,4
39675,1,3
39676,2,7
39677,9,6
39678,4,3
39679,0,6
39680,5,4
39681,4,5
39682,4,2
39683,9,0
39684,5,1
39685,8,0
39686,4,3
39687,2,7
39688,9,2
39689,4,5
39690,5,4
39691,1,2
39692,2,9
39693,6,8
39694,5,9
39695,2,1
39696,4,3
39697,0,6
39698,3,2
39699,1,1
39700,4,5
39701,0,0
39702,2,9
39703,5,4
39704,4,3
39705,1,3
39706,4,3
39707,5,1
39708,2,2
39709,9,6
39710,8,0
39711,5,1
39712,2,7
39713,2,9
39714,7,0
39715,7,0
39716,5,1
39717,9,1
39718,2,9
39719,3,2
39720,5,4
39721,3,3
39722,4,5
39723,5,4
39724,5,9
39725,3,5
39726,9,2
39727,9,6
39728,3,3
39729,2,7
39730,5,4
39731,6,8
39732,5,9
39733,2,9
39734,1,2
39735,7,0
39736,9,6
39737,2,1
39738,5,4
39739,3,2
39740,8,0
39741,3,3
39742,9,6
39743,5,4
39744,4,3
39745,4,5
39746,8,0
39747,0,6
39748,4,5
39749,2,7
39750,5,9
39751,3,8
39752,2,7
39753,2,9
39754,5,9
39755,7,0
39756,4,8
39757,3,1
39758,8,0
39759,3,2
39760,2,7
39761,3,3
39762,2,9
39763,5,4
39764,3,8
39765,4,5
39766,0,6
39767,4,6
39768,4,3
39769,2,7
39770,4,3
39771,3,8
39772,9,2
39773,3,5
39774,4,3
39775,7,0
39776,5,1
39777,0,6
39778,4,8
39779,3,8
39780,4,5
39781,2,9
39782,2,1
39783,5,4
39784,2,7
39785,9,1
39786,4,3
39787,2,9
39788,8,0
39789,7,0
39790,3,2
39791,5,4
39792,9,6
39793,6,8
39794,9,2
39795,2,9
39796,2,1
39797,3,1
39798,4,3
39799,2,4
39800,8,0
39801,8,0
39802,2,9
39803,4,5
39804,4,3
39805,2,1
39806,4,8
39807,3,5
39808,4,5
39809,5,4
39810,8,2
39811,7,0
39812,5,4
39813,2,7
39814,3,3
39815,9,6
39816,2,9
39817,8,0
39818,0,1
39819,2,1
39820,4,3
39821,2,7
39822,5,9
39823,7,0
39824,9,6
39825,9,6
39826,2,7
39827,3,8
39828,1,1
39829,2,9
39830,5,1
39831,3,5
39832,4,8
39833,5,4
39834,2,9
39835,2,7
39836,3,3
39837,0,6
39838,2,1
39839,7,0
39840,3,2
39841,3,8
39842,5,9
39843,2,1
39844,5,4
39845,2,7
39846,5,1
39847,2,7
39848,9,0
39849,5,1
39850,8,0
39851,3,3
39852,4,3
39853,9,2
39854,7,0
39855,3,3
39856,8,0
39857,9,1
39858,4,5
39859,7,0
39860,3,2
39861,7,0
39862,9,2
39863,2,7
39864,0,8
39865,3,8
39866,5,4
39867,5,4
39868,2,7
39869,2,9
39870,9,6
39871,3,3
39872,4,8
39873,3,8
39874,8,0
39875,2,4
39876,4,8
39877,2,7
39878,2,1
39879,3,2
39880,2,7
39881,4,5
39882,4,8
39883,0,6
39884,4,3
39885,3,3
39886,5,4
39887,0,6
39888,2,1
39889,2,9
39890,7,0
39891,5,4
39892,3,2
39893,9,6
39894,5,4
39895,2,9
39896,5,1
39897,7,0
39898,7,0
39899,5,2
39900,1,3
39901,3,5
39902,5,8
39903,3,5
39904,4,3
39905,3,1
39906,7,0
39907,3,3
39908,9,6
39909,3,3
39910,4,5
39911,2,9
39912,5,1
39913,2,7
39914,5,2
39915,6,8
39916,5,4
39917,2,7
39918,3,2
39919,3,2
39920,2,7
39921,9,2
39922,5,8
39923,3,5
39924,2,9
39925,2,7
39926,5,8
39927,2,9
39928,4,3
39929,9,2
39930,3,2
39931,2,1
39932,2,9
39933,3,3
39934,9,6
39935,8,0
39936,5,1
39937,2,1
39938,5,8
39939,3,2
39940,4,5
39941,3,3
39942,2,9
39943,5,4
39944,8,0
39945,4,5
39946,4,5
39947,0,6
39948,9,8
39949,2,7
39950,5,1
39951,6,8
39952,4,5
39953,2,9
39954,5,4
39955,7,0
39956,7,0
39957,1,1
39958,4,5
39959,3,2
39960,8,0
39961,1,3
39962,4,5
39963,5,4
39964,4,5
39965,4,5
39966,4,5
39967,0,6
39968,7,0
39969,2,7
39970,3,2
39971,6,8
39972,4,5
39973,2,9
39974,5,9
39975,7,0
39976,5,4
39977,1,1
39978,3,5
39979,3,2
39980,5,1
39981,3,3
39982,1,3
39983,5,4
39984,5,1
39985,4,5
39986,2,1
39987,9,6
39988,2,1
39989,2,7
39990,5,4
39991,3,8
39992,8,0
39993,2,9
39994,9,8
39995,2,8
39996,4,5
39997,2,9
39998,5,9
39999,3,5
40000,2,7
40001,2,7
40002,7,0
40003,0,0
40004,5,1
40005,3,3
40006,5,9
40007,9,1
40008,4,5
40009,9,6
40010,0,6
40011,6,8
40012,9,8
40013,5,4
40014,4,5
40015,1,1
40016,4,8
40017,2,7
40018,2,7
40019,0,6
40020,4,3
40021,3,5
40022,9,8
40023,0,6
40024,5,1
40025,5,4
40026,5,9
40027,3,2
40028,5,9
40029,2,7
40030,5,4
40031,6,8
40032,4,5
40033,2,1
40034,9,6
40035,3,3
40036,9,6
40037,3,2
40038,8,0
40039,7,0
40040,7,0
40041,3,5
40042,8,0
40043,0,0
40044,9,2
40045,2,1
40046,2,7
40047,2,9
40048,4,8
40049,9,2
40050,2,9
40051,3,3
40052,5,1
40053,3,2
40054,3,2
40055,1,3
40056,2,1
40057,4,5
40058,5,1
40059,4,5
40060,2,7
40061,2,7
40062,5,4
40063,2,9
40064,4,8
40065,5,9
40066,5,4
40067,2,7
40068,4,3
40069,5,1
40070,2,7
40071,5,1
40072,9,6
40073,2,9
40074,7,0
40075,0,0
40076,9,2
40077,2,7
40078,4,3
40079,3,3
40080,2,7
40081,5,4
40082,8,0
40083,6,8
40084,9,2
40085,0,6
40086,5,1
40087,1,3
40088,4,5
40089,3,8
40090,1,2
40091,7,0
40092,4,8
40093,0,6
40094,5,4
40095,1,2
40096,9,2
40097,5,1
40098,9,1
40099,7,0
40100,4,3
40101,5,1
40102,2,9
40103,7,0
40104,4,3
40105,9,6
40106,2,8
40107,9,2
40108,7,0
40109,3,3
40110,4,8
40111,4,8
40112,5,4
40113,2,9
40114,2,7
40115,7,0
40116,5,4
40117,2,7
40118,2,7
40119,3,2
40120,3,2
40121,3,3
40122,7,0
40123,5,4
40124,9,6
40125,3,5
40126,2,9
40127,3,5
40128,2,9
40129,3,2
40130,5,4
40131,3,8
40132,5,1
40133,4,5
40134,4,8
40135,5,4
40136,8,9
40137,0,6
40138,2,8
40139,0,6
40140,2,1
40141,0,6
40142,2,1
40143,2,7
40144,4,5
40145,2,9
40146,3,8
40147,9,1
40148,2,1
40149,6,8
40150,7,0
40151,3,2
40152,3,2
40153,1,1
40154,4,5
40155,3,2
40156,5,4
40157,0,6
40158,4,8
40159,4,5
40160,8,2
40161,3,3
40162,8,0
40163,5,4
40164,5,4
40165,2,7
40166,4,3
40167,2,9
40168,5,4
40169,5,4
40170,2,7
40171,0,0
40172,4,5
40173,8,0
40174,5,9
40175,4,5
40176,9,6
40177,2,9
40178,2,1
40179,7,0
40180,8,0
40181,2,1
40182,0,5
40183,3,2
40184,4,3
40185,4,3
40186,2,7
40187,5,4
40188,8,0
40189,4,5
40190,2,1
40191,0,6
40192,4,8
40193,2,7
40194,4,5
40195,3,8
40196,5,1
40197,5,9
40198,1,2
40199,7,0
40200,7,0
40201,5,1
40202,2,3
40203,3,2
40204,2,7
40205,4,3
40206,7,2
40207,4,5
40208,7,0
40209,0,6
40210,9,1
40211,2,7
40212,1,2
40213,2,8
40214,2,7
40215,2,9
40216,6,7
40217,0,0
40218,8,0
40219,0,1
40220,5,1
40221,3,2
40222,2,7
40223,3,3
40224,5,4
40225,5,4
40226,5,4
40227,4,5
40228,7,0
40229,0,6
40230,9,6
40231,2,7
40232,2,7
40233,6,8
40234,5,4
40235,2,9
40236,5,4
40237,7,0
40238,5,4
40239,2,7
40240,0,0
40241,7,0
40242,2,7
40243,2,7
40244,9,6
40245,6,8
40246,8,0
40247,3,3
40248,5,1
40249,7,0
40250,5,9
40251,7,0
40252,3,8
40253,4,5
40254,4,3
40255,0,5
40256,3,3
40257,3,3
40258,4,5
40259,6,8
40260,7,0
40261,3,8
40262,8,0
40263,2,1
40264,4,9
40265,6,8
40266,7,0
40267,5,4
40268,4,5
40269,2,9
40270,5,9
40271,0,6
40272,1,2
40273,9,1
40274,4,8
40275,6,8
40276,5,1
40277,7,0
40278,9,6
40279,3,2
40280,8,0
40281,3,3
40282,9,6
40283,2,9
40284,8,0
40285,5,4
40286,7,0
40287,9,1
40288,5,4
40289,3,2
40290,4,5
40291,0,5
40292,2,9
40293,2,9
40294,5,1
40295,3,8
40296,4,8
40297,2,9
40298,4,3
40299,5,4
40300,5,9
40301,4,3
40302,5,9
40303,0,0
40304,0,6
40305,3,3
40306,5,8
40307,3,3
40308,2,7
40309,5,4
40310,2,1
40311,2,7
40312,7,0
40313,7,0
40314,5,1
40315,2,1
40316,5,4
40317,2,9
40318,9,2
40319,9,1
40320,7,0
40321,3,2
40322,8,0
40323,2,7
40324,3,8
40325,2,9
40326,3,5
40327,2,1
40328,5,9
40329,7,0
40330,5,9
40331,0,6
40332,9,6
40333,3,2
40334,5,4
40335,7,0
40336,8,0
40337,4,3
40338,2,7
40339,3,8
40340,7,0
40341,2,9
40342,9,6
40343,5,4
40344,2,7
40345,3,2
40346,4,5
40347,4,5
40348,2,1
40349,0,6
40350,3,5
40351,9,6
40352,5,1
40353,4,5
40354,5,4
40355,9,6
40356,9,6
40357,2,7
40358,2,7
40359,2,1
40360,4,2
40361,5,4
40362,2,1
40363,5,4
40364,1,8
40365,3,2
40366,3,2
40367,0,6
40368,2,7
40369,3,2
40370,2,7
40371,5,9
40372,2,9
40373,2,1
40374,3,3
40375,3,3
40376,3,2
40377,9,1
40378,9,7
40379,5,4
40380,5,1
40381,6,8
40382,3,3
40383,0,6
40384,4,3
40385,3,3
40386,2,7
40387,2,7
40388,3,2
40389,7,0
40390,8,0
40391,2,9
40392,5,4
40393,0,5
40394,9,6
40395,0,6
40396,8,0
40397,2,7
40398,4,8
40399,9,1
40400,8,0
40401,4,3
40402,5,4
40403,3,8
40404,4,3
40405,3,2
40406,6,7
40407,0,6
40408,4,8
40409,3,2
40410,4,8
40411,0,6
40412,8,0
40413,3,2
40414,8,0
40415,2,7
40416,3,2
40417,3,8
40418,8,0
40419,2,7
40420,1,2
40421,7,0
40422,4,5
40423,1,1
40424,5,4
40425,3,2
40426,5,4
40427,3,3
40428,8,0
40429,5,4
40430,2,7
40431,0,5
40432,4,5
40433,0,6
40434,4,5
40435,2,7
40436,2,7
40437,6,8
40438,2,1
40439,2,9
40440,5,9
40441,7,0
40442,2,7
40443,3,1
40444,5,4
40445,3,2
40446,5,9
40447,3,3
40448,2,9
40449,5,4
40450,5,4
40451,2,7
40452,3,3
40453,6,8
40454,7,0
40455,2,9
40456,9,0
40457,0,0
40458,5,9
40459,3,1
40460,5,4
40461,3,2
40462,4,3
40463,3,3
40464,5,1
40465,6,7
40466,9,8
40467,6,8
40468,2,1
40469,2,9
40470,2,7
40471,7,0
40472,3,8
40473,3,5
40474,4,5
40475,0,6
40476,2,7
40477,2,9
40478,4,5
40479,7,0
40480,1,3
40481,3,3
40482,9,1
40483,3,3
40484,9,6
40485,2,9
40486,8,0
40487,6,9
40488,3,8
40489,0,5
40490,4,3
40491,0,6
40492,8,6
40493,0,4
40494,1,0
40495,2,4
40496,5,4
40497,3,2
40498,1,2
40499,2,9
40500,2,7
40501,0,6
40502,4,3
40503,6,8
40504,9,1
40505,2,7
40506,2,7
40507,6,9
40508,2,9
40509,0,1
40510,2,7
40511,0,5
40512,2,7
40513,3,2
40514,0,6
40515,0,6
40516,2,1
40517,4,3
40518,4,5
40519,5,4
40520,4,3
40521,7,0
40522,5,9
40523,2,4
40524,2,7
40525,3,1
40526,9,6
40527,0,6
40528,5,9
40529,5,4
40530,5,2
40531,2,9
40532,3,3
40533,0,6
40534,4,5
40535,3,5
40536,3,2
40537,9,1
40538,9,6
40539,3,2
40540,4,3
40541,0,6
40542,1,2
40543,0,6
40544,8,0
40545,2,7
40546,4,5
40547,6,8
40548,5,4
40549,6,8
40550,4,3
40551,1,1
40552,5,4
40553,6,8
40554,9,6
40555,1,3
40556,1,2
40557,2,7
40558,4,8
40559,2,7
40560,9,6
40561,5,1
40562,1,2
40563,0,0
40564,9,6
40565,0,0
40566,3,2
40567,3,5
40568,5,1
40569,3,2
40570,4,3
40571,3,8
40572,1,3
40573,5,4
40574,3,3
40575,3,3
40576,5,4
40577,3,1
40578,4,3
40579,6,8
40580,9,2
40581,3,2
40582,8,0
40583,2,9
40584,5,9
40585,6,9
40586,7,0
40587,0,5
40588,4,3
40589,3,2
40590,2,7
40591,0,6
40592,3,2
40593,2,4
40594,9,6
40595,6,8
40596,9,6
40597,3,2
40598,1,2
40599,0,5
40600,5,4
40601,2,4
40602,5,4
40603,6,7
40604,2,1
40605,3,1
40606,5,4
40607,3,2
40608,2,9
40609,0,6
40610,2,1
40611,7,0
40612,7,0
40613,7,0
40614,1,2
40615,9,1
40616,9,6
40617,3,2
40618,3,3
40619,4,3
40620,4,3
40621,5,4
40622,5,2
40623,4,5
40624,4,5
40625,9,6
40626,4,8
40627,2,7
40628,5,9
40629,3,8
40630,7,0
40631,2,9
40632,1,2
40633,7,0
40634,2,9
40635,0,1
40636,4,3
40637,9,2
40638,2,7
40639,4,3
40640,4,5
40641,0,6
40642,9,6
40643,2,7
40644,1,1
40645,3,8
40646,5,8
40647,2,9
40648,7,0
40649,7,0
40650,9,6
40651,9,1
40652,4,8
40653,9,2
40654,4,5
40655,4,3
40656,5,9
40657,5,4
40658,9,1
40659,4,5
40660,5,4
40661,0,6
40662,4,3
40663,2,7
40664,9,1
40665,3,8
40666,2,9
40667,2,9
40668,2,7
40669,4,5
40670,5,9
40671,5,4
40672,5,4
40673,5,8
40674,4,5
40675,2,7
40676,9,6
40677,5,4
40678,4,5
40679,2,7
40680,5,4
40681,2,7
40682,2,1
40683,4,3
40684,2,7
40685,2,9
40686,3,2
40687,4,8
40688,4,5
40689,5,8
40690,7,0
40691,3,3
40692,9,1
40693,5,1
40694,2,1
40695,3,5
40696,2,1
40697,4,8
40698,4,8
40699,3,2
40700,2,7
40701,2,7
40702,9,4
40703,5,4
40704,2,5
40705,3,2
40706,4,8
40707,0,6
40708,3,8
40709,5,4
40710,2,7
40711,0,5
40712,2,7
40713,3,5
40714,5,1
40715,4,8
40716,5,1
40717,0,6
40718,4,2
40719,5,4
40720,4,3
40721,5,4
40722,4,3
40723,5,4
40724,2,1
40725,2,1
40726,4,8
40727,4,8
40728,2,7
40729,2,7
40730,2,7
40731,4,5
40732,8,0
40733,4,5
40734,4,3
40735,9,1
40736,4,5
40737,4,8
40738,4,5
40739,3,3
40740,9,2
40741,9,6
40742,2,7
40743,3,3
40744,5,1
40745,4,3
40746,7,0
40747,3,2
40748,4,5
40749,3,2
40750,3,8
40751,0,6
40752,4,3
40753,2,9
40754,9,6
40755,2,9
40756,6,5
40757,0,6
40758,3,8
40759,4,5
40760,7,0
40761,4,5
40762,5,9
40763,3,3
40764,5,9
40765,4,3
40766,9,4
40767,4,8
40768,2,7
40769,9,1
40770,2,1
40771,0,6
40772,5,9
40773,0,5
40774,2,7
40775,0,6
40776,4,5
40777,4,8
40778,8,0
40779,2,1
40780,8,0
40781,2,9
40782,3,2
40783,2,7
40784,2,7
40785,0,6
40786,2,9
40787,2,8
40788,3,2
40789,4,3
40790,9,1
40791,2,7
40792,4,8
40793,5,4
40794,2,7
40795,2,7
40796,5,1
40797,7,0
40798,9,6
40799,2,9
40800,2,9
40801,7,0
40802,5,1
40803,7,0
40804,2,9
40805,4,3
40806,5,4
40807,2,7
40808,1,8
40809,2,9
40810,2,7
40811,4,3
40812,3,2
40813,7,0
40814,4,8
40815,3,2
40816,3,2
40817,7,0
40818,1,3
40819,2,1
40820,7,0
40821,7,0
40822,2,7
40823,5,1
40824,4,5
40825,0,0
40826,2,1
40827,5,4
40828,9,6
40829,3,0
40830,4,3
40831,2,1
40832,3,2
40833,7,0
40834,5,4
40835,5,4
40836,4,3
40837,2,7
40838,2,7
40839,2,9
40840,4,5
40841,3,2
40842,5,4
40843,0,0
40844,8,0
40845,0,6
40846,5,4
40847,3,2
40848,5,1
40849,0,6
40850,8,0
40851,3,2
40852,4,8
40853,3,2
40854,2,9
40855,2,9
40856,6,8
40857,2,9
40858,1,3
40859,8,0
40860,5,1
40861,4,1
40862,9,6
40863,1,2
40864,2,1
40865,4,3
40866,1,3
40867,5,4
40868,4,5
40869,4,5
40870,3,2
40871,9,6
40872,2,7
40873,2,7
40874,4,6
40875,4,8
40876,5,9
40877,7,0
40878,9,1
40879,5,1
40880,5,1
40881,3,2
40882,4,8
40883,4,3
40884,5,1
40885,5,4
40886,4,2
40887,4,5
40888,7,0
40889,9,6
40890,5,9
40891,2,7
40892,4,3
40893,4,8
40894,0,6
40895,7,0
40896,3,1
40897,2,1
40898,4,3
40899,3,2
40900,1,2
40901,4,3
40902,4,5
40903,5,4
40904,1,3
40905,4,5
40906,2,7
40907,9,6
40908,9,1
40909,2,1
40910,5,4
40911,2,7
40912,5,4
40913,5,4
40914,3,3
40915,8,0
40916,2,7
40917,9,6
40918,2,1
40919,5,4
40920,4,5
40921,2,1
40922,7,0
40923,5,4
40924,5,1
40925,3,3
40926,4,3
40927,9,6
40928,7,8
40929,1,2
40930,2,5
40931,3,3
40932,3,3
40933,5,4
40934,5,4
40935,5,8
40936,7,2
40937,2,7
40938,5,9
40939,4,8
40940,4,3
40941,9,6
40942,3,8
40943,2,9
40944,2,1
40945,4,8
40946,5,4
40947,3,3
40948,3,2
40949,1,2
40950,5,4
40951,1,2
40952,9,6
40953,4,8
40954,5,1
40955,5,4
40956,3,2
40957,4,8
40958,7,0
40959,4,5
40960,4,8
40961,9,6
40962,4,3
40963,4,5
40964,4,5
40965,8,0
40966,4,5
40967,1,2
40968,9,2
40969,8,0
40970,5,4
40971,5,1
40972,4,5
40973,2,1
40974,2,1
40975,9,2
40976,2,1
40977,2,9
40978,5,9
40979,9,6
40980,9,6
40981,4,8
40982,5,1
40983,2,1
40984,5,9
40985,3,2
40986,9,6
40987,9,1
40988,3,2
40989,8,0
40990,5,4
40991,9,6
40992,5,4
40993,4,5
40994,5,9
40995,9,2
40996,4,3
40997,5,9
40998,4,8
40999,5,1
41000,4,5
41001,4,5
41002,2,7
41003,4,3
41004,9,2
41005,2,9
41006,5,4
41007,4,3
41008,5,9
41009,2,7
41010,4,3
41011,2,1
41012,8,0
41013,4,8
41014,5,9
41015,4,3
41016,9,5
41017,4,8
41018,0,6
41019,2,1
41020,5,4
41021,5,9
41022,5,4
41023,4,5
41024,2,7
41025,4,5
41026,2,7
41027,7,0
41028,5,4
41029,2,1
41030,7,0
41031,5,1
41032,4,5
41033,2,9
41034,4,8
41035,4,8
41036,5,4
41037,1,2
41038,8,0
41039,9,6
41040,2,9
41041,8,0
41042,2,9
41043,5,4
41044,2,7
41045,4,5
41046,5,8
41047,9,6
41048,4,3
41049,4,5
41050,9,6
41051,8,0
41052,8,0
41053,4,3
41054,2,7
41055,2,1
41056,7,0
41057,4,8
41058,2,9
41059,9,6
41060,4,6
41061,2,7
41062,2,7
41063,4,5
41064,4,8
41065,5,9
41066,5,4
41067,4,3
41068,5,4
41069,8,0
41070,2,9
41071,3,3
41072,0,5
41073,2,1
41074,4,2
41075,5,4
41076,2,1
41077,8,0
41078,8,8
41079,5,4
41080,4,2
41081,2,9
41082,9,2
41083,2,7
41084,2,9
41085,4,3
41086,9,6
41087,3,2
41088,2,7
41089,9,6
41090,2,1
41091,4,5
41092,4,8
41093,5,4
41094,0,5
41095,2,7
41096,5,4
41097,2,9
41098,5,4
41099,2,7
41100,8,0
41101,7,0
41102,5,9
41103,1,1
41104,5,1
41105,3,2
41106,5,8
41107,4,3
41108,8,0
41109,5,4
41110,4,3
41111,0,6
41112,1,2
41113,2,7
41114,5,9
41115,6,8
41116,5,9
41117,7,0
41118,9,8
41119,3,1
41120,5,4
41121,3,2
41122,8,0
41123,3,3
41124,5,8
41125,5,4
41126,7,0
41127,4,5
41128,5,9
41129,0,6
41130,4,8
41131,2,7
41132,4,8
41133,3,8
41134,9,6
41135,2,9
41136,4,3
41137,7,0
41138,8,0
41139,2,1
41140,4,5
41141,3,2
41142,9,6
41143,3,3
41144,4,5
41145,5,4
41146,2,1
41147,3,5
41148,2,7
41149,0,6
41150,5,1
41151,2,7
41152,4,5
41153,3,8
41154,6,8
41155,2,9
41156,7,0
41157,0,6
41158,7,0
41159,5,4
41160,9,6
41161,2,7
41162,2,9
41163,5,4
41164,2,7
41165,1,3
41166,5,4
41167,0,6
41168,2,7
41169,3,2
41170,9,6
41171,3,3
41172,0,6
41173,5,4
41174,2,7
41175,3,8
41176,2,7
41177,2,9
41178,5,9
41179,3,2
41180,9,8
41181,3,2
41182,3,2
41183,6,8
41184,2,7
41185,0,5
41186,4,5
41187,7,0
41188,9,6
41189,3,2
41190,9,6
41191,7,0
41192,5,4
41193,2,1
41194,2,7
41195,3,1
41196,5,9
41197,3,2
41198,9,6
41199,2,9
41200,4,8
41201,0,6
41202,4,5
41203,3,8
41204,2,2
41205,2,1
41206,5,4
41207,3,2
41208,4,5
41209,3,1
41210,2,1
41211,7,0
41212,3,3
41213,0,6
41214,9,6
41215,4,5
41216,9,2
41217,9,2
41218,4,8
41219,2,9
41220,5,4
41221,2,7
41222,5,1
41223,4,5
41224,2,7
41225,3,3
41226,5,1
41227,2,9
41228,7,0
41229,3,3
41230,4,5
41231,6,8
41232,2,7
41233,3,3
41234,2,2
41235,3,8
41236,2,7
41237,3,1
41238,2,1
41239,2,9
41240,2,7
41241,9,5
41242,9,6
41243,3,5
41244,2,7
41245,7,0
41246,9,6
41247,3,1
41248,2,1
41249,1,1
41250,2,7
41251,2,9
41252,7,0
41253,4,8
41254,4,9
41255,3,2
41256,3,2
41257,0,6
41258,2,5
41259,7,0
41260,9,2
41261,0,6
41262,9,6
41263,3,5
41264,9,2
41265,7,0
41266,9,1
41267,1,3
41268,9,6
41269,2,1
41270,5,9
41271,6,8
41272,9,6
41273,0,6
41274,8,9
41275,2,7
41276,2,2
41277,4,5
41278,4,5
41279,2,9
41280,2,7
41281,2,9
41282,5,1
41283,1,3
41284,2,2
41285,7,0
41286,8,0
41287,1,3
41288,8,0
41289,2,1
41290,1,2
41291,7,0
41292,0,2
41293,0,4
41294,3,2
41295,2,9
41296,8,0
41297,2,7
41298,5,4
41299,1,3
41300,2,7
41301,3,2
41302,2,9
41303,0,6
41304,3,8
41305,0,5
41306,2,9
41307,0,4
41308,0,6
41309,2,7
41310,2,7
41311,2,9
41312,4,5
41313,2,7
41314,4,5
41315,7,0
41316,9,6
41317,3,3
41318,0,0
41319,0,4
41320,8,0
41321,4,5
41322,4,5
41323,0,6
41324,2,7
41325,6,7
41326,5,9
41327,6,8
41328,2,7
41329,2,9
41330,1,2
41331,7,0
41332,5,1
41333,3,1
41334,4,9
41335,0,2
41336,2,7
41337,3,3
41338,7,0
41339,2,7
41340,9,2
41341,0,0
41342,5,4
41343,3,3
41344,9,6
41345,6,7
41346,0,6
41347,3,8
41348,3,2
41349,5,9
41350,8,0
41351,0,6
41352,8,0
41353,7,0
41354,5,4
41355,5,4
41356,4,3
41357,7,0
41358,9,0
41359,3,8
41360,2,1
41361,0,6
41362,2,7
41363,6,8
41364,2,9
41365,2,7
41366,1,2
41367,6,7
41368,7,0
41369,2,9
41370,4,5
41371,0,0
41372,2,1
41373,0,4
41374,8,0
41375,2,9
41376,8,0
41377,2,9
41378,3,3
41379,2,7
41380,9,6
41381,0,4
41382,1,2
41383,0,0
41384,8,0
41385,3,3
41386,5,1
41387,9,5
41388,8,0
41389,4,5
41390,4,5
41391,3,3
41392,9,1
41393,3,8
41394,5,8
41395,2,9
41396,5,8
41397,3,2
41398,1,2
41399,3,2
41400,0,6
41401,0,0
41402,4,5
41403,2,9
41404,4,3
41405,2,7
41406,8,0
41407,3,3
41408,9,6
41409,0,1
41410,9,6
41411,3,3
41412,8,0
41413,0,6
41414,2,7
41415,0,6
41416,4,8
41417,3,2
41418,9,1
41419,3,1
41420,3,2
41421,3,2
41422,5,9
41423,0,6
41424,4,1
41425,7,0
41426,0,4
41427,3,2
41428,1,3
41429,3,2
41430,9,6
41431,6,8
41432,8,0
41433,2,9
41434,8,9
41435,0,5
41436,4,3
41437,2,1
41438,2,2
41439,0,6
41440,5,4
41441,3,8
41442,9,6
41443,7,0
41444,5,4
41445,0,0
41446,2,1
41447,7,0
41448,2,7
41449,9,1
41450,2,7
41451,3,2
41452,9,6
41453,3,3
41454,2,1
41455,5,4
41456,5,4
41457,0,5
41458,9,2
41459,0,6
41460,9,2
41461,2,7
41462,9,5
41463,3,8
41464,4,8
41465,7,0
41466,9,2
41467,2,1
41468,4,8
41469,3,2
41470,2,7
41471,3,3
41472,2,7
41473,5,4
41474,2,1
41475,0,5
41476,4,3
41477,0,6
41478,3,2
41479,2,7
41480,5,9
41481,3,8
41482,5,4
41483,2,9
41484,1,2
41485,7,0
41486,4,5
41487,3,1
41488,9,6
41489,3,2
41490,8,0
41491,3,3
41492,5,1
41493,2,7
41494,2,3
41495,3,8
41496,2,7
41497,2,9
41498,4,5
41499,5,4
41500,0,6
41501,2,9
41502,5,9
41503,2,9
41504,3,8
41505,6,8
41506,7,0
41507,3,3
41508,9,6
41509,3,5
41510,5,9
41511,5,4
41512,3,2
41513,3,3
41514,5,1
41515,3,3
41516,3,2
41517,0,6
41518,9,1
41519,0,6
41520,2,7
41521,4,5
41522,4,5
41523,0,5
41524,5,1
41525,5,1
41526,9,1
41527,2,7
41528,5,4
41529,3,8
41530,2,7
41531,5,4
41532,2,7
41533,4,5
41534,8,0
41535,2,7
41536,2,1
41537,3,3
41538,4,6
41539,4,5
41540,4,2
41541,3,2
41542,2,1
41543,3,3
41544,3,8
41545,0,6
41546,9,6
41547,0,6
41548,4,5
41549,2,7
41550,4,8
41551,2,7
41552,4,3
41553,7,0
41554,5,1
41555,2,1
41556,8,0
41557,0,0
41558,2,7
41559,2,1
41560,6,8
41561,0,6
41562,2,9
41563,2,9
41564,4,8
41565,3,3
41566,4,5
41567,3,1
41568,5,4
41569,5,4
41570,8,0
41571,2,7
41572,0,6
41573,3,3
41574,5,4
41575,3,8
41576,5,4
41577,0,6
41578,4,8
41579,3,2
41580,5,4
41581,3,2
41582,4,5
41583,2,9
41584,2,7
41585,3,1
41586,9,6
41587,3,5
41588,8,0
41589,2,9
41590,4,3
41591,3,1
41592,4,8
41593,3,2
41594,5,9
41595,3,2
41596,5,1
41597,2,7
41598,4,8
41599,2,9
41600,2,1
41601,2,7
41602,4,5
41603,2,9
41604,2,7
41605,2,9
41606,7,0
41607,3,1
41608,4,3
41609,7,0
41610,4,5
41611,3,8
41612,8,0
41613,2,9
41614,8,0
41615,2,7
41616,8,0
41617,7,0
41618,9,5
41619,3,3
41620,8,0
41621,3,8
41622,2,8
41623,2,1
41624,4,3
41625,5,4
41626,9,4
41627,7,0
41628,4,5
41629,3,3
41630,2,7
41631,0,6
41632,4,3
41633,3,2
41634,8,0
41635,7,0
41636,9,6
41637,3,1
41638,9,1
41639,3,3
41640,2,1
41641,3,1
41642,9,6
41643,7,0
41644,5,9
41645,2,9
41646,8,0
41647,7,0
41648,5,4
41649,5,1
41650,2,7
41651,3,2
41652,5,8
41653,4,3
41654,9,6
41655,5,4
41656,2,7
41657,4,5
41658,5,1
41659,9,6
41660,2,7
41661,2,7
41662,9,2
41663,3,8
41664,5,4
41665,2,9
41666,9,6
41667,8,0
41668,2,2
41669,5,1
41670,4,5
41671,5,4
41672,3,2
41673,4,5
41674,4,5
41675,9,6
41676,0,6
41677,2,7
41678,5,4
41679,3,8
41680,5,4
41681,2,9
41682,4,5
41683,7,0
41684,5,9
41685,5,1
41686,5,4
41687,3,2
41688,9,6
41689,3,3
41690,9,6
41691,5,4
41692,2,7
41693,4,5
41694,5,1
41695,9,6
41696,7,0
41697,2,7
41698,2,7
41699,4,8
41700,5,7
41701,2,9
41702,1,2
41703,9,6
41704,4,3
41705,2,8
41706,5,9
41707,2,7
41708,3,2
41709,3,8
41710,2,2
41711,9,6
41712,4,8
41713,7,0
41714,5,4
41715,9,1
41716,5,4
41717,2,7
41718,9,8
41719,4,5
41720,4,3
41721,3,2
41722,5,4
41723,9,1
41724,5,4
41725,2,7
41726,9,6
41727,4,3
41728,5,1
41729,7,0
41730,3,2
41731,4,5
41732,9,1
41733,2,1
41734,5,9
41735,0,6
41736,9,6
41737,4,5
41738,2,9
41739,3,1
41740,4,3
41741,3,2
41742,1,3
41743,7,0
41744,5,1
41745,3,2
41746,9,6
41747,3,3
41748,2,1
41749,5,4
41750,9,1
41751,3,8
41752,4,5
41753,3,3
41754,4,5
41755,4,3
41756,8,0
41757,9,6
41758,4,8
41759,4,5
41760,2,7
41761,5,9
41762,2,7
41763,5,9
41764,4,8
41765,4,3
41766,9,2
41767,4,3
41768,5,9
41769,2,7
41770,8,0
41771,2,9
41772,5,5
41773,3,3
41774,5,4
41775,5,4
41776,4,3
41777,9,1
41778,9,6
41779,2,7
41780,5,4
41781,3,3
41782,0,6
41783,2,9
41784,2,1
41785,0,6
41786,4,5
41787,2,9
41788,2,7
41789,7,0
41790,0,6
41791,2,9
41792,5,9
41793,9,6
41794,3,2
41795,0,0
41796,5,4
41797,9,6
41798,4,5
41799,5,1
41800,0,6
41801,4,8
41802,9,2
41803,4,5
41804,5,4
41805,9,1
41806,8,0
41807,8,0
41808,4,5
41809,9,1
41810,8,0
41811,8,0
41812,5,1
41813,2,9
41814,9,6
41815,4,5
41816,4,1
41817,2,9
41818,5,4
41819,7,0
41820,4,3
41821,3,2
41822,4,3
41823,2,1
41824,5,1
41825,5,4
41826,5,1
41827,2,9
41828,9,6
41829,0,6
41830,3,2
41831,4,8
41832,2,2
41833,2,9
41834,4,3
41835,3,2
41836,5,1
41837,7,0
41838,5,4
41839,1,1
41840,5,9
41841,3,2
41842,9,6
41843,3,3
41844,2,7
41845,5,4
41846,5,4
41847,0,5
41848,9,6
41849,0,6
41850,4,3
41851,2,7
41852,2,1
41853,3,8
41854,2,7
41855,2,9
41856,8,0
41857,7,0
41858,5,1
41859,3,1
41860,4,2
41861,7,2
41862,2,1
41863,3,3
41864,5,4
41865,5,4
41866,1,8
41867,0,5
41868,4,5
41869,0,6
41870,5,4
41871,2,7
41872,2,7
41873,6,8
41874,9,6
41875,2,9
41876,9,6
41877,7,0
41878,9,2
41879,3,1
41880,8,0
41881,7,2
41882,4,8
41883,3,3
41884,5,1
41885,5,4
41886,5,4
41887,0,5
41888,5,1
41889,9,6
41890,9,6
41891,2,7
41892,2,7
41893,6,8
41894,2,1
41895,2,9
41896,7,0
41897,1,1
41898,5,1
41899,9,6
41900,9,2
41901,4,8
41902,4,3
41903,2,9
41904,4,5
41905,5,9
41906,5,4
41907,0,0
41908,2,1
41909,5,1
41910,2,7
41911,6,2
41912,9,6
41913,5,4
41914,5,1
41915,5,4
41916,3,2
41917,3,3
41918,5,9
41919,2,7
41920,2,7
41921,5,4
41922,8,0
41923,5,4
41924,8,9
41925,5,4
41926,4,5
41927,7,0
41928,2,7
41929,3,3
41930,5,4
41931,3,8
41932,2,9
41933,0,5
41934,4,5
41935,6,8
41936,3,2
41937,3,2
41938,4,5
41939,2,1
41940,9,6
41941,2,7
41942,5,9
41943,1,3
41944,4,1
41945,4,5
41946,3,2
41947,6,8
41948,5,9
41949,0,5
41950,5,4
41951,3,5
41952,4,8
41953,2,9
41954,2,1
41955,3,2
41956,2,1
41957,4,5
41958,2,7
41959,3,1
41960,3,3
41961,5,1
41962,8,9
41963,9,6
41964,5,4
41965,6,2
41966,1,2
41967,1,1
41968,3,3
41969,3,3
41970,4,5
41971,5,1
41972,2,7
41973,6,8
41974,9,6
41975,9,6
41976,9,6
41977,5,4
41978,4,3
41979,5,9
41980,4,5
41981,5,4
41982,5,9
41983,2,9
41984,7,2
41985,7,2
41986,5,1
41987,7,0
41988,9,6
41989,8,0
41990,5,4
41991,5,4
41992,4,8
41993,5,4
41994,4,3
41995,0,6
41996,4,8
41997,3,2
41998,2,7
41999,0,0
42000,5,1
42001,3,2
42002,5,1
42003,3,8
42004,5,7
42005,7,0
42006,4,8
42007,0,6
42008,8,0
42009,3,8
42010,7,0
42011,2,7
42012,9,2
42013,2,9
42014,3,2
42015,1,1
42016,2,7
42017,5,9
42018,5,4
42019,3,2
42020,8,9
42021,0,6
42022,9,6
42023,2,7
42024,4,3
42025,0,6
42026,2,1
42027,0,6
42028,2,1
42029,1,8
42030,2,7
42031,2,7
42032,5,4
42033,5,4
42034,4,8
42035,2,9
42036,2,7
42037,7,2
42038,7,0
42039,1,1
42040,9,1
42041,3,3
42042,5,4
42043,1,3
42044,2,1
42045,7,0
42046,4,5
42047,3,5
42048,5,9
42049,4,5
42050,3,2
42051,2,8
42052,5,9
42053,8,0
42054,4,3
42055,3,3
42056,4,3
42057,2,7
42058,5,1
42059,2,9
42060,5,8
42061,2,7
42062,2,7
42063,7,0
42064,2,7
42065,3,2
42066,9,6
42067,2,7
42068,7,2
42069,2,9
42070,3,3
42071,5,1
42072,9,6
42073,3,3
42074,7,0
42075,0,6
42076,4,8
42077,2,7
42078,5,4
42079,6,8
42080,9,6
42081,7,0
42082,3,3
42083,1,3
42084,8,0
42085,0,5
42086,2,9
42087,1,3
42088,2,3
42089,9,6
42090,5,9
42091,0,0
42092,9,2
42093,5,1
42094,2,7
42095,1,2
42096,6,8
42097,1,3
42098,2,1
42099,5,4
42100,8,0
42101,0,5
42102,2,1
42103,0,6
42104,9,8
42105,2,7
42106,5,9
42107,4,8
42108,4,5
42109,2,9
42110,4,5
42111,7,0
42112,2,8
42113,3,1
42114,4,3
42115,3,2
42116,5,4
42117,1,3
42118,2,9
42119,5,4
42120,4,3
42121,9,5
42122,4,5
42123,0,6
42124,5,9
42125,2,7
42126,1,2
42127,6,8
42128,5,4
42129,2,9
42130,5,8
42131,0,0
42132,2,1
42133,3,1
42134,2,7
42135,3,2
42136,7,0
42137,3,3
42138,9,2
42139,2,4
42140,2,3
42141,0,5
42142,4,2
42143,0,6
42144,2,9
42145,2,7
42146,2,7
42147,6,8
42148,5,7
42149,2,9
42150,4,3
42151,0,6
42152,5,9
42153,0,0
42154,9,6
42155,6,8
42156,2,1
42157,0,0
42158,4,2
42159,3,2
42160,0,6
42161,3,3
42162,9,6
42163,2,7
42164,2,7
42165,2,9
42166,9,6
42167,2,4
42168,9,2
42169,2,7
42170,8,0
42171,3,1
42172,9,6
42173,2,9
42174,9,6
42175,3,1
42176,5,1
42177,2,7
42178,4,3
42179,9,1
42180,8,0
42181,2,4
42182,2,1
42183,0,0
42184,2,1
42185,0,0
42186,4,3
42187,5,4
42188,9,2
42189,3,1
42190,9,6
42191,2,7
42192,5,9
42193,0,5
42194,9,1
42195,2,7
42196,4,8
42197,3,1
42198,5,4
42199,3,3
42200,2,7
42201,3,3
42202,2,7
42203,3,3
42204,2,7
42205,5,1
42206,9,2
42207,0,6
42208,4,8
42209,2,9
42210,4,3
42211,2,7
42212,4,3
42213,2,4
42214,2,9
42215,3,3
42216,5,4
42217,0,0
42218,6,8
42219,3,2
42220,4,3
42221,3,5
42222,2,9
42223,3,2
42224,7,0
42225,0,6
42226,4,8
42227,0,0
42228,5,9
42229,4,8
42230,8,0
42231,2,9
42232,4,5
42233,2,4
42234,9,6
42235,3,3
42236,5,4
42237,0,5
42238,4,8
42239,2,4
42240,1,2
42241,6,8
42242,5,1
42243,3,1
42244,4,5
42245,7,0
42246,5,9
42247,0,6
42248,4,3
42249,2,4
42250,7,0
42251,3,3
42252,4,5
42253,0,6
42254,3,3
42255,3,3
42256,0,6
42257,3,3
42258,2,9
42259,6,8
42260,2,1
42261,1,1
42262,8,0
42263,2,4
42264,3,3
42265,2,7
42266,7,8
42267,9,5
42268,5,1
42269,2,7
42270,8,0
42271,3,2
42272,5,4
42273,3,2
42274,4,5
42275,0,0
42276,2,1
42277,7,0
42278,3,2
42279,3,1
42280,1,2
42281,2,7
42282,2,7
42283,2,7
42284,4,3
42285,2,9
42286,5,4
42287,0,5
42288,5,1
42289,2,9
42290,2,7
42291,2,8
42292,2,7
42293,2,9
42294,8,0
42295,0,6
42296,2,7
42297,6,8
42298,2,9
42299,6,8
42300,5,4
42301,3,2
42302,5,4
42303,3,3
42304,5,4
42305,9,6
42306,5,9
42307,0,1
42308,9,2
42309,9,2
42310,3,2
42311,2,9
42312,4,5
42313,0,8
42314,5,8
42315,2,9
42316,5,1
42317,9,5
42318,2,9
42319,3,2
42320,2,7
42321,9,5
42322,4,5
42323,3,2
42324,8,0
42325,0,6
42326,9,1
42327,9,2
42328,9,2
42329,2,4
42330,5,4
42331,6,8
42332,2,1
42333,2,4
42334,1,5
42335,0,6
42336,2,2
42337,9,5
42338,4,5
42339,5,1
42340,9,6
42341,1,2
42342,8,0
42343,4,3
42344,5,9
42345,5,4
42346,5,4
42347,4,8
42348,9,1
42349,7,0
42350,9,6
42351,5,1
42352,2,7
42353,9,2
42354,8,7
42355,4,3
42356,8,9
42357,5,4
42358,7,0
42359,4,5
42360,5,9
42361,9,6
42362,7,0
42363,2,7
42364,9,8
42365,4,8
42366,4,2
42367,2,9
42368,2,7
42369,7,0
42370,0,6
42371,5,1
42372,4,5
42373,3,2
42374,7,0
42375,4,3
42376,2,9
42377,5,4
42378,2,7
42379,4,5
42380,2,1
42381,9,6
42382,5,4
42383,4,8
42384,2,8
42385,5,9
42386,9,6
42387,4,5
42388,4,8
42389,7,0
42390,4,5
42391,4,3
42392,4,5
42393,5,1
42394,1,2
42395,9,6
42396,9,6
42397,4,8
42398,3,3
42399,5,4
42400,5,9
42401,2,1
42402,8,0
42403,2,7
42404,5,1
42405,9,6
42406,2,1
42407,4,5
42408,7,8
42409,9,6
42410,2,7
42411,5,4
42412,9,1
42413,1,2
42414,4,5
42415,4,7
42416,2,7
42417,4,8
42418,2,7
42419,4,3
42420,9,6
42421,5,4
42422,5,1
42423,4,3
42424,2,1
42425,5,4
42426,5,9
42427,2,7
42428,9,5
42429,1,2
42430,2,7
42431,4,5
42432,4,3
42433,8,0
42434,2,3
42435,2,1
42436,4,5
42437,5,9
42438,1,9
42439,9,2
42440,5,1
42441,4,3
42442,4,8
42443,3,2
42444,0,0
42445,4,3
42446,8,0
42447,4,5
42448,7,0
42449,4,5
42450,9,6
42451,2,7
42452,9,6
42453,4,8
42454,9,2
42455,5,4
42456,7,0
42457,5,9
42458,2,9
42459,5,9
42460,5,1
42461,2,7
42462,5,1
42463,2,1
42464,5,4
42465,5,9
42466,2,7
42467,4,8
42468,2,7
42469,4,3
42470,5,8
42471,5,4
42472,2,2
42473,4,8
42474,5,2
42475,9,6
42476,4,3
42477,4,3
42478,5,8
42479,3,8
42480,4,5
42481,9,6
42482,5,9
42483,8,0
42484,5,4
42485,5,1
42486,9,1
42487,8,0
42488,7,0
42489,9,6
42490,9,6
42491,9,2
42492,5,9
42493,4,3
42494,2,1
42495,4,8
42496,3,2
42497,8,9
42498,9,6
42499,8,0
42500,5,9
42501,2,7
42502,5,1
42503,9,2
42504,5,8
42505,4,3
42506,2,1
42507,5,4
42508,4,3
42509,3,5
42510,2,1
42511,4,5
42512,2,9
42513,9,2
42514,2,7
42515,8,8
42516,5,9
42517,4,5
42518,5,1
42519,5,4
42520,4,5
42521,9,6
42522,2,2
42523,9,6
42524,5,9
42525,9,6
42526,4,3
42527,2,7
42528,2,7
42529,2,9
42530,9,6
42531,5,1
42532,2,2
42533,4,8
42534,4,3
42535,3,2
42536,5,4
42537,2,1
42538,9,2
42539,4,2
42540,5,8
42541,9,6
42542,2,9
42543,4,5
42544,2,7
42545,4,3
42546,5,1
42547,5,4
42548,2,7
42549,2,7
42550,5,9
42551,5,9
42552,8,0
42553,5,4
42554,4,5
42555,4,5
42556,4,5
42557,2,9
42558,9,6
42559,8,0
42560,4,5
42561,1,1
42562,9,2
42563,1,2
42564,2,9
42565,4,3
42566,5,9
42567,5,4
42568,3,2
42569,4,5
42570,9,6
42571,0,6
42572,4,5
42573,2,7
42574,5,4
42575,6,8
42576,4,8
42577,2,9
42578,5,1
42579,7,0
42580,6,8
42581,5,1
42582,2,7
42583,3,2
42584,5,1
42585,3,3
42586,2,1
42587,5,4
42588,4,3
42589,4,5
42590,4,5
42591,0,6
42592,2,7
42593,2,7
42594,2,7
42595,6,8
42596,1,2
42597,2,9
42598,1,2
42599,7,0
42600,0,6
42601,5,1
42602,5,1
42603,9,2
42604,4,5
42605,3,3
42606,2,7
42607,5,4
42608,8,0
42609,4,5
42610,8,0
42611,0,6
42612,8,0
42613,2,7
42614,8,0
42615,6,8
42616,5,4
42617,4,8
42618,5,1
42619,2,7
42620,5,4
42621,2,7
42622,3,2
42623,7,0
42624,2,8
42625,2,1
42626,4,5
42627,1,3
42628,5,9
42629,2,7
42630,5,1
42631,4,5
42632,0,0
42633,9,2
42634,7,0
42635,3,8
42636,4,3
42637,7,0
42638,5,4
42639,2,7
42640,2,9
42641,4,5
42642,5,9
42643,2,9
42644,2,1
42645,2,9
42646,2,7
42647,0,6
42648,2,7
42649,7,0
42650,2,7
42651,2,9
42652,4,5
42653,5,4
42654,1,2
42655,2,1
42656,5,8
42657,2,1
42658,7,0
42659,4,5
42660,4,5
42661,4,8
42662,2,8
42663,4,5
42664,8,0
42665,6,8
42666,2,1
42667,0,6
42668,5,9
42669,1,3
42670,5,7
42671,8,2
42672,2,7
42673,1,1
42674,7,0
42675,3,2
42676,5,4
42677,3,3
42678,3,3
42679,6,8
42680,4,5
42681,3,3
42682,4,8
42683,3,2
42684,5,4
42685,0,6
42686,3,2
42687,4,5
42688,5,8
42689,0,6
42690,5,1
42691,8,8
42692,7,2
42693,9,2
42694,9,6
42695,2,7
42696,2,9
42697,2,4
42698,2,5
42699,6,8
42700,9,6
42701,9,1
42702,2,1
42703,9,0
42704,4,8
42705,3,5
42706,4,8
42707,3,3
42708,3,2
42709,2,9
42710,5,4
42711,2,4
42712,4,8
42713,3,1
42714,9,6
42715,2,9
42716,5,1
42717,3,2
42718,2,9
42719,1,1
42720,8,0
42721,2,9
42722,2,7
42723,0,6
42724,4,8
42725,2,7
42726,3,2
42727,2,9
42728,2,9
42729,0,6
42730,9,6
42731,9,1
42732,8,0
42733,2,7
42734,8,2
42735,3,3
42736,4,8
42737,6,8
42738,5,9
42739,2,7
42740,5,1
42741,3,2
42742,5,4
42743,2,9
42744,8,0
42745,0,6
42746,9,2
42747,4,5
42748,2,7
42749,6,8
42750,5,4
42751,2,7
42752,8,0
42753,3,5
42754,9,2
42755,3,3
42756,4,5
42757,2,9
42758,4,3
42759,7,0
42760,4,5
42761,4,5
42762,4,5
42763,2,7
42764,8,0
42765,3,1
42766,5,4
42767,0,6
42768,2,1
42769,9,1
42770,5,4
42771,7,0
42772,2,7
42773,2,9
42774,5,4
42775,3,3
42776,7,0
42777,3,3
42778,5,8
42779,5,4
42780,2,7
42781,0,4
42782,5,7
42783,7,0
42784,2,7
42785,9,6
42786,2,1
42787,0,4
42788,9,6
42789,9,2
42790,2,7
42791,3,3
42792,1,2
42793,5,4
42794,4,3
42795,7,0
42796,5,9
42797,7,0
42798,2,7
42799,9,2
42800,2,7
42801,8,0
42802,2,9
42803,9,1
42804,4,3
42805,3,2
42806,5,1
42807,4,3
42808,2,9
42809,5,4
42810,3,2
42811,2,7
42812,5,4
42813,3,8
42814,3,2
42815,2,9
42816,5,4
42817,7,0
42818,8,0
42819,5,1
42820,4,8
42821,3,2
42822,5,4
42823,4,3
42824,2,7
42825,5,4
42826,2,9
42827,0,5
42828,5,7
42829,0,6
42830,3,2
42831,2,7
42832,6,8
42833,3,8
42834,5,1
42835,7,0
42836,4,5
42837,5,1
42838,5,9
42839,3,2
42840,4,3
42841,3,3
42842,1,2
42843,0,6
42844,2,7
42845,2,9
42846,5,1
42847,0,6
42848,7,0
42849,5,1
42850,0,5
42851,5,9
42852,2,1
42853,2,9
42854,2,4
42855,2,9
42856,9,6
42857,5,4
42858,5,4
42859,2,1
42860,4,9
42861,3,2
42862,8,0
42863,7,5
42864,4,5
42865,0,0
42866,2,2
42867,7,0
42868,3,8
42869,0,6
42870,5,9
42871,0,0
42872,4,8
42873,6,8
42874,5,1
42875,5,1
42876,2,7
42877,3,0
42878,4,8
42879,2,9
42880,3,8
42881,2,1
42882,2,9
42883,3,2
42884,5,9
42885,3,2
42886,2,3
42887,3,2
42888,5,1
42889,4,5
42890,5,9
42891,3,2
42892,5,7
42893,5,1
42894,9,1
42895,5,4
42896,8,0
42897,2,7
42898,4,3
42899,2,1
42900,4,8
42901,2,7
42902,4,3
42903,2,9
42904,8,6
42905,0,6
42906,4,3
42907,3,3
42908,3,3
42909,4,3
42910,4,5
42911,2,1
42912,9,6
42913,3,0
42914,4,3
42915,7,0
42916,3,2
42917,4,5
42918,1,2
42919,0,6
42920,4,8
42921,0,6
42922,9,6
42923,3,8
42924,2,9
42925,8,0
42926,3,2
42927,5,1
42928,2,7
42929,3,2
42930,4,3
42931,2,3
42932,5,1
42933,5,4
42934,1,2
42935,4,5
42936,3,2
42937,0,6
42938,4,3
42939,2,7
42940,4,5
42941,1,8
42942,9,6
42943,5,9
42944,3,8
42945,8,0
42946,2,9
42947,5,1
42948,9,6
42949,3,2
42950,3,2
42951,3,3
42952,5,4
42953,5,4
42954,4,3
42955,4,5
42956,5,4
42957,0,6
42958,1,2
42959,2,7
42960,9,6
42961,3,8
42962,4,3
42963,2,9
42964,4,5
42965,8,0
42966,4,3
42967,2,1
42968,4,1
42969,3,2
42970,4,5
42971,3,3
42972,8,6
42973,0,4
42974,9,1
42975,0,6
42976,2,7
42977,2,7
42978,9,6
42979,3,8
42980,7,0
42981,7,0
42982,4,2
42983,4,5
42984,4,5
42985,7,0
42986,9,1
42987,3,8
42988,5,8
42989,7,0
42990,6,8
42991,3,2
42992,0,6
42993,2,9
42994,4,3
42995,0,4
42996,9,6
42997,2,7
42998,4,8
42999,9,1
43000,5,9
43001,5,9
43002,3,2
43003,5,1
43004,5,8
43005,2,7
43006,5,1
43007,5,1
43008,4,8
43009,5,4
43010,5,4
43011,8,0
43012,1,3
43013,8,0
43014,3,3
43015,5,4
43016,5,1
43017,5,1
43018,3,8
43019,2,7
43020,8,0
43021,4,5
43022,5,4
43023,2,7
43024,2,7
43025,9,1
43026,5,4
43027,3,3
43028,5,9
43029,3,3
43030,5,1
43031,3,3
43032,3,2
43033,2,1
43034,5,9
43035,0,6
43036,2,7
43037,5,9
43038,5,4
43039,2,7
43040,4,2
43041,5,4
43042,6,8
43043,3,3
43044,9,1
43045,7,0
43046,2,7
43047,3,2
43048,4,5
43049,9,6
43050,8,0
43051,2,8
43052,2,7
43053,5,1
43054,0,6
43055,4,5
43056,4,5
43057,2,9
43058,2,9
43059,7,0
43060,5,8
43061,0,6
43062,4,8
43063,0,6
43064,4,3
43065,3,3
43066,4,5
43067,3,3
43068,5,4
43069,5,8
43070,4,3
43071,2,1
43072,6,8
43073,5,4
43074,7,0
43075,2,7
43076,4,3
43077,3,2
43078,5,4
43079,3,2
43080,4,3
43081,8,0
43082,2,7
43083,0,0
43084,4,5
43085,2,1
43086,5,9
43087,2,7
43088,8,0
43089,2,7
43090,4,3
43091,3,8
43092,7,0
43093,2,9
43094,2,9
43095,0,6
43096,1,8
43097,3,8
43098,2,5
43099,5,8
43100,4,3
43101,3,2
43102,8,0
43103,3,3
43104,2,7
43105,3,2
43106,5,4
43107,5,9
43108,2,7
43109,2,8
43110,4,8
43111,4,5
43112,5,4
43113,3,2
43114,2,9
43115,0,6
43116,9,2
43117,3,2
43118,5,1
43119,5,4
43120,2,9
43121,3,8
43122,4,2
43123,5,4
43124,3,2
43125,9,6
43126,4,3
43127,4,5
43128,2,1
43129,0,0
43130,5,4
43131,9,1
43132,3,3
43133,3,2
43134,7,0
43135,3,3
43136,4,5
43137,5,4
43138,5,9
43139,4,5
43140,4,3
43141,9,6
43142,5,1
43143,2,7
43144,4,5
43145,3,8
43146,5,9
43147,2,9
43148,4,5
43149,7,0
43150,5,4
43151,5,1
43152,5,4
43153,3,2
43154,9,6
43155,1,3
43156,5,4
43157,5,4
43158,2,9
43159,4,5
43160,2,7
43161,0,6
43162,5,1
43163,2,7
43164,9,6
43165,3,8
43166,0,6
43167,2,9
43168,2,7
43169,7,0
43170,7,0
43171,3,3
43172,3,2
43173,5,4
43174,2,9
43175,3,5
43176,4,2
43177,0,6
43178,2,7
43179,2,7
43180,4,3
43181,3,8
43182,4,8
43183,2,9
43184,1,2
43185,2,9
43186,7,0
43187,2,7
43188,8,0
43189,4,5
43190,2,7
43191,3,2
43192,4,3
43193,2,9
43194,1,8
43195,7,0
43196,4,3
43197,3,1
43198,1,3
43199,4,5
43200,4,3
43201,6,8
43202,2,7
43203,3,8
43204,4,3
43205,0,0
43206,4,5
43207,5,9
43208,5,3
43209,3,3
43210,2,9
43211,3,2
43212,4,5
43213,2,7
43214,2,1
43215,6,8
43216,8,0
43217,5,4
43218,4,5
43219,5,4
43220,4,2
43221,4,5
43222,2,7
43223,2,9
43224,4,3
43225,0,6
43226,2,8
43227,5,1
43228,5,4
43229,7,0
43230,4,3
43231,5,4
43232,2,1
43233,4,5
43234,5,8
43235,3,3
43236,7,0
43237,2,9
43238,2,7
43239,5,4
43240,1,2
43241,3,2
43242,5,8
43243,7,0
43244,4,5
43245,4,5
43246,2,1
43247,7,0
43248,4,9
43249,5,1
43250,9,8
43251,0,6
43252,4,3
43253,2,9
43254,1,2
43255,3,3
43256,4,3
43257,3,2
43258,8,0
43259,2,9
43260,9,6
43261,2,1
43262,6,5
43263,0,6
43264,9,6
43265,0,0
43266,8,0
43267,5,1
43268,2,8
43269,5,1
43270,9,6
43271,3,8
43272,5,4
43273,7,0
43274,5,4
43275,5,4
43276,7,0
43277,2,7
43278,5,4
43279,2,7
43280,4,3
43281,0,6
43282,4,9
43283,7,0
43284,2,7
43285,2,7
43286,5,1
43287,3,3
43288,2,7
43289,3,5
43290,2,8
43291,5,4
43292,3,2
43293,3,2
43294,1,2
43295,5,4
43296,5,1
43297,2,1
43298,4,3
43299,3,8
43300,5,1
43301,3,3
43302,5,4
43303,4,5
43304,9,6
43305,0,6
43306,4,8
43307,2,7
43308,4,5
43309,7,0
43310,2,9
43311,0,6
43312,3,2
43313,2,7
43314,3,2
43315,9,1
43316,2,1
43317,3,2
43318,2,5
43319,4,5
43320,9,6
43321,4,8
43322,4,8
43323,2,1
43324,5,9
43325,2,9
43326,4,2
43327,3,3
43328,4,5
43329,4,8
43330,4,3
43331,3,2
43332,5,1
43333,3,8
43334,4,8
43335,4,8
43336,2,1
43337,2,7
43338,3,2
43339,9,1
43340,2,7
43341,2,7
43342,4,8
43343,2,9
43344,5,1
43345,3,2
43346,2,7
43347,7,0
43348,9,6
43349,5,1
43350,5,1
43351,3,2
43352,2,7
43353,3,3
43354,2,7
43355,5,4
43356,2,7
43357,4,5
43358,5,9
43359,0,6
43360,3,2
43361,2,7
43362,2,7
43363,4,8
43364,5,4
43365,2,9
43366,7,0
43367,7,0
43368,4,5
43369,5,1
43370,5,4
43371,3,2
43372,5,8
43373,3,3
43374,2,7
43375,0,4
43376,3,2
43377,4,5
43378,5,7
43379,0,6
43380,4,3
43381,2,7
43382,2,7
43383,3,8
43384,2,7
43385,2,9
43386,9,6
43387,7,0
43388,3,8
43389,9,1
43390,2,7
43391,3,2
43392,5,9
43393,3,3
43394,9,2
43395,5,4
43396,9,6
43397,3,5
43398,5,4
43399,0,6
43400,2,7
43401,2,7
43402,4,5
43403,3,8
43404,7,0
43405,2,9
43406,9,1
43407,3,2
43408,2,7
43409,4,5
43410,5,8
43411,5,1
43412,4,5
43413,0,6
43414,2,7
43415,5,4
43416,2,9
43417,3,3
43418,8,0
43419,2,9
43420,9,6
43421,2,9
43422,7,0
43423,7,0
43424,4,6
43425,2,9
43426,5,1
43427,2,7
43428,4,3
43429,0,1
43430,9,2
43431,0,6
43432,4,5
43433,5,4
43434,3,2
43435,3,3
43436,3,2
43437,9,6
43438,1,3
43439,5,2
43440,0,6
43441,7,2
43442,4,5
43443,7,0
43444,9,1
43445,7,0
43446,2,1
43447,3,8
43448,4,3
43449,3,2
43450,1,2
43451,4,5
43452,5,4
43453,2,9
43454,4,5
43455,3,8
43456,4,3
43457,9,6
43458,2,1
43459,4,5
43460,3,3
43461,2,7
43462,9,6
43463,7,0
43464,4,8
43465,7,0
43466,4,3
43467,5,4
43468,8,0
43469,2,1
43470,2,7
43471,2,7
43472,8,0
43473,5,4
43474,5,3
43475,3,3
43476,4,3
43477,3,2
43478,2,9
43479,3,2
43480,5,1
43481,5,4
43482,3,3
43483,2,7
43484,5,1
43485,0,6
43486,3,2
43487,5,4
43488,4,5
43489,2,7
43490,2,1
43491,2,7
43492,4,3
43493,2,7
43494,4,3
43495,3,2
43496,2,7
43497,7,0
43498,9,6
43499,2,9
43500,9,1
43501,6,8
43502,5,9
43503,4,5
43504,4,8
43505,0,6
43506,4,5
43507,5,4
43508,4,5
43509,4,3
43510,4,5
43511,6,8
43512,5,9
43513,3,2
43514,9,2
43515,3,8
43516,5,4
43517,3,3
43518,9,6
43519,1,8
43520,2,7
43521,2,9
43522,4,8
43523,4,5
43524,5,8
43525,3,8
43526,2,9
43527,7,0
43528,2,7
43529,4,5
43530,5,4
43531,5,4
43532,9,8
43533,2,7
43534,5,8
43535,9,1
43536,8,0
43537,3,3
43538,4,8
43539,0,1
43540,4,5
43541,2,7
43542,2,7
43543,2,9
43544,5,9
43545,0,6
43546,3,2
43547,3,2
43548,4,8
43549,7,0
43550,2,9
43551,2,9
43552,4,3
43553,9,1
43554,7,0
43555,2,7
43556,8,0
43557,3,3
43558,4,8
43559,3,8
43560,4,5
43561,7,0
43562,2,3
43563,3,3
43564,9,6
43565,2,9
43566,3,2
43567,3,1
43568,4,5
43569,0,6
43570,2,1
43571,5,4
43572,0,6
43573,3,3
43574,0,5
43575,7,2
43576,1,2
43577,9,1
43578,2,1
43579,4,8
43580,4,8
43581,0,6
43582,9,6
43583,3,1
43584,2,7
43585,4,5
43586,9,6
43587,4,5
43588,3,8
43589,0,6
43590,1,2
43591,0,5
43592,0,6
43593,8,0
43594,9,6
43595,5,1
43596,5,9
43597,3,2
43598,2,7
43599,1,3
43600,5,4
43601,5,4
43602,7,0
43603,4,5
43604,9,4
43605,0,6
43606,3,8
43607,2,7
43608,5,4
43609,2,8
43610,8,0
43611,2,9
43612,5,4
43613,7,0
43614,5,4
43615,9,1
43616,5,1
43617,9,2
43618,8,7
43619,4,3
43620,9,6
43621,5,4
43622,5,4
43623,4,5
43624,7,0
43625,0,6
43626,5,4
43627,2,7
43628,2,7
43629,6,8
43630,3,2
43631,7,0
43632,3,2
43633,1,1
43634,5,4
43635,1,2
43636,5,4
43637,1,3
43638,4,5
43639,5,4
43640,9,6
43641,4,5
43642,3,2
43643,0,6
43644,4,3
43645,2,7
43646,9,6
43647,3,8
43648,9,5
43649,3,2
43650,2,9
43651,4,5
43652,2,1
43653,2,1
43654,4,3
43655,9,6
43656,4,8
43657,5,4
43658,2,3
43659,3,3
43660,8,9
43661,2,9
43662,7,0
43663,2,9
43664,2,1
43665,7,0
43666,4,3
43667,2,9
43668,0,6
43669,2,7
43670,2,3
43671,1,1
43672,1,3
43673,0,6
43674,3,2
43675,5,4
43676,4,5
43677,1,3
43678,9,6
43679,0,6
43680,4,5
43681,3,2
43682,9,6
43683,1,2
43684,5,1
43685,7,0
43686,2,7
43687,3,8
43688,5,4
43689,7,2
43690,5,8
43691,0,5
43692,2,8
43693,2,9
43694,9,6
43695,3,8
43696,4,5
43697,0,6
43698,5,8
43699,4,5
43700,5,4
43701,7,0
43702,4,3
43703,5,4
43704,2,1
43705,5,1
43706,8,0
43707,2,7
43708,5,1
43709,5,4
43710,2,7
43711,2,3
43712,8,0
43713,5,4
43714,5,1
43715,9,1
43716,4,5
43717,4,3
43718,2,9
43719,2,7
43720,9,6
43721,5,4
43722,2,7
43723,2,7
43724,4,8
43725,2,7
43726,9,6
43727,7,0
43728,8,0
43729,2,9
43730,1,3
43731,3,8
43732,5,4
43733,4,5
43734,2,9
43735,0,6
43736,9,6
43737,5,4
43738,2,9
43739,1,3
43740,5,4
43741,9,8
43742,9,6
43743,3,2
43744,9,6
43745,2,8
43746,5,1
43747,4,3
43748,4,5
43749,4,8
43750,2,9
43751,2,9
43752,9,6
43753,4,5
43754,6,8
43755,1,8
43756,5,4
43757,5,4
43758,4,3
43759,1,3
43760,9,2
43761,9,1
43762,4,3
43763,2,7
43764,1,1
43765,2,9
43766,4,5
43767,0,6
43768,9,2
43769,9,2
43770,2,1
43771,2,7
43772,4,5
43773,3,3
43774,2,7
43775,1,3
43776,4,5
43777,2,9
43778,8,0
43779,9,1
43780,4,5
43781,5,4
43782,4,3
43783,1,3
43784,2,1
43785,2,9
43786,2,9
43787,3,8
43788,3,8
43789,3,2
43790,5,1
43791,9,1
43792,5,9
43793,2,8
43794,3,2
43795,9,6
43796,5,7
43797,5,4
43798,2,7
43799,4,5
43800,0,6
43801,1,1
43802,2,7
43803,4,5
43804,9,6
43805,4,5
43806,3,2
43807,9,6
43808,5,1
43809,4,5
43810,5,9
43811,0,0
43812,5,4
43813,5,1
43814,5,9
43815,3,2
43816,4,3
43817,4,3
43818,2,2
43819,5,4
43820,4,5
43821,2,7
43822,8,6
43823,6,8
43824,5,8
43825,2,9
43826,3,2
43827,8,0
43828,4,8
43829,9,1
43830,5,9
43831,9,2
43832,5,4
43833,3,3
43834,8,0
43835,5,4
43836,9,1
43837,9,5
43838,4,5
43839,0,6
43840,2,7
43841,2,7
43842,9,2
43843,6,8
43844,2,1
43845,2,9
43846,6,8
43847,7,0
43848,3,8
43849,2,1
43850,4,2
43851,3,2
43852,4,2
43853,3,3
43854,3,2
43855,0,5
43856,4,5
43857,0,6
43858,5,4
43859,2,7
43860,2,7
43861,6,8
43862,5,9
43863,2,9
43864,5,9
43865,4,3
43866,0,6
43867,9,5
43868,4,3
43869,3,3
43870,5,9
43871,3,2
43872,5,1
43873,5,9
43874,9,2
43875,3,3
43876,4,8
43877,3,2
43878,3,2
43879,5,1
43880,6,8
43881,5,4
43882,4,5
43883,3,3
43884,7,0
43885,3,2
43886,2,7
43887,2,1
43888,2,9
43889,3,3
43890,2,7
43891,2,9
43892,9,6
43893,2,7
43894,2,8
43895,3,2
43896,5,9
43897,5,1
43898,2,7
43899,3,2
43900,4,8
43901,4,8
43902,4,3
43903,5,9
43904,5,4
43905,5,1
43906,5,4
43907,3,8
43908,9,6
43909,2,8
43910,2,1
43911,2,7
43912,2,7
43913,0,0
43914,0,6
43915,0,0
43916,5,9
43917,2,7
43918,5,9
43919,2,7
43920,5,9
43921,2,8
43922,4,3
43923,2,7
43924,2,7
43925,0,6
43926,2,7
43927,5,1
43928,5,4
43929,5,4
43930,3,8
43931,0,6
43932,8,0
43933,2,1
43934,5,4
43935,3,2
43936,4,5
43937,4,5
43938,5,8
43939,7,0
43940,9,6
43941,0,0
43942,4,3
43943,3,3
43944,4,8
43945,3,8
43946,4,5
43947,5,4
43948,5,1
43949,5,4
43950,4,9
43951,5,1
43952,3,3
43953,6,8
43954,5,4
43955,0,6
43956,2,7
43957,4,5
43958,3,8
43959,5,9
43960,7,0
43961,0,0
43962,4,3
43963,7,0
43964,3,2
43965,0,0
43966,5,9
43967,3,3
43968,4,8
43969,2,7
43970,2,9
43971,9,1
43972,2,1
43973,0,6
43974,1,2
43975,3,2
43976,7,0
43977,9,6
43978,4,3
43979,9,6
43980,5,1
43981,7,0
43982,5,9
43983,5,4
43984,2,1
43985,0,5
43986,3,8
43987,5,4
43988,3,2
43989,2,1
43990,2,7
43991,3,3
43992,2,9
43993,6,8
43994,3,2
43995,0,6
43996,3,2
43997,3,3
43998,4,7
43999,5,9
44000,8,0
44001,2,9
44002,4,8
44003,9,5
44004,1,3
44005,2,7
44006,4,5
44007,2,8
44008,5,9
44009,0,5
44010,2,9
44011,0,6
44012,5,1
44013,5,4
44014,4,5
44015,2,7
44016,2,9
44017,9,6
44018,4,5
44019,3,2
44020,4,3
44021,3,2
44022,5,9
44023,7,0
44024,3,8
44025,5,9
44026,2,9
44027,5,4
44028,2,9
44029,7,0
44030,7,0
44031,0,1
44032,4,3
44033,3,2
44034,4,3
44035,3,3
44036,5,1
44037,5,4
44038,5,1
44039,2,7
44040,0,0
44041,4,8
44042,2,7
44043,2,9
44044,5,9
44045,7,0
44046,4,1
44047,3,1
44048,5,9
44049,3,2
44050,2,7
44051,3,3
44052,5,4
44053,5,4
44054,3,2
44055,4,5
44056,4,8
44057,9,6
44058,4,3
44059,2,7
44060,8,0
44061,6,8
44062,2,7
44063,7,0
44064,2,7
44065,3,1
44066,9,6
44067,2,7
44068,5,4
44069,7,8
44070,9,6
44071,2,9
44072,4,8
44073,9,6
44074,5,9
44075,2,9
44076,7,0
44077,9,6
44078,9,6
44079,3,1
44080,2,7
44081,2,9
44082,9,6
44083,2,9
44084,5,9
44085,2,9
44086,5,4
44087,6,8
44088,5,4
44089,2,1
44090,4,2
44091,2,4
44092,9,2
44093,2,1
44094,8,0
44095,3,2
44096,8,0
44097,2,9
44098,3,2
44099,3,5
44100,5,4
44101,3,3
44102,7,6
44103,0,0
44104,5,9
44105,2,4
44106,7,5
44107,2,9
44108,2,1
44109,3,1
44110,5,4
44111,2,7
44112,4,3
44113,3,1
44114,0,6
44115,3,8
44116,5,9
44117,2,7
44118,4,8
44119,9,6
44120,5,1
44121,0,0
44122,4,8
44123,6,8
44124,5,4
44125,2,1
44126,2,1
44127,7,0
44128,9,6
44129,2,9
44130,8,0
44131,3,1
44132,9,6
44133,3,2
44134,3,3
44135,0,5
44136,2,1
44137,2,4
44138,4,3
44139,2,7
44140,9,2
44141,2,7
44142,4,3
44143,3,2
44144,4,8
44145,2,7
44146,4,3
44147,0,5
44148,4,5
44149,3,2
44150,2,7
44151,3,1
44152,4,5
44153,5,4
44154,5,9
44155,5,4
44156,2,7
44157,3,3
44158,2,1
44159,0,0
44160,2,7
44161,7,0
44162,4,3
44163,3,8
44164,4,5
44165,9,5
44166,3,2
44167,2,4
44168,9,6
44169,2,7
44170,2,7
44171,6,8
44172,3,8
44173,7,8
44174,3,3
44175,2,7
44176,4,8
44177,2,9
44178,2,7
44179,0,6
44180,5,8
44181,3,3
44182,5,9
44183,0,1
44184,8,0
44185,2,7
44186,1,2
44187,2,9
44188,4,3
44189,9,6
44190,5,4
44191,3,3
44192,3,3
44193,3,3
44194,2,7
44195,3,2
44196,4,8
44197,9,6
44198,5,1
44199,7,0
44200,4,8
44201,0,6
44202,4,8
44203,4,8
44204,0,6
44205,8,0
44206,4,8
44207,2,1
44208,8,0
44209,3,2
44210,2,1
44211,3,3
44212,2,7
44213,0,4
44214,5,9
44215,0,5
44216,4,3
44217,0,6
44218,0,6
44219,2,7
44220,2,1
44221,6,8
44222,4,1
44223,2,9
44224,5,4
44225,7,0
44226,1,2
44227,0,1
44228,2,9
44229,7,2
44230,5,9
44231,3,3
44232,5,4
44233,2,4
44234,8,9
44235,4,5
44236,4,9
44237,0,6
44238,0,6
44239,2,7
44240,4,3
44241,6,8
44242,5,1
44243,0,0
44244,5,9
44245,3,1
44246,2,7
44247,3,2
44248,3,2
44249,3,3
44250,9,6
44251,5,4
44252,2,7
44253,3,5
44254,2,7
44255,0,6
44256,5,4
44257,2,7
44258,9,6
44259,3,8
44260,3,2
44261,2,9
44262,4,5
44263,4,5
44264,5,4
44265,3,2
44266,8,0
44267,6,8
44268,8,0
44269,1,1
44270,5,8
44271,2,7
44272,4,8
44273,3,2
44274,1,2
44275,5,4
44276,8,0
44277,3,1
44278,8,0
44279,5,4
44280,3,3
44281,0,1
44282,4,3
44283,2,4
44284,5,4
44285,2,9
44286,8,8
44287,0,6
44288,2,1
44289,6,8
44290,5,1
44291,5,4
44292,4,5
44293,3,5
44294,5,4
44295,4,3
44296,5,1
44297,2,7
44298,9,2
44299,6,8
44300,9,6
44301,2,4
44302,9,2
44303,3,3
44304,3,2
44305,3,3
44306,5,1
44307,0,5
44308,4,8
44309,0,6
44310,4,8
44311,2,7
44312,4,3
44313,7,0
44314,7,0
44315,0,6
44316,3,2
44317,0,1
44318,9,6
44319,0,6
44320,4,8
44321,6,8
44322,2,7
44323,2,7
44324,9,1
44325,7,0
44326,8,0
44327,3,1
44328,1,9
44329,0,5
44330,9,6
44331,0,6
44332,5,4
44333,7,0
44334,9,2
44335,7,0
44336,9,6
44337,0,6
44338,3,3
44339,3,1
44340,2,9
44341,3,5
44342,5,4
44343,3,8
44344,7,0
44345,2,4
44346,9,6
44347,3,2
44348,5,9
44349,3,3
44350,4,3
44351,2,9
44352,5,4
44353,2,7
44354,9,6
44355,0,6
44356,5,4
44357,2,9
44358,9,6
44359,3,1
44360,4,8
44361,2,9
44362,3,2
44363,0,0
44364,3,2
44365,0,6
44366,5,1
44367,2,7
44368,5,1
44369,9,1
44370,2,1
44371,3,2
44372,8,0
44373,3,3
44374,9,2
44375,2,9
44376,2,9
44377,3,2
44378,3,7
44379,0,4
44380,1,3
44381,3,5
44382,7,6
44383,3,5
44384,2,9
44385,3,3
44386,5,4
44387,2,7
44388,4,3
44389,3,1
44390,4,5
44391,6,8
44392,2,7
44393,9,2
44394,9,6
44395,9,2
44396,5,9
44397,3,3
44398,2,7
44399,7,0
44400,5,9
44401,3,2
44402,2,9
44403,2,9
44404,4,5
44405,2,4
44406,4,5
44407,2,9
44408,4,3
44409,2,7
44410,9,6
44411,7,0
44412,9,2
44413,7,0
44414,9,2
44415,3,2
44416,4,3
44417,2,7
44418,5,1
44419,5,4
44420,9,6
44421,2,9
44422,5,1
44423,2,9
44424,3,2
44425,3,2
44426,4,3
44427,6,8
44428,9,6
44429,2,9
44430,5,9
44431,2,1
44432,5,1
44433,6,8
44434,2,7
44435,3,3
44436,3,8
44437,6,8
44438,5,9
44439,3,3
44440,4,3
44441,0,6
44442,3,8
44443,6,7
44444,9,6
44445,0,0
44446,2,1
44447,0,4
44448,7,0
44449,7,0
44450,5,9
44451,8,0
44452,9,6
44453,5,1
44454,2,1
44455,3,2
44456,1,3
44457,4,3
44458,3,8
44459,5,4
44460,9,6
44461,4,5
44462,4,3
44463,9,6
44464,5,4
44465,2,7
44466,5,4
44467,1,8
44468,4,3
44469,5,9
44470,2,7
44471,7,0
44472,2,7
44473,5,1
44474,7,0
44475,3,2
44476,4,5
44477,4,3
44478,4,3
44479,5,4
44480,4,5
44481,4,5
44482,2,1
44483,9,6
44484,3,8
44485,2,7
44486,5,9
44487,3,8
44488,4,5
44489,2,9
44490,1,2
44491,7,0
44492,9,2
44493,5,1
44494,4,5
44495,7,2
44496,5,4
44497,3,3
44498,9,6
44499,5,4
44500,2,7
44501,4,5
44502,3,2
44503,9,6
44504,3,3
44505,2,7
44506,4,5
44507,3,8
44508,8,5
44509,2,9
44510,4,3
44511,5,1
44512,2,7
44513,7,0
44514,4,8
44515,5,4
44516,2,7
44517,0,6
44518,8,0
44519,4,3
44520,3,2
44521,5,4
44522,4,3
44523,5,4
44524,9,1
44525,3,2
44526,2,7
44527,3,8
44528,5,4
44529,9,1
44530,5,4
44531,7,0
44532,3,8
44533,9,6
44534,4,9
44535,5,4
44536,2,7
44537,2,9
44538,2,7
44539,2,7
44540,4,3
44541,3,2
44542,9,1
44543,4,3
44544,5,4
44545,4,3
44546,4,3
44547,5,9
44548,5,1
44549,3,2
44550,5,9
44551,8,0
44552,2,7
44553,5,9
44554,4,5
44555,4,3
44556,2,1
44557,4,3
44558,8,0
44559,2,9
44560,7,0
44561,9,1
44562,2,7
44563,4,5
44564,4,5
44565,7,2
44566,2,7
44567,4,3
44568,4,8
44569,5,1
44570,5,7
44571,0,6
44572,2,7
44573,2,7
44574,2,7
44575,4,3
44576,4,8
44577,2,7
44578,7,0
44579,4,8
44580,4,3
44581,5,4
44582,2,1
44583,7,0
44584,5,4
44585,3,2
44586,5,9
44587,5,4
44588,2,7
44589,8,0
44590,8,7
44591,3,2
44592,2,9
44593,5,4
44594,5,4
44595,2,7
44596,4,3
44597,1,8
44598,7,0
44599,0,0
44600,5,9
44601,2,7
44602,9,6
44603,8,0
44604,5,8
44605,0,6
44606,8,0
44607,5,9
44608,1,3
44609,4,3
44610,2,7
44611,3,2
44612,3,2
44613,5,4
44614,7,0
44615,4,8
44616,4,8
44617,9,6
44618,5,9
44619,8,0
44620,5,4
44621,3,5
44622,2,1
44623,2,7
44624,3,8
44625,0,5
44626,2,7
44627,2,1
44628,2,1
44629,7,0
44630,4,3
44631,4,8
44632,5,4
44633,5,1
44634,4,5
44635,9,6
44636,5,4
44637,2,7
44638,3,8
44639,1,2
44640,2,7
44641,2,9
44642,4,5
44643,2,7
44644,9,6
44645,2,9
44646,5,4
44647,4,5
44648,2,1
44649,0,6
44650,5,1
44651,4,5
44652,2,8
44653,7,2
44654,3,8
44655,0,6
44656,7,0
44657,9,2
44658,2,7
44659,2,8
44660,7,0
44661,9,1
44662,4,5
44663,2,7
44664,4,5
44665,4,5
44666,9,6
44667,4,5
44668,5,4
44669,2,7
44670,2,9
44671,3,3
44672,3,2
44673,4,5
44674,4,5
44675,7,0
44676,1,8
44677,5,1
44678,2,9
44679,9,1
44680,2,1
44681,3,3
44682,5,1
44683,4,8
44684,3,3
44685,5,4
44686,4,8
44687,2,9
44688,5,4
44689,5,4
44690,9,6
44691,4,5
44692,8,0
44693,5,1
44694,5,4
44695,3,8
44696,8,0
44697,0,6
44698,5,1
44699,3,8
44700,7,0
44701,2,9
44702,4,8
44703,8,0
44704,7,0
44705,2,1
44706,4,5
44707,3,2
44708,2,7
44709,4,3
44710,9,2
44711,5,4
44712,5,4
44713,4,5
44714,4,8
44715,9,6
44716,4,3
44717,2,7
44718,2,2
44719,5,8
44720,7,0
44721,5,9
44722,9,6
44723,8,0
44724,5,1
44725,2,1
44726,2,7
44727,3,2
44728,9,6
44729,4,3
44730,0,0
44731,5,4
44732,8,6
44733,4,5
44734,2,7
44735,9,6
44736,9,5
44737,2,7
44738,4,5
44739,5,8
44740,3,2
44741,5,9
44742,9,6
44743,7,0
44744,7,0
44745,9,1
44746,5,9
44747,3,2
44748,3,8
44749,4,3
44750,7,0
44751,5,4
44752,4,5
44753,7,5
44754,0,6
44755,0,6
44756,2,7
44757,2,7
44758,3,2
44759,2,8
44760,4,5
44761,5,4
44762,5,9
44763,5,9
44764,4,3
44765,5,4
44766,8,0
44767,2,2
44768,7,0
44769,2,9
44770,1,1
44771,5,4
44772,2,7
44773,4,5
44774,2,7
44775,5,8
44776,5,9
44777,7,0
44778,5,9
44779,4,3
44780,5,9
44781,4,5
44782,4,3
44783,4,5
44784,3,2
44785,9,1
44786,9,1
44787,2,7
44788,8,0
44789,5,8
44790,9,6
44791,5,4
44792,5,1
44793,4,5
44794,3,2
44795,2,7
44796,7,0
44797,3,2
44798,5,4
44799,4,3
44800,5,1
44801,9,6
44802,4,5
44803,2,7
44804,4,5
44805,2,7
44806,2,8
44807,2,7
44808,9,6
44809,9,6
44810,4,5
44811,8,0
44812,4,8
44813,5,1
44814,9,6
44815,8,0
44816,4,5
44817,0,6
44818,2,7
44819,4,5
44820,4,5
44821,4,5
44822,5,9
44823,3,2
44824,2,9
44825,5,9
44826,7,0
44827,4,3
44828,3,2
44829,9,1
44830,9,5
44831,5,4
44832,2,7
44833,5,8
44834,4,8
44835,2,7
44836,2,7
44837,4,3
44838,8,0
44839,2,8
44840,2,7
44841,3,2
44842,5,4
44843,0,6
44844,8,0
44845,4,5
44846,8,0
44847,3,2
44848,2,3
44849,2,7
44850,5,4
44851,2,9
44852,4,5
44853,8,7
44854,5,9
44855,5,9
44856,5,1
44857,9,1
44858,4,5
44859,7,0
44860,5,4
44861,4,8
44862,8,0
44863,2,9
44864,2,1
44865,8,7
44866,4,8
44867,7,0
44868,2,7
44869,4,5
44870,4,6
44871,8,0
44872,3,0
44873,4,3
44874,4,8
44875,6,8
44876,5,1
44877,5,4
44878,4,9
44879,9,6
44880,4,8
44881,3,2
44882,5,9
44883,7,0
44884,5,9
44885,5,4
44886,5,1
44887,9,1
44888,4,3
44889,4,3
44890,5,9
44891,9,1
44892,5,9
44893,7,0
44894,5,4
44895,2,9
44896,2,7
44897,8,0
44898,5,2
44899,9,1
44900,7,0
44901,9,2
44902,3,2
44903,3,3
44904,5,4
44905,5,4
44906,4,3
44907,9,5
44908,2,7
44909,9,6
44910,4,5
44911,2,7
44912,2,7
44913,4,8
44914,2,7
44915,5,9
44916,4,5
44917,7,0
44918,4,8
44919,5,1
44920,2,7
44921,5,4
44922,5,4
44923,4,5
44924,4,5
44925,9,6
44926,2,9
44927,2,7
44928,4,5
44929,3,8
44930,4,5
44931,2,9
44932,9,6
44933,8,0
44934,3,2
44935,5,1
44936,2,9
44937,5,4
44938,4,5
44939,4,5
44940,2,7
44941,9,6
44942,5,4
44943,2,7
44944,3,8
44945,6,8
44946,2,9
44947,2,9
44948,5,9
44949,2,7
44950,1,2
44951,7,0
44952,9,6
44953,9,6
44954,2,7
44955,8,0
44956,5,4
44957,2,7
44958,8,0
44959,1,3
44960,5,4
44961,2,8
44962,2,9
44963,0,6
44964,4,5
44965,2,7
44966,2,1
44967,2,1
44968,6,8
44969,1,3
44970,4,5
44971,2,7
44972,2,7
44973,2,9
44974,4,8
44975,2,7
44976,4,5
44977,5,4
44978,1,2
44979,7,0
44980,3,8
44981,0,6
44982,4,9
44983,5,4
44984,9,6
44985,2,9
44986,9,1
44987,4,5
44988,2,1
44989,0,6
44990,5,4
44991,4,5
44992,2,9
44993,7,2
44994,5,1
44995,2,9
44996,2,1
44997,5,8
44998,8,4
44999,4,5
45000,4,3
45001,1,1
45002,5,1
45003,4,5
45004,2,7
45005,1,3
45006,2,1
45007,2,9
45008,4,3
45009,5,4
45010,9,6
45011,4,5
45012,3,5
45013,0,6
45014,2,7
45015,4,3
45016,4,8
45017,5,4
45018,4,5
45019,4,8
45020,2,7
45021,7,0
45022,3,2
45023,9,6
45024,4,5
45025,5,4
45026,4,8
45027,5,8
45028,3,2
45029,2,1
45030,9,6
45031,3,3
45032,0,1
45033,5,4
45034,5,9
45035,8,0
45036,4,5
45037,5,1
45038,5,4
45039,2,9
45040,2,7
45041,3,2
45042,8,0
45043,1,3
45044,5,9
45045,2,7
45046,3,3
45047,9,2
45048,8,4
45049,4,5
45050,5,8
45051,5,1
45052,4,5
45053,2,7
45054,2,7
45055,9,2
45056,9,8
45057,6,8
45058,7,0
45059,2,7
45060,2,7
45061,7,0
45062,5,9
45063,9,1
45064,5,4
45065,2,9
45066,8,0
45067,9,6
45068,2,7
45069,5,4
45070,4,5
45071,2,9
45072,4,5
45073,9,2
45074,5,9
45075,2,1
45076,3,1
45077,9,2
45078,5,1
45079,1,3
45080,9,6
45081,2,7
45082,4,8
45083,0,0
45084,2,9
45085,9,2
45086,2,9
45087,2,1
45088,4,3
45089,3,3
45090,9,6
45091,4,5
45092,5,1
45093,3,3
45094,3,2
45095,5,4
45096,1,2
45097,2,7
45098,4,8
45099,9,2
45100,5,4
45101,4,5
45102,2,7
45103,2,8
45104,0,6
45105,9,1
45106,4,8
45107,9,6
45108,4,3
45109,6,8
45110,4,8
45111,4,5
45112,7,0
45113,9,6
45114,2,7
45115,7,0
45116,1,8
45117,2,8
45118,4,5
45119,2,9
45120,5,9
45121,2,4
45122,4,8
45123,2,9
45124,4,5
45125,3,2
45126,8,0
45127,0,6
45128,7,0
45129,7,0
45130,9,2
45131,5,1
45132,4,5
45133,9,2
45134,4,5
45135,4,3
45136,1,2
45137,5,4
45138,9,6
45139,4,5
45140,5,1
45141,9,6
45142,2,9
45143,1,7
45144,5,9
45145,7,0
45146,7,0
45147,5,1
45148,5,4
45149,9,2
45150,4,3
45151,3,3
45152,8,0
45153,5,4
45154,9,6
45155,4,5
45156,4,8
45157,9,6
45158,9,2
45159,2,7
45160,4,5
45161,4,8
45162,8,0
45163,2,9
45164,1,3
45165,8,0
45166,4,5
45167,5,1
45168,4,8
45169,3,2
45170,2,7
45171,4,3
45172,5,4
45173,5,4
45174,5,9
45175,9,5
45176,2,9
45177,9,6
45178,2,9
45179,2,7
45180,5,7
45181,8,8
45182,5,1
45183,2,9
45184,5,4
45185,1,7
45186,5,1
45187,2,7
45188,2,7
45189,8,0
45190,8,0
45191,5,4
45192,2,7
45193,8,0
45194,4,8
45195,4,3
45196,4,3
45197,2,1
45198,5,4
45199,8,8
45200,2,7
45201,2,9
45202,4,8
45203,2,2
45204,5,1
45205,5,1
45206,9,2
45207,4,8
45208,3,8
45209,9,6
45210,5,4
45211,4,5
45212,4,5
45213,5,4
45214,5,4
45215,2,7
45216,1,2
45217,4,3
45218,8,0
45219,5,4
45220,2,1
45221,2,1
45222,4,5
45223,7,8
45224,9,6
45225,9,6
45226,4,5
45227,5,9
45228,9,6
45229,9,1
45230,0,0
45231,5,4
45232,5,9
45233,4,5
45234,5,4
45235,7,0
45236,5,9
45237,2,1
45238,5,4
45239,4,3
45240,9,1
45241,9,6
45242,2,9
45243,5,4
45244,5,9
45245,4,8
45246,1,3
45247,2,9
45248,9,6
45249,4,8
45250,1,5
45251,3,2
45252,5,4
45253,4,1
45254,9,1
45255,7,0
45256,9,5
45257,2,7
45258,2,7
45259,3,2
45260,4,3
45261,4,5
45262,9,6
45263,4,5
45264,4,3
45265,9,6
45266,3,3
45267,9,6
45268,7,2
45269,9,6
45270,7,8
45271,4,3
45272,4,3
45273,4,3
45274,9,6
45275,4,3
45276,7,0
45277,2,1
45278,5,4
45279,2,7
45280,5,4
45281,3,2
45282,4,5
45283,9,2
45284,5,1
45285,2,7
45286,5,8
45287,3,2
45288,8,0
45289,4,3
45290,5,1
45291,9,6
45292,4,5
45293,4,8
45294,9,6
45295,4,5
45296,5,4
45297,9,1
45298,4,8
45299,5,4
45300,9,6
45301,2,9
45302,2,1
45303,7,0
45304,5,9
45305,4,5
45306,1,2
45307,7,0
45308,2,9
45309,9,6
45310,2,7
45311,8,8
45312,4,3
45313,4,8
45314,2,7
45315,7,0
45316,5,4
45317,4,8
45318,5,4
45319,9,2
45320,5,1
45321,4,3
45322,5,9
45323,5,9
45324,9,6
45325,5,4
45326,3,8
45327,4,3
45328,4,3
45329,2,7
45330,5,4
45331,5,1
45332,3,2
45333,2,7
45334,4,5
45335,9,6
45336,4,3
45337,5,9
45338,9,6
45339,5,4
45340,3,3
45341,9,2
45342,3,2
45343,2,9
45344,4,5
45345,2,9
45346,9,2
45347,9,2
45348,5,2
45349,7,0
45350,9,2
45351,3,8
45352,2,9
45353,5,4
45354,8,0
45355,2,9
45356,2,8
45357,5,4
45358,3,2
45359,8,0
45360,4,5
45361,2,7
45362,3,2
45363,9,1
45364,4,3
45365,4,3
45366,5,1
45367,3,2
45368,9,6
45369,2,9
45370,5,9
45371,7,0
45372,5,1
45373,1,1
45374,2,7
45375,3,2
45376,9,6
45377,3,3
45378,3,2
45379,3,8
45380,2,9
45381,2,9
45382,2,7
45383,7,0
45384,8,0
45385,2,1
45386,8,0
45387,3,2
45388,5,9
45389,3,3
45390,4,5
45391,5,4
45392,2,7
45393,3,5
45394,5,4
45395,0,6
45396,4,3
45397,2,7
45398,1,3
45399,3,8
45400,4,3
45401,7,0
45402,7,0
45403,2,1
45404,5,4
45405,3,2
45406,3,2
45407,3,3
45408,4,3
45409,0,6
45410,0,6
45411,2,7
45412,3,2
45413,6,8
45414,1,2
45415,2,9
45416,5,8
45417,8,0
45418,7,0
45419,3,3
45420,5,2
45421,2,9
45422,8,0
45423,4,5
45424,5,4
45425,9,6
45426,8,0
45427,3,8
45428,2,7
45429,5,4
45430,3,2
45431,2,9
45432,4,5
45433,9,1
45434,7,0
45435,2,7
45436,1,3
45437,2,1
45438,5,1
45439,3,2
45440,2,9
45441,3,3
45442,7,0
45443,3,5
45444,5,1
45445,2,9
45446,5,7
45447,0,6
45448,9,6
45449,2,9
45450,2,9
45451,2,1
45452,4,5
45453,7,2
45454,4,8
45455,0,0
45456,2,7
45457,2,7
45458,4,8
45459,3,2
45460,9,6
45461,2,9
45462,2,2
45463,3,8
45464,3,2
45465,2,9
45466,2,7
45467,8,0
45468,4,3
45469,2,7
45470,4,5
45471,2,1
45472,5,4
45473,3,3
45474,3,3
45475,7,0
45476,7,0
45477,3,3
45478,9,6
45479,0,6
45480,3,3
45481,3,8
45482,4,5
45483,2,7
45484,5,2
45485,0,4
45486,9,2
45487,2,9
45488,3,2
45489,2,7
45490,4,5
45491,3,5
45492,2,7
45493,4,8
45494,8,0
45495,9,1
45496,2,7
45497,4,5
45498,1,2
45499,2,1
45500,9,2
45501,9,2
45502,3,1
45503,7,0
45504,7,0
45505,7,2
45506,9,6
45507,5,4
45508,4,3
45509,3,3
45510,9,6
45511,7,0
45512,4,5
45513,7,0
45514,0,6
45515,7,0
45516,9,1
45517,4,3
45518,2,7
45519,4,5
45520,1,8
45521,2,7
45522,7,0
45523,9,6
45524,2,7
45525,2,9
45526,4,5
45527,2,9
45528,5,9
45529,7,8
45530,2,7
45531,3,2
45532,4,1
45533,2,7
45534,4,5
45535,2,7
45536,4,5
45537,9,1
45538,5,4
45539,8,0
45540,8,0
45541,5,1
45542,9,6
45543,3,2
45544,7,0
45545,4,3
45546,2,1
45547,4,5
45548,2,7
45549,0,6
45550,5,4
45551,2,7
45552,9,6
45553,4,8
45554,3,3
45555,2,9
45556,2,1
45557,8,0
45558,9,6
45559,5,1
45560,5,4
45561,3,2
45562,4,5
45563,4,3
45564,5,4
45565,5,4
45566,9,6
45567,4,5
45568,3,2
45569,0,6
45570,2,7
45571,2,7
45572,2,1
45573,4,8
45574,5,4
45575,2,9
45576,3,8
45577,8,0
45578,5,4
45579,5,1
45580,9,6
45581,9,6
45582,4,5
45583,2,7
45584,2,2
45585,4,8
45586,4,3
45587,2,9
45588,5,1
45589,8,0
45590,5,4
45591,4,5
45592,2,7
45593,0,6
45594,2,7
45595,4,8
45596,8,0
45597,4,3
45598,5,1
45599,4,3
45600,2,7
45601,4,3
45602,2,5
45603,5,9
45604,4,5
45605,2,9
45606,2,7
45607,3,5
45608,8,0
45609,0,6
45610,1,3
45611,5,4
45612,4,3
45613,5,4
45614,9,6
45615,2,7
45616,8,5
45617,8,0
45618,2,7
45619,4,3
45620,4,2
45621,5,9
45622,8,6
45623,0,6
45624,4,5
45625,5,9
45626,2,7
45627,9,1
45628,4,3
45629,4,5
45630,9,6
45631,3,2
45632,2,9
45633,9,6
45634,9,6
45635,9,6
45636,4,3
45637,2,7
45638,3,2
45639,4,8
45640,9,6
45641,2,1
45642,4,3
45643,9,6
45644,4,3
45645,2,7
45646,4,8
45647,4,8
45648,3,2
45649,4,8
45650,2,1
45651,5,1
45652,2,7
45653,4,8
45654,5,9
45655,4,3
45656,4,3
45657,2,7
45658,4,3
45659,5,1
45660,3,8
45661,9,2
45662,3,2
45663,2,7
45664,0,6
45665,5,1
45666,1,1
45667,4,5
45668,0,6
45669,8,0
45670,5,4
45671,5,9
45672,3,2
45673,4,8
45674,5,4
45675,4,3
45676,8,0
45677,5,1
45678,6,8
45679,4,8
45680,2,7
45681,5,4
45682,8,0
45683,5,1
45684,3,8
45685,5,4
45686,9,6
45687,1,3
45688,8,9
45689,2,9
45690,2,1
45691,2,7
45692,2,8
45693,5,1
45694,2,9
45695,8,0
45696,3,3
45697,2,7
45698,9,2
45699,1,3
45700,2,9
45701,7,0
45702,0,6
45703,5,1
45704,4,3
45705,7,2
45706,5,8
45707,3,3
45708,2,9
45709,5,4
45710,4,8
45711,3,5
45712,4,3
45713,9,6
45714,9,2
45715,2,7
45716,4,5
45717,4,8
45718,5,4
45719,2,9
45720,2,7
45721,7,0
45722,8,0
45723,5,1
45724,5,4
45725,3,2
45726,4,5
45727,3,3
45728,8,0
45729,5,4
45730,1,1
45731,0,5
45732,4,3
45733,0,6
45734,4,3
45735,2,7
45736,4,3
45737,4,8
45738,3,8
45739,2,9
45740,5,4
45741,7,0
45742,9,6
45743,5,1
45744,2,7
45745,7,2
45746,4,8
45747,1,3
45748,7,0
45749,2,4
45750,0,6
45751,5,4
45752,5,4
45753,4,5
45754,9,1
45755,9,6
45756,2,9
45757,0,6
45758,4,3
45759,4,3
45760,3,0
45761,2,4
45762,2,9
45763,7,2
45764,4,3
45765,5,8
45766,7,0
45767,9,1
45768,5,1
45769,7,0
45770,4,5
45771,9,6
45772,4,8
45773,9,4
45774,4,3
45775,2,9
45776,2,7
45777,2,7
45778,5,4
45779,7,2
45780,4,5
45781,3,3
45782,5,1
45783,3,3
45784,3,9
45785,2,9
45786,4,3
45787,5,9
45788,5,4
45789,4,3
45790,5,1
45791,4,3
45792,3,2
45793,2,9
45794,5,4
45795,3,1
45796,1,3
45797,2,5
45798,6,8
45799,3,2
45800,8,9
45801,4,3
45802,4,8
45803,5,1
45804,2,7
45805,0,6
45806,2,7
45807,2,7
45808,4,5
45809,4,3
45810,5,9
45811,2,7
45812,7,0
45813,4,8
45814,1,3
45815,2,4
45816,2,1
45817,7,0
45818,9,2
45819,3,2
45820,2,1
45821,5,4
45822,1,3
45823,0,0
45824,5,9
45825,3,2
45826,4,5
45827,5,4
45828,5,9
45829,2,7
45830,8,0
45831,4,8
45832,1,2
45833,0,0
45834,5,4
45835,2,7
45836,4,3
45837,7,0
45838,3,2
45839,0,6
45840,8,0
45841,6,9
45842,4,8
45843,3,3
45844,2,7
45845,7,2
45846,4,6
45847,5,4
45848,4,3
45849,6,8
45850,3,3
45851,0,6
45852,9,2
45853,7,0
45854,4,3
45855,1,1
45856,9,6
45857,7,0
45858,5,1
45859,4,8
45860,5,4
45861,2,1
45862,4,3
45863,9,6
45864,9,9
45865,2,7
45866,4,8
45867,7,2
45868,2,2
45869,2,9
45870,4,5
45871,2,7
45872,4,5
45873,2,9
45874,1,8
45875,9,5
45876,5,4
45877,4,8
45878,1,3
45879,2,9
45880,4,2
45881,0,6
45882,4,8
45883,4,5
45884,4,8
45885,3,2
45886,4,5
45887,7,6
45888,4,9
45889,3,2
45890,4,5
45891,4,8
45892,2,9
45893,9,1
45894,4,5
45895,2,7
45896,4,8
45897,4,5
45898,3,8
45899,4,5
45900,2,1
45901,1,7
45902,4,3
45903,4,3
45904,9,2
45905,7,0
45906,3,2
45907,2,1
45908,8,0
45909,9,1
45910,9,6
45911,2,3
45912,5,4
45913,3,8
45914,9,6
45915,5,4
45916,5,4
45917,5,9
45918,4,8
45919,4,5
45920,3,2
45921,9,1
45922,5,9
45923,7,8
45924,4,5
45925,2,9
45926,5,1
45927,9,1
45928,5,4
45929,3,2
45930,2,7
45931,9,1
45932,1,2
45933,3,5
45934,9,6
45935,0,6
45936,5,4
45937,2,7
45938,4,8
45939,7,0
45940,3,3
45941,3,1
45942,7,0
45943,7,2
45944,5,9
45945,4,3
45946,3,3
45947,4,5
45948,4,8
45949,0,6
45950,5,4
45951,2,7
45952,8,0
45953,7,0
45954,6,8
45955,9,1
45956,3,8
45957,7,2
45958,3,2
45959,3,3
45960,8,0
45961,3,1
45962,5,1
45963,3,5
45964,3,2
45965,9,6
45966,8,0
45967,2,7
45968,4,8
45969,2,9
45970,4,3
45971,4,8
45972,4,2
45973,2,7
45974,5,1
45975,7,0
45976,4,8
45977,3,2
45978,2,7
45979,3,3
45980,5,9
45981,5,4
45982,5,4
45983,3,3
45984,9,6
45985,4,8
45986,9,6
45987,3,5
45988,4,8
45989,2,1
45990,4,3
45991,4,5
45992,2,7
45993,3,2
45994,5,1
45995,3,3
45996,2,1
45997,7,0
45998,1,2
45999,9,1
46000,5,9
46001,9,2
46002,5,2
46003,0,6
46004,5,4
46005,4,3
46006,5,1
46007,7,0
46008,5,9
46009,2,7
46010,7,0
46011,3,2
46012,5,1
46013,9,6
46014,7,0
46015,3,1
46016,2,7
46017,7,0
46018,4,8
46019,3,5
46020,2,9
46021,2,9
46022,5,4
46023,2,9
46024,9,6
46025,3,8
46026,2,1
46027,3,3
46028,3,2
46029,9,1
46030,2,9
46031,2,7
46032,2,9
46033,2,4
46034,6,8
46035,2,7
46036,3,2
46037,2,4
46038,5,4
46039,7,0
46040,5,1
46041,7,0
46042,2,7
46043,0,6
46044,3,2
46045,7,6
46046,5,1
46047,3,2
46048,2,7
46049,9,6
46050,9,2
46051,3,3
46052,5,4
46053,2,7
46054,0,0
46055,2,7
46056,8,2
46057,5,4
46058,1,1
46059,5,4
46060,4,5
46061,3,3
46062,1,3
46063,7,8
46064,2,9
46065,2,9
46066,5,9
46067,0,6
46068,4,3
46069,7,0
46070,4,3
46071,2,9
46072,4,3
46073,3,5
46074,9,6
46075,3,3
46076,2,7
46077,3,1
46078,2,7
46079,3,3
46080,6,8
46081,2,7
46082,9,2
46083,7,2
46084,2,7
46085,9,1
46086,4,5
46087,2,9
46088,5,6
46089,9,1
46090,8,0
46091,4,5
46092,3,2
46093,9,1
46094,3,2
46095,2,7
46096,0,6
46097,9,4
46098,4,3
46099,2,8
46100,2,9
46101,9,6
46102,4,5
46103,5,1
46104,5,4
46105,7,2
46106,2,7
46107,9,1
46108,4,5
46109,0,6
46110,4,8
46111,7,0
46112,5,4
46113,2,1
46114,7,0
46115,3,2
46116,1,2
46117,4,3
46118,5,8
46119,2,7
46120,0,6
46121,3,8
46122,1,2
46123,2,9
46124,5,4
46125,7,0
46126,4,3
46127,1,1
46128,5,4
46129,7,2
46130,3,3
46131,0,6
46132,2,7
46133,2,7
46134,4,3
46135,3,8
46136,3,3
46137,5,9
46138,4,3
46139,7,0
46140,5,4
46141,9,1
46142,2,1
46143,3,2
46144,8,0
46145,3,3
46146,2,9
46147,2,7
46148,5,9
46149,4,5
46150,5,4
46151,2,7
46152,4,5
46153,2,7
46154,5,8
46155,2,7
46156,2,7
46157,4,3
46158,2,1
46159,9,1
46160,2,7
46161,5,9
46162,3,2
46163,7,2
46164,5,4
46165,9,1
46166,8,0
46167,0,6
46168,5,9
46169,4,5
46170,0,6
46171,2,7
46172,5,4
46173,2,1
46174,2,7
46175,9,8
46176,5,9
46177,9,6
46178,5,1
46179,2,9
46180,4,5
46181,2,1
46182,4,3
46183,7,0
46184,4,3
46185,9,1
46186,0,6
46187,5,3
46188,4,5
46189,0,6
46190,2,7
46191,6,8
46192,8,0
46193,5,9
46194,5,4
46195,4,5
46196,5,1
46197,3,2
46198,9,6
46199,9,1
46200,2,8
46201,2,7
46202,2,7
46203,4,5
46204,5,1
46205,0,6
46206,5,9
46207,0,6
46208,4,3
46209,0,6
46210,1,1
46211,4,3
46212,2,2
46213,9,1
46214,3,2
46215,2,7
46216,5,8
46217,7,2
46218,9,6
46219,3,2
46220,5,4
46221,3,3
46222,5,8
46223,6,8
46224,9,2
46225,2,1
46226,2,8
46227,7,0
46228,4,3
46229,0,6
46230,5,4
46231,4,8
46232,5,4
46233,6,8
46234,5,4
46235,3,0
46236,5,1
46237,6,8
46238,5,9
46239,3,2
46240,2,1
46241,4,3
46242,4,3
46243,5,9
46244,4,5
46245,5,4
46246,4,3
46247,4,3
46248,5,7
46249,2,7
46250,3,2
46251,2,1
46252,4,8
46253,2,7
46254,2,1
46255,5,9
46256,5,1
46257,5,4
46258,4,8
46259,7,2
46260,2,7
46261,5,9
46262,3,2
46263,2,9
46264,2,7
46265,2,7
46266,3,2
46267,9,1
46268,2,1
46269,5,3
46270,4,8
46271,5,9
46272,9,6
46273,7,0
46274,1,7
46275,2,1
46276,2,1
46277,3,2
46278,2,7
46279,4,3
46280,1,3
46281,5,4
46282,2,9
46283,2,7
46284,5,9
46285,9,8
46286,7,2
46287,2,9
46288,8,2
46289,0,0
46290,4,5
46291,3,1
46292,8,0
46293,3,2
46294,8,0
46295,3,3
46296,4,3
46297,2,7
46298,5,9
46299,3,8
46300,4,5
46301,2,9
46302,5,1
46303,7,0
46304,5,1
46305,0,4
46306,4,3
46307,4,5
46308,5,9
46309,0,6
46310,9,6
46311,2,7
46312,4,5
46313,3,8
46314,5,4
46315,9,9
46316,5,9
46317,3,2
46318,2,9
46319,9,2
46320,4,8
46321,2,7
46322,4,5
46323,0,6
46324,5,4
46325,5,4
46326,5,1
46327,6,7
46328,7,0
46329,3,3
46330,6,8
46331,9,5
46332,7,0
46333,2,4
46334,5,1
46335,3,1
46336,5,9
46337,6,8
46338,3,8
46339,0,0
46340,2,7
46341,6,7
46342,5,1
46343,3,2
46344,8,0
46345,3,2
46346,1,8
46347,5,1
46348,4,8
46349,2,7
46350,3,3
46351,2,7
46352,5,4
46353,2,9
46354,2,3
46355,2,9
46356,6,7
46357,5,4
46358,4,5
46359,0,6
46360,5,1
46361,2,7
46362,5,9
46363,2,7
46364,3,2
46365,4,5
46366,4,5
46367,0,4
46368,8,8
46369,3,5
46370,4,3
46371,0,0
46372,2,1
46373,2,9
46374,5,4
46375,0,0
46376,2,7
46377,3,2
46378,4,5
46379,2,3
46380,4,8
46381,4,5
46382,9,6
46383,0,6
46384,5,4
46385,2,1
46386,3,2
46387,3,8
46388,5,4
46389,0,6
46390,0,6
46391,0,0
46392,9,6
46393,0,6
46394,1,2
46395,3,8
46396,4,8
46397,3,8
46398,8,0
46399,6,8
46400,3,2
46401,2,4
46402,5,4
46403,3,3
46404,5,7
46405,6,8
46406,4,3
46407,3,1
46408,3,2
46409,3,3
46410,8,0
46411,0,6
46412,3,0
46413,2,9
46414,3,2
46415,5,4
46416,5,1
46417,3,1
46418,4,5
46419,3,7
46420,9,6
46421,0,6
46422,2,7
46423,9,9
46424,4,3
46425,3,3
46426,5,7
46427,3,3
46428,4,8
46429,2,7
46430,8,0
46431,5,4
46432,9,6
46433,3,1
46434,5,1
46435,0,9
46436,7,0
46437,3,1
46438,7,0
46439,0,0
46440,9,6
46441,0,6
46442,4,3
46443,7,0
46444,2,9
46445,9,1
46446,7,0
46447,9,2
46448,4,5
46449,4,3
46450,3,8
46451,5,4
46452,5,1
46453,4,5
46454,4,3
46455,9,6
46456,5,4
46457,2,7
46458,4,5
46459,7,0
46460,5,4
46461,5,1
46462,2,7
46463,9,2
46464,9,2
46465,4,3
46466,2,7
46467,5,4
46468,2,1
46469,4,5
46470,5,1
46471,9,6
46472,5,4
46473,2,7
46474,5,9
46475,4,8
46476,4,5
46477,5,9
46478,3,8
46479,7,0
46480,4,3
46481,2,1
46482,9,6
46483,3,2
46484,8,0
46485,4,3
46486,3,2
46487,5,4
46488,8,0
46489,4,5
46490,2,9
46491,9,6
46492,5,9
46493,2,7
46494,8,0
46495,3,8
46496,5,1
46497,2,9
46498,5,4
46499,9,1
46500,3,3
46501,2,7
46502,4,8
46503,5,4
46504,5,8
46505,3,8
46506,4,3
46507,5,1
46508,6,8
46509,4,5
46510,4,2
46511,9,6
46512,5,1
46513,4,5
46514,2,7
46515,2,7
46516,7,0
46517,3,2
46518,2,1
46519,4,8
46520,5,1
46521,9,6
46522,4,5
46523,4,3
46524,8,6
46525,4,3
46526,9,6
46527,4,8
46528,5,8
46529,9,6
46530,5,4
46531,4,5
46532,4,3
46533,5,4
46534,4,3
46535,8,0
46536,9,6
46537,5,9
46538,9,6
46539,5,1
46540,3,2
46541,2,7
46542,5,1
46543,9,2
46544,4,5
46545,5,9
46546,4,2
46547,9,1
46548,4,3
46549,3,3
46550,5,4
46551,9,2
46552,9,1
46553,1,2
46554,4,5
46555,1,3
46556,4,2
46557,8,0
46558,9,6
46559,9,6
46560,8,0
46561,5,4
46562,7,0
46563,4,3
46564,5,4
46565,2,7
46566,4,3
46567,9,6
46568,5,4
46569,5,9
46570,4,3
46571,7,0
46572,2,9
46573,4,8
46574,9,2
46575,5,1
46576,4,5
46577,5,4
46578,5,9
46579,7,0
46580,0,6
46581,9,6
46582,8,0
46583,2,1
46584,2,8
46585,9,2
46586,3,2
46587,9,6
46588,4,3
46589,5,9
46590,9,6
46591,3,2
46592,4,3
46593,1,2
46594,9,6
46595,4,3
46596,0,0
46597,4,5
46598,5,1
46599,4,5
46600,4,3
46601,9,1
46602,5,9
46603,8,0
46604,8,0
46605,2,7
46606,9,2
46607,2,7
46608,4,5
46609,5,9
46610,4,5
46611,9,6
46612,4,5
46613,5,4
46614,4,8
46615,2,7
46616,3,8
46617,7,0
46618,2,7
46619,7,2
46620,1,2
46621,3,3
46622,5,4
46623,5,4
46624,5,4
46625,7,0
46626,9,6
46627,7,0
46628,8,0
46629,6,8
46630,2,7
46631,4,8
46632,9,6
46633,4,8
46634,3,3
46635,4,5
46636,2,7
46637,2,1
46638,2,7
46639,4,3
46640,4,5
46641,2,7
46642,2,7
46643,5,4
46644,5,4
46645,5,9
46646,9,6
46647,3,8
46648,2,7
46649,4,8
46650,3,8
46651,5,9
46652,4,3
46653,8,0
46654,8,0
46655,5,9
46656,4,2
46657,4,8
46658,5,8
46659,5,9
46660,5,9
46661,7,0
46662,5,9
46663,9,2
46664,5,1
46665,0,6
46666,4,3
46667,4,5
46668,5,4
46669,9,6
46670,9,6
46671,2,7
46672,2,7
46673,2,7
46674,4,3
46675,4,5
46676,8,6
46677,5,4
46678,1,2
46679,5,1
46680,8,0
46681,4,3
46682,9,6
46683,8,0
46684,9,6
46685,1,1
46686,2,7
46687,9,2
46688,2,7
46689,3,3
46690,3,2
46691,5,4
46692,4,3
46693,4,5
46694,3,2
46695,9,6
46696,5,1
46697,2,7
46698,1,9
46699,3,8
46700,4,5
46701,5,9
46702,4,3
46703,7,0
46704,9,6
46705,5,1
46706,5,9
46707,3,2
46708,3,2
46709,4,3
46710,9,2
46711,5,4
46712,5,4
46713,4,5
46714,5,9
46715,9,6
46716,5,4
46717,2,7
46718,2,1
46719,1,8
46720,4,5
46721,2,9
46722,9,1
46723,7,0
46724,2,7
46725,1,1
46726,9,0
46727,7,2
46728,5,4
46729,4,3
46730,3,8
46731,5,4
46732,9,6
46733,4,5
46734,5,4
46735,9,6
46736,4,3
46737,2,7
46738,4,8
46739,4,8
46740,8,0
46741,2,9
46742,5,9
46743,4,3
46744,2,7
46745,5,4
46746,8,0
46747,5,1
46748,8,0
46749,5,4
46750,9,6
46751,8,0
46752,2,7
46753,3,8
46754,5,4
46755,9,6
46756,4,8
46757,5,4
46758,5,8
46759,4,5
46760,9,2
46761,5,4
46762,2,9
46763,7,0
46764,4,8
46765,2,7
46766,5,4
46767,4,8
46768,4,5
46769,2,7
46770,2,7
46771,2,7
46772,8,0
46773,2,9
46774,4,5
46775,8,0
46776,2,8
46777,5,4
46778,5,9
46779,2,7
46780,5,1
46781,5,4
46782,1,1
46783,9,2
46784,5,9
46785,8,0
46786,5,4
46787,4,5
46788,0,6
46789,6,8
46790,5,4
46791,3,8
46792,9,1
46793,4,8
46794,4,8
46795,5,4
46796,7,0
46797,8,0
46798,5,4
46799,2,7
46800,2,9
46801,2,1
46802,5,9
46803,3,3
46804,9,6
46805,4,5
46806,5,4
46807,3,3
46808,4,5
46809,2,1
46810,7,0
46811,9,6
46812,8,0
46813,0,5
46814,5,9
46815,4,3
46816,1,8
46817,3,8
46818,3,0
46819,2,7
46820,2,7
46821,3,3
46822,8,0
46823,9,1
46824,4,5
46825,9,6
46826,8,0
46827,4,8
46828,2,9
46829,4,5
46830,3,2
46831,5,9
46832,2,7
46833,3,2
46834,4,3
46835,3,2
46836,2,7
46837,7,0
46838,4,3
46839,2,9
46840,2,1
46841,5,2
46842,5,1
46843,5,4
46844,4,6
46845,9,6
46846,5,4
46847,4,5
46848,4,3
46849,5,2
46850,2,1
46851,2,7
46852,5,4
46853,4,3
46854,4,3
46855,9,1
46856,4,3
46857,4,3
46858,2,7
46859,9,6
46860,8,0
46861,9,6
46862,4,5
46863,9,2
46864,4,8
46865,1,1
46866,5,9
46867,3,2
46868,7,0
46869,0,6
46870,5,9
46871,8,0
46872,4,8
46873,2,7
46874,5,7
46875,2,7
46876,3,8
46877,5,4
46878,4,5
46879,2,7
46880,5,1
46881,5,4
46882,4,3
46883,2,8
46884,5,4
46885,2,9
46886,5,4
46887,9,2
46888,2,7
46889,2,9
46890,4,5
46891,4,5
46892,8,0
46893,9,1
46894,5,4
46895,4,5
46896,8,0
46897,4,8
46898,9,6
46899,4,3
46900,4,3
46901,4,5
46902,4,3
46903,9,6
46904,2,8
46905,8,0
46906,5,7
46907,2,9
46908,1,3
46909,2,9
46910,1,2
46911,4,3
46912,4,2
46913,9,1
46914,4,5
46915,5,1
46916,5,1
46917,7,0
46918,4,3
46919,9,1
46920,5,4
46921,3,2
46922,5,4
46923,3,3
46924,4,5
46925,5,4
46926,8,0
46927,3,8
46928,2,7
46929,2,9
46930,5,1
46931,7,0
46932,4,3
46933,9,1
46934,9,1
46935,3,2
46936,1,1
46937,3,3
46938,2,7
46939,5,4
46940,3,2
46941,0,5
46942,5,8
46943,0,6
46944,7,0
46945,2,7
46946,2,9
46947,7,0
46948,4,5
46949,1,1
46950,2,7
46951,3,2
46952,8,0
46953,1,3
46954,5,1
46955,5,4
46956,5,2
46957,2,7
46958,4,9
46959,6,8
46960,5,4
46961,2,9
46962,8,0
46963,7,0
46964,2,7
46965,4,5
46966,9,2
46967,0,6
46968,4,5
46969,4,8
46970,5,9
46971,4,3
46972,2,9
46973,2,9
46974,1,2
46975,7,0
46976,5,4
46977,3,2
46978,1,2
46979,3,3
46980,7,0
46981,1,3
46982,6,8
46983,3,3
46984,2,1
46985,2,9
46986,4,3
46987,5,9
46988,5,8
46989,0,5
46990,4,5
46991,0,6
46992,7,0
46993,5,4
46994,0,6
46995,5,4
46996,4,5
46997,3,2
46998,3,8
46999,9,5
47000,8,0
47001,5,4
47002,5,4
47003,2,7
47004,4,1
47005,0,0
47006,9,6
47007,1,3
47008,4,8
47009,2,9
47010,2,9
47011,0,6
47012,9,2
47013,6,8
47014,0,6
47015,2,7
47016,4,5
47017,2,9
47018,9,6
47019,3,1
47020,4,5
47021,0,5
47022,5,1
47023,3,2
47024,3,2
47025,0,6
47026,9,6
47027,3,3
47028,5,4
47029,5,4
47030,5,8
47031,0,0
47032,9,6
47033,5,4
47034,1,8
47035,1,1
47036,9,2
47037,0,6
47038,6,8
47039,0,5
47040,2,9
47041,5,1
47042,7,0
47043,1,2
47044,5,4
47045,0,6
47046,8,0
47047,0,6
47048,2,9
47049,2,7
47050,2,1
47051,6,8
47052,4,8
47053,6,8
47054,5,1
47055,9,1
47056,8,9
47057,6,8
47058,5,4
47059,3,3
47060,4,5
47061,2,7
47062,2,7
47063,9,1
47064,9,6
47065,3,2
47066,4,8
47067,2,7
47068,5,4
47069,7,0
47070,5,4
47071,2,7
47072,7,0
47073,7,0
47074,4,8
47075,5,1
47076,4,8
47077,0,5
47078,8,0
47079,7,0
47080,4,8
47081,0,5
47082,2,9
47083,3,2
47084,9,6
47085,6,8
47086,5,4
47087,7,0
47088,3,2
47089,5,4
47090,4,3
47091,2,9
47092,5,4
47093,3,8
47094,5,4
47095,3,3
47096,7,0
47097,9,1
47098,4,5
47099,6,8
47100,4,8
47101,3,2
47102,1,2
47103,2,9
47104,4,5
47105,2,9
47106,9,6
47107,3,5
47108,5,1
47109,5,4
47110,2,7
47111,4,8
47112,0,6
47113,3,2
47114,1,2
47115,0,5
47116,4,8
47117,2,7
47118,5,1
47119,1,1
47120,2,9
47121,5,4
47122,4,8
47123,3,3
47124,7,0
47125,2,9
47126,2,9
47127,2,7
47128,5,4
47129,9,1
47130,4,5
47131,3,2
47132,4,2
47133,0,6
47134,5,9
47135,7,0
47136,6,8
47137,2,7
47138,4,5
47139,8,0
47140,4,3
47141,5,1
47142,9,2
47143,7,2
47144,4,8
47145,4,3
47146,4,5
47147,9,6
47148,5,9
47149,2,7
47150,8,0
47151,3,8
47152,3,8
47153,1,1
47154,5,8
47155,3,2
47156,8,0
47157,4,3
47158,5,1
47159,5,4
47160,2,7
47161,2,7
47162,9,6
47163,4,8
47164,3,2
47165,2,9
47166,8,0
47167,7,0
47168,2,7
47169,2,1
47170,2,7
47171,3,2
47172,8,0
47173,4,3
47174,8,0
47175,5,4
47176,4,8
47177,4,5
47178,5,9
47179,9,6
47180,2,7
47181,2,7
47182,2,7
47183,9,8
47184,2,7
47185,2,9
47186,7,0
47187,2,1
47188,4,8
47189,7,2
47190,8,0
47191,9,6
47192,4,3
47193,4,5
47194,5,1
47195,4,3
47196,5,9
47197,7,0
47198,5,4
47199,3,2
47200,5,1
47201,4,8
47202,7,0
47203,2,7
47204,4,5
47205,8,0
47206,2,7
47207,4,3
47208,4,5
47209,9,6
47210,5,4
47211,8,4
47212,4,8
47213,9,1
47214,9,6
47215,5,4
47216,5,1
47217,3,3
47218,1,8
47219,9,6
47220,9,6
47221,2,7
47222,2,1
47223,3,2
47224,2,1
47225,3,3
47226,4,2
47227,2,9
47228,9,2
47229,2,1
47230,3,2
47231,3,2
47232,2,7
47233,2,1
47234,5,1
47235,9,2
47236,5,1
47237,2,9
47238,9,2
47239,9,6
47240,5,4
47241,8,0
47242,2,7
47243,2,1
47244,5,9
47245,4,3
47246,3,2
47247,4,0
47248,2,7
47249,3,2
47250,2,5
47251,4,5
47252,5,4
47253,2,7
47254,3,2
47255,3,2
47256,4,5
47257,2,9
47258,4,2
47259,2,1
47260,7,6
47261,2,9
47262,2,7
47263,0,0
47264,2,9
47265,9,6
47266,2,7
47267,8,0
47268,5,1
47269,9,6
47270,1,2
47271,7,0
47272,5,1
47273,3,2
47274,6,8
47275,3,0
47276,5,4
47277,9,6
47278,4,5
47279,9,1
47280,4,3
47281,4,5
47282,5,4
47283,7,8
47284,4,5
47285,9,4
47286,2,7
47287,3,3
47288,9,6
47289,8,0
47290,1,2
47291,2,1
47292,5,9
47293,5,4
47294,8,0
47295,4,8
47296,4,5
47297,9,8
47298,1,8
47299,5,4
47300,9,6
47301,4,5
47302,3,2
47303,2,7
47304,6,8
47305,4,5
47306,3,2
47307,2,7
47308,5,4
47309,4,8
47310,5,1
47311,4,3
47312,4,8
47313,5,4
47314,4,5
47315,4,8
47316,8,0
47317,2,8
47318,5,4
47319,4,5
47320,4,5
47321,3,2
47322,8,8
47323,2,9
47324,8,0
47325,2,7
47326,5,4
47327,9,1
47328,4,8
47329,4,3
47330,5,4
47331,4,8
47332,5,9
47333,5,1
47334,5,4
47335,0,0
47336,5,4
47337,2,7
47338,5,1
47339,4,5
47340,2,1
47341,2,9
47342,4,2
47343,9,6
47344,9,0
47345,2,9
47346,8,0
47347,5,4
47348,4,5
47349,2,7
47350,5,1
47351,2,7
47352,4,3
47353,2,9
47354,9,2
47355,5,9
47356,4,3
47357,4,5
47358,0,6
47359,2,8
47360,2,1
47361,4,3
47362,2,7
47363,5,4
47364,2,7
47365,5,4
47366,4,5
47367,4,3
47368,5,4
47369,9,2
47370,8,0
47371,7,0
47372,8,0
47373,0,1
47374,2,7
47375,3,2
47376,4,6
47377,3,3
47378,3,2
47379,0,4
47380,4,3
47381,0,5
47382,5,1
47383,0,6
47384,2,1
47385,6,7
47386,8,0
47387,3,8
47388,5,1
47389,7,0
47390,2,9
47391,0,1
47392,5,8
47393,3,2
47394,2,1
47395,3,3
47396,7,0
47397,0,4
47398,2,9
47399,2,7
47400,5,1
47401,3,8
47402,2,7
47403,0,9
47404,9,6
47405,7,0
47406,7,0
47407,3,1
47408,9,2
47409,3,2
47410,5,4
47411,3,3
47412,4,5
47413,9,4
47414,4,5
47415,0,6
47416,2,7
47417,2,7
47418,9,6
47419,7,0
47420,4,8
47421,3,8
47422,7,0
47423,2,7
47424,4,3
47425,3,8
47426,3,3
47427,2,9
47428,4,5
47429,0,1
47430,9,6
47431,5,4
47432,9,6
47433,3,5
47434,2,1
47435,1,1
47436,9,6
47437,0,6
47438,6,8
47439,2,7
47440,5,1
47441,4,3
47442,2,1
47443,0,2
47444,4,5
47445,6,9
47446,9,1
47447,0,0
47448,7,2
47449,3,5
47450,9,6
47451,0,6
47452,8,0
47453,2,7
47454,9,6
47455,3,3
47456,5,9
47457,2,9
47458,9,6
47459,2,9
47460,3,2
47461,3,3
47462,4,8
47463,3,8
47464,2,7
47465,5,1
47466,7,0
47467,3,2
47468,4,5
47469,3,3
47470,7,0
47471,3,5
47472,0,6
47473,0,0
47474,9,6
47475,0,5
47476,7,0
47477,9,4
47478,1,8
47479,0,0
47480,8,0
47481,3,3
47482,8,0
47483,5,4
47484,4,8
47485,2,7
47486,9,6
47487,2,7
47488,8,0
47489,5,9
47490,2,1
47491,5,4
47492,9,6
47493,4,3
47494,4,5
47495,2,7
47496,4,3
47497,0,6
47498,5,8
47499,9,2
47500,5,4
47501,3,1
47502,5,1
47503,2,5
47504,2,7
47505,3,8
47506,4,8
47507,5,4
47508,1,2
47509,0,6
47510,1,3
47511,2,7
47512,3,8
47513,7,0
47514,4,3
47515,3,2
47516,2,1
47517,2,9
47518,5,4
47519,3,3
47520,4,3
47521,5,4
47522,4,2
47523,5,4
47524,0,6
47525,3,8
47526,4,5
47527,0,1
47528,4,5
47529,9,2
47530,3,2
47531,3,2
47532,5,4
47533,3,3
47534,3,2
47535,2,1
47536,2,7
47537,2,7
47538,4,8
47539,1,3
47540,5,9
47541,5,4
47542,9,1
47543,4,5
47544,2,7
47545,9,1
47546,4,8
47547,2,9
47548,6,8
47549,3,8
47550,4,8
47551,0,1
47552,7,0
47553,0,1
47554,4,5
47555,7,0
47556,2,9
47557,3,2
47558,5,4
47559,2,7
47560,8,7
47561,0,6
47562,0,6
47563,3,8
47564,9,6
47565,3,2
47566,5,4
47567,3,8
47568,2,7
47569,5,4
47570,2,7
47571,5,4
47572,8,0
47573,3,2
47574,9,6
47575,3,2
47576,5,1
47577,3,8
47578,5,2
47579,0,0
47580,9,1
47581,3,0
47582,4,8
47583,5,1
47584,0,6
47585,1,2
47586,4,5
47587,4,3
47588,5,9
47589,5,4
47590,1,2
47591,4,5
47592,4,3
47593,9,6
47594,2,3
47595,2,7
47596,2,7
47597,3,8
47598,4,2
47599,3,0
47600,2,7
47601,5,1
47602,4,3
47603,9,2
47604,2,7
47605,1,3
47606,5,4
47607,5,4
47608,5,4
47609,4,5
47610,9,2
47611,9,6
47612,3,2
47613,2,7
47614,9,2
47615,3,8
47616,8,0
47617,2,9
47618,4,3
47619,3,0
47620,4,3
47621,5,1
47622,4,5
47623,9,2
47624,4,5
47625,4,3
47626,8,0
47627,5,4
47628,1,3
47629,3,5
47630,4,5
47631,9,6
47632,4,8
47633,2,7
47634,2,8
47635,3,8
47636,8,6
47637,5,9
47638,5,1
47639,8,0
47640,2,7
47641,4,5
47642,5,1
47643,4,3
47644,5,1
47645,5,9
47646,4,5
47647,7,0
47648,6,8
47649,3,2
47650,3,2
47651,4,3
47652,4,2
47653,1,3
47654,1,3
47655,4,3
47656,8,8
47657,5,9
47658,1,2
47659,5,9
47660,3,8
47661,0,5
47662,4,9
47663,9,6
47664,5,9
47665,5,4
47666,2,7
47667,3,2
47668,5,1
47669,3,3
47670,5,1
47671,2,9
47672,2,1
47673,9,6
47674,5,4
47675,4,8
47676,4,3
47677,2,7
47678,1,3
47679,5,9
47680,5,4
47681,5,1
47682,2,7
47683,4,5
47684,4,3
47685,3,2
47686,7,2
47687,9,6
47688,3,2
47689,4,3
47690,7,0
47691,5,4
47692,2,1
47693,7,0
47694,9,6
47695,5,4
47696,8,0
47697,5,1
47698,5,7
47699,9,6
47700,2,7
47701,5,4
47702,5,1
47703,5,9
47704,7,0
47705,0,6
47706,3,2
47707,0,5
47708,5,4
47709,2,1
47710,3,2
47711,1,2
47712,5,9
47713,9,6
47714,7,0
47715,9,6
47716,8,0
47717,2,7
47718,4,5
47719,3,8
47720,3,3
47721,5,1
47722,8,0
47723,3,8
47724,4,3
47725,4,3
47726,7,8
47727,2,7
47728,4,8
47729,2,1
47730,5,8
47731,3,2
47732,5,4
47733,2,7
47734,5,1
47735,5,1
47736,7,0
47737,9,5
47738,0,6
47739,3,0
47740,8,0
47741,3,5
47742,3,3
47743,3,2
47744,5,4
47745,2,9
47746,4,3
47747,4,8
47748,4,8
47749,4,3
47750,5,4
47751,2,1
47752,7,0
47753,4,8
47754,3,2
47755,2,9
47756,7,0
47757,9,5
47758,5,1
47759,3,2
47760,3,3
47761,9,6
47762,5,9
47763,5,4
47764,5,4
47765,4,8
47766,2,9
47767,3,2
47768,4,5
47769,9,5
47770,1,1
47771,5,4
47772,9,6
47773,5,1
47774,9,6
47775,2,7
47776,5,1
47777,2,1
47778,9,6
47779,5,4
47780,2,2
47781,3,3
47782,3,2
47783,5,9
47784,5,1
47785,2,1
47786,8,0
47787,7,2
47788,5,9
47789,9,6
47790,2,1
47791,3,0
47792,0,6
47793,2,7
47794,9,6
47795,1,3
47796,9,1
47797,7,0
47798,9,6
47799,1,1
47800,2,7
47801,3,2
47802,4,3
47803,3,3
47804,1,2
47805,5,4
47806,2,7
47807,0,6
47808,9,6
47809,2,7
47810,9,6
47811,6,8
47812,8,0
47813,2,9
47814,5,4
47815,7,0
47816,8,0
47817,9,1
47818,4,3
47819,3,2
47820,8,0
47821,3,3
47822,8,0
47823,5,4
47824,9,6
47825,3,5
47826,5,4
47827,0,6
47828,5,5
47829,2,7
47830,5,1
47831,6,8
47832,4,5
47833,2,9
47834,4,3
47835,7,0
47836,2,9
47837,3,1
47838,4,3
47839,3,2
47840,9,6
47841,3,3
47842,3,2
47843,5,4
47844,5,7
47845,3,5
47846,4,5
47847,0,6
47848,4,5
47849,2,7
47850,5,1
47851,3,8
47852,2,7
47853,2,9
47854,4,5
47855,0,0
47856,4,5
47857,6,8
47858,4,5
47859,2,7
47860,8,0
47861,4,8
47862,9,2
47863,2,9
47864,9,6
47865,2,9
47866,4,5
47867,7,0
47868,2,1
47869,5,1
47870,5,9
47871,5,4
47872,3,3
47873,3,5
47874,2,9
47875,1,1
47876,4,3
47877,0,6
47878,2,9
47879,2,7
47880,5,1
47881,3,3
47882,5,8
47883,7,2
47884,5,4
47885,2,9
47886,4,8
47887,7,0
47888,1,8
47889,3,5
47890,9,2
47891,0,6
47892,3,8
47893,2,7
47894,2,9
47895,3,3
47896,5,8
47897,5,9
47898,2,7
47899,2,9
47900,1,2
47901,3,3
47902,8,0
47903,6,8
47904,5,1
47905,9,1
47906,2,7
47907,3,2
47908,5,1
47909,2,9
47910,1,1
47911,0,6
47912,2,2
47913,3,3
47914,7,0
47915,3,5
47916,9,6
47917,0,0
47918,2,9
47919,3,5
47920,4,5
47921,5,4
47922,3,2
47923,0,0
47924,1,2
47925,3,3
47926,2,8
47927,5,4
47928,9,1
47929,2,7
47930,2,3
47931,2,7
47932,0,6
47933,2,9
47934,4,5
47935,5,1
47936,4,8
47937,5,4
47938,4,5
47939,3,3
47940,4,5
47941,2,7
47942,4,8
47943,0,6
47944,4,5
47945,3,2
47946,4,3
47947,3,1
47948,3,8
47949,0,5
47950,4,3
47951,3,5
47952,4,5
47953,7,0
47954,9,6
47955,0,5
47956,3,2
47957,7,0
47958,2,9
47959,3,8
47960,5,1
47961,5,4
47962,7,6
47963,0,6
47964,2,8
47965,3,2
47966,9,2
47967,3,8
47968,4,5
47969,9,1
47970,4,3
47971,3,2
47972,4,5
47973,3,2
47974,2,9
47975,3,3
47976,7,0
47977,1,1
47978,2,7
47979,3,3
47980,9,6
47981,5,4
47982,5,1
47983,3,5
47984,4,2
47985,5,1
47986,5,1
47987,2,9
47988,2,7
47989,6,8
47990,3,2
47991,9,1
47992,1,3
47993,5,1
47994,2,1
47995,3,5
47996,5,4
47997,8,0
47998,2,1
47999,3,2
48000,5,4
48001,2,7
48002,4,8
48003,6,8
48004,4,5
48005,0,6
48006,0,6
48007,3,8
48008,3,2
48009,3,2
48010,2,7
48011,3,8
48012,7,0
48013,5,4
48014,4,3
48015,5,4
48016,4,5
48017,3,2
48018,5,4
48019,3,2
48020,5,4
48021,6,8
48022,5,1
48023,7,0
48024,2,1
48025,7,0
48026,8,0
48027,5,1
48028,5,8
48029,1,2
48030,8,9
48031,1,3
48032,9,6
48033,9,6
48034,3,2
48035,2,7
48036,5,9
48037,3,8
48038,3,3
48039,7,0
48040,5,1
48041,1,1
48042,2,9
48043,3,2
48044,2,1
48045,1,3
48046,4,5
48047,5,4
48048,5,4
48049,4,5
48050,2,7
48051,9,6
48052,9,6
48053,2,7
48054,9,6
48055,6,8
48056,5,4
48057,2,9
48058,5,5
48059,7,0
48060,5,8
48061,5,1
48062,5,8
48063,1,2
48064,4,3
48065,1,3
48066,0,6
48067,5,4
48068,5,4
48069,4,5
48070,2,2
48071,9,6
48072,5,9
48073,2,7
48074,9,1
48075,5,8
48076,4,3
48077,2,9
48078,4,5
48079,5,1
48080,2,7
48081,5,8
48082,9,6
48083,9,6
48084,5,4
48085,5,1
48086,9,6
48087,5,4
48088,4,3
48089,2,9
48090,9,6
48091,1,3
48092,3,8
48093,2,7
48094,4,5
48095,2,7
48096,5,7
48097,2,9
48098,2,7
48099,9,1
48100,2,7
48101,6,8
48102,2,7
48103,5,4
48104,4,8
48105,2,7
48106,4,8
48107,3,2
48108,2,7
48109,9,2
48110,5,8
48111,8,0
48112,2,1
48113,4,5
48114,9,6
48115,5,8
48116,9,6
48117,9,6
48118,3,2
48119,5,1
48120,5,4
48121,7,0
48122,2,7
48123,5,4
48124,2,7
48125,2,7
48126,5,1
48127,9,1
48128,7,0
48129,9,2
48130,2,9
48131,9,1
48132,4,5
48133,0,6
48134,4,5
48135,2,7
48136,8,0
48137,1,3
48138,5,8
48139,1,3
48140,4,8
48141,9,6
48142,7,0
48143,4,5
48144,2,7
48145,0,6
48146,2,7
48147,3,2
48148,2,9
48149,6,8
48150,4,8
48151,2,7
48152,9,6
48153,0,6
48154,3,9
48155,4,8
48156,9,6
48157,5,9
48158,3,2
48159,5,9
48160,5,8
48161,4,5
48162,4,8
48163,1,3
48164,4,3
48165,2,7
48166,2,7
48167,7,0
48168,8,0
48169,0,6
48170,2,7
48171,2,9
48172,5,4
48173,8,0
48174,3,3
48175,5,1
48176,7,0
48177,1,1
48178,9,2
48179,1,3
48180,8,0
48181,3,2
48182,5,9
48183,2,1
48184,2,1
48185,0,0
48186,5,9
48187,7,0
48188,9,6
48189,9,1
48190,2,7
48191,1,2
48192,6,8
48193,1,3
48194,5,4
48195,5,4
48196,8,0
48197,0,5
48198,5,4
48199,9,6
48200,8,0
48201,2,7
48202,5,4
48203,6,8
48204,4,8
48205,2,9
48206,2,8
48207,7,0
48208,2,7
48209,1,1
48210,8,0
48211,1,2
48212,3,2
48213,1,3
48214,4,5
48215,5,4
48216,5,4
48217,0,5
48218,8,0
48219,9,6
48220,3,2
48221,2,7
48222,2,9
48223,6,8
48224,2,9
48225,2,9
48226,5,1
48227,7,0
48228,2,7
48229,1,1
48230,4,5
48231,1,2
48232,5,1
48233,1,3
48234,2,9
48235,5,4
48236,5,1
48237,2,5
48238,9,2
48239,9,6
48240,5,4
48241,2,7
48242,2,7
48243,6,8
48244,2,9
48245,5,9
48246,3,2
48247,2,7
48248,3,2
48249,4,5
48250,2,7
48251,4,5
48252,5,4
48253,5,1
48254,2,1
48255,2,9
48256,5,8
48257,5,9
48258,4,3
48259,2,7
48260,9,5
48261,1,1
48262,9,6
48263,7,0
48264,4,3
48265,5,9
48266,2,1
48267,7,0
48268,7,0
48269,4,5
48270,9,2
48271,2,7
48272,4,9
48273,1,1
48274,8,0
48275,2,7
48276,9,6
48277,9,2
48278,9,6
48279,9,2
48280,4,8
48281,4,3
48282,5,4
48283,9,6
48284,8,0
48285,2,8
48286,5,4
48287,8,0
48288,2,4
48289,5,8
48290,2,9
48291,4,3
48292,9,2
48293,1,2
48294,3,2
48295,8,0
48296,4,8
48297,2,9
48298,2,7
48299,7,0
48300,3,3
48301,9,6
48302,4,3
48303,5,1
48304,5,9
48305,2,7
48306,2,1
48307,4,5
48308,2,7
48309,5,8
48310,5,4
48311,1,3
48312,4,8
48313,5,4
48314,5,4
48315,2,7
48316,5,4
48317,9,6
48318,5,1
48319,9,6
48320,3,2
48321,1,3
48322,7,0
48323,9,2
48324,4,3
48325,4,3
48326,2,1
48327,5,4
48328,9,6
48329,5,8
48330,2,9
48331,5,8
48332,3,2
48333,2,7
48334,9,2
48335,5,1
48336,2,3
48337,8,0
48338,9,6
48339,6,8
48340,9,6
48341,2,7
48342,5,4
48343,2,7
48344,2,9
48345,4,5
48346,0,6
48347,2,9
48348,4,5
48349,9,2
48350,8,0
48351,5,8
48352,4,3
48353,4,5
48354,3,2
48355,4,3
48356,3,2
48357,5,4
48358,4,5
48359,9,6
48360,4,3
48361,5,1
48362,0,6
48363,5,1
48364,8,0
48365,5,4
48366,0,6
48367,4,5
48368,5,1
48369,4,5
48370,9,6
48371,8,0
48372,9,8
48373,5,4
48374,4,5
48375,5,8
48376,5,4
48377,2,7
48378,3,2
48379,5,4
48380,9,6
48381,2,9
48382,3,8
48383,1,2
48384,7,9
48385,4,3
48386,4,3
48387,9,6
48388,2,9
48389,5,4
48390,2,1
48391,3,2
48392,4,3
48393,5,4
48394,3,8
48395,5,1
48396,4,3
48397,1,5
48398,9,6
48399,5,4
48400,4,5
48401,1,2
48402,5,4
48403,7,0
48404,2,7
48405,5,4
48406,2,8
48407,4,8
48408,4,5
48409,9,6
48410,5,4
48411,9,1
48412,8,0
48413,5,9
48414,8,0
48415,3,3
48416,2,7
48417,1,2
48418,5,4
48419,7,0
48420,3,2
48421,7,0
48422,2,7
48423,1,2
48424,4,5
48425,4,5
48426,4,3
48427,0,6
48428,4,8
48429,5,9
48430,9,6
48431,4,3
48432,2,7
48433,0,6
48434,8,0
48435,4,3
48436,5,4
48437,9,6
48438,7,0
48439,7,0
48440,4,5
48441,5,1
48442,5,4
48443,3,2
48444,5,1
48445,3,3
48446,3,2
48447,5,4
48448,5,4
48449,4,5
48450,2,7
48451,0,6
48452,2,7
48453,2,7
48454,5,1
48455,3,8
48456,5,1
48457,2,9
48458,2,1
48459,7,0
48460,3,2
48461,5,1
48462,3,2
48463,1,2
48464,2,1
48465,1,3
48466,5,4
48467,5,4
48468,5,1
48469,3,5
48470,5,4
48471,0,6
48472,8,8
48473,2,7
48474,3,2
48475,3,8
48476,3,2
48477,2,9
48478,5,4
48479,7,0
48480,4,3
48481,1,1
48482,4,3
48483,3,2
48484,5,9
48485,3,3
48486,5,4
48487,5,4
48488,8,0
48489,4,5
48490,2,7
48491,9,6
48492,9,6
48493,0,6
48494,4,8
48495,4,8
48496,5,4
48497,3,2
48498,4,3
48499,1,3
48500,4,3
48501,2,7
48502,3,2
48503,6,8
48504,5,9
48505,9,6
48506,4,2
48507,0,6
48508,5,4
48509,6,8
48510,2,1
48511,7,0
48512,9,5
48513,3,1
48514,5,4
48515,2,7
48516,3,2
48517,1,1
48518,5,1
48519,2,7
48520,5,4
48521,3,3
48522,5,4
48523,7,0
48524,3,9
48525,1,2
48526,7,0
48527,9,2
48528,4,8
48529,3,0
48530,2,9
48531,3,2
48532,8,0
48533,4,5
48534,9,1
48535,5,4
48536,3,2
48537,9,1
48538,0,6
48539,0,6
48540,4,8
48541,4,5
48542,8,0
48543,2,1
48544,4,8
48545,9,2
48546,5,4
48547,7,0
48548,4,9
48549,3,2
48550,7,2
48551,3,3
48552,8,8
48553,5,4
48554,7,0
48555,6,8
48556,2,7
48557,3,3
48558,5,4
48559,6,8
48560,4,8
48561,4,5
48562,2,7
48563,3,3
48564,9,5
48565,0,6
48566,5,9
48567,4,5
48568,9,6
48569,2,9
48570,9,6
48571,3,8
48572,4,5
48573,9,1
48574,8,0
48575,2,7
48576,4,5
48577,2,9
48578,7,0
48579,3,3
48580,2,9
48581,5,4
48582,5,4
48583,2,1
48584,2,9
48585,2,7
48586,4,5
48587,3,3
48588,5,8
48589,2,9
48590,9,6
48591,0,6
48592,5,1
48593,2,7
48594,9,6
48595,5,4
48596,5,4
48597,2,9
48598,3,2
48599,2,3
48600,1,1
48601,7,0
48602,8,0
48603,2,9
48604,7,0
48605,0,6
48606,4,5
48607,7,0
48608,5,4
48609,0,6
48610,2,7
48611,1,1
48612,8,0
48613,0,0
48614,2,7
48615,4,5
48616,2,9
48617,3,8
48618,2,9
48619,1,7
48620,9,6
48621,3,2
48622,2,7
48623,3,5
48624,3,2
48625,5,1
48626,4,3
48627,7,0
48628,4,3
48629,9,1
48630,9,6
48631,8,0
48632,0,6
48633,2,9
48634,5,9
48635,5,4
48636,9,6
48637,4,5
48638,7,0
48639,2,7
48640,9,2
48641,7,0
48642,4,3
48643,9,2
48644,4,5
48645,5,1
48646,5,4
48647,2,9
48648,2,7
48649,0,6
48650,5,1
48651,1,7
48652,4,8
48653,5,4
48654,5,9
48655,3,8
48656,9,6
48657,6,8
48658,4,8
48659,0,5
48660,5,4
48661,7,0
48662,4,3
48663,2,1
48664,5,1
48665,3,2
48666,4,3
48667,4,3
48668,8,8
48669,5,4
48670,7,0
48671,4,5
48672,2,7
48673,0,6
48674,1,2
48675,2,7
48676,7,0
48677,7,0
48678,2,7
48679,5,1
48680,4,5
48681,7,2
48682,4,3
48683,4,3
48684,6,8
48685,5,4
48686,9,2
48687,0,5
48688,4,8
48689,0,6
48690,5,4
48691,2,7
48692,0,6
48693,4,8
48694,2,7
48695,7,0
48696,4,2
48697,9,1
48698,7,2
48699,1,2
48700,4,3
48701,4,3
48702,3,3
48703,5,4
48704,7,8
48705,4,5
48706,7,6
48707,0,6
48708,2,9
48709,2,7
48710,5,4
48711,4,8
48712,2,7
48713,2,9
48714,9,6
48715,7,0
48716,8,0
48717,2,7
48718,2,9
48719,7,0
48720,2,1
48721,2,7
48722,4,3
48723,5,8
48724,2,7
48725,4,3
48726,4,8
48727,7,0
48728,5,4
48729,8,0
48730,5,4
48731,4,5
48732,4,3
48733,4,5
48734,4,8
48735,4,3
48736,2,7
48737,4,8
48738,9,2
48739,4,8
48740,9,6
48741,2,1
48742,7,0
48743,5,8
48744,9,6
48745,5,4
48746,4,3
48747,5,9
48748,3,2
48749,9,6
48750,2,9
48751,2,1
48752,7,8
48753,6,8
48754,5,4
48755,7,0
48756,3,8
48757,3,2
48758,2,9
48759,2,7
48760,0,6
48761,4,3
48762,5,7
48763,5,4
48764,5,4
48765,2,1
48766,2,9
48767,3,2
48768,2,7
48769,4,5
48770,3,3
48771,2,9
48772,9,6
48773,5,8
48774,4,5
48775,2,9
48776,9,6
48777,4,5
48778,9,6
48779,5,4
48780,7,0
48781,4,3
48782,5,4
48783,3,3
48784,9,2
48785,5,4
48786,5,4
48787,2,7
48788,3,3
48789,5,9
48790,8,0
48791,7,0
48792,9,6
48793,1,1
48794,4,3
48795,5,9
48796,5,8
48797,9,1
48798,4,3
48799,1,2
48800,9,5
48801,2,7
48802,2,9
48803,2,9
48804,2,9
48805,2,1
48806,4,3
48807,8,0
48808,8,0
48809,0,6
48810,9,6
48811,3,2
48812,0,5
48813,5,4
48814,4,5
48815,0,0
48816,2,9
48817,1,3
48818,5,9
48819,5,4
48820,9,2
48821,9,6
48822,3,2
48823,9,6
48824,5,8
48825,4,5
48826,4,5
48827,9,6
48828,4,8
48829,2,7
48830,8,0
48831,2,1
48832,2,7
48833,5,4
48834,8,0
48835,5,4
48836,2,9
48837,3,2
48838,4,5
48839,9,6
48840,5,4
48841,9,2
48842,1,8
48843,2,9
48844,9,1
48845,9,1
48846,5,4
48847,4,5
48848,2,1
48849,4,3
48850,4,5
48851,1,1
48852,5,7
48853,5,4
48854,5,4
48855,6,8
48856,4,5
48857,0,6
48858,9,6
48859,1,3
48860,5,1
48861,2,7
48862,9,1
48863,7,0
48864,9,6
48865,4,5
48866,2,7
48867,9,6
48868,4,3
48869,2,7
48870,5,4
48871,5,1
48872,4,5
48873,1,3
48874,2,7
48875,6,8
48876,5,4
48877,7,2
48878,2,7
48879,9,6
48880,5,4
48881,3,2
48882,2,9
48883,0,6
48884,9,2
48885,5,4
48886,0,6
48887,3,2
48888,5,9
48889,2,7
48890,5,4
48891,5,8
48892,5,4
48893,2,7
48894,5,9
48895,7,0
48896,2,1
48897,9,1
48898,1,2
48899,4,2
48900,5,1
48901,4,3
48902,2,1
48903,5,4
48904,4,3
48905,4,5
48906,3,8
48907,0,6
48908,4,1
48909,2,7
48910,2,7
48911,8,0
48912,5,2
48913,2,1
48914,2,7
48915,3,2
48916,5,1
48917,4,3
48918,9,6
48919,5,4
48920,7,0
48921,9,5
48922,4,3
48923,2,7
48924,5,9
48925,3,8
48926,1,2
48927,2,9
48928,5,4
48929,7,0
48930,4,3
48931,2,1
48932,4,3
48933,3,2
48934,1,2
48935,3,3
48936,5,4
48937,5,4
48938,2,9
48939,9,5
48940,5,9
48941,0,6
48942,5,4
48943,2,1
48944,5,7
48945,0,6
48946,9,2
48947,7,0
48948,2,7
48949,5,1
48950,9,5
48951,3,2
48952,5,7
48953,5,4
48954,3,2
48955,2,7
48956,2,1
48957,5,4
48958,9,6
48959,5,4
48960,8,0
48961,5,4
48962,5,4
48963,7,0
48964,2,9
48965,4,3
48966,2,5
48967,6,8
48968,5,9
48969,2,7
48970,5,4
48971,9,5
48972,5,4
48973,6,8
48974,3,3
48975,3,2
48976,2,7
48977,2,1
48978,4,3
48979,2,7
48980,2,9
48981,4,3
48982,3,2
48983,0,5
48984,5,4
48985,4,5
48986,1,2
48987,2,9
48988,2,7
48989,2,1
48990,9,4
48991,3,2
48992,2,7
48993,2,1
48994,0,6
48995,3,3
48996,5,9
48997,7,8
48998,4,3
48999,0,6
49000,5,4
49001,5,4
49002,5,1
49003,2,9
49004,9,6
49005,5,4
49006,4,3
49007,2,9
49008,2,1
49009,3,2
49010,2,9
49011,7,0
49012,5,7
49013,8,0
49014,0,0
49015,5,4
49016,3,8
49017,5,4
49018,4,3
49019,0,6
49020,3,3
49021,3,2
49022,9,6
49023,4,5
49024,2,7
49025,4,5
49026,9,6
49027,7,0
49028,1,2
49029,3,2
49030,2,9
49031,0,6
49032,4,5
49033,7,8
49034,3,2
49035,2,1
49036,9,6
49037,2,1
49038,4,5
49039,2,9
49040,5,5
49041,9,2
49042,5,1
49043,0,6
49044,6,8
49045,2,7
49046,5,8
49047,0,6
49048,4,5
49049,0,6
49050,5,4
49051,3,8
49052,3,8
49053,2,7
49054,3,3
49055,3,3
49056,5,7
49057,3,3
49058,2,7
49059,7,0
49060,9,6
49061,0,5
49062,4,5
49063,2,7
49064,9,8
49065,7,0
49066,8,6
49067,9,2
49068,5,1
49069,2,7
49070,9,2
49071,2,7
49072,5,4
49073,6,8
49074,3,2
49075,7,0
49076,5,1
49077,4,3
49078,5,4
49079,4,5
49080,4,3
49081,3,3
49082,1,3
49083,0,6
49084,9,6
49085,7,0
49086,7,0
49087,3,1
49088,5,8
49089,3,2
49090,3,2
49091,3,3
49092,5,4
49093,2,7
49094,6,5
49095,6,8
49096,2,9
49097,7,0
49098,3,2
49099,3,1
49100,4,5
49101,7,2
49102,5,4
49103,3,3
49104,9,6
49105,5,4
49106,2,2
49107,3,5
49108,4,3
49109,0,6
49110,8,0
49111,0,0
49112,2,9
49113,3,1
49114,4,8
49115,3,2
49116,2,7
49117,4,3
49118,9,1
49119,2,7
49120,2,7
49121,2,9
49122,4,3
49123,1,1
49124,7,0
49125,2,7
49126,2,8
49127,5,4
49128,5,9
49129,3,8
49130,5,9
49131,3,1
49132,2,5
49133,0,6
49134,5,1
49135,3,3
49136,2,7
49137,3,3
49138,5,4
49139,9,6
49140,4,5
49141,0,5
49142,4,3
49143,2,9
49144,5,4
49145,9,1
49146,5,4
49147,3,3
49148,9,2
49149,3,3
49150,8,0
49151,7,0
49152,4,5
49153,0,6
49154,5,1
49155,5,4
49156,4,3
49157,3,3
49158,1,2
49159,2,7
49160,9,2
49161,0,6
49162,5,4
49163,2,9
49164,9,2
49165,6,8
49166,4,3
49167,2,1
49168,9,2
49169,5,4
49170,4,8
49171,7,0
49172,5,4
49173,0,6
49174,2,7
49175,0,6
49176,3,8
49177,2,9
49178,9,6
49179,7,2
49180,2,7
49181,3,2
49182,8,9
49183,1,3
49184,2,7
49185,0,0
49186,2,1
49187,2,7
49188,3,3
49189,3,2
49190,4,5
49191,3,2
49192,2,2
49193,3,3
49194,5,1
49195,5,4
49196,5,4
49197,0,0
49198,5,1
49199,0,0
49200,7,0
49201,6,8
49202,4,5
49203,0,5
49204,5,9
49205,9,1
49206,5,4
49207,3,3
49208,8,0
49209,2,7
49210,5,1
49211,5,4
49212,2,7
49213,6,9
49214,7,0
49215,6,8
49216,9,6
49217,6,8
49218,8,0
49219,2,9
49220,7,0
49221,0,0
49222,4,3
49223,6,9
49224,8,0
49225,3,8
49226,4,9
49227,2,9
49228,4,3
49229,0,0
49230,4,3
49231,3,2
49232,5,1
49233,0,6
49234,4,3
49235,2,7
49236,0,5
49237,5,4
49238,4,8
49239,2,7
49240,2,7
49241,0,5
49242,2,7
49243,7,0
49244,7,0
49245,9,1
49246,2,1
49247,3,2
49248,3,2
49249,4,3
49250,9,8
49251,5,4
49252,9,6
49253,4,5
49254,4,3
49255,9,6
49256,5,4
49257,2,7
49258,9,6
49259,5,8
49260,5,1
49261,2,9
49262,5,9
49263,7,0
49264,9,2
49265,1,1
49266,4,8
49267,3,2
49268,8,0
49269,4,3
49270,4,5
49271,5,4
49272,5,9
49273,4,5
49274,5,4
49275,9,6
49276,4,8
49277,2,7
49278,8,0
49279,6,8
49280,8,0
49281,7,0
49282,9,2
49283,9,1
49284,2,1
49285,3,2
49286,3,3
49287,3,3
49288,1,3
49289,5,4
49290,4,8
49291,4,5
49292,2,1
49293,9,6
49294,3,3
49295,4,8
49296,9,6
49297,3,3
49298,2,9
49299,5,4
49300,4,3
49301,2,7
49302,4,8
49303,6,8
49304,8,0
49305,0,6
49306,8,0
49307,3,3
49308,2,1
49309,5,4
49310,8,0
49311,7,0
49312,4,3
49313,2,9
49314,1,2
49315,2,7
49316,4,5
49317,9,1
49318,4,3
49319,2,9
49320,2,7
49321,3,3
49322,7,0
49323,6,8
49324,1,3
49325,5,4
49326,5,1
49327,2,7
49328,9,6
49329,3,3
49330,2,7
49331,7,0
49332,4,8
49333,2,9
49334,4,5
49335,5,9
49336,7,0
49337,0,6
49338,2,1
49339,2,1
49340,3,2
49341,5,4
49342,8,0
49343,4,5
49344,9,6
49345,5,4
49346,9,6
49347,0,6
49348,4,5
49349,7,2
49350,4,3
49351,7,0
49352,4,5
49353,0,6
49354,8,0
49355,5,1
49356,2,7
49357,2,1
49358,5,9
49359,5,1
49360,4,5
49361,2,7
49362,5,1
49363,3,2
49364,2,7
49365,2,7
49366,2,8
49367,4,5
49368,1,1
49369,3,2
49370,7,0
49371,5,9
49372,2,7
49373,5,4
49374,8,0
49375,4,5
49376,4,3
49377,2,8
49378,3,3
49379,5,4
49380,2,1
49381,3,2
49382,5,4
49383,2,9
49384,2,1
49385,2,7
49386,5,9
49387,7,0
49388,2,9
49389,7,0
49390,3,3
49391,2,7
49392,2,1
49393,4,5
49394,8,0
49395,3,1
49396,0,6
49397,9,1
49398,5,4
49399,2,7
49400,4,8
49401,0,6
49402,4,5
49403,0,6
49404,4,3
49405,0,6
49406,5,3
49407,3,8
49408,9,2
49409,3,2
49410,4,3
49411,3,2
49412,2,7
49413,2,7
49414,5,8
49415,2,7
49416,5,2
49417,5,4
49418,9,6
49419,7,0
49420,2,1
49421,3,2
49422,4,8
49423,5,4
49424,4,5
49425,9,2
49426,9,6
49427,4,5
49428,4,5
49429,7,0
49430,7,2
49431,4,3
49432,2,9
49433,3,3
49434,3,2
49435,3,3
49436,9,6
49437,2,1
49438,6,8
49439,6,8
49440,2,1
49441,9,1
49442,2,9
49443,7,0
49444,2,7
49445,4,5
49446,3,3
49447,5,9
49448,9,6
49449,0,6
49450,3,3
49451,2,9
49452,3,2
49453,6,8
49454,3,2
49455,4,5
49456,9,6
49457,6,8
49458,2,7
49459,7,0
49460,4,5
49461,3,3
49462,2,9
49463,0,0
49464,5,9
49465,6,8
49466,5,9
49467,3,3
49468,2,9
49469,2,9
49470,4,5
49471,0,0
49472,2,7
49473,3,1
49474,2,2
49475,3,2
49476,2,5
49477,3,3
49478,9,6
49479,5,4
49480,5,4
49481,0,5
49482,2,1
49483,0,6
49484,9,6
49485,2,7
49486,3,2
49487,6,8
49488,2,1
49489,2,9
49490,4,5
49491,2,7
49492,5,9
49493,6,8
49494,4,3
49495,2,9
49496,5,8
49497,0,0
49498,3,2
49499,3,1
49500,7,0
49501,0,4
49502,1,8
49503,0,5
49504,5,1
49505,0,6
49506,2,9
49507,2,7
49508,4,5
49509,6,8
49510,9,6
49511,2,9
49512,2,1
49513,0,4
49514,5,4
49515,3,2
49516,2,7
49517,0,6
49518,8,0
49519,6,1
49520,4,5
49521,3,1
49522,1,8
49523,6,7
49524,9,6
49525,6,8
49526,9,6
49527,0,5
49528,8,0
49529,3,3
49530,8,0
49531,2,7
49532,4,8
49533,0,0
49534,5,1
49535,7,0
49536,4,5
49537,6,2
49538,5,1
49539,0,6
49540,2,7
49541,6,9
49542,5,4
49543,6,8
49544,2,9
49545,6,8
49546,5,4
49547,2,9
49548,4,8
49549,6,9
49550,9,6
49551,2,7
49552,5,4
49553,2,7
49554,2,7
49555,5,2
49556,1,3
49557,3,1
49558,4,5
49559,2,1
49560,3,3
49561,7,0
49562,5,9
49563,6,8
49564,5,9
49565,2,9
49566,4,3
49567,3,2
49568,4,5
49569,3,1
49570,4,3
49571,2,7
49572,4,8
49573,5,2
49574,5,9
49575,7,0
49576,8,0
49577,0,6
49578,4,8
49579,6,8
49580,1,2
49581,0,5
49582,7,2
49583,0,0
49584,2,7
49585,3,3
49586,3,3
49587,5,4
49588,5,1
49589,3,3
49590,5,7
49591,2,9
49592,5,1
49593,0,6
49594,8,0
49595,0,0
49596,8,0
49597,0,6
49598,4,2
49599,2,9
49600,5,1
49601,7,0
49602,1,3
49603,5,1
49604,4,5
49605,3,2
49606,9,1
49607,1,3
49608,2,9
49609,5,4
49610,2,1
49611,4,5
49612,2,1
49613,9,6
49614,4,2
49615,2,7
49616,5,7
49617,6,8
49618,4,8
49619,2,9
49620,6,8
49621,7,0
49622,8,0
49623,5,1
49624,9,6
49625,3,2
49626,9,6
49627,4,3
49628,5,1
49629,5,4
49630,3,8
49631,4,5
49632,4,5
49633,0,6
49634,2,8
49635,2,7
49636,4,5
49637,3,8
49638,4,3
49639,7,0
49640,5,9
49641,2,1
49642,3,2
49643,3,2
49644,2,7
49645,3,3
49646,5,4
49647,5,4
49648,1,3
49649,4,5
49650,4,3
49651,0,6
49652,4,5
49653,2,9
49654,3,3
49655,4,5
49656,3,9
49657,7,0
49658,5,5
49659,0,6
49660,8,8
49661,6,8
49662,3,7
49663,2,9
49664,5,1
49665,5,4
49666,5,7
49667,2,1
49668,4,5
49669,2,9
49670,4,3
49671,3,5
49672,4,5
49673,3,3
49674,1,2
49675,7,0
49676,5,4
49677,3,8
49678,4,3
49679,2,9
49680,2,1
49681,2,1
49682,4,5
49683,5,4
49684,4,5
49685,7,0
49686,4,5
49687,4,5
49688,5,4
49689,3,5
49690,2,9
49691,2,7
49692,5,4
49693,0,6
49694,2,7
49695,8,0
49696,5,9
49697,9,1
49698,2,7
49699,0,6
49700,5,4
49701,3,8
49702,9,2
49703,2,9
49704,7,8
49705,4,5
49706,5,1
49707,5,4
49708,4,5
49709,2,7
49710,5,9
49711,0,6
49712,5,4
49713,0,0
49714,5,9
49715,3,8
49716,8,0
49717,9,1
49718,9,6
49719,2,7
49720,7,0
49721,2,7
49722,5,4
49723,9,1
49724,1,8
49725,3,3
49726,4,5
49727,3,2
49728,4,5
49729,3,3
49730,5,9
49731,3,1
49732,4,3
49733,5,4
49734,5,9
49735,3,2
49736,2,7
49737,7,0
49738,2,7
49739,7,0
49740,2,9
49741,5,4
49742,2,7
49743,0,6
49744,4,8
49745,5,4
49746,4,3
49747,5,9
49748,4,3
49749,4,3
49750,8,0
49751,1,8
49752,5,9
49753,5,4
49754,5,4
49755,2,7
49756,4,8
49757,0,2
49758,2,7
49759,4,5
49760,4,5
49761,0,6
49762,1,2
49763,3,3
49764,5,9
49765,9,6
49766,4,8
49767,2,9
49768,1,1
49769,0,6
49770,8,0
49771,3,3
49772,9,6
49773,3,2
49774,8,0
49775,3,2
49776,3,2
49777,5,4
49778,3,2
49779,0,6
49780,7,0
49781,3,2
49782,3,2
49783,4,5
49784,4,5
49785,4,5
49786,2,1
49787,2,1
49788,4,5
49789,4,3
49790,7,2
49791,3,3
49792,3,2
49793,2,9
49794,4,5
49795,3,2
49796,5,1
49797,3,5
49798,2,9
49799,2,7
49800,8,0
49801,5,9
49802,9,6
49803,3,8
49804,4,8
49805,6,2
49806,2,7
49807,5,1
49808,5,8
49809,1,3
49810,4,3
49811,5,1
49812,2,7
49813,1,3
49814,4,3
49815,8,0
49816,9,6
49817,2,1
49818,2,7
49819,3,2
49820,4,5
49821,4,3
49822,4,8
49823,5,4
49824,4,8
49825,4,5
49826,3,3
49827,9,6
49828,9,6
49829,2,7
49830,4,8
49831,4,8
49832,5,1
49833,5,9
49834,5,2
49835,8,0
49836,5,9
49837,5,1
49838,9,6
49839,3,2
49840,5,1
49841,1,3
49842,4,5
49843,5,4
49844,5,9
49845,4,5
49846,2,7
49847,9,6
49848,8,0
49849,2,7
49850,5,4
49851,5,8
49852,2,1
49853,8,0
49854,2,9
49855,5,1
49856,3,2
49857,9,2
49858,5,4
49859,1,3
49860,2,1
49861,5,4
49862,2,7
49863,4,5
49864,4,3
49865,9,6
49866,2,7
49867,2,7
49868,4,3
49869,4,8
49870,5,9
49871,5,9
49872,8,0
49873,3,2
49874,5,4
49875,9,2
49876,2,1
49877,2,7
49878,2,1
49879,9,6
49880,8,9
49881,5,4
49882,4,3
49883,7,0
49884,2,1
49885,4,5
49886,9,6
49887,5,8
49888,2,1
49889,8,0
49890,4,5
49891,2,7
49892,4,5
49893,1,3
49894,8,0
49895,1,5
49896,4,3
49897,5,4
49898,5,9
49899,5,1
49900,9,6
49901,5,8
49902,9,1
49903,8,0
49904,5,9
49905,4,5
49906,2,7
49907,3,2
49908,3,2
49909,2,7
49910,9,6
49911,3,2
49912,4,3
49913,1,3
49914,3,2
49915,9,6
49916,3,2
49917,9,2
49918,2,7
49919,5,1
49920,5,4
49921,2,7
49922,4,5
49923,2,7
49924,8,0
49925,5,9
49926,4,3
49927,5,1
49928,7,5
49929,9,2
49930,9,6
49931,9,6
49932,5,1
49933,2,7
49934,5,4
49935,4,5
49936,3,2
49937,5,4
49938,4,3
49939,8,0
49940,5,4
49941,4,1
49942,5,4
49943,2,1
49944,2,9
49945,5,9
49946,4,3
49947,4,8
49948,4,3
49949,8,0
49950,4,5
49951,3,2
49952,0,0
49953,8,0
49954,8,0
49955,1,3
49956,2,9
49957,4,5
49958,2,7
49959,9,6
49960,9,6
49961,5,1
49962,9,2
49963,4,8
49964,2,1
49965,9,6
49966,4,3
49967,5,4
49968,4,3
49969,9,6
49970,9,6
49971,8,0
49972,2,1
49973,5,9
49974,8,0
49975,9,2
49976,1,2
49977,9,6
49978,2,7
49979,5,4
49980,2,7
49981,3,3
49982,5,4
49983,5,9
49984,5,9
49985,1,3
49986,2,7
49987,9,0
49988,2,9
49989,7,0
49990,4,8
49991,4,5
49992,4,5
49993,9,2
49994,5,4
49995,4,5
49996,8,0
49997,4,8
49998,5,4
49999,4,8
50000,4,3
50001,4,8
50002,9,6
50003,2,9
50004,9,6
50005,5,4
50006,6,5
50007,1,3
50008,5,8
50009,5,4
50010,4,5
50011,9,2
50012,3,3
50013,4,8
50014,5,4
50015,4,8
50016,5,1
50017,4,5
50018,8,0
50019,4,5
50020,2,9
50021,2,7
50022,5,4
50023,5,1
50024,7,0
50025,1,3
50026,8,0
50027,9,6
50028,1,2
50029,5,9
50030,2,9
50031,5,4
50032,9,1
50033,4,3
50034,9,6
50035,4,8
50036,7,0
50037,2,7
50038,2,7
50039,9,6
50040,3,8
50041,5,9
50042,7,0
50043,4,3
50044,2,8
50045,4,3
50046,2,7
50047,2,7
50048,4,8
50049,5,4
50050,5,4
50051,5,1
50052,3,2
50053,5,9
50054,5,8
50055,5,1
50056,2,1
50057,8,0
50058,9,6
50059,9,6
50060,4,5
50061,7,0
50062,9,1
50063,9,1
50064,2,7
50065,9,2
50066,2,7
50067,4,3
50068,5,1
50069,5,4
50070,7,0
50071,4,5
50072,7,0
50073,0,6
50074,2,8
50075,2,7
50076,9,6
50077,4,8
50078,8,9
50079,5,9
50080,5,4
50081,7,0
50082,9,6
50083,9,1
50084,5,9
50085,1,2
50086,9,6
50087,3,3
50088,2,9
50089,5,4
50090,5,4
50091,0,5
50092,9,6
50093,0,6
50094,2,1
50095,2,7
50096,3,2
50097,2,8
50098,0,6
50099,2,9
50100,2,7
50101,8,0
50102,2,9
50103,9,1
50104,9,6
50105,3,2
50106,4,8
50107,3,3
50108,9,6
50109,5,4
50110,2,9
50111,4,5
50112,4,8
50113,0,6
50114,4,8
50115,2,7
50116,4,8
50117,6,8
50118,9,6
50119,2,9
50120,5,1
50121,2,7
50122,9,6
50123,7,0
50124,2,9
50125,9,6
50126,2,7
50127,8,0
50128,5,9
50129,2,7
50130,2,1
50131,4,3
50132,0,6
50133,3,8
50134,5,4
50135,0,6
50136,5,1
50137,2,7
50138,4,5
50139,2,1
50140,1,3
50141,3,3
50142,4,5
50143,2,7
50144,5,9
50145,5,9
50146,9,6
50147,2,7
50148,3,3
50149,8,4
50150,5,1
50151,7,0
50152,5,4
50153,3,2
50154,5,4
50155,4,5
50156,7,0
50157,7,0
50158,5,1
50159,0,6
50160,0,6
50161,5,4
50162,2,7
50163,5,9
50164,5,4
50165,0,6
50166,3,5
50167,3,2
50168,9,6
50169,5,9
50170,4,8
50171,3,8
50172,3,8
50173,4,5
50174,2,9
50175,4,3
50176,7,8
50177,5,9
50178,4,8
50179,3,8
50180,6,8
50181,3,3
50182,5,4
50183,5,4
50184,4,3
50185,7,0
50186,5,9
50187,4,5
50188,5,4
50189,5,4
50190,5,1
50191,3,8
50192,7,0
50193,0,6
50194,5,1
50195,4,3
50196,9,2
50197,7,0
50198,4,8
50199,0,6
50200,8,0
50201,3,3
50202,4,5
50203,5,4
50204,2,9
50205,7,0
50206,4,3
50207,9,1
50208,8,0
50209,2,9
50210,4,3
50211,3,2
50212,4,3
50213,4,3
50214,4,3
50215,2,7
50216,5,4
50217,2,9
50218,3,2
50219,9,1
50220,9,6
50221,3,2
50222,5,1
50223,4,5
50224,2,7
50225,2,1
50226,5,9
50227,2,7
50228,8,9
50229,2,2
50230,3,2
50231,2,8
50232,2,1
50233,2,7
50234,2,7
50235,7,0
50236,1,0
50237,2,1
50238,4,8
50239,7,9
50240,8,0
50241,0,6
50242,9,6
50243,5,4
50244,2,7
50245,2,9
50246,4,8
50247,3,2
50248,5,9
50249,2,1
50250,4,5
50251,3,2
50252,4,5
50253,4,3
50254,2,7
50255,2,7
50256,0,0
50257,7,0
50258,4,8
50259,3,2
50260,4,3
50261,9,1
50262,4,3
50263,4,5
50264,2,1
50265,4,3
50266,9,6
50267,5,4
50268,5,8
50269,2,7
50270,9,6
50271,3,2
50272,3,8
50273,2,1
50274,3,8
50275,0,6
50276,9,6
50277,3,8
50278,2,7
50279,4,5
50280,9,6
50281,7,0
50282,5,4
50283,4,8
50284,5,4
50285,5,9
50286,4,3
50287,3,2
50288,4,3
50289,0,6
50290,1,2
50291,7,0
50292,5,1
50293,9,1
50294,7,6
50295,7,2
50296,4,5
50297,4,3
50298,7,0
50299,5,4
50300,4,3
50301,4,5
50302,1,8
50303,0,6
50304,5,9
50305,2,7
50306,3,8
50307,6,8
50308,3,3
50309,2,9
50310,7,0
50311,3,0
50312,4,3
50313,1,1
50314,5,4
50315,3,2
50316,4,5
50317,4,3
50318,2,9
50319,5,4
50320,4,5
50321,4,5
50322,4,5
50323,0,6
50324,8,0
50325,2,7
50326,2,1
50327,6,8
50328,7,0
50329,2,9
50330,3,3
50331,7,0
50332,4,5
50333,2,1
50334,9,2
50335,3,2
50336,4,3
50337,3,3
50338,3,1
50339,5,4
50340,3,3
50341,4,5
50342,4,8
50343,0,6
50344,7,0
50345,2,7
50346,6,8
50347,6,8
50348,9,2
50349,2,9
50350,2,1
50351,2,7
50352,4,5
50353,0,0
50354,8,0
50355,0,6
50356,5,1
50357,7,0
50358,5,9
50359,2,7
50360,2,7
50361,4,3
50362,2,1
50363,7,8
50364,4,3
50365,2,7
50366,5,5
50367,9,1
50368,5,2
50369,6,3
50370,5,7
50371,2,7
50372,3,3
50373,2,9
50374,4,3
50375,2,7
50376,2,7
50377,5,4
50378,4,3
50379,7,0
50380,2,7
50381,3,2
50382,2,7
50383,4,5
50384,5,9
50385,7,0
50386,5,9
50387,0,6
50388,5,4
50389,5,4
50390,3,0
50391,5,9
50392,2,7
50393,6,8
50394,5,8
50395,4,5
50396,9,1
50397,5,1
50398,4,5
50399,0,5
50400,5,1
50401,3,3
50402,9,6
50403,4,3
50404,2,1
50405,5,4
50406,4,5
50407,7,0
50408,5,9
50409,4,5
50410,4,8
50411,5,4
50412,4,3
50413,5,8
50414,4,9
50415,0,6
50416,5,4
50417,3,3
50418,8,6
50419,5,4
50420,4,5
50421,5,8
50422,4,5
50423,7,0
50424,8,0
50425,0,6
50426,5,7
50427,5,4
50428,9,6
50429,5,8
50430,4,5
50431,5,3
50432,5,4
50433,5,4
50434,7,0
50435,7,0
50436,2,9
50437,5,1
50438,2,7
50439,2,9
50440,2,7
50441,3,2
50442,4,8
50443,2,7
50444,7,0
50445,5,9
50446,3,2
50447,5,1
50448,4,8
50449,3,2
50450,5,4
50451,4,5
50452,4,2
50453,5,1
50454,3,2
50455,2,7
50456,4,5
50457,3,2
50458,5,9
50459,5,8
50460,4,5
50461,8,7
50462,2,9
50463,7,0
50464,2,7
50465,1,1
50466,5,4
50467,2,9
50468,2,7
50469,0,6
50470,4,3
50471,6,4
50472,9,1
50473,2,9
50474,3,2
50475,1,2
50476,8,0
50477,1,1
50478,3,2
50479,7,2
50480,8,0
50481,4,3
50482,1,1
50483,2,7
50484,4,5
50485,8,0
50486,5,4
50487,3,2
50488,2,7
50489,2,1
50490,5,9
50491,4,3
50492,7,0
50493,5,1
50494,0,6
50495,3,2
50496,3,2
50497,0,5
50498,2,1
50499,5,8
50500,3,3
50501,2,1
50502,5,4
50503,0,6
50504,3,2
50505,5,8
50506,0,6
50507,4,5
50508,1,2
50509,0,6
50510,5,4
50511,7,0
50512,4,8
50513,5,8
50514,3,8
50515,2,9
50516,4,3
50517,5,4
50518,8,0
50519,2,9
50520,2,7
50521,3,2
50522,2,9
50523,8,0
50524,3,8
50525,9,1
50526,8,0
50527,3,2
50528,2,9
50529,4,3
50530,5,8
50531,5,4
50532,1,8
50533,4,5
50534,8,0
50535,5,8
50536,2,7
50537,2,9
50538,3,2
50539,7,0
50540,4,5
50541,2,1
50542,7,0
50543,9,2
50544,5,9
50545,4,3
50546,4,2
50547,5,4
50548,4,8
50549,4,5
50550,1,1
50551,9,6
50552,4,8
50553,2,7
50554,2,3
50555,4,8
50556,9,6
50557,2,9
50558,5,9
50559,8,0
50560,4,3
50561,2,1
50562,2,9
50563,3,2
50564,5,4
50565,4,3
50566,7,0
50567,5,4
50568,3,2
50569,4,5
50570,4,5
50571,5,8
50572,1,1
50573,4,5
50574,0,5
50575,3,2
50576,9,2
50577,2,1
50578,2,9
50579,2,7
50580,0,6
50581,3,2
50582,2,1
50583,5,4
50584,7,6
50585,5,1
50586,8,0
50587,5,4
50588,9,6
50589,2,1
50590,9,6
50591,5,4
50592,4,5
50593,5,9
50594,9,6
50595,9,6
50596,4,8
50597,4,8
50598,9,6
50599,5,4
50600,5,1
50601,4,5
50602,4,5
50603,4,3
50604,4,8
50605,2,7
50606,5,4
50607,2,8
50608,9,1
50609,5,4
50610,9,6
50611,4,3
50612,0,6
50613,4,3
50614,2,7
50615,4,5
50616,5,4
50617,8,0
50618,4,6
50619,9,6
50620,2,7
50621,2,1
50622,9,6
50623,9,6
50624,4,5
50625,5,8
50626,4,8
50627,2,7
50628,7,0
50629,3,0
50630,8,0
50631,2,1
50632,3,1
50633,4,5
50634,4,8
50635,9,6
50636,5,4
50637,8,0
50638,7,0
50639,2,8
50640,1,2
50641,4,5
50642,3,2
50643,8,0
50644,4,3
50645,9,6
50646,5,1
50647,2,1
50648,5,7
50649,4,5
50650,4,5
50651,4,8
50652,2,1
50653,5,4
50654,8,0
50655,2,7
50656,5,4
50657,9,6
50658,4,3
50659,2,9
50660,3,8
50661,2,1
50662,4,5
50663,5,9
50664,2,7
50665,2,7
50666,9,6
50667,2,1
50668,2,7
50669,9,2
50670,0,6
50671,4,3
50672,3,3
50673,5,4
50674,3,2
50675,4,5
50676,3,2
50677,4,5
50678,5,1
50679,4,3
50680,4,3
50681,2,7
50682,2,1
50683,4,3
50684,7,0
50685,2,1
50686,2,9
50687,2,8
50688,3,3
50689,3,2
50690,4,5
50691,3,2
50692,5,8
50693,4,3
50694,5,4
50695,7,2
50696,8,0
50697,2,7
50698,8,9
50699,5,4
50700,9,2
50701,2,9
50702,4,8
50703,2,9
50704,5,4
50705,3,2
50706,2,7
50707,4,8
50708,2,7
50709,2,1
50710,2,9
50711,4,8
50712,5,4
50713,4,3
50714,4,8
50715,4,8
50716,2,2
50717,4,3
50718,4,5
50719,9,6
50720,1,2
50721,2,7
50722,3,2
50723,8,0
50724,5,9
50725,5,4
50726,3,3
50727,8,0
50728,4,3
50729,8,0
50730,2,7
50731,2,1
50732,2,7
50733,1,2
50734,4,5
50735,1,3
50736,4,2
50737,5,4
50738,8,8
50739,4,5
50740,8,8
50741,9,6
50742,2,7
50743,2,7
50744,9,2
50745,4,8
50746,5,9
50747,5,9
50748,1,2
50749,8,0
50750,8,0
50751,1,1
50752,5,9
50753,1,2
50754,2,9
50755,1,3
50756,2,2
50757,5,4
50758,5,9
50759,4,5
50760,2,7
50761,9,6
50762,4,8
50763,2,7
50764,4,5
50765,4,8
50766,4,5
50767,4,9
50768,4,5
50769,8,0
50770,4,3
50771,2,1
50772,2,1
50773,1,2
50774,8,0
50775,1,3
50776,9,6
50777,5,4
50778,4,5
50779,4,5
50780,9,6
50781,9,6
50782,4,5
50783,2,7
50784,5,9
50785,4,8
50786,4,5
50787,5,9
50788,5,1
50789,9,1
50790,4,8
50791,4,8
50792,2,7
50793,9,6
50794,2,7
50795,2,7
50796,2,7
50797,2,1
50798,5,9
50799,4,1
50800,4,5
50801,5,4
50802,3,2
50803,1,3
50804,8,0
50805,2,7
50806,8,9
50807,2,9
50808,7,0
50809,4,3
50810,9,6
50811,9,6
50812,3,2
50813,8,0
50814,3,2
50815,1,3
50816,5,9
50817,9,6
50818,9,6
50819,5,4
50820,8,0
50821,4,8
50822,2,7
50823,9,6
50824,4,3
50825,8,0
50826,7,2
50827,9,1
50828,0,0
50829,9,1
50830,2,1
50831,4,5
50832,2,9
50833,2,9
50834,4,3
50835,5,4
50836,9,6
50837,1,3
50838,5,1
50839,8,0
50840,1,2
50841,5,4
50842,2,1
50843,9,6
50844,5,4
50845,5,9
50846,5,4
50847,2,1
50848,0,5
50849,2,7
50850,5,1
50851,5,9
50852,7,0
50853,4,5
50854,5,9
50855,4,1
50856,0,6
50857,2,1
50858,5,4
50859,5,9
50860,1,8
50861,4,8
50862,7,0
50863,9,6
50864,2,1
50865,9,6
50866,9,6
50867,5,9
50868,2,7
50869,5,8
50870,9,6
50871,4,8
50872,2,7
50873,4,8
50874,2,7
50875,1,2
50876,8,0
50877,2,7
50878,2,7
50879,5,4
50880,9,6
50881,4,5
50882,5,9
50883,1,8
50884,2,7
50885,1,3
50886,5,8
50887,4,5
50888,9,6
50889,5,4
50890,9,6
50891,2,7
50892,4,3
50893,9,6
50894,2,7
50895,4,5
50896,5,9
50897,9,2
50898,4,2
50899,9,2
50900,4,8
50901,1,2
50902,8,8
50903,2,7
50904,4,5
50905,2,7
50906,4,3
50907,1,1
50908,4,9
50909,7,0
50910,2,7
50911,5,1
50912,9,6
50913,3,2
50914,9,1
50915,4,3
50916,5,4
50917,5,4
50918,2,1
50919,0,5
50920,2,7
50921,9,6
50922,1,3
50923,2,7
50924,7,0
50925,3,8
50926,4,5
50927,2,9
50928,5,1
50929,7,0
50930,8,0
50931,5,1
50932,9,6
50933,3,2
50934,9,6
50935,4,3
50936,4,3
50937,5,4
50938,9,6
50939,4,5
50940,1,3
50941,0,6
50942,2,7
50943,2,7
50944,8,0
50945,4,8
50946,3,3
50947,2,9
50948,5,4
50949,7,0
50950,4,3
50951,2,1
50952,5,1
50953,3,2
50954,4,5
50955,4,3
50956,5,1
50957,5,4
50958,7,0
50959,4,5
50960,4,3
50961,9,6
50962,7,2
50963,2,7
50964,3,3
50965,3,8
50966,3,2
50967,2,9
50968,7,0
50969,3,3
50970,6,8
50971,3,2
50972,2,7
50973,2,9
50974,8,0
50975,3,3
50976,4,3
50977,3,2
50978,2,7
50979,9,1
50980,5,4
50981,5,4
50982,4,3
50983,3,5
50984,2,7
50985,4,5
50986,3,2
50987,3,2
50988,4,8
50989,4,3
50990,0,0
50991,3,2
50992,5,7
50993,2,1
50994,2,7
50995,3,3
50996,4,8
50997,2,9
50998,5,4
50999,2,7
51000,2,7
51001,3,2
51002,8,0
51003,9,1
51004,5,7
51005,2,1
51006,7,0
51007,4,8
51008,5,8
51009,3,8
51010,2,1
51011,2,7
51012,2,9
51013,4,8
51014,4,8
51015,9,1
51016,3,2
51017,3,0
51018,5,4
51019,3,0
51020,5,9
51021,9,6
51022,5,9
51023,2,7
51024,8,0
51025,2,7
51026,5,4
51027,4,5
51028,5,4
51029,7,0
51030,4,3
51031,9,6
51032,5,9
51033,5,1
51034,2,7
51035,5,1
51036,2,9
51037,3,2
51038,3,3
51039,4,5
51040,4,5
51041,7,0
51042,5,9
51043,2,7
51044,7,0
51045,8,0
51046,5,4
51047,5,4
51048,5,1
51049,5,4
51050,4,5
51051,9,1
51052,8,0
51053,6,8
51054,1,3
51055,9,6
51056,5,4
51057,7,0
51058,2,8
51059,7,0
51060,5,1
51061,7,0
51062,2,7
51063,3,3
51064,4,2
51065,2,7
51066,9,6
51067,3,1
51068,2,7
51069,9,6
51070,2,7
51071,5,4
51072,4,5
51073,3,2
51074,2,7
51075,9,6
51076,5,4
51077,5,4
51078,4,8
51079,4,5
51080,2,7
51081,5,4
51082,2,9
51083,9,1
51084,2,7
51085,4,3
51086,4,5
51087,6,8
51088,2,7
51089,9,6
51090,9,2
51091,3,3
51092,4,3
51093,2,9
51094,4,8
51095,2,9
51096,0,6
51097,4,5
51098,5,4
51099,2,9
51100,5,2
51101,4,3
51102,2,7
51103,2,7
51104,4,8
51105,3,8
51106,1,3
51107,4,5
51108,8,0
51109,0,6
51110,5,1
51111,5,4
51112,5,1
51113,2,7
51114,5,4
51115,9,6
51116,4,3
51117,3,2
51118,4,2
51119,3,2
51120,2,1
51121,7,0
51122,8,0
51123,2,9
51124,0,5
51125,5,4
51126,2,7
51127,0,0
51128,5,8
51129,1,1
51130,4,5
51131,3,2
51132,5,9
51133,1,3
51134,4,8
51135,5,4
51136,5,1
51137,3,5
51138,2,7
51139,0,6
51140,2,9
51141,2,7
51142,4,3
51143,6,8
51144,4,5
51145,2,9
51146,5,4
51147,0,0
51148,8,0
51149,3,1
51150,8,0
51151,3,2
51152,9,6
51153,1,3
51154,4,3
51155,5,4
51156,5,9
51157,4,5
51158,9,8
51159,0,6
51160,3,8
51161,2,7
51162,2,7
51163,6,8
51164,2,8
51165,2,9
51166,2,7
51167,7,0
51168,2,9
51169,3,1
51170,5,4
51171,3,2
51172,4,8
51173,1,3
51174,2,7
51175,5,4
51176,4,5
51177,3,5
51178,2,7
51179,0,6
51180,5,7
51181,2,7
51182,5,4
51183,6,8
51184,4,8
51185,2,9
51186,7,0
51187,5,1
51188,5,1
51189,6,8
51190,2,1
51191,0,6
51192,5,9
51193,2,7
51194,4,9
51195,0,1
51196,4,3
51197,3,1
51198,2,7
51199,5,4
51200,5,9
51201,3,3
51202,5,4
51203,2,7
51204,2,7
51205,2,7
51206,9,1
51207,3,8
51208,3,8
51209,2,9
51210,8,0
51211,3,3
51212,1,2
51213,0,6
51214,3,2
51215,7,0
51216,3,2
51217,3,3
51218,3,8
51219,0,6
51220,9,6
51221,5,4
51222,4,3
51223,6,8
51224,4,8
51225,5,4
51226,8,0
51227,3,5
51228,7,0
51229,2,7
51230,4,3
51231,0,5
51232,9,6
51233,0,6
51234,4,5
51235,7,0
51236,2,7
51237,3,3
51238,1,2
51239,2,9
51240,4,9
51241,3,2
51242,4,8
51243,3,8
51244,3,8
51245,3,3
51246,9,6
51247,3,1
51248,5,9
51249,3,1
51250,5,1
51251,3,5
51252,5,1
51253,2,9
51254,4,5
51255,5,4
51256,9,2
51257,3,3
51258,4,5
51259,7,0
51260,4,3
51261,5,4
51262,3,2
51263,5,4
51264,5,4
51265,0,0
51266,4,8
51267,2,9
51268,4,3
51269,0,6
51270,5,4
51271,2,9
51272,5,8
51273,3,2
51274,4,3
51275,3,2
51276,9,6
51277,9,1
51278,4,5
51279,2,7
51280,5,9
51281,2,9
51282,2,7
51283,3,5
51284,5,9
51285,3,1
51286,0,0
51287,0,1
51288,5,4
51289,2,9
51290,8,0
51291,3,8
51292,2,7
51293,0,6
51294,5,7
51295,0,6
51296,3,5
51297,2,9
51298,9,5
51299,7,0
51300,2,7
51301,7,0
51302,4,8
51303,7,0
51304,2,7
51305,2,1
51306,1,7
51307,6,8
51308,7,0
51309,5,4
51310,9,6
51311,0,6
51312,5,4
51313,3,8
51314,8,0
51315,1,8
51316,5,9
51317,3,2
51318,5,9
51319,0,6
51320,9,2
51321,1,3
51322,2,7
51323,3,2
51324,3,8
51325,5,4
51326,3,8
51327,0,0
51328,5,4
51329,2,9
51330,3,8
51331,7,0
51332,4,3
51333,1,3
51334,5,9
51335,2,7
51336,8,0
51337,5,4
51338,5,4
51339,3,5
51340,9,2
51341,6,8
51342,4,5
51343,1,3
51344,2,7
51345,3,5
51346,2,7
51347,6,8
51348,8,0
51349,3,5
51350,5,4
51351,5,4
51352,8,0
51353,2,7
51354,7,6
51355,0,6
51356,3,2
51357,3,2
51358,2,7
51359,3,2
51360,5,4
51361,2,7
51362,4,5
51363,2,7
51364,4,5
51365,7,0
51366,4,5
51367,0,5
51368,5,4
51369,9,1
51370,9,6
51371,0,5
51372,2,1
51373,3,3
51374,5,4
51375,8,0
51376,4,3
51377,2,1
51378,9,6
51379,3,2
51380,4,5
51381,4,3
51382,5,4
51383,5,4
51384,2,7
51385,4,5
51386,0,6
51387,9,6
51388,4,3
51389,2,7
51390,5,1
51391,3,8
51392,4,5
51393,5,9
51394,3,8
51395,7,0
51396,5,4
51397,9,1
51398,3,2
51399,9,2
51400,0,6
51401,4,3
51402,0,6
51403,5,4
51404,8,0
51405,4,5
51406,9,6
51407,9,6
51408,9,6
51409,2,7
51410,9,6
51411,6,8
51412,3,8
51413,2,9
51414,6,8
51415,7,0
51416,4,5
51417,2,1
51418,3,2
51419,9,2
51420,2,7
51421,4,3
51422,8,0
51423,5,4
51424,4,8
51425,4,5
51426,2,1
51427,9,6
51428,4,3
51429,2,7
51430,5,9
51431,6,8
51432,9,1
51433,4,5
51434,7,0
51435,3,2
51436,1,1
51437,4,8
51438,9,6
51439,2,1
51440,4,8
51441,2,7
51442,5,9
51443,9,2
51444,4,5
51445,5,4
51446,9,6
51447,2,1
51448,3,2
51449,5,4
51450,4,8
51451,2,1
51452,2,7
51453,5,4
51454,5,4
51455,5,9
51456,0,6
51457,9,6
51458,3,2
51459,4,8
51460,2,7
51461,4,5
51462,3,3
51463,4,3
51464,7,0
51465,2,7
51466,7,0
51467,6,8
51468,2,1
51469,4,3
51470,5,9
51471,4,3
51472,5,9
51473,4,5
51474,4,3
51475,9,6
51476,9,6
51477,2,7
51478,7,0
51479,8,0
51480,9,6
51481,9,6
51482,5,4
51483,5,1
51484,4,8
51485,9,6
51486,4,3
51487,3,8
51488,5,8
51489,2,7
51490,7,0
51491,7,0
51492,4,5
51493,2,1
51494,4,5
51495,4,5
51496,2,7
51497,9,6
51498,4,5
51499,7,0
51500,2,7
51501,3,8
51502,2,7
51503,4,5
51504,3,8
51505,8,0
51506,3,2
51507,9,6
51508,9,6
51509,2,1
51510,4,8
51511,4,5
51512,5,9
51513,4,8
51514,9,6
51515,5,4
51516,2,9
51517,3,2
51518,9,6
51519,4,3
51520,8,0
51521,5,9
51522,2,3
51523,2,7
51524,4,5
51525,9,6
51526,2,7
51527,5,9
51528,9,6
51529,5,1
51530,2,2
51531,5,9
51532,2,7
51533,8,0
51534,4,3
51535,9,6
51536,4,3
51537,2,7
51538,8,6
51539,5,1
51540,2,1
51541,9,2
51542,1,2
51543,4,3
51544,5,1
51545,5,9
51546,8,0
51547,3,2
51548,5,1
51549,5,4
51550,3,2
51551,4,5
51552,2,9
51553,4,5
51554,5,1
51555,4,3
51556,5,1
51557,2,7
51558,2,7
51559,4,5
51560,2,7
51561,4,3
51562,4,5
51563,5,1
51564,2,1
51565,3,8
51566,5,1
51567,9,2
51568,2,7
51569,9,2
51570,9,6
51571,1,3
51572,4,5
51573,7,0
51574,2,9
51575,3,2
51576,1,8
51577,5,9
51578,4,3
51579,5,4
51580,9,2
51581,5,9
51582,5,9
51583,2,7
51584,5,9
51585,8,0
51586,2,7
51587,7,0
51588,4,8
51589,7,2
51590,2,9
51591,2,7
51592,2,9
51593,5,4
51594,2,1
51595,5,9
51596,9,6
51597,5,9
51598,7,0
51599,9,2
51600,5,4
51601,4,8
51602,9,6
51603,2,1
51604,5,4
51605,4,5
51606,9,1
51607,9,6
51608,1,2
51609,2,9
51610,4,5
51611,4,8
51612,4,8
51613,4,3
51614,3,2
51615,3,8
51616,4,3
51617,3,3
51618,8,0
51619,9,6
51620,9,6
51621,2,7
51622,5,4
51623,7,0
51624,9,6
51625,5,4
51626,4,5
51627,8,0
51628,0,6
51629,7,0
51630,3,2
51631,3,1
51632,5,9
51633,3,2
51634,2,7
51635,3,3
51636,2,7
51637,5,4
51638,8,0
51639,4,5
51640,4,3
51641,0,6
51642,1,2
51643,2,7
51644,5,9
51645,4,8
51646,4,5
51647,2,9
51648,9,2
51649,7,0
51650,2,7
51651,3,1
51652,5,4
51653,6,2
51654,2,9
51655,3,3
51656,5,8
51657,5,4
51658,3,2
51659,0,5
51660,9,2
51661,0,6
51662,9,6
51663,2,7
51664,9,6
51665,3,8
51666,2,1
51667,2,9
51668,4,8
51669,7,0
51670,6,8
51671,3,1
51672,5,1
51673,3,2
51674,4,5
51675,4,3
51676,9,6
51677,5,4
51678,5,4
51679,3,5
51680,8,0
51681,0,6
51682,3,2
51683,2,7
51684,5,4
51685,7,0
51686,4,3
51687,9,6
51688,2,9
51689,5,4
51690,9,6
51691,2,7
51692,4,5
51693,5,4
51694,5,4
51695,3,3
51696,9,6
51697,0,6
51698,2,2
51699,3,2
51700,0,6
51701,3,3
51702,1,2
51703,5,4
51704,2,7
51705,3,8
51706,4,3
51707,2,7
51708,8,9
51709,3,8
51710,2,1
51711,0,6
51712,5,4
51713,2,9
51714,5,1
51715,3,8
51716,5,9
51717,3,3
51718,4,5
51719,7,2
51720,6,8
51721,3,2
51722,5,4
51723,5,4
51724,2,1
51725,3,8
51726,4,2
51727,4,5
51728,9,6
51729,0,6
51730,5,9
51731,4,5
51732,4,8
51733,7,0
51734,9,6
51735,3,2
51736,9,5
51737,7,0
51738,3,2
51739,2,1
51740,2,5
51741,2,1
51742,9,1
51743,3,2
51744,4,5
51745,0,6
51746,4,8
51747,3,8
51748,1,2
51749,9,1
51750,2,1
51751,3,2
51752,2,7
51753,8,0
51754,4,8
51755,0,6
51756,3,3
51757,2,9
51758,8,0
51759,5,3
51760,1,2
51761,2,9
51762,4,5
51763,3,3
51764,9,5
51765,2,7
51766,2,7
51767,3,1
51768,4,3
51769,3,8
51770,2,9
51771,3,3
51772,5,1
51773,3,8
51774,8,0
51775,3,5
51776,4,3
51777,7,0
51778,9,6
51779,5,1
51780,5,4
51781,9,1
51782,3,2
51783,2,9
51784,2,1
51785,3,8
51786,1,2
51787,3,2
51788,9,6
51789,7,0
51790,4,3
51791,5,4
51792,4,5
51793,4,5
51794,2,5
51795,0,5
51796,2,9
51797,7,0
51798,1,3
51799,3,3
51800,4,5
51801,9,1
51802,2,7
51803,3,8
51804,9,6
51805,0,6
51806,2,7
51807,2,9
51808,3,2
51809,7,0
51810,7,2
51811,3,3
51812,5,9
51813,9,1
51814,5,4
51815,8,0
51816,4,3
51817,5,4
51818,8,0
51819,2,7
51820,5,4
51821,4,5
51822,4,5
51823,5,4
51824,8,0
51825,2,7
51826,8,0
51827,2,9
51828,8,0
51829,2,7
51830,4,8
51831,7,0
51832,2,7
51833,2,1
51834,7,0
51835,9,2
51836,2,1
51837,4,3
51838,5,4
51839,2,7
51840,2,9
51841,4,8
51842,2,9
51843,2,9
51844,4,5
51845,7,0
51846,4,8
51847,2,1
51848,4,3
51849,3,2
51850,4,8
51851,3,3
51852,4,5
51853,5,4
51854,4,5
51855,4,5
51856,3,7
51857,9,6
51858,2,7
51859,2,7
51860,5,4
51861,6,8
51862,2,7
51863,2,9
51864,4,8
51865,7,0
51866,8,0
51867,9,1
51868,5,4
51869,3,2
51870,3,2
51871,4,3
51872,0,6
51873,5,4
51874,4,5
51875,4,5
51876,5,1
51877,9,6
51878,4,8
51879,2,7
51880,5,8
51881,4,8
51882,9,1
51883,7,0
51884,1,2
51885,2,7
51886,4,5
51887,4,5
51888,9,1
51889,7,0
51890,4,3
51891,6,8
51892,8,0
51893,5,4
51894,5,4
51895,5,1
51896,4,3
51897,4,8
51898,9,2
51899,4,8
51900,2,1
51901,9,1
51902,5,4
51903,3,3
51904,4,8
51905,2,1
51906,4,8
51907,4,8
51908,5,1
51909,4,3
51910,5,9
51911,2,7
51912,0,6
51913,2,9
51914,2,7
51915,3,3
51916,2,7
51917,7,0
51918,4,3
51919,2,9
51920,9,6
51921,5,4
51922,7,2
51923,5,4
51924,0,6
51925,7,0
51926,5,4
51927,2,7
51928,4,5
51929,5,4
51930,2,9
51931,3,2
51932,9,1
51933,4,8
51934,4,3
51935,2,7
51936,1,1
51937,0,2
51938,5,9
51939,5,4
51940,4,3
51941,2,7
51942,2,9
51943,3,8
51944,2,4
51945,2,9
51946,4,3
51947,3,3
51948,6,8
51949,9,1
51950,4,5
51951,5,4
51952,5,1
51953,9,6
51954,2,8
51955,3,5
51956,5,9
51957,9,2
51958,2,7
51959,3,2
51960,8,0
51961,3,2
51962,5,4
51963,4,5
51964,6,8
51965,9,6
51966,5,4
51967,2,7
51968,4,8
51969,4,8
51970,4,3
51971,2,7
51972,4,5
51973,4,5
51974,2,7
51975,2,1
51976,1,2
51977,9,6
51978,7,0
51979,5,4
51980,7,0
51981,2,9
51982,5,9
51983,9,2
51984,2,7
51985,2,9
51986,6,2
51987,3,3
51988,5,7
51989,4,5
51990,4,5
51991,3,3
51992,7,0
51993,0,6
51994,4,5
51995,9,6
51996,2,7
51997,7,0
51998,4,3
51999,7,0
52000,9,6
52001,3,2
52002,5,1
52003,4,5
52004,0,6
52005,9,6
52006,3,2
52007,5,4
52008,2,7
52009,5,9
52010,2,7
52011,3,2
52012,4,8
52013,2,7
52014,3,3
52015,5,4
52016,3,2
52017,2,9
52018,2,9
52019,4,5
52020,2,1
52021,7,0
52022,4,3
52023,9,2
52024,5,4
52025,9,2
52026,4,5
52027,4,3
52028,7,0
52029,0,6
52030,2,9
52031,2,1
52032,2,1
52033,2,8
52034,2,9
52035,3,3
52036,7,0
52037,4,8
52038,4,3
52039,7,0
52040,0,5
52041,1,3
52042,2,1
52043,4,5
52044,3,8
52045,7,0
52046,5,1
52047,7,0
52048,7,0
52049,9,6
52050,4,8
52051,2,1
52052,2,7
52053,9,6
52054,9,6
52055,2,9
52056,5,1
52057,4,5
52058,9,1
52059,3,3
52060,2,9
52061,2,9
52062,9,6
52063,5,4
52064,8,0
52065,4,5
52066,9,6
52067,7,8
52068,4,2
52069,9,6
52070,4,8
52071,2,7
52072,4,8
52073,9,1
52074,5,4
52075,2,1
52076,0,6
52077,2,7
52078,5,1
52079,7,0
52080,1,8
52081,3,1
52082,5,1
52083,9,2
52084,4,1
52085,3,3
52086,9,5
52087,0,4
52088,5,1
52089,2,7
52090,4,8
52091,6,8
52092,8,7
52093,6,9
52094,5,9
52095,7,0
52096,4,3
52097,3,1
52098,3,3
52099,3,2
52100,9,6
52101,3,3
52102,9,6
52103,2,4
52104,3,3
52105,7,0
52106,3,5
52107,3,1
52108,4,5
52109,9,2
52110,2,7
52111,3,3
52112,5,4
52113,2,7
52114,7,0
52115,2,8
52116,4,3
52117,2,9
52118,3,2
52119,3,1
52120,5,1
52121,0,5
52122,4,5
52123,6,9
52124,2,7
52125,0,6
52126,8,0
52127,6,9
52128,5,4
52129,3,3
52130,7,0
52131,9,5
52132,4,2
52133,7,0
52134,1,3
52135,7,0
52136,5,1
52137,2,7
52138,2,9
52139,6,9
52140,2,4
52141,0,6
52142,4,2
52143,3,1
52144,2,2
52145,0,6
52146,2,7
52147,2,7
52148,5,9
52149,2,7
52150,0,6
52151,6,9
52152,2,2
52153,3,2
52154,7,0
52155,0,4
52156,9,6
52157,6,8
52158,5,4
52159,3,8
52160,4,3
52161,7,0
52162,2,7
52163,0,6
52164,4,3
52165,5,4
52166,2,7
52167,3,1
52168,1,3
52169,3,2
52170,4,5
52171,6,8
52172,5,5
52173,3,7
52174,5,1
52175,3,1
52176,2,7
52177,3,1
52178,2,7
52179,7,0
52180,5,9
52181,2,7
52182,7,0
52183,0,6
52184,5,9
52185,7,0
52186,3,2
52187,1,1
52188,9,2
52189,3,2
52190,4,5
52191,1,3
52192,4,5
52193,5,4
52194,9,6
52195,3,5
52196,2,7
52197,0,6
52198,9,6
52199,2,7
52200,5,4
52201,9,8
52202,8,0
52203,2,9
52204,8,0
52205,2,1
52206,9,6
52207,3,2
52208,1,2
52209,3,3
52210,4,5
52211,5,4
52212,9,6
52213,0,5
52214,2,9
52215,0,6
52216,2,7
52217,2,7
52218,9,8
52219,9,8
52220,2,1
52221,7,0
52222,5,4
52223,2,1
52224,3,2
52225,5,2
52226,7,0
52227,3,3
52228,8,0
52229,5,4
52230,5,9
52231,4,5
52232,2,9
52233,0,6
52234,5,1
52235,2,7
52236,9,9
52237,0,8
52238,8,0
52239,2,9
52240,3,3
52241,2,8
52242,4,2
52243,5,4
52244,5,1
52245,0,0
52246,5,4
52247,0,0
52248,9,1
52249,2,7
52250,4,8
52251,3,2
52252,4,3
52253,0,6
52254,2,1
52255,0,5
52256,2,7
52257,0,5
52258,5,9
52259,3,3
52260,5,4
52261,2,7
52262,5,1
52263,0,6
52264,4,5
52265,0,6
52266,4,5
52267,5,4
52268,2,1
52269,4,3
52270,2,9
52271,3,2
52272,4,3
52273,0,6
52274,5,4
52275,0,6
52276,8,0
52277,5,4
52278,5,1
52279,5,4
52280,6,8
52281,3,3
52282,9,6
52283,4,8
52284,4,5
52285,5,8
52286,2,9
52287,1,3
52288,8,0
52289,7,0
52290,4,8
52291,5,1
52292,5,8
52293,5,4
52294,9,0
52295,4,5
52296,4,8
52297,0,6
52298,4,3
52299,5,4
52300,4,3
52301,2,7
52302,2,7
52303,9,8
52304,2,9
52305,7,0
52306,8,8
52307,3,3
52308,5,4
52309,9,1
52310,4,5
52311,2,9
52312,7,0
52313,7,0
52314,4,5
52315,2,9
52316,1,2
52317,9,1
52318,8,0
52319,3,2
52320,7,0
52321,2,7
52322,2,7
52323,7,0
52324,2,9
52325,9,1
52326,4,5
52327,4,3
52328,5,9
52329,3,8
52330,2,7
52331,3,2
52332,4,5
52333,2,9
52334,9,1
52335,3,2
52336,8,0
52337,2,7
52338,9,6
52339,2,7
52340,2,9
52341,2,9
52342,5,1
52343,5,4
52344,5,4
52345,3,2
52346,5,4
52347,3,5
52348,5,4
52349,4,8
52350,4,3
52351,0,6
52352,3,8
52353,3,5
52354,7,0
52355,2,9
52356,5,9
52357,5,9
52358,9,2
52359,9,1
52360,5,1
52361,9,1
52362,2,1
52363,2,7
52364,4,5
52365,0,6
52366,1,2
52367,2,9
52368,2,1
52369,5,1
52370,3,2
52371,3,3
52372,5,9
52373,3,2
52374,9,6
52375,3,3
52376,2,1
52377,5,4
52378,4,3
52379,3,3
52380,9,6
52381,9,1
52382,2,1
52383,2,9
52384,5,4
52385,3,3
52386,4,3
52387,0,6
52388,4,5
52389,7,8
52390,3,8
52391,2,7
52392,9,1
52393,7,0
52394,4,3
52395,1,1
52396,8,0
52397,7,0
52398,4,8
52399,0,5
52400,3,2
52401,7,8
52402,5,4
52403,3,2
52404,4,3
52405,2,7
52406,2,9
52407,2,7
52408,9,2
52409,7,0
52410,3,2
52411,5,1
52412,9,6
52413,3,2
52414,5,4
52415,3,3
52416,5,1
52417,5,4
52418,5,1
52419,4,5
52420,9,6
52421,0,6
52422,2,2
52423,2,7
52424,5,4
52425,4,8
52426,9,6
52427,5,9
52428,7,0
52429,7,0
52430,4,8
52431,5,1
52432,4,3
52433,9,2
52434,9,6
52435,4,3
52436,2,7
52437,5,4
52438,7,0
52439,9,5
52440,3,2
52441,0,6
52442,5,4
52443,2,7
52444,2,1
52445,6,8
52446,4,3
52447,2,9
52448,5,4
52449,7,0
52450,2,1
52451,9,1
52452,4,5
52453,3,2
52454,5,1
52455,4,3
52456,9,2
52457,5,4
52458,4,5
52459,4,5
52460,2,7
52461,0,6
52462,5,9
52463,2,7
52464,1,3
52465,3,8
52466,2,7
52467,2,9
52468,3,8
52469,4,8
52470,8,0
52471,2,7
52472,9,6
52473,5,4
52474,4,5
52475,2,7
52476,3,3
52477,2,7
52478,2,9
52479,3,3
52480,2,7
52481,2,9
52482,9,6
52483,2,8
52484,2,7
52485,9,8
52486,2,7
52487,3,3
52488,3,2
52489,1,1
52490,2,7
52491,4,5
52492,9,1
52493,4,8
52494,9,6
52495,3,2
52496,4,8
52497,2,7
52498,2,1
52499,5,4
52500,5,9
52501,3,2
52502,9,6
52503,0,6
52504,9,6
52505,2,1
52506,5,9
52507,4,5
52508,8,0
52509,4,5
52510,5,9
52511,6,8
52512,3,2
52513,0,6
52514,9,6
52515,5,4
52516,9,6
52517,5,4
52518,9,6
52519,5,4
52520,8,0
52521,2,1
52522,5,4
52523,7,8
52524,2,7
52525,2,7
52526,7,0
52527,4,5
52528,2,7
52529,4,5
52530,2,1
52531,9,1
52532,5,4
52533,3,8
52534,9,6
52535,2,9
52536,4,8
52537,2,1
52538,8,9
52539,4,3
52540,4,5
52541,9,6
52542,9,6
52543,4,3
52544,9,6
52545,4,3
52546,2,9
52547,3,2
52548,1,2
52549,9,2
52550,3,2
52551,0,6
52552,9,1
52553,5,9
52554,8,0
52555,2,9
52556,2,9
52557,9,6
52558,8,0
52559,4,5
52560,9,6
52561,4,5
52562,5,1
52563,3,3
52564,5,4
52565,3,3
52566,5,4
52567,3,8
52568,2,7
52569,5,1
52570,2,9
52571,9,6
52572,5,4
52573,3,8
52574,9,2
52575,9,1
52576,5,9
52577,2,9
52578,9,6
52579,2,7
52580,5,4
52581,0,6
52582,9,2
52583,6,8
52584,9,6
52585,3,3
52586,5,1
52587,2,7
52588,2,7
52589,5,4
52590,4,3
52591,2,7
52592,5,8
52593,7,0
52594,2,7
52595,2,9
52596,7,0
52597,8,0
52598,0,6
52599,8,0
52600,5,4
52601,3,3
52602,3,2
52603,2,7
52604,5,4
52605,2,9
52606,2,7
52607,3,3
52608,4,5
52609,7,0
52610,0,5
52611,3,2
52612,6,8
52613,7,0
52614,2,1
52615,9,1
52616,2,1
52617,7,0
52618,2,9
52619,9,1
52620,9,6
52621,8,0
52622,2,1
52623,5,4
52624,5,1
52625,7,0
52626,9,6
52627,2,1
52628,8,0
52629,7,0
52630,3,2
52631,5,4
52632,5,8
52633,2,7
52634,9,2
52635,2,9
52636,4,3
52637,3,2
52638,4,9
52639,7,0
52640,9,6
52641,0,6
52642,5,4
52643,3,2
52644,5,7
52645,0,6
52646,5,9
52647,3,2
52648,2,1
52649,3,2
52650,6,5
52651,2,9
52652,5,4
52653,2,9
52654,5,1
52655,7,0
52656,9,2
52657,5,1
52658,5,4
52659,3,2
52660,3,2
52661,3,3
52662,4,8
52663,5,4
52664,4,3
52665,4,5
52666,2,7
52667,0,6
52668,5,1
52669,2,7
52670,2,7
52671,5,8
52672,2,9
52673,7,0
52674,4,6
52675,9,1
52676,4,3
52677,3,2
52678,9,6
52679,1,3
52680,2,7
52681,5,4
52682,5,4
52683,4,5
52684,3,2
52685,9,6
52686,7,5
52687,2,7
52688,9,6
52689,3,8
52690,1,3
52691,7,0
52692,4,3
52693,5,1
52694,9,2
52695,3,2
52696,8,0
52697,3,3
52698,0,0
52699,5,8
52700,1,3
52701,2,7
52702,4,3
52703,5,4
52704,5,4
52705,2,7
52706,4,5
52707,2,7
52708,5,4
52709,2,9
52710,2,1
52711,5,8
52712,5,9
52713,3,3
52714,2,9
52715,5,1
52716,8,0
52717,0,5
52718,5,9
52719,2,8
52720,8,0
52721,5,4
52722,1,8
52723,3,2
52724,9,6
52725,0,6
52726,3,2
52727,0,4
52728,7,0
52729,5,4
52730,2,7
52731,2,1
52732,2,7
52733,6,8
52734,5,4
52735,2,7
52736,2,7
52737,4,5
52738,3,1
52739,4,5
52740,4,3
52741,9,1
52742,9,6
52743,5,9
52744,5,7
52745,2,1
52746,4,8
52747,3,3
52748,5,4
52749,9,6
52750,2,7
52751,3,3
52752,2,7
52753,1,3
52754,0,6
52755,3,2
52756,5,4
52757,3,2
52758,5,1
52759,0,6
52760,2,7
52761,2,9
52762,3,2
52763,2,9
52764,5,8
52765,0,6
52766,8,0
52767,0,5
52768,9,6
52769,0,5
52770,5,9
52771,3,3
52772,2,9
52773,4,3
52774,3,2
52775,6,8
52776,4,5
52777,2,1
52778,4,5
52779,2,7
52780,2,1
52781,9,6
52782,1,2
52783,3,8
52784,3,2
52785,3,3
52786,2,7
52787,2,7
52788,9,6
52789,5,4
52790,4,3
52791,2,7
52792,4,5
52793,0,0
52794,4,3
52795,5,9
52796,3,2
52797,8,0
52798,4,5
52799,7,0
52800,4,9
52801,5,2
52802,5,2
52803,2,7
52804,8,0
52805,5,9
52806,0,6
52807,9,1
52808,9,8
52809,8,0
52810,4,3
52811,9,1
52812,2,2
52813,7,0
52814,4,9
52815,5,4
52816,3,3
52817,2,0
52818,4,3
52819,5,1
52820,0,6
52821,8,0
52822,9,1
52823,5,4
52824,2,7
52825,2,7
52826,4,5
52827,5,9
52828,2,3
52829,3,2
52830,6,8
52831,7,0
52832,7,0
52833,9,6
52834,9,2
52835,3,2
52836,7,0
52837,0,6
52838,5,4
52839,3,2
52840,3,2
52841,3,2
52842,2,7
52843,2,9
52844,9,6
52845,2,9
52846,2,9
52847,7,0
52848,4,8
52849,5,1
52850,2,1
52851,9,2
52852,5,4
52853,4,3
52854,9,1
52855,5,4
52856,9,6
52857,4,5
52858,9,6
52859,9,6
52860,4,8
52861,2,7
52862,3,8
52863,7,8
52864,4,3
52865,8,0
52866,2,7
52867,5,1
52868,5,1
52869,0,2
52870,9,5
52871,3,3
52872,5,1
52873,5,4
52874,3,2
52875,0,5
52876,5,4
52877,0,6
52878,2,1
52879,2,7
52880,9,6
52881,7,8
52882,2,1
52883,2,9
52884,2,8
52885,7,0
52886,2,7
52887,2,1
52888,5,1
52889,9,2
52890,4,8
52891,3,3
52892,4,8
52893,5,4
52894,1,2
52895,0,5
52896,4,5
52897,0,6
52898,9,2
52899,1,7
52900,4,8
52901,7,8
52902,4,5
52903,5,9
52904,1,3
52905,3,8
52906,2,1
52907,4,3
52908,9,6
52909,5,4
52910,8,9
52911,2,7
52912,9,6
52913,3,8
52914,8,5
52915,0,6
52916,5,1
52917,1,3
52918,9,6
52919,5,4
52920,5,4
52921,7,0
52922,4,3
52923,5,9
52924,4,3
52925,2,7
52926,2,7
52927,1,1
52928,8,0
52929,2,9
52930,7,0
52931,4,3
52932,3,8
52933,7,8
52934,8,0
52935,5,4
52936,4,3
52937,2,7
52938,6,2
52939,3,3
52940,3,3
52941,7,0
52942,1,2
52943,2,9
52944,4,8
52945,5,4
52946,9,6
52947,0,5
52948,5,9
52949,5,4
52950,3,8
52951,9,6
52952,2,7
52953,6,2
52954,6,8
52955,7,0
52956,3,2
52957,9,6
52958,5,4
52959,5,2
52960,2,7
52961,5,1
52962,4,5
52963,1,1
52964,2,7
52965,9,1
52966,4,3
52967,1,1
52968,1,8
52969,2,7
52970,4,5
52971,6,2
52972,4,3
52973,5,4
52974,4,3
52975,2,2
52976,0,6
52977,5,9
52978,8,0
52979,5,4
52980,4,8
52981,0,5
52982,1,2
52983,3,8
52984,5,1
52985,5,4
52986,9,6
52987,3,2
52988,5,4
52989,5,9
52990,5,1
52991,2,7
52992,2,7
52993,7,0
52994,4,3
52995,7,0
52996,5,4
52997,2,7
52998,2,7
52999,0,5
53000,4,5
53001,1,1
53002,3,8
53003,2,7
53004,2,1
53005,0,6
53006,8,8
53007,0,6
53008,9,2
53009,0,6
53010,2,9
53011,3,8
53012,5,1
53013,9,2
53014,8,0
53015,0,5
53016,5,1
53017,5,2
53018,9,1
53019,2,2
53020,5,9
53021,2,7
53022,5,9
53023,2,7
53024,4,5
53025,5,4
53026,3,2
53027,7,0
53028,1,8
53029,6,2
53030,8,0
53031,5,4
53032,5,4
53033,9,2
53034,3,2
53035,3,3
53036,7,8
53037,3,3
53038,7,0
53039,3,3
53040,9,1
53041,9,1
53042,4,3
53043,3,8
53044,2,9
53045,2,9
53046,4,5
53047,9,6
53048,3,3
53049,2,1
53050,4,5
53051,8,0
53052,5,4
53053,0,5
53054,4,5
53055,2,9
53056,3,2
53057,9,6
53058,5,1
53059,2,9
53060,2,7
53061,6,8
53062,5,4
53063,0,5
53064,4,8
53065,3,8
53066,2,7
53067,0,5
53068,9,6
53069,4,5
53070,5,9
53071,3,8
53072,3,2
53073,7,0
53074,2,7
53075,3,3
53076,2,2
53077,7,0
53078,5,4
53079,3,8
53080,5,1
53081,9,6
53082,4,8
53083,3,3
53084,4,3
53085,7,0
53086,4,5
53087,5,1
53088,3,2
53089,3,2
53090,3,8
53091,3,3
53092,3,8
53093,5,4
53094,2,7
53095,0,6
53096,4,5
53097,2,7
53098,5,1
53099,6,8
53100,4,5
53101,7,0
53102,2,7
53103,9,1
53104,4,3
53105,3,2
53106,0,6
53107,3,3
53108,4,3
53109,5,4
53110,4,8
53111,9,6
53112,4,8
53113,2,7
53114,4,5
53115,6,8
53116,8,0
53117,7,0
53118,7,0
53119,1,1
53120,4,5
53121,3,2
53122,4,5
53123,3,3
53124,8,0
53125,5,4
53126,5,9
53127,0,6
53128,5,8
53129,2,7
53130,5,4
53131,6,8
53132,9,2
53133,2,8
53134,5,4
53135,9,1
53136,3,3
53137,2,7
53138,3,2
53139,3,2
53140,5,1
53141,5,4
53142,5,9
53143,3,1
53144,5,4
53145,5,4
53146,2,9
53147,2,1
53148,9,6
53149,5,4
53150,4,8
53151,2,9
53152,4,5
53153,0,6
53154,5,9
53155,3,8
53156,5,3
53157,5,4
53158,1,3
53159,2,7
53160,5,1
53161,3,8
53162,2,1
53163,0,4
53164,2,7
53165,3,3
53166,5,9
53167,3,3
53168,5,1
53169,0,6
53170,9,8
53171,2,7
53172,4,5
53173,7,0
53174,7,0
53175,9,6
53176,5,1
53177,9,1
53178,5,1
53179,0,6
53180,2,1
53181,6,8
53182,1,3
53183,2,7
53184,4,8
53185,7,0
53186,5,8
53187,2,1
53188,2,7
53189,7,0
53190,2,9
53191,6,8
53192,5,4
53193,0,5
53194,5,1
53195,7,0
53196,2,9
53197,0,6
53198,4,6
53199,1,1
53200,4,5
53201,0,5
53202,2,9
53203,6,8
53204,5,9
53205,5,4
53206,9,1
53207,3,2
53208,1,8
53209,3,3
53210,2,7
53211,2,9
53212,7,0
53213,2,7
53214,2,7
53215,9,6
53216,7,9
53217,2,9
53218,3,2
53219,7,0
53220,4,6
53221,0,6
53222,5,4
53223,3,3
53224,3,2
53225,3,3
53226,5,4
53227,2,7
53228,9,6
53229,3,5
53230,9,6
53231,3,3
53232,2,7
53233,9,1
53234,2,7
53235,3,8
53236,4,8
53237,3,2
53238,5,9
53239,9,2
53240,5,8
53241,1,3
53242,2,7
53243,7,0
53244,4,5
53245,3,2
53246,3,3
53247,2,9
53248,2,8
53249,5,4
53250,2,9
53251,2,9
53252,4,3
53253,2,7
53254,5,4
53255,7,0
53256,8,0
53257,7,0
53258,2,7
53259,3,2
53260,5,4
53261,2,7
53262,4,3
53263,5,4
53264,9,2
53265,2,9
53266,4,2
53267,2,9
53268,4,5
53269,9,2
53270,8,0
53271,3,8
53272,4,5
53273,9,1
53274,2,7
53275,3,5
53276,2,9
53277,0,6
53278,5,4
53279,2,9
53280,5,9
53281,3,8
53282,4,3
53283,3,3
53284,9,2
53285,3,8
53286,4,8
53287,3,3
53288,5,4
53289,0,6
53290,7,0
53291,2,7
53292,4,5
53293,7,0
53294,7,8
53295,5,4
53296,4,5
53297,7,0
53298,8,0
53299,8,0
53300,5,4
53301,9,1
53302,2,7
53303,9,2
53304,2,1
53305,4,3
53306,4,5
53307,5,4
53308,5,1
53309,4,5
53310,9,1
53311,0,6
53312,4,8
53313,2,7
53314,5,1
53315,4,8
53316,4,5
53317,2,9
53318,9,6
53319,7,0
53320,4,6
53321,2,1
53322,3,2
53323,3,2
53324,2,9
53325,4,3
53326,5,1
53327,5,4
53328,7,0
53329,4,5
53330,2,1
53331,9,6
53332,4,3
53333,2,7
53334,2,7
53335,5,8
53336,9,6
53337,2,9
53338,2,7
53339,7,0
53340,9,2
53341,5,1
53342,5,9
53343,1,2
53344,9,0
53345,4,3
53346,5,4
53347,5,4
53348,5,1
53349,2,9
53350,8,0
53351,9,1
53352,4,5
53353,7,0
53354,7,0
53355,7,0
53356,4,5
53357,4,3
53358,4,3
53359,9,6
53360,8,0
53361,5,1
53362,5,4
53363,5,4
53364,5,4
53365,4,3
53366,9,2
53367,3,2
53368,2,7
53369,5,9
53370,8,9
53371,5,1
53372,2,7
53373,1,2
53374,4,3
53375,9,1
53376,4,3
53377,9,2
53378,5,4
53379,8,9
53380,8,0
53381,0,0
53382,3,3
53383,5,1
53384,5,4
53385,4,3
53386,5,9
53387,7,0
53388,3,2
53389,9,6
53390,9,2
53391,3,2
53392,2,7
53393,2,9
53394,5,1
53395,1,1
53396,5,9
53397,5,9
53398,9,6
53399,0,0
53400,6,8
53401,7,0
53402,4,3
53403,7,0
53404,8,0
53405,9,1
53406,9,6
53407,7,0
53408,4,5
53409,2,1
53410,4,5
53411,5,4
53412,3,3
53413,4,5
53414,4,5
53415,2,7
53416,9,6
53417,5,8
53418,2,7
53419,4,3
53420,4,8
53421,5,4
53422,9,6
53423,2,7
53424,8,0
53425,5,1
53426,5,4
53427,5,1
53428,4,5
53429,7,0
53430,3,2
53431,2,7
53432,7,0
53433,4,5
53434,9,2
53435,5,9
53436,5,1
53437,5,9
53438,5,9
53439,5,4
53440,5,8
53441,2,7
53442,2,9
53443,4,5
53444,8,0
53445,4,8
53446,5,4
53447,4,3
53448,5,1
53449,5,4
53450,5,4
53451,5,4
53452,5,4
53453,4,3
53454,7,0
53455,4,2
53456,2,9
53457,4,3
53458,5,4
53459,5,4
53460,8,0
53461,4,5
53462,5,8
53463,9,6
53464,5,8
53465,2,7
53466,4,5
53467,9,1
53468,5,1
53469,8,0
53470,4,5
53471,5,1
53472,9,6
53473,7,2
53474,4,3
53475,4,3
53476,5,4
53477,5,4
53478,2,7
53479,4,5
53480,4,3
53481,9,6
53482,3,3
53483,2,7
53484,2,1
53485,6,8
53486,4,8
53487,8,0
53488,4,3
53489,2,1
53490,2,7
53491,9,2
53492,5,4
53493,1,3
53494,3,2
53495,5,4
53496,2,9
53497,4,5
53498,5,1
53499,9,6
53500,3,2
53501,2,7
53502,7,0
53503,8,0
53504,1,2
53505,2,9
53506,4,8
53507,4,5
53508,2,8
53509,8,0
53510,2,7
53511,5,9
53512,9,2
53513,4,8
53514,4,3
53515,5,9
53516,9,6
53517,4,8
53518,2,1
53519,5,4
53520,4,8
53521,5,1
53522,3,2
53523,2,7
53524,7,0
53525,2,7
53526,9,6
53527,4,3
53528,5,4
53529,4,5
53530,8,9
53531,2,1
53532,2,9
53533,7,0
53534,9,6
53535,7,0
53536,7,0
53537,7,0
53538,4,5
53539,5,1
53540,9,6
53541,7,2
53542,4,3
53543,9,6
53544,5,9
53545,1,3
53546,5,4
53547,2,3
53548,2,7
53549,2,7
53550,5,9
53551,5,4
53552,3,5
53553,0,6
53554,1,3
53555,9,6
53556,4,8
53557,0,6
53558,4,3
53559,5,4
53560,4,3
53561,2,9
53562,8,0
53563,3,1
53564,5,4
53565,2,9
53566,4,3
53567,4,5
53568,4,5
53569,5,8
53570,4,3
53571,2,2
53572,4,5
53573,7,0
53574,4,8
53575,7,0
53576,5,4
53577,5,1
53578,4,6
53579,2,7
53580,3,8
53581,9,6
53582,5,4
53583,1,3
53584,4,3
53585,9,2
53586,4,3
53587,5,1
53588,9,6
53589,2,7
53590,4,5
53591,1,3
53592,5,9
53593,5,1
53594,5,1
53595,4,3
53596,5,4
53597,2,9
53598,4,5
53599,2,1
53600,2,7
53601,2,7
53602,5,4
53603,9,6
53604,3,1
53605,1,8
53606,9,6
53607,5,4
53608,1,2
53609,1,3
53610,5,1
53611,3,1
53612,2,7
53613,5,4
53614,2,7
53615,7,0
53616,5,9
53617,4,5
53618,5,4
53619,4,3
53620,4,5
53621,9,6
53622,5,4
53623,2,9
53624,2,7
53625,9,6
53626,4,5
53627,3,1
53628,3,2
53629,2,7
53630,4,3
53631,5,4
53632,7,0
53633,5,4
53634,4,5
53635,2,7
53636,4,8
53637,3,2
53638,4,5
53639,7,2
53640,5,8
53641,4,5
53642,4,5
53643,2,7
53644,3,2
53645,2,9
53646,9,6
53647,4,5
53648,8,8
53649,5,4
53650,3,2
53651,5,8
53652,0,6
53653,4,8
53654,5,4
53655,5,4
53656,9,2
53657,7,0
53658,3,2
53659,5,8
53660,5,8
53661,2,9
53662,2,1
53663,5,8
53664,2,1
53665,3,0
53666,2,7
53667,9,1
53668,2,2
53669,3,2
53670,8,0
53671,4,3
53672,3,8
53673,5,4
53674,5,4
53675,4,5
53676,5,9
53677,9,6
53678,8,0
53679,2,7
53680,2,9
53681,4,8
53682,2,9
53683,2,9
53684,8,0
53685,8,0
53686,4,8
53687,9,1
53688,4,3
53689,3,2
53690,4,5
53691,3,3
53692,3,2
53693,5,4
53694,2,7
53695,4,5
53696,4,5
53697,9,6
53698,2,9
53699,2,7
53700,8,9
53701,6,8
53702,2,7
53703,2,9
53704,4,3
53705,7,0
53706,0,6
53707,9,1
53708,9,2
53709,3,2
53710,5,4
53711,3,3
53712,4,3
53713,5,4
53714,9,1
53715,0,5
53716,4,3
53717,0,6
53718,4,5
53719,2,7
53720,9,2
53721,5,8
53722,4,3
53723,2,9
53724,4,3
53725,2,7
53726,9,1
53727,3,2
53728,4,8
53729,2,9
53730,4,8
53731,5,4
53732,4,5
53733,3,2
53734,8,0
53735,2,9
53736,2,9
53737,3,8
53738,5,4
53739,5,4
53740,4,3
53741,4,5
53742,3,2
53743,4,8
53744,1,2
53745,6,8
53746,2,1
53747,7,0
53748,9,2
53749,3,3
53750,2,1
53751,4,5
53752,2,9
53753,5,4
53754,0,6
53755,3,3
53756,5,8
53757,4,3
53758,4,3
53759,4,5
53760,5,4
53761,5,1
53762,5,2
53763,2,7
53764,2,9
53765,4,8
53766,2,7
53767,5,4
53768,5,4
53769,4,5
53770,2,7
53771,2,7
53772,3,2
53773,3,2
53774,4,8
53775,9,6
53776,5,4
53777,9,6
53778,5,9
53779,2,7
53780,2,1
53781,2,7
53782,4,8
53783,2,7
53784,2,9
53785,7,0
53786,4,8
53787,2,1
53788,8,0
53789,7,0
53790,3,2
53791,2,1
53792,5,1
53793,0,6
53794,4,5
53795,4,5
53796,4,5
53797,4,5
53798,9,6
53799,3,2
53800,7,0
53801,2,9
53802,4,5
53803,3,3
53804,5,1
53805,9,1
53806,2,8
53807,5,4
53808,5,4
53809,6,8
53810,5,9
53811,5,8
53812,4,5
53813,2,7
53814,8,0
53815,4,3
53816,9,1
53817,6,8
53818,9,6
53819,3,2
53820,5,4
53821,5,9
53822,2,5
53823,9,1
53824,5,1
53825,3,2
53826,7,5
53827,9,6
53828,9,6
53829,0,5
53830,9,6
53831,2,9
53832,5,7
53833,9,1
53834,5,4
53835,3,2
53836,2,7
53837,3,2
53838,4,3
53839,2,7
53840,9,6
53841,2,9
53842,5,1
53843,2,7
53844,8,5
53845,5,9
53846,4,3
53847,2,9
53848,5,8
53849,9,1
53850,5,4
53851,7,0
53852,2,7
53853,2,9
53854,4,8
53855,2,7
53856,5,4
53857,7,0
53858,2,7
53859,4,5
53860,4,8
53861,7,0
53862,3,2
53863,3,3
53864,1,8
53865,6,8
53866,2,7
53867,5,4
53868,5,9
53869,9,6
53870,2,1
53871,9,1
53872,9,8
53873,5,4
53874,1,3
53875,4,3
53876,3,2
53877,9,6
53878,1,2
53879,3,2
53880,8,0
53881,8,0
53882,5,9
53883,5,4
53884,3,2
53885,4,8
53886,2,7
53887,2,1
53888,5,4
53889,3,3
53890,2,2
53891,9,1
53892,9,6
53893,7,0
53894,8,0
53895,2,9
53896,2,1
53897,7,0
53898,5,4
53899,9,1
53900,0,6
53901,3,2
53902,5,4
53903,3,3
53904,2,1
53905,5,4
53906,1,8
53907,0,5
53908,5,1
53909,0,6
53910,9,2
53911,6,7
53912,5,4
53913,6,8
53914,5,4
53915,2,9
53916,8,0
53917,7,0
53918,9,6
53919,3,1
53920,4,5
53921,3,2
53922,4,5
53923,4,3
53924,8,0
53925,5,4
53926,9,2
53927,4,5
53928,8,0
53929,0,6
53930,5,1
53931,6,7
53932,8,0
53933,6,8
53934,7,0
53935,2,9
53936,8,0
53937,0,0
53938,4,3
53939,9,1
53940,0,0
53941,3,2
53942,4,5
53943,3,3
53944,2,7
53945,5,4
53946,4,5
53947,0,5
53948,5,9
53949,0,6
53950,5,9
53951,2,9
53952,2,8
53953,3,8
53954,4,3
53955,5,4
53956,2,7
53957,7,0
53958,4,3
53959,7,0
53960,4,3
53961,2,7
53962,2,7
53963,7,2
53964,2,9
53965,2,4
53966,5,1
53967,3,2
53968,4,5
53969,0,6
53970,3,8
53971,3,5
53972,1,2
53973,4,5
53974,5,4
53975,3,3
53976,7,9
53977,6,7
53978,4,5
53979,3,8
53980,2,1
53981,0,6
53982,8,0
53983,0,6
53984,9,2
53985,2,4
53986,2,7
53987,3,3
53988,5,4
53989,3,2
53990,5,4
53991,0,6
53992,4,5
53993,0,6
53994,8,0
53995,3,3
53996,4,8
53997,3,8
53998,4,9
53999,3,8
54000,4,5
54001,3,3
54002,4,5
54003,7,0
54004,8,0
54005,9,1
54006,4,8
54007,5,4
54008,1,3
54009,5,4
54010,8,0
54011,2,7
54012,7,0
54013,3,3
54014,3,3
54015,4,5
54016,4,3
54017,5,4
54018,9,6
54019,3,1
54020,1,3
54021,2,9
54022,2,7
54023,2,1
54024,4,5
54025,3,2
54026,8,9
54027,9,1
54028,4,3
54029,3,3
54030,2,8
54031,2,9
54032,9,6
54033,3,2
54034,5,8
54035,6,7
54036,5,9
54037,6,7
54038,2,9
54039,2,9
54040,4,8
54041,5,4
54042,5,4
54043,3,2
54044,4,5
54045,4,5
54046,5,4
54047,3,8
54048,5,9
54049,0,6
54050,2,9
54051,0,5
54052,3,2
54053,3,5
54054,2,8
54055,2,9
54056,4,8
54057,2,9
54058,1,2
54059,3,1
54060,4,3
54061,3,1
54062,1,3
54063,4,5
54064,2,9
54065,6,7
54066,2,7
54067,0,6
54068,9,6
54069,2,9
54070,5,1
54071,9,1
54072,2,7
54073,3,3
54074,4,3
54075,3,2
54076,5,9
54077,3,3
54078,3,2
54079,0,1
54080,8,0
54081,2,9
54082,5,8
54083,7,0
54084,4,3
54085,2,9
54086,9,6
54087,9,1
54088,4,3
54089,7,0
54090,3,2
54091,9,5
54092,4,5
54093,3,8
54094,5,1
54095,3,2
54096,2,7
54097,2,7
54098,5,9
54099,6,7
54100,2,7
54101,8,0
54102,8,0
54103,2,1
54104,0,0
54105,3,2
54106,2,7
54107,3,3
54108,8,0
54109,5,4
54110,3,2
54111,4,5
54112,2,4
54113,9,6
54114,2,7
54115,2,7
54116,5,4
54117,7,8
54118,2,7
54119,2,9
54120,4,8
54121,7,0
54122,4,5
54123,9,1
54124,9,6
54125,3,2
54126,4,3
54127,3,3
54128,3,2
54129,5,4
54130,5,4
54131,4,5
54132,4,8
54133,9,6
54134,9,2
54135,2,7
54136,4,8
54137,4,8
54138,5,9
54139,2,9
54140,4,3
54141,8,0
54142,4,5
54143,2,1
54144,5,9
54145,3,2
54146,2,9
54147,4,3
54148,2,7
54149,5,4
54150,9,6
54151,4,5
54152,2,7
54153,9,6
54154,5,9
54155,2,7
54156,5,4
54157,5,8
54158,5,4
54159,4,5
54160,3,2
54161,0,2
54162,8,8
54163,5,8
54164,5,1
54165,5,1
54166,5,9
54167,2,7
54168,3,2
54169,3,2
54170,5,9
54171,5,4
54172,4,6
54173,5,1
54174,4,3
54175,5,4
54176,2,7
54177,2,1
54178,6,8
54179,5,4
54180,4,8
54181,2,9
54182,5,1
54183,0,6
54184,4,5
54185,4,8
54186,5,7
54187,5,4
54188,0,6
54189,4,5
54190,5,8
54191,3,3
54192,4,8
54193,2,7
54194,2,7
54195,3,8
54196,9,6
54197,5,4
54198,4,8
54199,4,3
54200,9,6
54201,4,3
54202,4,5
54203,4,5
54204,9,6
54205,9,6
54206,9,6
54207,2,7
54208,4,3
54209,8,0
54210,9,1
54211,9,6
54212,2,7
54213,5,1
54214,7,0
54215,9,6
54216,4,8
54217,4,8
54218,2,7
54219,2,7
54220,3,2
54221,7,0
54222,2,9
54223,2,1
54224,9,6
54225,4,5
54226,3,8
54227,9,6
54228,4,3
54229,7,0
54230,4,5
54231,4,8
54232,7,0
54233,4,5
54234,5,4
54235,8,0
54236,5,1
54237,9,6
54238,9,2
54239,5,1
54240,4,2
54241,4,5
54242,3,3
54243,4,8
54244,5,9
54245,5,4
54246,4,5
54247,3,2
54248,4,3
54249,4,3
54250,4,3
54251,5,9
54252,9,6
54253,2,7
54254,5,1
54255,9,6
54256,2,7
54257,2,9
54258,1,3
54259,2,1
54260,4,5
54261,5,9
54262,3,2
54263,7,0
54264,5,4
54265,9,6
54266,2,9
54267,2,7
54268,4,8
54269,9,1
54270,4,3
54271,3,2
54272,8,0
54273,4,3
54274,2,7
54275,4,9
54276,5,4
54277,3,2
54278,2,7
54279,5,4
54280,3,8
54281,4,5
54282,4,5
54283,4,5
54284,8,0
54285,3,3
54286,1,2
54287,2,7
54288,9,6
54289,4,5
54290,8,0
54291,4,3
54292,3,2
54293,5,1
54294,5,4
54295,3,8
54296,3,3
54297,7,2
54298,9,6
54299,9,2
54300,2,9
54301,4,3
54302,4,5
54303,8,0
54304,4,3
54305,3,2
54306,1,2
54307,2,9
54308,5,8
54309,5,4
54310,2,1
54311,5,9
54312,5,9
54313,7,0
54314,4,2
54315,3,2
54316,9,6
54317,2,7
54318,9,2
54319,5,4
54320,8,0
54321,5,9
54322,4,3
54323,5,9
54324,5,4
54325,3,2
54326,3,2
54327,2,8
54328,8,0
54329,2,1
54330,9,2
54331,4,5
54332,9,6
54333,9,6
54334,2,9
54335,2,9
54336,4,8
54337,1,8
54338,1,2
54339,4,3
54340,2,1
54341,4,8
54342,4,1
54343,4,3
54344,4,8
54345,9,6
54346,4,8
54347,5,4
54348,9,6
54349,7,0
54350,3,2
54351,8,0
54352,2,8
54353,5,1
54354,7,0
54355,9,2
54356,8,0
54357,3,3
54358,5,4
54359,5,4
54360,9,6
54361,4,5
54362,4,8
54363,9,6
54364,2,7
54365,2,7
54366,4,5
54367,5,8
54368,7,0
54369,2,9
54370,9,6
54371,8,0
54372,2,7
54373,2,1
54374,5,4
54375,3,2
54376,5,4
54377,4,3
54378,5,7
54379,5,4
54380,1,1
54381,4,5
54382,5,9
54383,9,6
54384,5,1
54385,2,7
54386,5,9
54387,4,8
54388,5,1
54389,2,9
54390,0,6
54391,7,0
54392,8,0
54393,5,1
54394,3,8
54395,9,2
54396,2,7
54397,1,3
54398,4,3
54399,5,4
54400,4,5
54401,4,5
54402,4,3
54403,9,6
54404,8,0
54405,2,7
54406,4,3
54407,3,8
54408,8,2
54409,9,6
54410,5,4
54411,8,0
54412,5,4
54413,3,3
54414,8,0
54415,5,4
54416,2,1
54417,2,1
54418,2,1
54419,5,4
54420,9,6
54421,8,0
54422,5,4
54423,5,8
54424,1,2
54425,9,6
54426,2,7
54427,5,4
54428,5,1
54429,4,5
54430,4,3
54431,5,4
54432,9,2
54433,8,0
54434,9,1
54435,2,7
54436,4,3
54437,4,8
54438,2,1
54439,2,7
54440,3,2
54441,2,7
54442,4,5
54443,2,9
54444,4,3
54445,8,0
54446,4,5
54447,5,4
54448,3,2
54449,5,9
54450,4,8
54451,2,9
54452,5,4
54453,2,7
54454,3,2
54455,5,4
54456,3,2
54457,9,2
54458,5,1
54459,7,0
54460,3,3
54461,4,5
54462,0,6
54463,5,8
54464,8,0
54465,4,5
54466,5,4
54467,5,9
54468,5,1
54469,4,8
54470,4,5
54471,4,8
54472,2,7
54473,5,4
54474,7,0
54475,8,0
54476,1,3
54477,2,7
54478,2,7
54479,9,1
54480,3,2
54481,3,3
54482,2,7
54483,4,5
54484,3,2
54485,2,1
54486,7,0
54487,3,3
54488,5,8
54489,1,1
54490,9,6
54491,4,5
54492,4,8
54493,3,3
54494,2,7
54495,3,8
54496,9,6
54497,2,7
54498,5,8
54499,3,3
54500,4,5
54501,9,1
54502,8,0
54503,9,6
54504,5,9
54505,3,8
54506,9,1
54507,4,5
54508,2,9
54509,2,9
54510,4,5
54511,3,2
54512,8,0
54513,3,2
54514,8,0
54515,8,0
54516,1,3
54517,2,9
54518,9,6
54519,3,2
54520,4,9
54521,5,4
54522,2,7
54523,9,6
54524,4,3
54525,4,5
54526,4,3
54527,3,2
54528,4,5
54529,2,7
54530,4,3
54531,4,3
54532,5,7
54533,9,1
54534,4,3
54535,3,3
54536,2,7
54537,9,6
54538,2,9
54539,9,6
54540,2,7
54541,3,2
54542,2,7
54543,5,1
54544,2,1
54545,9,2
54546,5,9
54547,9,6
54548,2,9
54549,8,0
54550,4,8
54551,3,2
54552,5,1
54553,9,2
54554,1,8
54555,2,7
54556,9,2
54557,1,1
54558,2,7
54559,4,3
54560,4,3
54561,2,7
54562,4,5
54563,5,4
54564,4,8
54565,2,7
54566,4,5
54567,5,4
54568,4,3
54569,4,8
54570,9,6
54571,2,9
54572,9,6
54573,3,2
54574,9,2
54575,2,9
54576,5,1
54577,4,5
54578,2,9
54579,9,1
54580,5,1
54581,3,5
54582,5,4
54583,9,6
54584,5,9
54585,5,8
54586,2,9
54587,3,3
54588,5,4
54589,4,5
54590,4,8
54591,9,6
54592,2,9
54593,5,8
54594,4,8
54595,7,0
54596,4,8
54597,7,0
54598,4,5
54599,5,9
54600,7,0
54601,5,9
54602,0,6
54603,3,3
54604,4,5
54605,9,1
54606,2,7
54607,2,1
54608,8,0
54609,8,0
54610,9,6
54611,2,1
54612,4,8
54613,3,2
54614,2,1
54615,4,3
54616,4,3
54617,5,4
54618,0,6
54619,4,5
54620,8,0
54621,0,6
54622,4,3
54623,2,7
54624,4,8
54625,5,8
54626,4,8
54627,2,9
54628,5,4
54629,8,0
54630,9,6
54631,2,1
54632,2,7
54633,1,2
54634,5,4
54635,4,3
54636,1,8
54637,5,4
54638,2,7
54639,4,5
54640,4,5
54641,0,6
54642,7,0
54643,2,7
54644,2,7
54645,3,8
54646,9,6
54647,2,9
54648,4,3
54649,7,0
54650,5,4
54651,4,1
54652,9,6
54653,3,2
54654,3,8
54655,4,3
54656,2,8
54657,5,4
54658,4,3
54659,4,5
54660,3,3
54661,9,6
54662,9,6
54663,2,7
54664,5,1
54665,6,8
54666,5,9
54667,2,9
54668,5,4
54669,2,7
54670,4,5
54671,3,5
54672,5,4
54673,4,5
54674,4,2
54675,2,1
54676,9,2
54677,2,9
54678,2,7
54679,2,9
54680,3,2
54681,2,7
54682,8,2
54683,9,1
54684,4,8
54685,8,0
54686,5,4
54687,2,9
54688,2,7
54689,7,0
54690,8,0
54691,2,7
54692,5,1
54693,9,1
54694,1,3
54695,2,7
54696,2,7
54697,4,3
54698,5,9
54699,9,6
54700,1,3
54701,2,8
54702,5,9
54703,0,0
54704,4,3
54705,6,8
54706,4,3
54707,4,3
54708,9,1
54709,1,2
54710,5,4
54711,0,0
54712,5,8
54713,2,9
54714,3,2
54715,8,0
54716,5,1
54717,9,6
54718,5,4
54719,5,1
54720,2,1
54721,2,7
54722,3,3
54723,2,5
54724,3,3
54725,6,8
54726,4,8
54727,1,3
54728,8,0
54729,5,4
54730,3,3
54731,2,7
54732,2,7
54733,9,6
54734,2,7
54735,3,3
54736,4,3
54737,3,2
54738,5,9
54739,4,3
54740,2,7
54741,6,8
54742,5,4
54743,2,9
54744,4,5
54745,5,4
54746,4,3
54747,4,8
54748,5,4
54749,4,8
54750,4,5
54751,2,7
54752,5,1
54753,9,1
54754,4,2
54755,0,0
54756,1,2
54757,4,8
54758,9,2
54759,2,7
54760,2,7
54761,2,7
54762,2,2
54763,2,9
54764,8,0
54765,3,2
54766,5,9
54767,3,3
54768,1,2
54769,5,4
54770,5,4
54771,9,6
54772,4,3
54773,5,1
54774,4,5
54775,2,1
54776,4,5
54777,5,4
54778,5,4
54779,0,5
54780,4,3
54781,0,5
54782,1,3
54783,8,0
54784,5,1
54785,5,4
54786,2,1
54787,4,8
54788,9,6
54789,2,7
54790,3,2
54791,5,4
54792,2,7
54793,2,9
54794,1,2
54795,9,2
54796,9,2
54797,4,3
54798,4,3
54799,9,6
54800,8,0
54801,5,4
54802,9,6
54803,9,1
54804,7,0
54805,7,2
54806,3,2
54807,5,4
54808,7,0
54809,1,1
54810,8,0
54811,4,5
54812,8,0
54813,5,4
54814,5,4
54815,1,2
54816,5,1
54817,8,0
54818,2,7
54819,5,4
54820,9,6
54821,2,8
54822,8,0
54823,9,6
54824,5,1
54825,2,1
54826,5,4
54827,2,9
54828,4,5
54829,4,3
54830,0,6
54831,3,2
54832,7,0
54833,8,0
54834,9,2
54835,7,0
54836,8,0
54837,1,2
54838,3,2
54839,3,5
54840,9,2
54841,9,6
54842,4,8
54843,2,9
54844,8,0
54845,4,3
54846,3,8
54847,9,6
54848,9,2
54849,1,3
54850,5,9
54851,9,6
54852,2,4
54853,7,0
54854,3,2
54855,3,1
54856,4,3
54857,3,2
54858,4,3
54859,3,3
54860,5,9
54861,0,4
54862,4,5
54863,2,7
54864,5,1
54865,0,0
54866,3,2
54867,3,3
54868,4,5
54869,5,4
54870,4,8
54871,2,7
54872,5,1
54873,7,0
54874,5,9
54875,5,1
54876,2,1
54877,0,2
54878,5,4
54879,3,3
54880,9,5
54881,0,4
54882,2,7
54883,3,5
54884,4,8
54885,0,6
54886,5,1
54887,2,7
54888,4,3
54889,6,8
54890,2,7
54891,2,7
54892,1,3
54893,0,2
54894,3,2
54895,5,4
54896,6,8
54897,3,1
54898,4,3
54899,5,4
54900,0,0
54901,2,1
54902,4,5
54903,5,4
54904,9,5
54905,2,9
54906,5,4
54907,0,6
54908,4,2
54909,0,8
54910,4,3
54911,0,4
54912,2,7
54913,3,5
54914,4,5
54915,3,3
54916,9,8
54917,2,7
54918,5,4
54919,3,8
54920,4,8
54921,5,4
54922,8,0
54923,0,6
54924,1,2
54925,2,7
54926,5,8
54927,7,0
54928,4,5
54929,0,6
54930,4,3
54931,3,1
54932,9,5
54933,0,6
54934,4,5
54935,0,8
54936,5,4
54937,2,7
54938,4,5
54939,7,0
54940,2,7
54941,7,0
54942,8,0
54943,0,0
54944,5,9
54945,0,6
54946,5,1
54947,3,1
54948,9,6
54949,3,5
54950,3,8
54951,3,2
54952,4,3
54953,3,3
54954,3,8
54955,2,9
54956,4,2
54957,2,7
54958,2,8
54959,0,6
54960,9,4
54961,2,9
54962,2,9
54963,9,1
54964,2,7
54965,2,9
54966,2,7
54967,0,0
54968,2,1
54969,0,6
54970,4,5
54971,2,7
54972,1,3
54973,9,2
54974,9,1
54975,2,5
54976,4,3
54977,3,3
54978,3,2
54979,3,1
54980,7,0
54981,9,2
54982,8,0
54983,3,3
54984,5,9
54985,8,0
54986,4,8
54987,3,2
54988,4,5
54989,2,9
54990,6,8
54991,5,4
54992,5,4
54993,2,9
54994,9,6
54995,2,7
54996,4,3
54997,7,0
54998,5,4
54999,7,0
55000,9,1
55001,3,2
55002,4,8
55003,2,7
55004,5,4
55005,0,4
55006,7,0
55007,2,9
55008,4,3
55009,2,9
55010,4,5
55011,9,2
55012,9,6
55013,2,9
55014,5,1
55015,0,8
55016,0,6
55017,3,3
55018,9,6
55019,0,6
55020,6,8
55021,2,7
55022,5,8
55023,7,0
55024,5,4
55025,0,4
55026,3,8
55027,7,0
55028,3,3
55029,7,0
55030,7,0
55031,5,1
55032,7,2
55033,9,2
55034,2,7
55035,4,3
55036,5,1
55037,5,4
55038,4,3
55039,9,6
55040,3,2
55041,2,7
55042,4,5
55043,4,8
55044,4,2
55045,7,0
55046,5,1
55047,5,1
55048,7,0
55049,9,2
55050,4,3
55051,4,3
55052,5,7
55053,5,4
55054,1,3
55055,3,5
55056,8,0
55057,0,6
55058,4,5
55059,2,7
55060,8,5
55061,1,8
55062,4,3
55063,2,9
55064,8,9
55065,7,0
55066,9,6
55067,9,1
55068,2,9
55069,9,2
55070,3,2
55071,4,3
55072,5,9
55073,5,4
55074,5,4
55075,2,5
55076,4,5
55077,0,6
55078,2,7
55079,2,7
55080,5,1
55081,7,8
55082,2,7
55083,9,1
55084,2,7
55085,5,4
55086,2,7
55087,5,4
55088,2,7
55089,3,2
55090,2,7
55091,1,3
55092,5,9
55093,1,3
55094,2,7
55095,7,0
55096,9,6
55097,2,9
55098,5,4
55099,4,5
55100,9,2
55101,5,4
55102,5,9
55103,1,3
55104,3,3
55105,7,0
55106,4,3
55107,7,8
55108,4,5
55109,5,4
55110,8,0
55111,0,6
55112,9,6
55113,2,7
55114,2,9
55115,7,0
55116,4,3
55117,2,7
55118,5,8
55119,2,7
55120,5,9
55121,2,1
55122,3,8
55123,0,6
55124,5,4
55125,2,9
55126,2,9
55127,3,1
55128,3,8
55129,9,2
55130,7,0
55131,2,9
55132,5,8
55133,3,3
55134,9,6
55135,0,6
55136,5,4
55137,1,2
55138,0,6
55139,3,3
55140,2,1
55141,5,4
55142,5,1
55143,9,6
55144,3,3
55145,4,8
55146,5,8
55147,2,7
55148,0,5
55149,9,2
55150,9,1
55151,3,3
55152,8,0
55153,6,8
55154,9,6
55155,9,1
55156,3,8
55157,9,2
55158,3,2
55159,2,9
55160,5,4
55161,4,5
55162,9,6
55163,1,8
55164,4,5
55165,1,8
55166,9,6
55167,2,7
55168,9,6
55169,5,1
55170,3,2
55171,2,7
55172,3,2
55173,5,1
55174,2,7
55175,5,1
55176,3,2
55177,7,0
55178,5,4
55179,1,3
55180,2,7
55181,5,4
55182,5,8
55183,9,2
55184,4,5
55185,0,6
55186,9,2
55187,5,4
55188,3,2
55189,2,7
55190,4,3
55191,5,4
55192,4,8
55193,3,2
55194,3,3
55195,2,7
55196,9,6
55197,5,4
55198,4,3
55199,1,2
55200,5,9
55201,2,9
55202,1,2
55203,3,2
55204,4,5
55205,2,7
55206,5,4
55207,2,9
55208,4,5
55209,3,2
55210,2,7
55211,3,8
55212,4,5
55213,0,6
55214,2,1
55215,5,1
55216,2,7
55217,7,0
55218,3,8
55219,0,6
55220,3,2
55221,3,8
55222,5,1
55223,4,5
55224,2,9
55225,4,5
55226,9,6
55227,7,0
55228,3,2
55229,4,5
55230,9,6
55231,4,3
55232,2,1
55233,3,5
55234,4,8
55235,2,9
55236,2,1
55237,2,7
55238,2,7
55239,5,4
55240,5,9
55241,3,8
55242,7,0
55243,2,9
55244,5,7
55245,0,6
55246,8,0
55247,2,9
55248,4,5
55249,3,3
55250,4,8
55251,7,0
55252,0,6
55253,7,0
55254,7,0
55255,0,6
55256,4,8
55257,1,3
55258,5,4
55259,7,0
55260,3,5
55261,0,5
55262,2,1
55263,3,8
55264,5,8
55265,2,9
55266,2,7
55267,3,1
55268,5,8
55269,3,8
55270,2,7
55271,5,1
55272,8,8
55273,0,6
55274,0,6
55275,7,0
55276,2,7
55277,8,0
55278,7,0
55279,5,1
55280,5,4
55281,9,2
55282,5,4
55283,3,3
55284,4,8
55285,2,4
55286,5,1
55287,4,5
55288,8,0
55289,9,6
55290,8,0
55291,2,7
55292,4,3
55293,6,8
55294,5,4
55295,2,9
55296,5,9
55297,8,0
55298,4,5
55299,5,1
55300,3,2
55301,1,3
55302,8,0
55303,5,4
55304,4,2
55305,4,5
55306,2,1
55307,9,6
55308,4,2
55309,2,7
55310,2,1
55311,6,8
55312,3,3
55313,2,9
55314,9,6
55315,7,0
55316,4,2
55317,2,1
55318,5,4
55319,9,2
55320,5,4
55321,3,3
55322,4,5
55323,5,4
55324,5,1
55325,4,5
55326,9,2
55327,0,6
55328,5,4
55329,2,7
55330,3,8
55331,2,8
55332,5,4
55333,2,9
55334,4,3
55335,2,1
55336,4,3
55337,5,4
55338,5,1
55339,5,4
55340,5,4
55341,1,3
55342,4,5
55343,1,3
55344,2,7
55345,8,0
55346,2,7
55347,2,9
55348,8,0
55349,4,5
55350,9,6
55351,5,4
55352,3,2
55353,1,3
55354,8,0
55355,7,0
55356,4,5
55357,6,8
55358,2,1
55359,5,4
55360,3,2
55361,7,0
55362,9,6
55363,2,7
55364,5,9
55365,2,7
55366,7,0
55367,9,6
55368,2,8
55369,2,9
55370,2,9
55371,2,1
55372,9,6
55373,3,2
55374,2,7
55375,2,9
55376,4,5
55377,3,3
55378,4,3
55379,9,6
55380,5,1
55381,3,2
55382,9,6
55383,1,3
55384,2,7
55385,5,4
55386,5,1
55387,0,6
55388,4,5
55389,4,5
55390,9,6
55391,3,2
55392,3,8
55393,3,3
55394,4,5
55395,3,8
55396,7,5
55397,9,1
55398,8,0
55399,3,2
55400,7,0
55401,5,9
55402,7,0
55403,4,5
55404,9,2
55405,5,8
55406,5,9
55407,6,8
55408,8,0
55409,2,7
55410,7,0
55411,9,1
55412,2,1
55413,2,7
55414,4,5
55415,9,1
55416,5,4
55417,2,1
55418,5,4
55419,3,3
55420,9,6
55421,5,4
55422,2,7
55423,5,4
55424,5,4
55425,2,7
55426,2,7
55427,5,4
55428,4,5
55429,3,2
55430,4,8
55431,2,7
55432,4,3
55433,9,2
55434,4,5
55435,2,9
55436,4,8
55437,3,2
55438,5,8
55439,2,7
55440,4,3
55441,2,9
55442,4,5
55443,3,2
55444,2,7
55445,6,8
55446,2,7
55447,0,6
55448,2,7
55449,9,1
55450,4,5
55451,2,8
55452,2,7
55453,4,5
55454,5,9
55455,4,5
55456,9,6
55457,7,0
55458,8,6
55459,4,5
55460,4,5
55461,1,3
55462,4,8
55463,4,5
55464,5,9
55465,2,9
55466,2,7
55467,2,7
55468,8,9
55469,5,4
55470,4,3
55471,1,8
55472,4,3
55473,2,9
55474,4,3
55475,0,6
55476,2,7
55477,2,9
55478,2,1
55479,7,0
55480,2,7
55481,8,0
55482,4,3
55483,9,6
55484,7,0
55485,4,3
55486,2,7
55487,7,0
55488,4,3
55489,0,5
55490,8,4
55491,3,8
55492,2,7
55493,2,9
55494,2,7
55495,9,1
55496,8,9
55497,6,8
55498,4,5
55499,2,1
55500,5,1
55501,7,0
55502,5,1
55503,0,0
55504,1,2
55505,1,1
55506,0,5
55507,1,2
55508,3,2
55509,1,3
55510,2,9
55511,5,4
55512,9,6
55513,3,5
55514,2,7
55515,0,6
55516,5,4
55517,2,7
55518,2,7
55519,6,8
55520,9,6
55521,7,0
55522,5,4
55523,1,1
55524,5,1
55525,9,2
55526,1,2
55527,1,3
55528,3,2
55529,5,4
55530,4,8
55531,4,5
55532,5,4
55533,0,6
55534,4,8
55535,2,7
55536,0,6
55537,1,8
55538,5,4
55539,2,9
55540,4,2
55541,8,0
55542,3,2
55543,1,1
55544,2,7
55545,1,2
55546,5,4
55547,3,3
55548,4,3
55549,5,4
55550,3,3
55551,0,6
55552,5,4
55553,2,7
55554,4,5
55555,1,8
55556,7,0
55557,5,8
55558,9,6
55559,1,2
55560,2,7
55561,0,6
55562,2,7
55563,2,9
55564,5,4
55565,0,6
55566,4,3
55567,5,1
55568,5,9
55569,2,9
55570,5,9
55571,2,9
55572,4,5
55573,2,9
55574,5,1
55575,5,4
55576,7,0
55577,5,4
55578,4,8
55579,3,3
55580,4,3
55581,3,8
55582,7,0
55583,5,1
55584,9,6
55585,5,4
55586,5,8
55587,1,1
55588,8,0
55589,1,2
55590,0,6
55591,1,5
55592,4,3
55593,7,0
55594,2,1
55595,2,9
55596,5,1
55597,5,4
55598,2,4
55599,2,9
55600,2,9
55601,5,1
55602,4,5
55603,2,7
55604,5,8
55605,5,4
55606,5,8
55607,5,4
55608,2,7
55609,5,1
55610,4,8
55611,4,8
55612,4,9
55613,2,7
55614,5,8
55615,9,6
55616,8,6
55617,7,0
55618,5,8
55619,6,8
55620,2,8
55621,1,1
55622,8,0
55623,6,8
55624,7,0
55625,1,2
55626,8,6
55627,9,6
55628,4,3
55629,9,2
55630,5,4
55631,7,0
55632,5,8
55633,2,9
55634,5,1
55635,1,1
55636,4,9
55637,1,2
55638,9,6
55639,3,5
55640,4,3
55641,5,4
55642,8,9
55643,0,5
55644,5,1
55645,9,6
55646,8,0
55647,2,7
55648,8,9
55649,3,3
55650,4,8
55651,7,0
55652,2,9
55653,1,2
55654,5,4
55655,1,2
55656,8,0
55657,3,2
55658,5,4
55659,2,7
55660,9,6
55661,3,5
55662,4,2
55663,8,0
55664,7,0
55665,1,3
55666,8,0
55667,3,5
55668,2,7
55669,3,2
55670,9,6
55671,9,1
55672,4,5
55673,5,4
55674,4,8
55675,5,4
55676,5,4
55677,3,3
55678,9,2
55679,7,0
55680,8,0
55681,7,0
55682,7,0
55683,6,8
55684,5,4
55685,3,5
55686,5,1
55687,5,4
55688,4,3
55689,2,7
55690,5,4
55691,2,9
55692,1,2
55693,2,7
55694,3,3
55695,6,8
55696,9,8
55697,6,8
55698,4,3
55699,2,7
55700,2,7
55701,2,9
55702,2,9
55703,0,6
55704,3,2
55705,1,3
55706,4,8
55707,2,1
55708,4,5
55709,2,7
55710,5,1
55711,2,9
55712,4,5
55713,0,6
55714,9,1
55715,1,3
55716,5,1
55717,1,3
55718,4,5
55719,9,1
55720,9,6
55721,0,0
55722,4,5
55723,1,2
55724,2,7
55725,9,6
55726,4,3
55727,0,0
55728,4,5
55729,3,5
55730,5,9
55731,0,6
55732,4,3
55733,6,8
55734,4,5
55735,2,7
55736,5,4
55737,3,3
55738,9,6
55739,3,5
55740,5,1
55741,6,8
55742,9,6
55743,3,3
55744,2,7
55745,7,0
55746,4,3
55747,9,1
55748,4,5
55749,3,2
55750,2,7
55751,3,3
55752,8,0
55753,5,4
55754,9,6
55755,4,5
55756,2,7
55757,9,6
55758,1,3
55759,2,7
55760,0,6
55761,4,8
55762,3,8
55763,5,9
55764,4,8
55765,8,0
55766,4,8
55767,5,1
55768,5,1
55769,3,2
55770,9,6
55771,4,3
55772,4,8
55773,5,4
55774,5,4
55775,3,5
55776,5,4
55777,0,6
55778,2,9
55779,2,7
55780,2,9
55781,6,8
55782,3,2
55783,2,9
55784,5,1
55785,7,0
55786,2,1
55787,5,1
55788,5,4
55789,3,2
55790,1,8
55791,3,3
55792,1,9
55793,5,4
55794,4,5
55795,4,5
55796,4,3
55797,0,6
55798,0,6
55799,2,7
55800,4,5
55801,4,8
55802,2,7
55803,2,9
55804,4,5
55805,8,0
55806,7,0
55807,2,8
55808,1,2
55809,2,7
55810,5,4
55811,4,8
55812,5,4
55813,2,9
55814,5,9
55815,2,9
55816,3,2
55817,7,0
55818,4,5
55819,1,1
55820,0,6
55821,5,4
55822,7,0
55823,3,5
55824,9,6
55825,9,1
55826,2,7
55827,0,6
55828,5,4
55829,2,7
55830,8,0
55831,3,3
55832,1,1
55833,3,2
55834,3,9
55835,2,9
55836,2,2
55837,7,0
55838,4,5
55839,4,5
55840,7,0
55841,0,6
55842,2,7
55843,2,7
55844,3,3
55845,3,3
55846,5,1
55847,2,9
55848,2,7
55849,2,9
55850,2,9
55851,3,3
55852,4,8
55853,4,8
55854,2,7
55855,5,1
55856,2,9
55857,3,2
55858,4,3
55859,2,9
55860,5,4
55861,0,6
55862,5,2
55863,2,7
55864,4,3
55865,3,5
55866,4,3
55867,0,6
55868,3,8
55869,3,3
55870,1,1
55871,4,5
55872,5,4
55873,8,0
55874,3,3
55875,4,5
55876,4,3
55877,5,4
55878,4,5
55879,7,0
55880,4,8
55881,3,3
55882,2,7
55883,5,4
55884,5,9
55885,2,7
55886,4,5
55887,2,7
55888,2,1
55889,5,9
55890,8,0
55891,5,4
55892,8,0
55893,3,3
55894,4,5
55895,2,7
55896,2,7
55897,0,6
55898,5,4
55899,3,2
55900,9,6
55901,1,1
55902,4,5
55903,3,5
55904,0,6
55905,4,5
55906,7,2
55907,7,0
55908,4,5
55909,3,5
55910,4,5
55911,7,0
55912,1,2
55913,9,6
55914,4,3
55915,2,7
55916,2,7
55917,7,0
55918,2,7
55919,3,2
55920,2,1
55921,2,9
55922,7,0
55923,3,3
55924,5,4
55925,5,4
55926,4,3
55927,5,4
55928,2,7
55929,4,8
55930,5,4
55931,9,1
55932,3,3
55933,3,2
55934,2,7
55935,3,2
55936,9,6
55937,3,3
55938,2,9
55939,9,1
55940,4,8
55941,3,3
55942,0,6
55943,9,6
55944,5,4
55945,2,7
55946,3,8
55947,3,3
55948,5,4
55949,2,9
55950,3,2
55951,0,6
55952,4,2
55953,3,5
55954,5,4
55955,1,1
55956,9,6
55957,2,9
55958,4,5
55959,4,8
55960,4,3
55961,1,1
55962,4,3
55963,1,1
55964,5,4
55965,4,5
55966,4,3
55967,7,0
55968,2,8
55969,3,2
55970,5,9
55971,2,7
55972,9,2
55973,5,8
55974,4,3
55975,9,6
55976,5,4
55977,9,6
55978,5,9
55979,5,8
55980,4,5
55981,5,4
55982,9,2
55983,5,4
55984,9,6
55985,3,2
55986,7,0
55987,3,2
55988,5,1
55989,6,8
55990,5,4
55991,7,0
55992,2,9
55993,7,0
55994,9,6
55995,1,1
55996,3,2
55997,3,2
55998,4,3
55999,3,3
56000,5,1
56001,4,8
56002,4,5
56003,2,9
56004,9,8
56005,7,0
56006,4,3
56007,5,1
56008,4,3
56009,3,2
56010,5,1
56011,5,4
56012,4,3
56013,4,5
56014,3,5
56015,0,6
56016,5,1
56017,2,7
56018,5,9
56019,6,8
56020,5,1
56021,2,9
56022,9,6
56023,7,0
56024,4,5
56025,5,1
56026,4,8
56027,7,2
56028,2,7
56029,3,3
56030,2,7
56031,5,4
56032,4,5
56033,4,5
56034,2,7
56035,0,6
56036,4,5
56037,2,7
56038,4,5
56039,3,8
56040,9,2
56041,2,9
56042,2,7
56043,3,3
56044,9,6
56045,4,5
56046,5,1
56047,3,3
56048,5,1
56049,7,2
56050,0,0
56051,2,9
56052,2,7
56053,3,3
56054,4,5
56055,3,2
56056,5,8
56057,9,1
56058,2,7
56059,5,4
56060,5,4
56061,4,5
56062,5,9
56063,3,5
56064,2,7
56065,3,2
56066,5,7
56067,1,3
56068,5,8
56069,3,2
56070,4,8
56071,9,1
56072,5,4
56073,3,3
56074,2,7
56075,2,9
56076,5,7
56077,2,7
56078,5,9
56079,3,2
56080,5,4
56081,9,1
56082,5,8
56083,3,2
56084,5,4
56085,6,8
56086,2,7
56087,2,9
56088,3,2
56089,9,1
56090,2,9
56091,3,8
56092,2,9
56093,3,8
56094,5,4
56095,2,7
56096,2,7
56097,3,8
56098,8,6
56099,9,1
56100,3,2
56101,7,0
56102,5,9
56103,7,0
56104,3,2
56105,0,6
56106,5,4
56107,2,7
56108,4,5
56109,2,7
56110,5,1
56111,2,7
56112,2,7
56113,4,5
56114,9,1
56115,0,6
56116,4,5
56117,2,1
56118,2,9
56119,4,5
56120,3,2
56121,2,7
56122,5,4
56123,9,1
56124,7,0
56125,3,2
56126,3,8
56127,0,5
56128,8,5
56129,7,0
56130,0,6
56131,2,7
56132,2,7
56133,2,9
56134,4,3
56135,2,9
56136,4,3
56137,7,0
56138,2,1
56139,1,3
56140,7,0
56141,3,8
56142,5,4
56143,5,4
56144,9,6
56145,2,8
56146,5,4
56147,5,4
56148,9,6
56149,9,1
56150,5,4
56151,3,8
56152,2,9
56153,0,6
56154,4,2
56155,0,5
56156,2,9
56157,2,9
56158,8,0
56159,7,0
56160,2,7
56161,7,0
56162,9,6
56163,7,0
56164,4,3
56165,3,3
56166,2,9
56167,2,7
56168,3,2
56169,3,1
56170,3,8
56171,0,6
56172,0,6
56173,0,4
56174,8,0
56175,7,2
56176,8,0
56177,9,6
56178,2,9
56179,0,6
56180,4,8
56181,7,0
56182,9,6
56183,5,4
56184,5,4
56185,4,5
56186,9,6
56187,0,4
56188,9,2
56189,3,1
56190,8,4
56191,3,3
56192,2,1
56193,5,8
56194,9,8
56195,0,6
56196,2,7
56197,3,3
56198,4,3
56199,2,9
56200,4,5
56201,2,9
56202,4,5
56203,0,5
56204,4,3
56205,2,9
56206,4,5
56207,3,3
56208,9,1
56209,2,7
56210,9,6
56211,0,6
56212,5,9
56213,7,2
56214,4,5
56215,3,2
56216,2,9
56217,7,0
56218,5,7
56219,8,0
56220,2,7
56221,2,1
56222,3,2
56223,2,2
56224,4,5
56225,4,3
56226,2,1
56227,5,4
56228,4,3
56229,4,5
56230,5,9
56231,9,6
56232,9,6
56233,2,7
56234,4,3
56235,5,8
56236,7,0
56237,5,9
56238,2,9
56239,8,0
56240,9,6
56241,9,1
56242,2,9
56243,9,2
56244,5,4
56245,3,3
56246,4,5
56247,5,4
56248,8,0
56249,4,5
56250,3,8
56251,9,6
56252,2,1
56253,2,7
56254,6,8
56255,3,8
56256,7,0
56257,2,9
56258,5,4
56259,8,0
56260,3,3
56261,9,1
56262,4,5
56263,9,2
56264,3,2
56265,4,3
56266,2,7
56267,5,4
56268,5,4
56269,4,5
56270,2,9
56271,2,9
56272,2,7
56273,9,1
56274,2,7
56275,4,3
56276,5,4
56277,4,5
56278,3,1
56279,5,9
56280,5,4
56281,5,4
56282,1,2
56283,9,1
56284,4,8
56285,2,7
56286,5,8
56287,2,7
56288,4,3
56289,9,2
56290,4,8
56291,5,1
56292,2,9
56293,5,4
56294,2,7
56295,5,8
56296,1,8
56297,3,3
56298,3,2
56299,5,8
56300,8,9
56301,3,2
56302,5,4
56303,5,9
56304,5,9
56305,1,3
56306,4,5
56307,4,8
56308,2,1
56309,4,5
56310,4,5
56311,5,4
56312,3,2
56313,2,8
56314,4,5
56315,5,8
56316,5,4
56317,5,9
56318,8,0
56319,5,4
56320,5,4
56321,3,3
56322,2,8
56323,2,9
56324,4,3
56325,3,2
56326,5,1
56327,4,5
56328,2,1
56329,2,7
56330,5,4
56331,5,4
56332,8,0
56333,5,1
56334,5,4
56335,1,2
56336,5,1
56337,4,3
56338,5,1
56339,4,5
56340,3,2
56341,5,9
56342,9,6
56343,2,1
56344,4,5
56345,9,6
56346,2,7
56347,0,0
56348,5,9
56349,2,1
56350,5,4
56351,8,0
56352,8,0
56353,8,0
56354,2,7
56355,9,2
56356,2,7
56357,4,8
56358,9,6
56359,2,7
56360,0,5
56361,3,2
56362,8,0
56363,4,5
56364,5,4
56365,2,1
56366,4,5
56367,2,1
56368,4,5
56369,5,8
56370,3,5
56371,4,5
56372,4,2
56373,9,6
56374,5,1
56375,5,4
56376,5,4
56377,8,0
56378,5,8
56379,5,4
56380,5,4
56381,2,7
56382,2,7
56383,3,3
56384,5,1
56385,9,6
56386,4,8
56387,6,8
56388,7,0
56389,8,0
56390,2,7
56391,3,3
56392,2,7
56393,2,7
56394,1,2
56395,5,4
56396,4,8
56397,8,0
56398,4,3
56399,9,6
56400,5,4
56401,2,9
56402,3,8
56403,1,2
56404,8,0
56405,9,6
56406,5,4
56407,4,5
56408,5,9
56409,6,8
56410,2,7
56411,9,6
56412,4,8
56413,5,9
56414,2,9
56415,7,0
56416,2,7
56417,5,4
56418,2,7
56419,8,0
56420,4,3
56421,9,6
56422,5,4
56423,2,1
56424,8,0
56425,2,9
56426,2,7
56427,9,2
56428,4,8
56429,8,0
56430,4,8
56431,5,9
56432,2,7
56433,4,5
56434,4,3
56435,9,1
56436,8,0
56437,3,3
56438,2,7
56439,2,7
56440,5,4
56441,0,6
56442,2,9
56443,5,9
56444,8,0
56445,5,4
56446,9,6
56447,5,8
56448,4,3
56449,3,3
56450,8,0
56451,2,7
56452,2,4
56453,2,7
56454,7,0
56455,9,6
56456,9,1
56457,2,3
56458,2,9
56459,8,0
56460,8,0
56461,4,5
56462,2,7
56463,9,6
56464,4,9
56465,1,2
56466,5,9
56467,3,2
56468,4,5
56469,7,0
56470,5,1
56471,5,1
56472,5,7
56473,1,2
56474,4,3
56475,4,3
56476,4,5
56477,5,4
56478,5,9
56479,4,5
56480,8,9
56481,9,6
56482,2,7
56483,2,7
56484,5,4
56485,4,8
56486,2,9
56487,2,9
56488,4,3
56489,8,0
56490,9,1
56491,5,1
56492,4,3
56493,1,2
56494,2,9
56495,4,3
56496,5,4
56497,5,4
56498,5,2
56499,4,5
56500,2,7
56501,9,6
56502,4,8
56503,2,7
56504,4,3
56505,4,8
56506,9,1
56507,5,9
56508,9,2
56509,7,0
56510,2,7
56511,5,1
56512,7,0
56513,1,2
56514,3,2
56515,4,3
56516,5,4
56517,4,5
56518,2,7
56519,9,6
56520,9,6
56521,2,7
56522,7,0
56523,3,8
56524,4,3
56525,4,8
56526,9,6
56527,5,9
56528,3,3
56529,4,5
56530,8,0
56531,2,7
56532,5,4
56533,7,0
56534,2,7
56535,4,3
56536,5,8
56537,2,1
56538,2,1
56539,5,4
56540,3,2
56541,5,1
56542,2,7
56543,2,7
56544,4,8
56545,9,6
56546,2,7
56547,4,5
56548,0,6
56549,9,6
56550,5,4
56551,5,4
56552,9,6
56553,7,2
56554,4,5
56555,2,7
56556,8,0
56557,3,8
56558,1,2
56559,2,1
56560,2,8
56561,1,3
56562,9,6
56563,5,4
56564,5,4
56565,4,3
56566,4,5
56567,2,7
56568,9,6
56569,1,2
56570,8,0
56571,4,5
56572,5,1
56573,0,0
56574,1,3
56575,5,1
56576,2,1
56577,5,9
56578,4,3
56579,3,2
56580,2,9
56581,4,3
56582,9,6
56583,3,2
56584,5,1
56585,3,3
56586,4,5
56587,4,5
56588,2,7
56589,4,5
56590,9,2
56591,2,7
56592,9,6
56593,3,8
56594,6,8
56595,5,4
56596,5,4
56597,5,9
56598,3,2
56599,5,9
56600,4,8
56601,2,7
56602,2,1
56603,5,1
56604,2,7
56605,9,1
56606,8,0
56607,5,9
56608,8,0
56609,8,0
56610,2,1
56611,2,7
56612,3,2
56613,3,8
56614,7,2
56615,4,3
56616,4,3
56617,4,8
56618,2,9
56619,9,6
56620,5,4
56621,3,3
56622,5,9
56623,4,8
56624,4,3
56625,8,0
56626,8,0
56627,5,9
56628,4,8
56629,0,6
56630,4,5
56631,3,2
56632,9,6
56633,2,1
56634,5,9
56635,8,0
56636,4,8
56637,2,1
56638,2,7
56639,8,0
56640,2,7
56641,9,6
56642,5,4
56643,2,2
56644,2,1
56645,4,3
56646,2,4
56647,4,8
56648,8,4
56649,5,9
56650,2,7
56651,7,0
56652,2,7
56653,2,7
56654,4,3
56655,2,2
56656,5,1
56657,3,3
56658,4,5
56659,5,4
56660,9,1
56661,4,5
56662,7,0
56663,4,5
56664,9,2
56665,3,2
56666,4,5
56667,3,8
56668,2,1
56669,4,5
56670,2,7
56671,5,4
56672,2,8
56673,9,6
56674,7,0
56675,9,6
56676,5,4
56677,9,6
56678,0,6
56679,2,7
56680,2,7
56681,5,9
56682,3,2
56683,9,1
56684,5,9
56685,4,8
56686,8,0
56687,3,2
56688,9,1
56689,5,1
56690,2,9
56691,1,2
56692,9,6
56693,9,6
56694,2,7
56695,4,5
56696,2,1
56697,3,3
56698,5,4
56699,5,4
56700,5,4
56701,2,7
56702,5,9
56703,5,9
56704,7,0
56705,5,4
56706,9,6
56707,8,0
56708,5,9
56709,7,0
56710,5,8
56711,4,5
56712,4,5
56713,2,9
56714,9,1
56715,7,0
56716,4,8
56717,1,1
56718,9,6
56719,1,2
56720,4,5
56721,4,3
56722,2,7
56723,5,4
56724,8,0
56725,4,5
56726,2,9
56727,9,6
56728,5,1
56729,2,7
56730,4,3
56731,4,8
56732,4,5
56733,5,9
56734,5,1
56735,7,0
56736,9,6
56737,5,1
56738,4,3
56739,1,2
56740,5,4
56741,4,3
56742,5,9
56743,5,4
56744,9,1
56745,4,5
56746,9,6
56747,9,6
56748,4,5
56749,2,7
56750,1,1
56751,3,8
56752,4,2
56753,5,9
56754,4,3
56755,7,0
56756,2,7
56757,1,1
56758,5,4
56759,1,2
56760,5,9
56761,4,3
56762,3,2
56763,5,4
56764,9,1
56765,4,5
56766,8,0
56767,0,6
56768,2,1
56769,2,7
56770,5,4
56771,9,8
56772,5,1
56773,2,9
56774,5,9
56775,8,0
56776,4,3
56777,8,0
56778,7,0
56779,9,1
56780,2,7
56781,7,0
56782,4,5
56783,9,1
56784,5,4
56785,3,2
56786,4,5
56787,2,7
56788,5,9
56789,4,5
56790,4,6
56791,4,3
56792,2,9
56793,5,4
56794,2,7
56795,1,2
56796,9,6
56797,5,4
56798,2,7
56799,5,4
56800,4,9
56801,8,0
56802,5,4
56803,8,0
56804,4,5
56805,9,6
56806,2,7
56807,5,9
56808,5,4
56809,9,6
56810,3,1
56811,9,6
56812,4,5
56813,9,5
56814,2,7
56815,2,7
56816,2,7
56817,4,3
56818,5,4
56819,9,2
56820,4,3
56821,3,2
56822,2,7
56823,4,3
56824,6,2
56825,5,4
56826,5,4
56827,5,4
56828,2,7
56829,5,9
56830,0,6
56831,5,1
56832,2,7
56833,5,4
56834,2,1
56835,8,0
56836,2,1
56837,2,7
56838,8,5
56839,8,9
56840,0,6
56841,2,7
56842,9,8
56843,3,5
56844,2,7
56845,9,6
56846,2,7
56847,9,2
56848,9,2
56849,3,3
56850,2,7
56851,5,1
56852,4,5
56853,5,4
56854,9,6
56855,5,4
56856,5,4
56857,8,0
56858,4,8
56859,5,9
56860,4,5
56861,2,9
56862,9,6
56863,9,6
56864,9,2
56865,9,1
56866,4,8
56867,3,8
56868,8,0
56869,4,3
56870,9,1
56871,3,3
56872,3,8
56873,2,7
56874,2,8
56875,4,3
56876,9,2
56877,5,9
56878,5,6
56879,3,8
56880,2,7
56881,6,8
56882,5,1
56883,2,9
56884,5,9
56885,9,6
56886,5,4
56887,3,8
56888,2,7
56889,5,8
56890,4,5
56891,6,8
56892,2,7
56893,5,4
56894,4,8
56895,2,7
56896,5,9
56897,2,7
56898,4,5
56899,9,6
56900,2,7
56901,9,2
56902,5,1
56903,9,1
56904,9,6
56905,5,9
56906,2,9
56907,3,8
56908,8,0
56909,2,7
56910,5,1
56911,4,8
56912,2,1
56913,6,8
56914,8,0
56915,2,7
56916,9,6
56917,9,2
56918,9,6
56919,3,2
56920,2,7
56921,4,3
56922,3,2
56923,5,9
56924,2,7
56925,4,3
56926,1,2
56927,4,3
56928,4,5
56929,8,0
56930,2,9
56931,2,7
56932,2,7
56933,5,9
56934,1,3
56935,4,5
56936,9,6
56937,9,6
56938,4,5
56939,9,5
56940,8,0
56941,8,0
56942,7,0
56943,9,6
56944,5,9
56945,2,1
56946,5,4
56947,4,5
56948,5,9
56949,7,0
56950,8,0
56951,5,4
56952,5,8
56953,1,1
56954,8,0
56955,2,1
56956,4,8
56957,1,2
56958,5,4
56959,3,8
56960,2,1
56961,1,2
56962,4,5
56963,9,6
56964,9,6
56965,1,1
56966,3,3
56967,4,5
56968,7,0
56969,7,0
56970,5,4
56971,2,1
56972,9,6
56973,3,2
56974,4,3
56975,3,3
56976,4,8
56977,5,4
56978,4,8
56979,4,5
56980,5,1
56981,0,6
56982,4,5
56983,2,7
56984,7,0
56985,6,8
56986,2,1
56987,2,9
56988,9,6
56989,7,0
56990,4,5
56991,9,1
56992,6,7
56993,3,2
56994,4,3
56995,4,3
56996,2,9
56997,5,4
56998,9,2
56999,4,5
57000,8,0
57001,3,8
57002,5,4
57003,7,0
57004,4,3
57005,2,1
57006,5,9
57007,3,2
57008,2,9
57009,3,3
57010,9,6
57011,5,4
57012,0,6
57013,4,5
57014,5,1
57015,0,6
57016,4,3
57017,2,7
57018,2,9
57019,3,8
57020,7,0
57021,4,8
57022,2,1
57023,9,6
57024,5,9
57025,4,5
57026,5,4
57027,7,0
57028,4,5
57029,9,6
57030,4,8
57031,5,8
57032,2,7
57033,2,9
57034,8,0
57035,5,4
57036,9,6
57037,2,1
57038,5,8
57039,2,9
57040,3,3
57041,0,0
57042,5,8
57043,5,4
57044,2,7
57045,3,8
57046,9,1
57047,2,9
57048,2,7
57049,2,1
57050,5,9
57051,5,4
57052,5,9
57053,0,0
57054,4,8
57055,3,5
57056,4,3
57057,2,1
57058,5,1
57059,5,4
57060,3,8
57061,7,0
57062,4,8
57063,2,7
57064,8,0
57065,0,6
57066,2,7
57067,7,0
57068,8,0
57069,9,1
57070,4,8
57071,2,7
57072,2,9
57073,7,0
57074,2,7
57075,0,6
57076,5,4
57077,3,8
57078,2,7
57079,2,9
57080,3,8
57081,4,5
57082,5,4
57083,2,7
57084,4,8
57085,2,9
57086,5,2
57087,6,8
57088,4,5
57089,0,6
57090,2,8
57091,7,0
57092,7,0
57093,3,8
57094,2,1
57095,9,1
57096,5,2
57097,2,7
57098,2,7
57099,2,7
57100,2,9
57101,9,1
57102,5,4
57103,3,3
57104,1,2
57105,3,2
57106,4,5
57107,3,3
57108,4,8
57109,2,1
57110,2,7
57111,5,4
57112,3,2
57113,3,2
57114,5,4
57115,7,0
57116,2,8
57117,7,0
57118,5,8
57119,2,7
57120,7,0
57121,6,8
57122,9,6
57123,5,4
57124,4,5
57125,0,6
57126,5,4
57127,5,4
57128,4,5
57129,2,9
57130,3,2
57131,1,3
57132,4,5
57133,3,8
57134,2,7
57135,5,4
57136,4,5
57137,2,7
57138,9,6
57139,3,2
57140,9,6
57141,4,3
57142,3,2
57143,9,6
57144,5,4
57145,2,9
57146,5,4
57147,9,6
57148,5,9
57149,3,3
57150,2,7
57151,3,2
57152,2,9
57153,3,2
57154,8,0
57155,5,4
57156,4,5
57157,0,6
57158,9,6
57159,5,9
57160,2,1
57161,7,0
57162,8,0
57163,3,2
57164,4,8
57165,4,5
57166,4,3
57167,4,5
57168,4,5
57169,9,1
57170,2,1
57171,3,3
57172,4,3
57173,3,3
57174,4,8
57175,2,9
57176,8,0
57177,2,7
57178,2,7
57179,6,8
57180,4,5
57181,2,7
57182,4,5
57183,3,2
57184,5,4
57185,7,2
57186,8,0
57187,2,9
57188,2,7
57189,6,8
57190,5,1
57191,3,2
57192,5,1
57193,9,1
57194,1,3
57195,3,3
57196,2,7
57197,9,1
57198,9,6
57199,3,3
57200,4,8
57201,7,0
57202,8,0
57203,5,1
57204,2,7
57205,3,2
57206,2,9
57207,3,3
57208,5,4
57209,5,4
57210,4,8
57211,3,5
57212,1,8
57213,9,6
57214,7,0
57215,2,7
57216,2,8
57217,3,8
57218,9,6
57219,2,9
57220,5,1
57221,7,0
57222,5,1
57223,5,1
57224,5,4
57225,3,2
57226,8,6
57227,3,3
57228,5,4
57229,5,4
57230,2,7
57231,3,5
57232,4,5
57233,0,6
57234,4,5
57235,2,7
57236,5,9
57237,3,8
57238,6,8
57239,2,9
57240,4,5
57241,7,0
57242,4,5
57243,5,1
57244,4,8
57245,6,2
57246,5,9
57247,3,3
57248,4,5
57249,5,4
57250,5,1
57251,3,5
57252,8,0
57253,0,6
57254,0,6
57255,2,7
57256,4,5
57257,6,8
57258,2,9
57259,2,9
57260,9,6
57261,0,0
57262,3,2
57263,3,8
57264,4,3
57265,3,3
57266,2,1
57267,2,9
57268,5,1
57269,3,5
57270,2,2
57271,3,5
57272,2,1
57273,3,2
57274,5,9
57275,0,6
57276,1,8
57277,6,8
57278,3,3
57279,5,4
57280,2,7
57281,2,9
57282,2,7
57283,3,1
57284,3,2
57285,2,7
57286,2,7
57287,9,1
57288,8,0
57289,3,2
57290,5,9
57291,3,3
57292,2,7
57293,3,5
57294,2,9
57295,6,9
57296,8,0
57297,0,6
57298,8,0
57299,2,9
57300,3,3
57301,2,1
57302,4,5
57303,2,1
57304,4,8
57305,2,1
57306,1,3
57307,3,2
57308,4,3
57309,2,9
57310,2,1
57311,3,5
57312,4,3
57313,0,6
57314,9,6
57315,6,8
57316,6,8
57317,9,1
57318,4,8
57319,3,2
57320,4,5
57321,7,0
57322,5,1
57323,2,7
57324,4,8
57325,2,7
57326,8,0
57327,3,5
57328,5,4
57329,6,8
57330,4,5
57331,3,2
57332,4,8
57333,2,9
57334,5,7
57335,3,8
57336,4,3
57337,2,7
57338,4,2
57339,2,1
57340,5,1
57341,3,3
57342,8,2
57343,5,4
57344,2,7
57345,3,5
57346,4,6
57347,0,6
57348,4,8
57349,7,0
57350,2,7
57351,3,3
57352,4,8
57353,0,6
57354,5,4
57355,6,8
57356,7,0
57357,2,7
57358,3,2
57359,7,0
57360,9,6
57361,5,4
57362,2,1
57363,3,2
57364,8,0
57365,2,7
57366,4,2
57367,2,7
57368,5,4
57369,3,5
57370,5,4
57371,5,4
57372,2,7
57373,3,3
57374,2,9
57375,5,4
57376,2,7
57377,3,2
57378,2,1
57379,6,8
57380,5,7
57381,5,1
57382,5,4
57383,3,5
57384,8,0
57385,9,1
57386,2,7
57387,9,2
57388,9,2
57389,5,4
57390,7,0
57391,3,3
57392,4,8
57393,7,0
57394,3,2
57395,7,0
57396,4,3
57397,7,0
57398,5,2
57399,3,3
57400,2,1
57401,1,3
57402,3,3
57403,3,5
57404,4,8
57405,2,7
57406,2,9
57407,8,0
57408,7,0
57409,0,6
57410,2,1
57411,3,8
57412,5,1
57413,0,6
57414,2,7
57415,3,3
57416,9,2
57417,5,4
57418,2,1
57419,0,6
57420,8,0
57421,2,9
57422,5,4
57423,2,9
57424,4,3
57425,6,8
57426,1,3
57427,3,2
57428,2,9
57429,2,7
57430,5,1
57431,2,7
57432,2,9
57433,0,1
57434,4,8
57435,7,0
57436,5,1
57437,2,1
57438,9,6
57439,3,2
57440,9,1
57441,3,3
57442,9,2
57443,5,4
57444,2,9
57445,2,7
57446,9,2
57447,3,8
57448,3,2
57449,2,9
57450,4,8
57451,3,0
57452,2,9
57453,0,1
57454,2,1
57455,3,2
57456,9,6
57457,3,3
57458,2,7
57459,5,4
57460,2,1
57461,0,5
57462,2,5
57463,0,6
57464,5,1
57465,2,7
57466,5,4
57467,3,8
57468,4,3
57469,2,9
57470,4,5
57471,7,0
57472,4,3
57473,3,1
57474,4,3
57475,3,2
57476,2,9
57477,3,3
57478,1,2
57479,2,7
57480,4,5
57481,3,8
57482,5,4
57483,2,9
57484,8,8
57485,2,7
57486,3,0
57487,2,9
57488,3,3
57489,4,5
57490,0,6
57491,0,0
57492,4,3
57493,6,8
57494,8,0
57495,3,3
57496,3,2
57497,0,5
57498,0,6
57499,5,4
57500,1,2
57501,3,8
57502,2,7
57503,9,2
57504,2,7
57505,3,1
57506,3,2
57507,0,0
57508,9,6
57509,3,2
57510,4,5
57511,0,5
57512,5,7
57513,6,8
57514,9,6
57515,3,8
57516,5,1
57517,5,1
57518,0,6
57519,0,6
57520,3,2
57521,9,1
57522,4,3
57523,3,3
57524,5,4
57525,7,0
57526,2,7
57527,3,3
57528,4,5
57529,0,6
57530,5,4
57531,2,9
57532,4,8
57533,3,3
57534,2,7
57535,2,7
57536,8,0
57537,5,4
57538,5,4
57539,2,9
57540,1,7
57541,2,7
57542,8,0
57543,7,0
57544,5,4
57545,2,9
57546,2,7
57547,2,7
57548,5,4
57549,2,7
57550,2,7
57551,2,9
57552,2,1
57553,0,5
57554,0,6
57555,2,7
57556,2,7
57557,0,6
57558,7,0
57559,5,4
57560,2,7
57561,3,8
57562,3,8
57563,2,9
57564,2,7
57565,0,6
57566,4,5
57567,2,9
57568,4,3
57569,5,4
57570,2,7
57571,9,1
57572,2,7
57573,3,2
57574,9,2
57575,0,0
57576,2,7
57577,0,6
57578,9,6
57579,9,1
57580,5,8
57581,2,7
57582,5,4
57583,3,2
57584,4,3
57585,5,4
57586,8,0
57587,0,6
57588,3,2
57589,5,4
57590,5,9
57591,0,6
57592,3,2
57593,3,5
57594,1,3
57595,0,0
57596,5,8
57597,3,2
57598,4,3
57599,2,1
57600,2,7
57601,3,0
57602,3,8
57603,5,1
57604,1,2
57605,3,2
57606,3,2
57607,2,1
57608,4,3
57609,2,7
57610,4,5
57611,6,8
57612,4,3
57613,5,1
57614,2,1
57615,3,2
57616,4,8
57617,3,8
57618,1,8
57619,3,2
57620,3,2
57621,2,7
57622,9,6
57623,2,9
57624,7,2
57625,1,3
57626,3,2
57627,2,9
57628,8,2
57629,7,0
57630,5,4
57631,9,1
57632,3,2
57633,9,2
57634,7,0
57635,4,3
57636,2,9
57637,5,4
57638,2,9
57639,4,5
57640,4,8
57641,9,6
57642,8,0
57643,2,7
57644,2,1
57645,8,0
57646,2,7
57647,2,1
57648,4,8
57649,9,2
57650,7,0
57651,3,3
57652,2,7
57653,2,7
57654,1,2
57655,2,8
57656,9,6
57657,2,9
57658,3,2
57659,7,0
57660,4,3
57661,9,1
57662,9,5
57663,2,7
57664,5,8
57665,2,8
57666,3,8
57667,2,9
57668,1,8
57669,9,2
57670,5,9
57671,4,5
57672,2,7
57673,9,1
57674,2,9
57675,0,6
57676,2,7
57677,5,4
57678,4,8
57679,3,3
57680,1,3
57681,2,9
57682,8,0
57683,4,9
57684,5,1
57685,7,0
57686,8,0
57687,5,4
57688,5,9
57689,3,3
57690,5,4
57691,9,6
57692,2,7
57693,7,0
57694,3,2
57695,0,0
57696,4,8
57697,1,8
57698,4,3
57699,2,9
57700,7,0
57701,1,8
57702,5,7
57703,2,7
57704,5,4
57705,7,0
57706,5,4
57707,7,0
57708,5,4
57709,5,4
57710,4,5
57711,5,1
57712,5,4
57713,5,4
57714,9,1
57715,9,1
57716,3,2
57717,4,3
57718,5,7
57719,9,6
57720,7,0
57721,5,4
57722,2,1
57723,2,7
57724,5,4
57725,2,7
57726,9,2
57727,7,0
57728,8,9
57729,2,9
57730,8,0
57731,4,8
57732,4,9
57733,5,4
57734,1,3
57735,4,3
57736,9,8
57737,2,8
57738,5,1
57739,3,3
57740,2,1
57741,1,8
57742,9,6
57743,3,5
57744,5,9
57745,3,8
57746,7,0
57747,5,4
57748,2,7
57749,5,1
57750,1,3
57751,2,7
57752,1,2
57753,2,9
57754,0,6
57755,2,2
57756,9,6
57757,7,0
57758,9,6
57759,2,9
57760,7,0
57761,2,1
57762,4,3
57763,2,7
57764,9,6
57765,3,3
57766,3,3
57767,2,8
57768,8,5
57769,8,0
57770,0,6
57771,3,3
57772,6,8
57773,1,8
57774,2,7
57775,2,1
57776,5,9
57777,0,6
57778,2,1
57779,5,4
57780,5,1
57781,3,3
57782,2,9
57783,9,6
57784,7,0
57785,9,1
57786,2,9
57787,4,5
57788,4,3
57789,0,5
57790,1,2
57791,9,6
57792,2,7
57793,4,5
57794,5,9
57795,8,0
57796,5,9
57797,2,1
57798,8,0
57799,3,2
57800,4,8
57801,3,3
57802,9,6
57803,5,4
57804,4,3
57805,4,5
57806,1,3
57807,9,6
57808,8,2
57809,2,7
57810,8,0
57811,8,0
57812,4,5
57813,5,1
57814,4,5
57815,3,2
57816,5,1
57817,3,3
57818,4,5
57819,5,4
57820,4,3
57821,4,5
57822,1,0
57823,9,6
57824,4,5
57825,2,7
57826,4,8
57827,8,0
57828,2,7
57829,2,1
57830,9,1
57831,3,2
57832,4,8
57833,4,3
57834,5,1
57835,5,4
57836,2,7
57837,4,5
57838,3,2
57839,2,7
57840,5,4
57841,5,4
57842,9,6
57843,8,0
57844,5,4
57845,5,4
57846,9,6
57847,8,0
57848,4,5
57849,2,1
57850,0,6
57851,2,7
57852,4,5
57853,4,5
57854,5,9
57855,2,1
57856,4,3
57857,5,4
57858,2,7
57859,3,2
57860,9,6
57861,5,4
57862,5,4
57863,4,3
57864,4,3
57865,9,1
57866,2,7
57867,2,7
57868,4,3
57869,2,8
57870,2,8
57871,3,2
57872,3,3
57873,5,4
57874,2,9
57875,5,4
57876,3,2
57877,4,3
57878,3,2
57879,4,3
57880,5,9
57881,9,6
57882,8,0
57883,9,6
57884,2,7
57885,2,7
57886,3,3
57887,8,0
57888,5,1
57889,9,2
57890,3,2
57891,9,6
57892,5,4
57893,4,3
57894,2,2
57895,5,9
57896,2,9
57897,4,3
57898,7,8
57899,9,2
57900,4,5
57901,4,8
57902,4,5
57903,5,1
57904,3,2
57905,2,7
57906,9,1
57907,8,0
57908,3,2
57909,4,3
57910,4,2
57911,9,2
57912,8,0
57913,5,9
57914,4,3
57915,5,4
57916,8,0
57917,8,0
57918,4,8
57919,4,3
57920,4,3
57921,2,7
57922,2,8
57923,2,7
57924,8,0
57925,2,7
57926,4,5
57927,2,7
57928,1,2
57929,2,1
57930,4,2
57931,2,1
57932,4,3
57933,9,2
57934,5,4
57935,9,6
57936,3,2
57937,5,4
57938,5,4
57939,3,2
57940,5,4
57941,4,3
57942,4,5
57943,9,6
57944,4,5
57945,9,6
57946,5,4
57947,4,5
57948,5,1
57949,2,7
57950,5,4
57951,4,5
57952,4,3
57953,7,2
57954,9,6
57955,5,8
57956,1,2
57957,2,1
57958,2,7
57959,9,6
57960,5,1
57961,2,1
57962,7,0
57963,7,0
57964,9,2
57965,5,4
57966,1,2
57967,4,3
57968,5,1
57969,5,1
57970,2,7
57971,9,6
57972,5,4
57973,2,1
57974,1,3
57975,5,9
57976,2,2
57977,0,0
57978,2,7
57979,5,1
57980,2,7
57981,1,2
57982,4,5
57983,4,3
57984,5,8
57985,5,4
57986,2,9
57987,4,5
57988,6,8
57989,9,6
57990,1,3
57991,2,7
57992,1,2
57993,4,8
57994,9,6
57995,7,0
57996,2,7
57997,2,1
57998,5,1
57999,3,2
58000,3,2
58001,4,3
58002,7,0
58003,5,4
58004,5,9
58005,4,5
58006,5,9
58007,9,6
58008,2,1
58009,2,7
58010,9,6
58011,4,8
58012,7,0
58013,2,9
58014,2,0
58015,7,0
58016,9,6
58017,2,1
58018,5,4
58019,3,2
58020,4,8
58021,3,3
58022,2,1
58023,5,4
58024,5,8
58025,4,5
58026,3,2
58027,9,6
58028,4,8
58029,2,7
58030,7,2
58031,4,8
58032,3,2
58033,2,1
58034,2,9
58035,7,0
58036,8,0
58037,5,4
58038,8,0
58039,4,5
58040,4,5
58041,9,6
58042,2,7
58043,9,6
58044,3,2
58045,4,3
58046,6,8
58047,5,4
58048,4,3
58049,5,4
58050,4,6
58051,2,1
58052,5,1
58053,8,0
58054,5,9
58055,9,6
58056,2,1
58057,5,4
58058,4,8
58059,2,9
58060,1,2
58061,2,7
58062,7,0
58063,3,2
58064,4,3
58065,4,3
58066,5,4
58067,4,3
58068,1,2
58069,2,9
58070,4,8
58071,3,2
58072,9,1
58073,8,0
58074,8,0
58075,2,9
58076,5,9
58077,3,3
58078,2,7
58079,4,3
58080,4,3
58081,2,9
58082,2,1
58083,9,1
58084,3,3
58085,3,5
58086,4,3
58087,3,2
58088,2,9
58089,3,3
58090,2,7
58091,2,1
58092,5,7
58093,9,6
58094,2,7
58095,2,7
58096,5,9
58097,1,3
58098,1,2
58099,2,7
58100,3,8
58101,5,4
58102,8,0
58103,3,2
58104,9,2
58105,5,4
58106,2,7
58107,3,8
58108,8,0
58109,2,7
58110,7,0
58111,0,6
58112,2,9
58113,3,3
58114,3,2
58115,9,6
58116,8,0
58117,4,5
58118,2,7
58119,0,5
58120,2,1
58121,7,0
58122,4,8
58123,2,1
58124,9,6
58125,2,7
58126,3,2
58127,2,9
58128,2,7
58129,2,9
58130,4,5
58131,2,8
58132,2,9
58133,0,6
58134,3,5
58135,9,2
58136,0,6
58137,3,2
58138,4,8
58139,9,1
58140,2,7
58141,4,5
58142,4,5
58143,2,7
58144,4,3
58145,0,5
58146,7,0
58147,9,1
58148,3,1
58149,3,3
58150,4,8
58151,5,4
58152,2,9
58153,5,4
58154,3,5
58155,2,1
58156,3,8
58157,0,6
58158,3,8
58159,2,9
58160,7,0
58161,5,1
58162,7,2
58163,4,3
58164,5,4
58165,4,5
58166,9,6
58167,2,7
58168,6,8
58169,2,9
58170,7,0
58171,9,1
58172,7,2
58173,4,3
58174,5,4
58175,4,5
58176,9,6
58177,2,7
58178,3,8
58179,2,9
58180,7,0
58181,9,1
58182,7,2
58183,4,3
58184,5,4
58185,2,7
58186,6,8
58187,2,9
58188,2,7
58189,5,1
58190,4,5
58191,0,6
58192,7,2
58193,4,5
58194,5,4
58195,3,8
58196,2,1
58197,2,7
58198,9,1
58199,7,8
58200,3,3
58201,3,8
58202,2,7
58203,9,1
58204,2,7
58205,2,7
58206,7,0
58207,5,1
58208,5,4
58209,5,4
58210,5,4
58211,5,4
58212,5,4
58213,2,9
58214,2,7
58215,7,2
58216,0,6
58217,4,5
58218,5,4
58219,4,3
58220,4,8
58221,2,7
58222,2,9
58223,8,0
58224,9,6
58225,5,4
58226,0,6
58227,3,3
58228,2,7
58229,7,0
58230,5,1
58231,5,4
58232,3,8
58233,3,8
58234,9,1
58235,7,2
58236,5,9
58237,3,3
58238,2,1
58239,4,8
58240,5,4
58241,7,2
58242,5,9
58243,5,9
58244,3,2
58245,2,9
58246,9,6
58247,8,0
58248,4,5
58249,3,3
58250,4,3
58251,9,6
58252,3,3
58253,9,1
58254,3,2
58255,4,5
58256,8,0
58257,3,3
58258,2,7
58259,9,6
58260,5,1
58261,4,5
58262,4,5
58263,2,9
58264,2,9
58265,7,0
58266,2,1
58267,3,2
58268,4,3
58269,5,4
58270,4,5
58271,0,6
58272,2,7
58273,3,8
58274,2,9
58275,7,0
58276,2,1
58277,3,2
58278,3,3
58279,5,4
58280,4,5
58281,0,6
58282,2,7
58283,6,8
58284,2,9
58285,0,0
58286,2,1
58287,3,2
58288,3,3
58289,0,4
58290,0,5
58291,0,6
58292,2,7
58293,6,8
58294,2,9
58295,0,6
58296,3,8
58297,3,2
58298,4,3
58299,2,7
58300,5,4
58301,0,6
58302,3,8
58303,0,6
58304,0,6
58305,3,8
58306,7,0
58307,0,1
58308,2,7
58309,2,1
58310,2,7
58311,1,3
58312,4,5
58313,3,0
58314,3,2
58315,3,2
58316,0,0
58317,9,2
58318,0,5
58319,5,4
58320,3,1
58321,4,5
58322,3,1
58323,3,2
58324,3,3
58325,5,4
58326,6,8
58327,3,3
58328,3,3
58329,0,6
58330,4,5
58331,2,9
58332,2,9
58333,3,3
58334,6,8
58335,2,1
58336,3,3
58337,2,7
58338,2,9
58339,3,3
58340,5,4
58341,2,1
58342,2,7
58343,3,3
58344,2,9
58345,0,6
58346,2,7
58347,5,4
58348,2,9
58349,2,7
58350,7,0
58351,2,9
58352,0,6
58353,7,0
58354,0,6
58355,9,1
58356,7,0
58357,4,5
58358,3,8
58359,4,5
58360,7,0
58361,9,1
58362,7,0
58363,2,9
58364,5,4
58365,0,5
58366,2,9
58367,2,7
58368,3,1
58369,2,9
58370,0,6
58371,3,8
58372,2,9
58373,9,2
58374,6,8
58375,4,5
58376,8,0
58377,5,1
58378,3,2
58379,4,3
58380,5,4
58381,4,5
58382,9,6
58383,2,7
58384,3,8
58385,2,9
58386,7,0
58387,1,1
58388,3,2
58389,4,3
58390,5,4
58391,2,5
58392,9,6
58393,2,7
58394,8,8
58395,8,9
58396,8,0
58397,5,1
58398,3,2
58399,1,3
58400,5,4
58401,8,9
58402,8,0
58403,4,5
58404,9,6
58405,3,8
58406,4,3
58407,2,9
58408,8,0
58409,3,2
58410,4,3
58411,4,3
58412,4,3
58413,3,9
58414,2,5
58415,9,6
58416,5,4
58417,5,4
58418,3,2
58419,2,5
58420,5,4
58421,4,3
58422,8,9
58423,9,6
58424,3,8
58425,2,7
58426,2,9
58427,9,1
58428,6,5
58429,3,2
58430,9,6
58431,4,3
58432,5,4
58433,5,4
58434,2,1
58435,9,6
58436,5,4
58437,8,9
58438,9,6
58439,4,5
58440,1,1
58441,3,2
58442,9,6
58443,0,6
58444,2,7
58445,8,8
58446,4,8
58447,5,1
58448,4,8
58449,4,3
58450,2,7
58451,2,1
58452,3,2
58453,2,7
58454,7,0
58455,2,7
58456,2,5
58457,8,0
58458,7,0
58459,5,1
58460,4,5
58461,7,0
58462,7,0
58463,5,4
58464,9,8
58465,1,3
58466,1,1
58467,3,8
58468,3,2
58469,2,9
58470,9,9
58471,6,5
58472,3,2
58473,9,6
58474,5,4
58475,4,8
58476,9,2
58477,4,5
58478,5,4
58479,5,1
58480,2,7
58481,5,1
58482,5,4
58483,4,3
58484,8,9
58485,2,7
58486,9,1
58487,3,2
58488,9,6
58489,7,0
58490,2,7
58491,1,3
58492,7,0
58493,2,1
58494,7,2
58495,3,3
58496,5,4
58497,2,7
58498,4,8
58499,2,9
58500,7,0
58501,2,1
58502,3,2
58503,3,3
58504,5,4
58505,3,5
58506,0,6
58507,2,7
58508,5,8
58509,2,9
58510,7,0
58511,9,1
58512,3,2
58513,3,3
58514,5,4
58515,4,5
58516,9,6
58517,2,7
58518,6,8
58519,2,9
58520,2,7
58521,8,0
58522,9,6
58523,7,0
58524,2,7
58525,3,3
58526,2,7
58527,3,3
58528,2,7
58529,2,9
58530,2,7
58531,5,4
58532,8,0
58533,3,2
58534,0,6
58535,4,5
58536,9,6
58537,4,5
58538,3,2
58539,2,9
58540,4,5
58541,3,3
58542,2,9
58543,6,8
58544,3,3
58545,5,4
58546,7,0
58547,4,5
58548,5,4
58549,0,6
58550,3,3
58551,5,4
58552,5,8
58553,8,0
58554,0,6
58555,5,4
58556,5,8
58557,2,1
58558,4,3
58559,5,4
58560,8,0
58561,9,1
58562,2,9
58563,3,2
58564,4,3
58565,2,7
58566,5,9
58567,9,1
58568,3,2
58569,4,5
58570,2,1
58571,2,7
58572,3,2
58573,6,8
58574,2,7
58575,8,0
58576,2,1
58577,8,9
58578,0,6
58579,5,4
58580,2,1
58581,3,2
58582,3,3
58583,2,7
58584,1,0
58585,3,2
58586,9,1
58587,4,3
58588,2,1
58589,2,7
58590,3,2
58591,9,1
58592,9,6
58593,5,8
58594,7,0
58595,2,8
58596,2,9
58597,9,1
58598,9,6
58599,1,0
58600,2,1
58601,1,2
58602,4,3
58603,5,4
58604,4,5
58605,9,6
58606,2,7
58607,5,8
58608,2,9
58609,8,0
58610,5,1
58611,1,2
58612,4,3
58613,5,4
58614,2,7
58615,2,8
58616,2,9
58617,7,0
58618,2,1
58619,1,2
58620,4,3
58621,5,4
58622,4,5
58623,0,6
58624,2,7
58625,6,8
58626,0,6
58627,5,4
58628,3,2
58629,9,6
58630,5,4
58631,2,7
58632,4,5
58633,4,5
58634,5,4
58635,2,7
58636,2,8
58637,5,9
58638,1,2
58639,2,9
58640,4,3
58641,2,9
58642,4,3
58643,2,8
58644,9,2
58645,8,0
58646,4,5
58647,8,0
58648,2,7
58649,0,0
58650,5,4
58651,1,2
58652,9,6
58653,4,5
58654,4,3
58655,4,5
58656,4,3
58657,5,8
58658,8,0
58659,8,0
58660,4,3
58661,5,4
58662,2,1
58663,4,5
58664,4,3
58665,8,0
58666,4,8
58667,4,3
58668,8,0
58669,0,6
58670,1,2
58671,2,7
58672,2,1
58673,2,1
58674,2,8
58675,2,1
58676,2,7
58677,2,1
58678,4,3
58679,3,8
58680,2,9
58681,2,7
58682,9,6
58683,2,7
58684,5,4
58685,2,1
58686,9,6
58687,2,7
58688,4,5
58689,2,1
58690,2,7
58691,5,1
58692,2,9
58693,2,8
58694,0,0
58695,0,6
58696,2,9
58697,5,4
58698,2,9
58699,2,9
58700,4,3
58701,2,7
58702,9,1
58703,2,9
58704,9,2
58705,3,2
58706,4,5
58707,3,3
58708,2,7
58709,4,8
58710,3,2
58711,4,3
58712,5,4
58713,4,5
58714,9,6
58715,2,7
58716,4,8
58717,2,9
58718,8,0
58719,9,1
58720,3,2
58721,4,3
58722,5,4
58723,4,5
58724,9,6
58725,2,7
58726,7,0
58727,2,1
58728,9,2
58729,4,3
58730,5,4
58731,4,5
58732,0,6
58733,2,7
58734,3,8
58735,2,9
58736,4,8
58737,2,1
58738,8,0
58739,4,5
58740,4,5
58741,5,1
58742,2,9
58743,7,0
58744,5,4
58745,2,1
58746,2,9
58747,3,3
58748,3,8
58749,5,4
58750,2,7
58751,2,7
58752,3,8
58753,4,5
58754,7,0
58755,9,6
58756,4,5
58757,4,5
58758,3,3
58759,3,3
58760,4,3
58761,2,9
58762,5,8
58763,9,1
58764,5,4
58765,8,0
58766,9,6
58767,5,1
58768,8,0
58769,7,0
58770,0,6
58771,3,2
58772,2,1
58773,9,1
58774,3,3
58775,3,2
58776,3,8
58777,3,8
58778,2,7
58779,4,8
58780,5,4
58781,9,6
58782,7,0
58783,9,2
58784,7,0
58785,3,3
58786,9,6
58787,3,8
58788,2,7
58789,9,1
58790,4,5
58791,2,9
58792,6,9
58793,3,3
58794,7,2
58795,5,4
58796,2,9
58797,5,4
58798,9,6
58799,3,5
58800,3,3
58801,3,2
58802,3,5
58803,4,5
58804,2,9
58805,5,4
58806,2,1
58807,9,6
58808,4,5
58809,8,0
58810,5,1
58811,9,2
58812,4,3
58813,5,4
58814,4,5
58815,9,6
58816,2,7
58817,3,8
58818,2,9
58819,7,0
58820,5,1
58821,9,2
58822,4,3
58823,5,4
58824,4,5
58825,9,6
58826,2,7
58827,3,8
58828,2,9
58829,3,0
58830,5,1
58831,9,2
58832,2,3
58833,5,4
58834,4,5
58835,9,6
58836,2,7
58837,4,8
58838,2,9
58839,9,6
58840,5,4
58841,9,2
58842,9,6
58843,5,4
58844,2,7
58845,4,5
58846,4,5
58847,5,4
58848,2,7
58849,4,8
58850,2,9
58851,9,2
58852,5,9
58853,4,3
58854,2,9
58855,4,3
58856,4,8
58857,9,2
58858,8,0
58859,5,9
58860,4,8
58861,8,0
58862,4,5
58863,9,6
58864,8,0
58865,9,1
58866,8,0
58867,5,4
58868,9,2
58869,9,6
58870,4,5
58871,2,5
58872,4,5
58873,5,4
58874,4,3
58875,5,4
58876,5,1
58877,4,5
58878,4,3
58879,7,0
58880,4,8
58881,4,3
58882,7,0
58883,9,6
58884,3,2
58885,2,7
58886,5,1
58887,5,1
58888,8,8
58889,9,1
58890,2,7
58891,5,1
58892,4,3
58893,4,8
58894,4,5
58895,5,4
58896,9,2
58897,7,0
58898,2,9
58899,2,7
58900,9,6
58901,2,7
58902,5,4
58903,5,1
58904,9,6
58905,4,8
58906,5,4
58907,2,7
58908,4,5
58909,5,1
58910,3,2
58911,9,6
58912,2,7
58913,5,1
58914,2,9
58915,4,8
58916,8,0
58917,9,6
58918,2,9
58919,5,4
58920,2,9
58921,2,9
58922,9,6
58923,3,2
58924,4,3
58925,2,7
58926,9,1
58927,2,9
58928,9,2
58929,3,2
58930,4,5
58931,4,3
58932,2,7
58933,4,8
58934,7,0
58935,1,1
58936,3,2
58937,3,3
58938,5,4
58939,4,5
58940,9,6
58941,2,7
58942,3,8
58943,7,0
58944,1,1
58945,3,2
58946,4,3
58947,5,4
58948,4,5
58949,9,6
58950,2,7
58951,3,8
58952,7,0
58953,5,1
58954,3,2
58955,3,3
58956,5,4
58957,4,5
58958,0,6
58959,2,7
58960,5,8
58961,2,9
58962,3,2
58963,5,1
58964,3,2
58965,1,1
58966,3,3
58967,2,9
58968,2,9
58969,3,8
58970,3,5
58971,3,3
58972,2,7
58973,8,0
58974,2,7
58975,2,7
58976,4,5
58977,2,7
58978,2,9
58979,2,9
58980,5,4
58981,2,7
58982,8,0
58983,3,3
58984,5,4
58985,9,1
58986,5,4
58987,5,4
58988,2,7
58989,0,5
58990,3,8
58991,5,1
58992,5,4
58993,6,8
58994,5,4
58995,5,1
58996,3,8
58997,9,6
58998,9,6
58999,5,4
59000,9,6
59001,3,3
59002,4,5
59003,2,7
59004,3,2
59005,4,5
59006,2,9
59007,7,2
59008,0,6
59009,9,2
59010,9,1
59011,3,2
59012,8,0
59013,2,8
59014,3,3
59015,3,8
59016,3,3
59017,7,0
59018,6,8
59019,2,7
59020,5,4
59021,2,9
59022,4,5
59023,7,0
59024,5,9
59025,2,7
59026,5,4
59027,2,9
59028,5,1
59029,0,6
59030,3,2
59031,2,7
59032,0,6
59033,9,1
59034,5,8
59035,0,6
59036,5,1
59037,7,0
59038,4,3
59039,9,6
59040,3,2
59041,5,1
59042,5,4
59043,8,0
59044,2,1
59045,3,2
59046,4,3
59047,5,4
59048,2,7
59049,6,8
59050,2,9
59051,7,0
59052,9,1
59053,3,2
59054,3,3
59055,5,4
59056,2,7
59057,6,8
59058,2,9
59059,7,0
59060,9,1
59061,3,2
59062,3,3
59063,5,4
59064,2,5
59065,9,6
59066,2,7
59067,6,8
59068,2,7
59069,5,4
59070,3,3
59071,2,1
59072,6,8
59073,9,6
59074,9,1
59075,2,9
59076,3,2
59077,5,4
59078,7,0
59079,2,9
59080,2,9
59081,3,3
59082,2,7
59083,2,7
59084,5,9
59085,5,1
59086,6,8
59087,5,4
59088,2,7
59089,0,5
59090,6,8
59091,3,5
59092,4,3
59093,7,2
59094,3,2
59095,7,0
59096,4,5
59097,7,8
59098,9,6
59099,7,0
59100,4,3
59101,6,8
59102,5,1
59103,7,0
59104,4,3
59105,7,0
59106,5,4
59107,2,7
59108,5,4
59109,2,9
59110,3,2
59111,2,9
59112,5,1
59113,9,2
59114,9,1
59115,2,7
59116,5,1
59117,0,6
59118,2,7
59119,3,3
59120,1,3
59121,9,6
59122,3,2
59123,6,8
59124,2,7
59125,0,6
59126,5,4
59127,2,9
59128,6,8
59129,6,8
59130,3,2
59131,2,9
59132,0,6
59133,4,5
59134,4,5
59135,2,9
59136,4,5
59137,3,3
59138,2,7
59139,5,4
59140,2,7
59141,0,6
59142,7,0
59143,7,0
59144,5,4
59145,9,6
59146,0,6
59147,2,9
59148,7,0
59149,2,1
59150,9,1
59151,3,3
59152,7,2
59153,9,1
59154,7,0
59155,8,0
59156,9,1
59157,3,2
59158,3,3
59159,5,4
59160,3,5
59161,9,6
59162,2,7
59163,5,8
59164,2,9
59165,8,0
59166,5,1
59167,3,2
59168,3,3
59169,5,4
59170,3,5
59171,9,6
59172,2,7
59173,3,8
59174,2,9
59175,7,0
59176,5,1
59177,3,2
59178,1,3
59179,5,4
59180,3,5
59181,9,6
59182,2,7
59183,3,8
59184,2,9
59185,5,4
59186,3,2
59187,7,0
59188,3,2
59189,2,1
59190,3,5
59191,2,9
59192,9,6
59193,3,5
59194,2,9
59195,3,3
59196,3,5
59197,8,0
59198,2,7
59199,9,1
59200,9,1
59201,3,5
59202,3,3
59203,7,0
59204,2,7
59205,2,9
59206,0,6
59207,5,1
59208,9,6
59209,2,7
59210,5,4
59211,2,9
59212,4,5
59213,2,7
59214,2,9
59215,5,8
59216,3,5
59217,9,6
59218,3,2
59219,5,4
59220,5,8
59221,2,9
59222,3,2
59223,3,2
59224,6,8
59225,7,0
59226,9,6
59227,5,4
59228,3,3
59229,3,3
59230,9,1
59231,3,2
59232,5,4
59233,9,1
59234,3,5
59235,3,8
59236,2,9
59237,9,6
59238,2,9
59239,3,3
59240,5,4
59241,8,0
59242,1,3
59243,2,9
59244,8,0
59245,1,2
59246,2,7
59247,9,1
59248,9,1
59249,8,0
59250,2,7
59251,9,6
59252,3,2
59253,7,2
59254,2,7
59255,0,6
59256,7,0
59257,9,6
59258,2,9
59259,5,4
59260,6,8
59261,5,4
59262,3,3
59263,3,3
59264,2,7
59265,6,8
59266,9,1
59267,7,0
59268,5,4
59269,3,5
59270,3,8
59271,3,3
59272,7,0
59273,9,6
59274,1,8
59275,3,3
59276,2,7
59277,3,8
59278,3,5
59279,2,7
59280,6,8
59281,3,2
59282,3,3
59283,0,4
59284,0,6
59285,2,7
59286,7,8
59287,2,9
59288,7,0
59289,3,1
59290,3,2
59291,0,5
59292,0,6
59293,2,7
59294,3,8
59295,2,9
59296,7,0
59297,0,1
59298,3,2
59299,4,3
59300,0,4
59301,4,5
59302,0,6
59303,3,8
59304,2,7
59305,4,5
59306,2,7
59307,3,3
59308,3,3
59309,3,8
59310,0,6
59311,4,5
59312,0,4
59313,7,0
59314,7,9
59315,4,3
59316,3,2
59317,3,2
59318,3,3
59319,7,0
59320,0,6
59321,5,4
59322,4,3
59323,2,7
59324,0,6
59325,2,9
59326,3,2
59327,3,2
59328,4,3
59329,4,5
59330,4,5
59331,7,0
59332,2,7
59333,3,2
59334,4,3
59335,5,4
59336,7,0
59337,7,0
59338,4,5
59339,6,1
59340,7,8
59341,2,9
59342,7,0
59343,3,8
59344,7,9
59345,0,6
59346,4,5
59347,0,6
59348,2,7
59349,4,5
59350,3,3
59351,4,5
59352,3,3
59353,8,0
59354,5,1
59355,3,2
59356,4,3
59357,5,4
59358,4,5
59359,9,6
59360,2,7
59361,9,8
59362,2,9
59363,8,0
59364,5,1
59365,1,2
59366,1,3
59367,5,4
59368,4,5
59369,9,6
59370,2,7
59371,2,9
59372,8,0
59373,5,1
59374,3,2
59375,4,3
59376,5,4
59377,4,5
59378,9,6
59379,2,7
59380,4,8
59381,5,9
59382,1,1
59383,1,3
59384,4,5
59385,5,9
59386,5,4
59387,5,1
59388,2,7
59389,2,7
59390,9,2
59391,5,1
59392,5,4
59393,4,8
59394,4,3
59395,9,8
59396,1,2
59397,5,9
59398,1,3
59399,9,8
59400,4,5
59401,5,4
59402,4,8
59403,1,8
59404,5,9
59405,2,7
59406,4,5
59407,5,4
59408,4,3
59409,5,9
59410,1,2
59411,4,5
59412,2,7
59413,5,4
59414,5,1
59415,1,2
59416,4,3
59417,9,6
59418,8,0
59419,5,1
59420,8,0
59421,8,0
59422,9,2
59423,3,8
59424,2,7
59425,1,2
59426,4,5
59427,2,1
59428,5,1
59429,3,8
59430,4,5
59431,9,6
59432,5,4
59433,8,0
59434,5,4
59435,2,7
59436,3,3
59437,9,6
59438,5,8
59439,8,0
59440,4,3
59441,2,7
59442,0,6
59443,5,9
59444,1,2
59445,9,6
59446,4,5
59447,9,8
59448,9,6
59449,5,9
59450,8,0
59451,5,4
59452,8,0
59453,9,6
59454,5,1
59455,5,9
59456,9,2
59457,8,0
59458,5,9
59459,4,5
59460,5,1
59461,1,3
59462,2,7
59463,0,6
59464,5,9
59465,5,4
59466,4,8
59467,4,3
59468,5,7
59469,2,7
59470,9,6
59471,4,3
59472,8,0
59473,4,5
59474,9,6
59475,3,2
59476,3,2
59477,8,0
59478,5,1
59479,3,2
59480,3,3
59481,5,4
59482,4,5
59483,9,6
59484,2,7
59485,3,8
59486,2,9
59487,8,0
59488,5,1
59489,3,2
59490,3,3
59491,5,4
59492,3,5
59493,9,6
59494,2,7
59495,3,8
59496,2,9
59497,7,0
59498,1,1
59499,3,2
59500,3,3
59501,5,4
59502,4,5
59503,9,6
59504,2,7
59505,3,8
59506,2,9
59507,7,5
59508,9,6
59509,9,6
59510,7,0
59511,4,8
59512,3,3
59513,2,7
59514,2,9
59515,5,4
59516,2,7
59517,5,1
59518,5,9
59519,5,1
59520,2,7
59521,9,1
59522,5,4
59523,5,1
59524,2,7
59525,4,5
59526,2,7
59527,9,1
59528,3,3
59529,3,3
59530,9,1
59531,9,6
59532,2,9
59533,2,7
59534,5,4
59535,3,3
59536,7,0
59537,3,2
59538,4,5
59539,3,2
59540,9,6
59541,7,0
59542,1,8
59543,5,4
59544,2,8
59545,9,1
59546,3,5
59547,7,0
59548,9,6
59549,9,6
59550,3,3
59551,5,4
59552,2,7
59553,4,5
59554,2,7
59555,3,2
59556,3,2
59557,7,0
59558,7,0
59559,9,1
59560,2,7
59561,2,7
59562,5,9
59563,7,5
59564,2,9
59565,3,8
59566,2,9
59567,9,6
59568,3,8
59569,3,3
59570,9,6
59571,5,1
59572,3,2
59573,2,9
59574,7,5
59575,3,2
59576,7,5
59577,3,2
59578,9,6
59579,3,2
59580,5,4
59581,3,8
59582,5,4
59583,9,6
59584,4,5
59585,7,0
59586,2,1
59587,3,2
59588,4,3
59589,5,4
59590,4,5
59591,0,6
59592,2,7
59593,6,8
59594,2,9
59595,7,0
59596,9,1
59597,3,2
59598,3,3
59599,5,4
59600,4,5
59601,9,6
59602,2,7
59603,6,8
59604,2,9
59605,7,0
59606,2,1
59607,3,2
59608,5,4
59609,4,5
59610,9,6
59611,2,7
59612,5,8
59613,7,0
59614,5,4
59615,7,0
59616,5,1
59617,2,7
59618,4,5
59619,3,1
59620,5,4
59621,3,2
59622,6,8
59623,5,4
59624,3,3
59625,5,1
59626,1,7
59627,3,8
59628,3,2
59629,5,4
59630,4,3
59631,4,3
59632,0,6
59633,2,9
59634,5,9
59635,4,5
59636,6,8
59637,0,6
59638,2,7
59639,7,0
59640,0,6
59641,3,2
59642,0,6
59643,3,3
59644,2,9
59645,3,1
59646,2,7
59647,2,4
59648,3,8
59649,6,8
59650,2,9
59651,7,0
59652,3,3
59653,0,0
59654,4,5
59655,3,2
59656,2,9
59657,6,4
59658,3,1
59659,7,0
59660,4,3
59661,2,7
59662,4,5
59663,3,8
59664,2,7
59665,2,7
59666,6,8
59667,1,2
59668,2,9
59669,4,5
59670,4,5
59671,1,1
59672,3,2
59673,9,6
59674,5,4
59675,3,2
59676,4,5
59677,9,2
59678,4,3
59679,0,6
59680,7,0
59681,7,0
59682,2,7
59683,4,5
59684,3,2
59685,6,8
59686,2,1
59687,0,6
59688,5,1
59689,7,0
59690,5,4
59691,4,3
59692,5,1
59693,0,6
59694,5,1
59695,2,9
59696,7,0
59697,5,1
59698,3,2
59699,1,3
59700,5,4
59701,0,5
59702,0,6
59703,2,7
59704,7,0
59705,9,1
59706,3,2
59707,4,3
59708,5,4
59709,9,6
59710,2,7
59711,3,8
59712,7,0
59713,0,1
59714,4,2
59715,3,3
59716,5,4
59717,2,7
59718,3,8
59719,0,9
59720,3,2
59721,3,2
59722,5,4
59723,0,0
59724,2,7
59725,3,3
59726,1,5
59727,5,4
59728,5,1
59729,6,8
59730,7,0
59731,1,5
59732,3,2
59733,2,7
59734,9,2
59735,3,3
59736,0,6
59737,9,2
59738,5,1
59739,2,7
59740,2,7
59741,2,9
59742,1,2
59743,5,4
59744,0,6
59745,2,7
59746,2,7
59747,3,5
59748,2,9
59749,2,9
59750,2,1
59751,3,8
59752,0,6
59753,5,4
59754,0,6
59755,0,0
59756,2,9
59757,3,2
59758,0,6
59759,5,4
59760,3,3
59761,2,9
59762,0,0
59763,2,8
59764,7,8
59765,5,9
59766,5,4
59767,2,7
59768,2,1
59769,4,3
59770,0,6
59771,2,9
59772,5,4
59773,9,1
59774,2,7
59775,9,6
59776,2,9
59777,3,3
59778,3,3
59779,2,7
59780,2,4
59781,3,1
59782,2,9
59783,3,1
59784,3,0
59785,0,6
59786,3,0
59787,1,1
59788,3,2
59789,5,4
59790,4,5
59791,9,6
59792,2,7
59793,0,8
59794,2,9
59795,8,0
59796,9,1
59797,6,2
59798,3,3
59799,5,4
59800,4,5
59801,9,6
59802,2,7
59803,6,8
59804,2,9
59805,3,0
59806,1,1
59807,3,2
59808,1,3
59809,5,4
59810,3,5
59811,0,6
59812,2,7
59813,6,8
59814,2,9
59815,4,3
59816,3,2
59817,2,9
59818,3,3
59819,3,2
59820,5,1
59821,5,4
59822,4,5
59823,0,5
59824,3,2
59825,1,3
59826,9,2
59827,9,1
59828,4,3
59829,2,9
59830,2,7
59831,3,2
59832,9,1
59833,3,2
59834,6,8
59835,2,9
59836,1,1
59837,6,8
59838,3,8
59839,2,7
59840,3,0
59841,0,6
59842,2,7
59843,2,7
59844,6,8
59845,2,7
59846,4,5
59847,7,0
59848,0,6
59849,5,1
59850,3,5
59851,2,7
59852,5,4
59853,9,6
59854,2,1
59855,3,2
59856,2,7
59857,2,9
59858,2,9
59859,8,0
59860,3,3
59861,4,8
59862,5,4
59863,5,4
59864,3,1
59865,3,8
59866,0,6
59867,4,5
59868,7,0
59869,7,0
59870,3,3
59871,2,7
59872,5,1
59873,9,6
59874,5,4
59875,3,2
59876,9,6
59877,0,6
59878,3,0
59879,5,4
59880,4,5
59881,5,4
59882,3,1
59883,3,3
59884,5,8
59885,9,6
59886,4,3
59887,2,9
59888,2,9
59889,4,5
59890,2,9
59891,4,3
59892,9,6
59893,5,4
59894,2,7
59895,0,6
59896,3,2
59897,3,2
59898,7,0
59899,2,9
59900,5,4
59901,7,0
59902,3,1
59903,3,2
59904,3,3
59905,5,4
59906,4,5
59907,0,6
59908,2,7
59909,3,8
59910,2,9
59911,7,0
59912,3,1
59913,7,2
59914,4,3
59915,2,4
59916,6,8
59917,2,9
59918,0,0
59919,3,1
59920,3,2
59921,3,3
59922,5,4
59923,0,5
59924,0,6
59925,2,7
59926,6,8
59927,2,9
59928,0,6
59929,7,0
59930,3,3
59931,0,4
59932,3,1
59933,0,4
59934,0,0
59935,2,7
59936,3,8
59937,2,7
59938,2,7
59939,2,9
59940,7,0
59941,0,4
59942,2,9
59943,5,4
59944,7,0
59945,4,5
59946,3,8
59947,4,5
59948,2,9
59949,3,8
59950,2,8
59951,5,4
59952,7,0
59953,2,7
59954,3,1
59955,3,3
59956,4,5
59957,3,3
59958,2,1
59959,0,6
59960,0,5
59961,3,3
59962,5,8
59963,6,7
59964,3,3
59965,3,1
59966,0,6
59967,3,8
59968,4,5
59969,2,9
59970,3,2
59971,3,2
59972,7,0
59973,2,9
59974,3,2
59975,5,4
59976,0,6
59977,2,7
59978,3,3
59979,2,1
59980,3,3
59981,9,6
59982,0,6
59983,3,2
59984,3,1
59985,3,2
59986,0,6
59987,7,0
59988,6,7
59989,6,8
59990,2,9
59991,3,2
59992,2,9
59993,4,5
59994,2,1
59995,3,8
59996,3,3
59997,4,5
59998,0,6
59999,6,8
60000,2,7
60001,4,2
60002,5,1
60003,8,0
60004,5,4
60005,2,1
60006,5,4
60007,5,9
60008,9,5
60009,2,9
60010,7,0
60011,9,6
60012,2,9
60013,8,0
60014,4,1
60015,4,5
60016,2,9
60017,2,7
60018,4,3
60019,5,4
60020,2,9
60021,9,6
60022,9,6
60023,4,5
60024,5,4
60025,7,0
60026,2,7
60027,5,4
60028,8,0
60029,5,1
60030,4,3
60031,2,1
60032,4,3
60033,0,4
60034,2,7
60035,7,2
60036,2,7
60037,2,1
60038,4,2
60039,5,1
60040,2,1
60041,2,7
60042,5,4
60043,9,2
60044,4,3
60045,4,5
60046,5,1
60047,9,2
60048,5,4
60049,5,4
60050,0,6
60051,4,3
60052,4,5
60053,4,5
60054,9,6
60055,8,0
60056,5,4
60057,2,1
60058,2,9
60059,2,5
60060,2,7
60061,6,8
60062,5,9
60063,3,3
60064,2,7
60065,5,4
60066,9,6
60067,5,4
60068,4,3
60069,7,0
60070,2,7
60071,7,0
60072,7,2
60073,2,9
60074,2,1
60075,2,7
60076,4,3
60077,2,2
60078,2,9
60079,2,7
60080,2,7
60081,9,6
60082,3,2
60083,2,7
60084,4,8
60085,5,4
60086,2,7
60087,4,3
60088,9,6
60089,5,1
60090,3,3
60091,9,6
60092,2,9
60093,1,3
60094,5,1
60095,5,4
60096,5,1
60097,2,7
60098,0,6
60099,5,9
60100,9,6
60101,8,0
60102,4,5
60103,5,4
60104,5,9
60105,2,9
60106,7,2
60107,5,1
60108,5,9
60109,5,4
60110,3,8
60111,2,7
60112,4,3
60113,5,9
60114,2,7
60115,5,4
60116,5,4
60117,5,4
60118,5,9
60119,2,2
60120,4,5
60121,0,4
60122,2,7
60123,9,6
60124,2,7
60125,5,9
60126,3,0
60127,4,5
60128,4,8
60129,4,5
60130,0,6
60131,0,6
60132,4,5
60133,2,7
60134,4,8
60135,5,1
60136,8,0
60137,1,1
60138,9,6
60139,5,4
60140,9,6
60141,2,7
60142,4,3
60143,9,1
60144,2,7
60145,5,1
60146,5,8
60147,3,2
60148,8,0
60149,5,2
60150,5,9
60151,4,9
60152,4,5
60153,4,5
60154,2,1
60155,4,5
60156,9,6
60157,8,0
60158,1,3
60159,5,4
60160,5,4
60161,0,6
60162,4,5
60163,5,4
60164,9,6
60165,4,5
60166,5,4
60167,0,5
60168,4,1
60169,5,4
60170,5,4
60171,1,7
60172,3,2
60173,4,3
60174,3,2
60175,2,7
60176,9,1
60177,4,8
60178,5,1
60179,4,8
60180,2,1
60181,4,8
60182,4,5
60183,7,0
60184,3,8
60185,5,9
60186,1,2
60187,4,5
60188,8,0
60189,5,1
60190,2,1
60191,5,1
60192,7,0
60193,2,9
60194,8,0
60195,4,3
60196,5,1
60197,0,6
60198,5,4
60199,1,2
60200,1,3
60201,9,6
60202,5,1
60203,2,1
60204,5,1
60205,4,3
60206,2,9
60207,4,5
60208,3,2
60209,5,9
60210,5,4
60211,4,5
60212,5,9
60213,4,3
60214,5,9
60215,8,0
60216,4,3
60217,0,6
60218,4,5
60219,3,5
60220,2,7
60221,3,2
60222,3,2
60223,2,7
60224,9,1
60225,3,2
60226,4,8
60227,5,4
60228,9,1
60229,2,7
60230,1,3
60231,4,3
60232,4,8
60233,2,8
60234,2,7
60235,2,9
60236,1,2
60237,3,2
60238,5,4
60239,5,1
60240,4,5
60241,4,9
60242,6,8
60243,5,7
60244,9,2
60245,4,3
60246,8,0
60247,5,4
60248,5,4
60249,3,2
60250,5,4
60251,5,1
60252,5,9
60253,4,5
60254,2,7
60255,2,7
60256,1,2
60257,4,8
60258,3,2
60259,8,6
60260,6,8
60261,4,5
60262,2,7
60263,2,7
60264,5,9
60265,5,1
60266,4,8
60267,5,1
60268,8,8
60269,7,0
60270,4,3
60271,8,0
60272,2,1
60273,2,9
60274,2,9
60275,5,4
60276,5,1
60277,8,8
60278,9,2
60279,5,1
60280,3,2
60281,5,9
60282,2,7
60283,4,5
60284,5,9
60285,1,2
60286,9,6
60287,5,4
60288,5,1
60289,4,5
60290,4,8
60291,3,2
60292,5,9
60293,1,2
60294,8,0
60295,5,4
60296,7,0
60297,7,0
60298,3,2
60299,4,8
60300,5,4
60301,2,7
60302,5,1
60303,9,2
60304,5,4
60305,7,0
60306,3,2
60307,2,7
60308,5,4
60309,4,3
60310,4,3
60311,8,0
60312,8,0
60313,4,3
60314,5,1
60315,2,9
60316,0,6
60317,2,5
60318,3,2
60319,4,5
60320,2,9
60321,2,2
60322,2,9
60323,1,3
60324,8,0
60325,5,4
60326,9,2
60327,7,0
60328,2,7
60329,5,1
60330,5,1
60331,3,2
60332,5,1
60333,4,5
60334,4,3
60335,4,3
60336,5,9
60337,2,7
60338,8,8
60339,9,6
60340,4,5
60341,9,6
60342,2,1
60343,4,3
60344,4,8
60345,5,1
60346,8,0
60347,4,5
60348,9,1
60349,2,3
60350,5,1
60351,4,5
60352,8,5
60353,9,6
60354,9,1
60355,5,8
60356,4,5
60357,2,1
60358,2,7
60359,5,9
60360,5,4
60361,9,6
60362,2,2
60363,9,2
60364,4,5
60365,8,0
60366,9,6
60367,4,5
60368,9,6
60369,3,3
60370,2,7
60371,9,2
60372,8,0
60373,4,8
60374,4,8
60375,4,5
60376,5,4
60377,2,1
60378,5,1
60379,5,4
60380,7,0
60381,2,3
60382,4,3
60383,2,7
60384,9,6
60385,5,1
60386,9,6
60387,9,2
60388,9,1
60389,2,9
60390,3,2
60391,6,8
60392,9,6
60393,2,1
60394,2,9
60395,4,5
60396,1,2
60397,4,5
60398,5,4
60399,5,4
60400,7,2
60401,4,8
60402,3,3
60403,2,8
60404,3,2
60405,5,4
60406,4,5
60407,8,0
60408,4,3
60409,5,1
60410,2,7
60411,2,7
60412,4,5
60413,2,7
60414,5,9
60415,2,7
60416,5,1
60417,2,9
60418,3,2
60419,2,1
60420,2,4
60421,7,2
60422,2,9
60423,1,2
60424,8,0
60425,5,4
60426,2,9
60427,2,1
60428,5,4
60429,5,8
60430,5,1
60431,4,8
60432,5,4
60433,4,5
60434,5,9
60435,1,8
60436,2,8
60437,4,3
60438,2,7
60439,9,6
60440,8,0
60441,8,0
60442,4,3
60443,8,0
60444,3,2
60445,9,6
60446,9,6
60447,5,4
60448,4,9
60449,4,3
60450,4,3
60451,1,3
60452,9,2
60453,4,3
60454,2,9
60455,5,1
60456,4,2
60457,4,6
60458,5,8
60459,8,0
60460,4,5
60461,9,6
60462,9,6
60463,9,6
60464,2,3
60465,1,8
60466,3,8
60467,1,2
60468,6,7
60469,4,5
60470,4,8
60471,2,9
60472,9,6
60473,2,1
60474,4,8
60475,5,4
60476,5,1
60477,3,2
60478,4,5
60479,4,9
60480,5,1
60481,5,9
60482,2,7
60483,2,5
60484,5,4
60485,8,0
60486,6,8
60487,2,9
60488,2,9
60489,5,1
60490,0,0
60491,4,5
60492,3,2
60493,4,3
60494,2,7
60495,3,8
60496,5,9
60497,5,4
60498,8,0
60499,9,6
60500,4,3
60501,5,9
60502,3,5
60503,3,2
60504,2,1
60505,1,3
60506,5,1
60507,4,3
60508,9,6
60509,4,5
60510,2,7
60511,5,4
60512,3,2
60513,1,2
60514,7,6
60515,4,3
60516,3,2
60517,9,6
60518,4,5
60519,5,4
60520,5,8
60521,5,9
60522,2,7
60523,3,1
60524,4,3
60525,7,0
60526,4,3
60527,4,8
60528,4,3
60529,5,1
60530,5,9
60531,4,3
60532,5,4
60533,5,4
60534,9,6
60535,5,4
60536,1,2
60537,9,1
60538,5,8
60539,3,2
60540,4,5
60541,5,4
60542,4,8
60543,5,8
60544,5,4
60545,7,0
60546,8,0
60547,3,2
60548,4,3
60549,7,2
60550,2,7
60551,5,7
60552,8,0
60553,9,8
60554,2,7
60555,5,4
60556,5,4
60557,2,7
60558,5,9
60559,9,6
60560,2,9
60561,7,0
60562,5,9
60563,4,8
60564,8,0
60565,5,4
60566,0,6
60567,8,0
60568,9,6
60569,4,3
60570,4,5
60571,5,4
60572,2,8
60573,4,3
60574,3,3
60575,5,9
60576,4,3
60577,4,3
60578,3,3
60579,2,7
60580,1,8
60581,8,0
60582,3,8
60583,5,2
60584,2,1
60585,2,7
60586,7,0
60587,9,6
60588,4,5
60589,5,4
60590,3,3
60591,4,8
60592,8,0
60593,2,9
60594,9,6
60595,4,3
60596,7,8
60597,0,0
60598,2,9
60599,5,9
60600,9,6
60601,2,8
60602,9,6
60603,7,8
60604,4,5
60605,2,7
60606,3,8
60607,9,6
60608,7,0
60609,3,2
60610,5,4
60611,8,0
60612,9,2
60613,2,2
60614,4,3
60615,3,1
60616,2,9
60617,2,7
60618,4,5
60619,9,1
60620,8,0
60621,5,8
60622,5,4
60623,0,6
60624,3,2
60625,0,6
60626,2,7
60627,5,9
60628,4,3
60629,3,2
60630,5,9
60631,1,8
60632,1,2
60633,9,2
60634,5,9
60635,9,2
60636,2,7
60637,4,3
60638,4,5
60639,5,9
60640,5,1
60641,4,8
60642,0,0
60643,1,2
60644,8,0
60645,4,5
60646,9,2
60647,2,1
60648,4,3
60649,2,7
60650,0,6
60651,2,7
60652,5,1
60653,1,2
60654,4,5
60655,1,8
60656,8,0
60657,4,3
60658,2,7
60659,2,2
60660,5,4
60661,8,0
60662,5,9
60663,5,1
60664,6,8
60665,9,6
60666,2,7
60667,2,7
60668,5,4
60669,4,3
60670,2,4
60671,8,9
60672,5,1
60673,2,9
60674,4,5
60675,5,1
60676,2,7
60677,4,3
60678,5,9
60679,2,7
60680,9,6
60681,2,9
60682,5,1
60683,4,3
60684,5,7
60685,7,8
60686,1,3
60687,4,3
60688,9,6
60689,2,7
60690,3,2
60691,5,8
60692,2,5
60693,9,8
60694,4,5
60695,2,1
60696,2,1
60697,5,4
60698,5,4
60699,4,3
60700,5,1
60701,7,0
60702,2,7
60703,2,7
60704,7,0
60705,2,7
60706,2,9
60707,5,4
60708,5,4
60709,4,8
60710,4,5
60711,4,5
60712,5,4
60713,8,0
60714,4,8
60715,3,2
60716,2,1
60717,9,0
60718,5,8
60719,5,4
60720,4,5
60721,7,0
60722,5,4
60723,8,0
60724,9,6
60725,5,1
60726,2,7
60727,4,3
60728,3,2
60729,0,6
60730,2,7
60731,3,2
60732,9,6
60733,5,9
60734,4,3
60735,4,1
60736,5,4
60737,9,6
60738,3,2
60739,4,5
60740,5,4
60741,3,2
60742,7,0
60743,9,6
60744,7,2
60745,2,1
60746,2,7
60747,4,3
60748,5,4
60749,2,1
60750,8,0
60751,4,5
60752,5,4
60753,1,3
60754,5,1
60755,2,1
60756,2,7
60757,5,4
60758,2,9
60759,2,9
60760,5,4
60761,5,8
60762,5,4
60763,7,0
60764,3,2
60765,5,4
60766,4,5
60767,2,1
60768,5,1
60769,9,6
60770,5,4
60771,2,7
60772,2,1
60773,5,9
60774,5,4
60775,1,2
60776,5,4
60777,5,1
60778,4,5
60779,4,5
60780,4,3
60781,4,8
60782,4,3
60783,2,1
60784,5,4
60785,4,5
60786,9,6
60787,4,8
60788,5,9
60789,5,4
60790,2,1
60791,2,5
60792,3,3
60793,4,8
60794,7,0
60795,1,3
60796,3,2
60797,4,5
60798,5,1
60799,1,2
60800,4,8
60801,4,3
60802,5,4
60803,5,4
60804,8,0
60805,4,8
60806,4,8
60807,4,3
60808,4,3
60809,2,1
60810,2,7
60811,3,3
60812,4,5
60813,2,9
60814,9,6
60815,1,3
60816,1,2
60817,0,6
60818,5,1
60819,3,3
60820,9,6
60821,8,0
60822,2,7
60823,7,2
60824,9,1
60825,2,7
60826,5,1
60827,2,4
60828,3,2
60829,0,4
60830,3,2
60831,2,1
60832,2,7
60833,2,9
60834,9,6
60835,5,1
60836,9,1
60837,4,2
60838,5,4
60839,3,8
60840,2,1
60841,2,7
60842,2,7
60843,5,4
60844,4,8
60845,7,0
60846,2,7
60847,4,3
60848,5,1
60849,4,3
60850,5,1
60851,8,0
60852,2,7
60853,2,7
60854,8,0
60855,4,3
60856,4,5
60857,4,5
60858,3,2
60859,2,7
60860,9,6
60861,9,6
60862,5,9
60863,3,2
60864,6,8
60865,1,3
60866,4,5
60867,4,2
60868,3,2
60869,4,5
60870,9,6
60871,7,0
60872,2,8
60873,3,2
60874,2,9
60875,3,2
60876,4,8
60877,9,8
60878,4,8
60879,4,8
60880,2,7
60881,5,4
60882,5,9
60883,4,3
60884,8,0
60885,9,6
60886,9,6
60887,4,3
60888,3,2
60889,5,1
60890,4,3
60891,3,2
60892,9,2
60893,2,9
60894,1,3
60895,8,0
60896,7,0
60897,4,5
60898,5,7
60899,4,8
60900,4,1
60901,5,4
60902,5,4
60903,9,6
60904,8,0
60905,1,2
60906,2,9
60907,2,1
60908,5,4
60909,2,7
60910,5,4
60911,2,7
60912,3,3
60913,5,9
60914,3,8
60915,4,8
60916,9,4
60917,2,7
60918,5,1
60919,9,2
60920,2,1
60921,1,2
60922,3,2
60923,1,3
60924,6,2
60925,4,3
60926,7,2
60927,4,3
60928,2,9
60929,2,1
60930,2,7
60931,5,4
60932,8,0
60933,4,3
60934,4,5
60935,4,5
60936,9,8
60937,9,6
60938,4,3
60939,7,2
60940,9,6
60941,2,7
60942,9,6
60943,0,6
60944,4,3
60945,3,2
60946,2,7
60947,5,8
60948,2,1
60949,5,1
60950,2,7
60951,4,5
60952,9,6
60953,5,4
60954,2,9
60955,4,5
60956,9,1
60957,3,3
60958,4,3
60959,5,4
60960,2,7
60961,4,8
60962,2,9
60963,2,1
60964,9,1
60965,0,6
60966,2,9
60967,9,1
60968,5,4
60969,2,4
60970,4,5
60971,5,4
60972,7,0
60973,9,6
60974,3,2
60975,1,2
60976,4,3
60977,1,1
60978,4,5
60979,5,1
60980,3,2
60981,7,0
60982,4,3
60983,3,8
60984,5,1
60985,3,2
60986,9,6
60987,2,7
60988,2,1
60989,9,6
60990,3,2
60991,4,3
60992,5,9
60993,8,0
60994,5,1
60995,3,2
60996,3,2
60997,7,0
60998,6,8
60999,2,9
61000,2,9
61001,8,0
61002,3,2
61003,4,5
61004,5,1
61005,5,9
61006,2,7
61007,2,8
61008,5,1
61009,8,0
61010,5,4
61011,9,1
61012,2,7
61013,5,9
61014,0,6
61015,5,4
61016,3,2
61017,9,6
61018,4,8
61019,2,1
61020,4,3
61021,2,7
61022,4,5
61023,5,4
61024,5,4
61025,9,1
61026,4,8
61027,2,1
61028,4,3
61029,4,8
61030,2,1
61031,9,2
61032,5,5
61033,3,8
61034,7,0
61035,9,6
61036,4,2
61037,5,1
61038,2,1
61039,5,7
61040,9,1
61041,4,5
61042,4,3
61043,5,4
61044,9,6
61045,5,9
61046,4,5
61047,7,0
61048,5,9
61049,3,2
61050,3,2
61051,5,4
61052,4,8
61053,3,2
61054,5,1
61055,2,7
61056,3,2
61057,5,4
61058,2,9
61059,5,4
61060,5,4
61061,8,0
61062,2,3
61063,2,9
61064,3,2
61065,1,2
61066,4,3
61067,4,3
61068,5,8
61069,4,3
61070,4,5
61071,2,7
61072,4,3
61073,4,5
61074,4,8
61075,2,1
61076,3,2
61077,5,4
61078,5,4
61079,0,6
61080,5,4
61081,5,9
61082,4,5
61083,5,1
61084,7,0
61085,9,6
61086,5,9
61087,4,5
61088,2,9
61089,4,5
61090,5,9
61091,5,7
61092,4,3
61093,1,8
61094,8,0
61095,4,3
61096,2,7
61097,9,1
61098,4,3
61099,0,6
61100,2,7
61101,9,8
61102,4,5
61103,5,9
61104,2,7
61105,2,9
61106,9,6
61107,4,9
61108,9,6
61109,4,3
61110,2,7
61111,5,4
61112,0,4
61113,4,5
61114,4,3
61115,4,5
61116,5,4
61117,2,7
61118,4,8
61119,6,7
61120,5,8
61121,0,0
61122,2,7
61123,9,6
61124,2,8
61125,2,8
61126,2,7
61127,4,3
61128,3,3
61129,1,1
61130,5,9
61131,4,5
61132,3,2
61133,2,7
61134,4,3
61135,4,5
61136,5,1
61137,5,1
61138,3,2
61139,1,1
61140,5,4
61141,2,7
61142,5,4
61143,2,7
61144,4,5
61145,5,4
61146,4,5
61147,5,4
61148,8,0
61149,5,8
61150,4,3
61151,9,6
61152,2,9
61153,0,6
61154,8,0
61155,3,2
61156,2,7
61157,5,4
61158,5,4
61159,5,4
61160,5,4
61161,9,6
61162,9,6
61163,5,4
61164,2,7
61165,5,9
61166,4,3
61167,5,4
61168,4,5
61169,4,5
61170,4,8
61171,2,7
61172,4,3
61173,2,7
61174,3,2
61175,2,7
61176,3,0
61177,1,2
61178,0,4
61179,9,1
61180,5,1
61181,0,6
61182,9,6
61183,2,9
61184,3,2
61185,6,8
61186,2,7
61187,3,2
61188,8,0
61189,5,1
61190,4,5
61191,9,0
61192,2,9
61193,5,1
61194,2,7
61195,8,0
61196,0,6
61197,8,0
61198,9,8
61199,9,6
61200,4,8
61201,2,1
61202,4,8
61203,8,0
61204,2,3
61205,3,3
61206,1,7
61207,3,2
61208,4,3
61209,0,6
61210,1,2
61211,2,1
61212,0,6
61213,2,1
61214,5,1
61215,4,3
61216,2,7
61217,2,9
61218,7,0
61219,4,8
61220,8,0
61221,4,5
61222,5,4
61223,8,0
61224,9,2
61225,5,8
61226,5,7
61227,9,2
61228,4,9
61229,4,8
61230,5,4
61231,7,0
61232,5,9
61233,4,5
61234,4,8
61235,4,5
61236,4,1
61237,4,2
61238,5,1
61239,4,3
61240,5,1
61241,2,7
61242,5,4
61243,9,5
61244,2,7
61245,3,2
61246,8,0
61247,8,9
61248,4,8
61249,4,8
61250,0,6
61251,9,2
61252,4,5
61253,5,4
61254,2,1
61255,5,9
61256,7,2
61257,9,1
61258,4,5
61259,5,8
61260,2,7
61261,8,0
61262,5,2
61263,5,4
61264,5,4
61265,4,3
61266,9,6
61267,5,8
61268,6,8
61269,3,2
61270,5,4
61271,8,0
61272,4,5
61273,8,0
61274,5,4
61275,5,4
61276,2,7
61277,2,9
61278,4,3
61279,5,4
61280,2,1
61281,7,5
61282,5,9
61283,2,7
61284,4,3
61285,4,5
61286,4,8
61287,4,8
61288,0,0
61289,4,5
61290,4,3
61291,4,3
61292,9,6
61293,9,6
61294,8,0
61295,5,1
61296,9,6
61297,8,0
61298,4,3
61299,8,5
61300,5,4
61301,5,4
61302,2,1
61303,3,2
61304,5,9
61305,5,1
61306,5,4
61307,9,6
61308,5,9
61309,5,9
61310,4,3
61311,5,9
61312,7,8
61313,5,4
61314,5,4
61315,4,3
61316,5,1
61317,4,3
61318,2,1
61319,4,8
61320,4,8
61321,2,7
61322,2,9
61323,5,4
61324,2,8
61325,0,8
61326,3,7
61327,5,9
61328,2,7
61329,9,1
61330,5,4
61331,4,5
61332,9,6
61333,8,0
61334,4,5
61335,9,2
61336,3,2
61337,9,2
61338,2,1
61339,4,5
61340,4,5
61341,3,2
61342,5,4
61343,5,9
61344,0,6
61345,9,2
61346,2,7
61347,2,7
61348,7,2
61349,3,2
61350,2,1
61351,5,1
61352,3,2
61353,4,8
61354,4,3
61355,2,7
61356,9,2
61357,5,4
61358,5,1
61359,2,7
61360,2,1
61361,2,7
61362,9,6
61363,2,7
61364,7,8
61365,1,2
61366,2,7
61367,1,3
61368,2,1
61369,2,7
61370,4,5
61371,4,8
61372,3,2
61373,9,6
61374,3,2
61375,4,2
61376,4,5
61377,9,6
61378,4,5
61379,7,0
61380,5,9
61381,3,2
61382,5,4
61383,4,3
61384,4,3
61385,5,9
61386,2,7
61387,0,6
61388,0,6
61389,4,8
61390,7,0
61391,5,4
61392,2,1
61393,4,5
61394,4,8
61395,3,2
61396,2,9
61397,5,1
61398,4,8
61399,8,0
61400,9,6
61401,2,7
61402,2,2
61403,5,1
61404,8,0
61405,4,5
61406,4,5
61407,3,2
61408,7,0
61409,1,2
61410,9,2
61411,8,0
61412,9,2
61413,5,4
61414,2,9
61415,4,8
61416,8,0
61417,5,9
61418,5,9
61419,5,4
61420,9,6
61421,4,5
61422,5,4
61423,2,9
61424,2,1
61425,5,8
61426,4,3
61427,5,4
61428,5,9
61429,5,9
61430,5,1
61431,1,2
61432,4,2
61433,4,8
61434,5,1
61435,5,9
61436,9,6
61437,5,4
61438,8,0
61439,2,9
61440,0,4
61441,4,8
61442,4,3
61443,4,8
61444,9,6
61445,8,0
61446,3,2
61447,4,5
61448,2,1
61449,5,9
61450,9,6
61451,3,2
61452,2,9
61453,5,4
61454,7,0
61455,2,9
61456,9,6
61457,8,0
61458,9,6
61459,1,2
61460,4,5
61461,5,4
61462,3,2
61463,3,3
61464,4,8
61465,5,4
61466,8,5
61467,4,5
61468,7,0
61469,4,3
61470,3,8
61471,4,5
61472,4,3
61473,4,5
61474,3,8
61475,9,6
61476,3,5
61477,2,7
61478,9,6
61479,4,3
61480,4,3
61481,5,9
61482,9,6
61483,2,1
61484,9,1
61485,3,2
61486,5,9
61487,7,0
61488,5,4
61489,4,3
61490,4,3
61491,9,6
61492,2,9
61493,4,5
61494,2,7
61495,4,3
61496,2,7
61497,2,7
61498,2,7
61499,4,8
61500,5,7
61501,5,9
61502,4,8
61503,4,3
61504,8,0
61505,2,7
61506,3,2
61507,2,7
61508,2,9
61509,5,4
61510,4,5
61511,5,4
61512,5,9
61513,4,3
61514,3,2
61515,5,1
61516,5,4
61517,7,0
61518,1,2
61519,4,3
61520,2,7
61521,4,5
61522,5,7
61523,8,8
61524,1,8
61525,4,5
61526,7,0
61527,9,1
61528,9,1
61529,5,4
61530,2,8
61531,4,3
61532,2,9
61533,7,0
61534,0,0
61535,8,0
61536,9,6
61537,0,6
61538,3,2
61539,1,3
61540,2,7
61541,4,8
61542,5,4
61543,2,7
61544,2,7
61545,5,9
61546,1,2
61547,5,4
61548,2,1
61549,5,4
61550,4,5
61551,9,2
61552,5,4
61553,1,9
61554,2,9
61555,2,1
61556,6,8
61557,5,4
61558,8,0
61559,2,9
61560,5,8
61561,5,4
61562,4,8
61563,2,7
61564,2,7
61565,8,0
61566,2,7
61567,4,8
61568,4,8
61569,9,6
61570,7,0
61571,5,4
61572,2,8
61573,5,8
61574,7,2
61575,5,4
61576,2,7
61577,9,6
61578,9,6
61579,4,6
61580,5,4
61581,2,7
61582,9,1
61583,4,8
61584,3,8
61585,3,2
61586,1,3
61587,0,6
61588,4,3
61589,7,0
61590,7,0
61591,4,3
61592,2,7
61593,9,6
61594,2,9
61595,2,7
61596,5,9
61597,2,9
61598,4,5
61599,5,4
61600,4,3
61601,3,3
61602,9,6
61603,5,1
61604,3,2
61605,4,3
61606,2,7
61607,4,3
61608,4,3
61609,3,2
61610,8,0
61611,4,3
61612,3,3
61613,4,8
61614,5,4
61615,4,3
61616,0,6
61617,4,3
61618,2,5
61619,8,0
61620,1,2
61621,8,0
61622,5,9
61623,7,0
61624,2,7
61625,5,4
61626,4,6
61627,8,9
61628,4,3
61629,4,5
61630,9,1
61631,2,9
61632,0,6
61633,9,1
61634,2,4
61635,4,5
61636,5,4
61637,4,5
61638,0,0
61639,4,5
61640,2,9
61641,9,5
61642,9,2
61643,9,1
61644,4,2
61645,5,9
61646,5,1
61647,2,9
61648,2,9
61649,5,4
61650,7,0
61651,4,8
61652,5,4
61653,4,5
61654,1,2
61655,2,9
61656,9,2
61657,5,1
61658,4,2
61659,2,1
61660,2,7
61661,4,3
61662,9,6
61663,4,8
61664,4,8
61665,5,4
61666,5,9
61667,5,1
61668,5,9
61669,4,8
61670,4,5
61671,2,7
61672,4,5
61673,2,1
61674,2,1
61675,3,8
61676,4,6
61677,4,5
61678,8,2
61679,5,4
61680,5,4
61681,2,3
61682,7,2
61683,3,3
61684,4,5
61685,9,6
61686,4,8
61687,5,8
61688,9,6
61689,3,2
61690,4,3
61691,9,1
61692,7,0
61693,4,5
61694,4,8
61695,2,9
61696,9,2
61697,2,9
61698,9,6
61699,2,7
61700,8,0
61701,5,4
61702,4,8
61703,2,7
61704,2,1
61705,2,7
61706,5,4
61707,5,1
61708,7,0
61709,4,9
61710,2,7
61711,3,2
61712,7,0
61713,8,0
61714,5,9
61715,9,1
61716,2,7
61717,4,8
61718,5,7
61719,4,8
61720,5,4
61721,2,7
61722,9,2
61723,8,0
61724,5,4
61725,9,6
61726,7,0
61727,3,3
61728,2,1
61729,2,1
61730,4,3
61731,3,3
61732,8,9
61733,9,6
61734,2,7
61735,5,4
61736,5,1
61737,4,5
61738,4,3
61739,8,0
61740,3,8
61741,2,7
61742,4,3
61743,2,9
61744,9,6
61745,2,9
61746,4,3
61747,2,5
61748,3,0
61749,3,2
61750,2,7
61751,5,4
61752,4,5
61753,5,1
61754,5,7
61755,4,5
61756,4,8
61757,8,0
61758,5,8
61759,6,8
61760,5,1
61761,2,5
61762,8,0
61763,4,3
61764,8,0
61765,4,3
61766,5,1
61767,5,4
61768,8,0
61769,4,3
61770,2,7
61771,1,2
61772,5,7
61773,5,1
61774,4,8
61775,8,0
61776,2,7
61777,8,0
61778,5,4
61779,4,3
61780,9,1
61781,5,9
61782,8,8
61783,2,7
61784,2,7
61785,5,1
61786,5,4
61787,5,9
61788,5,9
61789,4,3
61790,6,2
61791,5,1
61792,2,7
61793,5,9
61794,7,0
61795,3,2
61796,7,0
61797,4,3
61798,4,3
61799,2,7
61800,9,6
61801,8,9
61802,3,2
61803,4,3
61804,4,3
61805,2,7
61806,2,7
61807,7,0
61808,0,0
61809,2,7
61810,4,5
61811,3,2
61812,5,9
61813,7,8
61814,2,7
61815,5,4
61816,5,4
61817,3,2
61818,9,6
61819,0,6
61820,5,1
61821,2,9
61822,9,6
61823,5,8
61824,3,2
61825,5,9
61826,7,0
61827,4,8
61828,1,3
61829,2,1
61830,9,1
61831,9,6
61832,1,3
61833,4,5
61834,5,1
61835,9,1
61836,2,1
61837,4,3
61838,3,1
61839,4,2
61840,4,3
61841,8,0
61842,3,2
61843,8,0
61844,2,1
61845,4,3
61846,4,5
61847,4,5
61848,2,7
61849,2,4
61850,2,8
61851,2,9
61852,9,6
61853,5,9
61854,9,6
61855,4,8
61856,3,3
61857,9,6
61858,9,6
61859,6,8
61860,4,5
61861,2,1
61862,5,4
61863,9,2
61864,5,4
61865,5,4
61866,4,5
61867,2,1
61868,5,1
61869,2,9
61870,7,0
61871,1,2
61872,5,4
61873,5,9
61874,4,5
61875,2,7
61876,2,1
61877,5,8
61878,4,8
61879,4,5
61880,8,6
61881,2,9
61882,4,8
61883,2,7
61884,5,1
61885,5,1
61886,0,6
61887,2,7
61888,9,6
61889,4,3
61890,1,2
61891,8,2
61892,7,0
61893,4,8
61894,2,9
61895,3,2
61896,4,5
61897,5,1
61898,8,0
61899,4,8
61900,0,1
61901,5,9
61902,4,5
61903,2,7
61904,2,9
61905,9,6
61906,5,9
61907,8,0
61908,9,6
61909,1,1
61910,4,5
61911,9,5
61912,5,8
61913,1,3
61914,5,8
61915,1,2
61916,9,6
61917,4,5
61918,7,0
61919,2,7
61920,5,4
61921,9,6
61922,5,1
61923,4,3
61924,5,4
61925,2,7
61926,4,3
61927,1,2
61928,4,3
61929,5,4
61930,0,2
61931,4,5
61932,3,2
61933,2,7
61934,5,1
61935,2,7
61936,1,2
61937,9,6
61938,5,4
61939,5,1
61940,0,5
61941,6,7
61942,5,8
61943,0,6
61944,7,0
61945,1,1
61946,3,8
61947,2,2
61948,4,5
61949,2,7
61950,2,7
61951,9,6
61952,4,9
61953,4,3
61954,4,5
61955,3,8
61956,5,4
61957,3,2
61958,5,4
61959,8,0
61960,5,8
61961,3,8
61962,4,3
61963,5,4
61964,5,9
61965,3,2
61966,2,7
61967,4,5
61968,5,8
61969,9,6
61970,4,5
61971,0,6
61972,7,0
61973,4,8
61974,9,6
61975,2,7
61976,1,3
61977,9,6
61978,5,4
61979,5,9
61980,5,4
61981,9,6
61982,0,6
61983,1,3
61984,7,2
61985,5,4
61986,5,1
61987,7,0
61988,5,1
61989,5,4
61990,0,6
61991,1,2
61992,2,9
61993,3,1
61994,5,1
61995,7,0
61996,9,6
61997,4,3
61998,5,9
61999,4,5
62000,9,6
62001,4,5
62002,9,6
62003,4,5
62004,4,8
62005,5,4
62006,9,6
62007,5,4
62008,4,3
62009,8,9
62010,5,1
62011,4,3
62012,5,4
62013,5,1
62014,5,9
62015,5,1
62016,2,7
62017,2,1
62018,1,1
62019,2,9
62020,4,3
62021,4,5
62022,5,4
62023,8,0
62024,2,7
62025,4,3
62026,0,6
62027,5,1
62028,2,7
62029,4,5
62030,4,5
62031,4,3
62032,4,3
62033,7,0
62034,4,1
62035,3,5
62036,2,7
62037,4,5
62038,4,8
62039,9,6
62040,9,5
62041,5,1
62042,8,0
62043,2,4
62044,2,2
62045,4,3
62046,5,4
62047,0,6
62048,2,7
62049,5,9
62050,5,8
62051,2,1
62052,0,8
62053,5,4
62054,2,9
62055,3,2
62056,4,8
62057,7,6
62058,1,2
62059,2,7
62060,8,0
62061,8,0
62062,9,6
62063,2,7
62064,4,5
62065,4,8
62066,9,6
62067,0,0
62068,5,9
62069,4,3
62070,2,7
62071,2,1
62072,4,3
62073,8,5
62074,5,4
62075,4,3
62076,4,3
62077,4,5
62078,4,5
62079,9,6
62080,3,3
62081,8,0
62082,4,2
62083,4,3
62084,5,4
62085,4,2
62086,4,3
62087,7,0
62088,5,9
62089,2,9
62090,5,4
62091,2,7
62092,3,2
62093,3,8
62094,5,4
62095,2,7
62096,8,0
62097,9,6
62098,7,2
62099,9,8
62100,4,5
62101,1,2
62102,5,8
62103,4,5
62104,2,7
62105,4,3
62106,7,0
62107,8,8
62108,1,2
62109,2,3
62110,3,2
62111,4,8
62112,9,2
62113,4,5
62114,4,5
62115,2,7
62116,0,6
62117,5,4
62118,7,6
62119,3,8
62120,5,4
62121,5,8
62122,1,2
62123,2,7
62124,5,4
62125,4,5
62126,3,2
62127,7,0
62128,4,3
62129,7,9
62130,5,4
62131,9,6
62132,2,7
62133,4,2
62134,4,5
62135,5,6
62136,5,1
62137,2,1
62138,3,2
62139,4,3
62140,9,6
62141,2,7
62142,4,8
62143,2,7
62144,9,6
62145,5,4
62146,5,8
62147,5,9
62148,5,4
62149,2,8
62150,9,6
62151,4,3
62152,4,8
62153,4,3
62154,5,1
62155,7,0
62156,9,6
62157,3,2
62158,1,2
62159,4,5
62160,9,6
62161,2,9
62162,4,5
62163,4,8
62164,5,1
62165,5,4
62166,5,1
62167,2,7
62168,4,8
62169,5,4
62170,9,6
62171,5,1
62172,4,8
62173,5,4
62174,4,3
62175,2,1
62176,3,2
62177,4,8
62178,7,0
62179,1,8
62180,4,5
62181,5,9
62182,1,1
62183,5,4
62184,1,2
62185,8,0
62186,3,2
62187,2,7
62188,8,0
62189,2,9
62190,8,0
62191,3,2
62192,4,5
62193,6,7
62194,9,6
62195,2,7
62196,2,9
62197,5,4
62198,9,2
62199,0,6
62200,9,2
62201,5,4
62202,5,4
62203,4,8
62204,8,0
62205,5,4
62206,5,4
62207,4,5
62208,1,8
62209,7,0
62210,9,6
62211,5,8
62212,5,9
62213,4,8
62214,4,5
62215,9,6
62216,5,9
62217,7,0
62218,5,4
62219,5,8
62220,2,7
62221,2,1
62222,4,3
62223,5,4
62224,9,5
62225,4,8
62226,8,0
62227,5,9
62228,5,1
62229,4,3
62230,3,3
62231,9,6
62232,5,9
62233,8,8
62234,2,7
62235,5,1
62236,8,0
62237,4,5
62238,2,7
62239,5,1
62240,2,7
62241,4,5
62242,1,2
62243,2,7
62244,2,9
62245,9,1
62246,5,8
62247,4,5
62248,1,2
62249,5,4
62250,2,9
62251,5,4
62252,2,7
62253,7,2
62254,3,2
62255,4,3
62256,5,4
62257,2,9
62258,1,1
62259,5,9
62260,3,2
62261,1,1
62262,2,7
62263,5,9
62264,5,4
62265,5,4
62266,9,1
62267,9,6
62268,2,7
62269,5,2
62270,2,7
62271,3,8
62272,4,8
62273,5,1
62274,2,9
62275,2,7
62276,5,1
62277,2,1
62278,2,7
62279,4,5
62280,4,3
62281,4,3
62282,4,5
62283,5,1
62284,4,3
62285,2,7
62286,9,6
62287,5,1
62288,4,3
62289,5,8
62290,2,7
62291,4,5
62292,4,9
62293,0,9
62294,8,0
62295,7,0
62296,1,2
62297,5,8
62298,3,8
62299,6,2
62300,4,3
62301,2,7
62302,2,1
62303,4,3
62304,8,0
62305,1,3
62306,5,4
62307,5,4
62308,1,3
62309,4,8
62310,5,9
62311,1,2
62312,4,3
62313,5,9
62314,2,7
62315,5,1
62316,5,1
62317,2,7
62318,7,0
62319,5,4
62320,5,9
62321,9,6
62322,4,5
62323,5,9
62324,2,1
62325,2,7
62326,8,0
62327,5,2
62328,7,0
62329,3,0
62330,5,4
62331,9,6
62332,2,7
62333,7,0
62334,2,7
62335,2,1
62336,5,4
62337,9,6
62338,5,4
62339,4,5
62340,5,4
62341,5,9
62342,5,9
62343,2,1
62344,2,7
62345,2,9
62346,4,5
62347,3,3
62348,4,3
62349,4,8
62350,9,2
62351,3,3
62352,9,6
62353,1,2
62354,3,2
62355,5,1
62356,5,1
62357,2,1
62358,0,1
62359,2,1
62360,9,6
62361,2,9
62362,3,8
62363,5,4
62364,1,3
62365,2,7
62366,2,1
62367,9,6
62368,5,4
62369,4,5
62370,8,0
62371,5,4
62372,2,7
62373,5,4
62374,4,2
62375,5,4
62376,7,0
62377,2,7
62378,8,0
62379,5,1
62380,8,9
62381,2,8
62382,3,8
62383,9,6
62384,8,0
62385,7,0
62386,5,4
62387,2,9
62388,9,6
62389,9,8
62390,4,2
62391,3,2
62392,4,3
62393,4,8
62394,5,4
62395,3,8
62396,7,2
62397,4,2
62398,5,1
62399,2,7
62400,4,5
62401,5,4
62402,5,4
62403,8,0
62404,5,4
62405,3,3
62406,2,9
62407,2,7
62408,4,3
62409,2,1
62410,8,0
62411,5,1
62412,9,2
62413,4,5
62414,5,9
62415,9,2
62416,5,1
62417,7,0
62418,5,1
62419,4,8
62420,5,9
62421,2,1
62422,9,6
62423,8,8
62424,3,3
62425,4,8
62426,2,9
62427,4,3
62428,9,6
62429,4,2
62430,4,8
62431,1,3
62432,4,2
62433,9,2
62434,2,1
62435,7,0
62436,5,4
62437,9,2
62438,2,9
62439,4,2
62440,5,4
62441,4,3
62442,2,7
62443,2,9
62444,5,1
62445,4,5
62446,4,2
62447,5,4
62448,5,9
62449,8,0
62450,4,3
62451,5,8
62452,4,5
62453,4,3
62454,9,6
62455,7,0
62456,2,9
62457,5,4
62458,9,6
62459,9,2
62460,4,5
62461,8,0
62462,7,2
62463,2,7
62464,5,4
62465,9,6
62466,9,6
62467,4,8
62468,9,6
62469,0,6
62470,6,8
62471,9,6
62472,2,9
62473,5,1
62474,2,7
62475,3,2
62476,4,5
62477,5,9
62478,5,9
62479,7,0
62480,2,7
62481,1,2
62482,2,7
62483,9,6
62484,2,7
62485,8,0
62486,9,6
62487,4,5
62488,9,2
62489,5,4
62490,2,7
62491,3,2
62492,7,0
62493,5,9
62494,2,9
62495,3,2
62496,5,2
62497,2,9
62498,5,4
62499,5,4
62500,4,2
62501,3,3
62502,4,3
62503,3,2
62504,5,1
62505,2,7
62506,8,0
62507,2,7
62508,9,6
62509,5,4
62510,5,1
62511,4,3
62512,4,8
62513,2,7
62514,5,4
62515,9,5
62516,5,9
62517,3,2
62518,4,5
62519,2,1
62520,4,8
62521,2,7
62522,4,3
62523,2,7
62524,2,1
62525,4,5
62526,4,5
62527,8,0
62528,5,9
62529,5,1
62530,5,4
62531,8,0
62532,9,6
62533,4,3
62534,4,3
62535,8,6
62536,7,0
62537,5,4
62538,5,9
62539,2,7
62540,4,5
62541,2,1
62542,0,6
62543,3,8
62544,2,9
62545,4,5
62546,4,5
62547,2,7
62548,2,9
62549,1,3
62550,4,8
62551,4,3
62552,5,8
62553,9,1
62554,4,5
62555,4,3
62556,4,5
62557,8,0
62558,4,5
62559,4,5
62560,4,3
62561,5,8
62562,0,6
62563,2,7
62564,2,7
62565,2,7
62566,4,3
62567,2,7
62568,8,0
62569,4,5
62570,5,9
62571,8,0
62572,3,2
62573,1,5
62574,8,5
62575,4,3
62576,2,1
62577,2,7
62578,2,7
62579,5,8
62580,9,6
62581,4,5
62582,2,9
62583,4,3
62584,9,8
62585,5,9
62586,4,5
62587,4,3
62588,2,7
62589,8,9
62590,2,1
62591,2,7
62592,7,0
62593,7,0
62594,4,3
62595,2,7
62596,1,2
62597,4,5
62598,1,8
62599,5,1
62600,4,8
62601,9,6
62602,1,2
62603,2,9
62604,4,5
62605,2,7
62606,4,5
62607,9,7
62608,4,8
62609,9,6
62610,3,2
62611,4,5
62612,5,1
62613,5,4
62614,4,8
62615,5,4
62616,4,5
62617,2,8
62618,4,3
62619,7,0
62620,0,6
62621,3,2
62622,2,7
62623,4,3
62624,4,3
62625,1,2
62626,5,1
62627,8,0
62628,2,7
62629,4,3
62630,5,4
62631,8,0
62632,4,3
62633,2,9
62634,4,3
62635,9,2
62636,4,8
62637,5,9
62638,7,0
62639,4,3
62640,7,8
62641,8,0
62642,2,7
62643,9,6
62644,4,5
62645,5,4
62646,2,7
62647,4,3
62648,7,9
62649,7,0
62650,5,8
62651,0,6
62652,4,2
62653,4,5
62654,5,6
62655,5,1
62656,8,0
62657,8,0
62658,5,4
62659,5,4
62660,8,0
62661,5,1
62662,3,2
62663,4,3
62664,3,2
62665,2,7
62666,2,7
62667,4,8
62668,4,5
62669,9,2
62670,4,5
62671,2,7
62672,9,6
62673,5,9
62674,5,1
62675,5,4
62676,5,1
62677,9,6
62678,5,4
62679,1,2
62680,5,4
62681,3,3
62682,4,5
62683,5,4
62684,4,3
62685,5,9
62686,4,5
62687,8,0
62688,4,1
62689,4,5
62690,4,3
62691,4,8
62692,2,9
62693,5,1
62694,2,9
62695,2,7
62696,5,9
62697,4,5
62698,4,5
62699,9,2
62700,2,7
62701,5,4
62702,0,6
62703,7,0
62704,2,1
62705,5,1
62706,4,1
62707,8,0
62708,5,4
62709,5,4
62710,2,7
62711,9,6
62712,4,3
62713,0,0
62714,7,0
62715,5,4
62716,1,3
62717,8,0
62718,0,6
62719,9,1
62720,5,9
62721,9,6
62722,9,1
62723,4,3
62724,4,8
62725,5,1
62726,7,2
62727,4,5
62728,9,6
62729,3,2
62730,2,7
62731,4,3
62732,9,6
62733,8,0
62734,5,1
62735,2,9
62736,2,7
62737,0,6
62738,9,6
62739,5,8
62740,2,9
62741,3,2
62742,5,9
62743,4,5
62744,5,8
62745,4,3
62746,2,1
62747,8,0
62748,8,0
62749,2,7
62750,0,6
62751,0,6
62752,3,2
62753,5,1
62754,9,6
62755,5,9
62756,4,3
62757,5,1
62758,4,8
62759,9,6
62760,2,9
62761,8,0
62762,9,6
62763,8,0
62764,7,0
62765,7,0
62766,9,6
62767,4,3
62768,4,5
62769,2,9
62770,4,3
62771,5,4
62772,4,5
62773,4,5
62774,3,8
62775,4,5
62776,4,3
62777,7,0
62778,5,4
62779,8,0
62780,3,2
62781,5,9
62782,9,6
62783,3,8
62784,9,2
62785,4,3
62786,9,1
62787,3,2
62788,5,1
62789,3,1
62790,4,5
62791,0,6
62792,2,9
62793,5,8
62794,8,0
62795,9,6
62796,9,6
62797,4,5
62798,4,5
62799,4,3
62800,4,8
62801,0,6
62802,3,2
62803,5,1
62804,5,4
62805,4,5
62806,5,4
62807,3,3
62808,2,7
62809,4,8
62810,4,5
62811,7,0
62812,5,9
62813,4,3
62814,4,5
62815,5,1
62816,9,1
62817,7,0
62818,5,4
62819,5,4
62820,2,7
62821,8,0
62822,2,1
62823,2,7
62824,8,0
62825,5,1
62826,9,6
62827,2,1
62828,5,4
62829,4,5
62830,9,6
62831,9,6
62832,4,5
62833,2,7
62834,4,8
62835,5,4
62836,5,4
62837,2,7
62838,4,2
62839,4,5
62840,4,3
62841,2,7
62842,8,0
62843,2,7
62844,2,7
62845,2,9
62846,9,6
62847,5,4
62848,3,2
62849,4,8
62850,3,5
62851,2,7
62852,4,8
62853,4,3
62854,2,9
62855,4,5
62856,4,8
62857,2,9
62858,5,9
62859,5,8
62860,9,6
62861,9,2
62862,4,8
62863,5,9
62864,3,2
62865,4,3
62866,9,6
62867,9,1
62868,5,1
62869,6,8
62870,5,9
62871,3,3
62872,5,4
62873,8,0
62874,2,7
62875,5,9
62876,9,6
62877,5,4
62878,5,1
62879,5,4
62880,2,1
62881,4,3
62882,5,4
62883,2,9
62884,3,3
62885,2,1
62886,5,4
62887,2,7
62888,2,7
62889,5,4
62890,2,7
62891,3,2
62892,5,9
62893,4,3
62894,8,0
62895,4,8
62896,8,8
62897,3,8
62898,5,4
62899,8,0
62900,5,4
62901,5,4
62902,5,1
62903,4,5
62904,3,2
62905,4,8
62906,4,3
62907,5,4
62908,5,9
62909,4,5
62910,3,2
62911,3,8
62912,2,1
62913,4,5
62914,4,3
62915,2,7
62916,2,9
62917,5,4
62918,3,2
62919,5,5
62920,9,6
62921,1,3
62922,4,5
62923,2,9
62924,4,3
62925,2,5
62926,5,9
62927,4,3
62928,9,1
62929,5,9
62930,2,5
62931,4,3
62932,7,0
62933,9,6
62934,2,9
62935,4,8
62936,5,4
62937,8,0
62938,5,4
62939,8,9
62940,3,2
62941,2,9
62942,8,0
62943,9,1
62944,8,0
62945,2,3
62946,0,1
62947,9,6
62948,4,5
62949,4,8
62950,5,1
62951,4,5
62952,4,3
62953,4,3
62954,0,0
62955,3,3
62956,4,5
62957,9,5
62958,5,9
62959,9,2
62960,5,8
62961,2,7
62962,8,0
62963,5,4
62964,5,9
62965,2,1
62966,5,9
62967,2,7
62968,2,7
62969,9,5
62970,4,5
62971,3,2
62972,0,0
62973,2,9
62974,9,1
62975,6,8
62976,9,6
62977,3,2
62978,1,3
62979,2,9
62980,9,6
62981,3,2
62982,5,1
62983,5,9
62984,2,1
62985,4,3
62986,9,5
62987,4,5
62988,8,0
62989,4,3
62990,2,8
62991,4,3
62992,4,3
62993,2,7
62994,9,6
62995,4,6
62996,8,0
62997,2,1
62998,5,4
62999,8,0
63000,9,6
63001,5,9
63002,4,8
63003,2,1
63004,9,2
63005,2,9
63006,5,9
63007,4,5
63008,2,9
63009,2,7
63010,4,3
63011,2,7
63012,2,8
63013,7,0
63014,5,1
63015,4,3
63016,8,0
63017,5,4
63018,0,6
63019,2,1
63020,8,0
63021,2,2
63022,4,5
63023,4,8
63024,5,4
63025,5,4
63026,9,1
63027,5,1
63028,4,5
63029,5,4
63030,9,6
63031,9,6
63032,8,0
63033,8,6
63034,5,9
63035,3,2
63036,9,6
63037,3,2
63038,2,7
63039,4,1
63040,2,7
63041,2,9
63042,5,4
63043,8,0
63044,8,0
63045,4,3
63046,4,8
63047,4,2
63048,3,2
63049,1,3
63050,9,1
63051,0,6
63052,8,0
63053,4,5
63054,2,7
63055,2,7
63056,2,9
63057,3,2
63058,9,6
63059,2,7
63060,2,9
63061,2,7
63062,4,8
63063,9,6
63064,4,8
63065,4,8
63066,5,4
63067,9,6
63068,3,8
63069,5,4
63070,2,1
63071,1,2
63072,1,8
63073,1,1
63074,4,3
63075,2,9
63076,5,4
63077,8,0
63078,4,3
63079,2,7
63080,3,3
63081,3,2
63082,3,3
63083,4,3
63084,2,7
63085,4,3
63086,5,4
63087,8,0
63088,9,6
63089,4,2
63090,8,0
63091,4,8
63092,1,1
63093,4,5
63094,4,3
63095,4,5
63096,5,4
63097,2,1
63098,2,7
63099,3,1
63100,4,5
63101,2,7
63102,3,5
63103,2,7
63104,4,3
63105,3,2
63106,3,2
63107,2,7
63108,4,3
63109,2,7
63110,4,3
63111,2,7
63112,4,8
63113,4,5
63114,5,4
63115,0,5
63116,3,2
63117,2,5
63118,9,6
63119,4,5
63120,3,3
63121,9,6
63122,2,7
63123,5,4
63124,5,1
63125,2,7
63126,9,1
63127,4,5
63128,3,2
63129,4,3
63130,0,6
63131,4,3
63132,1,1
63133,5,4
63134,1,2
63135,9,6
63136,5,7
63137,5,4
63138,3,3
63139,3,8
63140,7,0
63141,9,6
63142,3,2
63143,2,1
63144,9,6
63145,4,5
63146,4,3
63147,5,9
63148,2,1
63149,5,9
63150,4,3
63151,4,2
63152,2,1
63153,4,8
63154,5,4
63155,5,4
63156,9,6
63157,8,5
63158,9,8
63159,9,6
63160,5,9
63161,2,7
63162,2,7
63163,4,8
63164,0,6
63165,2,9
63166,2,7
63167,4,3
63168,5,9
63169,5,4
63170,8,0
63171,4,5
63172,5,4
63173,9,6
63174,5,4
63175,5,1
63176,2,2
63177,4,3
63178,8,0
63179,8,0
63180,3,2
63181,9,6
63182,9,6
63183,4,5
63184,2,7
63185,7,0
63186,5,8
63187,9,6
63188,5,4
63189,2,7
63190,5,9
63191,8,0
63192,2,7
63193,3,3
63194,5,4
63195,3,2
63196,2,1
63197,6,8
63198,4,8
63199,4,5
63200,5,9
63201,7,2
63202,2,7
63203,2,1
63204,5,8
63205,4,8
63206,3,8
63207,3,2
63208,2,7
63209,9,6
63210,0,0
63211,5,1
63212,3,2
63213,2,7
63214,3,1
63215,8,0
63216,5,8
63217,4,3
63218,0,6
63219,8,0
63220,4,5
63221,1,3
63222,9,6
63223,3,2
63224,4,8
63225,2,7
63226,8,0
63227,9,1
63228,5,4
63229,1,2
63230,5,1
63231,5,1
63232,5,4
63233,5,4
63234,5,4
63235,5,4
63236,2,7
63237,5,1
63238,9,6
63239,1,2
63240,4,9
63241,5,9
63242,7,0
63243,8,0
63244,5,1
63245,3,8
63246,4,8
63247,5,4
63248,4,3
63249,5,4
63250,9,2
63251,8,0
63252,0,6
63253,9,1
63254,0,6
63255,9,1
63256,1,2
63257,3,2
63258,3,2
63259,2,1
63260,9,2
63261,1,3
63262,2,7
63263,6,8
63264,5,1
63265,8,0
63266,8,0
63267,3,2
63268,5,1
63269,7,6
63270,9,6
63271,8,0
63272,2,1
63273,9,6
63274,9,2
63275,4,5
63276,9,1
63277,2,7
63278,5,4
63279,4,8
63280,2,2
63281,5,1
63282,5,4
63283,4,3
63284,6,8
63285,1,3
63286,5,9
63287,5,9
63288,5,4
63289,2,8
63290,3,3
63291,5,4
63292,2,7
63293,3,2
63294,2,7
63295,4,5
63296,2,7
63297,7,0
63298,5,4
63299,4,3
63300,4,3
63301,1,2
63302,9,6
63303,2,7
63304,0,6
63305,8,0
63306,7,0
63307,9,6
63308,2,7
63309,2,7
63310,8,0
63311,4,5
63312,4,5
63313,5,8
63314,2,1
63315,8,0
63316,5,7
63317,8,0
63318,3,2
63319,2,8
63320,5,1
63321,4,5
63322,8,0
63323,3,8
63324,4,8
63325,8,0
63326,4,3
63327,1,2
63328,2,7
63329,1,7
63330,3,2
63331,9,6
63332,5,4
63333,5,7
63334,4,5
63335,4,5
63336,2,5
63337,1,2
63338,5,9
63339,4,2
63340,1,8
63341,0,4
63342,0,6
63343,5,8
63344,0,6
63345,4,5
63346,8,0
63347,8,0
63348,6,8
63349,2,7
63350,9,6
63351,9,1
63352,2,7
63353,5,1
63354,5,1
63355,9,2
63356,2,7
63357,5,4
63358,7,0
63359,8,0
63360,2,7
63361,2,7
63362,9,6
63363,4,3
63364,7,8
63365,9,6
63366,5,4
63367,3,2
63368,8,0
63369,2,9
63370,5,4
63371,8,0
63372,4,5
63373,2,7
63374,4,8
63375,3,2
63376,2,7
63377,5,4
63378,2,7
63379,5,1
63380,2,1
63381,4,3
63382,0,6
63383,9,6
63384,4,2
63385,5,9
63386,5,1
63387,5,9
63388,5,4
63389,3,8
63390,4,3
63391,0,6
63392,5,9
63393,4,5
63394,8,9
63395,9,6
63396,3,2
63397,5,4
63398,0,6
63399,2,7
63400,2,7
63401,7,0
63402,9,6
63403,0,6
63404,5,9
63405,5,4
63406,1,8
63407,4,3
63408,4,5
63409,1,3
63410,5,4
63411,2,9
63412,8,0
63413,8,0
63414,4,5
63415,3,2
63416,4,5
63417,8,0
63418,2,7
63419,5,1
63420,5,1
63421,2,1
63422,9,6
63423,2,7
63424,9,6
63425,2,7
63426,2,9
63427,9,6
63428,9,6
63429,5,4
63430,2,1
63431,5,4
63432,4,3
63433,5,1
63434,5,1
63435,3,2
63436,9,2
63437,5,4
63438,9,1
63439,8,0
63440,4,8
63441,6,7
63442,0,6
63443,4,3
63444,5,4
63445,8,0
63446,7,0
63447,9,6
63448,3,3
63449,4,3
63450,0,0
63451,2,7
63452,2,1
63453,2,7
63454,5,1
63455,2,1
63456,3,3
63457,9,1
63458,7,0
63459,5,9
63460,5,9
63461,2,7
63462,4,5
63463,5,4
63464,5,1
63465,5,4
63466,4,8
63467,2,9
63468,4,5
63469,4,3
63470,4,5
63471,5,1
63472,5,9
63473,4,8
63474,9,2
63475,2,3
63476,4,3
63477,2,9
63478,2,9
63479,7,0
63480,5,1
63481,8,0
63482,3,2
63483,5,9
63484,4,3
63485,5,9
63486,3,3
63487,1,3
63488,0,6
63489,9,2
63490,5,4
63491,2,9
63492,4,8
63493,4,3
63494,2,7
63495,5,4
63496,8,0
63497,5,4
63498,2,7
63499,4,8
63500,5,4
63501,2,9
63502,9,8
63503,2,9
63504,2,9
63505,2,7
63506,4,5
63507,2,9
63508,3,2
63509,8,8
63510,4,2
63511,1,2
63512,8,0
63513,3,2
63514,3,2
63515,1,3
63516,4,8
63517,5,4
63518,9,6
63519,4,8
63520,9,6
63521,4,8
63522,1,2
63523,5,4
63524,9,6
63525,6,7
63526,5,9
63527,4,3
63528,4,3
63529,2,9
63530,5,4
63531,4,3
63532,9,1
63533,5,4
63534,5,4
63535,2,7
63536,8,0
63537,4,5
63538,5,9
63539,9,6
63540,0,0
63541,5,4
63542,5,4
63543,5,4
63544,5,4
63545,9,6
63546,5,1
63547,9,2
63548,3,3
63549,1,3
63550,9,6
63551,5,4
63552,2,5
63553,2,9
63554,9,6
63555,4,8
63556,2,5
63557,4,6
63558,8,5
63559,4,8
63560,9,6
63561,5,4
63562,5,1
63563,4,8
63564,0,6
63565,4,5
63566,4,2
63567,6,8
63568,5,4
63569,4,5
63570,4,5
63571,5,4
63572,2,7
63573,5,7
63574,8,0
63575,2,7
63576,5,8
63577,4,2
63578,4,2
63579,1,3
63580,2,7
63581,7,0
63582,5,1
63583,4,8
63584,7,0
63585,2,7
63586,4,1
63587,2,9
63588,5,8
63589,2,7
63590,4,5
63591,4,5
63592,2,9
63593,5,1
63594,2,7
63595,4,5
63596,5,4
63597,8,9
63598,5,1
63599,2,2
63600,4,2
63601,9,1
63602,9,6
63603,9,6
63604,2,7
63605,5,1
63606,2,1
63607,5,4
63608,7,0
63609,2,7
63610,5,4
63611,1,2
63612,5,4
63613,7,0
63614,9,6
63615,5,4
63616,2,7
63617,0,6
63618,2,9
63619,4,5
63620,3,3
63621,5,4
63622,9,6
63623,4,5
63624,7,0
63625,5,1
63626,4,8
63627,3,8
63628,3,2
63629,3,8
63630,1,3
63631,4,5
63632,2,7
63633,4,8
63634,7,0
63635,8,8
63636,4,5
63637,2,7
63638,5,1
63639,2,1
63640,8,0
63641,5,1
63642,4,3
63643,2,7
63644,5,8
63645,4,5
63646,0,0
63647,2,7
63648,5,1
63649,5,1
63650,7,0
63651,5,1
63652,9,1
63653,5,4
63654,4,5
63655,1,2
63656,2,7
63657,9,6
63658,9,2
63659,4,3
63660,7,0
63661,3,2
63662,3,8
63663,4,5
63664,5,9
63665,9,6
63666,2,9
63667,2,7
63668,3,2
63669,5,1
63670,3,3
63671,9,6
63672,5,4
63673,2,1
63674,4,8
63675,3,2
63676,5,4
63677,8,0
63678,4,5
63679,2,1
63680,8,0
63681,3,2
63682,3,2
63683,9,6
63684,5,4
63685,5,4
63686,1,3
63687,5,9
63688,9,6
63689,5,1
63690,9,6
63691,4,5
63692,2,7
63693,5,9
63694,9,2
63695,7,0
63696,4,2
63697,9,6
63698,8,0
63699,2,1
63700,5,4
63701,1,3
63702,4,5
63703,1,2
63704,4,8
63705,3,8
63706,7,0
63707,2,8
63708,4,8
63709,5,9
63710,7,0
63711,5,9
63712,9,6
63713,2,7
63714,9,6
63715,4,3
63716,4,9
63717,4,3
63718,2,4
63719,2,7
63720,2,7
63721,2,7
63722,5,4
63723,8,9
63724,7,0
63725,9,6
63726,5,4
63727,7,8
63728,5,4
63729,1,2
63730,2,7
63731,3,2
63732,5,8
63733,2,1
63734,8,0
63735,8,0
63736,2,7
63737,6,8
63738,3,3
63739,4,3
63740,4,3
63741,5,1
63742,4,3
63743,2,7
63744,0,6
63745,5,1
63746,4,3
63747,5,1
63748,0,6
63749,8,6
63750,4,5
63751,9,7
63752,5,4
63753,2,7
63754,4,5
63755,5,9
63756,4,5
63757,3,8
63758,5,4
63759,5,9
63760,2,9
63761,2,1
63762,0,6
63763,4,5
63764,8,0
63765,5,1
63766,4,3
63767,3,7
63768,8,0
63769,2,3
63770,5,4
63771,7,8
63772,3,2
63773,3,2
63774,8,0
63775,3,2
63776,4,5
63777,2,1
63778,5,5
63779,2,1
63780,9,4
63781,4,8
63782,3,8
63783,5,9
63784,2,1
63785,3,2
63786,5,1
63787,1,3
63788,4,5
63789,5,1
63790,8,0
63791,5,9
63792,5,4
63793,5,4
63794,4,8
63795,4,3
63796,4,2
63797,4,5
63798,5,9
63799,2,7
63800,0,6
63801,0,6
63802,3,2
63803,7,0
63804,7,0
63805,8,0
63806,2,5
63807,6,8
63808,3,7
63809,5,1
63810,4,5
63811,3,2
63812,3,3
63813,4,8
63814,4,5
63815,5,1
63816,4,8
63817,0,2
63818,9,0
63819,5,4
63820,8,9
63821,5,9
63822,9,6
63823,7,2
63824,4,3
63825,4,3
63826,4,5
63827,9,6
63828,5,4
63829,3,8
63830,8,0
63831,2,9
63832,1,2
63833,1,8
63834,4,3
63835,9,6
63836,5,7
63837,3,5
63838,5,7
63839,3,2
63840,5,9
63841,5,4
63842,2,9
63843,2,1
63844,1,2
63845,3,8
63846,7,6
63847,8,0
63848,5,7
63849,8,0
63850,5,9
63851,9,1
63852,2,1
63853,7,6
63854,2,7
63855,4,5
63856,2,9
63857,5,9
63858,5,1
63859,5,9
63860,4,5
63861,5,9
63862,1,2
63863,4,5
63864,8,0
63865,5,4
63866,5,1
63867,7,0
63868,4,8
63869,5,9
63870,7,0
63871,3,8
63872,2,9
63873,4,8
63874,2,9
63875,5,4
63876,4,2
63877,4,5
63878,2,7
63879,8,9
63880,4,8
63881,2,9
63882,4,8
63883,7,0
63884,8,9
63885,5,9
63886,9,6
63887,4,8
63888,5,9
63889,2,9
63890,4,5
63891,2,9
63892,3,8
63893,8,5
63894,2,1
63895,8,0
63896,4,3
63897,4,3
63898,4,5
63899,9,2
63900,2,1
63901,9,6
63902,3,5
63903,8,0
63904,1,2
63905,4,8
63906,1,1
63907,4,5
63908,9,6
63909,1,2
63910,1,3
63911,7,0
63912,3,2
63913,3,2
63914,9,6
63915,5,4
63916,4,3
63917,4,5
63918,4,5
63919,5,1
63920,2,7
63921,3,2
63922,9,1
63923,9,6
63924,2,9
63925,3,1
63926,4,9
63927,2,9
63928,4,5
63929,4,5
63930,2,1
63931,9,6
63932,7,2
63933,3,2
63934,4,8
63935,9,6
63936,2,7
63937,2,1
63938,5,4
63939,9,6
63940,8,0
63941,0,4
63942,8,0
63943,4,3
63944,4,3
63945,3,2
63946,4,2
63947,4,3
63948,9,6
63949,3,8
63950,5,9
63951,2,8
63952,4,5
63953,4,3
63954,2,8
63955,4,5
63956,5,4
63957,4,5
63958,8,2
63959,8,0
63960,4,5
63961,0,6
63962,4,3
63963,3,2
63964,4,8
63965,4,3
63966,5,9
63967,2,9
63968,4,5
63969,2,7
63970,5,9
63971,0,4
63972,0,6
63973,2,7
63974,2,1
63975,3,3
63976,2,7
63977,4,3
63978,9,6
63979,9,6
63980,7,0
63981,5,9
63982,8,0
63983,5,1
63984,2,9
63985,5,9
63986,1,2
63987,4,8
63988,4,8
63989,0,0
63990,2,1
63991,9,6
63992,5,9
63993,2,7
63994,4,5
63995,4,3
63996,5,4
63997,2,7
63998,5,4
63999,5,9
64000,5,9
64001,5,4
64002,1,3
64003,0,6
64004,4,3
64005,5,1
64006,2,1
64007,2,7
64008,9,6
64009,5,9
64010,5,1
64011,4,8
64012,5,4
64013,1,1
64014,2,1
64015,4,9
64016,2,9
64017,5,4
64018,4,3
64019,0,6
64020,4,8
64021,5,1
64022,9,6
64023,8,0
64024,5,4
64025,5,1
64026,4,3
64027,2,7
64028,2,7
64029,5,4
64030,2,9
64031,4,5
64032,5,1
64033,7,0
64034,7,0
64035,5,1
64036,5,1
64037,0,6
64038,4,2
64039,2,1
64040,2,9
64041,4,8
64042,5,4
64043,8,0
64044,4,3
64045,9,6
64046,5,4
64047,2,9
64048,7,0
64049,2,7
64050,2,1
64051,9,6
64052,4,5
64053,2,7
64054,4,5
64055,3,2
64056,2,5
64057,5,1
64058,4,8
64059,4,5
64060,5,4
64061,2,7
64062,8,0
64063,4,6
64064,2,7
64065,9,0
64066,3,2
64067,4,5
64068,4,8
64069,5,1
64070,8,0
64071,5,4
64072,4,5
64073,2,7
64074,2,1
64075,4,8
64076,4,5
64077,5,1
64078,1,9
64079,8,0
64080,8,0
64081,0,6
64082,8,0
64083,2,7
64084,1,3
64085,5,1
64086,8,8
64087,4,3
64088,5,9
64089,2,7
64090,8,0
64091,7,0
64092,4,8
64093,5,9
64094,4,5
64095,5,9
64096,3,8
64097,1,3
64098,3,2
64099,2,7
64100,3,2
64101,2,9
64102,2,7
64103,9,2
64104,1,1
64105,5,1
64106,3,3
64107,2,7
64108,4,5
64109,4,3
64110,2,1
64111,9,9
64112,6,8
64113,1,2
64114,3,2
64115,3,2
64116,4,8
64117,7,8
64118,4,5
64119,2,7
64120,3,3
64121,3,8
64122,2,9
64123,3,8
64124,4,8
64125,0,6
64126,4,8
64127,1,2
64128,4,3
64129,5,9
64130,2,7
64131,3,5
64132,0,6
64133,3,2
64134,5,9
64135,9,2
64136,4,8
64137,4,8
64138,2,1
64139,9,6
64140,4,8
64141,5,8
64142,6,7
64143,5,9
64144,5,1
64145,4,8
64146,8,0
64147,2,1
64148,2,7
64149,1,2
64150,7,0
64151,2,7
64152,4,5
64153,5,1
64154,5,9
64155,7,0
64156,4,2
64157,7,0
64158,2,9
64159,4,8
64160,9,6
64161,1,2
64162,4,3
64163,2,9
64164,4,3
64165,4,8
64166,8,0
64167,3,2
64168,9,1
64169,5,1
64170,5,1
64171,5,1
64172,5,4
64173,9,2
64174,5,9
64175,2,7
64176,2,2
64177,9,5
64178,9,1
64179,2,1
64180,3,2
64181,5,1
64182,2,9
64183,5,9
64184,5,9
64185,2,1
64186,7,0
64187,9,2
64188,7,0
64189,3,2
64190,2,1
64191,2,1
64192,5,4
64193,0,6
64194,5,4
64195,2,1
64196,4,5
64197,5,4
64198,2,9
64199,2,7
64200,2,7
64201,2,1
64202,4,5
64203,9,6
64204,9,2
64205,9,2
64206,3,2
64207,4,8
64208,7,0
64209,0,6
64210,5,9
64211,0,6
64212,1,1
64213,2,9
64214,2,7
64215,5,7
64216,2,1
64217,5,4
64218,6,8
64219,4,5
64220,4,3
64221,5,4
64222,1,3
64223,5,4
64224,2,9
64225,2,7
64226,4,5
64227,8,0
64228,2,7
64229,5,4
64230,6,8
64231,5,8
64232,4,1
64233,4,5
64234,3,3
64235,5,9
64236,4,5
64237,5,9
64238,2,7
64239,0,6
64240,5,9
64241,8,0
64242,3,3
64243,9,6
64244,4,3
64245,5,9
64246,4,8
64247,9,2
64248,9,2
64249,5,1
64250,3,2
64251,4,8
64252,9,6
64253,8,8
64254,4,5
64255,4,5
64256,3,3
64257,5,9
64258,5,4
64259,5,9
64260,1,2
64261,4,5
64262,3,1
64263,4,5
64264,2,1
64265,5,4
64266,5,4
64267,5,1
64268,5,4
64269,5,4
64270,3,3
64271,4,5
64272,2,9
64273,2,1
64274,1,2
64275,3,2
64276,4,3
64277,4,3
64278,8,0
64279,9,2
64280,5,9
64281,8,0
64282,7,0
64283,2,9
64284,4,9
64285,0,6
64286,7,0
64287,5,9
64288,4,3
64289,6,2
64290,4,8
64291,5,4
64292,5,1
64293,5,9
64294,8,9
64295,2,7
64296,3,2
64297,1,7
64298,5,9
64299,2,9
64300,4,5
64301,2,9
64302,3,5
64303,2,1
64304,2,1
64305,6,8
64306,2,3
64307,4,5
64308,5,1
64309,5,9
64310,2,5
64311,4,3
64312,4,5
64313,5,4
64314,2,9
64315,4,5
64316,2,9
64317,4,3
64318,5,1
64319,5,9
64320,7,0
64321,2,9
64322,2,7
64323,4,5
64324,5,4
64325,2,9
64326,1,2
64327,7,0
64328,9,1
64329,8,0
64330,4,5
64331,2,1
64332,5,4
64333,5,9
64334,4,3
64335,3,3
64336,9,6
64337,9,1
64338,4,5
64339,1,2
64340,4,5
64341,9,2
64342,3,2
64343,7,0
64344,9,9
64345,3,2
64346,9,6
64347,9,6
64348,7,0
64349,5,1
64350,3,2
64351,8,0
64352,3,3
64353,8,0
64354,1,2
64355,4,5
64356,4,5
64357,2,7
64358,2,9
64359,7,5
64360,4,5
64361,8,0
64362,4,8
64363,5,9
64364,4,5
64365,7,0
64366,3,3
64367,9,2
64368,4,5
64369,2,9
64370,8,0
64371,3,8
64372,5,8
64373,5,4
64374,9,5
64375,4,8
64376,4,8
64377,5,4
64378,4,5
64379,5,4
64380,4,8
64381,4,5
64382,5,4
64383,5,9
64384,3,2
64385,1,2
64386,5,1
64387,3,2
64388,9,6
64389,4,8
64390,5,8
64391,2,7
64392,7,0
64393,1,3
64394,9,6
64395,9,6
64396,5,4
64397,4,3
64398,1,8
64399,4,8
64400,2,7
64401,1,2
64402,1,2
64403,8,0
64404,8,0
64405,5,9
64406,4,3
64407,2,9
64408,8,9
64409,9,1
64410,2,9
64411,4,8
64412,9,6
64413,0,6
64414,5,4
64415,7,2
64416,9,6
64417,5,9
64418,3,2
64419,4,8
64420,4,5
64421,5,4
64422,4,5
64423,5,7
64424,5,9
64425,5,9
64426,5,9
64427,4,2
64428,5,1
64429,4,8
64430,4,3
64431,5,4
64432,8,0
64433,5,7
64434,4,8
64435,2,3
64436,2,9
64437,1,3
64438,0,4
64439,8,6
64440,4,5
64441,9,6
64442,3,2
64443,1,3
64444,5,9
64445,9,2
64446,9,6
64447,8,0
64448,7,0
64449,9,6
64450,2,1
64451,4,2
64452,4,8
64453,2,7
64454,2,9
64455,6,8
64456,1,2
64457,8,0
64458,5,4
64459,2,7
64460,2,7
64461,4,5
64462,8,0
64463,4,5
64464,9,6
64465,5,4
64466,9,6
64467,2,7
64468,5,4
64469,1,3
64470,8,0
64471,2,7
64472,4,5
64473,8,0
64474,2,7
64475,5,4
64476,1,2
64477,4,0
64478,4,8
64479,5,9
64480,2,9
64481,5,4
64482,3,2
64483,5,4
64484,9,6
64485,2,7
64486,4,8
64487,6,7
64488,9,6
64489,4,9
64490,5,4
64491,5,1
64492,4,3
64493,2,7
64494,1,3
64495,7,0
64496,4,8
64497,2,8
64498,5,7
64499,9,6
64500,5,9
64501,3,3
64502,2,9
64503,4,2
64504,0,2
64505,5,9
64506,3,2
64507,3,1
64508,8,8
64509,4,3
64510,3,2
64511,5,9
64512,9,6
64513,3,8
64514,5,4
64515,8,0
64516,5,1
64517,3,2
64518,7,8
64519,5,4
64520,4,5
64521,2,2
64522,2,7
64523,1,8
64524,2,1
64525,2,1
64526,4,3
64527,7,0
64528,4,3
64529,4,5
64530,2,7
64531,8,0
64532,3,3
64533,5,1
64534,2,9
64535,1,3
64536,9,6
64537,4,3
64538,5,1
64539,2,7
64540,2,7
64541,3,3
64542,8,0
64543,4,8
64544,5,4
64545,4,8
64546,3,2
64547,9,6
64548,4,5
64549,1,2
64550,5,9
64551,2,7
64552,4,3
64553,2,9
64554,7,0
64555,5,9
64556,5,9
64557,9,6
64558,5,4
64559,3,2
64560,5,9
64561,2,7
64562,3,2
64563,2,1
64564,5,1
64565,9,6
64566,2,7
64567,5,4
64568,2,7
64569,4,5
64570,2,9
64571,9,6
64572,3,8
64573,1,2
64574,9,1
64575,9,4
64576,5,4
64577,2,5
64578,2,7
64579,9,6
64580,2,1
64581,4,3
64582,9,2
64583,0,5
64584,2,9
64585,5,9
64586,3,3
64587,9,6
64588,4,1
64589,9,1
64590,5,4
64591,0,6
64592,5,9
64593,2,7
64594,3,2
64595,5,1
64596,4,5
64597,2,1
64598,5,4
64599,9,6
64600,3,3
64601,5,8
64602,9,1
64603,2,1
64604,8,0
64605,4,3
64606,5,1
64607,9,6
64608,7,8
64609,5,4
64610,5,9
64611,8,0
64612,2,7
64613,1,3
64614,8,0
64615,0,2
64616,2,9
64617,8,0
64618,0,6
64619,9,6
64620,0,6
64621,4,3
64622,9,6
64623,2,7
64624,2,7
64625,3,2
64626,7,8
64627,9,6
64628,8,0
64629,6,8
64630,4,3
64631,8,0
64632,1,2
64633,2,9
64634,4,8
64635,4,3
64636,3,2
64637,4,5
64638,4,3
64639,2,8
64640,1,8
64641,8,0
64642,8,0
64643,5,1
64644,2,9
64645,4,5
64646,2,1
64647,4,3
64648,2,9
64649,0,6
64650,7,0
64651,5,1
64652,5,4
64653,2,1
64654,2,7
64655,5,1
64656,9,2
64657,4,3
64658,2,7
64659,5,9
64660,2,7
64661,5,4
64662,2,9
64663,5,9
64664,4,3
64665,5,9
64666,3,2
64667,4,8
64668,3,2
64669,2,7
64670,2,1
64671,4,8
64672,7,0
64673,5,9
64674,9,1
64675,8,0
64676,2,1
64677,2,7
64678,2,7
64679,5,9
64680,9,6
64681,5,9
64682,2,9
64683,2,9
64684,3,2
64685,2,1
64686,7,6
64687,2,1
64688,4,3
64689,4,5
64690,2,7
64691,5,1
64692,2,9
64693,2,7
64694,9,6
64695,5,4
64696,4,5
64697,2,7
64698,9,6
64699,9,6
64700,5,9
64701,2,9
64702,9,6
64703,4,3
64704,0,6
64705,3,2
64706,5,9
64707,3,8
64708,5,1
64709,3,2
64710,3,2
64711,4,5
64712,4,5
64713,9,2
64714,4,3
64715,2,7
64716,3,2
64717,2,1
64718,7,0
64719,2,1
64720,8,0
64721,5,4
64722,4,5
64723,5,2
64724,3,8
64725,1,2
64726,4,8
64727,4,3
64728,4,5
64729,5,1
64730,2,7
64731,1,8
64732,5,1
64733,9,1
64734,3,2
64735,5,9
64736,2,7
64737,4,8
64738,5,4
64739,0,0
64740,4,3
64741,8,0
64742,2,7
64743,4,8
64744,4,8
64745,5,4
64746,2,7
64747,2,7
64748,6,8
64749,4,5
64750,4,8
64751,5,4
64752,2,9
64753,1,8
64754,1,1
64755,4,3
64756,6,8
64757,7,0
64758,3,3
64759,5,1
64760,2,7
64761,2,9
64762,4,5
64763,0,5
64764,9,1
64765,9,6
64766,4,5
64767,2,7
64768,5,4
64769,2,9
64770,4,3
64771,4,5
64772,5,4
64773,2,7
64774,2,1
64775,9,2
64776,8,0
64777,4,8
64778,5,1
64779,9,6
64780,8,0
64781,2,7
64782,4,3
64783,5,4
64784,2,7
64785,2,3
64786,2,9
64787,9,6
64788,8,0
64789,4,8
64790,9,6
64791,5,4
64792,4,8
64793,2,7
64794,2,7
64795,5,9
64796,1,3
64797,5,8
64798,9,6
64799,5,9
64800,2,7
64801,9,2
64802,4,3
64803,5,4
64804,8,0
64805,4,2
64806,9,1
64807,3,8
64808,4,3
64809,4,5
64810,4,5
64811,2,7
64812,1,2
64813,5,4
64814,8,6
64815,2,7
64816,9,2
64817,4,8
64818,4,3
64819,7,0
64820,4,8
64821,2,7
64822,4,8
64823,5,9
64824,8,0
64825,9,8
64826,5,4
64827,5,4
64828,4,5
64829,4,8
64830,4,5
64831,9,6
64832,9,6
64833,3,3
64834,8,0
64835,2,9
64836,4,3
64837,1,7
64838,0,6
64839,1,8
64840,5,9
64841,1,3
64842,5,4
64843,2,9
64844,4,5
64845,4,8
64846,5,9
64847,5,1
64848,3,2
64849,4,8
64850,4,8
64851,9,6
64852,4,8
64853,2,1
64854,1,3
64855,2,7
64856,2,9
64857,8,0
64858,2,1
64859,2,1
64860,5,4
64861,2,7
64862,7,0
64863,2,8
64864,2,1
64865,2,7
64866,5,4
64867,4,5
64868,2,7
64869,5,1
64870,3,2
64871,2,1
64872,5,1
64873,4,3
64874,9,9
64875,0,6
64876,9,2
64877,5,1
64878,7,2
64879,9,8
64880,8,0
64881,6,7
64882,9,6
64883,9,6
64884,5,9
64885,3,3
64886,1,7
64887,8,0
64888,8,5
64889,3,2
64890,3,8
64891,7,0
64892,4,5
64893,5,4
64894,1,3
64895,3,8
64896,5,4
64897,0,6
64898,0,6
64899,7,2
64900,2,7
64901,2,9
64902,4,5
64903,9,1
64904,4,3
64905,3,2
64906,5,4
64907,4,3
64908,9,6
64909,5,1
64910,5,9
64911,5,4
64912,5,4
64913,2,7
64914,9,6
64915,4,5
64916,5,4
64917,9,1
64918,5,9
64919,5,9
64920,3,2
64921,2,7
64922,1,8
64923,7,0
64924,5,1
64925,4,3
64926,9,6
64927,2,1
64928,4,3
64929,5,4
64930,5,1
64931,5,1
64932,5,1
64933,4,5
64934,9,6
64935,7,0
64936,2,7
64937,7,0
64938,2,7
64939,1,2
64940,4,3
64941,3,2
64942,4,5
64943,2,2
64944,3,2
64945,5,9
64946,5,4
64947,5,9
64948,4,8
64949,5,1
64950,3,2
64951,2,1
64952,0,6
64953,5,1
64954,3,2
64955,2,7
64956,5,8
64957,7,0
64958,7,0
64959,8,0
64960,4,8
64961,3,2
64962,9,2
64963,2,9
64964,3,2
64965,3,2
64966,2,7
64967,5,9
64968,8,9
64969,4,2
64970,2,7
64971,4,5
64972,2,1
64973,4,3
64974,5,4
64975,2,9
64976,5,4
64977,2,1
64978,2,8
64979,4,5
64980,9,6
64981,3,2
64982,4,8
64983,1,3
64984,5,1
64985,9,2
64986,4,8
64987,5,4
64988,2,9
64989,2,9
64990,5,3
64991,2,7
64992,8,0
64993,2,7
64994,2,7
64995,4,2
64996,4,3
64997,3,2
64998,5,4
64999,8,0
65000,4,3
65001,5,9
65002,2,9
65003,6,8
65004,5,4
65005,2,1
65006,7,0
65007,0,6
65008,7,0
65009,2,9
65010,0,6
65011,3,8
65012,0,6
65013,9,1
65014,2,1
65015,5,9
65016,6,8
65017,5,9
65018,3,2
65019,3,3
65020,4,5
65021,4,5
65022,5,9
65023,5,4
65024,3,2
65025,2,1
65026,5,9
65027,5,4
65028,3,3
65029,2,9
65030,0,6
65031,7,0
65032,5,4
65033,7,0
65034,0,6
65035,7,0
65036,5,1
65037,3,2
65038,1,3
65039,5,4
65040,2,7
65041,4,8
65042,2,9
65043,7,0
65044,5,1
65045,1,2
65046,1,3
65047,5,4
65048,2,7
65049,3,8
65050,2,9
65051,7,0
65052,5,1
65053,9,2
65054,3,3
65055,5,4
65056,0,5
65057,0,6
65058,2,7
65059,3,8
65060,2,9
65061,4,8
65062,3,3
65063,5,4
65064,2,7
65065,3,8
65066,0,6
65067,3,3
65068,2,4
65069,7,0
65070,2,9
65071,2,7
65072,1,1
65073,2,9
65074,1,3
65075,4,8
65076,5,4
65077,2,7
65078,3,3
65079,7,0
65080,2,9
65081,2,1
65082,5,4
65083,4,5
65084,5,4
65085,0,6
65086,0,2
65087,7,0
65088,0,6
65089,3,2
65090,9,1
65091,5,1
65092,1,1
65093,1,1
65094,2,7
65095,3,2
65096,5,4
65097,2,7
65098,4,5
65099,3,2
65100,2,9
65101,5,4
65102,0,5
65103,6,8
65104,5,4
65105,3,2
65106,2,9
65107,2,7
65108,7,0
65109,7,0
65110,2,7
65111,4,5
65112,5,1
65113,2,1
65114,2,7
65115,9,6
65116,0,6
65117,0,6
65118,3,8
65119,3,2
65120,3,2
65121,2,7
65122,2,7
65123,5,4
65124,7,0
65125,3,2
65126,5,4
65127,3,2
65128,9,1
65129,4,8
65130,2,9
65131,0,6
65132,3,1
65133,7,0
65134,9,5
65135,2,9
65136,0,6
65137,2,9
65138,4,8
65139,7,0
65140,3,3
65141,7,0
65142,3,8
65143,3,3
65144,2,9
65145,9,6
65146,3,3
65147,7,0
65148,9,1
65149,3,2
65150,3,3
65151,5,4
65152,4,5
65153,0,6
65154,2,7
65155,0,0
65156,5,1
65157,4,2
65158,3,3
65159,5,4
65160,4,5
65161,9,6
65162,2,7
65163,7,8
65164,2,9
65165,3,0
65166,2,1
65167,3,2
65168,3,3
65169,5,4
65170,4,5
65171,9,6
65172,2,7
65173,7,8
65174,4,5
65175,5,4
65176,2,8
65177,2,7
65178,5,4
65179,2,7
65180,2,7
65181,4,3
65182,2,9
65183,2,8
65184,4,8
65185,4,3
65186,9,1
65187,4,5
65188,4,8
65189,3,2
65190,2,7
65191,5,4
65192,3,2
65193,2,1
65194,0,5
65195,5,4
65196,4,5
65197,4,5
65198,2,8
65199,9,6
65200,5,4
65201,5,4
65202,5,4
65203,2,1
65204,4,8
65205,2,7
65206,4,5
65207,4,5
65208,9,1
65209,3,8
65210,2,9
65211,2,1
65212,3,3
65213,0,6
65214,4,3
65215,4,3
65216,3,2
65217,3,2
65218,9,6
65219,2,9
65220,2,9
65221,9,6
65222,4,5
65223,4,5
65224,3,3
65225,3,3
65226,7,8
65227,5,1
65228,9,6
65229,4,5
65230,9,6
65231,5,8
65232,9,1
65233,2,9
65234,2,7
65235,9,6
65236,4,8
65237,3,3
65238,2,7
65239,5,4
65240,2,7
65241,7,0
65242,2,9
65243,7,0
65244,7,0
65245,4,3
65246,2,7
65247,2,9
65248,3,3
65249,7,0
65250,3,2
65251,7,0
65252,9,1
65253,7,0
65254,9,1
65255,7,0
65256,5,4
65257,7,0
65258,3,1
65259,7,0
65260,5,4
65261,2,7
65262,2,9
65263,0,6
65264,3,2
65265,9,6
65266,3,2
65267,3,2
65268,2,9
65269,2,9
65270,8,0
65271,5,1
65272,3,2
65273,1,3
65274,5,4
65275,4,5
65276,9,6
65277,2,7
65278,6,8
65279,2,9
65280,8,0
65281,5,1
65282,3,2
65283,4,3
65284,5,4
65285,4,5
65286,9,6
65287,2,7
65288,6,8
65289,2,9
65290,7,0
65291,5,1
65292,3,2
65293,1,3
65294,5,4
65295,4,5
65296,9,6
65297,2,7
65298,6,8
65299,2,9
65300,5,8
65301,8,0
65302,4,5
65303,9,6
65304,9,6
65305,7,0
65306,2,8
65307,8,0
65308,3,2
65309,1,3
65310,2,7
65311,2,9
65312,5,4
65313,2,7
65314,9,1
65315,2,9
65316,2,1
65317,2,7
65318,5,1
65319,5,4
65320,8,0
65321,8,0
65322,5,4
65323,1,1
65324,2,7
65325,4,5
65326,2,7
65327,1,1
65328,4,3
65329,1,3
65330,1,3
65331,9,1
65332,0,6
65333,2,9
65334,2,7
65335,5,4
65336,1,3
65337,8,0
65338,3,2
65339,4,5
65340,3,2
65341,9,6
65342,8,0
65343,5,8
65344,2,9
65345,5,4
65346,1,3
65347,4,5
65348,5,4
65349,6,8
65350,1,1
65351,4,5
65352,2,9
65353,7,0
65354,9,6
65355,5,4
65356,1,3
65357,0,6
65358,1,3
65359,1,3
65360,6,8
65361,9,1
65362,5,4
65363,2,7
65364,4,5
65365,2,7
65366,3,2
65367,3,2
65368,8,0
65369,8,0
65370,5,1
65371,2,7
65372,2,7
65373,2,9
65374,4,5
65375,2,9
65376,6,8
65377,2,9
65378,0,6
65379,6,8
65380,2,8
65381,3,2
65382,1,3
65383,9,6
65384,5,1
65385,3,2
65386,2,9
65387,5,8
65388,2,9
65389,4,5
65390,3,2
65391,9,6
65392,3,2
65393,5,4
65394,6,8
65395,5,4
65396,9,6
65397,4,5
65398,8,0
65399,9,1
65400,4,5
65401,9,6
65402,2,7
65403,4,8
65404,2,9
65405,8,0
65406,2,1
65407,9,2
65408,3,3
65409,5,4
65410,4,5
65411,9,6
65412,2,7
65413,4,8
65414,2,9
65415,7,0
65416,5,1
65417,3,2
65418,3,3
65419,5,4
65420,4,5
65421,0,6
65422,2,7
65423,4,8
65424,2,9
65425,2,7
65426,5,4
65427,3,2
65428,7,0
65429,2,9
65430,7,0
65431,1,1
65432,4,5
65433,4,8
65434,4,8
65435,8,0
65436,3,2
65437,2,7
65438,4,8
65439,5,4
65440,5,4
65441,9,6
65442,9,1
65443,8,0
65444,5,4
65445,4,5
65446,4,3
65447,2,9
65448,5,4
65449,3,2
65450,8,0
65451,4,5
65452,8,0
65453,5,1
65454,3,3
65455,3,2
65456,2,9
65457,5,1
65458,9,6
65459,7,0
65460,2,1
65461,5,1
65462,4,8
65463,8,0
65464,5,4
65465,2,7
65466,2,7
65467,9,6
65468,3,3
65469,9,6
65470,8,0
65471,2,7
65472,3,3
65473,4,5
65474,5,4
65475,1,2
65476,5,4
65477,5,1
65478,4,8
65479,3,3
65480,4,5
65481,9,6
65482,2,7
65483,7,0
65484,0,6
65485,2,7
65486,9,1
65487,3,2
65488,4,5
65489,4,8
65490,2,1
65491,2,9
65492,3,3
65493,1,8
65494,3,2
65495,4,8
65496,2,7
65497,0,6
65498,2,7
65499,2,1
65500,5,4
65501,9,6
65502,9,2
65503,2,9
65504,3,3
65505,8,0
65506,5,1
65507,9,2
65508,4,3
65509,5,4
65510,4,5
65511,9,6
65512,2,7
65513,8,0
65514,2,1
65515,4,2
65516,4,3
65517,5,4
65518,4,5
65519,8,0
65520,5,1
65521,4,2
65522,4,8
65523,2,9
65524,2,1
65525,5,4
65526,8,0
65527,5,9
65528,4,5
65529,8,0
65530,4,8
65531,7,0
65532,2,7
65533,2,7
65534,5,1
65535,2,1
65536,4,2
65537,5,9
65538,4,3
65539,0,6
65540,2,7
65541,1,2
65542,4,3
65543,4,8
65544,5,1
65545,3,2
65546,5,9
65547,4,8
65548,4,8
65549,2,7
65550,5,1
65551,2,7
65552,1,1
65553,5,1
65554,8,0
65555,4,3
65556,5,4
65557,3,2
65558,9,6
65559,5,4
65560,2,7
65561,5,4
65562,3,2
65563,2,7
65564,5,4
65565,5,9
65566,2,1
65567,8,0
65568,9,6
65569,3,8
65570,4,5
65571,4,5
65572,4,5
65573,4,3
65574,4,5
65575,2,9
65576,2,7
65577,5,4
65578,4,8
65579,4,5
65580,5,9
65581,9,6
65582,5,9
65583,4,3
65584,8,0
65585,4,3
65586,3,8
65587,2,9
65588,9,1
65589,5,8
65590,1,1
65591,0,6
65592,8,0
65593,7,0
65594,5,1
65595,9,2
65596,1,3
65597,5,4
65598,4,5
65599,9,6
65600,2,7
65601,5,8
65602,2,9
65603,8,0
65604,2,1
65605,3,2
65606,4,3
65607,5,4
65608,4,5
65609,9,6
65610,2,7
65611,5,8
65612,2,9
65613,8,0
65614,5,1
65615,3,2
65616,1,3
65617,5,4
65618,4,5
65619,9,6
65620,2,7
65621,4,8
65622,2,9
65623,1,3
65624,4,5
65625,4,3
65626,3,2
65627,5,9
65628,1,3
65629,3,2
65630,2,1
65631,5,4
65632,4,5
65633,4,5
65634,3,2
65635,4,3
65636,9,2
65637,2,1
65638,4,3
65639,2,9
65640,2,7
65641,3,2
65642,9,1
65643,3,2
65644,4,8
65645,2,9
65646,9,1
65647,4,8
65648,5,8
65649,2,7
65650,5,8
65651,2,1
65652,8,0
65653,8,0
65654,2,7
65655,2,7
65656,4,8
65657,2,7
65658,4,5
65659,8,0
65660,9,6
65661,5,1
65662,3,5
65663,2,7
65664,5,4
65665,9,6
65666,2,1
65667,9,2
65668,4,5
65669,8,0
65670,2,7
65671,2,9
65672,2,9
65673,7,0
65674,1,3
65675,4,8
65676,5,4
65677,5,4
65678,4,8
65679,2,1
65680,4,8
65681,9,6
65682,4,5
65683,5,9
65684,8,0
65685,8,0
65686,8,0
65687,1,3
65688,2,7
65689,2,1
65690,9,6
65691,5,4
65692,3,2
65693,9,6
65694,9,6
65695,8,0
65696,5,4
65697,4,5
65698,5,4
65699,2,1
65700,4,3
65701,9,8
65702,9,6
65703,1,3
65704,5,9
65705,5,9
65706,4,5
65707,2,9
65708,1,3
65709,2,7
65710,4,8
65711,4,5
65712,9,6
65713,5,4
65714,2,7
65715,9,6
65716,3,2
65717,3,2
65718,8,0
65719,2,9
65720,5,4
65721,8,0
65722,9,1
65723,3,2
65724,4,3
65725,5,4
65726,4,5
65727,0,6
65728,2,7
65729,2,8
65730,2,9
65731,7,0
65732,2,1
65733,3,2
65734,2,3
65735,9,5
65736,9,6
65737,7,0
65738,2,1
65739,3,2
65740,4,3
65741,5,4
65742,4,5
65743,0,6
65744,3,8
65745,2,7
65746,9,1
65747,4,3
65748,3,2
65749,9,8
65750,7,0
65751,2,7
65752,0,5
65753,2,9
65754,5,9
65755,0,6
65756,7,0
65757,2,9
65758,5,4
65759,9,1
65760,3,3
65761,7,2
65762,9,1
65763,3,2
65764,3,3
65765,6,8
65766,3,3
65767,3,2
65768,9,6
65769,4,5
65770,0,6
65771,7,8
65772,3,2
65773,2,7
65774,5,4
65775,2,8
65776,5,1
65777,7,8
65778,7,0
65779,4,5
65780,1,3
65781,2,9
65782,5,4
65783,9,1
65784,8,9
65785,3,2
65786,9,1
65787,2,9
65788,9,6
65789,2,7
65790,2,9
65791,7,0
65792,5,4
65793,9,6
65794,5,1
65795,2,7
65796,4,3
65797,3,8
65798,2,7
65799,1,2
65800,2,9
65801,0,6
65802,4,5
65803,3,8
65804,4,3
65805,2,9
65806,7,0
65807,4,5
65808,2,7
65809,9,1
65810,9,6
65811,5,1
65812,7,0
65813,2,9
65814,4,3
65815,4,3
65816,5,4
65817,5,4
65818,8,0
65819,9,6
65820,3,2
65821,4,5
65822,5,4
65823,3,2
65824,4,3
65825,5,4
65826,9,6
65827,7,0
65828,7,0
65829,9,2
65830,3,0
65831,9,1
65832,5,4
65833,4,5
65834,0,6
65835,2,7
65836,3,8
65837,2,9
65838,7,0
65839,5,1
65840,3,2
65841,3,3
65842,5,4
65843,3,5
65844,9,6
65845,2,7
65846,7,8
65847,7,0
65848,2,1
65849,3,2
65850,3,3
65851,5,4
65852,4,5
65853,9,6
65854,2,7
65855,4,8
65856,2,9
65857,3,8
65858,2,7
65859,5,1
65860,3,3
65861,2,7
65862,4,5
65863,3,2
65864,4,8
65865,7,0
65866,2,7
65867,4,5
65868,5,9
65869,5,9
65870,8,0
65871,2,9
65872,2,1
65873,9,1
65874,4,5
65875,4,8
65876,4,8
65877,9,6
65878,3,3
65879,3,2
65880,2,1
65881,4,8
65882,3,3
65883,3,2
65884,9,6
65885,4,5
65886,9,6
65887,8,7
65888,0,4
65889,2,1
65890,8,0
65891,3,5
65892,3,3
65893,5,1
65894,5,9
65895,9,2
65896,2,1
65897,2,9
65898,9,6
65899,8,0
65900,5,4
65901,9,6
65902,2,1
65903,2,7
65904,4,3
65905,4,8
65906,2,7
65907,3,2
65908,2,9
65909,9,6
65910,4,5
65911,4,8
65912,3,3
65913,3,5
65914,2,7
65915,5,1
65916,9,6
65917,2,1
65918,8,0
65919,5,9
65920,9,6
65921,9,2
65922,3,5
65923,5,4
65924,9,2
65925,3,3
65926,5,4
65927,5,4
65928,9,6
65929,8,0
65930,7,0
65931,9,2
65932,8,0
65933,5,1
65934,9,2
65935,1,3
65936,5,4
65937,4,5
65938,9,6
65939,2,7
65940,4,8
65941,5,9
65942,7,0
65943,5,1
65944,9,2
65945,4,3
65946,5,4
65947,4,5
65948,9,6
65949,2,7
65950,4,8
65951,5,9
65952,8,0
65953,5,1
65954,9,2
65955,4,3
65956,5,4
65957,4,5
65958,9,6
65959,2,7
65960,9,8
65961,2,9
65962,4,8
65963,9,6
65964,4,5
65965,8,0
65966,9,6
65967,8,8
65968,5,9
65969,5,4
65970,5,1
65971,2,9
65972,4,5
65973,4,3
65974,8,0
65975,5,4
65976,4,8
65977,5,9
65978,5,1
65979,5,4
65980,8,0
65981,4,5
65982,4,5
65983,1,2
65984,5,1
65985,4,5
65986,5,4
65987,8,0
65988,2,7
65989,9,6
65990,8,0
65991,5,1
65992,2,7
65993,8,0
65994,9,6
65995,4,8
65996,5,9
65997,4,5
65998,2,1
65999,2,7
66000,2,9
66001,4,8
66002,9,6
66003,8,0
66004,4,8
66005,5,1
66006,2,7
66007,2,7
66008,5,1
66009,4,3
66010,9,2
66011,1,3
66012,5,1
66013,5,4
66014,9,2
66015,8,0
66016,8,0
66017,2,7
66018,4,8
66019,5,4
66020,9,6
66021,5,4
66022,5,9
66023,4,3
66024,4,8
66025,5,4
66026,2,7
66027,9,2
66028,4,5
66029,9,6
66030,4,3
66031,9,6
66032,5,9
66033,9,6
66034,4,3
66035,8,2
66036,9,2
66037,5,4
66038,9,6
66039,5,9
66040,8,0
66041,9,2
66042,4,5
66043,4,5
66044,5,1
66045,4,3
66046,4,3
66047,5,9
66048,2,7
66049,4,8
66050,2,7
66051,9,2
66052,9,2
66053,4,5
66054,2,7
66055,2,9
66056,4,8
66057,9,2
66058,5,1
66059,4,3
66060,5,1
66061,4,3
66062,7,0
66063,1,1
66064,1,2
66065,4,3
66066,5,4
66067,4,5
66068,9,6
66069,2,7
66070,7,8
66071,3,9
66072,0,0
66073,1,1
66074,1,2
66075,4,3
66076,5,4
66077,4,5
66078,9,6
66079,2,7
66080,7,8
66081,7,9
66082,7,0
66083,5,1
66084,3,2
66085,4,3
66086,5,4
66087,4,5
66088,0,6
66089,2,7
66090,7,8
66091,7,9
66092,1,1
66093,3,2
66094,9,6
66095,0,5
66096,4,3
66097,8,0
66098,2,7
66099,7,0
66100,5,4
66101,9,1
66102,5,4
66103,4,3
66104,9,6
66105,2,7
66106,3,2
66107,4,3
66108,1,1
66109,9,2
66110,5,1
66111,1,2
66112,8,9
66113,9,6
66114,7,0
66115,1,1
66116,4,3
66117,7,0
66118,1,2
66119,2,7
66120,0,5
66121,2,7
66122,9,6
66123,1,2
66124,8,9
66125,5,1
66126,8,9
66127,8,0
66128,9,6
66129,7,0
66130,9,6
66131,7,0
66132,1,2
66133,8,0
66134,9,6
66135,9,1
66136,4,5
66137,7,8
66138,5,4
66139,3,3
66140,7,0
66141,2,1
66142,4,5
66143,5,4
66144,5,4
66145,4,8
66146,4,5
66147,2,7
66148,4,5
66149,2,7
66150,7,8
66151,4,3
66152,5,4
66153,4,8
66154,3,8
66155,4,5
66156,9,2
66157,7,9
66158,2,7
66159,1,1
66160,4,3
66161,7,8
66162,9,1
66163,8,0
66164,2,7
66165,4,5
66166,1,9
66167,9,6
66168,7,9
66169,5,4
66170,2,7
66171,2,7
66172,7,9
66173,7,9
66174,4,3
66175,5,4
66176,5,4
66177,4,3
66178,8,8
66179,9,6
66180,9,2
66181,7,0
66182,2,1
66183,3,2
66184,3,3
66185,5,4
66186,4,5
66187,0,6
66188,2,7
66189,4,8
66190,2,9
66191,7,0
66192,5,1
66193,3,2
66194,3,3
66195,5,4
66196,4,5
66197,9,6
66198,2,7
66199,4,8
66200,2,9
66201,7,0
66202,9,1
66203,3,2
66204,1,3
66205,5,4
66206,4,5
66207,0,6
66208,2,7
66209,3,8
66210,2,9
66211,8,0
66212,4,8
66213,3,3
66214,2,9
66215,3,5
66216,4,5
66217,3,2
66218,9,6
66219,4,8
66220,5,4
66221,2,9
66222,9,1
66223,2,7
66224,5,1
66225,3,2
66226,3,3
66227,4,5
66228,5,9
66229,0,6
66230,2,9
66231,5,1
66232,2,1
66233,2,1
66234,3,2
66235,2,9
66236,4,5
66237,9,6
66238,4,8
66239,2,1
66240,3,2
66241,8,0
66242,2,7
66243,2,7
66244,3,5
66245,3,8
66246,3,2
66247,2,9
66248,3,8
66249,2,9
66250,7,0
66251,5,4
66252,9,6
66253,2,7
66254,2,1
66255,1,3
66256,5,4
66257,4,5
66258,9,6
66259,8,0
66260,3,3
66261,0,6
66262,4,8
66263,2,7
66264,7,0
66265,5,4
66266,3,2
66267,2,7
66268,5,4
66269,2,7
66270,4,5
66271,5,4
66272,4,3
66273,5,4
66274,3,2
66275,4,8
66276,5,1
66277,4,5
66278,9,1
66279,9,2
66280,7,0
66281,3,2
66282,4,5
66283,0,6
66284,5,4
66285,3,3
66286,7,0
66287,7,0
66288,7,0
66289,3,3
66290,3,3
66291,4,5
66292,2,7
66293,7,0
66294,9,6
66295,5,4
66296,4,8
66297,4,8
66298,9,6
66299,3,3
66300,5,4
66301,9,6
66302,2,9
66303,2,9
66304,3,8
66305,3,2
66306,2,7
66307,2,7
66308,2,1
66309,8,0
66310,1,1
66311,3,2
66312,4,3
66313,5,4
66314,4,5
66315,9,6
66316,2,7
66317,5,8
66318,5,9
66319,8,0
66320,5,1
66321,1,2
66322,1,3
66323,5,4
66324,4,5
66325,9,6
66326,2,7
66327,3,8
66328,7,0
66329,9,1
66330,3,2
66331,1,3
66332,5,4
66333,4,5
66334,0,6
66335,2,7
66336,5,8
66337,3,2
66338,2,1
66339,2,7
66340,3,2
66341,4,5
66342,8,0
66343,5,8
66344,8,0
66345,7,2
66346,2,7
66347,4,8
66348,5,8
66349,3,3
66350,9,6
66351,7,0
66352,7,2
66353,2,7
66354,9,6
66355,9,6
66356,1,1
66357,3,2
66358,4,8
66359,3,8
66360,2,7
66361,2,7
66362,5,4
66363,2,7
66364,2,7
66365,4,3
66366,2,7
66367,5,4
66368,4,5
66369,5,4
66370,1,3
66371,4,3
66372,5,8
66373,5,4
66374,5,1
66375,5,1
66376,5,9
66377,2,7
66378,5,4
66379,4,3
66380,2,7
66381,4,3
66382,3,3
66383,8,0
66384,3,2
66385,3,5
66386,4,5
66387,9,6
66388,9,6
66389,4,3
66390,4,5
66391,3,2
66392,9,5
66393,5,9
66394,5,9
66395,5,8
66396,5,4
66397,2,1
66398,8,0
66399,9,6
66400,7,0
66401,5,9
66402,9,6
66403,5,8
66404,5,8
66405,4,5
66406,9,6
66407,2,1
66408,2,1
66409,5,9
66410,5,8
66411,5,9
66412,7,2
66413,1,3
66414,4,5
66415,4,5
66416,2,9
66417,5,4
66418,9,2
66419,2,1
66420,5,9
66421,1,3
66422,5,9
66423,3,2
66424,7,0
66425,9,6
66426,7,0
66427,5,4
66428,7,0
66429,7,0
66430,1,1
66431,3,2
66432,4,3
66433,5,4
66434,2,7
66435,6,8
66436,2,9
66437,7,0
66438,5,1
66439,3,2
66440,3,3
66441,2,7
66442,6,8
66443,2,9
66444,7,0
66445,3,1
66446,7,2
66447,3,3
66448,5,4
66449,2,7
66450,3,8
66451,2,9
66452,2,7
66453,3,3
66454,7,0
66455,3,3
66456,9,1
66457,6,8
66458,2,7
66459,0,6
66460,5,4
66461,7,0
66462,3,2
66463,0,6
66464,6,8
66465,3,3
66466,6,2
66467,3,8
66468,9,1
66469,3,2
66470,7,0
66471,2,7
66472,5,1
66473,0,0
66474,5,4
66475,5,4
66476,4,5
66477,6,8
66478,7,0
66479,0,6
66480,9,2
66481,3,3
66482,5,1
66483,4,5
66484,9,1
66485,5,8
66486,4,5
66487,2,9
66488,5,4
66489,7,0
66490,2,7
66491,4,5
66492,6,8
66493,3,8
66494,3,3
66495,6,8
66496,2,9
66497,7,2
66498,0,6
66499,3,2
66500,4,5
66501,3,3
66502,5,1
66503,2,7
66504,4,3
66505,7,9
66506,9,1
66507,5,9
66508,2,9
66509,0,6
66510,7,0
66511,3,3
66512,2,9
66513,3,2
66514,6,8
66515,3,1
66516,5,4
66517,3,3
66518,4,5
66519,3,2
66520,2,9
66521,3,2
66522,4,5
66523,6,8
66524,2,9
66525,4,5
66526,8,0
66527,1,1
66528,3,2
66529,5,4
66530,4,5
66531,9,6
66532,8,0
66533,9,1
66534,1,2
66535,4,3
66536,5,4
66537,4,5
66538,0,6
66539,2,7
66540,2,1
66541,1,2
66542,4,3
66543,5,4
66544,4,5
66545,5,1
66546,7,0
66547,5,4
66548,4,5
66549,9,6
66550,9,6
66551,4,3
66552,5,4
66553,5,4
66554,7,2
66555,2,8
66556,2,1
66557,7,0
66558,9,6
66559,5,4
66560,5,9
66561,2,7
66562,9,2
66563,4,3
66564,4,3
66565,2,9
66566,3,2
66567,7,0
66568,2,9
66569,4,3
66570,4,3
66571,2,9
66572,2,1
66573,4,5
66574,5,2
66575,4,3
66576,2,7
66577,2,7
66578,4,8
66579,5,4
66580,7,0
66581,1,2
66582,5,4
66583,8,0
66584,1,2
66585,5,4
66586,2,7
66587,3,8
66588,8,0
66589,2,7
66590,8,0
66591,9,6
66592,5,9
66593,4,3
66594,3,2
66595,7,8
66596,9,6
66597,2,0
66598,3,5
66599,2,7
66600,4,5
66601,1,1
66602,8,0
66603,2,8
66604,9,1
66605,9,6
66606,2,7
66607,3,2
66608,2,9
66609,2,7
66610,2,9
66611,9,5
66612,4,8
66613,9,6
66614,7,2
66615,9,6
66616,1,2
66617,2,8
66618,9,1
66619,2,7
66620,4,5
66621,8,0
66622,2,1
66623,9,1
66624,4,3
66625,8,8
66626,5,4
66627,5,9
66628,2,1
66629,4,8
66630,9,6
66631,2,8
66632,2,9
66633,7,0
66634,5,1
66635,3,2
66636,4,3
66637,5,4
66638,4,5
66639,9,6
66640,2,7
66641,4,8
66642,2,9
66643,0,0
66644,2,1
66645,3,2
66646,3,3
66647,5,4
66648,2,7
66649,6,8
66650,2,9
66651,3,0
66652,3,1
66653,2,7
66654,3,8
66655,2,9
66656,2,9
66657,6,8
66658,2,9
66659,6,8
66660,5,4
66661,3,1
66662,2,7
66663,2,7
66664,3,3
66665,4,3
66666,2,7
66667,0,6
66668,0,6
66669,0,6
66670,2,1
66671,2,9
66672,7,0
66673,2,1
66674,2,7
66675,0,6
66676,3,3
66677,3,2
66678,2,1
66679,2,7
66680,2,1
66681,3,3
66682,2,9
66683,5,1
66684,2,7
66685,0,6
66686,3,8
66687,5,4
66688,3,1
66689,5,4
66690,4,3
66691,0,6
66692,6,9
66693,0,6
66694,3,1
66695,5,4
66696,5,4
66697,2,7
66698,3,2
66699,5,4
66700,5,4
66701,7,0
66702,1,1
66703,1,2
66704,1,3
66705,5,4
66706,3,5
66707,0,6
66708,6,7
66709,6,8
66710,6,9
66711,7,0
66712,5,1
66713,3,2
66714,1,3
66715,5,4
66716,9,5
66717,0,6
66718,6,9
66719,7,0
66720,1,1
66721,9,2
66722,3,3
66723,0,4
66724,6,7
66725,6,8
66726,1,1
66727,4,3
66728,3,5
66729,9,1
66730,2,7
66731,2,7
66732,9,2
66733,3,1
66734,5,4
66735,6,8
66736,3,3
66737,0,4
66738,5,4
66739,3,3
66740,6,9
66741,6,7
66742,5,4
66743,3,1
66744,9,2
66745,1,3
66746,0,5
66747,6,9
66748,5,1
66749,0,6
66750,7,0
66751,3,1
66752,7,0
66753,7,0
66754,9,2
66755,6,8
66756,2,7
66757,5,1
66758,3,1
66759,0,4
66760,7,0
66761,0,4
66762,6,7
66763,3,3
66764,0,6
66765,3,8
66766,7,0
66767,3,3
66768,3,7
66769,0,4
66770,7,0
66771,0,6
66772,6,9
66773,1,2
66774,0,6
66775,0,5
66776,5,8
66777,0,6
66778,2,9
66779,7,0
66780,0,4
66781,7,0
66782,0,6
66783,0,1
66784,6,9
66785,9,2
66786,7,0
66787,2,9
66788,0,5
66789,5,1
66790,3,3
66791,2,7
66792,0,6
66793,2,9
66794,3,3
66795,7,0
66796,3,2
66797,3,2
66798,8,0
66799,5,1
66800,4,2
66801,1,3
66802,5,4
66803,4,5
66804,9,6
66805,2,7
66806,1,8
66807,2,9
66808,8,0
66809,2,1
66810,1,2
66811,4,3
66812,5,4
66813,4,5
66814,9,6
66815,2,7
66816,4,8
66817,2,9
66818,8,0
66819,5,1
66820,1,2
66821,1,3
66822,5,4
66823,4,5
66824,9,6
66825,2,7
66826,6,8
66827,5,9
66828,3,2
66829,2,1
66830,2,7
66831,1,2
66832,4,5
66833,7,0
66834,4,8
66835,7,0
66836,9,2
66837,2,7
66838,4,8
66839,4,8
66840,1,3
66841,8,0
66842,9,6
66843,8,0
66844,4,2
66845,2,7
66846,9,6
66847,9,6
66848,2,1
66849,4,2
66850,4,8
66851,4,8
66852,2,7
66853,2,7
66854,5,4
66855,2,7
66856,2,7
66857,4,3
66858,2,7
66859,5,4
66860,4,5
66861,5,4
66862,4,3
66863,4,3
66864,4,8
66865,5,4
66866,4,5
66867,5,4
66868,9,1
66869,2,1
66870,5,9
66871,2,7
66872,5,4
66873,4,3
66874,2,7
66875,3,3
66876,4,3
66877,8,0
66878,9,2
66879,4,5
66880,4,5
66881,9,6
66882,4,3
66883,9,1
66884,4,5
66885,9,2
66886,4,5
66887,5,9
66888,2,9
66889,2,8
66890,5,4
66891,2,1
66892,8,0
66893,9,6
66894,8,0
66895,2,9
66896,9,6
66897,2,8
66898,2,8
66899,4,5
66900,9,6
66901,5,1
66902,2,1
66903,2,9
66904,5,8
66905,2,9
66906,9,2
66907,3,3
66908,4,5
66909,4,5
66910,2,9
66911,5,4
66912,9,2
66913,2,1
66914,2,9
66915,5,4
66916,2,9
66917,2,1
66918,4,3
66919,2,9
66920,4,2
66921,8,0
66922,9,6
66923,8,0
66924,5,4
66925,8,0
66926,9,6
66927,8,0
66928,5,1
66929,9,2
66930,3,3
66931,5,4
66932,4,5
66933,9,6
66934,2,7
66935,6,8
66936,5,9
66937,7,0
66938,2,1
66939,3,2
66940,3,3
66941,5,4
66942,4,5
66943,0,6
66944,2,7
66945,6,8
66946,2,9
66947,7,0
66948,5,1
66949,3,2
66950,3,3
66951,5,4
66952,3,5
66953,0,6
66954,2,7
66955,6,8
66956,2,9
66957,3,3
66958,4,8
66959,8,0
66960,2,7
66961,2,1
66962,8,0
66963,2,7
66964,3,5
66965,4,5
66966,9,6
66967,2,9
66968,7,0
66969,9,1
66970,8,0
66971,8,0
66972,6,8
66973,3,3
66974,5,4
66975,3,3
66976,9,1
66977,4,5
66978,8,0
66979,8,0
66980,2,9
66981,4,5
66982,1,3
66983,5,4
66984,2,9
66985,3,3
66986,2,7
66987,9,6
66988,2,9
66989,3,2
66990,5,4
66991,4,5
66992,2,7
66993,3,2
66994,0,6
66995,5,4
66996,2,9
66997,5,4
66998,2,9
66999,5,4
67000,9,1
67001,3,2
67002,3,2
67003,4,5
67004,4,8
67005,9,1
67006,3,3
67007,3,2
67008,2,9
67009,5,4
67010,3,3
67011,5,8
67012,3,2
67013,3,2
67014,9,1
67015,3,2
67016,4,8
67017,9,6
67018,4,5
67019,5,1
67020,9,6
67021,2,7
67022,3,2
67023,2,1
67024,1,3
67025,2,9
67026,3,3
67027,6,8
67028,2,7
67029,3,5
67030,2,7
67031,8,0
67032,2,7
67033,5,4
67034,7,8
67035,4,8
67036,4,5
67037,8,0
67038,9,6
67039,9,6
67040,3,3
67041,2,7
67042,9,6
67043,2,9
67044,2,9
67045,5,4
67046,3,8
67047,5,4
67048,9,1
67049,0,0
67050,0,6
67051,0,6
67052,7,0
67053,5,1
67054,1,2
67055,4,3
67056,5,4
67057,4,5
67058,0,6
67059,2,7
67060,3,8
67061,2,9
67062,8,0
67063,2,1
67064,9,2
67065,1,3
67066,5,4
67067,4,5
67068,0,6
67069,2,7
67070,6,8
67071,2,9
67072,7,0
67073,5,1
67074,1,2
67075,1,3
67076,5,4
67077,4,5
67078,9,6
67079,2,7
67080,6,8
67081,2,9
67082,2,7
67083,5,4
67084,0,0
67085,5,4
67086,7,0
67087,2,1
67088,2,7
67089,2,9
67090,4,5
67091,1,1
67092,5,4
67093,1,2
67094,2,8
67095,2,9
67096,5,4
67097,1,3
67098,2,7
67099,1,8
67100,9,2
67101,5,4
67102,5,4
67103,4,3
67104,4,3
67105,0,6
67106,2,9
67107,2,9
67108,4,5
67109,4,8
67110,9,6
67111,2,7
67112,7,0
67113,0,6
67114,3,8
67115,9,2
67116,0,6
67117,3,3
67118,2,9
67119,3,3
67120,3,2
67121,2,8
67122,0,6
67123,5,1
67124,2,7
67125,5,4
67126,6,8
67127,2,8
67128,2,9
67129,8,0
67130,3,3
67131,3,3
67132,2,9
67133,8,0
67134,4,5
67135,9,2
67136,2,9
67137,5,4
67138,5,1
67139,7,0
67140,4,3
67141,2,7
67142,4,5
67143,6,8
67144,2,7
67145,2,7
67146,6,8
67147,1,2
67148,2,9
67149,2,7
67150,1,1
67151,3,2
67152,0,6
67153,5,4
67154,3,2
67155,4,5
67156,3,2
67157,4,3
67158,0,6
67159,0,6
67160,4,5
67161,0,0
67162,1,0
67163,1,2
67164,2,8
67165,5,1
67166,0,6
67167,9,1
67168,7,0
67169,5,4
67170,1,3
67171,9,1
67172,0,6
67173,3,1
67174,2,9
67175,7,0
67176,9,1
67177,5,4
67178,9,5
67179,9,6
67180,2,7
67181,3,8
67182,2,9
67183,2,1
67184,3,2
67185,3,3
67186,5,4
67187,4,5
67188,0,6
67189,2,7
67190,3,0
67191,2,1
67192,3,2
67193,3,3
67194,5,4
67195,9,5
67196,9,6
67197,2,7
67198,3,8
67199,2,9
67200,3,8
67201,5,4
67202,7,0
67203,7,0
67204,2,7
67205,3,2
67206,5,4
67207,3,3
67208,6,8
67209,0,6
67210,9,6
67211,3,3
67212,9,2
67213,9,6
67214,3,3
67215,3,3
67216,4,0
67217,2,1
67218,5,4
67219,2,7
67220,3,8
67221,7,0
67222,3,3
67223,2,1
67224,2,9
67225,7,0
67226,2,1
67227,2,9
67228,9,1
67229,9,2
67230,2,7
67231,7,0
67232,9,1
67233,3,3
67234,6,8
67235,5,2
67236,2,9
67237,3,2
67238,2,7
67239,0,6
67240,9,5
67241,2,5
67242,2,9
67243,2,9
67244,6,8
67245,3,2
67246,2,9
67247,9,1
67248,3,3
67249,3,2
67250,3,3
67251,5,4
67252,3,3
67253,5,1
67254,2,9
67255,7,0
67256,2,9
67257,3,3
67258,0,6
67259,6,8
67260,2,7
67261,7,0
67262,3,1
67263,7,0
67264,3,5
67265,3,8
67266,3,2
67267,2,7
67268,2,7
67269,8,0
67270,9,1
67271,5,2
67272,1,3
67273,5,4
67274,4,5
67275,9,6
67276,2,7
67277,1,8
67278,2,9
67279,8,0
67280,2,1
67281,3,2
67282,1,3
67283,5,4
67284,4,5
67285,0,6
67286,2,7
67287,3,8
67288,5,9
67289,7,0
67290,5,1
67291,3,2
67292,1,3
67293,5,4
67294,4,5
67295,9,6
67296,2,7
67297,3,8
67298,2,9
67299,2,1
67300,2,7
67301,5,4
67302,4,8
67303,2,1
67304,4,5
67305,9,6
67306,4,5
67307,2,7
67308,3,2
67309,6,8
67310,0,6
67311,3,3
67312,4,3
67313,4,8
67314,9,6
67315,4,5
67316,5,4
67317,8,0
67318,5,9
67319,1,1
67320,2,7
67321,3,2
67322,2,9
67323,2,1
67324,4,5
67325,9,1
67326,3,3
67327,3,2
67328,1,2
67329,1,3
67330,8,0
67331,0,6
67332,5,4
67333,1,3
67334,2,7
67335,0,6
67336,2,9
67337,0,0
67338,5,4
67339,4,8
67340,2,1
67341,5,4
67342,8,0
67343,0,6
67344,2,1
67345,1,2
67346,9,6
67347,2,9
67348,1,2
67349,1,2
67350,1,3
67351,4,5
67352,4,5
67353,9,1
67354,0,0
67355,2,7
67356,2,7
67357,2,9
67358,0,6
67359,3,2
67360,2,9
67361,5,4
67362,2,7
67363,0,0
67364,3,2
67365,3,3
67366,5,4
67367,8,0
67368,8,0
67369,3,8
67370,3,8
67371,6,8
67372,3,5
67373,1,1
67374,1,3
67375,2,7
67376,5,4
67377,2,9
67378,3,8
67379,1,8
67380,2,9
67381,0,0
67382,2,9
67383,3,8
67384,2,9
67385,7,0
67386,3,2
67387,0,6
67388,4,5
67389,9,6
67390,2,7
67391,5,4
67392,2,7
67393,4,5
67394,5,4
67395,5,1
67396,1,3
67397,4,5
67398,1,3
67399,1,1
67400,3,2
67401,3,3
67402,5,4
67403,4,5
67404,0,6
67405,0,1
67406,3,2
67407,3,3
67408,5,4
67409,0,6
67410,7,0
67411,2,1
67412,3,2
67413,0,4
67414,4,5
67415,0,6
67416,2,7
67417,4,8
67418,9,1
67419,2,7
67420,3,2
67421,5,4
67422,3,1
67423,5,4
67424,9,1
67425,5,4
67426,2,9
67427,0,6
67428,4,8
67429,5,4
67430,3,5
67431,3,3
67432,3,7
67433,3,8
67434,0,4
67435,3,3
67436,3,3
67437,4,5
67438,0,6
67439,2,7
67440,0,0
67441,0,6
67442,5,1
67443,0,6
67444,4,8
67445,2,7
67446,7,0
67447,3,1
67448,4,5
67449,7,0
67450,5,8
67451,9,5
67452,7,0
67453,9,1
67454,0,5
67455,4,8
67456,5,4
67457,3,2
67458,4,3
67459,2,9
67460,2,7
67461,9,6
67462,2,9
67463,0,1
67464,2,9
67465,7,0
67466,0,6
67467,2,7
67468,3,1
67469,3,2
67470,3,3
67471,2,9
67472,3,2
67473,5,4
67474,0,5
67475,4,5
67476,1,3
67477,2,7
67478,4,5
67479,3,3
67480,9,1
67481,4,8
67482,1,2
67483,9,2
67484,3,3
67485,7,0
67486,3,2
67487,2,9
67488,5,4
67489,2,9
67490,2,7
67491,0,0
67492,2,2
67493,2,7
67494,5,4
67495,2,9
67496,2,9
67497,1,2
67498,3,5
67499,2,9
67500,4,8
67501,3,3
67502,3,8
67503,0,6
67504,2,7
67505,0,0
67506,8,0
67507,9,1
67508,3,2
67509,3,3
67510,5,4
67511,3,5
67512,0,6
67513,2,7
67514,7,8
67515,2,9
67516,7,0
67517,3,1
67518,3,2
67519,3,3
67520,5,4
67521,0,5
67522,0,6
67523,2,7
67524,3,8
67525,2,9
67526,7,0
67527,9,1
67528,3,2
67529,3,3
67530,5,4
67531,0,5
67532,0,6
67533,2,7
67534,3,8
67535,2,9
67536,7,0
67537,7,0
67538,2,7
67539,3,2
67540,0,6
67541,0,5
67542,0,5
67543,3,3
67544,2,7
67545,3,8
67546,0,6
67547,0,6
67548,0,6
67549,0,6
67550,5,4
67551,3,3
67552,4,8
67553,3,8
67554,3,3
67555,7,0
67556,1,1
67557,2,9
67558,0,0
67559,3,5
67560,5,4
67561,5,1
67562,2,9
67563,3,1
67564,3,2
67565,2,7
67566,7,0
67567,2,1
67568,3,3
67569,8,8
67570,3,2
67571,2,9
67572,3,2
67573,2,7
67574,5,4
67575,3,2
67576,0,6
67577,4,5
67578,0,5
67579,5,9
67580,2,9
67581,3,1
67582,2,1
67583,3,5
67584,2,7
67585,9,6
67586,7,8
67587,3,2
67588,2,9
67589,5,4
67590,3,3
67591,9,1
67592,5,9
67593,7,0
67594,2,9
67595,3,3
67596,0,6
67597,3,8
67598,2,7
67599,7,0
67600,3,1
67601,7,0
67602,3,5
67603,7,8
67604,3,2
67605,2,7
67606,2,7
67607,8,0
67608,5,1
67609,3,2
67610,4,3
67611,5,4
67612,4,5
67613,9,6
67614,2,7
67615,4,8
67616,5,9
67617,8,0
67618,5,1
67619,3,2
67620,4,3
67621,5,4
67622,4,5
67623,4,8
67624,5,9
67625,8,0
67626,5,1
67627,3,2
67628,4,3
67629,5,4
67630,4,5
67631,9,6
67632,2,7
67633,4,8
67634,5,9
67635,3,2
67636,2,1
67637,3,2
67638,5,1
67639,4,3
67640,5,9
67641,5,9
67642,5,8
67643,4,5
67644,4,3
67645,2,7
67646,8,0
67647,2,7
67648,2,7
67649,4,5
67650,2,7
67651,5,9
67652,5,9
67653,5,4
67654,2,7
67655,8,0
67656,4,3
67657,5,4
67658,4,1
67659,4,5
67660,4,8
67661,9,1
67662,5,4
67663,4,8
67664,5,4
67665,2,1
67666,5,8
67667,9,6
67668,9,6
67669,5,4
67670,9,6
67671,8,0
67672,4,5
67673,4,5
67674,4,3
67675,4,3
67676,4,5
67677,2,7
67678,3,2
67679,4,5
67680,5,9
67681,9,6
67682,5,9
67683,7,2
67684,9,6
67685,3,2
67686,2,1
67687,3,2
67688,8,0
67689,4,8
67690,4,3
67691,4,8
67692,4,3
67693,8,0
67694,4,8
67695,2,7
67696,5,4
67697,5,9
67698,4,5
67699,8,0
67700,2,9
67701,2,7
67702,8,0
67703,8,0
67704,5,4
67705,9,6
67706,8,0
67707,2,9
67708,2,1
67709,9,6
67710,3,2
67711,2,7
67712,9,6
67713,4,8
67714,4,3
67715,4,5
67716,3,2
67717,5,1
67718,4,8
67719,4,3
67720,4,8
67721,9,6
67722,5,1
67723,8,0
67724,3,2
67725,9,1
67726,5,4
67727,8,0
67728,1,1
67729,3,2
67730,1,3
67731,5,4
67732,4,5
67733,0,6
67734,2,7
67735,3,8
67736,2,9
67737,7,0
67738,1,1
67739,3,2
67740,1,3
67741,5,4
67742,4,5
67743,0,6
67744,2,7
67745,4,8
67746,2,9
67747,7,0
67748,1,1
67749,3,2
67750,3,3
67751,5,4
67752,4,5
67753,9,6
67754,2,7
67755,3,8
67756,2,9
67757,2,7
67758,9,6
67759,5,4
67760,2,7
67761,0,6
67762,3,2
67763,1,3
67764,5,4
67765,6,8
67766,2,7
67767,4,8
67768,9,6
67769,2,9
67770,4,8
67771,1,3
67772,3,2
67773,3,2
67774,6,8
67775,5,4
67776,3,8
67777,4,5
67778,0,6
67779,3,5
67780,7,0
67781,3,2
67782,7,0
67783,1,1
67784,1,1
67785,3,2
67786,2,9
67787,9,6
67788,9,8
67789,3,2
67790,1,1
67791,7,0
67792,9,6
67793,4,5
67794,3,2
67795,2,9
67796,2,7
67797,0,5
67798,3,3
67799,2,9
67800,3,3
67801,2,7
67802,1,1
67803,3,8
67804,1,3
67805,4,8
67806,1,1
67807,2,9
67808,0,5
67809,0,5
67810,8,0
67811,1,1
67812,1,1
67813,2,9
67814,6,8
67815,3,2
67816,0,6
67817,7,0
67818,5,4
67819,4,5
67820,0,0
67821,3,3
67822,1,1
67823,1,8
67824,9,6
67825,2,7
67826,4,5
67827,2,9
67828,2,9
67829,1,3
67830,8,0
67831,1,3
67832,1,1
67833,5,4
67834,5,4
67835,7,0
67836,5,4
67837,2,9
67838,8,0
67839,5,1
67840,3,2
67841,1,3
67842,3,5
67843,0,6
67844,2,7
67845,6,8
67846,7,0
67847,3,1
67848,3,2
67849,3,3
67850,3,5
67851,0,6
67852,2,7
67853,6,8
67854,2,9
67855,7,0
67856,3,1
67857,3,2
67858,3,3
67859,3,5
67860,0,6
67861,2,7
67862,6,8
67863,2,9
67864,2,9
67865,2,7
67866,7,0
67867,2,9
67868,7,0
67869,3,1
67870,0,5
67871,6,8
67872,6,8
67873,7,0
67874,2,9
67875,3,3
67876,3,2
67877,2,7
67878,6,8
67879,5,4
67880,0,6
67881,0,1
67882,7,0
67883,5,4
67884,2,9
67885,5,4
67886,5,2
67887,7,0
67888,0,5
67889,7,0
67890,1,1
67891,0,6
67892,2,9
67893,1,3
67894,3,2
67895,2,9
67896,1,1
67897,0,6
67898,0,0
67899,1,1
67900,0,1
67901,6,8
67902,6,7
67903,2,7
67904,0,6
67905,3,3
67906,0,6
67907,8,0
67908,2,7
67909,3,2
67910,5,4
67911,3,1
67912,2,7
67913,7,0
67914,0,6
67915,6,7
67916,3,1
67917,9,2
67918,3,5
67919,6,8
67920,3,1
67921,3,8
67922,3,2
67923,6,8
67924,2,7
67925,0,6
67926,6,8
67927,2,7
67928,0,1
67929,0,6
67930,3,2
67931,2,9
67932,1,3
67933,7,0
67934,5,1
67935,1,2
67936,4,3
67937,5,4
67938,4,5
67939,9,6
67940,2,7
67941,6,8
67942,2,9
67943,7,0
67944,1,1
67945,9,2
67946,1,3
67947,5,4
67948,4,5
67949,9,6
67950,2,7
67951,5,8
67952,2,9
67953,7,0
67954,1,1
67955,9,2
67956,4,3
67957,5,4
67958,4,5
67959,9,6
67960,2,7
67961,6,8
67962,2,9
67963,6,8
67964,2,9
67965,4,5
67966,2,7
67967,7,0
67968,3,3
67969,1,1
67970,9,6
67971,6,8
67972,5,4
67973,1,1
67974,4,5
67975,9,6
67976,5,4
67977,3,2
67978,6,7
67979,6,8
67980,1,1
67981,1,3
67982,5,4
67983,1,3
67984,5,4
67985,2,7
67986,1,2
67987,7,0
67988,0,5
67989,7,0
67990,1,1
67991,2,9
67992,9,2
67993,1,3
67994,3,2
67995,4,3
67996,0,5
67997,4,5
67998,2,7
67999,6,8
68000,5,4
68001,2,9
68002,2,9
68003,2,7
68004,9,1
68005,5,1
68006,2,9
68007,7,0
68008,6,7
68009,6,8
68010,1,3
68011,5,4
68012,6,8
68013,9,6
68014,1,3
68015,6,8
68016,7,0
68017,2,9
68018,0,6
68019,1,2
68020,9,1
68021,7,0
68022,5,1
68023,7,0
68024,0,6
68025,9,2
68026,3,3
68027,6,8
68028,2,9
68029,7,0
68030,2,7
68031,9,2
68032,4,3
68033,5,4
68034,4,5
68035,4,5
68036,9,2
68037,6,8
68038,4,5
68039,5,4
68040,9,6
68041,9,6
68042,9,6
68043,2,7
68044,2,9
68045,1,1
68046,6,8
68047,1,2
68048,1,1
68049,4,5
68050,3,3
68051,5,4
68052,2,7
68053,2,9
68054,5,4
68055,0,0
68056,7,0
68057,7,0
68058,1,1
68059,1,2
68060,1,3
68061,5,4
68062,4,5
68063,0,6
68064,1,7
68065,1,8
68066,2,9
68067,8,0
68068,1,1
68069,1,2
68070,3,3
68071,5,4
68072,4,5
68073,9,6
68074,2,7
68075,1,8
68076,2,9
68077,8,0
68078,1,1
68079,1,2
68080,1,3
68081,5,4
68082,4,5
68083,9,6
68084,5,9
68085,8,0
68086,1,1
68087,1,3
68088,2,1
68089,4,5
68090,5,1
68091,1,2
68092,5,4
68093,2,9
68094,1,2
68095,5,4
68096,0,6
68097,3,8
68098,7,0
68099,2,1
68100,5,1
68101,5,9
68102,1,2
68103,0,6
68104,0,6
68105,3,8
68106,2,7
68107,5,4
68108,1,2
68109,2,9
68110,2,7
68111,7,0
68112,1,2
68113,2,1
68114,7,0
68115,1,3
68116,0,6
68117,7,0
68118,9,1
68119,9,2
68120,3,3
68121,5,4
68122,4,5
68123,0,6
68124,2,7
68125,6,8
68126,2,9
68127,7,0
68128,9,1
68129,9,2
68130,3,3
68131,5,4
68132,0,5
68133,9,6
68134,2,7
68135,6,8
68136,2,9
68137,7,0
68138,5,1
68139,3,2
68140,3,3
68141,5,4
68142,0,5
68143,0,6
68144,2,7
68145,6,8
68146,2,9
68147,6,8
68148,9,6
68149,4,5
68150,2,9
68151,2,7
68152,7,0
68153,9,2
68154,3,3
68155,5,4
68156,3,3
68157,6,8
68158,0,5
68159,2,1
68160,3,5
68161,9,2
68162,3,3
68163,7,0
68164,3,1
68165,9,2
68166,3,1
68167,3,3
68168,9,2
68169,9,6
68170,9,5
68171,3,3
68172,7,0
68173,2,7
68174,3,2
68175,2,7
68176,5,4
68177,0,6
68178,0,4
68179,7,0
68180,0,5
68181,2,9
68182,6,9
68183,3,8
68184,6,9
68185,4,5
68186,3,3
68187,2,1
68188,2,7
68189,5,4
68190,2,7
68191,0,6
68192,4,5
68193,0,4
68194,7,0
68195,7,0
68196,0,6
68197,0,6
68198,9,2
68199,7,0
68200,0,6
68201,3,3
68202,2,7
68203,2,7
68204,5,4
68205,5,4
68206,3,3
68207,2,9
68208,3,2
68209,3,8
68210,5,9
68211,9,6
68212,7,0
68213,5,9
68214,4,5
68215,1,3
68216,3,8
68217,6,8
68218,2,7
68219,5,1
68220,5,4
68221,7,0
68222,5,4
68223,6,8
68224,4,5
68225,3,2
68226,3,3
68227,2,9
68228,0,0
68229,3,1
68230,2,9
68231,3,1
68232,0,5
68233,5,1
68234,2,7
68235,5,4
68236,6,8
68237,9,6
68238,3,2
68239,5,1
68240,0,6
68241,6,8
68242,6,8
68243,3,0
68244,3,1
68245,3,2
68246,4,3
68247,5,4
68248,2,7
68249,6,8
68250,2,9
68251,7,0
68252,2,1
68253,9,2
68254,3,3
68255,0,4
68256,0,6
68257,2,7
68258,3,8
68259,2,9
68260,7,0
68261,3,1
68262,9,2
68263,3,3
68264,5,4
68265,2,7
68266,6,8
68267,2,9
68268,3,1
68269,5,4
68270,9,5
68271,4,3
68272,4,3
68273,0,0
68274,2,9
68275,4,5
68276,0,4
68277,4,3
68278,0,0
68279,2,8
68280,5,4
68281,0,6
68282,2,7
68283,0,0
68284,2,7
68285,2,7
68286,2,1
68287,0,6
68288,5,9
68289,2,1
68290,4,3
68291,0,6
68292,7,2
68293,4,3
68294,6,8
68295,3,2
68296,4,3
68297,6,8
68298,2,9
68299,4,5
68300,6,8
68301,6,8
68302,2,7
68303,0,1
68304,2,7
68305,3,1
68306,3,1
68307,7,0
68308,4,3
68309,5,4
68310,9,2
68311,0,6
68312,5,4
68313,2,7
68314,5,4
68315,3,2
68316,1,7
68317,5,4
68318,3,2
68319,2,9
68320,9,2
68321,2,7
68322,2,9
68323,3,2
68324,3,1
68325,0,0
68326,0,6
68327,3,5
68328,3,3
68329,5,4
68330,7,8
68331,4,5
68332,2,9
68333,0,6
68334,2,9
68335,7,0
68336,0,6
68337,4,3
68338,7,0
68339,9,8
68340,1,1
68341,9,6
68342,7,0
68343,7,0
68344,1,1
68345,3,2
68346,1,3
68347,5,4
68348,4,5
68349,9,6
68350,2,7
68351,7,0
68352,1,1
68353,9,2
68354,4,3
68355,5,4
68356,2,7
68357,3,8
68358,2,9
68359,7,0
68360,1,1
68361,9,2
68362,1,3
68363,5,4
68364,2,7
68365,3,2
68366,4,5
68367,9,1
68368,0,6
68369,5,4
68370,3,3
68371,2,9
68372,2,9
68373,7,0
68374,2,9
68375,2,7
68376,2,1
68377,0,6
68378,5,4
68379,4,3
68380,0,6
68381,9,2
68382,3,0
68383,2,9
68384,3,8
68385,0,6
68386,4,5
68387,2,7
68388,7,0
68389,7,0
68390,2,1
68391,2,7
68392,5,4
68393,4,3
68394,3,2
68395,5,4
68396,1,1
68397,3,3
68398,2,7
68399,0,6
68400,5,4
68401,2,7
68402,2,7
68403,2,7
68404,2,9
68405,6,8
68406,5,4
68407,3,3
68408,2,8
68409,3,2
68410,9,8
68411,3,3
68412,3,5
68413,2,8
68414,7,0
68415,4,5
68416,5,4
68417,2,7
68418,1,1
68419,4,3
68420,9,1
68421,2,7
68422,2,9
68423,0,6
68424,3,2
68425,7,0
68426,2,9
68427,5,1
68428,2,7
68429,3,3
68430,3,3
68431,2,9
68432,5,1
68433,0,6
68434,5,4
68435,3,3
68436,2,9
68437,5,8
68438,3,2
68439,2,1
68440,6,8
68441,0,6
68442,5,4
68443,9,1
68444,9,5
68445,4,5
68446,0,6
68447,4,5
68448,8,0
68449,5,1
68450,3,2
68451,4,3
68452,5,4
68453,3,5
68454,9,6
68455,2,7
68456,3,8
68457,2,9
68458,8,0
68459,5,1
68460,3,2
68461,1,3
68462,5,4
68463,4,5
68464,9,6
68465,2,7
68466,4,8
68467,2,9
68468,7,0
68469,5,1
68470,9,2
68471,1,3
68472,5,4
68473,3,5
68474,9,6
68475,2,7
68476,3,8
68477,2,9
68478,9,6
68479,5,9
68480,2,7
68481,8,0
68482,3,2
68483,1,3
68484,5,4
68485,1,3
68486,3,8
68487,4,5
68488,5,1
68489,1,3
68490,8,0
68491,5,1
68492,9,2
68493,5,1
68494,1,3
68495,1,2
68496,7,0
68497,2,7
68498,1,2
68499,9,6
68500,5,4
68501,7,0
68502,4,5
68503,2,9
68504,2,9
68505,6,8
68506,5,9
68507,0,5
68508,3,3
68509,5,1
68510,2,7
68511,5,4
68512,2,7
68513,8,0
68514,7,0
68515,9,6
68516,9,6
68517,9,6
68518,1,3
68519,2,7
68520,5,4
68521,1,2
68522,8,8
68523,2,9
68524,5,8
68525,2,7
68526,5,1
68527,5,4
68528,8,0
68529,5,4
68530,3,8
68531,4,5
68532,9,2
68533,1,3
68534,5,9
68535,7,0
68536,5,1
68537,5,9
68538,5,1
68539,3,5
68540,5,1
68541,2,7
68542,9,6
68543,5,1
68544,3,2
68545,5,1
68546,9,6
68547,3,8
68548,8,0
68549,5,1
68550,9,2
68551,1,3
68552,5,4
68553,7,5
68554,9,6
68555,2,7
68556,4,8
68557,2,9
68558,8,0
68559,9,1
68560,3,2
68561,3,3
68562,5,4
68563,4,5
68564,0,6
68565,2,7
68566,4,8
68567,7,0
68568,5,1
68569,3,2
68570,3,3
68571,4,5
68572,9,6
68573,2,7
68574,4,8
68575,2,1
68576,8,0
68577,5,4
68578,4,5
68579,0,6
68580,0,6
68581,4,3
68582,5,4
68583,5,4
68584,3,2
68585,4,8
68586,5,1
68587,8,0
68588,9,6
68589,5,4
68590,2,9
68591,2,7
68592,3,2
68593,5,9
68594,3,2
68595,8,0
68596,5,9
68597,4,3
68598,4,3
68599,5,9
68600,9,1
68601,4,5
68602,3,2
68603,3,3
68604,2,1
68605,9,6
68606,2,7
68607,3,3
68608,2,7
68609,6,8
68610,5,4
68611,8,0
68612,3,2
68613,5,4
68614,8,0
68615,3,2
68616,5,4
68617,2,7
68618,4,8
68619,7,0
68620,2,7
68621,8,0
68622,0,6
68623,5,9
68624,3,3
68625,3,2
68626,5,4
68627,4,8
68628,9,6
68629,7,0
68630,4,5
68631,2,7
68632,4,5
68633,2,1
68634,8,0
68635,4,8
68636,1,1
68637,9,6
68638,2,7
68639,3,2
68640,2,9
68641,2,7
68642,2,9
68643,4,5
68644,9,6
68645,4,5
68646,3,2
68647,9,6
68648,3,2
68649,4,8
68650,5,1
68651,2,7
68652,4,5
68653,4,5
68654,2,7
68655,3,3
68656,4,5
68657,7,0
68658,5,1
68659,5,1
68660,4,3
68661,2,8
68662,5,4
68663,5,9
68664,5,4
68665,4,5
68666,2,1
68667,4,8
68668,9,6
68669,2,8
68670,2,9
68671,7,0
68672,9,1
68673,1,2
68674,1,3
68675,5,4
68676,4,5
68677,0,6
68678,2,7
68679,4,8
68680,2,9
68681,7,0
68682,5,1
68683,1,2
68684,3,3
68685,5,4
68686,4,5
68687,0,6
68688,2,7
68689,4,8
68690,2,9
68691,7,0
68692,5,1
68693,3,2
68694,1,3
68695,5,4
68696,4,5
68697,0,6
68698,2,7
68699,4,8
68700,2,9
68701,3,3
68702,4,5
68703,3,3
68704,1,2
68705,2,9
68706,4,3
68707,3,2
68708,1,1
68709,5,4
68710,4,5
68711,4,5
68712,3,2
68713,4,3
68714,1,2
68715,9,1
68716,1,3
68717,2,9
68718,2,7
68719,3,2
68720,5,1
68721,1,2
68722,4,8
68723,2,9
68724,2,1
68725,4,8
68726,4,8
68727,2,7
68728,4,8
68729,5,1
68730,7,0
68731,7,0
68732,9,6
68733,2,7
68734,2,7
68735,6,8
68736,2,7
68737,4,5
68738,0,0
68739,9,6
68740,5,1
68741,4,5
68742,2,7
68743,5,4
68744,9,6
68745,9,1
68746,3,2
68747,4,5
68748,7,0
68749,2,7
68750,2,9
68751,2,9
68752,0,0
68753,1,3
68754,5,4
68755,5,4
68756,5,8
68757,5,4
68758,5,1
68759,4,8
68760,0,6
68761,4,5
68762,2,9
68763,7,0
68764,7,0
68765,7,0
68766,3,3
68767,2,7
68768,9,1
68769,0,6
68770,5,4
68771,0,6
68772,7,0
68773,5,4
68774,4,5
68775,5,4
68776,1,1
68777,4,3
68778,4,8
68779,9,6
68780,4,3
68781,5,9
68782,2,9
68783,4,5
68784,2,9
68785,1,3
68786,2,7
68787,4,8
68788,4,5
68789,0,6
68790,5,4
68791,2,7
68792,0,6
68793,1,2
68794,1,2
68795,7,0
68796,5,9
68797,5,4
68798,7,0
68799,1,1
68800,3,2
68801,3,3
68802,5,4
68803,4,5
68804,0,6
68805,2,7
68806,5,8
68807,2,9
68808,7,0
68809,2,1
68810,3,2
68811,3,3
68812,5,4
68813,4,5
68814,0,6
68815,2,7
68816,3,8
68817,2,9
68818,7,0
68819,2,1
68820,3,2
68821,4,3
68822,5,4
68823,9,5
68824,0,6
68825,2,7
68826,6,8
68827,2,9
68828,9,6
68829,5,4
68830,3,2
68831,0,6
68832,5,4
68833,2,7
68834,4,5
68835,4,5
68836,5,4
68837,2,7
68838,3,2
68839,2,9
68840,3,3
68841,2,9
68842,3,3
68843,6,8
68844,3,2
68845,7,0
68846,2,9
68847,0,5
68848,9,6
68849,8,0
68850,9,1
68851,7,0
68852,0,6
68853,4,5
68854,3,3
68855,4,5
68856,1,3
68857,6,8
68858,7,0
68859,7,0
68860,3,3
68861,5,4
68862,9,1
68863,4,5
68864,4,3
68865,7,0
68866,1,8
68867,1,3
68868,8,0
68869,0,6
68870,3,2
68871,2,7
68872,6,8
68873,5,1
68874,2,7
68875,5,1
68876,3,3
68877,3,8
68878,4,5
68879,5,4
68880,3,2
68881,7,0
68882,5,9
68883,2,7
68884,9,6
68885,2,7
68886,5,4
68887,2,1
68888,0,6
68889,3,2
68890,0,6
68891,2,7
68892,1,1
68893,2,9
68894,6,8
68895,7,0
68896,0,6
68897,2,9
68898,5,4
68899,2,9
68900,2,9
68901,0,6
68902,3,2
68903,1,3
68904,2,7
68905,2,1
68906,2,9
68907,3,2
68908,3,2
68909,4,5
68910,1,3
68911,2,7
68912,3,8
68913,7,0
68914,9,1
68915,3,2
68916,4,3
68917,5,4
68918,2,7
68919,6,8
68920,2,9
68921,7,0
68922,3,1
68923,3,2
68924,3,3
68925,5,4
68926,2,7
68927,6,8
68928,2,9
68929,7,0
68930,0,1
68931,2,7
68932,6,8
68933,2,9
68934,6,8
68935,2,9
68936,3,2
68937,0,6
68938,2,1
68939,3,3
68940,4,5
68941,5,4
68942,6,8
68943,3,2
68944,0,6
68945,5,4
68946,3,3
68947,5,4
68948,0,5
68949,2,9
68950,3,2
68951,7,0
68952,4,3
68953,2,9
68954,5,4
68955,2,9
68956,2,7
68957,3,3
68958,1,8
68959,2,7
68960,5,4
68961,5,4
68962,2,9
68963,6,8
68964,4,5
68965,6,8
68966,3,2
68967,9,6
68968,9,6
68969,3,2
68970,3,3
68971,0,1
68972,3,3
68973,3,2
68974,2,7
68975,3,3
68976,0,1
68977,2,9
68978,7,0
68979,3,1
68980,3,1
68981,3,3
68982,0,5
68983,7,0
68984,2,7
68985,6,8
68986,2,1
68987,4,5
68988,9,1
68989,5,4
68990,9,6
68991,7,0
68992,7,0
68993,5,4
68994,2,9
68995,2,1
68996,0,6
68997,9,6
68998,2,9
68999,7,0
69000,2,7
69001,9,6
69002,3,1
69003,3,1
69004,7,0
69005,3,1
69006,3,2
69007,3,3
69008,0,4
69009,3,7
69010,3,2
69011,3,3
69012,0,4
69013,9,5
69014,0,6
69015,2,7
69016,0,0
69017,3,1
69018,3,2
69019,6,7
69020,6,8
69021,0,6
69022,3,3
69023,2,9
69024,2,7
69025,5,1
69026,6,9
69027,3,3
69028,2,9
69029,0,6
69030,2,1
69031,2,7
69032,3,2
69033,5,4
69034,5,4
69035,2,5
69036,2,7
69037,7,0
69038,0,0
69039,0,1
69040,0,6
69041,0,6
69042,6,8
69043,3,2
69044,2,7
69045,2,7
69046,3,2
69047,5,4
69048,3,2
69049,3,1
69050,0,6
69051,1,1
69052,8,0
69053,0,6
69054,2,9
69055,3,8
69056,3,3
69057,2,9
69058,0,6
69059,4,3
69060,7,0
69061,9,1
69062,9,2
69063,4,3
69064,5,4
69065,4,5
69066,9,6
69067,2,7
69068,5,8
69069,5,9
69070,7,0
69071,5,1
69072,1,2
69073,4,3
69074,5,4
69075,4,5
69076,0,6
69077,2,7
69078,6,8
69079,5,9
69080,7,0
69081,5,1
69082,1,2
69083,4,3
69084,5,4
69085,4,5
69086,9,6
69087,2,7
69088,4,8
69089,5,9
69090,2,1
69091,9,6
69092,4,8
69093,5,9
69094,5,9
69095,8,0
69096,5,1
69097,1,2
69098,5,4
69099,5,4
69100,4,3
69101,2,7
69102,5,4
69103,5,4
69104,5,4
69105,7,0
69106,4,3
69107,4,8
69108,2,7
69109,4,5
69110,9,8
69111,3,2
69112,5,1
69113,2,7
69114,4,5
69115,1,3
69116,6,8
69117,3,5
69118,3,2
69119,4,5
69120,5,1
69121,9,1
69122,9,6
69123,3,2
69124,9,1
69125,3,3
69126,4,8
69127,9,6
69128,5,4
69129,3,2
69130,9,6
69131,1,2
69132,4,5
69133,4,5
69134,7,0
69135,1,2
69136,5,8
69137,7,0
69138,9,6
69139,4,8
69140,5,1
69141,2,7
69142,5,9
69143,2,1
69144,5,9
69145,3,2
69146,9,6
69147,2,7
69148,9,6
69149,9,6
69150,4,8
69151,2,7
69152,5,4
69153,5,9
69154,1,2
69155,5,1
69156,1,3
69157,4,3
69158,0,0
69159,4,5
69160,4,5
69161,4,8
69162,8,0
69163,1,3
69164,2,7
69165,5,9
69166,2,7
69167,8,0
69168,1,2
69169,2,7
69170,5,9
69171,5,1
69172,2,7
69173,4,8
69174,8,0
69175,1,3
69176,4,5
69177,1,3
69178,9,6
69179,7,0
69180,3,1
69181,3,2
69182,3,3
69183,5,4
69184,0,5
69185,0,6
69186,2,7
69187,6,8
69188,2,9
69189,7,0
69190,5,1
69191,3,2
69192,3,3
69193,0,4
69194,0,5
69195,0,6
69196,2,7
69197,6,8
69198,6,9
69199,7,0
69200,3,1
69201,3,2
69202,3,3
69203,0,4
69204,2,7
69205,6,8
69206,6,9
69207,0,6
69208,5,4
69209,9,2
69210,0,6
69211,5,4
69212,2,7
69213,6,8
69214,6,9
69215,3,2
69216,2,9
69217,3,3
69218,2,9
69219,3,3
69220,7,0
69221,7,0
69222,0,1
69223,7,0
69224,5,4
69225,3,2
69226,0,6
69227,3,3
69228,3,5
69229,3,3
69230,7,0
69231,4,3
69232,5,4
69233,3,1
69234,9,5
69235,3,3
69236,7,0
69237,6,8
69238,3,3
69239,7,0
69240,0,6
69241,3,1
69242,2,7
69243,6,8
69244,7,0
69245,6,9
69246,3,2
69247,0,6
69248,2,7
69249,5,1
69250,2,9
69251,0,6
69252,2,9
69253,0,4
69254,2,9
69255,2,9
69256,0,6
69257,2,7
69258,3,1
69259,3,2
69260,4,5
69261,4,3
69262,2,7
69263,6,8
69264,7,0
69265,2,1
69266,3,2
69267,5,4
69268,4,5
69269,9,6
69270,2,7
69271,4,8
69272,2,9
69273,7,0
69274,9,1
69275,4,3
69276,5,4
69277,4,5
69278,9,6
69279,2,7
69280,4,8
69281,7,0
69282,2,1
69283,4,3
69284,5,4
69285,2,7
69286,4,8
69287,2,9
69288,2,7
69289,4,5
69290,4,5
69291,5,1
69292,5,9
69293,2,9
69294,2,7
69295,5,1
69296,7,0
69297,7,0
69298,4,5
69299,2,9
69300,2,7
69301,9,1
69302,2,7
69303,9,2
69304,1,2
69305,4,3
69306,9,6
69307,4,8
69308,4,3
69309,3,2
69310,7,0
69311,7,0
69312,9,6
69313,9,1
69314,2,7
69315,4,5
69316,4,8
69317,9,6
69318,9,2
69319,5,9
69320,5,4
69321,4,8
69322,3,8
69323,2,7
69324,5,1
69325,7,0
69326,4,8
69327,2,7
69328,2,7
69329,4,5
69330,4,8
69331,4,5
69332,1,3
69333,5,4
69334,9,6
69335,2,1
69336,2,1
69337,4,5
69338,4,5
69339,7,0
69340,2,7
69341,3,2
69342,3,3
69343,9,6
69344,5,4
69345,5,1
69346,3,2
69347,5,4
69348,9,1
69349,4,5
69350,5,4
69351,9,2
69352,7,0
69353,5,4
69354,4,8
69355,9,6
69356,9,1
69357,2,9
69358,7,0
69359,3,2
69360,4,5
69361,9,6
69362,2,9
69363,1,3
69364,9,6
69365,3,3
69366,9,6
69367,7,0
69368,2,1
69369,9,2
69370,4,3
69371,5,4
69372,4,5
69373,9,6
69374,2,7
69375,4,8
69376,5,9
69377,7,0
69378,5,1
69379,3,2
69380,4,3
69381,5,4
69382,4,5
69383,9,6
69384,2,7
69385,5,8
69386,2,9
69387,8,0
69388,5,1
69389,3,2
69390,4,3
69391,4,5
69392,9,6
69393,2,7
69394,7,8
69395,2,1
69396,7,0
69397,5,9
69398,4,5
69399,2,7
69400,4,5
69401,5,1
69402,4,8
69403,9,6
69404,5,9
69405,8,0
69406,5,4
69407,5,1
69408,2,9
69409,3,3
69410,3,8
69411,5,4
69412,5,4
69413,2,7
69414,8,0
69415,2,1
69416,5,9
69417,7,2
69418,4,8
69419,2,7
69420,4,8
69421,7,2
69422,4,5
69423,5,9
69424,9,6
69425,8,0
69426,9,6
69427,3,5
69428,4,5
69429,3,3
69430,3,3
69431,4,3
69432,5,9
69433,5,8
69434,2,1
69435,5,1
69436,8,0
69437,9,6
69438,5,1
69439,7,0
69440,7,0
69441,9,6
69442,9,2
69443,5,1
69444,5,1
69445,4,3
69446,9,2
69447,2,7
69448,2,7
69449,6,8
69450,4,8
69451,2,7
69452,4,8
69453,5,4
69454,9,6
69455,7,0
69456,9,2
69457,7,0
69458,2,7
69459,7,0
69460,3,3
69461,9,6
69462,5,8
69463,2,7
69464,2,1
69465,3,5
69466,5,9
69467,2,9
69468,3,3
69469,2,7
69470,3,2
69471,5,4
69472,5,9
69473,5,4
69474,1,3
69475,9,6
69476,3,2
69477,9,2
69478,3,5
69479,3,3
69480,3,2
69481,4,5
69482,4,5
69483,2,9
69484,5,4
69485,5,1
69486,2,7
69487,3,2
69488,7,0
69489,5,1
69490,1,2
69491,4,3
69492,5,4
69493,4,5
69494,9,6
69495,2,7
69496,5,8
69497,2,9
69498,7,0
69499,5,1
69500,1,2
69501,1,3
69502,5,4
69503,4,5
69504,9,6
69505,2,7
69506,6,8
69507,2,9
69508,3,0
69509,1,1
69510,1,2
69511,1,3
69512,5,4
69513,2,5
69514,9,6
69515,2,7
69516,6,8
69517,2,9
69518,1,1
69519,7,0
69520,5,1
69521,3,2
69522,2,7
69523,4,5
69524,1,3
69525,5,4
69526,5,4
69527,7,0
69528,7,0
69529,9,6
69530,2,9
69531,9,6
69532,0,6
69533,2,5
69534,2,7
69535,3,2
69536,1,3
69537,5,4
69538,5,4
69539,2,9
69540,5,1
69541,5,4
69542,7,0
69543,2,7
69544,2,9
69545,4,5
69546,2,7
69547,3,2
69548,1,3
69549,2,1
69550,5,4
69551,5,4
69552,8,0
69553,2,9
69554,2,9
69555,9,6
69556,5,1
69557,3,8
69558,1,3
69559,3,3
69560,2,7
69561,1,3
69562,2,9
69563,6,8
69564,3,8
69565,5,4
69566,2,7
69567,2,7
69568,9,6
69569,1,2
69570,9,1
69571,5,9
69572,5,8
69573,2,7
69574,3,8
69575,3,8
69576,2,7
69577,1,2
69578,3,2
69579,4,3
69580,2,9
69581,3,3
69582,1,3
69583,4,5
69584,4,5
69585,7,0
69586,2,7
69587,5,9
69588,4,5
69589,9,6
69590,4,5
69591,3,1
69592,5,4
69593,5,1
69594,5,1
69595,9,2
69596,6,8
69597,3,2
69598,9,6
69599,9,1
69600,2,5
69601,7,0
69602,5,1
69603,3,2
69604,4,3
69605,5,4
69606,0,5
69607,0,6
69608,2,7
69609,6,8
69610,2,9
69611,7,0
69612,3,1
69613,3,2
69614,3,3
69615,5,4
69616,4,5
69617,0,6
69618,2,7
69619,6,8
69620,2,9
69621,8,0
69622,2,1
69623,3,2
69624,3,3
69625,5,4
69626,0,5
69627,0,6
69628,2,7
69629,3,8
69630,3,8
69631,7,0
69632,0,6
69633,7,0
69634,3,0
69635,3,2
69636,3,3
69637,2,7
69638,2,9
69639,5,4
69640,2,7
69641,2,1
69642,2,9
69643,2,1
69644,2,7
69645,2,1
69646,5,4
69647,7,0
69648,7,0
69649,3,1
69650,2,7
69651,3,5
69652,2,7
69653,2,1
69654,3,3
69655,3,3
69656,3,3
69657,1,1
69658,0,6
69659,2,9
69660,2,7
69661,2,1
69662,3,3
69663,7,0
69664,6,2
69665,0,6
69666,0,0
69667,6,8
69668,2,9
69669,2,4
69670,3,3
69671,4,5
69672,5,4
69673,6,8
69674,1,1
69675,0,5
69676,2,9
69677,0,0
69678,0,6
69679,0,6
69680,4,3
69681,4,8
69682,2,1
69683,5,4
69684,2,7
69685,0,5
69686,3,2
69687,3,0
69688,7,0
69689,2,1
69690,2,7
69691,4,8
69692,2,9
69693,0,6
69694,3,8
69695,3,8
69696,3,2
69697,3,3
69698,0,6
69699,1,1
69700,9,2
69701,2,9
69702,4,5
69703,3,2
69704,7,0
69705,5,1
69706,3,2
69707,3,3
69708,5,4
69709,0,5
69710,9,6
69711,2,7
69712,3,8
69713,2,9
69714,7,0
69715,2,1
69716,7,2
69717,3,3
69718,5,4
69719,3,5
69720,0,6
69721,2,7
69722,3,8
69723,2,9
69724,7,0
69725,9,1
69726,7,2
69727,3,3
69728,5,4
69729,0,5
69730,0,6
69731,2,7
69732,3,8
69733,2,9
69734,2,7
69735,5,4
69736,0,6
69737,2,1
69738,5,4
69739,7,0
69740,6,9
69741,6,9
69742,3,3
69743,2,7
69744,3,8
69745,5,4
69746,2,7
69747,3,5
69748,3,8
69749,3,5
69750,3,3
69751,7,2
69752,7,2
69753,7,0
69754,0,5
69755,6,8
69756,9,6
69757,7,0
69758,3,3
69759,3,8
69760,2,1
69761,7,0
69762,3,3
69763,7,0
69764,5,4
69765,2,7
69766,5,4
69767,2,9
69768,7,2
69769,2,9
69770,0,5
69771,2,7
69772,9,1
69773,2,7
69774,0,1
69775,0,6
69776,0,6
69777,3,5
69778,9,6
69779,7,2
69780,3,8
69781,2,7
69782,0,6
69783,5,4
69784,2,9
69785,2,9
69786,3,5
69787,3,3
69788,2,7
69789,5,4
69790,3,3
69791,7,0
69792,5,4
69793,0,6
69794,0,6
69795,3,1
69796,9,1
69797,3,3
69798,7,2
69799,3,1
69800,7,0
69801,7,0
69802,5,1
69803,3,2
69804,1,3
69805,5,4
69806,2,7
69807,4,8
69808,2,9
69809,7,0
69810,2,1
69811,3,2
69812,3,3
69813,5,4
69814,4,5
69815,0,6
69816,2,7
69817,0,8
69818,7,0
69819,3,1
69820,1,2
69821,3,3
69822,5,4
69823,2,7
69824,5,8
69825,2,9
69826,0,0
69827,4,8
69828,3,3
69829,5,9
69830,4,5
69831,4,5
69832,4,2
69833,0,6
69834,4,8
69835,5,4
69836,2,1
69837,2,7
69838,2,1
69839,2,2
69840,3,3
69841,4,5
69842,0,6
69843,2,9
69844,2,1
69845,2,1
69846,2,1
69847,2,2
69848,2,1
69849,3,2
69850,0,0
69851,2,7
69852,2,7
69853,4,5
69854,4,8
69855,3,2
69856,2,9
69857,4,8
69858,0,6
69859,2,7
69860,3,3
69861,5,4
69862,0,6
69863,4,8
69864,2,7
69865,7,0
69866,5,4
69867,6,2
69868,2,7
69869,2,7
69870,4,5
69871,5,4
69872,4,3
69873,5,4
69874,3,2
69875,4,8
69876,2,1
69877,4,5
69878,2,1
69879,0,0
69880,3,2
69881,4,3
69882,4,3
69883,4,5
69884,2,7
69885,0,0
69886,0,6
69887,5,8
69888,9,6
69889,3,3
69890,2,9
69891,2,9
69892,0,8
69893,3,2
69894,2,7
69895,2,7
69896,2,1
69897,7,0
69898,5,1
69899,2,7
69900,4,8
69901,2,9
69902,7,0
69903,2,1
69904,3,2
69905,2,3
69906,5,4
69907,0,5
69908,0,6
69909,2,7
69910,3,8
69911,7,0
69912,3,1
69913,6,2
69914,3,3
69915,5,4
69916,2,7
69917,6,8
69918,2,9
69919,2,7
69920,4,8
69921,0,6
69922,5,4
69923,0,1
69924,6,9
69925,3,3
69926,3,8
69927,5,4
69928,5,4
69929,2,7
69930,8,0
69931,2,1
69932,2,9
69933,3,2
69934,4,8
69935,2,7
69936,4,8
69937,3,2
69938,0,6
69939,7,0
69940,0,6
69941,4,5
69942,3,3
69943,3,3
69944,6,3
69945,5,9
69946,2,1
69947,5,4
69948,7,0
69949,0,6
69950,2,1
69951,7,0
69952,7,0
69953,0,6
69954,7,2
69955,3,1
69956,3,1
69957,2,7
69958,2,7
69959,4,8
69960,5,4
69961,0,6
69962,7,0
69963,2,7
69964,7,0
69965,3,3
69966,0,6
69967,3,8
69968,2,7
69969,2,1
69970,3,5
69971,3,2
69972,5,4
69973,2,9
69974,5,4
69975,3,3
69976,0,6
69977,5,4
69978,3,1
69979,2,7
69980,3,2
69981,0,6
69982,1,5
69983,8,0
69984,2,1
69985,2,2
69986,4,3
69987,5,4
69988,4,5
69989,0,6
69990,2,7
69991,1,8
69992,5,9
69993,7,0
69994,9,1
69995,1,2
69996,1,3
69997,5,4
69998,4,5
69999,0,6
